frame,elapsed_seconds,delta_time_ms,main_thread_ms,player_loop_ms,gc_allocated_in_frame_bytes,total_used_memory_bytes,total_reserved_memory_bytes,gc_reserved_memory_bytes,system_used_memory_bytes,fixed_step_ms,belt_transfer_ms,belt_progress_ms,transfer_command_buffer_ms,item_pool_initialization_ms,item_visual_capture_ms,item_transform_presentation_ms,item_process_ms,item_port_adapter_ms,item_port_buffer_swap_ms,grid_placement_transform_ms,wait_for_job_group_ms
0,0.021797,9.866603,11.483200,9.778200,1148.000000,643322645.000000,1140539392.000000,252489728.000000,1273741312.000000,7.489900,0.284100,0.509300,6.587500,0.010200,0.055500,0.023100,0.000600,0.001000,0.029600,0.003500,0.000000
1,0.026042,4.277998,4.278200,4.187800,1148.000000,643320126.000000,1140539392.000000,252489728.000000,1273745408.000000,1.711300,0.022000,0.013900,1.636700,0.007900,0.018700,1.161200,0.000200,0.000400,0.010200,0.003400,0.000000
2,0.027834,1.804103,1.816600,1.732100,1200.000000,643320070.000000,1140539392.000000,252489728.000000,1273745408.000000,0.000500,0.000000,0.000000,0.000000,0.008600,0.000000,0.009600,0.000000,0.000000,0.000000,0.003100,0.000000
3,0.028105,0.311699,0.328800,0.264400,1148.000000,643330976.000000,1140539392.000000,252489728.000000,1273745408.000000,0.000500,0.000000,0.000000,0.000000,0.006800,0.000000,0.008900,0.000000,0.000000,0.000000,0.002400,0.000000
4,0.032102,3.944700,3.667800,3.610800,1148.000000,643327731.000000,1140539392.000000,252489728.000000,1273745408.000000,0.000400,0.000000,0.000000,0.000000,0.005000,0.000000,0.216900,0.000000,0.000000,0.000000,0.001700,0.000000
5,0.034263,2.201098,2.467200,2.146300,1148.000000,643337663.000000,1140539392.000000,252489728.000000,1273753600.000000,1.862900,0.031500,0.015300,1.779200,0.007600,0.016500,0.008100,0.000300,0.000700,0.009200,0.002300,0.000000
6,0.037527,3.237500,3.219600,2.089000,1148.000000,643334147.000000,1140539392.000000,252489728.000000,1273753600.000000,0.000400,0.000000,0.000000,0.000000,0.006100,0.000000,0.285100,0.000000,0.000000,0.000000,0.002100,0.000000
7,0.038170,0.492304,0.341700,0.274300,1148.000000,643335248.000000,1140539392.000000,252489728.000000,1273753600.000000,0.000500,0.000000,0.000000,0.000000,0.007000,0.000000,0.009400,0.000000,0.000000,0.000000,0.002500,0.000000
8,0.039763,1.746095,1.902600,1.689000,1148.000000,643332003.000000,1140539392.000000,252489728.000000,1273753600.000000,0.000600,0.000000,0.000000,0.000000,0.010800,0.000000,0.029300,0.000000,0.000000,0.000000,0.004300,0.000000
9,0.042491,2.700000,1.376300,1.314700,1148.000000,643332131.000000,1140539392.000000,252489728.000000,1273753600.000000,0.000500,0.000000,0.000000,0.000000,0.006800,0.000000,0.010200,0.000000,0.000000,0.000000,0.002700,0.000000
10,0.042781,0.349603,1.675900,0.290900,1148.000000,643339008.000000,1140539392.000000,252489728.000000,1273757696.000000,0.000600,0.000000,0.000000,0.000000,0.006500,0.000000,0.009800,0.000000,0.000000,0.000000,0.003000,0.000000
11,0.045855,1.837798,1.825700,1.767300,1148.000000,643339040.000000,1140539392.000000,252489728.000000,1273757696.000000,0.000500,0.000000,0.000000,0.000000,0.005100,0.000000,0.056100,0.000000,0.000000,0.000000,0.001700,0.000000
12,0.047557,1.762202,1.759900,1.693500,1148.000000,643336723.000000,1140539392.000000,252489728.000000,1273757696.000000,0.000700,0.000000,0.000000,0.000000,0.007300,0.000000,0.178000,0.000000,0.000000,0.000000,0.005300,0.000000
13,0.048005,1.593700,1.590400,1.523800,1148.000000,643338785.000000,1140539392.000000,252489728.000000,1273757696.000000,0.000600,0.000000,0.000000,0.000000,0.006800,0.000000,0.105800,0.000000,0.000000,0.000000,0.004800,0.000000
14,0.052477,4.409495,4.391700,4.279400,1148.000000,643343135.000000,1140539392.000000,252489728.000000,1273757696.000000,3.967700,0.035200,0.012300,3.865800,0.006600,0.021800,0.010000,0.000600,0.000400,0.016400,0.002300,0.000000
15,0.054014,1.588804,1.589900,1.507000,1148.000000,643337275.000000,1140539392.000000,252489728.000000,1273757696.000000,0.000900,0.000000,0.000000,0.000000,0.009700,0.000000,0.011600,0.000000,0.000000,0.000000,0.007900,0.000000
16,0.056960,1.675900,1.681200,1.598700,1148.000000,643345955.000000,1140539392.000000,252489728.000000,1273765888.000000,0.000700,0.000000,0.000000,0.000000,0.006800,0.000000,0.024500,0.000000,0.000000,0.000000,0.002600,0.000000
17,0.057361,1.643197,1.649200,1.575600,1148.000000,643347880.000000,1140539392.000000,252489728.000000,1273765888.000000,0.000500,0.000000,0.000000,0.000000,0.007800,0.000000,0.011000,0.000000,0.000000,0.000000,0.003300,0.000000
18,0.060258,2.716001,1.604400,1.538700,1148.000000,643346737.000000,1140539392.000000,252489728.000000,1273765888.000000,0.000700,0.000000,0.000000,0.000000,0.006500,0.000000,0.226900,0.000000,0.000000,0.000000,0.003600,0.000000
19,0.060649,0.613102,1.704900,0.533600,1148.000000,643347080.000000,1140539392.000000,252489728.000000,1273765888.000000,0.000700,0.000000,0.000000,0.000000,0.009300,0.000000,0.010200,0.000000,0.000000,0.000000,0.004100,0.000000
20,0.062099,1.460296,1.480200,1.401500,1148.000000,643344307.000000,1140539392.000000,252489728.000000,1273765888.000000,0.000600,0.000000,0.000000,0.000000,0.007000,0.000000,0.152000,0.000000,0.000000,0.000000,0.002600,0.000000
21,0.063690,1.558100,1.539200,1.476300,1148.000000,643350905.000000,1140539392.000000,252489728.000000,1273769984.000000,0.000600,0.000000,0.000000,0.000000,0.005500,0.000000,0.011100,0.000000,0.000000,0.000000,0.002100,0.000000
22,0.067499,3.717800,3.696600,3.613500,1148.000000,643356471.000000,1140539392.000000,252489728.000000,1273769984.000000,3.260100,0.042000,0.013900,3.153000,0.007900,0.020600,0.010000,0.000800,0.000500,0.014800,0.003200,0.000000
23,0.068808,1.397399,1.408800,1.314100,1148.000000,643349011.000000,1140539392.000000,252489728.000000,1273769984.000000,0.000700,0.000000,0.000000,0.000000,0.011400,0.000000,0.085500,0.000000,0.000000,0.000000,0.004300,0.000000
24,0.070399,1.575404,1.568700,1.483500,1148.000000,643349459.000000,1140539392.000000,252489728.000000,1273769984.000000,0.000600,0.000000,0.000000,0.000000,0.008200,0.000000,0.204400,0.000000,0.000000,0.000000,0.002800,0.000000
25,0.071754,1.379500,1.383900,1.297600,1148.000000,643349067.000000,1140539392.000000,252489728.000000,1273769984.000000,0.000500,0.000000,0.000000,0.000000,0.009200,0.000000,0.105600,0.000000,0.000000,0.000000,0.003000,0.000000
26,0.073102,1.348802,1.353100,1.275800,1148.000000,643348587.000000,1140539392.000000,252489728.000000,1273769984.000000,0.000700,0.000000,0.000000,0.000000,0.007900,0.000000,0.074000,0.000000,0.000000,0.000000,0.002800,0.000000
27,0.074582,1.466397,1.461400,1.389200,1148.000000,643352707.000000,1140539392.000000,252489728.000000,1273774080.000000,0.000500,0.000000,0.000000,0.000000,0.006000,0.000000,0.110500,0.000000,0.000000,0.000000,0.002400,0.000000
28,0.075997,1.349596,1.347800,1.275100,1148.000000,643352731.000000,1140539392.000000,252489728.000000,1273774080.000000,0.000800,0.000000,0.000000,0.000000,0.008100,0.000000,0.088700,0.000000,0.000000,0.000000,0.003100,0.000000
29,0.077450,1.488202,1.466500,1.387500,1148.000000,643356851.000000,1140539392.000000,252489728.000000,1273778176.000000,0.000800,0.000000,0.000000,0.000000,0.006100,0.000000,0.096400,0.000000,0.000000,0.000000,0.007700,0.000000
30,0.080052,1.492999,1.505100,1.410100,1148.000000,643357315.000000,1140539392.000000,252489728.000000,1273778176.000000,0.000700,0.000000,0.000000,0.000000,0.010200,0.000000,0.234300,0.000000,0.000000,0.000000,0.003400,0.000000
31,0.081032,2.051105,1.951100,1.866900,1148.000000,643356859.000000,1140539392.000000,252489728.000000,1273778176.000000,0.000800,0.000000,0.000000,0.000000,0.010900,0.000000,0.025700,0.000000,0.000000,0.000000,0.005800,0.000000
32,0.084429,3.432299,3.502000,3.327200,1148.000000,643360096.000000,1140539392.000000,252489728.000000,1273778176.000000,2.893200,0.046800,0.016400,2.772900,0.011400,0.024000,0.010900,0.000600,0.000600,0.016600,0.003600,0.000000
33,0.086221,1.794402,1.801500,1.695300,1148.000000,643360715.000000,1140539392.000000,252489728.000000,1273782272.000000,0.000600,0.000000,0.000000,0.000000,0.011900,0.000000,0.257300,0.000000,0.000000,0.000000,0.003000,0.000000
34,0.087360,1.169296,1.182900,1.090300,1148.000000,643361235.000000,1140539392.000000,252489728.000000,1273782272.000000,0.000700,0.000000,0.000000,0.000000,0.010700,0.000000,0.065000,0.000000,0.000000,0.000000,0.003900,0.000000
35,0.088777,1.336898,1.332800,1.255300,1148.000000,643361275.000000,1140539392.000000,252489728.000000,1273782272.000000,0.000700,0.000000,0.000000,0.000000,0.008500,0.000000,0.147500,0.000000,0.000000,0.000000,0.002800,0.000000
36,0.091141,1.625801,1.612700,1.528600,1148.000000,643360755.000000,1140539392.000000,252489728.000000,1273782272.000000,0.000700,0.000000,0.000000,0.000000,0.007400,0.000000,0.061600,0.000000,0.000000,0.000000,0.005800,0.000000
37,0.091617,1.268304,1.266800,1.177200,1148.000000,643363536.000000,1140539392.000000,252489728.000000,1273782272.000000,0.000700,0.000000,0.000000,0.000000,0.010600,0.000000,0.011800,0.000000,0.000000,0.000000,0.006000,0.000000
38,0.092944,1.357299,1.365800,1.278300,1148.000000,643367515.000000,1140539392.000000,252489728.000000,1273786368.000000,0.000800,0.000000,0.000000,0.000000,0.009800,0.000000,0.061700,0.000000,0.000000,0.000000,0.003000,0.000000
39,0.094331,1.402898,1.402100,1.323300,1148.000000,643364923.000000,1140539392.000000,252489728.000000,1273786368.000000,0.000700,0.000000,0.000000,0.000000,0.007700,0.000000,0.145100,0.000000,0.000000,0.000000,0.002600,0.000000
40,0.096326,1.929804,1.896800,1.811300,1148.000000,643364443.000000,1140539392.000000,252489728.000000,1273786368.000000,0.000500,0.000000,0.000000,0.000000,0.007500,0.000000,0.391500,0.000000,0.000000,0.000000,0.002600,0.000000
41,0.097491,1.212698,1.233800,1.131500,1148.000000,643369067.000000,1140539392.000000,252489728.000000,1273790464.000000,0.000700,0.000000,0.000000,0.000000,0.011100,0.000000,0.161600,0.000000,0.000000,0.000000,0.003500,0.000000
42,0.101179,3.635700,3.605200,3.517400,1148.000000,643375143.000000,1140539392.000000,252489728.000000,1273790464.000000,3.161700,0.051000,0.014300,3.046100,0.007400,0.022400,0.010900,0.000700,0.000700,0.015400,0.002800,0.000000
43,0.102429,1.302402,1.324500,1.216200,1148.000000,643369731.000000,1140539392.000000,252489728.000000,1273790464.000000,0.000600,0.000000,0.000000,0.000000,0.011200,0.000000,0.066400,0.000000,0.000000,0.000000,0.003200,0.000000
44,0.103804,1.339399,1.344900,1.258700,1148.000000,643373859.000000,1140539392.000000,252489728.000000,1273794560.000000,0.000600,0.000000,0.000000,0.000000,0.009000,0.000000,0.116300,0.000000,0.000000,0.000000,0.002500,0.000000
45,0.105392,1.576701,1.557000,1.476300,1148.000000,643374347.000000,1140539392.000000,252489728.000000,1273794560.000000,0.000700,0.000000,0.000000,0.000000,0.008200,0.000000,0.255500,0.000000,0.000000,0.000000,0.005900,0.000000
46,0.106631,1.278897,1.289000,1.197000,1148.000000,643373347.000000,1140539392.000000,252489728.000000,1273794560.000000,0.000700,0.000000,0.000000,0.000000,0.021600,0.000000,0.138500,0.000000,0.000000,0.000000,0.003400,0.000000
47,0.107864,1.249497,1.247600,1.167000,1148.000000,643372947.000000,1140539392.000000,252489728.000000,1273794560.000000,0.000600,0.000000,0.000000,0.000000,0.008700,0.000000,0.102400,0.000000,0.000000,0.000000,0.002800,0.000000
48,0.109192,1.332703,1.335600,1.256000,1148.000000,643372995.000000,1140539392.000000,252489728.000000,1273794560.000000,0.000700,0.000000,0.000000,0.000000,0.008300,0.000000,0.144300,0.000000,0.000000,0.000000,0.002900,0.000000
49,0.110633,1.436097,1.430800,1.353700,1148.000000,643377075.000000,1140539392.000000,252489728.000000,1273798656.000000,0.000700,0.000000,0.000000,0.000000,0.007400,0.000000,0.091400,0.000000,0.000000,0.000000,0.002700,0.000000
50,0.111921,1.288301,1.268700,1.191000,1148.000000,643377115.000000,1140539392.000000,252489728.000000,1273798656.000000,0.000600,0.000000,0.000000,0.000000,0.008300,0.000000,0.065500,0.000000,0.000000,0.000000,0.002500,0.000000
51,0.113220,1.309899,1.320500,1.225200,1148.000000,643381235.000000,1140539392.000000,252489728.000000,1273802752.000000,0.000600,0.000000,0.000000,0.000000,0.008000,0.000000,0.130200,0.000000,0.000000,0.000000,0.002500,0.000000
52,0.117368,4.057101,4.041800,3.952000,1148.000000,643387663.000000,1140539392.000000,252489728.000000,1273802752.000000,3.625500,0.047300,0.012600,3.510000,0.005900,0.021000,0.010600,0.000600,0.000600,0.018200,0.002400,0.000000
53,0.118656,1.328005,1.330100,1.232200,1148.000000,643382371.000000,1140539392.000000,252489728.000000,1273802752.000000,0.000800,0.000000,0.000000,0.000000,0.011600,0.000000,0.013800,0.000000,0.000000,0.000000,0.006400,0.000000
54,0.120161,1.409701,1.380300,1.280200,1148.000000,643388691.000000,1140539392.000000,252489728.000000,1273806848.000000,0.000700,0.000000,0.000000,0.000000,0.009900,0.000000,0.023200,0.000000,0.000000,0.000000,0.003200,0.000000
55,0.121809,1.537500,1.400400,1.284200,1148.000000,643390099.000000,1140539392.000000,252489728.000000,1273810944.000000,0.000800,0.000000,0.000000,0.000000,0.014100,0.000000,0.149500,0.000000,0.000000,0.000000,0.006200,0.000000
56,0.123647,2.073094,2.242600,2.002900,1148.000000,643386933.000000,1140539392.000000,252489728.000000,1273810944.000000,0.000800,0.000000,0.000000,0.000000,0.014200,0.000000,0.020700,0.000000,0.000000,0.000000,0.008500,0.000000
57,0.125436,1.706704,1.659200,1.574000,1148.000000,643384710.000000,1140539392.000000,252489728.000000,1273810944.000000,0.000600,0.000000,0.000000,0.000000,0.008700,0.000000,0.024400,0.000000,0.000000,0.000000,0.003500,0.000000
58,0.125946,0.516397,0.552600,0.431300,1148.000000,643392376.000000,1140539392.000000,252489728.000000,1273810944.000000,0.000600,0.000000,0.000000,0.000000,0.009200,0.000000,0.012100,0.000000,0.000000,0.000000,0.004800,0.000000
59,0.127347,1.470104,1.468400,1.382500,1148.000000,643389139.000000,1140539392.000000,252489728.000000,1273810944.000000,0.000800,0.000000,0.000000,0.000000,0.008800,0.000000,0.047100,0.000000,0.000000,0.000000,0.005800,0.000000
60,0.128815,1.254301,1.236200,1.148900,1148.000000,643389627.000000,1140539392.000000,252489728.000000,1273810944.000000,0.000700,0.000000,0.000000,0.000000,0.008800,0.000000,0.062300,0.000000,0.000000,0.000000,0.003200,0.000000
61,0.130950,2.307497,1.235000,1.133600,1148.000000,643393403.000000,1140539392.000000,252489728.000000,1273815040.000000,0.000900,0.000000,0.000000,0.000000,0.010000,0.000000,0.125400,0.000000,0.000000,0.000000,0.003600,0.000000
62,0.134553,2.796301,3.863700,2.696800,1148.000000,643400191.000000,1140539392.000000,252489728.000000,1273815040.000000,2.280400,0.038900,0.021900,2.172800,0.009600,0.019500,0.011300,0.000600,0.000700,0.011900,0.004200,0.000000
63,0.135155,1.448200,1.450200,1.350200,1148.000000,643394595.000000,1140539392.000000,252489728.000000,1273815040.000000,0.000600,0.000000,0.000000,0.000000,0.013000,0.000000,0.013500,0.000000,0.000000,0.000000,0.003800,0.000000
64,0.136600,1.248399,1.258300,1.166200,1148.000000,643397792.000000,1140539392.000000,252489728.000000,1273815040.000000,0.000600,0.000000,0.000000,0.000000,0.009100,0.000000,0.014600,0.000000,0.000000,0.000000,0.002700,0.000000
65,0.138734,2.337698,2.303400,1.191500,1148.000000,643394123.000000,1140539392.000000,252489728.000000,1273815040.000000,0.000800,0.000000,0.000000,0.000000,0.008400,0.000000,0.077600,0.000000,0.000000,0.000000,0.005100,0.000000
66,0.139604,0.843800,0.845500,0.696300,1148.000000,643397131.000000,1140539392.000000,252489728.000000,1273819136.000000,0.000600,0.000000,0.000000,0.000000,0.007100,0.000000,0.011500,0.000000,0.000000,0.000000,0.003300,0.000000
67,0.141099,1.276601,0.996300,0.891100,1148.000000,643404520.000000,1140539392.000000,252489728.000000,1273888768.000000,0.000600,0.000000,0.000000,0.000000,0.009300,0.000000,0.012700,0.000000,0.000000,0.000000,0.003400,0.000000
68,0.142910,2.026098,2.294700,2.161400,1148.000000,643399149.000000,1140539392.000000,252489728.000000,1273888768.000000,0.000900,0.000000,0.000000,0.000000,0.013900,0.000000,0.162300,0.000000,0.000000,0.000000,0.006400,0.000000
69,0.143446,0.503706,0.528200,0.421500,1148.000000,643401819.000000,1140539392.000000,252489728.000000,1273888768.000000,0.000700,0.000000,0.000000,0.000000,0.009800,0.000000,0.011500,0.000000,0.000000,0.000000,0.003400,0.000000
70,0.144841,1.442595,1.433400,1.348100,1148.000000,643403515.000000,1140539392.000000,252489728.000000,1273888768.000000,0.000700,0.000000,0.000000,0.000000,0.008600,0.000000,0.110600,0.000000,0.000000,0.000000,0.003600,0.000000
71,0.146324,1.387401,1.380100,1.288300,1148.000000,643401347.000000,1140539392.000000,252489728.000000,1273888768.000000,0.000800,0.000000,0.000000,0.000000,0.010000,0.000000,0.034300,0.000000,0.000000,0.000000,0.003500,0.000000
72,0.147423,1.097499,1.108600,1.014700,1148.000000,643405979.000000,1140539392.000000,252489728.000000,1273888768.000000,0.000700,0.000000,0.000000,0.000000,0.009900,0.000000,0.065800,0.000000,0.000000,0.000000,0.003900,0.000000
73,0.150964,3.599306,3.572400,3.482300,1148.000000,643412255.000000,1140539392.000000,252489728.000000,1273888768.000000,2.979500,0.054400,0.015500,2.858000,0.008700,0.022800,0.011300,0.000900,0.000600,0.017500,0.004300,0.000000
74,0.152274,1.343098,1.341000,1.234400,1148.000000,643407259.000000,1140539392.000000,252489728.000000,1273888768.000000,0.000800,0.000000,0.000000,0.000000,0.012600,0.000000,0.108100,0.000000,0.000000,0.000000,0.003400,0.000000
75,0.153532,1.255697,1.277100,1.172400,1148.000000,643406427.000000,1140539392.000000,252489728.000000,1273888768.000000,0.000800,0.000000,0.000000,0.000000,0.009700,0.000000,0.116700,0.000000,0.000000,0.000000,0.003100,0.000000
76,0.154856,1.342404,1.337300,1.257000,1148.000000,643406459.000000,1140539392.000000,252489728.000000,1273888768.000000,0.000700,0.000000,0.000000,0.000000,0.009900,0.000000,0.118000,0.000000,0.000000,0.000000,0.003500,0.000000
77,0.156185,1.317999,1.316800,1.232000,1148.000000,643409835.000000,1140539392.000000,252489728.000000,1273888768.000000,0.000600,0.000000,0.000000,0.000000,0.007400,0.000000,0.111400,0.000000,0.000000,0.000000,0.002900,0.000000
78,0.157459,1.231597,1.227800,1.146600,1148.000000,643410707.000000,1140539392.000000,252489728.000000,1273888768.000000,0.000800,0.000000,0.000000,0.000000,0.009200,0.000000,0.079000,0.000000,0.000000,0.000000,0.003300,0.000000
79,0.159013,1.586905,1.571700,1.485900,1148.000000,643409371.000000,1140539392.000000,252489728.000000,1273888768.000000,0.000900,0.000000,0.000000,0.000000,0.007200,0.000000,0.205800,0.000000,0.000000,0.000000,0.008200,0.000000
80,0.160289,1.247399,1.243100,1.146300,1148.000000,643414003.000000,1140539392.000000,252489728.000000,1273888768.000000,0.000600,0.000000,0.000000,0.000000,0.010800,0.000000,0.119500,0.000000,0.000000,0.000000,0.003200,0.000000
81,0.161711,1.443098,1.386200,1.237500,1148.000000,643414027.000000,1140539392.000000,252489728.000000,1273888768.000000,0.000800,0.000000,0.000000,0.000000,0.010500,0.000000,0.129500,0.000000,0.000000,0.000000,0.003800,0.000000
82,0.162950,1.259899,1.306500,1.157400,1148.000000,643414051.000000,1140539392.000000,252489728.000000,1273888768.000000,0.000800,0.000000,0.000000,0.000000,0.010600,0.000000,0.139200,0.000000,0.000000,0.000000,0.004600,0.000000
83,0.164548,1.578501,1.574400,1.470000,1148.000000,643418171.000000,1140539392.000000,252489728.000000,1273888768.000000,0.000800,0.000000,0.000000,0.000000,0.008900,0.000000,0.127400,0.000000,0.000000,0.000000,0.003000,0.000000
84,0.168279,3.724398,3.724600,3.619500,1148.000000,643422208.000000,1140539392.000000,252489728.000000,1273888768.000000,3.229400,0.049400,0.014900,3.112400,0.011000,0.021400,0.010500,0.000600,0.000500,0.015500,0.003500,0.000000
85,0.169733,1.473802,1.353300,1.255300,1148.000000,643419027.000000,1140539392.000000,252489728.000000,1273888768.000000,0.000700,0.000000,0.000000,0.000000,0.011500,0.000000,0.113900,0.000000,0.000000,0.000000,0.002700,0.000000
86,0.170972,1.234198,1.357500,1.140000,1148.000000,643421259.000000,1140539392.000000,252489728.000000,1273888768.000000,0.000700,0.000000,0.000000,0.000000,0.009500,0.000000,0.111100,0.000000,0.000000,0.000000,0.003000,0.000000
87,0.172117,1.165299,1.173600,1.083800,1148.000000,643419075.000000,1140539392.000000,252489728.000000,1273888768.000000,0.000700,0.000000,0.000000,0.000000,0.010000,0.000000,0.049400,0.000000,0.000000,0.000000,0.003500,0.000000
88,0.173366,1.251403,1.240800,1.159600,1148.000000,643418323.000000,1140539392.000000,252489728.000000,1273888768.000000,0.000600,0.000000,0.000000,0.000000,0.008400,0.000000,0.093600,0.000000,0.000000,0.000000,0.002700,0.000000
89,0.174676,1.302898,1.297600,1.206800,1148.000000,643422907.000000,1140539392.000000,252489728.000000,1273888768.000000,0.000700,0.000000,0.000000,0.000000,0.008600,0.000000,0.113500,0.000000,0.000000,0.000000,0.002800,0.000000
90,0.176150,1.484304,1.486300,1.395200,1148.000000,643422075.000000,1140539392.000000,252489728.000000,1273888768.000000,0.000800,0.000000,0.000000,0.000000,0.007900,0.000000,0.102400,0.000000,0.000000,0.000000,0.003200,0.000000
91,0.177531,1.339498,1.303100,1.218700,1148.000000,643422099.000000,1140539392.000000,252489728.000000,1273888768.000000,0.001000,0.000000,0.000000,0.000000,0.007400,0.000000,0.080200,0.000000,0.000000,0.000000,0.003100,0.000000
92,0.178746,1.251800,1.285700,1.169100,1148.000000,643426643.000000,1140539392.000000,252489728.000000,1273888768.000000,0.000600,0.000000,0.000000,0.000000,0.010400,0.000000,0.078100,0.000000,0.000000,0.000000,0.003600,0.000000
93,0.180146,1.342396,1.338800,1.252200,1148.000000,643426227.000000,1140539392.000000,252489728.000000,1273888768.000000,0.000700,0.000000,0.000000,0.000000,0.008400,0.000000,0.123800,0.000000,0.000000,0.000000,0.002900,0.000000
94,0.183858,3.755301,3.743100,3.656400,1148.000000,643434728.000000,1140539392.000000,252489728.000000,1273888768.000000,3.248000,0.055200,0.017400,3.123300,0.010000,0.020000,0.010400,0.000800,0.000900,0.015100,0.003800,0.000000
95,0.185257,1.418304,1.422200,1.327600,1148.000000,643431243.000000,1140539392.000000,252489728.000000,1273888768.000000,0.000700,0.000000,0.000000,0.000000,0.009000,0.000000,0.110300,0.000000,0.000000,0.000000,0.003100,0.000000
96,0.186663,1.393098,1.394300,1.308000,1148.000000,643431267.000000,1140539392.000000,252489728.000000,1273888768.000000,0.000700,0.000000,0.000000,0.000000,0.008200,0.000000,0.083900,0.000000,0.000000,0.000000,0.002700,0.000000
97,0.187933,1.257100,1.249100,1.164600,1148.000000,643431291.000000,1140539392.000000,252489728.000000,1273888768.000000,0.000700,0.000000,0.000000,0.000000,0.009100,0.000000,0.107300,0.000000,0.000000,0.000000,0.002900,0.000000
98,0.189332,1.394600,1.370600,1.281300,1148.000000,643430491.000000,1140539392.000000,252489728.000000,1273888768.000000,0.000700,0.000000,0.000000,0.000000,0.009500,0.000000,0.070100,0.000000,0.000000,0.000000,0.003400,0.000000
99,0.190595,1.283503,1.302900,1.195500,1148.000000,643430531.000000,1140539392.000000,252489728.000000,1273888768.000000,0.000700,0.000000,0.000000,0.000000,0.010000,0.000000,0.094400,0.000000,0.000000,0.000000,0.003700,0.000000
100,0.191845,1.253493,1.258300,1.172400,1148.000000,643434651.000000,1140539392.000000,252489728.000000,1273888768.000000,0.000800,0.000000,0.000000,0.000000,0.008400,0.000000,0.082400,0.000000,0.000000,0.000000,0.002900,0.000000
101,0.194141,1.224603,1.191700,1.113800,1148.000000,643437432.000000,1140539392.000000,252489728.000000,1273888768.000000,0.000700,0.000000,0.000000,0.000000,0.009100,0.000000,0.074000,0.000000,0.000000,0.000000,0.002600,0.000000
102,0.194811,1.712599,1.726400,1.609300,1148.000000,643436379.000000,1140539392.000000,252489728.000000,1273888768.000000,0.000600,0.000000,0.000000,0.000000,0.006100,0.000000,0.024400,0.000000,0.000000,0.000000,0.003400,0.000000
103,0.195903,1.120004,1.129700,1.032700,1148.000000,643434731.000000,1140539392.000000,252489728.000000,1273888768.000000,0.000700,0.000000,0.000000,0.000000,0.010800,0.000000,0.107900,0.000000,0.000000,0.000000,0.003700,0.000000
104,0.197261,1.336494,1.321000,1.236000,1148.000000,643434707.000000,1140539392.000000,252489728.000000,1273888768.000000,0.000600,0.000000,0.000000,0.000000,0.009000,0.000000,0.075900,0.000000,0.000000,0.000000,0.002900,0.000000
105,0.200991,3.663506,3.648400,3.552000,1148.000000,643449079.000000,1140539392.000000,252489728.000000,1273888768.000000,3.131900,0.131300,0.016600,2.839600,0.009800,0.028300,0.011700,0.000600,0.000500,0.098800,0.003500,0.000000
106,0.202152,1.251800,1.274300,1.171500,1148.000000,643443931.000000,1140539392.000000,252489728.000000,1273888768.000000,0.000800,0.000000,0.000000,0.000000,0.013300,0.000000,0.072300,0.000000,0.000000,0.000000,0.004000,0.000000
107,0.203412,1.228494,1.226200,1.146200,1148.000000,643443939.000000,1140539392.000000,252489728.000000,1273888768.000000,0.000700,0.000000,0.000000,0.000000,0.009000,0.000000,0.101000,0.000000,0.000000,0.000000,0.002800,0.000000
108,0.204821,1.431505,1.400500,1.319500,1148.000000,643443979.000000,1140539392.000000,252489728.000000,1273888768.000000,0.000800,0.000000,0.000000,0.000000,0.007900,0.000000,0.198800,0.000000,0.000000,0.000000,0.003300,0.000000
109,0.206213,1.381300,1.383800,1.292800,1148.000000,643442699.000000,1140539392.000000,252489728.000000,1273888768.000000,0.000700,0.000000,0.000000,0.000000,0.009200,0.000000,0.110000,0.000000,0.000000,0.000000,0.002600,0.000000
110,0.207353,1.167397,1.174500,1.090900,1148.000000,643443147.000000,1140539392.000000,252489728.000000,1273888768.000000,0.000700,0.000000,0.000000,0.000000,0.009700,0.000000,0.062300,0.000000,0.000000,0.000000,0.003600,0.000000
111,0.208593,1.244303,1.241100,1.166100,1148.000000,643446843.000000,1140539392.000000,252489728.000000,1273888768.000000,0.000600,0.000000,0.000000,0.000000,0.006300,0.000000,0.076000,0.000000,0.000000,0.000000,0.002700,0.000000
112,0.209894,1.291001,1.270300,1.194700,1148.000000,643446867.000000,1140539392.000000,252489728.000000,1273888768.000000,0.000600,0.000000,0.000000,0.000000,0.006500,0.000000,0.106800,0.000000,0.000000,0.000000,0.002700,0.000000
113,0.211556,1.609602,1.600000,1.497300,1148.000000,643446899.000000,1140539392.000000,252489728.000000,1273888768.000000,0.000600,0.000000,0.000000,0.000000,0.008100,0.000000,0.080200,0.000000,0.000000,0.000000,0.002600,0.000000
114,0.212869,1.332200,1.320500,1.218300,1148.000000,643446915.000000,1140539392.000000,252489728.000000,1273888768.000000,0.000700,0.000000,0.000000,0.000000,0.011600,0.000000,0.119500,0.000000,0.000000,0.000000,0.003100,0.000000
115,0.214222,1.368296,1.371700,1.259900,1148.000000,643446939.000000,1140539392.000000,252489728.000000,1273888768.000000,0.000700,0.000000,0.000000,0.000000,0.010600,0.000000,0.099200,0.000000,0.000000,0.000000,0.003400,0.000000
116,0.218172,3.941199,3.943300,3.835500,1148.000000,643451200.000000,1140539392.000000,252489728.000000,1273888768.000000,3.461600,0.047800,0.015300,3.345400,0.010500,0.020700,0.010500,0.000800,0.000500,0.015500,0.003300,0.000000
117,0.219413,1.268700,1.282100,1.184700,1148.000000,643452043.000000,1140539392.000000,252489728.000000,1273888768.000000,0.000800,0.000000,0.000000,0.000000,0.011200,0.000000,0.112500,0.000000,0.000000,0.000000,0.003300,0.000000
118,0.220738,1.308000,1.310000,1.227600,1148.000000,643459379.000000,1140539392.000000,252489728.000000,1273888768.000000,0.000800,0.000000,0.000000,0.000000,0.009100,0.000000,0.068200,0.000000,0.000000,0.000000,0.002600,0.000000
119,0.221937,1.224199,1.217100,1.138800,1148.000000,643455907.000000,1140539392.000000,252489728.000000,1273888768.000000,0.000500,0.000000,0.000000,0.000000,0.007600,0.000000,0.079300,0.000000,0.000000,0.000000,0.002500,0.000000
120,0.223102,1.176602,1.183500,1.101400,1148.000000,643455003.000000,1140539392.000000,252489728.000000,1273888768.000000,0.000700,0.000000,0.000000,0.000000,0.007800,0.000000,0.077600,0.000000,0.000000,0.000000,0.002500,0.000000
121,0.224386,1.274802,1.272500,1.200500,1148.000000,643455051.000000,1140539392.000000,252489728.000000,1273888768.000000,0.000600,0.000000,0.000000,0.000000,0.006100,0.000000,0.131200,0.000000,0.000000,0.000000,0.002400,0.000000
122,0.226572,2.026701,1.323800,1.247200,1148.000000,643459131.000000,1140539392.000000,252489728.000000,1273888768.000000,0.000600,0.000000,0.000000,0.000000,0.007900,0.000000,0.090900,0.000000,0.000000,0.000000,0.002500,0.000000
123,0.227155,0.701701,1.318300,0.546400,1148.000000,643459171.000000,1140539392.000000,252489728.000000,1273888768.000000,0.000800,0.000000,0.000000,0.000000,0.013200,0.000000,0.039900,0.000000,0.000000,0.000000,0.004400,0.000000
124,0.228338,1.208999,1.279900,1.126500,1200.000000,643459195.000000,1140539392.000000,252489728.000000,1273888768.000000,0.000600,0.000000,0.000000,0.000000,0.010100,0.000000,0.097800,0.000000,0.000000,0.000000,0.003400,0.000000
125,0.229712,1.368899,1.364200,1.279800,1148.000000,643459219.000000,1140539392.000000,252489728.000000,1273888768.000000,0.000800,0.000000,0.000000,0.000000,0.007600,0.000000,0.137000,0.000000,0.000000,0.000000,0.002800,0.000000
126,0.231141,1.433298,1.426100,1.341000,1148.000000,643459667.000000,1140539392.000000,252489728.000000,1273888768.000000,0.000700,0.000000,0.000000,0.000000,0.008500,0.000000,0.113200,0.000000,0.000000,0.000000,0.002600,0.000000
127,0.234665,3.529599,3.522800,3.433200,1148.000000,643467592.000000,1140539392.000000,252489728.000000,1273888768.000000,3.104800,0.055400,0.016300,2.983200,0.008200,0.022400,0.009900,0.000700,0.000700,0.011600,0.002600,0.000000
128,0.235955,1.300205,1.311700,1.219300,1148.000000,643468523.000000,1140539392.000000,252489728.000000,1273888768.000000,0.000600,0.000000,0.000000,0.000000,0.010000,0.000000,0.063700,0.000000,0.000000,0.000000,0.003000,0.000000
129,0.237195,1.242900,1.244400,1.167400,1148.000000,643468547.000000,1140539392.000000,252489728.000000,1273888768.000000,0.000700,0.000000,0.000000,0.000000,0.006900,0.000000,0.107400,0.000000,0.000000,0.000000,0.002800,0.000000
130,0.238401,1.208695,1.194000,1.121200,1148.000000,643468571.000000,1140539392.000000,252489728.000000,1273888768.000000,0.000700,0.000000,0.000000,0.000000,0.006600,0.000000,0.085200,0.000000,0.000000,0.000000,0.002800,0.000000
131,0.239779,1.382901,1.392200,1.305600,1148.000000,643467579.000000,1140539392.000000,252489728.000000,1273954304.000000,0.000600,0.000000,0.000000,0.000000,0.006200,0.000000,0.117800,0.000000,0.000000,0.000000,0.002600,0.000000
132,0.241147,1.341100,1.340600,1.265100,1148.000000,643468035.000000,1140539392.000000,252489728.000000,1273954304.000000,0.000700,0.000000,0.000000,0.000000,0.006600,0.000000,0.122900,0.000000,0.000000,0.000000,0.002600,0.000000
133,0.242382,1.258999,1.262300,1.191200,1148.000000,643472195.000000,1140539392.000000,252489728.000000,1273954304.000000,0.000700,0.000000,0.000000,0.000000,0.007300,0.000000,0.118400,0.000000,0.000000,0.000000,0.002700,0.000000
134,0.243620,1.244700,1.238500,1.170100,1148.000000,643473555.000000,1140539392.000000,252489728.000000,1273954304.000000,0.000700,0.000000,0.000000,0.000000,0.007000,0.000000,0.085500,0.000000,0.000000,0.000000,0.002500,0.000000
135,0.245019,1.402402,1.389300,1.315400,1148.000000,643471387.000000,1140539392.000000,252489728.000000,1273954304.000000,0.000800,0.000000,0.000000,0.000000,0.007100,0.000000,0.115400,0.000000,0.000000,0.000000,0.002800,0.000000
136,0.246616,1.429500,1.411800,1.326200,1148.000000,643475531.000000,1140539392.000000,252489728.000000,1273954304.000000,0.000700,0.000000,0.000000,0.000000,0.006700,0.000000,0.109300,0.000000,0.000000,0.000000,0.002700,0.000000
137,0.248903,1.328600,1.342700,1.238300,1148.000000,643475515.000000,1140539392.000000,252489728.000000,1273954304.000000,0.000900,0.000000,0.000000,0.000000,0.007700,0.000000,0.073700,0.000000,0.000000,0.000000,0.005800,0.000000
138,0.252264,4.428699,4.375300,4.284500,1148.000000,643478920.000000,1140539392.000000,252489728.000000,1273954304.000000,2.835800,0.045400,0.020000,2.726300,0.010900,0.016100,0.009900,0.000700,0.000600,0.012300,0.004200,0.000000
139,0.253510,1.252799,1.293500,1.158300,1148.000000,643479931.000000,1140539392.000000,252489728.000000,1273954304.000000,0.000700,0.000000,0.000000,0.000000,0.010900,0.000000,0.115000,0.000000,0.000000,0.000000,0.002700,0.000000
140,0.254734,1.247003,1.257300,1.168600,1148.000000,643479955.000000,1140539392.000000,252489728.000000,1273954304.000000,0.000700,0.000000,0.000000,0.000000,0.009700,0.000000,0.122400,0.000000,0.000000,0.000000,0.003600,0.000000
141,0.256158,1.398399,1.383000,1.302500,1148.000000,643479979.000000,1140539392.000000,252489728.000000,1273954304.000000,0.000700,0.000000,0.000000,0.000000,0.007700,0.000000,0.178100,0.000000,0.000000,0.000000,0.002700,0.000000
142,0.257362,1.199001,1.205900,1.116300,1148.000000,643480179.000000,1140539392.000000,252489728.000000,1273954304.000000,0.000600,0.000000,0.000000,0.000000,0.009800,0.000000,0.062600,0.000000,0.000000,0.000000,0.003300,0.000000
143,0.259638,1.369104,1.359200,1.275300,1148.000000,643483355.000000,1140539392.000000,252489728.000000,1273954304.000000,0.000700,0.000000,0.000000,0.000000,0.008600,0.000000,0.062400,0.000000,0.000000,0.000000,0.002900,0.000000
144,0.260133,1.389300,1.385600,1.295500,1148.000000,643486648.000000,1140539392.000000,252489728.000000,1273954304.000000,0.000600,0.000000,0.000000,0.000000,0.010500,0.000000,0.012600,0.000000,0.000000,0.000000,0.005500,0.000000
145,0.261383,1.287500,1.293600,1.204600,1148.000000,643488011.000000,1140539392.000000,252489728.000000,1273954304.000000,0.000800,0.000000,0.000000,0.000000,0.009500,0.000000,0.074900,0.000000,0.000000,0.000000,0.002900,0.000000
146,0.262700,1.307299,1.301400,1.220300,1148.000000,643488459.000000,1140539392.000000,252489728.000000,1273954304.000000,0.000700,0.000000,0.000000,0.000000,0.008600,0.000000,0.056400,0.000000,0.000000,0.000000,0.004100,0.000000
147,0.264155,1.435700,1.424400,1.338200,1148.000000,643488067.000000,1140539392.000000,252489728.000000,1273954304.000000,0.000700,0.000000,0.000000,0.000000,0.008900,0.000000,0.239500,0.000000,0.000000,0.000000,0.002700,0.000000
148,0.267857,3.728897,3.712600,3.619800,1148.000000,643491824.000000,1140539392.000000,252489728.000000,1273954304.000000,3.241200,0.053600,0.016100,3.124200,0.010200,0.017200,0.010100,0.000600,0.000500,0.012800,0.003600,0.000000
149,0.269136,1.292000,1.315900,1.211000,1148.000000,643488035.000000,1140539392.000000,252489728.000000,1273954304.000000,0.000600,0.000000,0.000000,0.000000,0.009400,0.000000,0.125300,0.000000,0.000000,0.000000,0.002800,0.000000
150,0.270531,1.368098,1.361000,1.279500,1148.000000,643494363.000000,1140539392.000000,252489728.000000,1273954304.000000,0.000700,0.000000,0.000000,0.000000,0.007000,0.000000,0.104700,0.000000,0.000000,0.000000,0.002700,0.000000
151,0.271778,1.227806,1.184900,1.103200,1148.000000,643492179.000000,1140539392.000000,252489728.000000,1273954304.000000,0.000700,0.000000,0.000000,0.000000,0.009600,0.000000,0.065000,0.000000,0.000000,0.000000,0.003100,0.000000
152,0.272966,1.218693,1.231600,1.110200,1148.000000,643491915.000000,1140539392.000000,252489728.000000,1273954304.000000,0.000700,0.000000,0.000000,0.000000,0.009800,0.000000,0.064900,0.000000,0.000000,0.000000,0.003800,0.000000
153,0.274245,1.266001,1.292700,1.186800,1148.000000,643491939.000000,1140539392.000000,252489728.000000,1273954304.000000,0.000600,0.000000,0.000000,0.000000,0.008300,0.000000,0.010600,0.000000,0.000000,0.000000,0.002700,0.000000
154,0.275681,1.434106,1.426400,1.343500,1148.000000,643491963.000000,1140539392.000000,252489728.000000,1273954304.000000,0.000700,0.000000,0.000000,0.000000,0.006300,0.000000,0.142600,0.000000,0.000000,0.000000,0.004100,0.000000
155,0.276948,1.283298,1.276900,1.193100,1148.000000,643491987.000000,1140539392.000000,252489728.000000,1273954304.000000,0.000700,0.000000,0.000000,0.000000,0.009900,0.000000,0.118500,0.000000,0.000000,0.000000,0.003700,0.000000
156,0.278282,1.258199,1.255200,1.163800,1148.000000,643500203.000000,1140539392.000000,252489728.000000,1273954304.000000,0.000800,0.000000,0.000000,0.000000,0.008400,0.000000,0.049300,0.000000,0.000000,0.000000,0.003000,0.000000
157,0.279668,1.366603,1.313600,1.224500,1148.000000,643500235.000000,1140539392.000000,252489728.000000,1273954304.000000,0.000600,0.000000,0.000000,0.000000,0.010100,0.000000,0.127600,0.000000,0.000000,0.000000,0.003700,0.000000
158,0.280985,1.374001,1.422900,1.282000,1148.000000,643500675.000000,1140539392.000000,252489728.000000,1273954304.000000,0.000700,0.000000,0.000000,0.000000,0.009400,0.000000,0.071400,0.000000,0.000000,0.000000,0.004900,0.000000
159,0.284620,3.671195,3.667700,3.578800,1148.000000,643504328.000000,1140539392.000000,252489728.000000,1273954304.000000,3.195000,0.046000,0.013200,3.087000,0.010000,0.020300,0.009700,0.000500,0.000600,0.013100,0.003300,0.000000
160,0.285905,1.296301,1.303600,1.216100,1148.000000,643501099.000000,1140539392.000000,252489728.000000,1273954304.000000,0.000600,0.000000,0.000000,0.000000,0.010000,0.000000,0.078500,0.000000,0.000000,0.000000,0.002900,0.000000
161,0.287106,1.215604,1.216300,1.138400,1148.000000,643505227.000000,1140539392.000000,252489728.000000,1273954304.000000,0.000600,0.000000,0.000000,0.000000,0.007000,0.000000,0.095000,0.000000,0.000000,0.000000,0.002700,0.000000
162,0.288404,1.257795,1.227200,1.148300,1148.000000,643505715.000000,1140539392.000000,252489728.000000,1273954304.000000,0.000600,0.000000,0.000000,0.000000,0.006300,0.000000,0.046700,0.000000,0.000000,0.000000,0.002800,0.000000
163,0.289732,1.355400,1.373400,1.273400,1148.000000,643504107.000000,1140539392.000000,252489728.000000,1273954304.000000,0.000700,0.000000,0.000000,0.000000,0.009900,0.000000,0.174600,0.000000,0.000000,0.000000,0.003300,0.000000
164,0.291102,1.367800,1.362700,1.280100,1148.000000,643504131.000000,1140539392.000000,252489728.000000,1273954304.000000,0.000700,0.000000,0.000000,0.000000,0.006600,0.000000,0.111600,0.000000,0.000000,0.000000,0.002800,0.000000
165,0.292397,1.302601,1.308000,1.222600,1148.000000,643504131.000000,1140539392.000000,252489728.000000,1273954304.000000,0.000600,0.000000,0.000000,0.000000,0.008700,0.000000,0.122300,0.000000,0.000000,0.000000,0.003000,0.000000
166,0.293738,1.292602,1.216500,1.139800,1148.000000,643506307.000000,1140539392.000000,252489728.000000,1273954304.000000,0.000600,0.000000,0.000000,0.000000,0.008100,0.000000,0.079300,0.000000,0.000000,0.000000,0.002700,0.000000
167,0.295063,1.333397,1.396800,1.247900,1148.000000,643508299.000000,1140539392.000000,252489728.000000,1273954304.000000,0.000700,0.000000,0.000000,0.000000,0.010900,0.000000,0.125900,0.000000,0.000000,0.000000,0.004400,0.000000
168,0.296528,1.462401,1.451700,1.363600,1148.000000,643508323.000000,1140539392.000000,252489728.000000,1273954304.000000,0.000700,0.000000,0.000000,0.000000,0.009500,0.000000,0.041100,0.000000,0.000000,0.000000,0.003300,0.000000
169,0.297892,1.298101,1.307600,1.212300,1148.000000,643512443.000000,1140539392.000000,252489728.000000,1273954304.000000,0.000700,0.000000,0.000000,0.000000,0.010000,0.000000,0.014400,0.000000,0.000000,0.000000,0.003600,0.000000
170,0.301625,3.773299,3.748500,3.663900,1148.000000,643516064.000000,1140539392.000000,252489728.000000,1273954304.000000,3.206900,0.045900,0.014200,3.090500,0.008800,0.021800,0.010900,0.000500,0.000600,0.017900,0.003400,0.000000
171,0.302856,1.273802,1.283800,1.181500,1148.000000,643512931.000000,1140539392.000000,252489728.000000,1273954304.000000,0.000600,0.000000,0.000000,0.000000,0.010400,0.000000,0.059500,0.000000,0.000000,0.000000,0.003200,0.000000
172,0.304315,1.452898,1.444600,1.352300,1148.000000,643513371.000000,1140539392.000000,252489728.000000,1273954304.000000,0.000700,0.000000,0.000000,0.000000,0.009500,0.000000,0.085400,0.000000,0.000000,0.000000,0.002800,0.000000
173,0.305742,1.420203,1.423400,1.326200,1148.000000,643517067.000000,1140539392.000000,252489728.000000,1273954304.000000,0.000700,0.000000,0.000000,0.000000,0.009900,0.000000,0.148100,0.000000,0.000000,0.000000,0.003100,0.000000
174,0.306977,1.251800,1.253100,1.162000,1148.000000,643517123.000000,1140539392.000000,252489728.000000,1273954304.000000,0.000700,0.000000,0.000000,0.000000,0.009800,0.000000,0.074600,0.000000,0.000000,0.000000,0.003400,0.000000
175,0.308314,1.334396,1.336900,1.249600,1148.000000,643516707.000000,1140539392.000000,252489728.000000,1273954304.000000,0.000700,0.000000,0.000000,0.000000,0.009400,0.000000,0.065400,0.000000,0.000000,0.000000,0.003100,0.000000
176,0.309672,1.364399,1.356700,1.272500,1148.000000,643516739.000000,1140539392.000000,252489728.000000,1273954304.000000,0.000800,0.000000,0.000000,0.000000,0.009300,0.000000,0.124900,0.000000,0.000000,0.000000,0.003000,0.000000
177,0.311419,1.462401,1.458400,1.369800,1148.000000,643517227.000000,1140539392.000000,252489728.000000,1273954304.000000,0.000700,0.000000,0.000000,0.000000,0.007500,0.000000,0.099500,0.000000,0.000000,0.000000,0.003000,0.000000
178,0.312435,1.296202,1.295800,1.209400,1148.000000,643520491.000000,1140539392.000000,252489728.000000,1273954304.000000,0.000800,0.000000,0.000000,0.000000,0.010100,0.000000,0.042400,0.000000,0.000000,0.000000,0.005000,0.000000
179,0.314807,2.366702,1.291500,1.204400,1148.000000,643520515.000000,1140539392.000000,252489728.000000,1273954304.000000,0.000800,0.000000,0.000000,0.000000,0.009300,0.000000,0.124100,0.000000,0.000000,0.000000,0.003000,0.000000
180,0.317670,2.804599,3.862500,3.776100,1148.000000,643526655.000000,1140539392.000000,252489728.000000,1273954304.000000,2.333200,0.070300,0.021000,2.191900,0.008300,0.017600,0.010100,0.000600,0.000500,0.015300,0.003700,0.000000
181,0.319076,1.467503,1.450600,1.353100,1148.000000,643521459.000000,1140539392.000000,252489728.000000,1273954304.000000,0.000800,0.000000,0.000000,0.000000,0.008700,0.000000,0.186300,0.000000,0.000000,0.000000,0.003800,0.000000
182,0.320476,1.331597,1.350900,1.239700,1148.000000,643527771.000000,1140539392.000000,252489728.000000,1273954304.000000,0.000700,0.000000,0.000000,0.000000,0.010100,0.000000,0.114400,0.000000,0.000000,0.000000,0.003100,0.000000
183,0.321629,1.219700,1.213600,1.124200,1148.000000,643525603.000000,1140539392.000000,252489728.000000,1273954304.000000,0.000800,0.000000,0.000000,0.000000,0.009400,0.000000,0.072800,0.000000,0.000000,0.000000,0.005800,0.000000
184,0.322915,1.284297,1.266600,1.175900,1148.000000,643528851.000000,1140539392.000000,252489728.000000,1273954304.000000,0.000600,0.000000,0.000000,0.000000,0.007600,0.000000,0.082200,0.000000,0.000000,0.000000,0.002700,0.000000
185,0.324114,1.228805,1.252600,1.148000,1148.000000,643528875.000000,1140539392.000000,252489728.000000,1273954304.000000,0.000700,0.000000,0.000000,0.000000,0.008400,0.000000,0.096900,0.000000,0.000000,0.000000,0.003200,0.000000
186,0.325626,1.481300,1.470800,1.388200,1148.000000,643529331.000000,1140539392.000000,252489728.000000,1273954304.000000,0.000800,0.000000,0.000000,0.000000,0.007000,0.000000,0.113600,0.000000,0.000000,0.000000,0.003000,0.000000
187,0.326833,1.228295,1.224600,1.138100,1148.000000,643528923.000000,1140539392.000000,252489728.000000,1273954304.000000,0.000800,0.000000,0.000000,0.000000,0.009400,0.000000,0.092400,0.000000,0.000000,0.000000,0.003100,0.000000
188,0.328105,1.260502,1.269000,1.180200,1148.000000,643528947.000000,1140539392.000000,252489728.000000,1273954304.000000,0.000700,0.000000,0.000000,0.000000,0.007700,0.000000,0.072500,0.000000,0.000000,0.000000,0.003300,0.000000
189,0.329322,1.248902,1.250300,1.172700,1148.000000,643533067.000000,1140539392.000000,252489728.000000,1274019840.000000,0.000700,0.000000,0.000000,0.000000,0.008300,0.000000,0.129200,0.000000,0.000000,0.000000,0.002900,0.000000
190,0.330749,1.430903,1.422000,1.347000,1148.000000,643533515.000000,1140539392.000000,252489728.000000,1274019840.000000,0.000600,0.000000,0.000000,0.000000,0.006600,0.000000,0.126200,0.000000,0.000000,0.000000,0.002800,0.000000
191,0.334461,3.678798,3.669300,3.586700,1148.000000,643537440.000000,1140539392.000000,252489728.000000,1274019840.000000,3.284900,0.046500,0.013800,3.176700,0.006600,0.018500,0.010800,0.000600,0.000500,0.013400,0.002500,0.000000
192,0.335936,1.452296,1.448900,1.359100,1148.000000,643533275.000000,1140539392.000000,252489728.000000,1274019840.000000,0.000700,0.000000,0.000000,0.000000,0.009400,0.000000,0.173000,0.000000,0.000000,0.000000,0.002800,0.000000
193,0.337098,1.189101,1.172200,1.084600,1148.000000,643533299.000000,1140539392.000000,252489728.000000,1274019840.000000,0.000700,0.000000,0.000000,0.000000,0.010100,0.000000,0.068400,0.000000,0.000000,0.000000,0.003500,0.000000
194,0.338342,1.247499,1.270600,1.167300,1148.000000,643537443.000000,1140539392.000000,252489728.000000,1274019840.000000,0.000600,0.000000,0.000000,0.000000,0.008500,0.000000,0.114500,0.000000,0.000000,0.000000,0.002700,0.000000
195,0.339836,1.466504,1.423400,1.337600,1148.000000,643541027.000000,1140539392.000000,252489728.000000,1274019840.000000,0.000700,0.000000,0.000000,0.000000,0.007200,0.000000,0.230200,0.000000,0.000000,0.000000,0.002800,0.000000
196,0.341118,1.279500,1.310700,1.196800,1148.000000,643541067.000000,1140539392.000000,252489728.000000,1274019840.000000,0.000800,0.000000,0.000000,0.000000,0.010200,0.000000,0.102400,0.000000,0.000000,0.000000,0.003700,0.000000
197,0.342455,1.298299,1.295100,1.208200,1148.000000,643541091.000000,1140539392.000000,252489728.000000,1274019840.000000,0.000600,0.000000,0.000000,0.000000,0.008900,0.000000,0.112400,0.000000,0.000000,0.000000,0.003100,0.000000
198,0.343593,1.183199,1.183700,1.100600,1148.000000,643543307.000000,1140539392.000000,252489728.000000,1274023936.000000,0.000800,0.000000,0.000000,0.000000,0.009600,0.000000,0.059800,0.000000,0.000000,0.000000,0.004600,0.000000
199,0.344881,1.305704,1.297500,1.215100,1148.000000,643541139.000000,1140539392.000000,252489728.000000,1274023936.000000,0.000800,0.000000,0.000000,0.000000,0.008200,0.000000,0.069500,0.000000,0.000000,0.000000,0.780500,0.000000
200,0.346202,1.343594,1.346000,1.260500,1148.000000,643541587.000000,1140539392.000000,252489728.000000,1274023936.000000,0.000500,0.000000,0.000000,0.000000,0.007300,0.000000,0.092500,0.000000,0.000000,0.000000,0.002700,0.000000
201,0.347616,1.380506,1.306700,1.227000,1148.000000,643545291.000000,1140539392.000000,252489728.000000,1274023936.000000,0.000700,0.000000,0.000000,0.000000,0.006800,0.000000,0.113300,0.000000,0.000000,0.000000,0.002800,0.000000
202,0.351441,3.584396,3.638200,3.482400,1148.000000,643549104.000000,1140539392.000000,252489728.000000,1274023936.000000,3.106100,0.044800,0.014700,2.992300,0.009300,0.021600,0.011000,0.000500,0.000500,0.017000,0.003100,0.000000
203,0.352502,1.295500,1.297000,1.202100,1148.000000,643545899.000000,1140539392.000000,252489728.000000,1274023936.000000,0.001000,0.000000,0.000000,0.000000,0.160200,0.000000,0.024000,0.000000,0.000000,0.000000,0.005800,0.000000
204,0.353794,1.278501,1.267000,1.155800,1148.000000,643545411.000000,1140539392.000000,252489728.000000,1274023936.000000,0.000800,0.000000,0.000000,0.000000,0.009700,0.000000,0.013200,0.000000,0.000000,0.000000,0.003300,0.000000
205,0.355204,1.408199,1.409900,1.311600,1148.000000,643545955.000000,1140539392.000000,252489728.000000,1274023936.000000,0.000800,0.000000,0.000000,0.000000,0.010800,0.000000,0.109200,0.000000,0.000000,0.000000,0.004100,0.000000
206,0.356465,1.284701,1.298800,1.202900,1148.000000,643550419.000000,1140539392.000000,252489728.000000,1274093568.000000,0.000700,0.000000,0.000000,0.000000,0.009600,0.000000,0.100400,0.000000,0.000000,0.000000,0.003100,0.000000
207,0.357780,1.303897,1.293300,1.212500,1148.000000,643553259.000000,1140539392.000000,252489728.000000,1274093568.000000,0.000800,0.000000,0.000000,0.000000,0.009000,0.000000,0.138100,0.000000,0.000000,0.000000,0.003000,0.000000
208,0.359006,1.253904,1.256700,1.170400,1148.000000,643553283.000000,1140539392.000000,252489728.000000,1274093568.000000,0.000800,0.000000,0.000000,0.000000,0.009800,0.000000,0.095500,0.000000,0.000000,0.000000,0.003400,0.000000
209,0.360591,1.547796,1.540600,1.454900,1148.000000,643553283.000000,1140539392.000000,252489728.000000,1274093568.000000,0.000600,0.000000,0.000000,0.000000,0.008100,0.000000,0.112000,0.000000,0.000000,0.000000,0.003200,0.000000
210,0.361830,1.272499,1.276400,1.189200,1148.000000,643553267.000000,1140539392.000000,252489728.000000,1274093568.000000,0.000800,0.000000,0.000000,0.000000,0.008300,0.000000,0.080700,0.000000,0.000000,0.000000,0.003100,0.000000
211,0.363087,1.266206,1.264500,1.186600,1148.000000,643553355.000000,1140539392.000000,252489728.000000,1274093568.000000,0.000700,0.000000,0.000000,0.000000,0.007100,0.000000,0.097500,0.000000,0.000000,0.000000,0.002800,0.000000
212,0.364490,1.382200,1.375100,1.294700,1148.000000,643557475.000000,1140539392.000000,252489728.000000,1274093568.000000,0.000700,0.000000,0.000000,0.000000,0.006800,0.000000,0.170300,0.000000,0.000000,0.000000,0.002800,0.000000
213,0.368287,3.780095,3.762600,3.674100,1148.000000,643561680.000000,1140539392.000000,252489728.000000,1274093568.000000,3.310700,0.047300,0.014500,3.193300,0.009400,0.023300,0.010200,0.000600,0.000600,0.016800,0.003400,0.000000
214,0.370553,1.614399,1.321200,1.223600,1148.000000,643560755.000000,1140539392.000000,252489728.000000,1274097664.000000,0.000600,0.000000,0.000000,0.000000,0.009600,0.000000,0.103000,0.000000,0.000000,0.000000,0.002700,0.000000
215,0.371038,1.149405,1.447800,1.066500,1148.000000,643558595.000000,1140539392.000000,252489728.000000,1274097664.000000,0.000800,0.000000,0.000000,0.000000,0.014300,0.000000,0.013200,0.000000,0.000000,0.000000,0.006200,0.000000
216,0.372373,1.313896,1.304800,1.217600,1148.000000,643558611.000000,1140539392.000000,252489728.000000,1274097664.000000,0.000600,0.000000,0.000000,0.000000,0.009500,0.000000,0.134700,0.000000,0.000000,0.000000,0.002900,0.000000
217,0.373595,1.249306,1.253100,1.161500,1148.000000,643561715.000000,1140539392.000000,252489728.000000,1274097664.000000,0.000600,0.000000,0.000000,0.000000,0.010600,0.000000,0.053100,0.000000,0.000000,0.000000,0.003800,0.000000
218,0.374926,1.332497,1.334000,1.246000,1148.000000,643561739.000000,1140539392.000000,252489728.000000,1274097664.000000,0.000900,0.000000,0.000000,0.000000,0.009200,0.000000,0.090800,0.000000,0.000000,0.000000,0.003800,0.000000
219,0.376264,1.346400,1.344900,1.261800,1148.000000,643561763.000000,1140539392.000000,252489728.000000,1274097664.000000,0.000600,0.000000,0.000000,0.000000,0.007400,0.000000,0.020200,0.000000,0.000000,0.000000,0.003500,0.000000
220,0.377601,1.349702,1.347400,1.266700,1148.000000,643565891.000000,1140539392.000000,252489728.000000,1274097664.000000,0.000700,0.000000,0.000000,0.000000,0.007000,0.000000,0.126200,0.000000,0.000000,0.000000,0.002900,0.000000
221,0.379012,1.379996,1.374900,1.291500,1148.000000,643570475.000000,1140539392.000000,252489728.000000,1274097664.000000,0.000700,0.000000,0.000000,0.000000,0.006600,0.000000,0.183300,0.000000,0.000000,0.000000,0.002800,0.000000
222,0.380286,1.268502,1.271000,1.186500,1148.000000,643570067.000000,1140539392.000000,252489728.000000,1274101760.000000,0.000700,0.000000,0.000000,0.000000,0.009500,0.000000,0.078300,0.000000,0.000000,0.000000,0.003200,0.000000
223,0.384511,4.211600,4.190100,4.104800,1148.000000,643577440.000000,1140539392.000000,252489728.000000,1274101760.000000,3.719900,0.046900,0.013600,3.605300,0.006800,0.021400,0.009900,0.000600,0.000500,0.016500,0.002700,0.000000
224,0.385818,1.313598,1.321100,1.221900,1148.000000,643574451.000000,1140539392.000000,252489728.000000,1274101760.000000,0.000700,0.000000,0.000000,0.000000,0.011800,0.000000,0.121600,0.000000,0.000000,0.000000,0.002800,0.000000
225,0.387075,1.284701,1.289900,1.202500,1148.000000,643574475.000000,1140539392.000000,252489728.000000,1274101760.000000,0.000700,0.000000,0.000000,0.000000,0.010500,0.000000,0.100700,0.000000,0.000000,0.000000,0.003300,0.000000
226,0.388319,1.239704,1.237600,1.155800,1148.000000,643574931.000000,1140539392.000000,252489728.000000,1274101760.000000,0.000700,0.000000,0.000000,0.000000,0.008400,0.000000,0.113300,0.000000,0.000000,0.000000,0.002700,0.000000
227,0.390613,1.330400,1.324500,1.244800,1148.000000,643573883.000000,1140539392.000000,252489728.000000,1274101760.000000,0.000700,0.000000,0.000000,0.000000,0.009200,0.000000,0.185200,0.000000,0.000000,0.000000,0.002900,0.000000
228,0.391339,1.651899,1.473600,1.386600,1148.000000,643576369.000000,1140539392.000000,252489728.000000,1274101760.000000,0.000900,0.000000,0.000000,0.000000,0.007100,0.000000,0.014400,0.000000,0.000000,0.000000,0.007500,0.000000
229,0.392642,1.251701,1.367000,1.132800,1148.000000,643577515.000000,1140539392.000000,252489728.000000,1274101760.000000,0.000600,0.000000,0.000000,0.000000,0.011900,0.000000,0.097300,0.000000,0.000000,0.000000,0.004300,0.000000
230,0.393962,1.219898,1.176900,1.063600,1148.000000,643580251.000000,1140539392.000000,252489728.000000,1274101760.000000,0.000900,0.000000,0.000000,0.000000,0.013500,0.000000,0.059200,0.000000,0.000000,0.000000,0.006100,0.000000
231,0.396239,1.313499,1.379400,1.231500,1148.000000,643578075.000000,1140539392.000000,252489728.000000,1274101760.000000,0.000900,0.000000,0.000000,0.000000,0.015800,0.000000,0.082800,0.000000,0.000000,0.000000,0.005700,0.000000
232,0.397074,1.958900,1.939400,1.853200,1148.000000,643577587.000000,1140539392.000000,252489728.000000,1274101760.000000,0.000700,0.000000,0.000000,0.000000,0.009500,0.000000,0.169500,0.000000,0.000000,0.000000,0.004100,0.000000
233,0.400342,3.256803,3.254900,3.152200,1148.000000,643586640.000000,1140539392.000000,252489728.000000,1274101760.000000,2.762000,0.047900,0.017200,2.642700,0.011400,0.022100,0.010400,0.000600,0.000700,0.015400,0.004400,0.000000
234,0.401773,1.463294,1.471100,1.373800,1148.000000,643587483.000000,1140539392.000000,252489728.000000,1274101760.000000,0.000800,0.000000,0.000000,0.000000,0.009500,0.000000,0.126300,0.000000,0.000000,0.000000,0.003900,0.000000
235,0.404161,1.342701,1.339000,1.247500,1148.000000,643590728.000000,1140539392.000000,252489728.000000,1274101760.000000,0.000600,0.000000,0.000000,0.000000,0.009700,0.000000,0.015700,0.000000,0.000000,0.000000,0.003100,0.000000
236,0.405224,2.086005,2.071400,1.977000,1148.000000,643586627.000000,1140539392.000000,252489728.000000,1274101760.000000,0.000600,0.000000,0.000000,0.000000,0.011000,0.000000,0.145300,0.000000,0.000000,0.000000,0.004600,0.000000
237,0.406141,0.878501,0.861200,0.755000,1148.000000,643586051.000000,1140539392.000000,252489728.000000,1274101760.000000,0.000600,0.000000,0.000000,0.000000,0.010600,0.000000,0.144400,0.000000,0.000000,0.000000,0.003900,0.000000
238,0.407501,1.415299,1.437400,1.325200,1148.000000,643586523.000000,1140539392.000000,252489728.000000,1274101760.000000,0.000800,0.000000,0.000000,0.000000,0.012900,0.000000,0.191300,0.000000,0.000000,0.000000,0.005100,0.000000
239,0.408783,1.293998,1.294000,1.205600,1148.000000,643586083.000000,1140539392.000000,252489728.000000,1274101760.000000,0.000700,0.000000,0.000000,0.000000,0.009300,0.000000,0.110800,0.000000,0.000000,0.000000,0.002900,0.000000
240,0.410234,1.442099,1.433100,1.345300,1148.000000,643590643.000000,1140539392.000000,252489728.000000,1274101760.000000,0.000600,0.000000,0.000000,0.000000,0.008000,0.000000,0.116800,0.000000,0.000000,0.000000,0.002800,0.000000
241,0.411625,1.376602,1.372900,1.278800,1148.000000,643590243.000000,1140539392.000000,252489728.000000,1274101760.000000,0.001100,0.000000,0.000000,0.000000,0.010000,0.000000,0.117300,0.000000,0.000000,0.000000,0.003100,0.000000
242,0.412815,1.216298,1.223300,1.131700,1148.000000,643590267.000000,1140539392.000000,252489728.000000,1274101760.000000,0.000700,0.000000,0.000000,0.000000,0.011400,0.000000,0.069200,0.000000,0.000000,0.000000,0.003600,0.000000
243,0.414258,1.408603,1.359600,1.276800,1148.000000,643590291.000000,1140539392.000000,252489728.000000,1274101760.000000,0.000700,0.000000,0.000000,0.000000,0.008200,0.000000,0.136000,0.000000,0.000000,0.000000,0.002900,0.000000
244,0.418159,3.886196,3.920500,3.792000,1148.000000,643594264.000000,1140539392.000000,252489728.000000,1274101760.000000,3.398600,0.049000,0.017900,3.278300,0.010500,0.021000,0.010100,0.000700,0.000500,0.015500,0.003900,0.000000
245,0.419477,1.357100,1.360400,1.267500,1148.000000,643599291.000000,1140539392.000000,252489728.000000,1274167296.000000,0.000700,0.000000,0.000000,0.000000,0.009500,0.000000,0.130300,0.000000,0.000000,0.000000,0.003200,0.000000
246,0.420992,1.490802,1.467400,1.378600,1148.000000,643601507.000000,1140539392.000000,252489728.000000,1274167296.000000,0.000700,0.000000,0.000000,0.000000,0.008000,0.000000,0.074600,0.000000,0.000000,0.000000,0.003200,0.000000
247,0.422183,1.211699,1.226900,1.121300,1148.000000,643599339.000000,1140539392.000000,252489728.000000,1274167296.000000,0.000600,0.000000,0.000000,0.000000,0.010300,0.000000,0.112900,0.000000,0.000000,0.000000,0.003300,0.000000
248,0.423436,1.247903,1.244300,1.154700,1148.000000,643598627.000000,1140539392.000000,252489728.000000,1274167296.000000,0.000600,0.000000,0.000000,0.000000,0.009600,0.000000,0.110400,0.000000,0.000000,0.000000,0.003000,0.000000
249,0.424813,1.378401,1.379900,1.290200,1148.000000,643598659.000000,1140539392.000000,252489728.000000,1274167296.000000,0.000600,0.000000,0.000000,0.000000,0.010100,0.000000,0.106400,0.000000,0.000000,0.000000,0.003500,0.000000
250,0.426092,1.296499,1.297200,1.211800,1148.000000,643599147.000000,1140539392.000000,252489728.000000,1274167296.000000,0.000700,0.000000,0.000000,0.000000,0.007800,0.000000,0.078900,0.000000,0.000000,0.000000,0.003300,0.000000
251,0.427494,1.374695,1.331000,1.245500,1148.000000,643602411.000000,1140539392.000000,252489728.000000,1274167296.000000,0.000700,0.000000,0.000000,0.000000,0.007500,0.000000,0.123200,0.000000,0.000000,0.000000,0.002900,0.000000
252,0.429601,1.209304,1.234900,1.113800,1200.000000,643602435.000000,1140539392.000000,252489728.000000,1274167296.000000,0.000800,0.000000,0.000000,0.000000,0.010200,0.000000,0.073800,0.000000,0.000000,0.000000,0.003600,0.000000
253,0.430999,1.377997,1.354200,1.273700,1148.000000,643605192.000000,1140539392.000000,252489728.000000,1274167296.000000,0.000600,0.000000,0.000000,0.000000,0.009700,0.000000,0.010800,0.000000,0.000000,0.000000,0.004100,0.000000
254,0.434818,3.778104,3.796500,3.683700,1148.000000,643607136.000000,1140539392.000000,252489728.000000,1274167296.000000,2.382300,0.053100,0.026600,2.259500,0.014500,0.015600,0.010000,0.000700,0.000600,0.011700,0.005800,0.000000
255,0.435276,1.448299,1.454300,1.358100,1148.000000,643603739.000000,1140539392.000000,252489728.000000,1274167296.000000,0.000700,0.000000,0.000000,0.000000,0.010300,0.000000,0.012600,0.000000,0.000000,0.000000,0.003900,0.000000
256,0.436715,1.420996,1.413700,1.327900,1148.000000,643603763.000000,1140539392.000000,252489728.000000,1274167296.000000,0.000700,0.000000,0.000000,0.000000,0.008000,0.000000,0.108200,0.000000,0.000000,0.000000,0.004700,0.000000
257,0.437903,1.207901,1.215900,1.129500,1148.000000,643607883.000000,1140539392.000000,252489728.000000,1274167296.000000,0.000700,0.000000,0.000000,0.000000,0.009600,0.000000,0.099800,0.000000,0.000000,0.000000,0.002900,0.000000
258,0.439234,1.323597,1.318400,1.239000,1148.000000,643610795.000000,1140539392.000000,252489728.000000,1274167296.000000,0.000600,0.000000,0.000000,0.000000,0.006800,0.000000,0.090200,0.000000,0.000000,0.000000,0.002600,0.000000
259,0.440623,1.374702,1.371300,1.288400,1148.000000,643613289.000000,1140539392.000000,252489728.000000,1274167296.000000,0.000600,0.000000,0.000000,0.000000,0.008700,0.000000,0.116900,0.000000,0.000000,0.000000,0.003000,0.000000
260,0.441924,1.302898,1.296400,1.212000,1148.000000,643610843.000000,1140539392.000000,252489728.000000,1274167296.000000,0.000800,0.000000,0.000000,0.000000,0.008200,0.000000,0.112600,0.000000,0.000000,0.000000,0.003100,0.000000
261,0.443126,1.221606,1.226300,1.141300,1148.000000,643610867.000000,1140539392.000000,252489728.000000,1274167296.000000,0.000700,0.000000,0.000000,0.000000,0.009500,0.000000,0.102200,0.000000,0.000000,0.000000,0.003200,0.000000
262,0.444405,1.281597,1.276800,1.198600,1148.000000,643617195.000000,1140539392.000000,252489728.000000,1274167296.000000,0.000700,0.000000,0.000000,0.000000,0.007100,0.000000,0.132800,0.000000,0.000000,0.000000,0.002700,0.000000
263,0.445944,1.511196,1.500800,1.417100,1148.000000,643615011.000000,1140539392.000000,252489728.000000,1274167296.000000,0.000700,0.000000,0.000000,0.000000,0.008600,0.000000,0.159700,0.000000,0.000000,0.000000,0.002700,0.000000
264,0.447108,1.190901,1.199000,1.111100,1148.000000,643615043.000000,1140539392.000000,252489728.000000,1274167296.000000,0.000700,0.000000,0.000000,0.000000,0.009900,0.000000,0.088900,0.000000,0.000000,0.000000,0.003500,0.000000
265,0.450621,3.498604,3.483200,3.400600,1148.000000,643619328.000000,1140539392.000000,252489728.000000,1274167296.000000,3.067200,0.050200,0.013800,2.956800,0.007900,0.018300,0.009800,0.000700,0.000500,0.013700,0.002800,0.000000
266,0.451850,1.242595,1.236200,1.146500,1148.000000,643615963.000000,1140539392.000000,252489728.000000,1274167296.000000,0.000600,0.000000,0.000000,0.000000,0.008200,0.000000,0.073400,0.000000,0.000000,0.000000,0.003000,0.000000
267,0.453004,1.167404,1.161700,1.084900,1148.000000,643615579.000000,1140539392.000000,252489728.000000,1274167296.000000,0.000700,0.000000,0.000000,0.000000,0.008400,0.000000,0.069600,0.000000,0.000000,0.000000,0.002500,0.000000
268,0.454491,1.316199,1.308900,1.223200,1148.000000,643619683.000000,1140539392.000000,252489728.000000,1274167296.000000,0.000600,0.000000,0.000000,0.000000,0.006300,0.000000,0.131000,0.000000,0.000000,0.000000,0.002500,0.000000
269,0.455813,1.437904,1.429500,1.341300,1148.000000,643618891.000000,1140539392.000000,252489728.000000,1274167296.000000,0.000700,0.000000,0.000000,0.000000,0.009300,0.000000,0.109800,0.000000,0.000000,0.000000,0.004900,0.000000
270,0.456971,1.202395,1.215300,1.123900,1148.000000,643619339.000000,1140539392.000000,252489728.000000,1274167296.000000,0.000600,0.000000,0.000000,0.000000,0.009000,0.000000,0.064000,0.000000,0.000000,0.000000,0.003300,0.000000
271,0.458231,1.256300,1.255100,1.178800,1148.000000,643623035.000000,1140539392.000000,252489728.000000,1274167296.000000,0.000700,0.000000,0.000000,0.000000,0.007300,0.000000,0.080400,0.000000,0.000000,0.000000,0.002500,0.000000
272,0.459563,1.335601,1.323900,1.245700,1148.000000,643623059.000000,1140539392.000000,252489728.000000,1274167296.000000,0.000600,0.000000,0.000000,0.000000,0.007500,0.000000,0.135100,0.000000,0.000000,0.000000,0.003500,0.000000
273,0.461089,1.486104,1.481000,1.395200,1148.000000,643627179.000000,1140539392.000000,252489728.000000,1274167296.000000,0.000600,0.000000,0.000000,0.000000,0.007200,0.000000,0.137400,0.000000,0.000000,0.000000,0.002900,0.000000
274,0.462327,1.271499,1.274900,1.189000,1148.000000,643627211.000000,1140539392.000000,252489728.000000,1274167296.000000,0.000700,0.000000,0.000000,0.000000,0.009300,0.000000,0.083700,0.000000,0.000000,0.000000,0.003200,0.000000
275,0.463525,1.218899,1.217100,1.136800,1148.000000,643627227.000000,1140539392.000000,252489728.000000,1274167296.000000,0.000700,0.000000,0.000000,0.000000,0.008800,0.000000,0.082300,0.000000,0.000000,0.000000,0.002800,0.000000
276,0.467275,3.721896,3.706600,3.624600,1148.000000,643631408.000000,1140539392.000000,252489728.000000,1274167296.000000,3.315100,0.055600,0.014700,3.191900,0.007100,0.020500,0.010400,0.000800,0.001000,0.014700,0.002000,0.000000
277,0.468489,1.244806,1.258700,1.169100,1148.000000,643628179.000000,1140539392.000000,252489728.000000,1274167296.000000,0.000700,0.000000,0.000000,0.000000,0.009500,0.000000,0.078600,0.000000,0.000000,0.000000,0.002500,0.000000
278,0.470880,2.334198,1.363200,1.285000,1148.000000,643630411.000000,1140539392.000000,252489728.000000,1274167296.000000,0.000700,0.000000,0.000000,0.000000,0.006200,0.000000,0.162100,0.000000,0.000000,0.000000,0.002500,0.000000
279,0.471344,0.492198,1.429600,0.386600,1148.000000,643635257.000000,1140539392.000000,252489728.000000,1274167296.000000,0.000500,0.000000,0.000000,0.000000,0.008200,0.000000,0.013200,0.000000,0.000000,0.000000,0.004000,0.000000
280,0.472489,1.164704,1.187800,1.084800,1148.000000,643631507.000000,1140539392.000000,252489728.000000,1274167296.000000,0.000700,0.000000,0.000000,0.000000,0.008700,0.000000,0.073900,0.000000,0.000000,0.000000,0.003000,0.000000
281,0.473873,1.320996,1.277700,1.197200,1148.000000,643631107.000000,1140539392.000000,252489728.000000,1274167296.000000,0.000600,0.000000,0.000000,0.000000,0.006700,0.000000,0.095900,0.000000,0.000000,0.000000,0.002600,0.000000
282,0.475224,1.382001,1.412500,1.295700,1148.000000,643631155.000000,1140539392.000000,252489728.000000,1274167296.000000,0.000800,0.000000,0.000000,0.000000,0.023300,0.000000,0.062200,0.000000,0.000000,0.000000,0.003600,0.000000
283,0.476687,1.380796,1.341400,1.247100,1148.000000,643631139.000000,1140539392.000000,252489728.000000,1274167296.000000,0.000700,0.000000,0.000000,0.000000,0.007800,0.000000,0.085000,0.000000,0.000000,0.000000,0.003100,0.000000
284,0.477950,1.272605,1.300100,1.179500,1148.000000,643635275.000000,1140539392.000000,252489728.000000,1274167296.000000,0.000900,0.000000,0.000000,0.000000,0.013600,0.000000,0.031700,0.000000,0.000000,0.000000,0.008000,0.000000
285,0.480191,1.272300,1.278000,1.188400,1148.000000,643642152.000000,1140539392.000000,252489728.000000,1274171392.000000,0.000800,0.000000,0.000000,0.000000,0.010000,0.000000,0.012500,0.000000,0.000000,0.000000,0.003800,0.000000
286,0.481019,1.824901,1.809100,1.721500,1148.000000,643639331.000000,1140539392.000000,252489728.000000,1274171392.000000,0.000700,0.000000,0.000000,0.000000,0.007300,0.000000,0.027500,0.000000,0.000000,0.000000,0.004400,0.000000
287,0.484409,3.419296,3.424700,3.328400,1148.000000,643643560.000000,1140539392.000000,252489728.000000,1274171392.000000,2.802200,0.047800,0.015400,2.691700,0.010900,0.018700,0.012900,0.000600,0.000600,0.013300,0.003500,0.000000
288,0.485835,1.443098,1.428300,1.339200,1148.000000,643640427.000000,1140539392.000000,252489728.000000,1274171392.000000,0.000700,0.000000,0.000000,0.000000,0.012300,0.000000,0.022100,0.000000,0.000000,0.000000,0.003300,0.000000
289,0.487040,1.198505,1.210400,1.109800,1148.000000,643640443.000000,1140539392.000000,252489728.000000,1274171392.000000,0.000600,0.000000,0.000000,0.000000,0.009500,0.000000,0.016000,0.000000,0.000000,0.000000,0.003300,0.000000
290,0.488168,1.151297,1.152300,1.068900,1148.000000,643644563.000000,1140539392.000000,252489728.000000,1274171392.000000,0.000700,0.000000,0.000000,0.000000,0.009600,0.000000,0.079100,0.000000,0.000000,0.000000,0.003300,0.000000
291,0.489513,1.329301,1.320100,1.236000,1148.000000,643643659.000000,1140539392.000000,252489728.000000,1274171392.000000,0.000700,0.000000,0.000000,0.000000,0.007200,0.000000,0.089600,0.000000,0.000000,0.000000,0.002500,0.000000
292,0.490952,1.443403,1.442800,1.353900,1148.000000,643643683.000000,1140539392.000000,252489728.000000,1274171392.000000,0.000700,0.000000,0.000000,0.000000,0.009600,0.000000,0.117100,0.000000,0.000000,0.000000,0.003000,0.000000
293,0.492305,1.341596,1.331100,1.243200,1148.000000,643643715.000000,1140539392.000000,252489728.000000,1274175488.000000,0.000700,0.000000,0.000000,0.000000,0.009400,0.000000,0.107300,0.000000,0.000000,0.000000,0.003500,0.000000
294,0.493550,1.265505,1.270500,1.179600,1148.000000,643646843.000000,1140539392.000000,252489728.000000,1274175488.000000,0.000700,0.000000,0.000000,0.000000,0.009500,0.000000,0.079500,0.000000,0.000000,0.000000,0.003200,0.000000
295,0.494905,1.353997,1.350600,1.264300,1148.000000,643643371.000000,1140539392.000000,252489728.000000,1274175488.000000,0.000700,0.000000,0.000000,0.000000,0.007700,0.000000,0.121800,0.000000,0.000000,0.000000,0.003000,0.000000
296,0.496387,1.430201,1.427500,1.336800,1148.000000,643651587.000000,1140539392.000000,252489728.000000,1274175488.000000,0.000700,0.000000,0.000000,0.000000,0.008600,0.000000,0.105900,0.000000,0.000000,0.000000,0.002900,0.000000
297,0.497593,1.262500,1.266500,1.180900,1148.000000,643654097.000000,1140539392.000000,252489728.000000,1274175488.000000,0.000800,0.000000,0.000000,0.000000,0.010400,0.000000,0.104800,0.000000,0.000000,0.000000,0.003600,0.000000
298,0.501394,3.657398,3.638300,3.553600,1148.000000,643659537.000000,1140539392.000000,252489728.000000,1274175488.000000,3.201300,0.056900,0.015900,3.070900,0.007000,0.026000,0.011300,0.000700,0.000600,0.016200,0.003100,0.000000
299,0.502515,1.260204,1.273000,1.178200,1148.000000,643656795.000000,1140539392.000000,252489728.000000,1274175488.000000,0.000800,0.000000,0.000000,0.000000,0.011100,0.000000,0.074300,0.000000,0.000000,0.000000,0.004400,0.000000
300,0.503744,1.221896,1.222000,1.140800,1148.000000,643656819.000000,1140539392.000000,252489728.000000,1274175488.000000,0.000800,0.000000,0.000000,0.000000,0.008800,0.000000,0.107000,0.000000,0.000000,0.000000,0.002800,0.000000
301,0.505031,1.285502,1.280500,1.200600,1148.000000,643660939.000000,1140539392.000000,252489728.000000,1274175488.000000,0.000700,0.000000,0.000000,0.000000,0.008500,0.000000,0.106800,0.000000,0.000000,0.000000,0.002900,0.000000
302,0.506413,1.389902,1.384100,1.304100,1148.000000,643656259.000000,1140539392.000000,252489728.000000,1274175488.000000,0.000600,0.000000,0.000000,0.000000,0.008800,0.000000,0.170400,0.000000,0.000000,0.000000,0.002700,0.000000
303,0.507863,1.350198,1.314000,1.228100,1148.000000,643655883.000000,1140539392.000000,252489728.000000,1274175488.000000,0.000700,0.000000,0.000000,0.000000,0.008800,0.000000,0.130600,0.000000,0.000000,0.000000,0.002900,0.000000
304,0.509221,1.436600,1.458100,1.367900,1148.000000,643655899.000000,1140539392.000000,252489728.000000,1274175488.000000,0.000900,0.000000,0.000000,0.000000,0.013800,0.000000,0.102500,0.000000,0.000000,0.000000,0.005200,0.000000
305,0.510748,1.525298,1.517600,1.421100,1148.000000,643655923.000000,1140539392.000000,252489728.000000,1274175488.000000,0.000700,0.000000,0.000000,0.000000,0.008400,0.000000,0.161200,0.000000,0.000000,0.000000,0.003400,0.000000
306,0.512041,1.280102,1.285900,1.187700,1148.000000,643660043.000000,1140539392.000000,252489728.000000,1274175488.000000,0.000700,0.000000,0.000000,0.000000,0.010100,0.000000,0.111900,0.000000,0.000000,0.000000,0.003500,0.000000
307,0.513188,1.195096,1.200000,1.113200,1148.000000,643664163.000000,1140539392.000000,252489728.000000,1274241024.000000,0.000700,0.000000,0.000000,0.000000,0.009700,0.000000,0.078100,0.000000,0.000000,0.000000,0.003700,0.000000
308,0.514561,1.370706,1.368400,1.288500,1148.000000,643664619.000000,1140539392.000000,252489728.000000,1274241024.000000,0.000500,0.000000,0.000000,0.000000,0.006300,0.000000,0.166400,0.000000,0.000000,0.000000,0.002600,0.000000
309,0.519167,4.554195,4.527000,4.442100,1148.000000,643669243.000000,1140539392.000000,252489728.000000,1274241024.000000,3.999300,0.049700,0.012800,3.882400,0.007000,0.021700,0.015900,0.000700,0.000600,0.016600,0.003000,0.000000
310,0.520588,1.411302,1.418700,1.313500,1148.000000,643670403.000000,1140539392.000000,252489728.000000,1274241024.000000,0.000700,0.000000,0.000000,0.000000,0.012500,0.000000,0.015800,0.000000,0.000000,0.000000,0.003500,0.000000
311,0.521773,1.235799,1.231000,1.137000,1148.000000,643668251.000000,1140539392.000000,252489728.000000,1274241024.000000,0.000700,0.000000,0.000000,0.000000,0.010300,0.000000,0.069900,0.000000,0.000000,0.000000,0.003300,0.000000
312,0.522993,1.230201,1.240800,1.145000,1148.000000,643668259.000000,1140539392.000000,252489728.000000,1274241024.000000,0.000800,0.000000,0.000000,0.000000,0.008700,0.000000,0.078200,0.000000,0.000000,0.000000,0.002800,0.000000
313,0.524669,1.429096,1.366400,1.281500,1148.000000,643672139.000000,1140539392.000000,252489728.000000,1274241024.000000,0.000600,0.000000,0.000000,0.000000,0.006400,0.000000,0.079000,0.000000,0.000000,0.000000,0.002800,0.000000
314,0.525883,1.430804,1.434500,1.291500,1148.000000,643672163.000000,1140539392.000000,252489728.000000,1274241024.000000,0.000700,0.000000,0.000000,0.000000,0.010000,0.000000,0.127200,0.000000,0.000000,0.000000,0.005800,0.000000
315,0.527145,1.246698,1.238800,1.103700,1148.000000,643672187.000000,1140539392.000000,252489728.000000,1274241024.000000,0.000700,0.000000,0.000000,0.000000,0.009700,0.000000,0.065900,0.000000,0.000000,0.000000,0.003400,0.000000
316,0.528418,1.232504,1.288000,1.146300,1148.000000,643672211.000000,1140539392.000000,252489728.000000,1274241024.000000,0.000700,0.000000,0.000000,0.000000,0.009500,0.000000,0.065500,0.000000,0.000000,0.000000,0.003100,0.000000
317,0.529716,1.370196,1.368300,1.284700,1148.000000,643674697.000000,1140539392.000000,252489728.000000,1274241024.000000,0.000800,0.000000,0.000000,0.000000,0.007200,0.000000,0.138300,0.000000,0.000000,0.000000,0.003700,0.000000
318,0.531097,1.376998,1.370400,1.285900,1148.000000,643679249.000000,1140539392.000000,252489728.000000,1274241024.000000,0.000800,0.000000,0.000000,0.000000,0.007000,0.000000,0.056800,0.000000,0.000000,0.000000,0.002800,0.000000
319,0.534814,3.704301,3.691600,3.601400,1148.000000,643679936.000000,1140539392.000000,252489728.000000,1274241024.000000,3.249200,0.046700,0.013100,3.139700,0.009200,0.019800,0.010300,0.000600,0.000600,0.014000,0.002800,0.000000
320,0.536152,1.369005,1.384000,1.288800,1148.000000,643677155.000000,1140539392.000000,252489728.000000,1274241024.000000,0.000600,0.000000,0.000000,0.000000,0.010900,0.000000,0.126100,0.000000,0.000000,0.000000,0.003100,0.000000
321,0.537484,1.303097,1.302500,1.223400,1148.000000,643676755.000000,1140539392.000000,252489728.000000,1274241024.000000,0.000700,0.000000,0.000000,0.000000,0.006500,0.000000,0.119900,0.000000,0.000000,0.000000,0.002700,0.000000
322,0.538747,1.273902,1.269000,1.190600,1148.000000,643680883.000000,1140539392.000000,252489728.000000,1274241024.000000,0.000700,0.000000,0.000000,0.000000,0.009400,0.000000,0.099700,0.000000,0.000000,0.000000,0.003400,0.000000
323,0.540219,1.434701,1.422300,1.341700,1148.000000,643681067.000000,1140539392.000000,252489728.000000,1274241024.000000,0.000700,0.000000,0.000000,0.000000,0.009200,0.000000,0.119700,0.000000,0.000000,0.000000,0.003000,0.000000
324,0.541555,1.388499,1.394600,1.304400,1148.000000,643684331.000000,1140539392.000000,252489728.000000,1274241024.000000,0.000800,0.000000,0.000000,0.000000,0.010000,0.000000,0.124900,0.000000,0.000000,0.000000,0.003500,0.000000
325,0.542925,1.349299,1.345000,1.263100,1148.000000,643684355.000000,1140539392.000000,252489728.000000,1274241024.000000,0.000600,0.000000,0.000000,0.000000,0.006600,0.000000,0.109100,0.000000,0.000000,0.000000,0.002500,0.000000
326,0.545494,1.403798,1.400000,1.316900,1148.000000,643686547.000000,1140539392.000000,252489728.000000,1274241024.000000,0.000700,0.000000,0.000000,0.000000,0.009700,0.000000,0.052200,0.000000,0.000000,0.000000,0.003100,0.000000
327,0.546309,1.908900,1.828800,1.736800,1148.000000,643683827.000000,1140539392.000000,252489728.000000,1274241024.000000,0.000700,0.000000,0.000000,0.000000,0.009000,0.000000,0.102000,0.000000,0.000000,0.000000,0.006400,0.000000
328,0.547224,0.995500,1.072900,0.916600,1148.000000,643684427.000000,1140539392.000000,252489728.000000,1274241024.000000,0.000800,0.000000,0.000000,0.000000,0.013900,0.000000,0.040500,0.000000,0.000000,0.000000,0.005300,0.000000
329,0.550871,3.559205,3.464700,3.381700,1148.000000,643692032.000000,1140539392.000000,252489728.000000,1274241024.000000,3.028400,0.047600,0.015200,2.918900,0.009600,0.018100,0.010600,0.000700,0.000600,0.013800,0.002900,0.000000
330,0.552056,1.221995,1.272700,1.105500,1148.000000,643688947.000000,1140539392.000000,252489728.000000,1274241024.000000,0.000800,0.000000,0.000000,0.000000,0.016400,0.000000,0.046400,0.000000,0.000000,0.000000,0.005100,0.000000
331,0.553219,1.170904,1.199000,1.082000,1148.000000,643688971.000000,1140539392.000000,252489728.000000,1274241024.000000,0.000600,0.000000,0.000000,0.000000,0.011100,0.000000,0.036400,0.000000,0.000000,0.000000,0.003900,0.000000
332,0.554510,1.277700,1.275800,1.188400,1148.000000,643689003.000000,1140539392.000000,252489728.000000,1274241024.000000,0.000600,0.000000,0.000000,0.000000,0.009700,0.000000,0.078500,0.000000,0.000000,0.000000,0.003700,0.000000
333,0.555889,1.425900,1.423800,1.336800,1148.000000,643688667.000000,1140539392.000000,252489728.000000,1274241024.000000,0.000600,0.000000,0.000000,0.000000,0.008200,0.000000,0.112400,0.000000,0.000000,0.000000,0.005900,0.000000
334,0.557205,1.305499,1.241200,1.154300,1148.000000,643689539.000000,1140539392.000000,252489728.000000,1274241024.000000,0.000700,0.000000,0.000000,0.000000,0.009700,0.000000,0.104600,0.000000,0.000000,0.000000,0.003000,0.000000
335,0.558365,1.179301,1.239200,1.095600,1148.000000,643696907.000000,1140539392.000000,252489728.000000,1274241024.000000,0.000600,0.000000,0.000000,0.000000,0.009000,0.000000,0.123300,0.000000,0.000000,0.000000,0.003400,0.000000
336,0.559629,1.263797,1.264400,1.181700,1148.000000,643696931.000000,1140539392.000000,252489728.000000,1274241024.000000,0.000700,0.000000,0.000000,0.000000,0.008500,0.000000,0.112700,0.000000,0.000000,0.000000,0.003200,0.000000
337,0.561275,1.582497,1.536900,1.453000,1148.000000,643696963.000000,1140539392.000000,252489728.000000,1274241024.000000,0.000700,0.000000,0.000000,0.000000,0.009100,0.000000,0.065200,0.000000,0.000000,0.000000,0.003400,0.000000
338,0.562636,1.351006,1.293300,1.172600,1148.000000,643697451.000000,1140539392.000000,252489728.000000,1274241024.000000,0.000700,0.000000,0.000000,0.000000,0.011400,0.000000,0.071700,0.000000,0.000000,0.000000,0.004200,0.000000
339,0.563786,1.238294,1.333800,1.161900,1148.000000,643696619.000000,1140539392.000000,252489728.000000,1274241024.000000,0.000800,0.000000,0.000000,0.000000,0.013500,0.000000,0.069500,0.000000,0.000000,0.000000,0.004900,0.000000
340,0.568017,4.178302,4.152400,4.068500,1148.000000,643700088.000000,1140539392.000000,252489728.000000,1274241024.000000,3.716700,0.048300,0.015200,3.601400,0.007900,0.020200,0.010000,0.000700,0.000700,0.015700,0.003400,0.000000
341,0.569314,1.318204,1.330400,1.224400,1148.000000,643701195.000000,1140539392.000000,252489728.000000,1274241024.000000,0.000800,0.000000,0.000000,0.000000,0.012200,0.000000,0.131000,0.000000,0.000000,0.000000,0.003600,0.000000
342,0.570791,1.479698,1.472800,1.381900,1148.000000,643703411.000000,1140539392.000000,252489728.000000,1274241024.000000,0.000700,0.000000,0.000000,0.000000,0.009400,0.000000,0.105700,0.000000,0.000000,0.000000,0.002900,0.000000
343,0.571937,1.165101,1.156800,1.064600,1148.000000,643701243.000000,1140539392.000000,252489728.000000,1274241024.000000,0.000800,0.000000,0.000000,0.000000,0.010100,0.000000,0.052300,0.000000,0.000000,0.000000,0.003400,0.000000
344,0.573221,1.287500,1.299900,1.201600,1148.000000,643700859.000000,1140539392.000000,252489728.000000,1274241024.000000,0.000700,0.000000,0.000000,0.000000,0.008400,0.000000,0.125700,0.000000,0.000000,0.000000,0.002900,0.000000
345,0.574740,1.369296,1.363600,1.275400,1148.000000,643700883.000000,1140539392.000000,252489728.000000,1274241024.000000,0.000800,0.000000,0.000000,0.000000,0.008600,0.000000,0.113400,0.000000,0.000000,0.000000,0.002700,0.000000
346,0.575964,1.312401,1.313700,1.226800,1148.000000,643705003.000000,1140539392.000000,252489728.000000,1274241024.000000,0.000800,0.000000,0.000000,0.000000,0.009900,0.000000,0.055500,0.000000,0.000000,0.000000,0.005500,0.000000
347,0.577199,1.277204,1.271600,1.189200,1148.000000,643709131.000000,1140539392.000000,252489728.000000,1274241024.000000,0.000700,0.000000,0.000000,0.000000,0.008600,0.000000,0.108400,0.000000,0.000000,0.000000,0.003100,0.000000
348,0.578363,1.186600,1.188300,1.104600,1148.000000,643709571.000000,1140539392.000000,252489728.000000,1274241024.000000,0.000700,0.000000,0.000000,0.000000,0.009400,0.000000,0.073700,0.000000,0.000000,0.000000,0.003400,0.000000
349,0.579591,1.239796,1.244300,1.165400,1148.000000,643709171.000000,1140539392.000000,252489728.000000,1274245120.000000,0.000700,0.000000,0.000000,0.000000,0.008500,0.000000,0.113100,0.000000,0.000000,0.000000,0.002700,0.000000
350,0.581348,1.644402,1.602900,1.517400,1148.000000,643709123.000000,1140539392.000000,252489728.000000,1274245120.000000,0.000500,0.000000,0.000000,0.000000,0.007600,0.000000,0.265300,0.000000,0.000000,0.000000,0.002600,0.000000
351,0.584583,3.261402,3.282700,3.174700,1148.000000,643713424.000000,1140539392.000000,252489728.000000,1274245120.000000,2.739000,0.048300,0.018700,2.621500,0.013300,0.019000,0.009700,0.000700,0.000700,0.013400,0.005200,0.000000
352,0.586083,1.540696,1.417700,1.311100,1148.000000,643714195.000000,1140539392.000000,252489728.000000,1274245120.000000,0.000800,0.000000,0.000000,0.000000,0.009400,0.000000,0.024000,0.000000,0.000000,0.000000,0.004300,0.000000
353,0.587090,1.027402,1.046900,0.951000,1148.000000,643713875.000000,1140539392.000000,252489728.000000,1274245120.000000,0.000600,0.000000,0.000000,0.000000,0.010200,0.000000,0.082400,0.000000,0.000000,0.000000,0.003700,0.000000
354,0.588293,1.198200,1.191200,1.112500,1148.000000,643713899.000000,1140539392.000000,252489728.000000,1274245120.000000,0.000700,0.000000,0.000000,0.000000,0.008800,0.000000,0.067600,0.000000,0.000000,0.000000,0.003400,0.000000
355,0.590710,1.323703,1.320600,1.238100,1148.000000,643713075.000000,1140539392.000000,252489728.000000,1274245120.000000,0.000600,0.000000,0.000000,0.000000,0.008200,0.000000,0.129700,0.000000,0.000000,0.000000,0.003200,0.000000
356,0.591835,2.129797,1.576700,1.489200,1148.000000,643715521.000000,1140539392.000000,252489728.000000,1274245120.000000,0.000900,0.000000,0.000000,0.000000,0.007000,0.000000,0.012500,0.000000,0.000000,0.000000,0.005500,0.000000
357,0.592709,0.966199,1.337800,1.253500,1148.000000,643716683.000000,1140539392.000000,252489728.000000,1274249216.000000,0.000700,0.000000,0.000000,0.000000,0.015000,0.000000,0.122900,0.000000,0.000000,0.000000,0.005000,0.000000
358,0.593651,0.963903,1.142600,0.886000,1148.000000,643719411.000000,1140539392.000000,252489728.000000,1274249216.000000,0.000700,0.000000,0.000000,0.000000,0.008900,0.000000,0.060400,0.000000,0.000000,0.000000,0.003000,0.000000
359,0.595317,1.358100,1.351200,1.270800,1148.000000,643717243.000000,1140539392.000000,252489728.000000,1274249216.000000,0.000600,0.000000,0.000000,0.000000,0.005900,0.000000,0.139400,0.000000,0.000000,0.000000,0.002400,0.000000
360,0.596584,1.456200,1.458500,1.376200,1148.000000,643721363.000000,1140539392.000000,252489728.000000,1274249216.000000,0.001000,0.000000,0.000000,0.000000,0.006900,0.000000,0.079800,0.000000,0.000000,0.000000,0.037300,0.000000
361,0.597890,1.389895,1.375000,1.295700,1148.000000,643720875.000000,1140539392.000000,252489728.000000,1274249216.000000,0.000900,0.000000,0.000000,0.000000,0.014600,0.000000,0.162600,0.000000,0.000000,0.000000,0.005200,0.000000
362,0.601817,3.883404,3.871100,3.778500,1148.000000,643725560.000000,1140539392.000000,252489728.000000,1274249216.000000,3.399900,0.057100,0.015300,3.273900,0.009900,0.021700,0.010900,0.000600,0.000500,0.016900,0.003300,0.000000
363,0.603023,1.259099,1.274000,1.176500,1148.000000,643726475.000000,1140539392.000000,252489728.000000,1274249216.000000,0.000700,0.000000,0.000000,0.000000,0.011900,0.000000,0.102700,0.000000,0.000000,0.000000,0.002800,0.000000
364,0.604264,1.261097,1.260700,1.180700,1148.000000,643726499.000000,1140539392.000000,252489728.000000,1274249216.000000,0.000700,0.000000,0.000000,0.000000,0.009000,0.000000,0.115300,0.000000,0.000000,0.000000,0.003200,0.000000
365,0.605679,1.402204,1.402600,1.324300,1148.000000,643726523.000000,1140539392.000000,252489728.000000,1274253312.000000,0.000600,0.000000,0.000000,0.000000,0.006900,0.000000,0.111100,0.000000,0.000000,0.000000,0.003000,0.000000
366,0.606963,1.272499,1.262400,1.182700,1148.000000,643726067.000000,1140539392.000000,252489728.000000,1274253312.000000,0.000700,0.000000,0.000000,0.000000,0.008400,0.000000,0.116100,0.000000,0.000000,0.000000,0.002900,0.000000
367,0.608294,1.321599,1.315600,1.232200,1148.000000,643726123.000000,1140539392.000000,252489728.000000,1274253312.000000,0.000700,0.000000,0.000000,0.000000,0.009400,0.000000,0.147200,0.000000,0.000000,0.000000,0.003200,0.000000
368,0.609644,1.353798,1.347200,1.260000,1148.000000,643725291.000000,1140539392.000000,252489728.000000,1274253312.000000,0.000600,0.000000,0.000000,0.000000,0.009800,0.000000,0.109500,0.000000,0.000000,0.000000,0.003900,0.000000
369,0.611148,1.507802,1.504400,1.411900,1148.000000,643729411.000000,1140539392.000000,252489728.000000,1274318848.000000,0.000800,0.000000,0.000000,0.000000,0.010100,0.000000,0.114100,0.000000,0.000000,0.000000,0.003500,0.000000
370,0.612427,1.277204,1.268300,1.177200,1148.000000,643729459.000000,1140539392.000000,252489728.000000,1274318848.000000,0.000700,0.000000,0.000000,0.000000,0.009500,0.000000,0.114800,0.000000,0.000000,0.000000,0.003100,0.000000
371,0.613615,1.214300,1.230200,1.134000,1148.000000,643729443.000000,1140539392.000000,252489728.000000,1274318848.000000,0.000800,0.000000,0.000000,0.000000,0.009800,0.000000,0.077500,0.000000,0.000000,0.000000,0.003300,0.000000
372,0.617306,3.667198,3.652900,3.571900,1148.000000,643735319.000000,1140539392.000000,252489728.000000,1274318848.000000,3.233100,0.046500,0.014000,3.125200,0.007300,0.018200,0.010300,0.000600,0.000500,0.013600,0.002900,0.000000
373,0.618617,1.341100,1.350500,1.261200,1148.000000,643734171.000000,1140539392.000000,252489728.000000,1274318848.000000,0.000600,0.000000,0.000000,0.000000,0.010100,0.000000,0.120500,0.000000,0.000000,0.000000,0.002900,0.000000
374,0.619990,1.352898,1.351400,1.274400,1148.000000,643740907.000000,1140539392.000000,252489728.000000,1274318848.000000,0.000700,0.000000,0.000000,0.000000,0.006700,0.000000,0.111300,0.000000,0.000000,0.000000,0.002600,0.000000
375,0.621269,1.301502,1.296700,1.220100,1148.000000,643738315.000000,1140539392.000000,252489728.000000,1274318848.000000,0.000600,0.000000,0.000000,0.000000,0.006800,0.000000,0.080600,0.000000,0.000000,0.000000,0.002700,0.000000
376,0.622782,1.407398,1.280400,1.196100,1148.000000,643737803.000000,1140539392.000000,252489728.000000,1274318848.000000,0.000700,0.000000,0.000000,0.000000,0.006800,0.000000,0.107700,0.000000,0.000000,0.000000,0.002400,0.000000
377,0.623928,1.217099,1.334400,1.136800,1148.000000,643737819.000000,1140539392.000000,252489728.000000,1274318848.000000,0.000900,0.000000,0.000000,0.000000,0.013700,0.000000,0.014600,0.000000,0.000000,0.000000,0.005200,0.000000
378,0.625628,1.633000,1.627600,1.542400,1148.000000,643737331.000000,1140539392.000000,252489728.000000,1274318848.000000,0.000700,0.000000,0.000000,0.000000,0.009200,0.000000,0.195100,0.000000,0.000000,0.000000,0.002900,0.000000
379,0.626761,1.077799,1.070800,0.981000,1148.000000,643737867.000000,1140539392.000000,252489728.000000,1274318848.000000,0.000700,0.000000,0.000000,0.000000,0.009900,0.000000,0.043500,0.000000,0.000000,0.000000,0.002900,0.000000
380,0.628087,1.441504,1.421200,1.325400,1148.000000,643741987.000000,1140539392.000000,252489728.000000,1274318848.000000,0.001000,0.000000,0.000000,0.000000,0.008600,0.000000,0.014700,0.000000,0.000000,0.000000,0.006200,0.000000
381,0.629463,1.386196,1.405300,1.297900,1200.000000,643741507.000000,1140539392.000000,252489728.000000,1274318848.000000,0.000800,0.000000,0.000000,0.000000,0.010100,0.000000,0.067400,0.000000,0.000000,0.000000,0.003200,0.000000
382,0.630918,1.423604,1.380900,1.291100,1148.000000,643742931.000000,1140539392.000000,252489728.000000,1274318848.000000,0.000800,0.000000,0.000000,0.000000,0.009200,0.000000,0.192500,0.000000,0.000000,0.000000,0.003200,0.000000
383,0.634584,3.656697,3.684400,3.558500,1148.000000,643745280.000000,1140539392.000000,252489728.000000,1274318848.000000,3.149000,0.053500,0.017400,3.029800,0.010600,0.018900,0.010500,0.000800,0.000700,0.013100,0.004100,0.000000
384,0.636025,1.469501,1.474400,1.376500,1148.000000,643742267.000000,1140539392.000000,252489728.000000,1274318848.000000,0.000700,0.000000,0.000000,0.000000,0.008800,0.000000,0.100100,0.000000,0.000000,0.000000,0.003300,0.000000
385,0.637305,1.310105,1.305900,1.202200,1148.000000,643745859.000000,1140539392.000000,252489728.000000,1274318848.000000,0.000800,0.000000,0.000000,0.000000,0.010000,0.000000,0.137600,0.000000,0.000000,0.000000,0.003300,0.000000
386,0.638395,1.103394,1.115800,1.028900,1148.000000,643750555.000000,1140539392.000000,252489728.000000,1274318848.000000,0.000600,0.000000,0.000000,0.000000,0.008500,0.000000,0.080800,0.000000,0.000000,0.000000,0.002900,0.000000
387,0.639696,1.304804,1.301100,1.226900,1148.000000,643749987.000000,1140539392.000000,252489728.000000,1274318848.000000,0.000600,0.000000,0.000000,0.000000,0.007200,0.000000,0.165400,0.000000,0.000000,0.000000,0.002500,0.000000
388,0.641026,1.306399,1.305300,1.231000,1148.000000,643750435.000000,1140539392.000000,252489728.000000,1274318848.000000,0.000600,0.000000,0.000000,0.000000,0.007400,0.000000,0.094200,0.000000,0.000000,0.000000,0.002700,0.000000
389,0.642257,1.265802,1.264700,1.191000,1148.000000,643750035.000000,1140539392.000000,252489728.000000,1274318848.000000,0.000700,0.000000,0.000000,0.000000,0.006300,0.000000,0.098700,0.000000,0.000000,0.000000,0.002500,0.000000
390,0.643515,1.255797,1.251500,1.179100,1148.000000,643752251.000000,1140539392.000000,252489728.000000,1274318848.000000,0.000700,0.000000,0.000000,0.000000,0.007100,0.000000,0.069600,0.000000,0.000000,0.000000,0.002600,0.000000
391,0.644891,1.360303,1.355000,1.279600,1148.000000,643758283.000000,1140539392.000000,252489728.000000,1274318848.000000,0.000700,0.000000,0.000000,0.000000,0.006500,0.000000,0.146600,0.000000,0.000000,0.000000,0.002600,0.000000
392,0.646246,1.352601,1.352900,1.273600,1148.000000,643758299.000000,1140539392.000000,252489728.000000,1274318848.000000,0.000800,0.000000,0.000000,0.000000,0.006900,0.000000,0.095700,0.000000,0.000000,0.000000,0.002600,0.000000
393,0.647445,1.210296,1.209300,1.133600,1148.000000,643758323.000000,1140539392.000000,252489728.000000,1274318848.000000,0.000700,0.000000,0.000000,0.000000,0.006800,0.000000,0.097500,0.000000,0.000000,0.000000,0.002700,0.000000
394,0.651593,4.121599,4.103400,4.019900,1148.000000,643762296.000000,1140539392.000000,252489728.000000,1274318848.000000,3.709600,0.045200,0.012800,3.602500,0.006200,0.019200,0.009900,0.000500,0.000600,0.014900,0.002700,0.000000
395,0.652852,1.281902,1.292500,1.203300,1148.000000,643759043.000000,1140539392.000000,252489728.000000,1274318848.000000,0.000600,0.000000,0.000000,0.000000,0.010600,0.000000,0.113100,0.000000,0.000000,0.000000,0.003200,0.000000
396,0.654403,1.456597,1.436300,1.353200,1148.000000,643825067.000000,1140539392.000000,252489728.000000,1274318848.000000,0.000600,0.000000,0.000000,0.000000,0.006800,0.000000,0.095100,0.000000,0.000000,0.000000,0.002600,0.000000
397,0.655635,1.249802,1.259400,1.163600,1148.000000,643762795.000000,1140539392.000000,252489728.000000,1274318848.000000,0.000700,0.000000,0.000000,0.000000,0.010200,0.000000,0.060700,0.000000,0.000000,0.000000,0.004500,0.000000
398,0.656844,1.260303,1.263300,1.179100,1148.000000,643766699.000000,1140539392.000000,252489728.000000,1274318848.000000,0.000700,0.000000,0.000000,0.000000,0.009900,0.000000,0.067900,0.000000,0.000000,0.000000,0.003200,0.000000
399,0.658089,1.254897,1.252500,1.176200,1148.000000,643766275.000000,1140539392.000000,252489728.000000,1274318848.000000,0.000500,0.000000,0.000000,0.000000,0.009600,0.000000,0.099000,0.000000,0.000000,0.000000,0.002800,0.000000
400,0.659309,1.230499,1.227500,1.151100,1148.000000,643766259.000000,1140539392.000000,252489728.000000,1274318848.000000,0.000600,0.000000,0.000000,0.000000,0.008400,0.000000,0.101800,0.000000,0.000000,0.000000,0.002600,0.000000
401,0.660907,1.519303,1.433100,1.355100,1148.000000,643766347.000000,1140539392.000000,252489728.000000,1274318848.000000,0.000700,0.000000,0.000000,0.000000,0.008000,0.000000,0.137200,0.000000,0.000000,0.000000,0.002500,0.000000
402,0.662148,1.292503,1.350900,1.176500,1148.000000,643770379.000000,1140539392.000000,252489728.000000,1274318848.000000,0.000700,0.000000,0.000000,0.000000,0.009900,0.000000,0.059800,0.000000,0.000000,0.000000,0.003700,0.000000
403,0.663393,1.155095,1.170700,1.070900,1148.000000,643770491.000000,1140539392.000000,252489728.000000,1274318848.000000,0.000600,0.000000,0.000000,0.000000,0.009000,0.000000,0.070900,0.000000,0.000000,0.000000,0.003200,0.000000
404,0.667207,3.874504,3.851500,3.764900,1148.000000,643774816.000000,1140539392.000000,252489728.000000,1274318848.000000,3.215200,0.057300,0.021700,3.074700,0.014200,0.023800,0.010500,0.000800,0.000700,0.018200,0.007400,0.000000
405,0.668397,1.238698,1.256500,1.156100,1148.000000,643771683.000000,1140539392.000000,252489728.000000,1274318848.000000,0.000700,0.000000,0.000000,0.000000,0.013100,0.000000,0.069800,0.000000,0.000000,0.000000,0.003300,0.000000
406,0.669933,1.481200,1.465800,1.383500,1148.000000,643773891.000000,1140539392.000000,252489728.000000,1274318848.000000,0.000400,0.000000,0.000000,0.000000,0.006800,0.000000,0.107000,0.000000,0.000000,0.000000,0.002600,0.000000
407,0.671141,1.241702,1.246200,1.152400,1148.000000,643771723.000000,1140539392.000000,252489728.000000,1274318848.000000,0.000700,0.000000,0.000000,0.000000,0.010300,0.000000,0.064900,0.000000,0.000000,0.000000,0.003500,0.000000
408,0.672413,1.290299,1.292100,1.205000,1148.000000,643774731.000000,1140539392.000000,252489728.000000,1274318848.000000,0.000700,0.000000,0.000000,0.000000,0.009300,0.000000,0.110900,0.000000,0.000000,0.000000,0.003100,0.000000
409,0.673774,1.340001,1.319300,1.234300,1148.000000,643774755.000000,1140539392.000000,252489728.000000,1274318848.000000,0.000700,0.000000,0.000000,0.000000,0.007200,0.000000,0.127700,0.000000,0.000000,0.000000,0.002800,0.000000
410,0.675285,1.506200,1.509800,1.385500,1148.000000,643774787.000000,1140539392.000000,252489728.000000,1274318848.000000,0.000600,0.000000,0.000000,0.000000,0.008600,0.000000,0.122500,0.000000,0.000000,0.000000,0.003500,0.000000
411,0.676617,1.330697,1.327300,1.217300,1148.000000,643778859.000000,1140539392.000000,252489728.000000,1274318848.000000,0.000700,0.000000,0.000000,0.000000,0.009900,0.000000,0.131000,0.000000,0.000000,0.000000,0.003700,0.000000
412,0.677820,1.216001,1.225400,1.132300,1148.000000,643778539.000000,1140539392.000000,252489728.000000,1274318848.000000,0.000700,0.000000,0.000000,0.000000,0.010200,0.000000,0.089100,0.000000,0.000000,0.000000,0.003200,0.000000
413,0.679151,1.346301,1.346200,1.263000,1148.000000,643782659.000000,1140539392.000000,252489728.000000,1274318848.000000,0.000700,0.000000,0.000000,0.000000,0.008500,0.000000,0.133700,0.000000,0.000000,0.000000,0.003000,0.000000
414,0.680682,1.499398,1.497000,1.416200,1148.000000,643783131.000000,1140539392.000000,252489728.000000,1274318848.000000,0.000800,0.000000,0.000000,0.000000,0.008500,0.000000,0.163300,0.000000,0.000000,0.000000,0.002800,0.000000
415,0.684255,3.603798,3.597900,3.516900,1148.000000,643786936.000000,1140539392.000000,252489728.000000,1274318848.000000,3.158200,0.050300,0.014800,3.044100,0.007000,0.019900,0.009800,0.000700,0.000500,0.013300,0.003900,0.000000
416,0.685855,1.571003,1.558200,1.471000,1148.000000,643783915.000000,1140539392.000000,252489728.000000,1274318848.000000,0.000700,0.000000,0.000000,0.000000,0.009800,0.000000,0.078800,0.000000,0.000000,0.000000,0.002900,0.000000
417,0.687042,1.221797,1.233400,1.141200,1148.000000,643783939.000000,1140539392.000000,252489728.000000,1274318848.000000,0.000800,0.000000,0.000000,0.000000,0.009900,0.000000,0.073600,0.000000,0.000000,0.000000,0.003300,0.000000
418,0.688225,1.190505,1.190500,1.110700,1148.000000,643783963.000000,1140539392.000000,252489728.000000,1274318848.000000,0.000700,0.000000,0.000000,0.000000,0.006800,0.000000,0.072500,0.000000,0.000000,0.000000,0.002700,0.000000
419,0.689701,1.453394,1.446700,1.367300,1148.000000,643786923.000000,1140539392.000000,252489728.000000,1274318848.000000,0.000600,0.000000,0.000000,0.000000,0.006000,0.000000,0.234700,0.000000,0.000000,0.000000,0.002300,0.000000
420,0.691114,1.392800,1.374000,1.289400,1148.000000,643786955.000000,1140539392.000000,252489728.000000,1274318848.000000,0.000700,0.000000,0.000000,0.000000,0.008800,0.000000,0.110500,0.000000,0.000000,0.000000,0.003200,0.000000
421,0.692281,1.184602,1.195100,1.098700,1148.000000,643786971.000000,1140539392.000000,252489728.000000,1274318848.000000,0.000700,0.000000,0.000000,0.000000,0.010400,0.000000,0.073400,0.000000,0.000000,0.000000,0.003500,0.000000
422,0.693513,1.250602,1.254100,1.170300,1148.000000,643789187.000000,1140539392.000000,252489728.000000,1274318848.000000,0.000700,0.000000,0.000000,0.000000,0.008700,0.000000,0.066100,0.000000,0.000000,0.000000,0.003000,0.000000
423,0.694871,1.350702,1.349400,1.271300,1148.000000,643789776.000000,1140539392.000000,252489728.000000,1274318848.000000,0.000700,0.000000,0.000000,0.000000,0.006900,0.000000,0.141600,0.000000,0.000000,0.000000,0.002600,0.000000
424,0.697280,1.458298,1.436300,1.357900,1148.000000,643793601.000000,1140539392.000000,252489728.000000,1274318848.000000,0.000600,0.000000,0.000000,0.000000,0.008200,0.000000,0.110600,0.000000,0.000000,0.000000,0.002700,0.000000
425,0.697993,1.623101,1.603300,1.498400,1148.000000,643794755.000000,1140539392.000000,252489728.000000,1274384384.000000,0.000800,0.000000,0.000000,0.000000,0.007400,0.000000,0.022800,0.000000,0.000000,0.000000,0.008600,0.000000
426,0.701797,3.720798,3.687800,3.558800,1148.000000,643799161.000000,1140539392.000000,252489728.000000,1274384384.000000,3.087100,0.053300,0.016200,2.954500,0.011200,0.021900,0.010900,0.000600,0.000700,0.019900,0.003500,0.000000
427,0.702873,1.185601,1.240700,1.101000,1148.000000,643795667.000000,1140539392.000000,252489728.000000,1274384384.000000,0.000800,0.000000,0.000000,0.000000,0.018900,0.000000,0.076200,0.000000,0.000000,0.000000,0.003800,0.000000
428,0.704471,1.585296,1.493000,1.402300,1148.000000,643796131.000000,1140539392.000000,252489728.000000,1274388480.000000,0.000600,0.000000,0.000000,0.000000,0.008900,0.000000,0.181600,0.000000,0.000000,0.000000,0.002700,0.000000
429,0.705849,1.370203,1.448700,1.276800,1148.000000,643795715.000000,1140539392.000000,252489728.000000,1274388480.000000,0.000600,0.000000,0.000000,0.000000,0.010100,0.000000,0.191800,0.000000,0.000000,0.000000,0.003300,0.000000
430,0.707279,1.475702,1.482700,1.391200,1148.000000,643802001.000000,1140539392.000000,252489728.000000,1274388480.000000,0.000700,0.000000,0.000000,0.000000,0.012700,0.000000,0.109500,0.000000,0.000000,0.000000,0.003300,0.000000
431,0.708894,1.579996,1.571800,1.485500,1148.000000,643799139.000000,1140539392.000000,252489728.000000,1274388480.000000,0.000700,0.000000,0.000000,0.000000,0.007500,0.000000,0.245800,0.000000,0.000000,0.000000,0.003100,0.000000
432,0.710580,1.667907,1.643400,1.548600,1148.000000,643799163.000000,1140539392.000000,252489728.000000,1274388480.000000,0.000600,0.000000,0.000000,0.000000,0.009800,0.000000,0.102700,0.000000,0.000000,0.000000,0.003100,0.000000
433,0.713236,2.653295,2.650200,2.536100,1148.000000,643799187.000000,1140539392.000000,252489728.000000,1274388480.000000,0.000800,0.000000,0.000000,0.000000,0.011800,0.000000,0.120200,0.000000,0.000000,0.000000,0.003200,0.000000
434,0.714873,1.650503,1.665600,1.556200,1148.000000,643799211.000000,1140539392.000000,252489728.000000,1274388480.000000,0.000700,0.000000,0.000000,0.000000,0.011000,0.000000,0.130700,0.000000,0.000000,0.000000,0.003500,0.000000
435,0.718484,3.608596,3.599000,3.501200,1148.000000,643805479.000000,1140539392.000000,252489728.000000,1274388480.000000,3.097400,0.049100,0.016000,2.981100,0.010500,0.019500,0.010100,0.000900,0.000500,0.014100,0.003500,0.000000
436,0.719906,1.429606,1.431600,1.331500,1148.000000,643804211.000000,1140539392.000000,252489728.000000,1274388480.000000,0.000600,0.000000,0.000000,0.000000,0.010900,0.000000,0.100700,0.000000,0.000000,0.000000,0.002900,0.000000
437,0.721483,1.582894,1.582100,1.483100,1148.000000,643808331.000000,1140539392.000000,252489728.000000,1274388480.000000,0.000700,0.000000,0.000000,0.000000,0.008200,0.000000,0.101500,0.000000,0.000000,0.000000,0.002800,0.000000
438,0.722810,1.355804,1.366400,1.275200,1148.000000,643810547.000000,1140539392.000000,252489728.000000,1274388480.000000,0.000700,0.000000,0.000000,0.000000,0.009200,0.000000,0.108500,0.000000,0.000000,0.000000,0.003400,0.000000
439,0.725329,2.468998,2.424700,2.339300,1148.000000,643807555.000000,1140539392.000000,252489728.000000,1274388480.000000,0.000600,0.000000,0.000000,0.000000,0.007000,0.000000,0.124000,0.000000,0.000000,0.000000,0.002900,0.000000
440,0.726732,1.403302,1.425200,1.301900,1148.000000,643810505.000000,1140539392.000000,252489728.000000,1274388480.000000,0.000800,0.000000,0.000000,0.000000,0.010100,0.000000,0.065600,0.000000,0.000000,0.000000,0.003700,0.000000
441,0.728014,1.319097,1.331100,1.236700,1148.000000,643811307.000000,1140539392.000000,252489728.000000,1274388480.000000,0.000700,0.000000,0.000000,0.000000,0.011400,0.000000,0.103100,0.000000,0.000000,0.000000,0.003700,0.000000
442,0.729422,1.381505,1.368800,1.287000,1148.000000,643811755.000000,1140539392.000000,252489728.000000,1274388480.000000,0.000700,0.000000,0.000000,0.000000,0.007200,0.000000,0.100300,0.000000,0.000000,0.000000,0.002800,0.000000
443,0.730956,1.512897,1.490600,1.377800,1148.000000,643810867.000000,1140539392.000000,252489728.000000,1274388480.000000,0.000700,0.000000,0.000000,0.000000,0.009400,0.000000,0.150500,0.000000,0.000000,0.000000,0.004700,0.000000
444,0.734302,3.378302,3.397000,3.289800,1148.000000,643817511.000000,1140539392.000000,252489728.000000,1274388480.000000,2.886500,0.048400,0.017000,2.769200,0.011000,0.021400,0.010000,0.000600,0.000500,0.015700,0.003700,0.000000
445,0.735781,1.467397,1.454300,1.363400,1148.000000,643811795.000000,1140539392.000000,252489728.000000,1274388480.000000,0.000600,0.000000,0.000000,0.000000,0.010500,0.000000,0.105100,0.000000,0.000000,0.000000,0.002900,0.000000
446,0.736853,1.097499,1.112500,1.015800,1148.000000,643812755.000000,1140539392.000000,252489728.000000,1274388480.000000,0.000500,0.000000,0.000000,0.000000,0.010400,0.000000,0.051300,0.000000,0.000000,0.000000,0.003400,0.000000
447,0.738273,1.348802,1.308900,1.202000,1148.000000,643815939.000000,1140539392.000000,252489728.000000,1274388480.000000,0.000700,0.000000,0.000000,0.000000,0.008400,0.000000,0.126800,0.000000,0.000000,0.000000,0.002800,0.000000
448,0.739412,1.194898,1.222200,1.110000,1148.000000,643815595.000000,1140539392.000000,252489728.000000,1274388480.000000,0.000700,0.000000,0.000000,0.000000,0.012800,0.000000,0.106000,0.000000,0.000000,0.000000,0.005100,0.000000
449,0.740724,1.307802,1.309600,1.223300,1148.000000,643819723.000000,1140539392.000000,252489728.000000,1274388480.000000,0.000600,0.000000,0.000000,0.000000,0.009400,0.000000,0.051600,0.000000,0.000000,0.000000,0.003100,0.000000
450,0.741882,1.195798,1.201700,1.121600,1148.000000,643819739.000000,1140539392.000000,252489728.000000,1274388480.000000,0.000600,0.000000,0.000000,0.000000,0.007700,0.000000,0.074900,0.000000,0.000000,0.000000,0.003000,0.000000
451,0.743264,1.351502,1.270600,1.198000,1148.000000,643819763.000000,1140539392.000000,252489728.000000,1274388480.000000,0.000500,0.000000,0.000000,0.000000,0.007400,0.000000,0.092600,0.000000,0.000000,0.000000,0.002400,0.000000
452,0.744705,1.435502,1.464800,1.309000,1148.000000,643819787.000000,1140539392.000000,252489728.000000,1274388480.000000,0.000900,0.000000,0.000000,0.000000,0.009600,0.000000,0.142700,0.000000,0.000000,0.000000,0.002800,0.000000
453,0.745929,1.243296,1.274400,1.156700,1148.000000,643823907.000000,1140539392.000000,252489728.000000,1274388480.000000,0.000700,0.000000,0.000000,0.000000,0.009700,0.000000,0.110000,0.000000,0.000000,0.000000,0.003200,0.000000
454,0.747133,1.217602,1.223600,1.139100,1148.000000,643826139.000000,1140539392.000000,252489728.000000,1274388480.000000,0.000800,0.000000,0.000000,0.000000,0.008500,0.000000,0.063900,0.000000,0.000000,0.000000,0.002700,0.000000
455,0.750740,3.556200,3.533400,3.450300,1148.000000,643828696.000000,1140539392.000000,252489728.000000,1274388480.000000,3.094100,0.049600,0.013500,2.974800,0.006300,0.021700,0.010600,0.000800,0.000600,0.018300,0.002500,0.000000
456,0.752024,1.293296,1.296400,1.199200,1148.000000,643824907.000000,1140539392.000000,252489728.000000,1274388480.000000,0.000600,0.000000,0.000000,0.000000,0.011500,0.000000,0.106400,0.000000,0.000000,0.000000,0.003100,0.000000
457,0.753179,1.184304,1.194700,1.105400,1148.000000,643824947.000000,1140539392.000000,252489728.000000,1274388480.000000,0.000700,0.000000,0.000000,0.000000,0.010600,0.000000,0.077900,0.000000,0.000000,0.000000,0.003200,0.000000
458,0.754357,1.180201,1.176900,1.099300,1148.000000,643829051.000000,1140539392.000000,252489728.000000,1274388480.000000,0.000700,0.000000,0.000000,0.000000,0.008600,0.000000,0.078300,0.000000,0.000000,0.000000,0.002700,0.000000
459,0.755768,1.419395,1.416300,1.338100,1148.000000,643827787.000000,1140539392.000000,252489728.000000,1274388480.000000,0.000700,0.000000,0.000000,0.000000,0.008600,0.000000,0.118400,0.000000,0.000000,0.000000,0.002800,0.000000
460,0.757174,1.368502,1.348400,1.264900,1148.000000,643827811.000000,1140539392.000000,252489728.000000,1274388480.000000,0.000700,0.000000,0.000000,0.000000,0.006700,0.000000,0.123400,0.000000,0.000000,0.000000,0.002600,0.000000
461,0.758411,1.265001,1.277300,1.180300,1148.000000,643827835.000000,1140539392.000000,252489728.000000,1274388480.000000,0.000600,0.000000,0.000000,0.000000,0.010000,0.000000,0.093100,0.000000,0.000000,0.000000,0.003600,0.000000
462,0.760033,1.567198,1.545800,1.459900,1148.000000,643832379.000000,1140539392.000000,252489728.000000,1274388480.000000,0.000700,0.000000,0.000000,0.000000,0.007600,0.000000,0.173700,0.000000,0.000000,0.000000,0.002600,0.000000
463,0.761299,1.297201,1.303200,1.203500,1148.000000,643831979.000000,1140539392.000000,252489728.000000,1274388480.000000,0.000700,0.000000,0.000000,0.000000,0.010500,0.000000,0.127000,0.000000,0.000000,0.000000,0.003800,0.000000
464,0.762707,1.401998,1.386900,1.278600,1148.000000,643835595.000000,1140539392.000000,252489728.000000,1274388480.000000,0.000800,0.000000,0.000000,0.000000,0.010000,0.000000,0.134500,0.000000,0.000000,0.000000,0.003300,0.000000
465,0.763892,1.194905,1.212400,1.111400,1148.000000,643836123.000000,1140539392.000000,252489728.000000,1274388480.000000,0.000700,0.000000,0.000000,0.000000,0.010200,0.000000,0.101800,0.000000,0.000000,0.000000,0.003600,0.000000
466,0.767662,3.768098,3.752000,3.664900,1148.000000,643844560.000000,1140539392.000000,252489728.000000,1274388480.000000,3.276700,0.058400,0.018400,3.147900,0.009700,0.023200,0.011100,0.000900,0.000500,0.013600,0.004000,0.000000
467,0.769046,1.389697,1.390400,1.293700,1148.000000,643841307.000000,1140539392.000000,252489728.000000,1274388480.000000,0.000700,0.000000,0.000000,0.000000,0.009300,0.000000,0.175800,0.000000,0.000000,0.000000,0.003000,0.000000
468,0.770362,1.327005,1.334700,1.241400,1148.000000,643841771.000000,1140539392.000000,252489728.000000,1274388480.000000,0.000800,0.000000,0.000000,0.000000,0.009600,0.000000,0.069000,0.000000,0.000000,0.000000,0.003200,0.000000
469,0.771659,1.307200,1.309600,1.228200,1148.000000,643845923.000000,1140539392.000000,252489728.000000,1274388480.000000,0.000700,0.000000,0.000000,0.000000,0.007400,0.000000,0.104100,0.000000,0.000000,0.000000,0.002900,0.000000
470,0.772862,1.222399,1.223800,1.146800,1148.000000,643844633.000000,1140539392.000000,252489728.000000,1274388480.000000,0.000600,0.000000,0.000000,0.000000,0.006600,0.000000,0.071400,0.000000,0.000000,0.000000,0.002700,0.000000
471,0.774300,1.419898,1.412300,1.339900,1148.000000,643840003.000000,1140539392.000000,252489728.000000,1274388480.000000,0.000600,0.000000,0.000000,0.000000,0.007300,0.000000,0.144500,0.000000,0.000000,0.000000,0.002400,0.000000
472,0.775633,1.338797,1.329300,1.251900,1148.000000,643840027.000000,1140539392.000000,252489728.000000,1274388480.000000,0.000500,0.000000,0.000000,0.000000,0.007900,0.000000,0.091200,0.000000,0.000000,0.000000,0.002900,0.000000
473,0.777073,1.393601,1.387700,1.298100,1148.000000,643840035.000000,1140539392.000000,252489728.000000,1274388480.000000,0.000500,0.000000,0.000000,0.000000,0.007800,0.000000,0.137800,0.000000,0.000000,0.000000,0.002400,0.000000
474,0.778315,1.255102,1.254500,1.165000,1148.000000,643840075.000000,1140539392.000000,252489728.000000,1274388480.000000,0.000600,0.000000,0.000000,0.000000,0.010800,0.000000,0.101600,0.000000,0.000000,0.000000,0.003500,0.000000
475,0.779711,1.403600,1.393800,1.304100,1148.000000,643850753.000000,1140539392.000000,252489728.000000,1274388480.000000,0.000700,0.000000,0.000000,0.000000,0.009900,0.000000,0.180000,0.000000,0.000000,0.000000,0.003100,0.000000
476,0.781177,1.429500,1.425500,1.328800,1148.000000,643852411.000000,1140539392.000000,252489728.000000,1274388480.000000,0.000700,0.000000,0.000000,0.000000,0.008800,0.000000,0.114800,0.000000,0.000000,0.000000,0.003800,0.000000
477,0.785246,4.076198,4.077000,3.981300,1148.000000,643855880.000000,1140539392.000000,252489728.000000,1274388480.000000,3.575500,0.047800,0.014700,3.463300,0.010100,0.020500,0.010400,0.000600,0.000600,0.013100,0.003900,0.000000
478,0.786687,1.453706,1.448500,1.354200,1148.000000,643853171.000000,1140539392.000000,252489728.000000,1274388480.000000,0.000800,0.000000,0.000000,0.000000,0.008700,0.000000,0.139200,0.000000,0.000000,0.000000,0.006300,0.000000
479,0.787931,1.270394,1.280800,1.186700,1148.000000,643852763.000000,1140539392.000000,252489728.000000,1274388480.000000,0.000700,0.000000,0.000000,0.000000,0.010500,0.000000,0.125100,0.000000,0.000000,0.000000,0.003500,0.000000
480,0.789281,1.339201,1.326000,1.244500,1148.000000,643852787.000000,1140539392.000000,252489728.000000,1274388480.000000,0.000800,0.000000,0.000000,0.000000,0.009200,0.000000,0.123300,0.000000,0.000000,0.000000,0.002900,0.000000
481,0.790632,1.364399,1.363300,1.271200,1148.000000,643856651.000000,1140539392.000000,252489728.000000,1274388480.000000,0.000700,0.000000,0.000000,0.000000,0.007900,0.000000,0.076800,0.000000,0.000000,0.000000,0.003300,0.000000
482,0.791995,1.371301,1.377300,1.288700,1148.000000,643857099.000000,1140539392.000000,252489728.000000,1274388480.000000,0.000600,0.000000,0.000000,0.000000,0.007400,0.000000,0.123000,0.000000,0.000000,0.000000,0.003000,0.000000
483,0.793201,1.213102,1.215600,1.137300,1148.000000,643856707.000000,1140539392.000000,252489728.000000,1274388480.000000,0.000700,0.000000,0.000000,0.000000,0.007100,0.000000,0.087000,0.000000,0.000000,0.000000,0.002700,0.000000
484,0.794498,1.302303,1.297100,1.221800,1148.000000,643857195.000000,1140539392.000000,252489728.000000,1274388480.000000,0.000600,0.000000,0.000000,0.000000,0.007000,0.000000,0.123700,0.000000,0.000000,0.000000,0.002600,0.000000
485,0.795961,1.441397,1.434300,1.355800,1148.000000,643856363.000000,1140539392.000000,252489728.000000,1274388480.000000,0.000600,0.000000,0.000000,0.000000,0.006800,0.000000,0.129600,0.000000,0.000000,0.000000,0.002900,0.000000
486,0.797178,1.243700,1.249700,1.168800,1148.000000,643862675.000000,1140539392.000000,252489728.000000,1274454016.000000,0.000700,0.000000,0.000000,0.000000,0.006900,0.000000,0.071400,0.000000,0.000000,0.000000,0.002900,0.000000
487,0.800825,3.579202,3.557500,3.481400,1148.000000,643866055.000000,1140539392.000000,252489728.000000,1274454016.000000,3.181600,0.046400,0.012000,3.075100,0.006400,0.018400,0.011100,0.000600,0.000600,0.013400,0.002400,0.000000
488,0.802041,1.271095,1.285100,1.192500,1148.000000,643864955.000000,1140539392.000000,252489728.000000,1274454016.000000,0.000600,0.000000,0.000000,0.000000,0.010500,0.000000,0.069400,0.000000,0.000000,0.000000,0.003800,0.000000
489,0.803352,1.273802,1.258300,1.176300,1148.000000,643864979.000000,1140539392.000000,252489728.000000,1274454016.000000,0.000600,0.000000,0.000000,0.000000,0.007100,0.000000,0.108100,0.000000,0.000000,0.000000,0.002700,0.000000
490,0.804677,1.327402,1.326900,1.235000,1148.000000,643865003.000000,1140539392.000000,252489728.000000,1274454016.000000,0.000600,0.000000,0.000000,0.000000,0.010000,0.000000,0.191700,0.000000,0.000000,0.000000,0.003500,0.000000
491,0.805961,1.306895,1.310200,1.222800,1148.000000,643864723.000000,1140539392.000000,252489728.000000,1274454016.000000,0.000600,0.000000,0.000000,0.000000,0.009800,0.000000,0.110600,0.000000,0.000000,0.000000,0.003300,0.000000
492,0.807240,1.273802,1.273200,1.188400,1148.000000,643868843.000000,1140539392.000000,252489728.000000,1274454016.000000,0.000700,0.000000,0.000000,0.000000,0.008100,0.000000,0.111100,0.000000,0.000000,0.000000,0.003300,0.000000
493,0.808545,1.311699,1.305000,1.223400,1148.000000,643868875.000000,1140539392.000000,252489728.000000,1274454016.000000,0.000800,0.000000,0.000000,0.000000,0.007600,0.000000,0.101900,0.000000,0.000000,0.000000,0.003100,0.000000
494,0.810106,1.538598,1.534300,1.447100,1148.000000,643869315.000000,1140539392.000000,252489728.000000,1274454016.000000,0.000600,0.000000,0.000000,0.000000,0.007200,0.000000,0.104100,0.000000,0.000000,0.000000,0.002800,0.000000
495,0.811346,1.263102,1.257100,1.171300,1148.000000,643871377.000000,1140539392.000000,252489728.000000,1274454016.000000,0.000800,0.000000,0.000000,0.000000,0.008400,0.000000,0.073600,0.000000,0.000000,0.000000,0.003500,0.000000
496,0.812664,1.323399,1.334500,1.246100,1148.000000,643869363.000000,1140539392.000000,252489728.000000,1274454016.000000,0.000600,0.000000,0.000000,0.000000,0.008700,0.000000,0.076400,0.000000,0.000000,0.000000,0.003000,0.000000
497,0.814031,1.354500,1.344100,1.265300,1148.000000,643873059.000000,1140539392.000000,252489728.000000,1274454016.000000,0.000600,0.000000,0.000000,0.000000,0.007100,0.000000,0.173000,0.000000,0.000000,0.000000,0.002700,0.000000
498,0.817876,3.815200,3.799600,3.711000,1148.000000,643877264.000000,1140539392.000000,252489728.000000,1274454016.000000,3.341300,0.047600,0.013600,3.224000,0.008800,0.022700,0.012100,0.000700,0.000600,0.017100,0.003000,0.000000
499,0.819262,1.315101,1.325100,1.229700,1148.000000,643873099.000000,1140539392.000000,252489728.000000,1274454016.000000,0.000700,0.000000,0.000000,0.000000,0.010000,0.000000,0.121000,0.000000,0.000000,0.000000,0.003200,0.000000
500,0.820445,1.272300,1.276100,1.191600,1148.000000,643877219.000000,1140539392.000000,252489728.000000,1274454016.000000,0.000800,0.000000,0.000000,0.000000,0.009000,0.000000,0.065100,0.000000,0.000000,0.000000,0.004600,0.000000
501,0.821739,1.285700,1.275300,1.194800,1148.000000,643877219.000000,1140539392.000000,252489728.000000,1274454016.000000,0.000600,0.000000,0.000000,0.000000,0.007100,0.000000,0.133300,0.000000,0.000000,0.000000,0.002900,0.000000
502,0.822991,1.257200,1.258400,1.173400,1148.000000,643879043.000000,1140539392.000000,252489728.000000,1274454016.000000,0.000700,0.000000,0.000000,0.000000,0.009900,0.000000,0.108700,0.000000,0.000000,0.000000,0.003600,0.000000
503,0.824302,1.310700,1.299800,1.217300,1148.000000,643881035.000000,1140539392.000000,252489728.000000,1274454016.000000,0.000600,0.000000,0.000000,0.000000,0.009400,0.000000,0.129400,0.000000,0.000000,0.000000,0.003300,0.000000
504,0.825594,1.316801,1.324200,1.234100,1148.000000,643881059.000000,1140539392.000000,252489728.000000,1274454016.000000,0.000600,0.000000,0.000000,0.000000,0.009300,0.000000,0.085100,0.000000,0.000000,0.000000,0.003200,0.000000
505,0.827046,1.424802,1.388600,1.305400,1148.000000,643881083.000000,1140539392.000000,252489728.000000,1274454016.000000,0.000600,0.000000,0.000000,0.000000,0.007000,0.000000,0.116200,0.000000,0.000000,0.000000,0.003200,0.000000
506,0.828233,1.211097,1.228100,1.114800,1148.000000,643881107.000000,1140539392.000000,252489728.000000,1274454016.000000,0.000700,0.000000,0.000000,0.000000,0.010400,0.000000,0.079500,0.000000,0.000000,0.000000,0.003200,0.000000
507,0.829564,1.330903,1.340500,1.246300,1200.000000,643881131.000000,1140539392.000000,252489728.000000,1274454016.000000,0.000600,0.000000,0.000000,0.000000,0.008000,0.000000,0.132500,0.000000,0.000000,0.000000,0.002300,0.000000
508,0.831025,1.448902,1.444300,1.361400,1148.000000,643881163.000000,1140539392.000000,252489728.000000,1274454016.000000,0.000600,0.000000,0.000000,0.000000,0.008300,0.000000,0.113300,0.000000,0.000000,0.000000,0.002800,0.000000
509,0.834514,3.506094,3.498500,3.415600,1148.000000,643889360.000000,1140539392.000000,252489728.000000,1274454016.000000,3.071700,0.046700,0.013700,2.962200,0.008700,0.021000,0.009800,0.000600,0.000500,0.012100,0.003200,0.000000
510,0.835870,1.367000,1.377600,1.291000,1148.000000,643886595.000000,1140539392.000000,252489728.000000,1274454016.000000,0.000700,0.000000,0.000000,0.000000,0.009700,0.000000,0.066900,0.000000,0.000000,0.000000,0.002800,0.000000
511,0.837272,1.362904,1.350300,1.272300,1148.000000,643886179.000000,1140539392.000000,252489728.000000,1274454016.000000,0.000600,0.000000,0.000000,0.000000,0.007500,0.000000,0.193900,0.000000,0.000000,0.000000,0.002500,0.000000
512,0.838518,1.255797,1.259500,1.174700,1148.000000,643886211.000000,1140539392.000000,252489728.000000,1274454016.000000,0.000600,0.000000,0.000000,0.000000,0.009900,0.000000,0.121900,0.000000,0.000000,0.000000,0.003300,0.000000
513,0.840097,1.480300,1.428700,1.338500,1148.000000,643889963.000000,1140539392.000000,252489728.000000,1274454016.000000,0.000700,0.000000,0.000000,0.000000,0.009300,0.000000,0.060500,0.000000,0.000000,0.000000,0.002900,0.000000
514,0.841340,1.316199,1.354100,1.228700,1148.000000,643893227.000000,1140539392.000000,252489728.000000,1274454016.000000,0.000800,0.000000,0.000000,0.000000,0.014300,0.000000,0.082700,0.000000,0.000000,0.000000,0.005800,0.000000
515,0.842538,1.227105,1.231400,1.145600,1148.000000,643893251.000000,1140539392.000000,252489728.000000,1274454016.000000,0.000700,0.000000,0.000000,0.000000,0.010300,0.000000,0.091700,0.000000,0.000000,0.000000,0.003400,0.000000
516,0.843937,1.363598,1.278200,1.197200,1148.000000,643893299.000000,1140539392.000000,252489728.000000,1274454016.000000,0.000600,0.000000,0.000000,0.000000,0.008900,0.000000,0.058300,0.000000,0.000000,0.000000,0.003100,0.000000
517,0.845486,1.479401,1.521300,1.351700,1148.000000,643892771.000000,1140539392.000000,252489728.000000,1274454016.000000,0.000700,0.000000,0.000000,0.000000,0.009600,0.000000,0.126600,0.000000,0.000000,0.000000,0.003400,0.000000
518,0.846637,1.261196,1.295000,1.180200,1148.000000,643895515.000000,1140539392.000000,252489728.000000,1274454016.000000,0.000900,0.000000,0.000000,0.000000,0.014200,0.000000,0.104100,0.000000,0.000000,0.000000,0.005200,0.000000
519,0.850249,3.591702,3.571800,3.486700,1148.000000,643897352.000000,1140539392.000000,252489728.000000,1274454016.000000,3.131500,0.048800,0.014400,3.021500,0.007700,0.019100,0.010200,0.000600,0.000500,0.013700,0.002700,0.000000
520,0.851434,1.217503,1.234900,1.139600,1148.000000,643898363.000000,1140539392.000000,252489728.000000,1274454016.000000,0.000900,0.000000,0.000000,0.000000,0.011200,0.000000,0.079700,0.000000,0.000000,0.000000,0.002700,0.000000
521,0.852699,1.277898,1.274800,1.197500,1148.000000,643898387.000000,1140539392.000000,252489728.000000,1274454016.000000,0.000700,0.000000,0.000000,0.000000,0.007900,0.000000,0.138400,0.000000,0.000000,0.000000,0.002600,0.000000
522,0.854048,1.333199,1.332300,1.255400,1148.000000,643898843.000000,1140539392.000000,252489728.000000,1274454016.000000,0.000600,0.000000,0.000000,0.000000,0.006400,0.000000,0.114800,0.000000,0.000000,0.000000,0.002500,0.000000
523,0.855550,1.462599,1.442000,1.359400,1148.000000,643897563.000000,1140539392.000000,252489728.000000,1274454016.000000,0.000700,0.000000,0.000000,0.000000,0.008500,0.000000,0.073300,0.000000,0.000000,0.000000,0.002700,0.000000
524,0.856808,1.276701,1.287200,1.191700,1148.000000,643897587.000000,1140539392.000000,252489728.000000,1274454016.000000,0.000700,0.000000,0.000000,0.000000,0.010300,0.000000,0.099100,0.000000,0.000000,0.000000,0.003100,0.000000
525,0.858380,1.548604,1.372800,1.289300,1148.000000,643901707.000000,1140539392.000000,252489728.000000,1274454016.000000,0.000700,0.000000,0.000000,0.000000,0.009300,0.000000,0.101600,0.000000,0.000000,0.000000,0.003200,0.000000
526,0.859816,1.283397,1.366400,1.114400,1148.000000,643908713.000000,1140539392.000000,252489728.000000,1274454016.000000,0.000600,0.000000,0.000000,0.000000,0.009900,0.000000,0.109100,0.000000,0.000000,0.000000,0.003900,0.000000
527,0.861144,1.453302,1.491400,1.325700,1148.000000,643905859.000000,1140539392.000000,252489728.000000,1274454016.000000,0.000800,0.000000,0.000000,0.000000,0.011700,0.000000,0.081400,0.000000,0.000000,0.000000,0.008300,0.000000
528,0.862388,1.293197,1.329300,1.203700,1148.000000,643906347.000000,1140539392.000000,252489728.000000,1274454016.000000,0.000800,0.000000,0.000000,0.000000,0.010500,0.000000,0.081500,0.000000,0.000000,0.000000,0.004000,0.000000
529,0.863590,1.207802,1.213600,1.125300,1148.000000,643905515.000000,1140539392.000000,252489728.000000,1274454016.000000,0.000800,0.000000,0.000000,0.000000,0.009400,0.000000,0.066600,0.000000,0.000000,0.000000,0.003100,0.000000
530,0.867560,3.922300,3.879200,3.794500,1148.000000,643909072.000000,1140539392.000000,252489728.000000,1274454016.000000,3.436400,0.050100,0.021400,3.312200,0.009800,0.019500,0.010200,0.000600,0.000600,0.016900,0.003100,0.000000
531,0.868755,1.242397,1.275100,1.156000,1148.000000,643910179.000000,1140539392.000000,252489728.000000,1274454016.000000,0.000800,0.000000,0.000000,0.000000,0.020200,0.000000,0.078200,0.000000,0.000000,0.000000,0.003400,0.000000
532,0.870243,1.468105,1.457200,1.370700,1148.000000,643910203.000000,1140539392.000000,252489728.000000,1274454016.000000,0.000600,0.000000,0.000000,0.000000,0.009700,0.000000,0.062500,0.000000,0.000000,0.000000,0.002900,0.000000
533,0.871345,1.142496,1.153900,1.063100,1148.000000,643910227.000000,1140539392.000000,252489728.000000,1274454016.000000,0.000600,0.000000,0.000000,0.000000,0.010600,0.000000,0.064300,0.000000,0.000000,0.000000,0.003600,0.000000
534,0.872531,1.186905,1.188100,1.111200,1148.000000,643911947.000000,1140539392.000000,252489728.000000,1274454016.000000,0.000500,0.000000,0.000000,0.000000,0.006300,0.000000,0.061000,0.000000,0.000000,0.000000,0.002500,0.000000
535,0.873811,1.274596,1.267100,1.190900,1148.000000,643909779.000000,1140539392.000000,252489728.000000,1274454016.000000,0.000600,0.000000,0.000000,0.000000,0.006700,0.000000,0.104200,0.000000,0.000000,0.000000,0.002600,0.000000
536,0.875245,1.429599,1.421700,1.340400,1148.000000,643910227.000000,1140539392.000000,252489728.000000,1274454016.000000,0.000600,0.000000,0.000000,0.000000,0.007100,0.000000,0.110300,0.000000,0.000000,0.000000,0.002900,0.000000
537,0.876587,1.342701,1.343500,1.254200,1148.000000,643913931.000000,1140539392.000000,252489728.000000,1274454016.000000,0.000600,0.000000,0.000000,0.000000,0.008600,0.000000,0.102600,0.000000,0.000000,0.000000,0.003000,0.000000
538,0.877882,1.294799,1.270700,1.189800,1148.000000,643913947.000000,1140539392.000000,252489728.000000,1274454016.000000,0.000700,0.000000,0.000000,0.000000,0.007600,0.000000,0.093200,0.000000,0.000000,0.000000,0.002500,0.000000
539,0.879183,1.305903,1.330300,1.227100,1148.000000,643918067.000000,1140539392.000000,252489728.000000,1274454016.000000,0.000600,0.000000,0.000000,0.000000,0.009200,0.000000,0.137000,0.000000,0.000000,0.000000,0.002600,0.000000
540,0.880677,1.461097,1.456300,1.377000,1148.000000,643918091.000000,1140539392.000000,252489728.000000,1274454016.000000,0.000600,0.000000,0.000000,0.000000,0.008200,0.000000,0.139900,0.000000,0.000000,0.000000,0.002800,0.000000
541,0.884364,3.715703,3.709400,3.628400,1148.000000,643924175.000000,1140539392.000000,252489728.000000,1274454016.000000,3.200300,0.048000,0.076000,3.025000,0.006800,0.019000,0.009500,0.000600,0.000500,0.014800,0.006600,0.000000
542,0.885727,1.376098,1.381300,1.297900,1148.000000,643923699.000000,1140539392.000000,252489728.000000,1274454016.000000,0.000600,0.000000,0.000000,0.000000,0.009300,0.000000,0.109600,0.000000,0.000000,0.000000,0.003200,0.000000
543,0.887056,1.290703,1.278400,1.197400,1148.000000,643922443.000000,1140539392.000000,252489728.000000,1274454016.000000,0.000600,0.000000,0.000000,0.000000,0.006600,0.000000,0.115100,0.000000,0.000000,0.000000,0.002800,0.000000
544,0.888302,1.248101,1.242100,1.155500,1148.000000,643922467.000000,1140539392.000000,252489728.000000,1274454016.000000,0.000700,0.000000,0.000000,0.000000,0.009800,0.000000,0.105900,0.000000,0.000000,0.000000,0.003300,0.000000
545,0.889515,1.242000,1.248100,1.159200,1148.000000,643921907.000000,1140539392.000000,252489728.000000,1274454016.000000,0.000700,0.000000,0.000000,0.000000,0.009500,0.000000,0.116500,0.000000,0.000000,0.000000,0.003400,0.000000
546,0.890887,1.356994,1.353300,1.270800,1148.000000,643921907.000000,1140539392.000000,252489728.000000,1274454016.000000,0.000700,0.000000,0.000000,0.000000,0.007800,0.000000,0.110200,0.000000,0.000000,0.000000,0.002900,0.000000
547,0.892253,1.362705,1.344400,1.261800,1148.000000,643921995.000000,1140539392.000000,252489728.000000,1274458112.000000,0.000700,0.000000,0.000000,0.000000,0.008100,0.000000,0.102600,0.000000,0.000000,0.000000,0.003000,0.000000
548,0.893553,1.296400,1.306000,1.207900,1148.000000,643926115.000000,1140539392.000000,252489728.000000,1274523648.000000,0.000700,0.000000,0.000000,0.000000,0.008700,0.000000,0.129600,0.000000,0.000000,0.000000,0.002800,0.000000
549,0.894800,1.268998,1.273700,1.188700,1148.000000,643926139.000000,1140539392.000000,252489728.000000,1274523648.000000,0.000700,0.000000,0.000000,0.000000,0.009100,0.000000,0.119400,0.000000,0.000000,0.000000,0.002700,0.000000
550,0.896227,1.407802,1.405600,1.326000,1148.000000,643928779.000000,1140539392.000000,252489728.000000,1274523648.000000,0.000700,0.000000,0.000000,0.000000,0.008600,0.000000,0.117300,0.000000,0.000000,0.000000,0.002600,0.000000
551,0.897473,1.277296,1.278500,1.199900,1148.000000,643930283.000000,1140539392.000000,252489728.000000,1274523648.000000,0.000700,0.000000,0.000000,0.000000,0.006700,0.000000,0.076500,0.000000,0.000000,0.000000,0.003300,0.000000
552,0.901624,4.064498,4.034000,3.951400,1148.000000,643934128.000000,1140539392.000000,252489728.000000,1274523648.000000,3.605400,0.044800,0.013500,3.488800,0.006000,0.022100,0.011200,0.000600,0.000500,0.019100,0.002600,0.000000
553,0.902833,1.262302,1.276900,1.173600,1148.000000,643935043.000000,1140539392.000000,252489728.000000,1274523648.000000,0.000700,0.000000,0.000000,0.000000,0.010100,0.000000,0.096800,0.000000,0.000000,0.000000,0.003500,0.000000
554,0.904351,1.399001,1.396400,1.308700,1148.000000,643935067.000000,1140539392.000000,252489728.000000,1274523648.000000,0.000900,0.000000,0.000000,0.000000,0.009400,0.000000,0.152600,0.000000,0.000000,0.000000,0.003000,0.000000
555,0.905645,1.400503,1.391600,1.304200,1148.000000,643935091.000000,1140539392.000000,252489728.000000,1274527744.000000,0.000800,0.000000,0.000000,0.000000,0.007700,0.000000,0.117900,0.000000,0.000000,0.000000,0.004600,0.000000
556,0.906767,1.151198,1.161000,1.070900,1148.000000,643934531.000000,1140539392.000000,252489728.000000,1274527744.000000,0.000600,0.000000,0.000000,0.000000,0.009700,0.000000,0.073900,0.000000,0.000000,0.000000,0.003300,0.000000
557,0.907962,1.208503,1.193300,1.115400,1148.000000,643935019.000000,1140539392.000000,252489728.000000,1274527744.000000,0.000700,0.000000,0.000000,0.000000,0.007300,0.000000,0.072500,0.000000,0.000000,0.000000,0.002600,0.000000
558,0.909207,1.237996,1.252600,1.161400,1148.000000,643934611.000000,1140539392.000000,252489728.000000,1274527744.000000,0.000400,0.000000,0.000000,0.000000,0.007100,0.000000,0.127900,0.000000,0.000000,0.000000,0.002300,0.000000
559,0.910530,1.330201,1.328000,1.252500,1148.000000,643938307.000000,1140539392.000000,252489728.000000,1274527744.000000,0.000600,0.000000,0.000000,0.000000,0.007600,0.000000,0.084000,0.000000,0.000000,0.000000,0.002700,0.000000
560,0.911813,1.244898,1.224200,1.146200,1148.000000,643938307.000000,1140539392.000000,252489728.000000,1274527744.000000,0.000600,0.000000,0.000000,0.000000,0.006500,0.000000,0.097800,0.000000,0.000000,0.000000,0.002700,0.000000
561,0.913052,1.260402,1.271500,1.178000,1148.000000,643942387.000000,1140539392.000000,252489728.000000,1274527744.000000,0.000600,0.000000,0.000000,0.000000,0.009500,0.000000,0.090200,0.000000,0.000000,0.000000,0.003300,0.000000
562,0.914414,1.341397,1.332700,1.251000,1148.000000,643942475.000000,1140539392.000000,252489728.000000,1274527744.000000,0.000600,0.000000,0.000000,0.000000,0.007500,0.000000,0.139800,0.000000,0.000000,0.000000,0.002900,0.000000
563,0.920105,5.591100,5.543000,4.451400,1148.000000,643941301.000000,1140539392.000000,252489728.000000,1274531840.000000,3.958100,0.055700,0.014500,3.834600,0.009600,0.023700,0.010800,0.000500,0.000500,0.020300,0.003300,0.000000
564,0.920737,0.651502,0.614500,0.488600,1148.000000,643950169.000000,1140539392.000000,252489728.000000,1274531840.000000,0.000700,0.000000,0.000000,0.000000,0.011500,0.000000,0.013000,0.000000,0.000000,0.000000,0.004500,0.000000
565,0.921853,1.181696,1.202400,1.043600,1148.000000,643951827.000000,1140539392.000000,252489728.000000,1274531840.000000,0.000800,0.000000,0.000000,0.000000,0.014400,0.000000,0.020200,0.000000,0.000000,0.000000,0.005300,0.000000
566,0.922950,1.133603,1.186500,1.051500,1148.000000,643954051.000000,1140539392.000000,252489728.000000,1274531840.000000,0.000700,0.000000,0.000000,0.000000,0.009900,0.000000,0.049600,0.000000,0.000000,0.000000,0.003500,0.000000
567,0.924549,1.506101,1.441900,1.355100,1148.000000,643950299.000000,1140539392.000000,252489728.000000,1274531840.000000,0.000600,0.000000,0.000000,0.000000,0.006900,0.000000,0.069500,0.000000,0.000000,0.000000,0.002900,0.000000
568,0.925582,1.072598,1.133900,0.990200,1148.000000,643950835.000000,1140539392.000000,252489728.000000,1274531840.000000,0.000700,0.000000,0.000000,0.000000,0.009900,0.000000,0.060900,0.000000,0.000000,0.000000,0.004100,0.000000
569,0.926929,1.333099,1.287000,1.180300,1148.000000,643950859.000000,1140539392.000000,252489728.000000,1274531840.000000,0.000700,0.000000,0.000000,0.000000,0.007500,0.000000,0.060100,0.000000,0.000000,0.000000,0.003800,0.000000
570,0.928238,1.292503,1.277600,1.157300,1148.000000,643954979.000000,1140539392.000000,252489728.000000,1274531840.000000,0.000700,0.000000,0.000000,0.000000,0.010100,0.000000,0.101800,0.000000,0.000000,0.000000,0.006400,0.000000
571,0.930511,2.202402,2.239800,2.103400,1148.000000,643954499.000000,1140539392.000000,252489728.000000,1274531840.000000,0.000800,0.000000,0.000000,0.000000,0.013300,0.000000,0.247200,0.000000,0.000000,0.000000,0.005000,0.000000
572,0.933240,2.855400,2.862200,2.768800,1148.000000,643959592.000000,1140539392.000000,252489728.000000,1274531840.000000,2.261800,0.052000,0.020300,2.142200,0.008800,0.021500,0.009400,0.000600,0.000700,0.016200,0.005700,0.000000
573,0.934549,1.317900,1.315900,1.227500,1148.000000,643955803.000000,1140539392.000000,252489728.000000,1274531840.000000,0.000700,0.000000,0.000000,0.000000,0.010100,0.000000,0.124300,0.000000,0.000000,0.000000,0.003000,0.000000
574,0.935964,1.416100,1.414000,1.326100,1148.000000,643956251.000000,1140539392.000000,252489728.000000,1274531840.000000,0.000700,0.000000,0.000000,0.000000,0.008600,0.000000,0.097500,0.000000,0.000000,0.000000,0.003400,0.000000
575,0.937137,1.191001,1.192700,1.108200,1148.000000,643955859.000000,1140539392.000000,252489728.000000,1274531840.000000,0.000700,0.000000,0.000000,0.000000,0.009600,0.000000,0.078800,0.000000,0.000000,0.000000,0.002800,0.000000
576,0.938328,1.194997,1.197200,1.117600,1148.000000,643959283.000000,1140539392.000000,252489728.000000,1274531840.000000,0.000700,0.000000,0.000000,0.000000,0.008700,0.000000,0.084100,0.000000,0.000000,0.000000,0.002600,0.000000
577,0.939607,1.287401,1.285200,1.209100,1148.000000,643962979.000000,1140539392.000000,252489728.000000,1274531840.000000,0.000700,0.000000,0.000000,0.000000,0.008000,0.000000,0.120200,0.000000,0.000000,0.000000,0.002800,0.000000
578,0.941060,1.394799,1.379700,1.300100,1148.000000,643963003.000000,1140539392.000000,252489728.000000,1274531840.000000,0.000600,0.000000,0.000000,0.000000,0.007100,0.000000,0.147600,0.000000,0.000000,0.000000,0.002500,0.000000
579,0.942297,1.262500,1.264600,1.175100,1148.000000,643963027.000000,1140539392.000000,252489728.000000,1274531840.000000,0.000600,0.000000,0.000000,0.000000,0.010100,0.000000,0.100600,0.000000,0.000000,0.000000,0.003100,0.000000
580,0.943441,1.168304,1.167900,1.086300,1148.000000,643963051.000000,1140539392.000000,252489728.000000,1274531840.000000,0.000600,0.000000,0.000000,0.000000,0.009600,0.000000,0.080100,0.000000,0.000000,0.000000,0.003300,0.000000
581,0.945000,1.545996,1.544100,1.462100,1148.000000,643967179.000000,1140539392.000000,252489728.000000,1274531840.000000,0.000800,0.000000,0.000000,0.000000,0.007400,0.000000,0.098300,0.000000,0.000000,0.000000,0.002700,0.000000
582,0.946200,1.230499,1.234600,1.155900,1148.000000,643969387.000000,1140539392.000000,252489728.000000,1274531840.000000,0.000700,0.000000,0.000000,0.000000,0.009300,0.000000,0.082400,0.000000,0.000000,0.000000,0.002900,0.000000
583,0.947464,1.251701,1.242100,1.169900,1148.000000,643967219.000000,1140539392.000000,252489728.000000,1274531840.000000,0.000500,0.000000,0.000000,0.000000,0.005800,0.000000,0.083300,0.000000,0.000000,0.000000,0.002400,0.000000
584,0.951468,3.931399,3.880000,3.787500,1148.000000,643968531.000000,1140539392.000000,252489728.000000,1274531840.000000,3.401000,0.047000,0.013900,3.274400,0.007800,0.024700,0.012300,0.000500,0.000500,0.023000,0.003100,0.000000
585,0.952569,1.159800,1.205200,1.078100,1148.000000,643968035.000000,1140539392.000000,252489728.000000,1274531840.000000,0.000800,0.000000,0.000000,0.000000,0.014100,0.000000,0.067800,0.000000,0.000000,0.000000,0.003200,0.000000
586,0.954516,1.188804,1.189000,1.110100,1148.000000,643968523.000000,1140539392.000000,252489728.000000,1274531840.000000,0.000600,0.000000,0.000000,0.000000,0.008700,0.000000,0.069700,0.000000,0.000000,0.000000,0.002700,0.000000
587,0.955097,1.277395,1.271200,1.192400,1148.000000,643971787.000000,1140539392.000000,252489728.000000,1274531840.000000,0.000600,0.000000,0.000000,0.000000,0.008500,0.000000,0.068200,0.000000,0.000000,0.000000,0.003600,0.000000
588,0.956459,1.419303,1.408400,1.326100,1148.000000,643971075.000000,1140539392.000000,252489728.000000,1274531840.000000,0.001200,0.000000,0.000000,0.000000,0.006900,0.000000,0.112500,0.000000,0.000000,0.000000,0.004500,0.000000
589,0.957845,1.337698,1.339100,1.251200,1148.000000,643971123.000000,1140539392.000000,252489728.000000,1274531840.000000,0.000500,0.000000,0.000000,0.000000,0.008700,0.000000,0.115700,0.000000,0.000000,0.000000,0.003000,0.000000
590,0.960439,2.585105,1.337600,1.245800,1148.000000,643976051.000000,1140539392.000000,252489728.000000,1274531840.000000,0.000800,0.000000,0.000000,0.000000,0.008300,0.000000,0.086100,0.000000,0.000000,0.000000,0.007400,0.000000
591,0.961348,0.886295,2.059300,0.750800,1148.000000,643974731.000000,1140539392.000000,252489728.000000,1274531840.000000,0.000600,0.000000,0.000000,0.000000,0.010500,0.000000,0.158800,0.000000,0.000000,0.000000,0.003700,0.000000
592,0.962384,1.108503,0.986100,0.832000,1148.000000,643975267.000000,1140539392.000000,252489728.000000,1274531840.000000,0.000900,0.000000,0.000000,0.000000,0.013800,0.000000,0.078500,0.000000,0.000000,0.000000,0.005400,0.000000
593,0.963599,1.165398,1.338800,1.067200,1148.000000,643979387.000000,1140539392.000000,252489728.000000,1274531840.000000,0.000600,0.000000,0.000000,0.000000,0.009000,0.000000,0.150700,0.000000,0.000000,0.000000,0.002900,0.000000
594,0.967879,4.298101,4.289800,4.191100,1148.000000,643983089.000000,1140539392.000000,252489728.000000,1274531840.000000,3.714500,0.083700,0.019200,3.547500,0.010800,0.026400,0.015700,0.000800,0.000700,0.018300,0.005700,0.000000
595,0.969466,1.371400,1.378200,1.277600,1148.000000,643980251.000000,1140539392.000000,252489728.000000,1274531840.000000,0.000600,0.000000,0.000000,0.000000,0.011600,0.000000,0.142900,0.000000,0.000000,0.000000,0.003400,0.000000
596,0.970512,1.299497,1.304000,1.212900,1148.000000,643980267.000000,1140539392.000000,252489728.000000,1274531840.000000,0.000600,0.000000,0.000000,0.000000,0.010300,0.000000,0.074300,0.000000,0.000000,0.000000,0.003500,0.000000
597,0.971744,1.222902,1.224000,1.139200,1148.000000,643980291.000000,1140539392.000000,252489728.000000,1274531840.000000,0.000600,0.000000,0.000000,0.000000,0.008700,0.000000,0.107000,0.000000,0.000000,0.000000,0.002900,0.000000
598,0.972869,1.155400,1.159100,1.079600,1148.000000,643985835.000000,1140539392.000000,252489728.000000,1274531840.000000,0.000600,0.000000,0.000000,0.000000,0.008800,0.000000,0.060200,0.000000,0.000000,0.000000,0.003100,0.000000
599,0.974497,1.460601,1.442800,1.366800,1148.000000,643983139.000000,1140539392.000000,252489728.000000,1274531840.000000,0.000500,0.000000,0.000000,0.000000,0.006000,0.000000,0.123900,0.000000,0.000000,0.000000,0.002100,0.000000
600,0.975754,1.409800,1.263400,1.173000,1148.000000,643983683.000000,1140539392.000000,252489728.000000,1274531840.000000,0.000800,0.000000,0.000000,0.000000,0.009600,0.000000,0.079500,0.000000,0.000000,0.000000,0.007400,0.000000
601,0.976955,1.170798,1.249100,1.018400,1148.000000,643984171.000000,1140539392.000000,252489728.000000,1274531840.000000,0.000600,0.000000,0.000000,0.000000,0.008200,0.000000,0.069200,0.000000,0.000000,0.000000,0.003600,0.000000
602,0.978212,1.288903,1.340000,1.190600,1148.000000,643987435.000000,1140539392.000000,252489728.000000,1274531840.000000,0.000700,0.000000,0.000000,0.000000,0.010000,0.000000,0.128900,0.000000,0.000000,0.000000,0.003400,0.000000
603,0.979494,1.283397,1.286400,1.188900,1148.000000,643987459.000000,1140539392.000000,252489728.000000,1274531840.000000,0.000600,0.000000,0.000000,0.000000,0.009000,0.000000,0.123900,0.000000,0.000000,0.000000,0.002900,0.000000
604,0.980915,1.391702,1.401400,1.308600,1148.000000,643991979.000000,1140539392.000000,252489728.000000,1274597376.000000,0.000600,0.000000,0.000000,0.000000,0.008600,0.000000,0.122200,0.000000,0.000000,0.000000,0.002800,0.000000
605,0.984324,3.441801,3.437300,3.356000,1148.000000,643997639.000000,1140539392.000000,252489728.000000,1274597376.000000,3.009000,0.047200,0.013600,2.901900,0.007000,0.017700,0.009600,0.000700,0.000700,0.013300,0.002700,0.000000
606,0.985706,1.357100,1.350300,1.264400,1148.000000,643992907.000000,1140539392.000000,252489728.000000,1274597376.000000,0.000500,0.000000,0.000000,0.000000,0.009400,0.000000,0.116600,0.000000,0.000000,0.000000,0.002600,0.000000
607,0.986866,1.162195,1.168200,1.083300,1148.000000,643992507.000000,1140539392.000000,252489728.000000,1274597376.000000,0.000700,0.000000,0.000000,0.000000,0.009400,0.000000,0.081600,0.000000,0.000000,0.000000,0.003500,0.000000
608,0.988060,1.215405,1.216400,1.139000,1148.000000,643992531.000000,1140539392.000000,252489728.000000,1274597376.000000,0.000700,0.000000,0.000000,0.000000,0.006800,0.000000,0.084100,0.000000,0.000000,0.000000,0.003700,0.000000
609,0.989402,1.318594,1.302900,1.226000,1148.000000,643995819.000000,1140539392.000000,252489728.000000,1274597376.000000,0.000600,0.000000,0.000000,0.000000,0.008100,0.000000,0.128400,0.000000,0.000000,0.000000,0.002900,0.000000
610,0.990695,1.311600,1.316600,1.229300,1148.000000,643995851.000000,1140539392.000000,252489728.000000,1274597376.000000,0.000600,0.000000,0.000000,0.000000,0.008300,0.000000,0.081800,0.000000,0.000000,0.000000,0.003100,0.000000
611,0.992008,1.305506,1.302200,1.220800,1148.000000,643995867.000000,1140539392.000000,252489728.000000,1274597376.000000,0.000700,0.000000,0.000000,0.000000,0.007600,0.000000,0.132500,0.000000,0.000000,0.000000,0.002800,0.000000
612,0.993260,1.265993,1.266000,1.185300,1148.000000,643995891.000000,1140539392.000000,252489728.000000,1274597376.000000,0.000600,0.000000,0.000000,0.000000,0.008900,0.000000,0.082000,0.000000,0.000000,0.000000,0.002900,0.000000
613,0.994581,1.320401,1.317700,1.238600,1148.000000,643995915.000000,1140539392.000000,252489728.000000,1274597376.000000,0.000500,0.000000,0.000000,0.000000,0.008400,0.000000,0.118700,0.000000,0.000000,0.000000,0.002800,0.000000
614,0.996137,1.437500,1.436200,1.358100,1148.000000,643998131.000000,1140539392.000000,252489728.000000,1274597376.000000,0.000600,0.000000,0.000000,0.000000,0.006700,0.000000,0.012700,0.000000,0.000000,0.000000,0.002600,0.000000
615,0.997421,1.364399,1.337700,1.225700,1148.000000,644004163.000000,1140539392.000000,252489728.000000,1274597376.000000,0.000900,0.000000,0.000000,0.000000,0.014600,0.000000,0.012300,0.000000,0.000000,0.000000,0.005200,0.000000
616,1.001007,3.561402,3.546000,3.443200,1148.000000,644008625.000000,1140539392.000000,252489728.000000,1274597376.000000,3.041300,0.050200,0.016400,2.918900,0.009800,0.022000,0.012200,0.000600,0.000500,0.018400,0.003200,0.000000
617,1.002098,1.146804,1.178700,1.066300,1148.000000,644004707.000000,1140539392.000000,252489728.000000,1274597376.000000,0.000700,0.000000,0.000000,0.000000,0.011600,0.000000,0.059500,0.000000,0.000000,0.000000,0.003100,0.000000
618,1.003259,1.170798,1.172900,1.094700,1148.000000,644004747.000000,1140539392.000000,252489728.000000,1274597376.000000,0.000700,0.000000,0.000000,0.000000,0.008800,0.000000,0.067600,0.000000,0.000000,0.000000,0.002900,0.000000
619,1.004585,1.303798,1.291000,1.213100,1148.000000,644004755.000000,1140539392.000000,252489728.000000,1274597376.000000,0.000700,0.000000,0.000000,0.000000,0.006400,0.000000,0.119900,0.000000,0.000000,0.000000,0.003400,0.000000
620,1.005919,1.341504,1.336800,1.249400,1148.000000,644003915.000000,1140539392.000000,252489728.000000,1274597376.000000,0.000800,0.000000,0.000000,0.000000,0.007700,0.000000,0.113600,0.000000,0.000000,0.000000,0.002900,0.000000
621,1.007281,1.344600,1.330800,1.223800,1148.000000,644007523.000000,1140539392.000000,252489728.000000,1274597376.000000,0.000700,0.000000,0.000000,0.000000,0.009000,0.000000,0.131300,0.000000,0.000000,0.000000,0.002800,0.000000
622,1.008532,1.254500,1.265700,1.169400,1148.000000,644008483.000000,1140539392.000000,252489728.000000,1274597376.000000,0.000700,0.000000,0.000000,0.000000,0.010100,0.000000,0.120000,0.000000,0.000000,0.000000,0.003500,0.000000
623,1.009822,1.312195,1.311000,1.228000,1148.000000,644008083.000000,1140539392.000000,252489728.000000,1274597376.000000,0.000700,0.000000,0.000000,0.000000,0.009400,0.000000,0.131500,0.000000,0.000000,0.000000,0.003500,0.000000
624,1.011304,1.471705,1.465800,1.380400,1148.000000,644008107.000000,1140539392.000000,252489728.000000,1274597376.000000,0.000700,0.000000,0.000000,0.000000,0.008600,0.000000,0.104200,0.000000,0.000000,0.000000,0.003000,0.000000
625,1.012532,1.248696,1.254200,1.169100,1148.000000,644008139.000000,1140539392.000000,252489728.000000,1274597376.000000,0.000700,0.000000,0.000000,0.000000,0.008900,0.000000,0.060800,0.000000,0.000000,0.000000,0.002900,0.000000
626,1.013800,1.269898,1.271200,1.193200,1148.000000,644012251.000000,1140539392.000000,252489728.000000,1274597376.000000,0.000700,0.000000,0.000000,0.000000,0.006800,0.000000,0.109700,0.000000,0.000000,0.000000,0.002500,0.000000
627,1.017537,3.702105,3.685600,3.605400,1148.000000,644016480.000000,1140539392.000000,252489728.000000,1274597376.000000,3.286700,0.046500,0.013400,3.178600,0.007500,0.018700,0.010200,0.000600,0.000500,0.013900,0.002800,0.000000
628,1.018733,1.239697,1.250500,1.163800,1148.000000,644017347.000000,1140539392.000000,252489728.000000,1274597376.000000,0.000500,0.000000,0.000000,0.000000,0.010500,0.000000,0.071200,0.000000,0.000000,0.000000,0.002600,0.000000
629,1.020177,1.404301,1.397200,1.320800,1148.000000,644017379.000000,1140539392.000000,252489728.000000,1274597376.000000,0.000600,0.000000,0.000000,0.000000,0.007400,0.000000,0.108900,0.000000,0.000000,0.000000,0.002200,0.000000
630,1.021301,1.164498,1.167300,1.086500,1148.000000,644020507.000000,1140539392.000000,252489728.000000,1274597376.000000,0.000700,0.000000,0.000000,0.000000,0.008900,0.000000,0.062600,0.000000,0.000000,0.000000,0.002900,0.000000
631,1.022540,1.234800,1.230600,1.155300,1148.000000,644016107.000000,1140539392.000000,252489728.000000,1274597376.000000,0.000500,0.000000,0.000000,0.000000,0.006800,0.000000,0.071100,0.000000,0.000000,0.000000,0.002300,0.000000
632,1.023793,1.248604,1.248900,1.171700,1148.000000,644020227.000000,1140539392.000000,252489728.000000,1274597376.000000,0.000600,0.000000,0.000000,0.000000,0.006600,0.000000,0.084600,0.000000,0.000000,0.000000,0.002500,0.000000
633,1.025449,1.608298,1.554000,1.474200,1148.000000,644020275.000000,1140539392.000000,252489728.000000,1274597376.000000,0.000600,0.000000,0.000000,0.000000,0.007600,0.000000,0.111200,0.000000,0.000000,0.000000,0.002700,0.000000
634,1.026830,1.411203,1.452600,1.326500,1148.000000,644020259.000000,1140539392.000000,252489728.000000,1274597376.000000,0.000700,0.000000,0.000000,0.000000,0.008500,0.000000,0.158100,0.000000,0.000000,0.000000,0.003200,0.000000
635,1.028177,1.320699,1.309900,1.221900,1148.000000,644020299.000000,1140539392.000000,252489728.000000,1274597376.000000,0.000600,0.000000,0.000000,0.000000,0.008900,0.000000,0.116200,0.000000,0.000000,0.000000,0.002700,0.000000
636,1.029720,1.322796,1.292100,1.198300,1148.000000,644020323.000000,1140539392.000000,252489728.000000,1274597376.000000,0.000700,0.000000,0.000000,0.000000,0.010200,0.000000,0.113100,0.000000,0.000000,0.000000,0.003700,0.000000
637,1.030990,1.482603,1.505800,1.382300,1200.000000,644024443.000000,1140539392.000000,252489728.000000,1274597376.000000,0.000700,0.000000,0.000000,0.000000,0.009900,0.000000,0.119600,0.000000,0.000000,0.000000,0.006700,0.000000
638,1.034868,3.830400,3.813000,3.703300,1148.000000,644032921.000000,1140539392.000000,252489728.000000,1274597376.000000,3.143600,0.057300,0.017900,3.010900,0.011400,0.025600,0.013500,0.000600,0.000500,0.015500,0.003200,0.000000
639,1.036293,1.409999,1.401400,1.295000,1148.000000,644032097.000000,1140539392.000000,252489728.000000,1274597376.000000,0.000700,0.000000,0.000000,0.000000,0.014800,0.000000,0.014200,0.000000,0.000000,0.000000,0.004000,0.000000
640,1.037630,1.401403,1.275200,1.172200,1148.000000,644029651.000000,1140539392.000000,252489728.000000,1274597376.000000,0.000900,0.000000,0.000000,0.000000,0.013900,0.000000,0.085100,0.000000,0.000000,0.000000,0.005500,0.000000
641,1.039907,2.160898,1.365600,1.126500,1148.000000,644033259.000000,1140539392.000000,252489728.000000,1274597376.000000,0.000700,0.000000,0.000000,0.000000,0.010400,0.000000,0.049900,0.000000,0.000000,0.000000,0.003400,0.000000
642,1.041439,1.636600,1.573900,0.513900,1148.000000,644028683.000000,1140539392.000000,252489728.000000,1274597376.000000,0.000800,0.000000,0.000000,0.000000,0.016300,0.000000,0.012100,0.000000,0.000000,0.000000,0.004000,0.000000
643,1.041882,0.482901,1.480100,0.397000,1148.000000,644035265.000000,1140539392.000000,252489728.000000,1274597376.000000,0.000600,0.000000,0.000000,0.000000,0.010300,0.000000,0.012900,0.000000,0.000000,0.000000,0.003500,0.000000
644,1.043184,1.245897,1.245200,1.158800,1148.000000,644033259.000000,1140539392.000000,252489728.000000,1274597376.000000,0.000700,0.000000,0.000000,0.000000,0.009200,0.000000,0.076900,0.000000,0.000000,0.000000,0.002900,0.000000
645,1.044922,1.386302,1.377200,1.292800,1148.000000,644033323.000000,1140539392.000000,252489728.000000,1274597376.000000,0.000700,0.000000,0.000000,0.000000,0.008200,0.000000,0.112400,0.000000,0.000000,0.000000,0.004200,0.000000
646,1.046026,1.489895,1.483300,1.390200,1148.000000,644038779.000000,1140539392.000000,252489728.000000,1274597376.000000,0.000900,0.000000,0.000000,0.000000,0.255500,0.000000,0.106000,0.000000,0.000000,0.000000,0.006800,0.000000
647,1.047266,1.251403,1.265600,1.175700,1148.000000,644036611.000000,1140539392.000000,252489728.000000,1274597376.000000,0.000700,0.000000,0.000000,0.000000,0.010200,0.000000,0.114700,0.000000,0.000000,0.000000,0.003400,0.000000
648,1.051432,4.157802,4.139900,4.059600,1148.000000,644039952.000000,1140539392.000000,252489728.000000,1274597376.000000,3.714600,0.046600,0.013400,3.606300,0.007600,0.019600,0.009600,0.000600,0.000700,0.013700,0.003400,0.000000
649,1.052620,1.223101,1.235700,1.146100,1148.000000,644041035.000000,1140539392.000000,252489728.000000,1274597376.000000,0.000600,0.000000,0.000000,0.000000,0.009700,0.000000,0.078400,0.000000,0.000000,0.000000,0.002800,0.000000
650,1.053904,1.256300,1.248500,1.168700,1148.000000,644041059.000000,1140539392.000000,252489728.000000,1274597376.000000,0.000700,0.000000,0.000000,0.000000,0.006400,0.000000,0.110700,0.000000,0.000000,0.000000,0.002700,0.000000
651,1.055257,1.356597,1.353700,1.269800,1148.000000,644041083.000000,1140539392.000000,252489728.000000,1274597376.000000,0.000700,0.000000,0.000000,0.000000,0.009800,0.000000,0.118200,0.000000,0.000000,0.000000,0.003200,0.000000
652,1.056449,1.215802,1.212100,1.129500,1148.000000,644040851.000000,1140539392.000000,252489728.000000,1274597376.000000,0.000700,0.000000,0.000000,0.000000,0.009400,0.000000,0.076900,0.000000,0.000000,0.000000,0.003000,0.000000
653,1.057839,1.359099,1.281600,1.195500,1148.000000,644044971.000000,1140539392.000000,252489728.000000,1274597376.000000,0.000600,0.000000,0.000000,0.000000,0.006800,0.000000,0.107700,0.000000,0.000000,0.000000,0.002600,0.000000
654,1.059187,1.364399,1.435400,1.277100,1148.000000,644049523.000000,1140539392.000000,252489728.000000,1274597376.000000,0.000700,0.000000,0.000000,0.000000,0.010000,0.000000,0.120800,0.000000,0.000000,0.000000,0.003000,0.000000
655,1.060628,1.432398,1.432700,1.346500,1148.000000,644049115.000000,1140539392.000000,252489728.000000,1274597376.000000,0.000800,0.000000,0.000000,0.000000,0.008600,0.000000,0.092900,0.000000,0.000000,0.000000,0.003000,0.000000
656,1.062042,1.399603,1.396300,1.310800,1148.000000,644049139.000000,1140539392.000000,252489728.000000,1274597376.000000,0.000800,0.000000,0.000000,0.000000,0.007000,0.000000,0.129100,0.000000,0.000000,0.000000,0.003300,0.000000
657,1.063298,1.286402,1.287900,1.205500,1148.000000,644049163.000000,1140539392.000000,252489728.000000,1274597376.000000,0.000600,0.000000,0.000000,0.000000,0.010000,0.000000,0.104700,0.000000,0.000000,0.000000,0.003500,0.000000
658,1.067107,3.775595,3.752300,3.669400,1148.000000,644053248.000000,1140539392.000000,252489728.000000,1274597376.000000,3.317100,0.048700,0.013300,3.198800,0.006700,0.022300,0.011200,0.000600,0.000600,0.017400,0.002600,0.000000
659,1.068367,1.278501,1.267900,1.170200,1148.000000,644050435.000000,1140539392.000000,252489728.000000,1274597376.000000,0.000700,0.000000,0.000000,0.000000,0.008900,0.000000,0.065800,0.000000,0.000000,0.000000,0.003400,0.000000
660,1.069683,1.311203,1.329900,1.220700,1148.000000,644053699.000000,1140539392.000000,252489728.000000,1274597376.000000,0.000800,0.000000,0.000000,0.000000,0.009300,0.000000,0.138700,0.000000,0.000000,0.000000,0.003000,0.000000
661,1.070946,1.285601,1.275400,1.189000,1148.000000,644053723.000000,1140539392.000000,252489728.000000,1274597376.000000,0.000700,0.000000,0.000000,0.000000,0.009000,0.000000,0.080800,0.000000,0.000000,0.000000,0.003200,0.000000
662,1.072218,1.287401,1.303600,1.211700,1148.000000,644055211.000000,1140539392.000000,252489728.000000,1274597376.000000,0.000600,0.000000,0.000000,0.000000,0.007100,0.000000,0.128000,0.000000,0.000000,0.000000,0.003000,0.000000
663,1.073509,1.262996,1.254300,1.177500,1148.000000,644053027.000000,1140539392.000000,252489728.000000,1274597376.000000,0.000600,0.000000,0.000000,0.000000,0.005700,0.000000,0.108500,0.000000,0.000000,0.000000,0.002300,0.000000
664,1.074859,1.341702,1.337500,1.256700,1148.000000,644053067.000000,1140539392.000000,252489728.000000,1274597376.000000,0.000700,0.000000,0.000000,0.000000,0.008700,0.000000,0.122100,0.000000,0.000000,0.000000,0.002900,0.000000
665,1.076187,1.348101,1.348900,1.267300,1148.000000,644057187.000000,1140539392.000000,252489728.000000,1274662912.000000,0.000700,0.000000,0.000000,0.000000,0.007400,0.000000,0.135700,0.000000,0.000000,0.000000,0.002900,0.000000
666,1.077528,1.343197,1.332200,1.251100,1148.000000,644061307.000000,1140539392.000000,252489728.000000,1274662912.000000,0.000700,0.000000,0.000000,0.000000,0.008100,0.000000,0.074300,0.000000,0.000000,0.000000,0.003300,0.000000
667,1.078776,1.268502,1.271900,1.183800,1148.000000,644061331.000000,1140539392.000000,252489728.000000,1274662912.000000,0.000600,0.000000,0.000000,0.000000,0.007900,0.000000,0.101000,0.000000,0.000000,0.000000,0.002800,0.000000
668,1.080273,1.459099,1.442300,1.359600,1148.000000,644061355.000000,1140539392.000000,252489728.000000,1274662912.000000,0.000600,0.000000,0.000000,0.000000,0.006600,0.000000,0.127900,0.000000,0.000000,0.000000,0.002700,0.000000
669,1.083824,3.574603,3.589600,3.494500,1148.000000,644067143.000000,1140539392.000000,252489728.000000,1274662912.000000,3.172500,0.046600,0.012900,3.067700,0.007100,0.018400,0.009700,0.000800,0.000500,0.012000,0.002800,0.000000
670,1.085297,1.457894,1.457100,1.378400,1148.000000,644062627.000000,1140539392.000000,252489728.000000,1274662912.000000,0.000500,0.000000,0.000000,0.000000,0.009200,0.000000,0.116700,0.000000,0.000000,0.000000,0.002400,0.000000
671,1.086594,1.300404,1.294300,1.216700,1148.000000,644065899.000000,1140539392.000000,252489728.000000,1274662912.000000,0.000600,0.000000,0.000000,0.000000,0.007000,0.000000,0.122300,0.000000,0.000000,0.000000,0.003300,0.000000
672,1.087827,1.251495,1.253400,1.173100,1148.000000,644065923.000000,1140539392.000000,252489728.000000,1274662912.000000,0.000700,0.000000,0.000000,0.000000,0.008600,0.000000,0.127800,0.000000,0.000000,0.000000,0.002600,0.000000
673,1.089774,1.752105,1.670600,1.546600,1148.000000,644065091.000000,1140539392.000000,252489728.000000,1274662912.000000,0.000600,0.000000,0.000000,0.000000,0.006500,0.000000,0.024700,0.000000,0.000000,0.000000,0.002700,0.000000
674,1.091811,2.198399,2.228700,2.072600,1148.000000,644063453.000000,1140539392.000000,252489728.000000,1274662912.000000,0.000800,0.000000,0.000000,0.000000,0.014500,0.000000,0.171100,0.000000,0.000000,0.000000,0.006100,0.000000
675,1.092638,0.754500,0.708700,0.426200,1148.000000,644064747.000000,1140539392.000000,252489728.000000,1274662912.000000,0.000600,0.000000,0.000000,0.000000,0.009700,0.000000,0.013000,0.000000,0.000000,0.000000,0.003800,0.000000
676,1.094514,1.097903,1.135900,0.978700,1148.000000,644065283.000000,1140539392.000000,252489728.000000,1274662912.000000,0.000900,0.000000,0.000000,0.000000,0.014100,0.000000,0.032700,0.000000,0.000000,0.000000,0.005100,0.000000
677,1.095169,1.483397,1.510700,1.391600,1148.000000,644068915.000000,1140539392.000000,252489728.000000,1274662912.000000,0.001100,0.000000,0.000000,0.000000,0.013200,0.000000,0.021200,0.000000,0.000000,0.000000,0.017700,0.000000
678,1.096374,1.197902,1.144400,1.051200,1148.000000,644071603.000000,1140539392.000000,252489728.000000,1274662912.000000,0.000800,0.000000,0.000000,0.000000,0.011400,0.000000,0.060900,0.000000,0.000000,0.000000,0.003800,0.000000
679,1.097751,1.336295,1.329000,1.118000,1148.000000,644073035.000000,1140539392.000000,252489728.000000,1274662912.000000,0.000700,0.000000,0.000000,0.000000,0.010200,0.000000,0.075500,0.000000,0.000000,0.000000,0.003700,0.000000
680,1.101283,3.490505,3.540900,3.396900,1148.000000,644077112.000000,1140539392.000000,252489728.000000,1274662912.000000,2.941200,0.048300,0.020600,2.819900,0.013500,0.019600,0.009900,0.000600,0.000700,0.015500,0.005500,0.000000
681,1.102453,1.276297,1.288700,1.196800,1148.000000,644074027.000000,1140539392.000000,252489728.000000,1274662912.000000,0.000900,0.000000,0.000000,0.000000,0.009800,0.000000,0.011300,0.000000,0.000000,0.000000,0.006200,0.000000
682,1.103818,1.339300,1.338800,1.257800,1148.000000,644078147.000000,1140539392.000000,252489728.000000,1274662912.000000,0.000700,0.000000,0.000000,0.000000,0.008200,0.000000,0.014000,0.000000,0.000000,0.000000,0.002700,0.000000
683,1.105265,1.484403,1.474700,1.393500,1148.000000,644077667.000000,1140539392.000000,252489728.000000,1274662912.000000,0.000700,0.000000,0.000000,0.000000,0.017100,0.000000,0.059000,0.000000,0.000000,0.000000,0.003700,0.000000
684,1.106476,1.197399,1.196500,1.109800,1148.000000,644078211.000000,1140539392.000000,252489728.000000,1274662912.000000,0.000700,0.000000,0.000000,0.000000,0.009400,0.000000,0.163400,0.000000,0.000000,0.000000,0.003200,0.000000
685,1.107777,1.300999,1.299100,1.215000,1148.000000,644077811.000000,1140539392.000000,252489728.000000,1274662912.000000,0.000600,0.000000,0.000000,0.000000,0.009800,0.000000,0.150700,0.000000,0.000000,0.000000,0.003300,0.000000
686,1.109038,1.284403,1.285300,1.204700,1148.000000,644078275.000000,1140539392.000000,252489728.000000,1274662912.000000,0.000700,0.000000,0.000000,0.000000,0.009900,0.000000,0.149700,0.000000,0.000000,0.000000,0.003100,0.000000
687,1.110489,1.425794,1.405000,1.323600,1148.000000,644077859.000000,1140539392.000000,252489728.000000,1274662912.000000,0.000800,0.000000,0.000000,0.000000,0.008200,0.000000,0.134700,0.000000,0.000000,0.000000,0.002600,0.000000
688,1.111742,1.261402,1.270900,1.173900,1148.000000,644081987.000000,1140539392.000000,252489728.000000,1274662912.000000,0.000700,0.000000,0.000000,0.000000,0.010300,0.000000,0.081100,0.000000,0.000000,0.000000,0.003500,0.000000
689,1.112963,1.241801,1.246000,1.161200,1148.000000,644082475.000000,1140539392.000000,252489728.000000,1274662912.000000,0.000700,0.000000,0.000000,0.000000,0.009000,0.000000,0.086000,0.000000,0.000000,0.000000,0.003000,0.000000
690,1.114323,1.339697,1.323000,1.242400,1148.000000,644081643.000000,1140539392.000000,252489728.000000,1274662912.000000,0.000800,0.000000,0.000000,0.000000,0.008100,0.000000,0.108300,0.000000,0.000000,0.000000,0.002600,0.000000
691,1.118189,3.846202,3.834000,3.736800,1148.000000,644085576.000000,1140539392.000000,252489728.000000,1274662912.000000,3.035900,0.051900,0.019900,2.910300,0.009000,0.020900,0.010700,0.000700,0.000600,0.015800,0.006600,0.000000
692,1.120008,1.642099,1.374000,1.272900,1148.000000,644086683.000000,1140539392.000000,252489728.000000,1274662912.000000,0.000700,0.000000,0.000000,0.000000,0.009300,0.000000,0.119500,0.000000,0.000000,0.000000,0.003000,0.000000
693,1.121116,1.264101,1.472100,1.108500,1148.000000,644090803.000000,1140539392.000000,252489728.000000,1274662912.000000,0.000800,0.000000,0.000000,0.000000,0.011500,0.000000,0.104700,0.000000,0.000000,0.000000,0.005400,0.000000
694,1.122174,1.108404,1.182000,1.028000,1148.000000,644093019.000000,1140539392.000000,252489728.000000,1274662912.000000,0.000700,0.000000,0.000000,0.000000,0.010400,0.000000,0.067300,0.000000,0.000000,0.000000,0.003700,0.000000
695,1.123388,1.215894,1.213300,1.135900,1148.000000,644089979.000000,1140539392.000000,252489728.000000,1274662912.000000,0.000700,0.000000,0.000000,0.000000,0.008000,0.000000,0.103600,0.000000,0.000000,0.000000,0.003100,0.000000
696,1.124718,1.352501,1.354200,1.274500,1148.000000,644090003.000000,1140539392.000000,252489728.000000,1274662912.000000,0.000600,0.000000,0.000000,0.000000,0.007300,0.000000,0.121500,0.000000,0.000000,0.000000,0.002900,0.000000
697,1.126075,1.359602,1.358800,1.283900,1148.000000,644090027.000000,1140539392.000000,252489728.000000,1274662912.000000,0.000700,0.000000,0.000000,0.000000,0.006700,0.000000,0.085900,0.000000,0.000000,0.000000,0.002600,0.000000
698,1.127343,1.262401,1.258500,1.185100,1148.000000,644090483.000000,1140539392.000000,252489728.000000,1274662912.000000,0.000500,0.000000,0.000000,0.000000,0.007200,0.000000,0.089900,0.000000,0.000000,0.000000,0.002500,0.000000
699,1.128557,1.213598,1.211800,1.137700,1148.000000,644094171.000000,1140539392.000000,252489728.000000,1274662912.000000,0.000600,0.000000,0.000000,0.000000,0.006300,0.000000,0.075800,0.000000,0.000000,0.000000,0.002300,0.000000
700,1.129891,1.335303,1.334200,1.260100,1148.000000,644094371.000000,1140539392.000000,252489728.000000,1274662912.000000,0.000600,0.000000,0.000000,0.000000,0.007500,0.000000,0.131900,0.000000,0.000000,0.000000,0.002500,0.000000
701,1.133924,3.761898,3.716900,3.639900,1148.000000,644098752.000000,1140539392.000000,252489728.000000,1274662912.000000,3.329400,0.048100,0.014200,3.217000,0.007600,0.019700,0.010400,0.000700,0.000600,0.014800,0.002700,0.000000
702,1.135552,1.696499,1.651800,1.525500,1148.000000,644095667.000000,1140539392.000000,252489728.000000,1274662912.000000,0.000800,0.000000,0.000000,0.000000,0.008000,0.000000,0.121200,0.000000,0.000000,0.000000,0.004100,0.000000
703,1.136583,1.187401,1.253300,1.095400,1148.000000,644095891.000000,1140539392.000000,252489728.000000,1274662912.000000,0.001000,0.000000,0.000000,0.000000,0.013300,0.000000,0.134900,0.000000,0.000000,0.000000,0.007200,0.000000
704,1.137770,1.188698,1.182300,1.088500,1148.000000,644099683.000000,1140539392.000000,252489728.000000,1274662912.000000,0.000700,0.000000,0.000000,0.000000,0.010000,0.000000,0.122000,0.000000,0.000000,0.000000,0.003400,0.000000
705,1.138896,1.165101,1.175500,1.082900,1148.000000,644103315.000000,1140539392.000000,252489728.000000,1274662912.000000,0.000700,0.000000,0.000000,0.000000,0.009800,0.000000,0.069700,0.000000,0.000000,0.000000,0.003600,0.000000
706,1.140343,1.404904,1.399300,1.318100,1148.000000,644103347.000000,1140539392.000000,252489728.000000,1274662912.000000,0.000600,0.000000,0.000000,0.000000,0.007000,0.000000,0.080200,0.000000,0.000000,0.000000,0.002700,0.000000
707,1.141690,1.379294,1.381400,1.297300,1148.000000,644103379.000000,1140539392.000000,252489728.000000,1274662912.000000,0.000600,0.000000,0.000000,0.000000,0.008700,0.000000,0.119600,0.000000,0.000000,0.000000,0.002900,0.000000
708,1.143071,1.346705,1.331200,1.248300,1148.000000,644103403.000000,1140539392.000000,252489728.000000,1274662912.000000,0.000500,0.000000,0.000000,0.000000,0.007600,0.000000,0.119300,0.000000,0.000000,0.000000,0.002300,0.000000
709,1.144449,1.383999,1.383100,1.292000,1148.000000,644103427.000000,1140539392.000000,252489728.000000,1274662912.000000,0.000700,0.000000,0.000000,0.000000,0.010100,0.000000,0.162900,0.000000,0.000000,0.000000,0.003300,0.000000
710,1.145879,1.426502,1.420700,1.326700,1148.000000,644110403.000000,1140539392.000000,252489728.000000,1274662912.000000,0.000800,0.000000,0.000000,0.000000,0.010600,0.000000,0.054200,0.000000,0.000000,0.000000,0.003300,0.000000
711,1.147241,1.370196,1.376300,1.282700,1148.000000,644108235.000000,1140539392.000000,252489728.000000,1274662912.000000,0.000700,0.000000,0.000000,0.000000,0.009700,0.000000,0.158300,0.000000,0.000000,0.000000,0.003200,0.000000
712,1.150932,3.661302,3.630100,3.541400,1148.000000,644112720.000000,1140539392.000000,252489728.000000,1274662912.000000,3.149000,0.051000,0.014800,3.011400,0.009400,0.022700,0.010500,0.000600,0.000700,0.032000,0.003300,0.000000
713,1.152107,1.219600,1.248100,1.140200,1148.000000,644109555.000000,1140539392.000000,252489728.000000,1274662912.000000,0.000900,0.000000,0.000000,0.000000,0.012400,0.000000,0.064700,0.000000,0.000000,0.000000,0.003600,0.000000
714,1.153371,1.250900,1.245600,1.162200,1148.000000,644109579.000000,1140539392.000000,252489728.000000,1274662912.000000,0.000700,0.000000,0.000000,0.000000,0.008900,0.000000,0.110000,0.000000,0.000000,0.000000,0.002700,0.000000
715,1.154640,1.282901,1.272900,1.191800,1148.000000,644109603.000000,1140539392.000000,252489728.000000,1274662912.000000,0.000600,0.000000,0.000000,0.000000,0.009600,0.000000,0.128300,0.000000,0.000000,0.000000,0.003100,0.000000
716,1.155966,1.333000,1.337300,1.246000,1148.000000,644112755.000000,1140539392.000000,252489728.000000,1274662912.000000,0.000700,0.000000,0.000000,0.000000,0.008700,0.000000,0.081900,0.000000,0.000000,0.000000,0.002700,0.000000
717,1.157214,1.258199,1.258100,1.175800,1148.000000,644116883.000000,1140539392.000000,252489728.000000,1274662912.000000,0.000700,0.000000,0.000000,0.000000,0.007000,0.000000,0.086400,0.000000,0.000000,0.000000,0.002500,0.000000
718,1.158487,1.284297,1.289600,1.210600,1148.000000,644117787.000000,1140539392.000000,252489728.000000,1274662912.000000,0.000600,0.000000,0.000000,0.000000,0.006400,0.000000,0.087200,0.000000,0.000000,0.000000,0.002700,0.000000
719,1.160218,1.643700,1.613300,1.534500,1148.000000,644116539.000000,1140539392.000000,252489728.000000,1274662912.000000,0.000600,0.000000,0.000000,0.000000,0.007000,0.000000,0.135600,0.000000,0.000000,0.000000,0.002500,0.000000
720,1.161454,1.290200,1.304500,1.204400,1148.000000,644116563.000000,1140539392.000000,252489728.000000,1274662912.000000,0.000900,0.000000,0.000000,0.000000,0.010600,0.000000,0.081600,0.000000,0.000000,0.000000,0.003600,0.000000
721,1.162712,1.279599,1.281300,1.198600,1148.000000,644120683.000000,1140539392.000000,252489728.000000,1274667008.000000,0.000800,0.000000,0.000000,0.000000,0.007500,0.000000,0.079600,0.000000,0.000000,0.000000,0.002900,0.000000
722,1.164204,1.453005,1.441100,1.359000,1148.000000,644120707.000000,1140539392.000000,252489728.000000,1274667008.000000,0.000700,0.000000,0.000000,0.000000,0.007600,0.000000,0.097400,0.000000,0.000000,0.000000,0.003000,0.000000
723,1.167970,3.767297,3.756000,3.664400,1148.000000,644124656.000000,1140539392.000000,252489728.000000,1274667008.000000,3.272500,0.052200,0.015300,3.152600,0.008200,0.022100,0.010700,0.000800,0.000500,0.017100,0.003200,0.000000
724,1.169328,1.359701,1.364100,1.265900,1148.000000,644122019.000000,1140539392.000000,252489728.000000,1274667008.000000,0.000600,0.000000,0.000000,0.000000,0.010000,0.000000,0.141300,0.000000,0.000000,0.000000,0.003100,0.000000
725,1.170569,1.266199,1.273500,1.185100,1148.000000,644121627.000000,1140539392.000000,252489728.000000,1274667008.000000,0.000700,0.000000,0.000000,0.000000,0.009700,0.000000,0.080200,0.000000,0.000000,0.000000,0.003400,0.000000
726,1.171849,1.278104,1.274500,1.194900,1148.000000,644123835.000000,1140539392.000000,252489728.000000,1274667008.000000,0.000700,0.000000,0.000000,0.000000,0.008600,0.000000,0.110100,0.000000,0.000000,0.000000,0.002600,0.000000
727,1.173044,1.213797,1.215700,1.136700,1148.000000,644125195.000000,1140539392.000000,252489728.000000,1274732544.000000,0.000600,0.000000,0.000000,0.000000,0.006800,0.000000,0.080800,0.000000,0.000000,0.000000,0.002800,0.000000
728,1.174338,1.289803,1.288000,1.211800,1148.000000,644125195.000000,1140539392.000000,252489728.000000,1274732544.000000,0.000700,0.000000,0.000000,0.000000,0.007500,0.000000,0.127700,0.000000,0.000000,0.000000,0.002500,0.000000
729,1.175780,1.432795,1.426900,1.350200,1148.000000,644125219.000000,1140539392.000000,252489728.000000,1274732544.000000,0.000700,0.000000,0.000000,0.000000,0.008300,0.000000,0.151500,0.000000,0.000000,0.000000,0.003000,0.000000
730,1.177181,1.363903,1.339500,1.256400,1148.000000,644129339.000000,1140539392.000000,252489728.000000,1274732544.000000,0.000700,0.000000,0.000000,0.000000,0.006900,0.000000,0.111800,0.000000,0.000000,0.000000,0.002700,0.000000
731,1.178422,1.218296,1.232200,1.131900,1148.000000,644133459.000000,1140539392.000000,252489728.000000,1274732544.000000,0.000700,0.000000,0.000000,0.000000,0.010500,0.000000,0.063500,0.000000,0.000000,0.000000,0.003700,0.000000
732,1.180179,1.693204,1.521400,1.433300,1148.000000,644132995.000000,1140539392.000000,252489728.000000,1274732544.000000,0.000800,0.000000,0.000000,0.000000,0.009600,0.000000,0.022900,0.000000,0.000000,0.000000,0.003500,0.000000
733,1.184782,4.657497,4.151100,3.906300,1148.000000,644144071.000000,1140539392.000000,252489728.000000,1274732544.000000,3.370800,0.056800,0.022000,3.236700,0.014000,0.019600,0.009700,0.000700,0.000600,0.015900,0.007200,0.000000
734,1.185647,0.887401,1.513900,0.765500,1148.000000,644138523.000000,1140539392.000000,252489728.000000,1274732544.000000,0.000600,0.000000,0.000000,0.000000,0.013700,0.000000,0.050700,0.000000,0.000000,0.000000,0.004600,0.000000
735,1.186785,1.164597,1.204900,1.081700,1148.000000,644138123.000000,1140539392.000000,252489728.000000,1274732544.000000,0.000700,0.000000,0.000000,0.000000,0.010300,0.000000,0.069500,0.000000,0.000000,0.000000,0.003700,0.000000
736,1.188005,1.183900,1.188300,1.104400,1148.000000,644138147.000000,1140539392.000000,252489728.000000,1274732544.000000,0.000600,0.000000,0.000000,0.000000,0.009800,0.000000,0.062300,0.000000,0.000000,0.000000,0.003300,0.000000
737,1.189576,1.582306,1.552700,1.468800,1148.000000,644137019.000000,1140539392.000000,252489728.000000,1274732544.000000,0.000800,0.000000,0.000000,0.000000,0.006200,0.000000,0.150100,0.000000,0.000000,0.000000,0.003900,0.000000
738,1.190772,1.217496,1.225000,1.124300,1148.000000,644141563.000000,1140539392.000000,252489728.000000,1274732544.000000,0.000800,0.000000,0.000000,0.000000,0.010600,0.000000,0.028500,0.000000,0.000000,0.000000,0.004100,0.000000
739,1.192142,1.205400,1.208600,1.113800,1148.000000,644141675.000000,1140539392.000000,252489728.000000,1274732544.000000,0.000600,0.000000,0.000000,0.000000,0.009800,0.000000,0.096700,0.000000,0.000000,0.000000,0.003100,0.000000
740,1.193233,1.262302,1.259500,1.170800,1148.000000,644141699.000000,1140539392.000000,252489728.000000,1274732544.000000,0.000800,0.000000,0.000000,0.000000,0.105200,0.000000,0.028300,0.000000,0.000000,0.000000,0.003600,0.000000
741,1.195503,1.281399,1.281600,1.195600,1148.000000,644141723.000000,1140539392.000000,252489728.000000,1274732544.000000,0.000800,0.000000,0.000000,0.000000,0.009500,0.000000,0.099100,0.000000,0.000000,0.000000,0.002900,0.000000
742,1.196100,1.575404,1.563300,1.476500,1148.000000,644143707.000000,1140539392.000000,252489728.000000,1274732544.000000,0.000600,0.000000,0.000000,0.000000,0.875600,0.000000,0.012400,0.000000,0.000000,0.000000,0.004500,0.000000
743,1.197471,1.195798,1.201000,1.106400,1148.000000,644146131.000000,1140539392.000000,252489728.000000,1274732544.000000,0.000600,0.000000,0.000000,0.000000,0.009900,0.000000,0.013500,0.000000,0.000000,0.000000,0.003600,0.000000
744,1.201075,3.730400,3.666600,3.577100,1148.000000,644154736.000000,1140539392.000000,252489728.000000,1274732544.000000,2.984800,0.058100,0.021500,2.851100,0.051400,0.023100,0.011800,0.000500,0.000500,0.017600,0.006700,0.000000
745,1.202159,1.156200,1.218900,1.076000,1148.000000,644151507.000000,1140539392.000000,252489728.000000,1274736640.000000,0.000700,0.000000,0.000000,0.000000,0.012100,0.000000,0.058500,0.000000,0.000000,0.000000,0.003700,0.000000
746,1.203434,1.257901,1.253400,1.170500,1148.000000,644151547.000000,1140539392.000000,252489728.000000,1274736640.000000,0.000600,0.000000,0.000000,0.000000,0.007800,0.000000,0.113100,0.000000,0.000000,0.000000,0.002500,0.000000
747,1.204908,1.462698,1.429600,1.346400,1148.000000,644152027.000000,1140539392.000000,252489728.000000,1274736640.000000,0.000700,0.000000,0.000000,0.000000,0.009500,0.000000,0.244700,0.000000,0.000000,0.000000,0.003400,0.000000
748,1.206083,1.194898,1.224400,1.112600,1148.000000,644150083.000000,1140539392.000000,252489728.000000,1274736640.000000,0.000800,0.000000,0.000000,0.000000,0.009900,0.000000,0.061300,0.000000,0.000000,0.000000,0.003500,0.000000
749,1.207381,1.290101,1.291000,1.211200,1148.000000,644154203.000000,1140539392.000000,252489728.000000,1274736640.000000,0.000600,0.000000,0.000000,0.000000,0.007600,0.000000,0.110800,0.000000,0.000000,0.000000,0.002500,0.000000
750,1.208604,1.233801,1.207100,1.130000,1148.000000,644154651.000000,1140539392.000000,252489728.000000,1274736640.000000,0.000700,0.000000,0.000000,0.000000,0.008800,0.000000,0.074900,0.000000,0.000000,0.000000,0.003100,0.000000
751,1.210651,1.286097,1.291200,1.189900,1148.000000,644154251.000000,1140539392.000000,252489728.000000,1274736640.000000,0.000700,0.000000,0.000000,0.000000,0.008700,0.000000,0.091600,0.000000,0.000000,0.000000,0.003000,0.000000
752,1.212385,2.443204,1.500800,1.404700,1148.000000,644154699.000000,1140539392.000000,252489728.000000,1274736640.000000,0.000700,0.000000,0.000000,0.000000,0.715000,0.000000,0.142500,0.000000,0.000000,0.000000,0.004300,0.000000
753,1.212981,0.567099,1.460100,1.360200,1148.000000,644156761.000000,1140539392.000000,252489728.000000,1274740736.000000,0.000800,0.000000,0.000000,0.000000,0.009000,0.000000,0.012500,0.000000,0.000000,0.000000,0.005200,0.000000
754,1.214999,1.977501,1.953900,1.816200,1148.000000,644153811.000000,1140539392.000000,252489728.000000,1274740736.000000,0.000800,0.000000,0.000000,0.000000,0.013800,0.000000,0.027500,0.000000,0.000000,0.000000,0.005100,0.000000
755,1.217881,3.001197,3.071500,2.920700,1148.000000,644166752.000000,1140539392.000000,252489728.000000,1274740736.000000,2.455900,0.054100,0.021900,2.327900,0.014400,0.018700,0.009400,0.000500,0.000500,0.014400,0.005400,0.000000
756,1.219467,1.383503,1.374800,1.287000,1148.000000,644163619.000000,1140539392.000000,252489728.000000,1274740736.000000,0.000600,0.000000,0.000000,0.000000,0.009800,0.000000,0.136900,0.000000,0.000000,0.000000,0.002800,0.000000
757,1.220748,1.379698,1.350500,1.262700,1148.000000,644166081.000000,1140539392.000000,252489728.000000,1274740736.000000,0.000700,0.000000,0.000000,0.000000,0.011100,0.000000,0.012900,0.000000,0.000000,0.000000,0.004000,0.000000
758,1.221936,1.278897,1.299500,1.192900,1148.000000,644165475.000000,1140539392.000000,252489728.000000,1274740736.000000,0.000800,0.000000,0.000000,0.000000,0.013300,0.000000,0.014600,0.000000,0.000000,0.000000,0.005300,0.000000
759,1.223026,1.108404,1.118200,1.028000,1148.000000,644163083.000000,1140539392.000000,252489728.000000,1274740736.000000,0.000600,0.000000,0.000000,0.000000,0.009500,0.000000,0.089700,0.000000,0.000000,0.000000,0.003100,0.000000
760,1.224309,1.283999,1.275700,1.196500,1148.000000,644163107.000000,1140539392.000000,252489728.000000,1274740736.000000,0.000700,0.000000,0.000000,0.000000,0.008500,0.000000,0.129900,0.000000,0.000000,0.000000,0.002900,0.000000
761,1.225770,1.433298,1.427100,1.337300,1148.000000,644167235.000000,1140539392.000000,252489728.000000,1274744832.000000,0.000600,0.000000,0.000000,0.000000,0.008500,0.000000,0.052400,0.000000,0.000000,0.000000,0.002700,0.000000
762,1.227073,1.308603,1.302700,1.213000,1148.000000,644167715.000000,1140539392.000000,252489728.000000,1274744832.000000,0.000700,0.000000,0.000000,0.000000,0.009600,0.000000,0.114600,0.000000,0.000000,0.000000,0.003100,0.000000
763,1.228276,1.227097,1.234300,1.144000,1148.000000,644166907.000000,1140539392.000000,252489728.000000,1274744832.000000,0.000600,0.000000,0.000000,0.000000,0.009800,0.000000,0.072700,0.000000,0.000000,0.000000,0.003100,0.000000
764,1.229810,1.501098,1.473000,1.390100,1148.000000,644166403.000000,1140539392.000000,252489728.000000,1274744832.000000,0.000700,0.000000,0.000000,0.000000,0.008300,0.000000,0.168600,0.000000,0.000000,0.000000,0.002600,0.000000
765,1.230998,1.213499,1.238100,1.132900,1200.000000,644166939.000000,1140539392.000000,252489728.000000,1274744832.000000,0.000700,0.000000,0.000000,0.000000,0.010300,0.000000,0.080900,0.000000,0.000000,0.000000,0.003400,0.000000
766,1.234638,3.626800,3.588200,3.503900,1148.000000,644175848.000000,1140539392.000000,252489728.000000,1274744832.000000,3.147300,0.055600,0.014900,3.024900,0.007300,0.020400,0.010300,0.000500,0.000500,0.016200,0.003000,0.000000
767,1.236053,1.400900,1.422200,1.306100,1148.000000,644172387.000000,1140539392.000000,252489728.000000,1274744832.000000,0.000600,0.000000,0.000000,0.000000,0.008900,0.000000,0.118200,0.000000,0.000000,0.000000,0.003300,0.000000
768,1.237222,1.195904,1.203100,1.112500,1148.000000,644176507.000000,1140539392.000000,252489728.000000,1274744832.000000,0.000600,0.000000,0.000000,0.000000,0.010300,0.000000,0.067400,0.000000,0.000000,0.000000,0.003200,0.000000
769,1.238456,1.239399,1.238800,1.157300,1148.000000,644176531.000000,1140539392.000000,252489728.000000,1274748928.000000,0.000600,0.000000,0.000000,0.000000,0.008600,0.000000,0.071600,0.000000,0.000000,0.000000,0.002900,0.000000
770,1.239837,1.375397,1.369100,1.286800,1148.000000,644175347.000000,1140539392.000000,252489728.000000,1274748928.000000,0.000700,0.000000,0.000000,0.000000,0.007500,0.000000,0.109600,0.000000,0.000000,0.000000,0.003100,0.000000
771,1.241215,1.369104,1.368900,1.285500,1148.000000,644175395.000000,1140539392.000000,252489728.000000,1274748928.000000,0.000700,0.000000,0.000000,0.000000,0.007900,0.000000,0.125600,0.000000,0.000000,0.000000,0.002700,0.000000
772,1.242530,1.332901,1.331900,1.249600,1148.000000,644179491.000000,1140539392.000000,252489728.000000,1274748928.000000,0.000700,0.000000,0.000000,0.000000,0.006700,0.000000,0.104800,0.000000,0.000000,0.000000,0.002800,0.000000
773,1.243885,1.326800,1.315000,1.232500,1148.000000,644179515.000000,1140539392.000000,252489728.000000,1274748928.000000,0.000700,0.000000,0.000000,0.000000,0.008500,0.000000,0.101900,0.000000,0.000000,0.000000,0.002500,0.000000
774,1.245372,1.482497,1.472200,1.378300,1148.000000,644181731.000000,1140539392.000000,252489728.000000,1274748928.000000,0.000800,0.000000,0.000000,0.000000,0.009700,0.000000,0.083400,0.000000,0.000000,0.000000,0.003300,0.000000
775,1.246831,1.440597,1.405200,1.305600,1148.000000,644179571.000000,1140539392.000000,252489728.000000,1274748928.000000,0.000800,0.000000,0.000000,0.000000,0.010600,0.000000,0.117000,0.000000,0.000000,0.000000,0.002800,0.000000
776,1.250440,3.606101,3.630200,3.500600,1148.000000,644184240.000000,1140539392.000000,252489728.000000,1274748928.000000,3.070300,0.050600,0.017800,2.944100,0.010900,0.023800,0.012000,0.000700,0.000600,0.018300,0.003600,0.000000
777,1.251661,1.259899,1.271400,1.170700,1148.000000,644184171.000000,1140539392.000000,252489728.000000,1274748928.000000,0.000600,0.000000,0.000000,0.000000,0.012000,0.000000,0.054200,0.000000,0.000000,0.000000,0.003600,0.000000
778,1.252965,1.317900,1.298500,1.212900,1148.000000,644184667.000000,1140539392.000000,252489728.000000,1274748928.000000,0.000700,0.000000,0.000000,0.000000,0.009300,0.000000,0.129500,0.000000,0.000000,0.000000,0.002900,0.000000
779,1.254589,1.390405,1.400600,1.293400,1148.000000,644184267.000000,1140539392.000000,252489728.000000,1274748928.000000,0.000700,0.000000,0.000000,0.000000,0.008500,0.000000,0.183700,0.000000,0.000000,0.000000,0.002600,0.000000
780,1.255663,1.296096,1.296600,1.204700,1148.000000,644183459.000000,1140539392.000000,252489728.000000,1274748928.000000,0.000700,0.000000,0.000000,0.000000,0.009700,0.000000,0.040000,0.000000,0.000000,0.000000,0.038300,0.000000
781,1.257195,1.429401,1.357100,1.260800,1148.000000,644187579.000000,1140539392.000000,252489728.000000,1274748928.000000,0.000600,0.000000,0.000000,0.000000,0.007700,0.000000,0.090200,0.000000,0.000000,0.000000,0.002900,0.000000
782,1.258436,1.308305,1.354200,1.204000,1148.000000,644188027.000000,1140539392.000000,252489728.000000,1274748928.000000,0.000900,0.000000,0.000000,0.000000,0.013400,0.000000,0.059600,0.000000,0.000000,0.000000,0.006000,0.000000
783,1.259881,1.434899,1.445900,1.338200,1148.000000,644194185.000000,1140539392.000000,252489728.000000,1274814464.000000,0.000700,0.000000,0.000000,0.000000,0.010500,0.000000,0.182300,0.000000,0.000000,0.000000,0.003800,0.000000
784,1.261412,1.541695,1.548200,1.454000,1148.000000,644191747.000000,1140539392.000000,252489728.000000,1274814464.000000,0.000700,0.000000,0.000000,0.000000,0.011100,0.000000,0.106800,0.000000,0.000000,0.000000,0.003900,0.000000
785,1.262739,1.348604,1.345600,1.257400,1148.000000,644191771.000000,1140539392.000000,252489728.000000,1274814464.000000,0.000700,0.000000,0.000000,0.000000,0.010200,0.000000,0.136100,0.000000,0.000000,0.000000,0.003200,0.000000
786,1.264188,1.447796,1.439000,1.353500,1148.000000,644191819.000000,1140539392.000000,252489728.000000,1274814464.000000,0.000700,0.000000,0.000000,0.000000,0.010000,0.000000,0.102300,0.000000,0.000000,0.000000,0.003300,0.000000
787,1.268214,4.024504,4.015300,3.921200,1148.000000,644195960.000000,1140539392.000000,252489728.000000,1274814464.000000,3.543900,0.052400,0.016100,3.423100,0.008500,0.020400,0.010300,0.000700,0.000600,0.015400,0.003200,0.000000
788,1.269515,1.330095,1.338100,1.242400,1148.000000,644192755.000000,1140539392.000000,252489728.000000,1274814464.000000,0.000600,0.000000,0.000000,0.000000,0.011200,0.000000,0.124900,0.000000,0.000000,0.000000,0.003000,0.000000
789,1.270931,1.377204,1.371100,1.280800,1148.000000,644196875.000000,1140539392.000000,252489728.000000,1274814464.000000,0.000800,0.000000,0.000000,0.000000,0.008500,0.000000,0.076000,0.000000,0.000000,0.000000,0.002900,0.000000
790,1.272140,1.235403,1.225700,1.136200,1148.000000,644199099.000000,1140539392.000000,252489728.000000,1274814464.000000,0.000700,0.000000,0.000000,0.000000,0.009600,0.000000,0.069500,0.000000,0.000000,0.000000,0.004100,0.000000
791,1.273426,1.284694,1.298100,1.198300,1148.000000,644196507.000000,1140539392.000000,252489728.000000,1274814464.000000,0.000700,0.000000,0.000000,0.000000,0.008600,0.000000,0.111600,0.000000,0.000000,0.000000,0.002900,0.000000
792,1.274841,1.400305,1.389100,1.305500,1148.000000,644196123.000000,1140539392.000000,252489728.000000,1274814464.000000,0.000700,0.000000,0.000000,0.000000,0.009300,0.000000,0.104400,0.000000,0.000000,0.000000,0.002900,0.000000
793,1.276212,1.387698,1.386900,1.294800,1148.000000,644195707.000000,1140539392.000000,252489728.000000,1274814464.000000,0.000700,0.000000,0.000000,0.000000,0.010100,0.000000,0.122500,0.000000,0.000000,0.000000,0.003000,0.000000
794,1.277673,1.373597,1.376400,1.285700,1148.000000,644203923.000000,1140539392.000000,252489728.000000,1274814464.000000,0.000700,0.000000,0.000000,0.000000,0.008300,0.000000,0.110800,0.000000,0.000000,0.000000,0.003200,0.000000
795,1.278869,1.265901,1.258700,1.176800,1148.000000,644203947.000000,1140539392.000000,252489728.000000,1274814464.000000,0.000800,0.000000,0.000000,0.000000,0.009700,0.000000,0.075100,0.000000,0.000000,0.000000,0.003900,0.000000
796,1.280359,1.440299,1.429400,1.339000,1148.000000,644203971.000000,1140539392.000000,252489728.000000,1274814464.000000,0.000800,0.000000,0.000000,0.000000,0.008600,0.000000,0.074600,0.000000,0.000000,0.000000,0.004000,0.000000
797,1.284017,3.703401,3.702600,3.607100,1148.000000,644210271.000000,1140539392.000000,252489728.000000,1274814464.000000,3.183800,0.049700,0.016600,3.064300,0.010700,0.020400,0.010400,0.000600,0.000600,0.016300,0.004100,0.000000
798,1.285420,1.419402,1.404800,1.309800,1148.000000,644205427.000000,1140539392.000000,252489728.000000,1274814464.000000,0.000700,0.000000,0.000000,0.000000,0.010600,0.000000,0.044700,0.000000,0.000000,0.000000,0.002700,0.000000
799,1.286695,1.280796,1.298200,1.193400,1148.000000,644205027.000000,1140539392.000000,252489728.000000,1274814464.000000,0.000700,0.000000,0.000000,0.000000,0.007800,0.000000,0.074700,0.000000,0.000000,0.000000,0.003000,0.000000
800,1.287886,1.216206,1.222500,1.139200,1148.000000,644209171.000000,1140539392.000000,252489728.000000,1274814464.000000,0.000700,0.000000,0.000000,0.000000,0.008800,0.000000,0.071300,0.000000,0.000000,0.000000,0.002800,0.000000
801,1.289637,1.576594,1.462500,1.357800,1148.000000,644207731.000000,1140539392.000000,252489728.000000,1274814464.000000,0.000400,0.000000,0.000000,0.000000,0.007500,0.000000,0.032900,0.000000,0.000000,0.000000,0.002200,0.000000
802,1.291521,1.137706,1.235000,1.053500,1148.000000,644208267.000000,1140539392.000000,252489728.000000,1274814464.000000,0.001000,0.000000,0.000000,0.000000,0.013500,0.000000,0.033300,0.000000,0.000000,0.000000,0.041900,0.000000
803,1.292537,1.343098,1.341600,1.253900,1148.000000,644208291.000000,1140539392.000000,252489728.000000,1274814464.000000,0.000700,0.000000,0.000000,0.000000,0.010100,0.000000,0.011400,0.000000,0.000000,0.000000,0.004900,0.000000
804,1.293549,1.432596,1.374600,1.288500,1148.000000,644208315.000000,1140539392.000000,252489728.000000,1274814464.000000,0.000800,0.000000,0.000000,0.000000,0.008800,0.000000,0.069100,0.000000,0.000000,0.000000,0.005300,0.000000
805,1.294767,1.297399,1.350400,1.215600,1148.000000,644212443.000000,1140539392.000000,252489728.000000,1274814464.000000,0.000800,0.000000,0.000000,0.000000,0.013700,0.000000,0.095700,0.000000,0.000000,0.000000,0.006700,0.000000
806,1.296086,1.299702,1.298100,1.213000,1148.000000,644220131.000000,1140539392.000000,252489728.000000,1274814464.000000,0.000700,0.000000,0.000000,0.000000,0.011200,0.000000,0.053400,0.000000,0.000000,0.000000,0.003300,0.000000
807,1.297459,1.351304,1.288800,1.201200,1148.000000,644216683.000000,1140539392.000000,252489728.000000,1274814464.000000,0.001000,0.000000,0.000000,0.000000,0.018300,0.000000,0.035400,0.000000,0.000000,0.000000,0.005300,0.000000
808,1.300980,3.581994,3.626600,3.486700,1148.000000,644224905.000000,1140539392.000000,252489728.000000,1274814464.000000,2.990900,0.061700,0.022800,2.843500,0.012900,0.026700,0.010400,0.000700,0.000600,0.017900,0.006900,0.000000
809,1.302144,1.210204,1.218300,1.124600,1148.000000,644222195.000000,1140539392.000000,252489728.000000,1274814464.000000,0.000700,0.000000,0.000000,0.000000,0.011200,0.000000,0.073900,0.000000,0.000000,0.000000,0.003100,0.000000
810,1.303332,1.208595,1.212100,1.129500,1148.000000,644222219.000000,1140539392.000000,252489728.000000,1274814464.000000,0.000800,0.000000,0.000000,0.000000,0.008900,0.000000,0.070200,0.000000,0.000000,0.000000,0.002900,0.000000
811,1.304793,1.417404,1.403400,1.321600,1148.000000,644226339.000000,1140539392.000000,252489728.000000,1274814464.000000,0.000700,0.000000,0.000000,0.000000,0.006600,0.000000,0.124500,0.000000,0.000000,0.000000,0.002700,0.000000
812,1.306114,1.338400,1.343300,1.252800,1148.000000,644221283.000000,1140539392.000000,252489728.000000,1274814464.000000,0.000700,0.000000,0.000000,0.000000,0.009000,0.000000,0.117500,0.000000,0.000000,0.000000,0.003200,0.000000
813,1.307364,1.270798,1.271000,1.189600,1148.000000,644221307.000000,1140539392.000000,252489728.000000,1274814464.000000,0.000700,0.000000,0.000000,0.000000,0.009400,0.000000,0.076900,0.000000,0.000000,0.000000,0.002900,0.000000
814,1.308789,1.400099,1.392200,1.310900,1148.000000,644221755.000000,1140539392.000000,252489728.000000,1274814464.000000,0.000700,0.000000,0.000000,0.000000,0.007100,0.000000,0.123400,0.000000,0.000000,0.000000,0.002900,0.000000
815,1.310241,1.441305,1.422500,1.335100,1148.000000,644221363.000000,1140539392.000000,252489728.000000,1274814464.000000,0.000700,0.000000,0.000000,0.000000,0.008700,0.000000,0.080100,0.000000,0.000000,0.000000,0.003500,0.000000
816,1.311638,1.373994,1.333600,1.235300,1148.000000,644225475.000000,1140539392.000000,252489728.000000,1274814464.000000,0.000600,0.000000,0.000000,0.000000,0.009600,0.000000,0.073000,0.000000,0.000000,0.000000,0.003100,0.000000
817,1.312880,1.253302,1.298600,1.162400,1148.000000,644229595.000000,1140539392.000000,252489728.000000,1274814464.000000,0.000700,0.000000,0.000000,0.000000,0.011300,0.000000,0.064900,0.000000,0.000000,0.000000,0.005000,0.000000
818,1.314232,1.371599,1.370500,1.280100,1148.000000,644229619.000000,1140539392.000000,252489728.000000,1274814464.000000,0.000700,0.000000,0.000000,0.000000,0.010000,0.000000,0.132800,0.000000,0.000000,0.000000,0.003900,0.000000
819,1.319437,4.421500,4.411100,4.321000,1148.000000,644237808.000000,1140539392.000000,252489728.000000,1274814464.000000,3.947500,0.052400,0.014100,3.823800,0.009200,0.022900,0.011000,0.000600,0.000600,0.016600,0.003000,0.000000
820,1.320002,1.276906,1.288100,1.192700,1148.000000,644234971.000000,1140539392.000000,252489728.000000,1274814464.000000,0.000900,0.000000,0.000000,0.000000,0.010800,0.000000,0.014700,0.000000,0.000000,0.000000,0.005700,0.000000
821,1.321193,1.266397,1.261800,1.179100,1148.000000,644234139.000000,1140539392.000000,252489728.000000,1274814464.000000,0.001300,0.000000,0.000000,0.000000,0.009300,0.000000,0.052600,0.000000,0.000000,0.000000,0.003900,0.000000
822,1.322478,1.293502,1.285700,1.149200,1148.000000,644240395.000000,1140539392.000000,252489728.000000,1274814464.000000,0.000800,0.000000,0.000000,0.000000,0.009400,0.000000,0.101600,0.000000,0.000000,0.000000,0.002800,0.000000
823,1.323783,1.258496,1.266100,1.181100,1148.000000,644237547.000000,1140539392.000000,252489728.000000,1274814464.000000,0.000600,0.000000,0.000000,0.000000,0.009000,0.000000,0.117500,0.000000,0.000000,0.000000,0.002400,0.000000
824,1.325269,1.510601,1.477600,1.394700,1148.000000,644237627.000000,1140539392.000000,252489728.000000,1274818560.000000,0.000900,0.000000,0.000000,0.000000,0.008300,0.000000,0.068900,0.000000,0.000000,0.000000,0.007900,0.000000
825,1.326476,1.243502,1.267100,1.161300,1148.000000,644237651.000000,1140539392.000000,252489728.000000,1274818560.000000,0.000700,0.000000,0.000000,0.000000,0.011300,0.000000,0.091700,0.000000,0.000000,0.000000,0.004000,0.000000
826,1.327859,1.356200,1.344700,1.263000,1148.000000,644235492.000000,1140539392.000000,252489728.000000,1274818560.000000,0.000800,0.000000,0.000000,0.000000,0.007000,0.000000,0.157400,0.000000,0.000000,0.000000,0.002800,0.000000
827,1.329249,1.343197,1.312500,1.217400,1148.000000,644237699.000000,1140539392.000000,252489728.000000,1274818560.000000,0.000600,0.000000,0.000000,0.000000,0.009700,0.000000,0.129800,0.000000,0.000000,0.000000,0.003700,0.000000
828,1.330477,1.302501,1.335400,1.220500,1148.000000,644241819.000000,1140539392.000000,252489728.000000,1274818560.000000,0.000900,0.000000,0.000000,0.000000,0.012600,0.000000,0.100700,0.000000,0.000000,0.000000,0.004800,0.000000
829,1.333894,3.419997,3.417800,3.337300,1148.000000,644247543.000000,1140539392.000000,252489728.000000,1274818560.000000,3.029600,0.046100,0.012700,2.930700,0.006700,0.014700,0.009600,0.000600,0.000500,0.012100,0.002700,0.000000
830,1.335334,1.440405,1.440600,1.358600,1148.000000,644242619.000000,1140539392.000000,252489728.000000,1274818560.000000,0.000600,0.000000,0.000000,0.000000,0.008900,0.000000,0.101000,0.000000,0.000000,0.000000,0.002700,0.000000
831,1.336639,1.314697,1.304000,1.225900,1148.000000,644242219.000000,1140539392.000000,252489728.000000,1274818560.000000,0.000600,0.000000,0.000000,0.000000,0.008600,0.000000,0.128700,0.000000,0.000000,0.000000,0.002600,0.000000
832,1.337849,1.206399,1.218500,1.131100,1148.000000,644246763.000000,1140539392.000000,252489728.000000,1274822656.000000,0.000700,0.000000,0.000000,0.000000,0.006600,0.000000,0.096700,0.000000,0.000000,0.000000,0.002500,0.000000
833,1.339266,1.385601,1.372100,1.294500,1148.000000,644250155.000000,1140539392.000000,252489728.000000,1274822656.000000,0.000700,0.000000,0.000000,0.000000,0.006500,0.000000,0.096600,0.000000,0.000000,0.000000,0.002800,0.000000
834,1.340591,1.305301,1.307700,1.221400,1148.000000,644250187.000000,1140539392.000000,252489728.000000,1274822656.000000,0.000600,0.000000,0.000000,0.000000,0.008100,0.000000,0.074000,0.000000,0.000000,0.000000,0.003200,0.000000
835,1.341987,1.397598,1.374800,1.270400,1148.000000,644250675.000000,1140539392.000000,252489728.000000,1274822656.000000,0.000700,0.000000,0.000000,0.000000,0.007400,0.000000,0.123200,0.000000,0.000000,0.000000,0.003800,0.000000
836,1.343115,1.153904,1.171100,1.073300,1148.000000,644249843.000000,1140539392.000000,252489728.000000,1274822656.000000,0.000700,0.000000,0.000000,0.000000,0.010800,0.000000,0.079200,0.000000,0.000000,0.000000,0.003700,0.000000
837,1.344444,1.305095,1.276800,1.195500,1148.000000,644249867.000000,1140539392.000000,252489728.000000,1274822656.000000,0.000700,0.000000,0.000000,0.000000,0.009200,0.000000,0.088400,0.000000,0.000000,0.000000,0.002700,0.000000
838,1.345987,1.539101,1.547200,1.436200,1148.000000,644252083.000000,1140539392.000000,252489728.000000,1274822656.000000,0.000600,0.000000,0.000000,0.000000,0.010300,0.000000,0.131800,0.000000,0.000000,0.000000,0.003300,0.000000
839,1.347224,1.262805,1.270100,1.175100,1148.000000,644254011.000000,1140539392.000000,252489728.000000,1274822656.000000,0.000800,0.000000,0.000000,0.000000,0.010800,0.000000,0.122200,0.000000,0.000000,0.000000,0.003200,0.000000
840,1.350767,3.538400,3.532200,3.444900,1148.000000,644257496.000000,1140539392.000000,252489728.000000,1274826752.000000,3.096600,0.046500,0.013900,2.987900,0.009800,0.019800,0.010500,0.000700,0.000600,0.013300,0.002800,0.000000
841,1.351958,1.226899,1.239600,1.153700,1148.000000,644254435.000000,1140539392.000000,252489728.000000,1274826752.000000,0.000600,0.000000,0.000000,0.000000,0.011000,0.000000,0.073300,0.000000,0.000000,0.000000,0.002900,0.000000
842,1.353166,1.205995,1.201700,1.130700,1148.000000,644254459.000000,1140539392.000000,252489728.000000,1274826752.000000,0.000600,0.000000,0.000000,0.000000,0.006700,0.000000,0.059100,0.000000,0.000000,0.000000,0.002300,0.000000
843,1.355156,1.756300,1.325900,1.250800,1148.000000,644254483.000000,1140539392.000000,252489728.000000,1274826752.000000,0.000700,0.000000,0.000000,0.000000,0.007900,0.000000,0.122900,0.000000,0.000000,0.000000,0.002700,0.000000
844,1.355972,1.011402,1.415300,0.915200,1148.000000,644254163.000000,1140539392.000000,252489728.000000,1274826752.000000,0.000700,0.000000,0.000000,0.000000,0.011800,0.000000,0.122700,0.000000,0.000000,0.000000,0.004900,0.000000
845,1.357228,1.249702,1.224200,1.128100,1148.000000,644262371.000000,1140539392.000000,252489728.000000,1274892288.000000,0.000700,0.000000,0.000000,0.000000,0.009700,0.000000,0.078100,0.000000,0.000000,0.000000,0.003200,0.000000
846,1.358537,1.316199,1.349000,1.229400,1148.000000,644263243.000000,1140539392.000000,252489728.000000,1274892288.000000,0.000600,0.000000,0.000000,0.000000,0.009900,0.000000,0.089800,0.000000,0.000000,0.000000,0.003600,0.000000
847,1.360163,1.580697,1.564200,1.473700,1148.000000,644262419.000000,1140539392.000000,252489728.000000,1274892288.000000,0.000700,0.000000,0.000000,0.000000,0.009400,0.000000,0.152800,0.000000,0.000000,0.000000,0.003300,0.000000
848,1.362370,1.304705,1.308300,1.208400,1148.000000,644262443.000000,1140539392.000000,252489728.000000,1274892288.000000,0.000700,0.000000,0.000000,0.000000,0.010300,0.000000,0.066200,0.000000,0.000000,0.000000,0.004100,0.000000
849,1.362943,1.447300,1.406000,1.313300,1148.000000,644264937.000000,1140539392.000000,252489728.000000,1274892288.000000,0.000800,0.000000,0.000000,0.000000,0.015400,0.000000,0.012600,0.000000,0.000000,0.000000,0.004700,0.000000
850,1.364294,1.393098,1.432500,1.346100,1148.000000,644267059.000000,1140539392.000000,252489728.000000,1274892288.000000,0.000800,0.000000,0.000000,0.000000,0.013500,0.000000,0.082700,0.000000,0.000000,0.000000,0.005200,0.000000
851,1.367977,3.704301,3.685300,3.595200,1148.000000,644269648.000000,1140539392.000000,252489728.000000,1274892288.000000,3.182300,0.046100,0.015000,3.067200,0.010600,0.021600,0.010600,0.000700,0.000600,0.016700,0.003200,0.000000
852,1.369646,1.634099,1.469800,1.365600,1148.000000,644266171.000000,1140539392.000000,252489728.000000,1274892288.000000,0.000700,0.000000,0.000000,0.000000,0.011200,0.000000,0.013000,0.000000,0.000000,0.000000,0.003000,0.000000
853,1.370763,1.088499,1.231700,0.965900,1148.000000,644266707.000000,1140539392.000000,252489728.000000,1274892288.000000,0.000700,0.000000,0.000000,0.000000,0.010700,0.000000,0.013400,0.000000,0.000000,0.000000,0.005600,0.000000
854,1.372337,1.591100,1.593000,1.286200,1148.000000,644268411.000000,1140539392.000000,252489728.000000,1274892288.000000,0.000800,0.000000,0.000000,0.000000,0.014100,0.000000,0.030100,0.000000,0.000000,0.000000,0.005000,0.000000
855,1.373355,1.036798,1.036800,0.908000,1148.000000,644265835.000000,1140539392.000000,252489728.000000,1274892288.000000,0.000800,0.000000,0.000000,0.000000,0.013100,0.000000,0.103800,0.000000,0.000000,0.000000,0.004800,0.000000
856,1.374821,1.330400,1.302400,1.178300,1148.000000,644270467.000000,1140539392.000000,252489728.000000,1274892288.000000,0.000800,0.000000,0.000000,0.000000,0.012600,0.000000,0.023700,0.000000,0.000000,0.000000,0.004600,0.000000
857,1.376239,1.479401,1.420200,1.287700,1148.000000,644274587.000000,1140539392.000000,252489728.000000,1274892288.000000,0.000900,0.000000,0.000000,0.000000,0.091000,0.000000,0.061800,0.000000,0.000000,0.000000,0.006300,0.000000
858,1.377679,1.532901,1.613800,1.237600,1148.000000,644274099.000000,1140539392.000000,252489728.000000,1274892288.000000,0.000700,0.000000,0.000000,0.000000,0.010500,0.000000,0.070500,0.000000,0.000000,0.000000,0.003900,0.000000
859,1.378649,0.985303,0.992800,0.867600,1148.000000,644274643.000000,1140539392.000000,252489728.000000,1274892288.000000,0.000600,0.000000,0.000000,0.000000,0.010700,0.000000,0.073500,0.000000,0.000000,0.000000,0.003800,0.000000
860,1.379993,1.308298,1.295500,1.202100,1148.000000,644277840.000000,1140539392.000000,252489728.000000,1274892288.000000,0.000700,0.000000,0.000000,0.000000,0.010100,0.000000,0.030000,0.000000,0.000000,0.000000,0.003200,0.000000
861,1.384500,3.649596,3.614900,3.509100,1148.000000,644282928.000000,1140539392.000000,252489728.000000,1274892288.000000,3.112800,0.050300,0.014800,3.001200,0.010600,0.018900,0.011200,0.000600,0.000700,0.013100,0.003300,0.000000
862,1.385613,1.989102,1.827200,1.687800,1148.000000,644279611.000000,1140539392.000000,252489728.000000,1274892288.000000,0.000800,0.000000,0.000000,0.000000,0.017000,0.000000,0.014000,0.000000,0.000000,0.000000,0.007500,0.000000
863,1.386485,0.849199,0.997600,0.668100,1148.000000,644279219.000000,1140539392.000000,252489728.000000,1274892288.000000,0.000600,0.000000,0.000000,0.000000,0.011000,0.000000,0.059400,0.000000,0.000000,0.000000,0.003800,0.000000
864,1.387642,1.078805,1.101800,0.997100,1148.000000,644280219.000000,1140539392.000000,252489728.000000,1274892288.000000,0.000700,0.000000,0.000000,0.000000,0.012800,0.000000,0.052800,0.000000,0.000000,0.000000,0.004900,0.000000
865,1.388782,1.256300,1.256600,1.169500,1148.000000,644278515.000000,1140539392.000000,252489728.000000,1274892288.000000,0.000800,0.000000,0.000000,0.000000,0.007400,0.000000,0.021400,0.000000,0.000000,0.000000,0.005400,0.000000
866,1.390383,1.283397,1.288800,1.207500,1148.000000,644280945.000000,1140539392.000000,252489728.000000,1274892288.000000,0.000700,0.000000,0.000000,0.000000,0.009500,0.000000,0.074300,0.000000,0.000000,0.000000,0.003200,0.000000
867,1.391707,1.581803,1.471500,1.392900,1148.000000,644282627.000000,1140539392.000000,252489728.000000,1274892288.000000,0.000700,0.000000,0.000000,0.000000,0.008000,0.000000,0.028300,0.000000,0.000000,0.000000,0.005400,0.000000
868,1.393115,1.455797,1.488000,1.132400,1148.000000,644282155.000000,1140539392.000000,252489728.000000,1274892288.000000,0.000800,0.000000,0.000000,0.000000,0.013600,0.000000,0.142200,0.000000,0.000000,0.000000,0.004900,0.000000
869,1.394233,0.949001,1.005600,0.858200,1148.000000,644282707.000000,1140539392.000000,252489728.000000,1274892288.000000,0.000700,0.000000,0.000000,0.000000,0.010900,0.000000,0.018600,0.000000,0.000000,0.000000,0.003800,0.000000
870,1.395665,1.608900,1.605300,1.512600,1148.000000,644288507.000000,1140539392.000000,252489728.000000,1274892288.000000,0.000800,0.000000,0.000000,0.000000,0.009100,0.000000,0.028400,0.000000,0.000000,0.000000,0.005300,0.000000
871,1.396744,1.107901,1.113900,1.026300,1148.000000,644286851.000000,1140539392.000000,252489728.000000,1274892288.000000,0.000700,0.000000,0.000000,0.000000,0.009800,0.000000,0.068800,0.000000,0.000000,0.000000,0.003400,0.000000
872,1.400512,3.701297,3.675300,3.591900,1148.000000,644287715.000000,1140539392.000000,252489728.000000,1274892288.000000,3.141900,0.045400,0.013100,3.036800,0.006700,0.018300,0.016100,0.000700,0.000700,0.013400,0.002600,0.000000
873,1.401811,1.189002,1.204200,1.100100,1148.000000,644291523.000000,1140539392.000000,252489728.000000,1274892288.000000,0.000700,0.000000,0.000000,0.000000,0.012600,0.000000,0.070000,0.000000,0.000000,0.000000,0.003300,0.000000
874,1.403102,1.436097,1.429200,1.339600,1148.000000,644291027.000000,1140539392.000000,252489728.000000,1274892288.000000,0.000800,0.000000,0.000000,0.000000,0.009500,0.000000,0.020600,0.000000,0.000000,0.000000,0.005800,0.000000
875,1.404346,1.249100,1.256900,1.166600,1148.000000,644291563.000000,1140539392.000000,252489728.000000,1274892288.000000,0.000700,0.000000,0.000000,0.000000,0.010300,0.000000,0.011900,0.000000,0.000000,0.000000,0.003400,0.000000
876,1.405768,1.421003,1.412900,1.330000,1148.000000,644291091.000000,1140539392.000000,252489728.000000,1274892288.000000,0.000700,0.000000,0.000000,0.000000,0.010300,0.000000,0.141000,0.000000,0.000000,0.000000,0.003100,0.000000
877,1.407182,1.408999,1.398200,1.311600,1148.000000,644290603.000000,1140539392.000000,252489728.000000,1274892288.000000,0.000600,0.000000,0.000000,0.000000,0.010200,0.000000,0.103000,0.000000,0.000000,0.000000,0.003300,0.000000
878,1.408372,1.188499,1.192100,1.099900,1148.000000,644295667.000000,1140539392.000000,252489728.000000,1274892288.000000,0.000700,0.000000,0.000000,0.000000,0.010300,0.000000,0.102000,0.000000,0.000000,0.000000,0.003600,0.000000
879,1.409664,1.319402,1.320300,1.234100,1148.000000,644295731.000000,1140539392.000000,252489728.000000,1274892288.000000,0.000700,0.000000,0.000000,0.000000,0.009700,0.000000,0.118100,0.000000,0.000000,0.000000,0.003700,0.000000
880,1.411114,1.446896,1.439600,1.352800,1148.000000,644294899.000000,1140539392.000000,252489728.000000,1274892288.000000,0.000800,0.000000,0.000000,0.000000,0.007900,0.000000,0.096400,0.000000,0.000000,0.000000,0.003000,0.000000
881,1.412385,1.286806,1.293900,1.204700,1148.000000,644294867.000000,1140539392.000000,252489728.000000,1274892288.000000,0.000700,0.000000,0.000000,0.000000,0.008600,0.000000,0.080800,0.000000,0.000000,0.000000,0.003000,0.000000
882,1.413684,1.316695,1.315600,1.238200,1148.000000,644294915.000000,1140539392.000000,252489728.000000,1274892288.000000,0.000600,0.000000,0.000000,0.000000,0.008000,0.000000,0.102100,0.000000,0.000000,0.000000,0.002600,0.000000
883,1.417533,3.802601,3.778500,3.697000,1148.000000,644302704.000000,1140539392.000000,252489728.000000,1274892288.000000,3.384700,0.048800,0.014200,3.270600,0.006600,0.019600,0.010400,0.000800,0.000500,0.014900,0.002900,0.000000
884,1.418842,1.324306,1.338100,1.241300,1148.000000,644303779.000000,1140539392.000000,252489728.000000,1274892288.000000,0.000700,0.000000,0.000000,0.000000,0.010300,0.000000,0.106600,0.000000,0.000000,0.000000,0.002900,0.000000
885,1.420259,1.406193,1.402300,1.317400,1148.000000,644303803.000000,1140539392.000000,252489728.000000,1274892288.000000,0.000700,0.000000,0.000000,0.000000,0.009400,0.000000,0.064500,0.000000,0.000000,0.000000,0.003000,0.000000
886,1.421526,1.293105,1.293000,1.208500,1148.000000,644306443.000000,1140539392.000000,252489728.000000,1274892288.000000,0.000700,0.000000,0.000000,0.000000,0.007300,0.000000,0.103400,0.000000,0.000000,0.000000,0.003000,0.000000
887,1.422763,1.242099,1.246500,1.164600,1148.000000,644303283.000000,1140539392.000000,252489728.000000,1274892288.000000,0.000600,0.000000,0.000000,0.000000,0.006600,0.000000,0.093300,0.000000,0.000000,0.000000,0.002700,0.000000
888,1.424126,1.353798,1.349500,1.273500,1148.000000,644303315.000000,1140539392.000000,252489728.000000,1274892288.000000,0.000600,0.000000,0.000000,0.000000,0.007400,0.000000,0.132000,0.000000,0.000000,0.000000,0.002800,0.000000
889,1.425492,1.380804,1.378400,1.302400,1148.000000,644307427.000000,1140539392.000000,252489728.000000,1274892288.000000,0.000700,0.000000,0.000000,0.000000,0.007900,0.000000,0.109900,0.000000,0.000000,0.000000,0.002500,0.000000
890,1.426744,1.261395,1.265400,1.189300,1148.000000,644307451.000000,1140539392.000000,252489728.000000,1274892288.000000,0.000600,0.000000,0.000000,0.000000,0.007900,0.000000,0.079100,0.000000,0.000000,0.000000,0.003000,0.000000
891,1.428016,1.262302,1.259300,1.187900,1148.000000,644307475.000000,1140539392.000000,252489728.000000,1274892288.000000,0.000500,0.000000,0.000000,0.000000,0.007000,0.000000,0.079600,0.000000,0.000000,0.000000,0.002500,0.000000
892,1.429431,1.398399,1.388000,1.313500,1148.000000,644307499.000000,1140539392.000000,252489728.000000,1274892288.000000,0.000800,0.000000,0.000000,0.000000,0.006800,0.000000,0.141900,0.000000,0.000000,0.000000,0.003400,0.000000
893,1.430901,1.469303,1.450800,1.366500,1148.000000,644307531.000000,1140539392.000000,252489728.000000,1274892288.000000,0.000700,0.000000,0.000000,0.000000,0.007900,0.000000,0.127700,0.000000,0.000000,0.000000,0.003000,0.000000
894,1.434510,3.607200,3.616500,3.517500,1200.000000,644312016.000000,1140539392.000000,252489728.000000,1274892288.000000,3.193400,0.051300,0.013700,3.082400,0.006800,0.018400,0.009500,0.000600,0.000500,0.012800,0.002900,0.000000
895,1.435943,1.442503,1.441100,1.356000,1148.000000,644311899.000000,1140539392.000000,252489728.000000,1274892288.000000,0.000600,0.000000,0.000000,0.000000,0.009000,0.000000,0.141400,0.000000,0.000000,0.000000,0.002700,0.000000
896,1.437160,1.228097,1.237500,1.152900,1148.000000,644316019.000000,1140539392.000000,252489728.000000,1274892288.000000,0.000600,0.000000,0.000000,0.000000,0.006800,0.000000,0.079300,0.000000,0.000000,0.000000,0.002900,0.000000
897,1.438437,1.273902,1.256300,1.184100,1148.000000,644316043.000000,1140539392.000000,252489728.000000,1274892288.000000,0.000600,0.000000,0.000000,0.000000,0.006800,0.000000,0.099200,0.000000,0.000000,0.000000,0.002200,0.000000
898,1.439803,1.371599,1.380300,1.293200,1148.000000,644315475.000000,1140539392.000000,252489728.000000,1274892288.000000,0.000700,0.000000,0.000000,0.000000,0.006800,0.000000,0.167400,0.000000,0.000000,0.000000,0.002800,0.000000
899,1.441149,1.319097,1.318500,1.241300,1148.000000,644315499.000000,1140539392.000000,252489728.000000,1274892288.000000,0.000700,0.000000,0.000000,0.000000,0.006400,0.000000,0.071900,0.000000,0.000000,0.000000,0.002800,0.000000
900,1.442521,1.378501,1.271700,1.197300,1148.000000,644315947.000000,1140539392.000000,252489728.000000,1274892288.000000,0.000700,0.000000,0.000000,0.000000,0.006500,0.000000,0.081800,0.000000,0.000000,0.000000,0.002800,0.000000
901,1.445149,2.588003,2.637700,2.352900,1148.000000,644321101.000000,1140539392.000000,252489728.000000,1274957824.000000,0.000600,0.000000,0.000000,0.000000,0.008000,0.000000,0.058100,0.000000,0.000000,0.000000,0.002500,0.000000
902,1.445846,0.621103,0.553100,0.426400,1148.000000,644328712.000000,1140539392.000000,252489728.000000,1274957824.000000,0.000700,0.000000,0.000000,0.000000,0.011700,0.000000,0.013200,0.000000,0.000000,0.000000,0.004300,0.000000
903,1.446962,1.197095,1.290500,1.202500,1148.000000,644323795.000000,1140539392.000000,252489728.000000,1274961920.000000,0.000800,0.000000,0.000000,0.000000,0.015100,0.000000,0.070100,0.000000,0.000000,0.000000,0.005200,0.000000
904,1.451037,4.076701,4.070300,3.974000,1148.000000,644327704.000000,1140539392.000000,252489728.000000,1274961920.000000,3.596400,0.045900,0.015200,3.487500,0.010000,0.018200,0.010100,0.000600,0.000600,0.014000,0.003600,0.000000
905,1.452472,1.427303,1.417200,1.305500,1148.000000,644323987.000000,1140539392.000000,252489728.000000,1274961920.000000,0.000700,0.000000,0.000000,0.000000,0.011700,0.000000,0.079700,0.000000,0.000000,0.000000,0.003200,0.000000
906,1.454706,1.375397,1.369300,1.263100,1148.000000,644328107.000000,1140539392.000000,252489728.000000,1274961920.000000,0.000700,0.000000,0.000000,0.000000,0.010700,0.000000,0.024500,0.000000,0.000000,0.000000,0.003800,0.000000
907,1.455245,1.405499,1.380600,1.253900,1148.000000,644328651.000000,1140539392.000000,252489728.000000,1274961920.000000,0.000800,0.000000,0.000000,0.000000,0.149300,0.000000,0.013100,0.000000,0.000000,0.000000,0.004100,0.000000
908,1.456455,1.241001,1.283000,1.155500,1148.000000,644332595.000000,1140539392.000000,252489728.000000,1274961920.000000,0.000700,0.000000,0.000000,0.000000,0.009800,0.000000,0.152300,0.000000,0.000000,0.000000,0.003500,0.000000
909,1.458333,1.841305,1.356400,1.273000,1148.000000,644331763.000000,1140539392.000000,252489728.000000,1274961920.000000,0.000700,0.000000,0.000000,0.000000,0.008900,0.000000,0.108300,0.000000,0.000000,0.000000,0.002600,0.000000
910,1.459281,0.964895,1.435600,0.871300,1148.000000,644332155.000000,1140539392.000000,252489728.000000,1274961920.000000,0.000700,0.000000,0.000000,0.000000,0.010400,0.000000,0.105600,0.000000,0.000000,0.000000,0.003700,0.000000
911,1.460677,1.377303,1.377600,1.283500,1148.000000,644331779.000000,1140539392.000000,252489728.000000,1274961920.000000,0.000700,0.000000,0.000000,0.000000,0.009900,0.000000,0.104500,0.000000,0.000000,0.000000,0.003000,0.000000
912,1.462104,1.431200,1.424900,1.332700,1148.000000,644335915.000000,1140539392.000000,252489728.000000,1274961920.000000,0.000700,0.000000,0.000000,0.000000,0.008800,0.000000,0.127500,0.000000,0.000000,0.000000,0.003200,0.000000
913,1.463341,1.248902,1.250500,1.159100,1148.000000,644335955.000000,1140539392.000000,252489728.000000,1274961920.000000,0.000700,0.000000,0.000000,0.000000,0.010900,0.000000,0.118400,0.000000,0.000000,0.000000,0.003600,0.000000
914,1.467088,3.743998,3.733700,3.643600,1148.000000,644340648.000000,1140539392.000000,252489728.000000,1274961920.000000,3.272200,0.049500,0.015400,3.157100,0.009600,0.020100,0.010200,0.000600,0.000600,0.014300,0.003600,0.000000
915,1.468271,1.215802,1.231000,1.137800,1148.000000,644337563.000000,1140539392.000000,252489728.000000,1274961920.000000,0.000600,0.000000,0.000000,0.000000,0.011200,0.000000,0.073100,0.000000,0.000000,0.000000,0.003000,0.000000
916,1.469559,1.287096,1.280600,1.203400,1148.000000,644337587.000000,1140539392.000000,252489728.000000,1274961920.000000,0.000600,0.000000,0.000000,0.000000,0.006800,0.000000,0.137600,0.000000,0.000000,0.000000,0.002400,0.000000
917,1.470890,1.339498,1.341800,1.261000,1148.000000,644341715.000000,1140539392.000000,252489728.000000,1274961920.000000,0.000700,0.000000,0.000000,0.000000,0.008200,0.000000,0.108100,0.000000,0.000000,0.000000,0.002700,0.000000
918,1.472294,1.342106,1.329800,1.249800,1148.000000,644342387.000000,1140539392.000000,252489728.000000,1274961920.000000,0.000600,0.000000,0.000000,0.000000,0.006400,0.000000,0.123400,0.000000,0.000000,0.000000,0.002600,0.000000
919,1.473479,1.230293,1.234500,1.149900,1148.000000,644340219.000000,1140539392.000000,252489728.000000,1274961920.000000,0.000800,0.000000,0.000000,0.000000,0.010300,0.000000,0.076100,0.000000,0.000000,0.000000,0.003300,0.000000
920,1.474980,1.487904,1.471700,1.389700,1148.000000,644340243.000000,1140539392.000000,252489728.000000,1274961920.000000,0.000700,0.000000,0.000000,0.000000,0.007600,0.000000,0.119700,0.000000,0.000000,0.000000,0.002900,0.000000
921,1.476296,1.336302,1.339900,1.247500,1148.000000,644347120.000000,1140539392.000000,252489728.000000,1274961920.000000,0.000500,0.000000,0.000000,0.000000,0.008400,0.000000,0.070500,0.000000,0.000000,0.000000,0.003000,0.000000
922,1.477579,1.285998,1.291000,1.205900,1148.000000,644344395.000000,1140539392.000000,252489728.000000,1274961920.000000,0.000600,0.000000,0.000000,0.000000,0.007700,0.000000,0.067400,0.000000,0.000000,0.000000,0.002900,0.000000
923,1.478803,1.232497,1.234000,1.156200,1148.000000,644348979.000000,1140539392.000000,252489728.000000,1274961920.000000,0.000600,0.000000,0.000000,0.000000,0.006900,0.000000,0.099500,0.000000,0.000000,0.000000,0.002700,0.000000
924,1.480198,1.352303,1.345600,1.272100,1148.000000,644350609.000000,1140539392.000000,252489728.000000,1274961920.000000,0.000600,0.000000,0.000000,0.000000,0.006300,0.000000,0.093100,0.000000,0.000000,0.000000,0.002300,0.000000
925,1.483793,3.636295,3.636000,3.557000,1148.000000,644351944.000000,1140539392.000000,252489728.000000,1274961920.000000,3.215300,0.047900,0.015000,3.105500,0.008600,0.018700,0.009400,0.000600,0.000600,0.012900,0.003000,0.000000
926,1.485204,1.405704,1.403900,1.325700,1148.000000,644349803.000000,1140539392.000000,252489728.000000,1274961920.000000,0.000700,0.000000,0.000000,0.000000,0.008900,0.000000,0.086800,0.000000,0.000000,0.000000,0.002600,0.000000
927,1.486610,1.366702,1.348200,1.230200,1148.000000,644348467.000000,1140539392.000000,252489728.000000,1274966016.000000,0.000600,0.000000,0.000000,0.000000,0.007100,0.000000,0.130200,0.000000,0.000000,0.000000,0.002600,0.000000
928,1.487911,1.257100,1.197000,1.091900,1148.000000,644348491.000000,1140539392.000000,252489728.000000,1274966016.000000,0.000700,0.000000,0.000000,0.000000,0.010600,0.000000,0.051500,0.000000,0.000000,0.000000,0.003500,0.000000
929,1.489476,1.276198,1.253200,1.090500,1148.000000,644351875.000000,1140539392.000000,252489728.000000,1274966016.000000,0.000800,0.000000,0.000000,0.000000,0.012600,0.000000,0.091700,0.000000,0.000000,0.000000,0.004700,0.000000
930,1.490605,1.399001,1.347300,1.176800,1148.000000,644352411.000000,1140539392.000000,252489728.000000,1274966016.000000,0.000800,0.000000,0.000000,0.000000,0.010000,0.000000,0.015700,0.000000,0.000000,0.000000,0.003800,0.000000
931,1.492058,1.459396,1.542200,1.322400,1148.000000,644351923.000000,1140539392.000000,252489728.000000,1274966016.000000,0.000800,0.000000,0.000000,0.000000,0.012700,0.000000,0.030200,0.000000,0.000000,0.000000,0.004800,0.000000
932,1.493053,1.025999,1.052300,0.921000,1148.000000,644352467.000000,1140539392.000000,252489728.000000,1274966016.000000,0.000800,0.000000,0.000000,0.000000,0.013200,0.000000,0.054000,0.000000,0.000000,0.000000,0.004900,0.000000
933,1.494801,1.647605,1.642700,1.532100,1148.000000,644351971.000000,1140539392.000000,252489728.000000,1274966016.000000,0.000800,0.000000,0.000000,0.000000,0.012000,0.000000,0.116500,0.000000,0.000000,0.000000,0.004700,0.000000
934,1.495724,0.955095,0.979500,0.871700,1148.000000,644362891.000000,1140539392.000000,252489728.000000,1274966016.000000,0.000800,0.000000,0.000000,0.000000,0.015300,0.000000,0.067400,0.000000,0.000000,0.000000,0.005300,0.000000
935,1.496981,1.328005,1.317700,1.235200,1148.000000,644360723.000000,1140539392.000000,252489728.000000,1274966016.000000,0.000900,0.000000,0.000000,0.000000,0.044600,0.000000,0.012500,0.000000,0.000000,0.000000,0.005200,0.000000
936,1.500582,3.607299,3.598100,3.507800,1148.000000,644364896.000000,1140539392.000000,252489728.000000,1274966016.000000,3.104700,0.045700,0.016500,2.994200,0.010200,0.019200,0.010900,0.000700,0.000500,0.013500,0.003800,0.000000
937,1.501940,1.384999,1.390700,1.295400,1148.000000,644361699.000000,1140539392.000000,252489728.000000,1274966016.000000,0.000600,0.000000,0.000000,0.000000,0.011100,0.000000,0.045100,0.000000,0.000000,0.000000,0.002700,0.000000
938,1.503229,1.233603,1.081200,0.994800,1148.000000,644361531.000000,1140539392.000000,252489728.000000,1274966016.000000,0.000600,0.000000,0.000000,0.000000,0.009000,0.000000,0.013500,0.000000,0.000000,0.000000,0.003500,0.000000
939,1.504925,1.688995,1.732600,1.499000,1148.000000,644361075.000000,1140539392.000000,252489728.000000,1274966016.000000,0.000800,0.000000,0.000000,0.000000,0.012700,0.000000,0.161100,0.000000,0.000000,0.000000,0.004800,0.000000
940,1.505858,0.994707,1.092000,0.894600,1148.000000,644365027.000000,1140539392.000000,252489728.000000,1274966016.000000,0.000900,0.000000,0.000000,0.000000,0.013400,0.000000,0.033200,0.000000,0.000000,0.000000,0.005100,0.000000
941,1.507091,1.248795,1.213700,1.120600,1148.000000,644365179.000000,1140539392.000000,252489728.000000,1274966016.000000,0.000700,0.000000,0.000000,0.000000,0.009600,0.000000,0.066800,0.000000,0.000000,0.000000,0.003500,0.000000
942,1.508464,1.342900,1.326900,1.206500,1148.000000,644365771.000000,1140539392.000000,252489728.000000,1274966016.000000,0.000700,0.000000,0.000000,0.000000,0.008500,0.000000,0.101400,0.000000,0.000000,0.000000,0.003000,0.000000
943,1.510265,1.777799,1.806400,1.673100,1148.000000,644364891.000000,1140539392.000000,252489728.000000,1274966016.000000,0.000700,0.000000,0.000000,0.000000,0.009500,0.000000,0.248700,0.000000,0.000000,0.000000,0.003200,0.000000
944,1.511386,1.149405,1.157000,1.053600,1148.000000,644365443.000000,1140539392.000000,252489728.000000,1274966016.000000,0.000800,0.000000,0.000000,0.000000,0.012800,0.000000,0.127100,0.000000,0.000000,0.000000,0.024600,0.000000
945,1.512636,1.282299,1.291100,1.200800,1148.000000,644369579.000000,1140539392.000000,252489728.000000,1274966016.000000,0.000700,0.000000,0.000000,0.000000,0.008800,0.000000,0.117600,0.000000,0.000000,0.000000,0.003100,0.000000
946,1.514053,1.384701,1.375500,1.293900,1148.000000,644369619.000000,1140539392.000000,252489728.000000,1274966016.000000,0.000600,0.000000,0.000000,0.000000,0.007100,0.000000,0.192400,0.000000,0.000000,0.000000,0.002700,0.000000
947,1.517740,3.688896,3.675700,3.584500,1148.000000,644378320.000000,1140539392.000000,252489728.000000,1274966016.000000,3.209400,0.049500,0.015500,3.093700,0.010500,0.020700,0.011500,0.000800,0.000500,0.014800,0.003400,0.000000
948,1.519010,1.293403,1.304900,1.209800,1148.000000,644375139.000000,1140539392.000000,252489728.000000,1274966016.000000,0.000700,0.000000,0.000000,0.000000,0.011300,0.000000,0.118200,0.000000,0.000000,0.000000,0.003000,0.000000
949,1.520427,1.384198,1.380700,1.296800,1148.000000,644375163.000000,1140539392.000000,252489728.000000,1274966016.000000,0.000700,0.000000,0.000000,0.000000,0.008700,0.000000,0.103200,0.000000,0.000000,0.000000,0.002900,0.000000
950,1.521763,1.337401,1.328200,1.243500,1148.000000,644378027.000000,1140539392.000000,252489728.000000,1274966016.000000,0.000700,0.000000,0.000000,0.000000,0.009300,0.000000,0.102300,0.000000,0.000000,0.000000,0.003100,0.000000
951,1.522953,1.224702,1.229800,1.140400,1148.000000,644379131.000000,1140539392.000000,252489728.000000,1274970112.000000,0.000600,0.000000,0.000000,0.000000,0.009800,0.000000,0.064700,0.000000,0.000000,0.000000,0.003500,0.000000
952,1.525289,2.082596,2.056200,1.940100,1148.000000,644379195.000000,1140539392.000000,252489728.000000,1274970112.000000,0.000700,0.000000,0.000000,0.000000,0.007200,0.000000,0.308800,0.000000,0.000000,0.000000,0.002900,0.000000
953,1.526455,0.845600,0.863600,0.761600,1148.000000,644378883.000000,1140539392.000000,252489728.000000,1274970112.000000,0.001300,0.000000,0.000000,0.000000,0.012500,0.000000,0.015000,0.000000,0.000000,0.000000,0.007100,0.000000
954,1.527463,1.444402,1.439100,1.353900,1148.000000,644378819.000000,1140539392.000000,252489728.000000,1274970112.000000,0.000800,0.000000,0.000000,0.000000,0.015300,0.000000,0.184600,0.000000,0.000000,0.000000,0.005100,0.000000
955,1.528522,1.170203,1.170300,1.082100,1148.000000,644378931.000000,1140539392.000000,252489728.000000,1274970112.000000,0.000800,0.000000,0.000000,0.000000,0.009600,0.000000,0.025500,0.000000,0.000000,0.000000,0.005100,0.000000
956,1.530035,1.356200,1.353600,1.271500,1148.000000,644378955.000000,1140539392.000000,252489728.000000,1274970112.000000,0.000700,0.000000,0.000000,0.000000,0.009600,0.000000,0.192600,0.000000,0.000000,0.000000,0.003300,0.000000
957,1.531446,1.562195,1.552000,1.464200,1148.000000,644383075.000000,1140539392.000000,252489728.000000,1274970112.000000,0.000800,0.000000,0.000000,0.000000,0.008300,0.000000,0.097900,0.000000,0.000000,0.000000,0.005700,0.000000
958,1.535027,3.585204,3.576100,3.482600,1148.000000,644387592.000000,1140539392.000000,252489728.000000,1274970112.000000,3.107200,0.056700,0.015400,2.981600,0.009800,0.020800,0.010400,0.000800,0.000700,0.015400,0.003200,0.000000
959,1.536474,1.456498,1.470900,1.373000,1148.000000,644388163.000000,1140539392.000000,252489728.000000,1274974208.000000,0.000800,0.000000,0.000000,0.000000,0.009200,0.000000,0.162700,0.000000,0.000000,0.000000,0.003200,0.000000
960,1.537859,1.374497,1.310200,1.227800,1148.000000,644388187.000000,1140539392.000000,252489728.000000,1274974208.000000,0.000700,0.000000,0.000000,0.000000,0.009700,0.000000,0.146600,0.000000,0.000000,0.000000,0.002900,0.000000
961,1.539146,1.281703,1.320100,1.179200,1148.000000,644388235.000000,1140539392.000000,252489728.000000,1274974208.000000,0.000700,0.000000,0.000000,0.000000,0.010400,0.000000,0.138300,0.000000,0.000000,0.000000,0.003400,0.000000
962,1.540642,1.479599,1.434800,1.331000,1148.000000,644391467.000000,1140539392.000000,252489728.000000,1275039744.000000,0.000700,0.000000,0.000000,0.000000,0.009600,0.000000,0.067700,0.000000,0.000000,0.000000,0.004300,0.000000
963,1.541838,1.226899,1.283100,1.142200,1148.000000,644391475.000000,1140539392.000000,252489728.000000,1275039744.000000,0.000600,0.000000,0.000000,0.000000,0.010400,0.000000,0.085800,0.000000,0.000000,0.000000,0.004300,0.000000
964,1.543053,1.244799,1.247500,1.164100,1148.000000,644391515.000000,1140539392.000000,252489728.000000,1275039744.000000,0.000700,0.000000,0.000000,0.000000,0.009700,0.000000,0.069300,0.000000,0.000000,0.000000,0.003000,0.000000
965,1.544388,1.339902,1.340400,1.262400,1148.000000,644391539.000000,1140539392.000000,252489728.000000,1275039744.000000,0.000600,0.000000,0.000000,0.000000,0.007600,0.000000,0.131100,0.000000,0.000000,0.000000,0.002500,0.000000
966,1.545834,1.437103,1.427200,1.349400,1148.000000,644393779.000000,1140539392.000000,252489728.000000,1275039744.000000,0.000600,0.000000,0.000000,0.000000,0.007400,0.000000,0.115100,0.000000,0.000000,0.000000,0.002300,0.000000
967,1.547239,1.366596,1.352200,1.265200,1148.000000,644392067.000000,1140539392.000000,252489728.000000,1275043840.000000,0.000800,0.000000,0.000000,0.000000,0.006800,0.000000,0.132400,0.000000,0.000000,0.000000,0.002800,0.000000
968,1.550965,3.616305,3.614100,3.513900,1148.000000,644399864.000000,1140539392.000000,252489728.000000,1275043840.000000,3.112800,0.059800,0.016400,2.974600,0.010400,0.024100,0.011000,0.000800,0.000700,0.019500,0.003600,0.000000
969,1.552070,1.238294,1.236800,1.143000,1148.000000,644396899.000000,1140539392.000000,252489728.000000,1275043840.000000,0.000700,0.000000,0.000000,0.000000,0.011900,0.000000,0.078000,0.000000,0.000000,0.000000,0.004100,0.000000
970,1.553226,1.171301,1.171600,1.093700,1148.000000,644396923.000000,1140539392.000000,252489728.000000,1275043840.000000,0.000700,0.000000,0.000000,0.000000,0.009100,0.000000,0.059700,0.000000,0.000000,0.000000,0.002800,0.000000
971,1.554585,1.322002,1.309900,1.230300,1148.000000,644396947.000000,1140539392.000000,252489728.000000,1275043840.000000,0.000700,0.000000,0.000000,0.000000,0.006900,0.000000,0.131900,0.000000,0.000000,0.000000,0.002700,0.000000
972,1.555893,1.332901,1.334600,1.248600,1148.000000,644399715.000000,1140539392.000000,252489728.000000,1275043840.000000,0.000700,0.000000,0.000000,0.000000,0.009500,0.000000,0.114600,0.000000,0.000000,0.000000,0.002900,0.000000
973,1.557155,1.249695,1.250300,1.167500,1148.000000,644403835.000000,1140539392.000000,252489728.000000,1275043840.000000,0.000700,0.000000,0.000000,0.000000,0.008200,0.000000,0.083100,0.000000,0.000000,0.000000,0.002900,0.000000
974,1.558658,1.488903,1.476200,1.393700,1148.000000,644404283.000000,1140539392.000000,252489728.000000,1275043840.000000,0.000700,0.000000,0.000000,0.000000,0.009500,0.000000,0.125200,0.000000,0.000000,0.000000,0.003200,0.000000
975,1.560117,1.437302,1.435100,1.344800,1148.000000,644403883.000000,1140539392.000000,252489728.000000,1275047936.000000,0.000700,0.000000,0.000000,0.000000,0.010400,0.000000,0.073200,0.000000,0.000000,0.000000,0.003500,0.000000
976,1.561510,1.437599,1.436000,1.344900,1148.000000,644403931.000000,1140539392.000000,252489728.000000,1275047936.000000,0.000700,0.000000,0.000000,0.000000,0.009200,0.000000,0.109300,0.000000,0.000000,0.000000,0.003200,0.000000
977,1.562725,1.233801,1.241800,1.153700,1148.000000,644403931.000000,1140539392.000000,252489728.000000,1275047936.000000,0.000700,0.000000,0.000000,0.000000,0.009300,0.000000,0.082000,0.000000,0.000000,0.000000,0.002800,0.000000
978,1.564459,1.517900,1.356000,1.268500,1148.000000,644403955.000000,1140539392.000000,252489728.000000,1275047936.000000,0.000700,0.000000,0.000000,0.000000,0.006800,0.000000,0.153900,0.000000,0.000000,0.000000,0.002500,0.000000
979,1.567888,3.605201,3.732100,3.501800,1148.000000,644417177.000000,1140539392.000000,252489728.000000,1275047936.000000,2.914400,0.266200,0.025600,2.559300,0.014500,0.027500,0.010800,0.000800,0.000800,0.016500,0.007000,0.000000
980,1.569199,1.313499,1.333600,1.228200,1148.000000,644414643.000000,1140539392.000000,252489728.000000,1275047936.000000,0.000700,0.000000,0.000000,0.000000,0.011100,0.000000,0.079300,0.000000,0.000000,0.000000,0.003200,0.000000
981,1.570487,1.305796,1.299700,1.213900,1148.000000,644414707.000000,1140539392.000000,252489728.000000,1275047936.000000,0.000700,0.000000,0.000000,0.000000,0.007600,0.000000,0.060300,0.000000,0.000000,0.000000,0.005300,0.000000
982,1.571668,1.195401,1.203800,1.117100,1148.000000,644416179.000000,1140539392.000000,252489728.000000,1275047936.000000,0.000700,0.000000,0.000000,0.000000,0.008600,0.000000,0.081000,0.000000,0.000000,0.000000,0.002900,0.000000
983,1.572852,1.197499,1.201500,1.127300,1148.000000,644408883.000000,1140539392.000000,252489728.000000,1275047936.000000,0.000700,0.000000,0.000000,0.000000,0.006900,0.000000,0.097100,0.000000,0.000000,0.000000,0.002500,0.000000
984,1.574166,1.308199,1.296700,1.225000,1148.000000,644408907.000000,1140539392.000000,252489728.000000,1275047936.000000,0.000700,0.000000,0.000000,0.000000,0.006900,0.000000,0.131700,0.000000,0.000000,0.000000,0.002600,0.000000
985,1.575518,1.349504,1.346400,1.266200,1148.000000,644417123.000000,1140539392.000000,252489728.000000,1275047936.000000,0.000700,0.000000,0.000000,0.000000,0.007600,0.000000,0.109700,0.000000,0.000000,0.000000,0.002300,0.000000
986,1.576821,1.272902,1.266500,1.183800,1148.000000,644423705.000000,1140539392.000000,252489728.000000,1275047936.000000,0.000600,0.000000,0.000000,0.000000,0.007400,0.000000,0.108200,0.000000,0.000000,0.000000,0.002500,0.000000
987,1.577989,1.188797,1.191300,1.108100,1148.000000,644421267.000000,1140539392.000000,252489728.000000,1275047936.000000,0.000600,0.000000,0.000000,0.000000,0.009400,0.000000,0.072500,0.000000,0.000000,0.000000,0.002800,0.000000
988,1.579248,1.264101,1.259600,1.180300,1148.000000,644421291.000000,1140539392.000000,252489728.000000,1275047936.000000,0.000700,0.000000,0.000000,0.000000,0.008500,0.000000,0.122400,0.000000,0.000000,0.000000,0.002600,0.000000
989,1.580933,1.613896,1.583900,1.498700,1148.000000,644421315.000000,1140539392.000000,252489728.000000,1275047936.000000,0.000600,0.000000,0.000000,0.000000,0.008100,0.000000,0.122200,0.000000,0.000000,0.000000,0.002800,0.000000
990,1.585006,4.108099,4.120400,4.008900,1148.000000,644429320.000000,1140539392.000000,252489728.000000,1275047936.000000,3.585200,0.051700,0.014800,3.466800,0.010800,0.021000,0.010300,0.000600,0.000600,0.015000,0.003600,0.000000
991,1.586388,1.355804,1.270400,1.177800,1148.000000,644425739.000000,1140539392.000000,252489728.000000,1275047936.000000,0.000700,0.000000,0.000000,0.000000,0.009300,0.000000,0.081000,0.000000,0.000000,0.000000,0.002600,0.000000
992,1.587625,1.273802,1.358900,1.188900,1148.000000,644425251.000000,1140539392.000000,252489728.000000,1275047936.000000,0.000600,0.000000,0.000000,0.000000,0.010500,0.000000,0.065800,0.000000,0.000000,0.000000,0.003600,0.000000
993,1.588904,1.266497,1.266400,1.179300,1148.000000,644425787.000000,1140539392.000000,252489728.000000,1275047936.000000,0.000700,0.000000,0.000000,0.000000,0.009700,0.000000,0.126700,0.000000,0.000000,0.000000,0.003100,0.000000
994,1.590423,1.526304,1.499200,1.411000,1148.000000,644425979.000000,1140539392.000000,252489728.000000,1275047936.000000,0.000900,0.000000,0.000000,0.000000,0.008700,0.000000,0.109300,0.000000,0.000000,0.000000,0.005200,0.000000
995,1.591762,1.314598,1.331900,1.221500,1148.000000,644425587.000000,1140539392.000000,252489728.000000,1275047936.000000,0.000700,0.000000,0.000000,0.000000,0.009800,0.000000,0.103600,0.000000,0.000000,0.000000,0.003600,0.000000
996,1.592936,1.214697,1.211600,1.122500,1148.000000,644430171.000000,1140539392.000000,252489728.000000,1275047936.000000,0.000600,0.000000,0.000000,0.000000,0.009600,0.000000,0.069700,0.000000,0.000000,0.000000,0.004300,0.000000
997,1.594290,1.324901,1.326900,1.235000,1148.000000,644429339.000000,1140539392.000000,252489728.000000,1275047936.000000,0.000600,0.000000,0.000000,0.000000,0.008900,0.000000,0.140400,0.000000,0.000000,0.000000,0.003300,0.000000
998,1.595715,1.432901,1.424700,1.335000,1148.000000,644435667.000000,1140539392.000000,252489728.000000,1275047936.000000,0.000800,0.000000,0.000000,0.000000,0.009500,0.000000,0.081000,0.000000,0.000000,0.000000,0.005700,0.000000
999,1.596985,1.288400,1.296500,1.205700,1148.000000,644433499.000000,1140539392.000000,252489728.000000,1275047936.000000,0.000700,0.000000,0.000000,0.000000,0.009300,0.000000,0.084200,0.000000,0.000000,0.000000,0.003200,0.000000
1000,1.600634,3.562904,3.546100,3.461600,1148.000000,644436952.000000,1140539392.000000,252489728.000000,1275047936.000000,3.109100,0.047900,0.013100,3.002300,0.009200,0.017800,0.010300,0.000600,0.000700,0.012600,0.003000,0.000000
1001,1.601982,1.408595,1.300300,1.203500,1148.000000,644438011.000000,1140539392.000000,252489728.000000,1275047936.000000,0.000800,0.000000,0.000000,0.000000,0.008900,0.000000,0.112800,0.000000,0.000000,0.000000,0.003900,0.000000
1002,1.603076,1.091001,1.169700,0.971200,1148.000000,644438035.000000,1140539392.000000,252489728.000000,1275047936.000000,0.000700,0.000000,0.000000,0.000000,0.010100,0.000000,0.063500,0.000000,0.000000,0.000000,0.003600,0.000000
1003,1.604646,1.533801,1.552100,1.444300,1148.000000,644437547.000000,1140539392.000000,252489728.000000,1275047936.000000,0.000600,0.000000,0.000000,0.000000,0.009900,0.000000,0.028100,0.000000,0.000000,0.000000,0.003700,0.000000
1004,1.605803,1.121202,1.128400,1.031300,1148.000000,644437779.000000,1140539392.000000,252489728.000000,1275047936.000000,0.000600,0.000000,0.000000,0.000000,0.011200,0.000000,0.054400,0.000000,0.000000,0.000000,0.005000,0.000000
1005,1.607104,1.383099,1.353800,1.258400,1148.000000,644440265.000000,1140539392.000000,252489728.000000,1275047936.000000,0.000800,0.000000,0.000000,0.000000,0.035800,0.000000,0.114100,0.000000,0.000000,0.000000,0.005500,0.000000
1006,1.608501,1.338400,1.353600,1.255800,1148.000000,644438251.000000,1140539392.000000,252489728.000000,1275047936.000000,0.000800,0.000000,0.000000,0.000000,0.010000,0.000000,0.142700,0.000000,0.000000,0.000000,0.003700,0.000000
1007,1.610659,2.202098,2.120200,2.031200,1148.000000,644441435.000000,1140539392.000000,252489728.000000,1275047936.000000,0.000800,0.000000,0.000000,0.000000,0.008800,0.000000,0.104200,0.000000,0.000000,0.000000,0.003300,0.000000
1008,1.611294,0.653600,0.726400,0.568200,1148.000000,644441883.000000,1140539392.000000,252489728.000000,1275047936.000000,0.000800,0.000000,0.000000,0.000000,0.011200,0.000000,0.034500,0.000000,0.000000,0.000000,0.004100,0.000000
1009,1.612761,1.350702,1.325900,1.237700,1148.000000,644441483.000000,1140539392.000000,252489728.000000,1275047936.000000,0.000700,0.000000,0.000000,0.000000,0.010600,0.000000,0.083200,0.000000,0.000000,0.000000,0.003600,0.000000
1010,1.614029,1.156101,1.128700,0.994500,1148.000000,644443940.000000,1140539392.000000,252489728.000000,1275047936.000000,0.000800,0.000000,0.000000,0.000000,0.013200,0.000000,0.082600,0.000000,0.000000,0.000000,0.005500,0.000000
1011,1.617555,3.739895,3.773700,3.644300,1148.000000,644449689.000000,1140539392.000000,252489728.000000,1275047936.000000,3.000500,0.058900,0.022000,2.860600,0.142300,0.022500,0.010100,0.000700,0.000700,0.016900,0.006200,0.000000
1012,1.618861,1.299405,1.279100,1.183100,1148.000000,644446195.000000,1140539392.000000,252489728.000000,1275047936.000000,0.000600,0.000000,0.000000,0.000000,0.012100,0.000000,0.071000,0.000000,0.000000,0.000000,0.003300,0.000000
1013,1.620246,1.393495,1.416900,1.303300,1148.000000,644450315.000000,1140539392.000000,252489728.000000,1275047936.000000,0.000600,0.000000,0.000000,0.000000,0.011600,0.000000,0.065000,0.000000,0.000000,0.000000,0.004000,0.000000
1014,1.621473,1.257405,1.256400,1.169600,1148.000000,644452531.000000,1140539392.000000,252489728.000000,1275047936.000000,0.000800,0.000000,0.000000,0.000000,0.008800,0.000000,0.077700,0.000000,0.000000,0.000000,0.003000,0.000000
1015,1.622799,1.334297,1.335800,1.250400,1148.000000,644450011.000000,1140539392.000000,252489728.000000,1275047936.000000,0.000700,0.000000,0.000000,0.000000,0.008600,0.000000,0.113000,0.000000,0.000000,0.000000,0.003000,0.000000
1016,1.624166,1.356002,1.351600,1.269900,1148.000000,644450035.000000,1140539392.000000,252489728.000000,1275047936.000000,0.000700,0.000000,0.000000,0.000000,0.008700,0.000000,0.119500,0.000000,0.000000,0.000000,0.002800,0.000000
1017,1.625572,1.408999,1.408600,1.325600,1148.000000,644450059.000000,1140539392.000000,252489728.000000,1275047936.000000,0.000900,0.000000,0.000000,0.000000,0.008600,0.000000,0.128200,0.000000,0.000000,0.000000,0.002800,0.000000
1018,1.626786,1.238698,1.243300,1.164500,1148.000000,644454179.000000,1140539392.000000,252489728.000000,1275047936.000000,0.000600,0.000000,0.000000,0.000000,0.007400,0.000000,0.080200,0.000000,0.000000,0.000000,0.002800,0.000000
1019,1.628047,1.265200,1.264100,1.190500,1148.000000,644454203.000000,1140539392.000000,252489728.000000,1275047936.000000,0.000600,0.000000,0.000000,0.000000,0.007900,0.000000,0.076100,0.000000,0.000000,0.000000,0.002400,0.000000
1020,1.629496,1.398604,1.378400,1.301300,1148.000000,644454227.000000,1140539392.000000,252489728.000000,1275047936.000000,0.000600,0.000000,0.000000,0.000000,0.007000,0.000000,0.169100,0.000000,0.000000,0.000000,0.002300,0.000000
1021,1.630820,1.345196,1.350100,1.260100,1148.000000,644454251.000000,1140539392.000000,252489728.000000,1275047936.000000,0.000700,0.000000,0.000000,0.000000,0.009800,0.000000,0.086800,0.000000,0.000000,0.000000,0.003300,0.000000
1022,1.634398,3.564505,3.543600,3.457600,1148.000000,644460983.000000,1140539392.000000,252489728.000000,1275047936.000000,3.115300,0.060100,0.015700,2.992200,0.008100,0.018300,0.010200,0.000700,0.000800,0.012600,0.003100,0.000000
1023,1.635720,1.352799,1.371400,1.271300,1200.000000,644459243.000000,1140539392.000000,252489728.000000,1275113472.000000,0.000600,0.000000,0.000000,0.000000,0.010100,0.000000,0.076000,0.000000,0.000000,0.000000,0.002800,0.000000
1024,1.636914,1.203097,1.206500,1.128600,1148.000000,644463371.000000,1140539392.000000,252489728.000000,1275113472.000000,0.000600,0.000000,0.000000,0.000000,0.006700,0.000000,0.082000,0.000000,0.000000,0.000000,0.002700,0.000000
1025,1.638325,1.339101,1.286900,1.208800,1148.000000,644463851.000000,1140539392.000000,252489728.000000,1275113472.000000,0.000600,0.000000,0.000000,0.000000,0.006400,0.000000,0.122800,0.000000,0.000000,0.000000,0.002400,0.000000
1026,1.639654,1.351998,1.379900,1.259700,1148.000000,644462203.000000,1140539392.000000,252489728.000000,1275113472.000000,0.000700,0.000000,0.000000,0.000000,0.010800,0.000000,0.178000,0.000000,0.000000,0.000000,0.004000,0.000000
1027,1.641224,1.472506,1.452200,1.357700,1148.000000,644462227.000000,1140539392.000000,252489728.000000,1275113472.000000,0.000900,0.000000,0.000000,0.000000,0.010100,0.000000,0.115000,0.000000,0.000000,0.000000,0.003700,0.000000
1028,1.642333,1.225000,1.247900,1.138300,1148.000000,644462275.000000,1140539392.000000,252489728.000000,1275113472.000000,0.000700,0.000000,0.000000,0.000000,0.010300,0.000000,0.048200,0.000000,0.000000,0.000000,0.003700,0.000000
1029,1.643685,1.337996,1.337100,1.251700,1148.000000,644466395.000000,1140539392.000000,252489728.000000,1275113472.000000,0.000700,0.000000,0.000000,0.000000,0.008100,0.000000,0.128400,0.000000,0.000000,0.000000,0.002700,0.000000
1030,1.644985,1.318403,1.315800,1.233500,1148.000000,644468611.000000,1140539392.000000,252489728.000000,1275113472.000000,0.000600,0.000000,0.000000,0.000000,0.009800,0.000000,0.105000,0.000000,0.000000,0.000000,0.003200,0.000000
1031,1.646434,1.454797,1.452300,1.368800,1148.000000,644466443.000000,1140539392.000000,252489728.000000,1275113472.000000,0.000800,0.000000,0.000000,0.000000,0.008600,0.000000,0.146200,0.000000,0.000000,0.000000,0.003000,0.000000
1032,1.647762,1.301602,1.300100,1.214100,1148.000000,644466467.000000,1140539392.000000,252489728.000000,1275113472.000000,0.000600,0.000000,0.000000,0.000000,0.007100,0.000000,0.105600,0.000000,0.000000,0.000000,0.002600,0.000000
1033,1.651759,3.973299,3.946100,3.857500,1148.000000,644470544.000000,1140539392.000000,252489728.000000,1275113472.000000,3.470400,0.048000,0.014800,3.353400,0.009800,0.021000,0.011300,0.000700,0.000500,0.016800,0.003300,0.000000
1034,1.653036,1.309396,1.324700,1.218400,1148.000000,644467835.000000,1140539392.000000,252489728.000000,1275113472.000000,0.000700,0.000000,0.000000,0.000000,0.010700,0.000000,0.081600,0.000000,0.000000,0.000000,0.003400,0.000000
1035,1.654538,1.317106,1.319200,1.229900,1148.000000,644471531.000000,1140539392.000000,252489728.000000,1275113472.000000,0.000800,0.000000,0.000000,0.000000,0.009800,0.000000,0.122500,0.000000,0.000000,0.000000,0.003400,0.000000
1036,1.655796,1.439895,1.428200,1.342700,1148.000000,644475651.000000,1140539392.000000,252489728.000000,1275113472.000000,0.000700,0.000000,0.000000,0.000000,0.008300,0.000000,0.145700,0.000000,0.000000,0.000000,0.004400,0.000000
1037,1.657009,1.234899,1.245100,1.154700,1148.000000,644477265.000000,1140539392.000000,252489728.000000,1275113472.000000,0.000700,0.000000,0.000000,0.000000,0.009500,0.000000,0.083000,0.000000,0.000000,0.000000,0.003200,0.000000
1038,1.658281,1.287302,1.287900,1.208600,1148.000000,644475251.000000,1140539392.000000,252489728.000000,1275113472.000000,0.000700,0.000000,0.000000,0.000000,0.008700,0.000000,0.093100,0.000000,0.000000,0.000000,0.002900,0.000000
1039,1.659844,1.539902,1.529800,1.451700,1148.000000,644474859.000000,1140539392.000000,252489728.000000,1275113472.000000,0.000600,0.000000,0.000000,0.000000,0.006500,0.000000,0.210800,0.000000,0.000000,0.000000,0.002500,0.000000
1040,1.661359,1.467397,1.450700,1.363400,1148.000000,644475339.000000,1140539392.000000,252489728.000000,1275113472.000000,0.000700,0.000000,0.000000,0.000000,0.009200,0.000000,0.099900,0.000000,0.000000,0.000000,0.002700,0.000000
1041,1.662534,1.223802,1.235000,1.138400,1148.000000,644478587.000000,1140539392.000000,252489728.000000,1275113472.000000,0.000800,0.000000,0.000000,0.000000,0.010300,0.000000,0.076500,0.000000,0.000000,0.000000,0.003200,0.000000
1042,1.663811,1.281803,1.283700,1.200800,1148.000000,644478611.000000,1140539392.000000,252489728.000000,1275113472.000000,0.000700,0.000000,0.000000,0.000000,0.007300,0.000000,0.116600,0.000000,0.000000,0.000000,0.002900,0.000000
1043,1.667571,3.722895,3.701800,3.617700,1148.000000,644482192.000000,1140539392.000000,252489728.000000,1275113472.000000,3.256000,0.047300,0.013500,3.139700,0.008700,0.021200,0.010800,0.000500,0.000700,0.017200,0.003000,0.000000
1044,1.668846,1.285204,1.270600,1.173500,1148.000000,644479179.000000,1140539392.000000,252489728.000000,1275113472.000000,0.000700,0.000000,0.000000,0.000000,0.011500,0.000000,0.057400,0.000000,0.000000,0.000000,0.003100,0.000000
1045,1.670170,1.335899,1.355200,1.247400,1148.000000,644479203.000000,1140539392.000000,252489728.000000,1275113472.000000,0.000600,0.000000,0.000000,0.000000,0.009000,0.000000,0.064200,0.000000,0.000000,0.000000,0.003500,0.000000
1046,1.671344,1.190901,1.196700,1.110200,1148.000000,644485531.000000,1140539392.000000,252489728.000000,1275113472.000000,0.000800,0.000000,0.000000,0.000000,0.009300,0.000000,0.062600,0.000000,0.000000,0.000000,0.002900,0.000000
1047,1.672521,1.185799,1.184200,1.105300,1148.000000,644482851.000000,1140539392.000000,252489728.000000,1275113472.000000,0.000600,0.000000,0.000000,0.000000,0.008200,0.000000,0.060600,0.000000,0.000000,0.000000,0.002700,0.000000
1048,1.673946,1.359999,1.295700,1.204800,1148.000000,644483299.000000,1140539392.000000,252489728.000000,1275113472.000000,0.000600,0.000000,0.000000,0.000000,0.006500,0.000000,0.110500,0.000000,0.000000,0.000000,0.002600,0.000000
1049,1.676463,2.520103,2.435000,2.299400,1148.000000,644486483.000000,1140539392.000000,252489728.000000,1275113472.000000,0.000700,0.000000,0.000000,0.000000,0.011900,0.000000,0.079300,0.000000,0.000000,0.000000,0.003800,0.000000
1050,1.676996,0.568098,0.695600,0.485200,1148.000000,644486507.000000,1140539392.000000,252489728.000000,1275113472.000000,0.000600,0.000000,0.000000,0.000000,0.009500,0.000000,0.079400,0.000000,0.000000,0.000000,0.003800,0.000000
1051,1.678283,1.283702,1.278200,1.187600,1148.000000,644486531.000000,1140539392.000000,252489728.000000,1275113472.000000,0.000700,0.000000,0.000000,0.000000,0.009600,0.000000,0.169800,0.000000,0.000000,0.000000,0.003100,0.000000
1052,1.679612,1.284800,1.280400,1.180000,1148.000000,644491163.000000,1140539392.000000,252489728.000000,1275113472.000000,0.000700,0.000000,0.000000,0.000000,0.009200,0.000000,0.112100,0.000000,0.000000,0.000000,0.003200,0.000000
1053,1.681124,1.516497,1.451800,1.355800,1148.000000,644490675.000000,1140539392.000000,252489728.000000,1275113472.000000,0.000700,0.000000,0.000000,0.000000,0.011000,0.000000,0.070600,0.000000,0.000000,0.000000,0.006400,0.000000
1054,1.684706,3.615299,3.685800,3.533000,1148.000000,644493267.000000,1140539392.000000,252489728.000000,1275113472.000000,2.888300,0.046300,0.016200,2.777400,0.010900,0.019900,0.021800,0.000500,0.000500,0.012700,0.003900,0.000000
1055,1.686011,1.281803,1.278400,1.194100,1148.000000,644491443.000000,1140539392.000000,252489728.000000,1275113472.000000,0.000700,0.000000,0.000000,0.000000,0.010200,0.000000,0.058000,0.000000,0.000000,0.000000,0.003200,0.000000
1056,1.687263,1.212599,1.213400,1.129000,1148.000000,644491467.000000,1140539392.000000,252489728.000000,1275113472.000000,0.000700,0.000000,0.000000,0.000000,0.007000,0.000000,0.064700,0.000000,0.000000,0.000000,0.003300,0.000000
1057,1.688574,1.376297,1.365400,1.282800,1148.000000,644495075.000000,1140539392.000000,252489728.000000,1275113472.000000,0.000800,0.000000,0.000000,0.000000,0.006800,0.000000,0.155200,0.000000,0.000000,0.000000,0.005400,0.000000
1058,1.689938,1.207802,1.196000,1.105500,1148.000000,644495043.000000,1140539392.000000,252489728.000000,1275113472.000000,0.000600,0.000000,0.000000,0.000000,0.010000,0.000000,0.121500,0.000000,0.000000,0.000000,0.003500,0.000000
1059,1.691201,1.419898,1.403900,1.303300,1148.000000,644494555.000000,1140539392.000000,252489728.000000,1275113472.000000,0.000700,0.000000,0.000000,0.000000,0.009900,0.000000,0.159800,0.000000,0.000000,0.000000,0.003200,0.000000
1060,1.692909,1.233099,1.258700,1.147800,1148.000000,644495091.000000,1140539392.000000,252489728.000000,1275113472.000000,0.000700,0.000000,0.000000,0.000000,0.010500,0.000000,0.053500,0.000000,0.000000,0.000000,0.003700,0.000000
1061,1.694888,2.443800,1.381600,1.289200,1148.000000,644498699.000000,1140539392.000000,252489728.000000,1275113472.000000,0.000900,0.000000,0.000000,0.000000,0.014600,0.000000,0.117600,0.000000,0.000000,0.000000,0.005400,0.000000
1062,1.695518,0.557703,1.566700,0.427200,1148.000000,644504449.000000,1140539392.000000,252489728.000000,1275117568.000000,0.000800,0.000000,0.000000,0.000000,0.011500,0.000000,0.015500,0.000000,0.000000,0.000000,0.004200,0.000000
1063,1.696705,1.276998,1.322500,1.206000,1148.000000,644503491.000000,1140539392.000000,252489728.000000,1275117568.000000,0.000800,0.000000,0.000000,0.000000,0.014800,0.000000,0.081100,0.000000,0.000000,0.000000,0.006400,0.000000
1064,1.700441,3.620706,3.597700,3.510900,1148.000000,644509519.000000,1140539392.000000,252489728.000000,1275117568.000000,3.149500,0.088200,0.015000,2.993900,0.009800,0.020000,0.010100,0.000700,0.000600,0.016100,0.003500,0.000000
1065,1.701809,1.425794,1.383400,1.279900,1148.000000,644504155.000000,1140539392.000000,252489728.000000,1275117568.000000,0.000900,0.000000,0.000000,0.000000,0.011900,0.000000,0.015100,0.000000,0.000000,0.000000,0.007900,0.000000
1066,1.702984,1.221606,1.264300,1.104100,1148.000000,644503667.000000,1140539392.000000,252489728.000000,1275117568.000000,0.000800,0.000000,0.000000,0.000000,0.013000,0.000000,0.088500,0.000000,0.000000,0.000000,0.004700,0.000000
1067,1.704215,1.234297,1.233200,1.093500,1148.000000,644504203.000000,1140539392.000000,252489728.000000,1275117568.000000,0.000600,0.000000,0.000000,0.000000,0.009800,0.000000,0.103400,0.000000,0.000000,0.000000,0.003300,0.000000
1068,1.705471,1.270302,1.278700,1.187600,1148.000000,644503643.000000,1140539392.000000,252489728.000000,1275117568.000000,0.000600,0.000000,0.000000,0.000000,0.009700,0.000000,0.069000,0.000000,0.000000,0.000000,0.003200,0.000000
1069,1.706775,1.226098,1.229700,1.146600,1148.000000,644508219.000000,1140539392.000000,252489728.000000,1275117568.000000,0.000600,0.000000,0.000000,0.000000,0.008300,0.000000,0.069900,0.000000,0.000000,0.000000,0.002700,0.000000
1070,1.708167,1.457703,1.440400,1.361400,1148.000000,644507307.000000,1140539392.000000,252489728.000000,1275117568.000000,0.000800,0.000000,0.000000,0.000000,0.006700,0.000000,0.174400,0.000000,0.000000,0.000000,0.005200,0.000000
1071,1.709981,1.774795,1.611200,1.516200,1148.000000,644511003.000000,1140539392.000000,252489728.000000,1275117568.000000,0.000600,0.000000,0.000000,0.000000,0.009600,0.000000,0.163300,0.000000,0.000000,0.000000,0.003200,0.000000
1072,1.710968,0.952700,1.107500,0.854900,1148.000000,644511539.000000,1140539392.000000,252489728.000000,1275117568.000000,0.000700,0.000000,0.000000,0.000000,0.011600,0.000000,0.129300,0.000000,0.000000,0.000000,0.004700,0.000000
1073,1.712077,1.191504,1.200400,1.108200,1148.000000,644511563.000000,1140539392.000000,252489728.000000,1275117568.000000,0.000700,0.000000,0.000000,0.000000,0.010300,0.000000,0.064600,0.000000,0.000000,0.000000,0.004200,0.000000
1074,1.713509,1.353997,1.350100,1.266000,1148.000000,644519779.000000,1140539392.000000,252489728.000000,1275117568.000000,0.000700,0.000000,0.000000,0.000000,0.007800,0.000000,0.115500,0.000000,0.000000,0.000000,0.003000,0.000000
1075,1.718086,4.612706,4.601900,4.514000,1148.000000,644524056.000000,1140539392.000000,252489728.000000,1275117568.000000,4.057200,0.805500,0.020100,3.172100,0.007800,0.023100,0.010300,0.000700,0.000600,0.016700,0.005500,0.000000
1076,1.719326,1.291001,1.289400,1.196700,1148.000000,644520971.000000,1140539392.000000,252489728.000000,1275117568.000000,0.000800,0.000000,0.000000,0.000000,0.010700,0.000000,0.153700,0.000000,0.000000,0.000000,0.003300,0.000000
1077,1.721583,2.172194,2.155500,2.060100,1148.000000,644521003.000000,1140539392.000000,252489728.000000,1275117568.000000,0.000600,0.000000,0.000000,0.000000,0.009100,0.000000,0.121500,0.000000,0.000000,0.000000,0.002900,0.000000
1078,1.722759,1.228401,1.216500,1.114000,1148.000000,644523203.000000,1140539392.000000,252489728.000000,1275117568.000000,0.000700,0.000000,0.000000,0.000000,0.029600,0.000000,0.072900,0.000000,0.000000,0.000000,0.003800,0.000000
1079,1.724039,1.305301,1.318800,1.209800,1148.000000,644519971.000000,1140539392.000000,252489728.000000,1275117568.000000,0.000700,0.000000,0.000000,0.000000,0.009700,0.000000,0.072600,0.000000,0.000000,0.000000,0.004000,0.000000
1080,1.725682,1.603600,1.593900,1.489100,1148.000000,644524091.000000,1140539392.000000,252489728.000000,1275183104.000000,0.000600,0.000000,0.000000,0.000000,0.007100,0.000000,0.093900,0.000000,0.000000,0.000000,0.002900,0.000000
1081,1.727071,1.444303,1.465500,1.361700,1148.000000,644524115.000000,1140539392.000000,252489728.000000,1275183104.000000,0.000700,0.000000,0.000000,0.000000,0.011300,0.000000,0.165400,0.000000,0.000000,0.000000,0.003500,0.000000
1082,1.728652,1.559800,1.551300,1.470200,1148.000000,644524139.000000,1140539392.000000,252489728.000000,1275183104.000000,0.000700,0.000000,0.000000,0.000000,0.006900,0.000000,0.272000,0.000000,0.000000,0.000000,0.002900,0.000000
1083,1.730311,1.402197,1.391400,1.303900,1148.000000,644524171.000000,1140539392.000000,252489728.000000,1275183104.000000,0.000700,0.000000,0.000000,0.000000,0.007900,0.000000,0.064800,0.000000,0.000000,0.000000,0.003100,0.000000
1084,1.733847,3.779599,3.776700,3.682200,1148.000000,644530935.000000,1140539392.000000,252489728.000000,1275183104.000000,3.054000,0.056300,0.017700,2.925600,0.242500,0.021700,0.009600,0.000800,0.000400,0.015800,0.004400,0.000000
1085,1.735252,1.423902,1.431000,1.338300,1148.000000,644529059.000000,1140539392.000000,252489728.000000,1275183104.000000,0.000700,0.000000,0.000000,0.000000,0.010700,0.000000,0.086600,0.000000,0.000000,0.000000,0.003000,0.000000
1086,1.736649,1.405003,1.373000,1.283500,1148.000000,644529507.000000,1140539392.000000,252489728.000000,1275183104.000000,0.000700,0.000000,0.000000,0.000000,0.008200,0.000000,0.037900,0.000000,0.000000,0.000000,0.002800,0.000000
1087,1.737905,1.260700,1.291000,1.180100,1148.000000,644535673.000000,1140539392.000000,252489728.000000,1275183104.000000,0.000700,0.000000,0.000000,0.000000,0.008900,0.000000,0.117200,0.000000,0.000000,0.000000,0.002700,0.000000
1088,1.739291,1.377395,1.342300,1.262900,1148.000000,644532539.000000,1140539392.000000,252489728.000000,1275183104.000000,0.000700,0.000000,0.000000,0.000000,0.008600,0.000000,0.142100,0.000000,0.000000,0.000000,0.002800,0.000000
1089,1.741343,2.005704,1.999000,1.877600,1148.000000,644532139.000000,1140539392.000000,252489728.000000,1275183104.000000,0.000600,0.000000,0.000000,0.000000,0.008900,0.000000,0.403100,0.000000,0.000000,0.000000,0.002600,0.000000
1090,1.744154,2.807696,2.816800,2.696300,1148.000000,644532163.000000,1140539392.000000,252489728.000000,1275183104.000000,0.000700,0.000000,0.000000,0.000000,0.011100,0.000000,1.403400,0.000000,0.000000,0.000000,0.003800,0.000000
1091,1.745903,1.729904,1.616300,1.498300,1148.000000,644536283.000000,1140539392.000000,252489728.000000,1275183104.000000,0.000600,0.000000,0.000000,0.000000,0.012100,0.000000,0.098600,0.000000,0.000000,0.000000,0.003700,0.000000
1092,1.747779,1.917701,2.032200,1.821700,1148.000000,644536307.000000,1140539392.000000,252489728.000000,1275183104.000000,0.000600,0.000000,0.000000,0.000000,0.012100,0.000000,0.107200,0.000000,0.000000,0.000000,0.004200,0.000000
1093,1.751852,4.024901,4.008400,3.907300,1148.000000,644540001.000000,1140539392.000000,252489728.000000,1275183104.000000,3.492400,0.052500,0.020300,3.361600,0.009900,0.023600,0.010500,0.000500,0.000500,0.017000,0.003400,0.000000
1094,1.753046,1.261494,1.277400,1.170400,1148.000000,644539307.000000,1140539392.000000,252489728.000000,1275187200.000000,0.000800,0.000000,0.000000,0.000000,0.012900,0.000000,0.078600,0.000000,0.000000,0.000000,0.004000,0.000000
1095,1.754321,1.280704,1.283100,1.190900,1148.000000,644537139.000000,1140539392.000000,252489728.000000,1275187200.000000,0.000600,0.000000,0.000000,0.000000,0.009100,0.000000,0.121300,0.000000,0.000000,0.000000,0.002800,0.000000
1096,1.755607,1.299497,1.301800,1.215900,1148.000000,644537163.000000,1140539392.000000,252489728.000000,1275187200.000000,0.000700,0.000000,0.000000,0.000000,0.007300,0.000000,0.089300,0.000000,0.000000,0.000000,0.002800,0.000000
1097,1.756900,1.278600,1.277500,1.194900,1148.000000,644540555.000000,1140539392.000000,252489728.000000,1275187200.000000,0.000600,0.000000,0.000000,0.000000,0.007200,0.000000,0.112800,0.000000,0.000000,0.000000,0.002700,0.000000
1098,1.758242,1.321499,1.268400,1.186000,1148.000000,644541035.000000,1140539392.000000,252489728.000000,1275187200.000000,0.000700,0.000000,0.000000,0.000000,0.007600,0.000000,0.112900,0.000000,0.000000,0.000000,0.003000,0.000000
1099,1.759496,1.272506,1.310100,1.183000,1148.000000,644540211.000000,1140539392.000000,252489728.000000,1275187200.000000,0.000600,0.000000,0.000000,0.000000,0.010200,0.000000,0.111100,0.000000,0.000000,0.000000,0.003600,0.000000
1100,1.761116,1.557200,1.519000,1.417900,1148.000000,644544331.000000,1140539392.000000,252489728.000000,1275187200.000000,0.000800,0.000000,0.000000,0.000000,0.009000,0.000000,0.262900,0.000000,0.000000,0.000000,0.003000,0.000000
1101,1.762368,1.247201,1.285900,1.166100,1148.000000,644544355.000000,1140539392.000000,252489728.000000,1275187200.000000,0.000700,0.000000,0.000000,0.000000,0.010600,0.000000,0.095700,0.000000,0.000000,0.000000,0.004000,0.000000
1102,1.763535,1.245996,1.246100,1.162700,1148.000000,644549323.000000,1140539392.000000,252489728.000000,1275191296.000000,0.000700,0.000000,0.000000,0.000000,0.008700,0.000000,0.070300,0.000000,0.000000,0.000000,0.003400,0.000000
1103,1.767137,3.572102,3.546100,3.463500,1148.000000,644552464.000000,1140539392.000000,252489728.000000,1275191296.000000,3.122600,0.939900,0.015000,2.117200,0.007200,0.019200,0.010800,0.000800,0.000700,0.014200,0.002600,0.000000
1104,1.768511,1.377997,1.377900,1.257600,1148.000000,644548891.000000,1140539392.000000,252489728.000000,1275191296.000000,0.000700,0.000000,0.000000,0.000000,0.009500,0.000000,0.114800,0.000000,0.000000,0.000000,0.002900,0.000000
1105,1.769708,1.219104,1.233300,1.137900,1148.000000,644549427.000000,1140539392.000000,252489728.000000,1275191296.000000,0.000700,0.000000,0.000000,0.000000,0.010400,0.000000,0.151400,0.000000,0.000000,0.000000,0.003400,0.000000
1106,1.770932,1.241397,1.243000,1.161500,1148.000000,644549451.000000,1140539392.000000,252489728.000000,1275191296.000000,0.000700,0.000000,0.000000,0.000000,0.009400,0.000000,0.063700,0.000000,0.000000,0.000000,0.002700,0.000000
1107,1.772273,1.308801,1.299500,1.219600,1148.000000,644548715.000000,1140539392.000000,252489728.000000,1275191296.000000,0.000700,0.000000,0.000000,0.000000,0.006900,0.000000,0.108600,0.000000,0.000000,0.000000,0.002700,0.000000
1108,1.773467,1.214300,1.216900,1.132200,1148.000000,644552811.000000,1140539392.000000,252489728.000000,1275191296.000000,0.000700,0.000000,0.000000,0.000000,0.008900,0.000000,0.081400,0.000000,0.000000,0.000000,0.003000,0.000000
1109,1.774836,1.362401,1.357700,1.277700,1148.000000,644552835.000000,1140539392.000000,252489728.000000,1275195392.000000,0.000700,0.000000,0.000000,0.000000,0.007900,0.000000,0.104200,0.000000,0.000000,0.000000,0.002900,0.000000
1110,1.776220,1.374199,1.372000,1.289400,1148.000000,644555051.000000,1140539392.000000,252489728.000000,1275195392.000000,0.000700,0.000000,0.000000,0.000000,0.008800,0.000000,0.098200,0.000000,0.000000,0.000000,0.002800,0.000000
1111,1.777427,1.229996,1.225200,1.146100,1148.000000,644552891.000000,1140539392.000000,252489728.000000,1275195392.000000,0.000700,0.000000,0.000000,0.000000,0.008800,0.000000,0.083800,0.000000,0.000000,0.000000,0.003100,0.000000
1112,1.778829,1.401304,1.403500,1.321000,1148.000000,644557011.000000,1140539392.000000,252489728.000000,1275195392.000000,0.000700,0.000000,0.000000,0.000000,0.006500,0.000000,0.104600,0.000000,0.000000,0.000000,0.002800,0.000000
1113,1.780252,1.395699,1.392700,1.312900,1148.000000,644561587.000000,1140539392.000000,252489728.000000,1275195392.000000,0.000600,0.000000,0.000000,0.000000,0.008200,0.000000,0.085800,0.000000,0.000000,0.000000,0.003000,0.000000
1114,1.783762,3.536898,3.530900,3.450500,1148.000000,644567215.000000,1140539392.000000,252489728.000000,1275195392.000000,3.114100,0.048400,0.013200,3.005700,0.007400,0.018100,0.011800,0.000600,0.000500,0.013300,0.002700,0.000000
1115,1.785246,1.485204,1.481800,1.398000,1148.000000,644561643.000000,1140539392.000000,252489728.000000,1275195392.000000,0.000600,0.000000,0.000000,0.000000,0.009200,0.000000,0.080100,0.000000,0.000000,0.000000,0.002200,0.000000
1116,1.786548,1.304096,1.306200,1.222800,1148.000000,644561667.000000,1140539392.000000,252489728.000000,1275195392.000000,0.000800,0.000000,0.000000,0.000000,0.008000,0.000000,0.092600,0.000000,0.000000,0.000000,0.003100,0.000000
1117,1.787810,1.266405,1.266500,1.188400,1148.000000,644561691.000000,1140539392.000000,252489728.000000,1275195392.000000,0.000600,0.000000,0.000000,0.000000,0.007200,0.000000,0.119300,0.000000,0.000000,0.000000,0.002800,0.000000
1118,1.789157,1.301495,1.288600,1.207200,1148.000000,644561307.000000,1140539392.000000,252489728.000000,1275195392.000000,0.000700,0.000000,0.000000,0.000000,0.006300,0.000000,0.135200,0.000000,0.000000,0.000000,0.002600,0.000000
1119,1.790479,1.292900,1.297500,1.208100,1148.000000,644565003.000000,1140539392.000000,252489728.000000,1275195392.000000,0.000700,0.000000,0.000000,0.000000,0.010100,0.000000,0.071000,0.000000,0.000000,0.000000,0.003400,0.000000
1120,1.791708,1.280201,1.264500,1.182400,1148.000000,644565027.000000,1140539392.000000,252489728.000000,1275195392.000000,0.000800,0.000000,0.000000,0.000000,0.008300,0.000000,0.111900,0.000000,0.000000,0.000000,0.003700,0.000000
1121,1.792921,1.231902,1.244500,1.151800,1148.000000,644565051.000000,1140539392.000000,252489728.000000,1275195392.000000,0.000600,0.000000,0.000000,0.000000,0.009700,0.000000,0.076600,0.000000,0.000000,0.000000,0.003000,0.000000
1122,1.794316,1.374199,1.367800,1.286600,1148.000000,644565099.000000,1140539392.000000,252489728.000000,1275195392.000000,0.000600,0.000000,0.000000,0.000000,0.007100,0.000000,0.117900,0.000000,0.000000,0.000000,0.003200,0.000000
1123,1.795837,1.498802,1.493100,1.407500,1148.000000,644565099.000000,1140539392.000000,252489728.000000,1275195392.000000,0.000700,0.000000,0.000000,0.000000,0.007200,0.000000,0.169400,0.000000,0.000000,0.000000,0.003000,0.000000
1124,1.797008,1.209602,1.209700,1.124900,1148.000000,644565123.000000,1140539392.000000,252489728.000000,1275195392.000000,0.000800,0.000000,0.000000,0.000000,0.009800,0.000000,0.068200,0.000000,0.000000,0.000000,0.003400,0.000000
1125,1.800646,3.595394,3.583800,3.498200,1148.000000,644577560.000000,1140539392.000000,252489728.000000,1275195392.000000,3.167700,0.046700,0.014300,3.058600,0.006500,0.018200,0.010900,0.000600,0.000500,0.014100,0.002700,0.000000
1126,1.801898,1.291100,1.296700,1.205000,1148.000000,644576491.000000,1140539392.000000,252489728.000000,1275195392.000000,0.000700,0.000000,0.000000,0.000000,0.008100,0.000000,0.105800,0.000000,0.000000,0.000000,0.002800,0.000000
1127,1.804188,1.709701,1.680900,1.588800,1148.000000,644574267.000000,1140539392.000000,252489728.000000,1275195392.000000,0.000700,0.000000,0.000000,0.000000,0.007200,0.000000,0.249000,0.000000,0.000000,0.000000,0.002800,0.000000
1128,1.804694,1.043105,1.060200,0.952200,1148.000000,644577136.000000,1140539392.000000,252489728.000000,1275195392.000000,0.000700,0.000000,0.000000,0.000000,0.013700,0.000000,0.027700,0.000000,0.000000,0.000000,0.005100,0.000000
1129,1.806166,1.469296,1.416200,1.325000,1148.000000,644573099.000000,1140539392.000000,252489728.000000,1275195392.000000,0.000700,0.000000,0.000000,0.000000,0.009100,0.000000,0.065200,0.000000,0.000000,0.000000,0.004200,0.000000
1130,1.807268,1.142503,1.197000,1.061000,1148.000000,644577219.000000,1140539392.000000,252489728.000000,1275195392.000000,0.000700,0.000000,0.000000,0.000000,0.010400,0.000000,0.065500,0.000000,0.000000,0.000000,0.003800,0.000000
1131,1.808625,1.333900,1.296200,1.213100,1148.000000,644577243.000000,1140539392.000000,252489728.000000,1275195392.000000,0.000700,0.000000,0.000000,0.000000,0.007300,0.000000,0.118700,0.000000,0.000000,0.000000,0.002300,0.000000
1132,1.810044,1.406895,1.366400,1.252600,1148.000000,644577267.000000,1140539392.000000,252489728.000000,1275195392.000000,0.000700,0.000000,0.000000,0.000000,0.009200,0.000000,0.138900,0.000000,0.000000,0.000000,0.003100,0.000000
1133,1.811472,1.437103,1.493300,1.338900,1148.000000,644577291.000000,1140539392.000000,252489728.000000,1275195392.000000,0.000600,0.000000,0.000000,0.000000,0.010400,0.000000,0.166500,0.000000,0.000000,0.000000,0.003800,0.000000
1134,1.812732,1.233702,1.246300,1.150900,1148.000000,644577739.000000,1140539392.000000,252489728.000000,1275195392.000000,0.000700,0.000000,0.000000,0.000000,0.009700,0.000000,0.072100,0.000000,0.000000,0.000000,0.003300,0.000000
1135,1.813979,1.298101,1.289600,1.212400,1148.000000,644577339.000000,1140539392.000000,252489728.000000,1275195392.000000,0.000700,0.000000,0.000000,0.000000,0.008400,0.000000,0.128500,0.000000,0.000000,0.000000,0.003100,0.000000
1136,1.817774,3.741298,3.665000,3.576400,1148.000000,644587799.000000,1140539392.000000,252489728.000000,1275195392.000000,3.238000,0.048400,0.014800,3.126000,0.008600,0.018300,0.009400,0.000600,0.000500,0.014700,0.003100,0.000000
1137,1.819230,1.478196,1.541500,1.383300,1148.000000,644582435.000000,1140539392.000000,252489728.000000,1275195392.000000,0.000800,0.000000,0.000000,0.000000,0.013400,0.000000,0.103900,0.000000,0.000000,0.000000,0.004300,0.000000
1138,1.820599,1.367800,1.373600,1.278500,1148.000000,644586555.000000,1140539392.000000,252489728.000000,1275195392.000000,0.000600,0.000000,0.000000,0.000000,0.010200,0.000000,0.097000,0.000000,0.000000,0.000000,0.003200,0.000000
1139,1.821844,1.282100,1.279700,1.193800,1148.000000,644586579.000000,1140539392.000000,252489728.000000,1275195392.000000,0.000700,0.000000,0.000000,0.000000,0.008800,0.000000,0.117700,0.000000,0.000000,0.000000,0.003000,0.000000
1140,1.823135,1.260799,1.260600,1.172700,1148.000000,644585683.000000,1140539392.000000,252489728.000000,1275195392.000000,0.000600,0.000000,0.000000,0.000000,0.008800,0.000000,0.097400,0.000000,0.000000,0.000000,0.002800,0.000000
1141,1.824406,1.302806,1.302100,1.218800,1148.000000,644589803.000000,1140539392.000000,252489728.000000,1275260928.000000,0.000600,0.000000,0.000000,0.000000,0.009500,0.000000,0.116000,0.000000,0.000000,0.000000,0.003300,0.000000
1142,1.825773,1.368998,1.371200,1.289700,1148.000000,644593107.000000,1140539392.000000,252489728.000000,1275260928.000000,0.000600,0.000000,0.000000,0.000000,0.009000,0.000000,0.064400,0.000000,0.000000,0.000000,0.003100,0.000000
1143,1.827093,1.329500,1.326600,1.249900,1148.000000,644589643.000000,1140539392.000000,252489728.000000,1275260928.000000,0.000600,0.000000,0.000000,0.000000,0.008200,0.000000,0.117400,0.000000,0.000000,0.000000,0.002500,0.000000
1144,1.828387,1.282596,1.280000,1.202700,1148.000000,644589667.000000,1140539392.000000,252489728.000000,1275260928.000000,0.000600,0.000000,0.000000,0.000000,0.006700,0.000000,0.086700,0.000000,0.000000,0.000000,0.002400,0.000000
1145,1.829748,1.364300,1.356700,1.278800,1148.000000,644589691.000000,1140539392.000000,252489728.000000,1275260928.000000,0.000600,0.000000,0.000000,0.000000,0.008700,0.000000,0.134200,0.000000,0.000000,0.000000,0.002600,0.000000
1146,1.831241,1.471507,1.469100,1.383600,1148.000000,644589715.000000,1140539392.000000,252489728.000000,1275260928.000000,0.000700,0.000000,0.000000,0.000000,0.008700,0.000000,0.109900,0.000000,0.000000,0.000000,0.003100,0.000000
1147,1.834900,3.637295,3.607600,3.517900,1148.000000,644602072.000000,1140539392.000000,252489728.000000,1275260928.000000,3.132100,0.058700,0.016200,3.004700,0.009200,0.023000,0.010400,0.000600,0.000400,0.013600,0.003200,0.000000
1148,1.836176,1.311005,1.337600,1.227400,1200.000000,644599011.000000,1140539392.000000,252489728.000000,1275260928.000000,0.000700,0.000000,0.000000,0.000000,0.010800,0.000000,0.083700,0.000000,0.000000,0.000000,0.003000,0.000000
1149,1.837371,1.216199,1.219000,1.139100,1148.000000,644599035.000000,1140539392.000000,252489728.000000,1275260928.000000,0.000600,0.000000,0.000000,0.000000,0.008600,0.000000,0.103800,0.000000,0.000000,0.000000,0.002600,0.000000
1150,1.838889,1.425595,1.398400,1.318800,1148.000000,644599483.000000,1140539392.000000,252489728.000000,1275260928.000000,0.000700,0.000000,0.000000,0.000000,0.007700,0.000000,0.137500,0.000000,0.000000,0.000000,0.002800,0.000000
1151,1.841363,2.513003,2.480900,2.376100,1148.000000,644595437.000000,1140539392.000000,252489728.000000,1275260928.000000,0.000700,0.000000,0.000000,0.000000,0.011000,0.000000,0.032600,0.000000,0.000000,0.000000,0.004300,0.000000
1152,1.842043,0.622399,0.638900,0.509000,1148.000000,644597563.000000,1140539392.000000,252489728.000000,1275260928.000000,0.000600,0.000000,0.000000,0.000000,0.009100,0.000000,0.090500,0.000000,0.000000,0.000000,0.004000,0.000000
1153,1.843221,1.245599,1.264900,1.157100,1148.000000,644601683.000000,1140539392.000000,252489728.000000,1275260928.000000,0.000700,0.000000,0.000000,0.000000,0.011300,0.000000,0.066600,0.000000,0.000000,0.000000,0.004300,0.000000
1154,1.845832,2.422803,2.403300,1.241000,1148.000000,644601707.000000,1140539392.000000,252489728.000000,1275260928.000000,0.000700,0.000000,0.000000,0.000000,0.010100,0.000000,0.025600,0.000000,0.000000,0.000000,0.003500,0.000000
1155,1.846493,0.846797,0.848800,0.745800,1148.000000,644601739.000000,1140539392.000000,252489728.000000,1275260928.000000,0.000800,0.000000,0.000000,0.000000,0.010300,0.000000,0.175100,0.000000,0.000000,0.000000,0.004100,0.000000
1156,1.847606,1.081399,1.098600,0.999500,1148.000000,644606795.000000,1140539392.000000,252489728.000000,1275260928.000000,0.000700,0.000000,0.000000,0.000000,0.010400,0.000000,0.084100,0.000000,0.000000,0.000000,0.003700,0.000000
1157,1.851919,4.304103,4.210100,4.124100,1148.000000,644610096.000000,1140539392.000000,252489728.000000,1275260928.000000,3.701900,0.051700,0.014900,3.579000,0.008500,0.020500,0.011500,0.000800,0.000500,0.018100,0.003600,0.000000
1158,1.853043,1.179698,1.264800,1.098100,1148.000000,644612595.000000,1140539392.000000,252489728.000000,1275260928.000000,0.000700,0.000000,0.000000,0.000000,0.012900,0.000000,0.055800,0.000000,0.000000,0.000000,0.004300,0.000000
1159,1.855000,1.930903,1.327500,1.183000,1148.000000,644610427.000000,1140539392.000000,252489728.000000,1275260928.000000,0.000700,0.000000,0.000000,0.000000,0.009600,0.000000,0.126800,0.000000,0.000000,0.000000,0.002700,0.000000
1160,1.855717,0.642297,1.239600,0.562300,1148.000000,644610451.000000,1140539392.000000,252489728.000000,1275260928.000000,0.000800,0.000000,0.000000,0.000000,0.010200,0.000000,0.050100,0.000000,0.000000,0.000000,0.003500,0.000000
1161,1.856970,1.342503,1.323500,1.235200,1148.000000,644609707.000000,1140539392.000000,252489728.000000,1275260928.000000,0.000900,0.000000,0.000000,0.000000,0.006600,0.000000,0.081000,0.000000,0.000000,0.000000,0.005300,0.000000
1162,1.858255,1.274695,1.282000,1.183700,1148.000000,644610243.000000,1140539392.000000,252489728.000000,1275260928.000000,0.000700,0.000000,0.000000,0.000000,0.010300,0.000000,0.112300,0.000000,0.000000,0.000000,0.003100,0.000000
1163,1.859554,1.320599,1.321900,1.232700,1148.000000,644614363.000000,1140539392.000000,252489728.000000,1275260928.000000,0.000700,0.000000,0.000000,0.000000,0.009800,0.000000,0.120000,0.000000,0.000000,0.000000,0.003600,0.000000
1164,1.861090,1.501205,1.496500,1.409600,1148.000000,644618483.000000,1140539392.000000,252489728.000000,1275260928.000000,0.000800,0.000000,0.000000,0.000000,0.007700,0.000000,0.198400,0.000000,0.000000,0.000000,0.002800,0.000000
1165,1.862379,1.325595,1.326700,1.239600,1148.000000,644618507.000000,1140539392.000000,252489728.000000,1275265024.000000,0.000700,0.000000,0.000000,0.000000,0.010400,0.000000,0.098700,0.000000,0.000000,0.000000,0.003100,0.000000
1166,1.863696,1.296903,1.294200,1.207000,1148.000000,644618979.000000,1140539392.000000,252489728.000000,1275265024.000000,0.000600,0.000000,0.000000,0.000000,0.008700,0.000000,0.115000,0.000000,0.000000,0.000000,0.002600,0.000000
1167,1.867525,3.816603,3.795000,3.706200,1148.000000,644622128.000000,1140539392.000000,252489728.000000,1275265024.000000,3.296900,0.054200,0.014600,3.177300,0.009900,0.023000,0.011600,0.000700,0.000400,0.017300,0.003300,0.000000
1168,1.868829,1.304698,1.309200,1.208400,1148.000000,644619347.000000,1140539392.000000,252489728.000000,1275265024.000000,0.000700,0.000000,0.000000,0.000000,0.012600,0.000000,0.077000,0.000000,0.000000,0.000000,0.003500,0.000000
1169,1.870234,1.432100,1.439100,1.342700,1148.000000,644623035.000000,1140539392.000000,252489728.000000,1275265024.000000,0.000800,0.000000,0.000000,0.000000,0.007900,0.000000,0.088700,0.000000,0.000000,0.000000,0.003400,0.000000
1170,1.871477,1.256399,1.259300,1.175200,1148.000000,644623059.000000,1140539392.000000,252489728.000000,1275265024.000000,0.000700,0.000000,0.000000,0.000000,0.010100,0.000000,0.104900,0.000000,0.000000,0.000000,0.003100,0.000000
1171,1.872811,1.310700,1.300700,1.218300,1148.000000,644623235.000000,1140539392.000000,252489728.000000,1275265024.000000,0.000700,0.000000,0.000000,0.000000,0.008400,0.000000,0.121000,0.000000,0.000000,0.000000,0.002600,0.000000
1172,1.874063,1.257001,1.253200,1.166800,1148.000000,644622411.000000,1140539392.000000,252489728.000000,1275265024.000000,0.000700,0.000000,0.000000,0.000000,0.009600,0.000000,0.117000,0.000000,0.000000,0.000000,0.002900,0.000000
1173,1.875419,1.371400,1.372500,1.284300,1148.000000,644622435.000000,1140539392.000000,252489728.000000,1275269120.000000,0.000600,0.000000,0.000000,0.000000,0.009400,0.000000,0.077400,0.000000,0.000000,0.000000,0.003200,0.000000
1174,1.876752,1.319700,1.319600,1.234900,1148.000000,644624651.000000,1140539392.000000,252489728.000000,1275269120.000000,0.000700,0.000000,0.000000,0.000000,0.007600,0.000000,0.110400,0.000000,0.000000,0.000000,0.002800,0.000000
1175,1.878222,1.387096,1.313000,1.229200,1148.000000,644626579.000000,1140539392.000000,252489728.000000,1275269120.000000,0.000700,0.000000,0.000000,0.000000,0.009100,0.000000,0.113200,0.000000,0.000000,0.000000,0.003100,0.000000
1176,1.879468,1.317404,1.375600,1.219000,1148.000000,644630699.000000,1140539392.000000,252489728.000000,1275269120.000000,0.000800,0.000000,0.000000,0.000000,0.014100,0.000000,0.014800,0.000000,0.000000,0.000000,0.005200,0.000000
1177,1.880899,1.415597,1.417900,1.326300,1148.000000,644630723.000000,1140539392.000000,252489728.000000,1275269120.000000,0.000700,0.000000,0.000000,0.000000,0.010100,0.000000,0.113000,0.000000,0.000000,0.000000,0.003300,0.000000
1178,1.884464,3.597704,3.590800,3.502200,1148.000000,644634256.000000,1140539392.000000,252489728.000000,1275269120.000000,3.118600,0.053100,0.014200,3.003900,0.008200,0.018500,0.010100,0.000700,0.000700,0.012300,0.003200,0.000000
1179,1.885759,1.325198,1.336500,1.249100,1148.000000,644631147.000000,1140539392.000000,252489728.000000,1275269120.000000,0.000500,0.000000,0.000000,0.000000,0.009700,0.000000,0.079700,0.000000,0.000000,0.000000,0.002900,0.000000
1180,1.887154,1.346301,1.317600,1.221300,1148.000000,644630659.000000,1140539392.000000,252489728.000000,1275269120.000000,0.000500,0.000000,0.000000,0.000000,0.005900,0.000000,0.113700,0.000000,0.000000,0.000000,0.002400,0.000000
1181,1.888294,1.167297,1.183300,1.085200,1148.000000,644635291.000000,1140539392.000000,252489728.000000,1275273216.000000,0.000700,0.000000,0.000000,0.000000,0.010200,0.000000,0.079400,0.000000,0.000000,0.000000,0.003500,0.000000
1182,1.889617,1.340398,1.338400,1.255100,1148.000000,644635811.000000,1140539392.000000,252489728.000000,1275273216.000000,0.000600,0.000000,0.000000,0.000000,0.006900,0.000000,0.139100,0.000000,0.000000,0.000000,0.002600,0.000000
1183,1.891097,1.467503,1.465900,1.383700,1148.000000,644634987.000000,1140539392.000000,252489728.000000,1275273216.000000,0.000800,0.000000,0.000000,0.000000,0.009200,0.000000,0.108900,0.000000,0.000000,0.000000,0.002800,0.000000
1184,1.892479,1.354202,1.324700,1.240100,1148.000000,644635019.000000,1140539392.000000,252489728.000000,1275273216.000000,0.000700,0.000000,0.000000,0.000000,0.008000,0.000000,0.113500,0.000000,0.000000,0.000000,0.002800,0.000000
1185,1.893986,1.439102,1.309200,1.200000,1148.000000,644635043.000000,1140539392.000000,252489728.000000,1275273216.000000,0.000700,0.000000,0.000000,0.000000,0.010100,0.000000,0.125900,0.000000,0.000000,0.000000,0.003400,0.000000
1186,1.895210,1.197300,1.339600,1.246800,1148.000000,644639619.000000,1140539392.000000,252489728.000000,1275273216.000000,0.000800,0.000000,0.000000,0.000000,0.010300,0.000000,0.143900,0.000000,0.000000,0.000000,0.004200,0.000000
1187,1.896733,1.615299,1.608700,1.516200,1148.000000,644638795.000000,1140539392.000000,252489728.000000,1275273216.000000,0.000800,0.000000,0.000000,0.000000,0.011200,0.000000,0.132600,0.000000,0.000000,0.000000,0.003600,0.000000
1188,1.900416,3.639300,3.631000,3.533800,1148.000000,644642280.000000,1140539392.000000,252489728.000000,1275273216.000000,3.129500,0.053900,0.015300,3.004900,0.009900,0.022000,0.010700,0.000900,0.000700,0.016600,0.003100,0.000000
1189,1.901711,1.349199,1.355600,1.256200,1148.000000,644643387.000000,1140539392.000000,252489728.000000,1275273216.000000,0.000600,0.000000,0.000000,0.000000,0.012700,0.000000,0.101100,0.000000,0.000000,0.000000,0.003700,0.000000
1190,1.902931,1.241702,1.249200,1.160600,1148.000000,644645603.000000,1140539392.000000,252489728.000000,1275273216.000000,0.000600,0.000000,0.000000,0.000000,0.009900,0.000000,0.071700,0.000000,0.000000,0.000000,0.002900,0.000000
1191,1.904289,1.333496,1.321300,1.241600,1148.000000,644643435.000000,1140539392.000000,252489728.000000,1275273216.000000,0.000700,0.000000,0.000000,0.000000,0.006600,0.000000,0.100300,0.000000,0.000000,0.000000,0.002900,0.000000
1192,1.905675,1.380598,1.375800,1.286700,1148.000000,644647155.000000,1140539392.000000,252489728.000000,1275273216.000000,0.000900,0.000000,0.000000,0.000000,0.009000,0.000000,0.054400,0.000000,0.000000,0.000000,0.003500,0.000000
1193,1.907000,1.321599,1.313300,1.220000,1148.000000,644647163.000000,1140539392.000000,252489728.000000,1275273216.000000,0.000800,0.000000,0.000000,0.000000,0.009900,0.000000,0.121600,0.000000,0.000000,0.000000,0.003000,0.000000
1194,1.908287,1.284403,1.218900,1.122800,1148.000000,644647179.000000,1140539392.000000,252489728.000000,1275273216.000000,0.000700,0.000000,0.000000,0.000000,0.009900,0.000000,0.071700,0.000000,0.000000,0.000000,0.003300,0.000000
1195,1.909703,1.413797,1.472900,1.314900,1148.000000,644647227.000000,1140539392.000000,252489728.000000,1275273216.000000,0.000700,0.000000,0.000000,0.000000,0.010900,0.000000,0.187400,0.000000,0.000000,0.000000,0.003600,0.000000
1196,1.911246,1.530407,1.518700,1.418100,1148.000000,644647651.000000,1140539392.000000,252489728.000000,1275273216.000000,0.000800,0.000000,0.000000,0.000000,0.010500,0.000000,0.095000,0.000000,0.000000,0.000000,0.003200,0.000000
1197,1.912480,1.276694,1.295500,1.189700,1148.000000,644651347.000000,1140539392.000000,252489728.000000,1275273216.000000,0.000700,0.000000,0.000000,0.000000,0.010300,0.000000,0.079300,0.000000,0.000000,0.000000,0.003200,0.000000
1198,1.914407,1.716901,1.699700,1.611900,1148.000000,644651283.000000,1140539392.000000,252489728.000000,1275273216.000000,0.000600,0.000000,0.000000,0.000000,0.009000,0.000000,0.260300,0.000000,0.000000,0.000000,0.002800,0.000000
1199,1.918034,3.815001,3.815900,3.712100,1148.000000,644655608.000000,1140539392.000000,252489728.000000,1275273216.000000,3.115700,0.056400,0.019800,2.982600,0.011100,0.021400,0.011200,0.000700,0.000700,0.016200,0.007000,0.000000
1200,1.919398,1.377105,1.381700,1.285900,1148.000000,644652787.000000,1140539392.000000,252489728.000000,1275273216.000000,0.000800,0.000000,0.000000,0.000000,0.010500,0.000000,0.103800,0.000000,0.000000,0.000000,0.003100,0.000000
1201,1.920938,1.499497,1.429200,1.339700,1148.000000,644651963.000000,1140539392.000000,252489728.000000,1275273216.000000,0.000900,0.000000,0.000000,0.000000,0.008700,0.000000,0.119300,0.000000,0.000000,0.000000,0.003800,0.000000
1202,1.922120,1.204103,1.263300,1.111300,1148.000000,644656083.000000,1140539392.000000,252489728.000000,1275338752.000000,0.000800,0.000000,0.000000,0.000000,0.010200,0.000000,0.108000,0.000000,0.000000,0.000000,0.003800,0.000000
1203,1.923308,1.210899,1.216100,1.125900,1148.000000,644659331.000000,1140539392.000000,252489728.000000,1275338752.000000,0.000700,0.000000,0.000000,0.000000,0.010000,0.000000,0.077500,0.000000,0.000000,0.000000,0.003500,0.000000
1204,1.924663,1.365299,1.366200,1.283200,1148.000000,644659355.000000,1140539392.000000,252489728.000000,1275338752.000000,0.000700,0.000000,0.000000,0.000000,0.008800,0.000000,0.134300,0.000000,0.000000,0.000000,0.003200,0.000000
1205,1.926113,1.417800,1.408100,1.325700,1148.000000,644659379.000000,1140539392.000000,252489728.000000,1275338752.000000,0.000700,0.000000,0.000000,0.000000,0.007200,0.000000,0.121600,0.000000,0.000000,0.000000,0.002700,0.000000
1206,1.927554,1.373498,1.224200,1.139100,1148.000000,644661595.000000,1140539392.000000,252489728.000000,1275338752.000000,0.000700,0.000000,0.000000,0.000000,0.010200,0.000000,0.073200,0.000000,0.000000,0.000000,0.003500,0.000000
1207,1.928777,1.133100,1.275300,1.044200,1148.000000,644659427.000000,1140539392.000000,252489728.000000,1275338752.000000,0.000800,0.000000,0.000000,0.000000,0.011000,0.000000,0.064300,0.000000,0.000000,0.000000,0.004200,0.000000
1208,1.930252,1.607100,1.532600,1.440200,1148.000000,644659451.000000,1140539392.000000,252489728.000000,1275338752.000000,0.000800,0.000000,0.000000,0.000000,0.008400,0.000000,0.014900,0.000000,0.000000,0.000000,0.005100,0.000000
1209,1.934084,3.854103,3.912500,3.753700,1148.000000,644664459.000000,1140539392.000000,252489728.000000,1275338752.000000,3.206600,0.046200,0.015800,3.094100,0.011200,0.021100,0.010100,0.000600,0.000600,0.013100,0.003200,0.000000
1210,1.935426,1.349001,1.354400,1.253800,1148.000000,644664547.000000,1140539392.000000,252489728.000000,1275338752.000000,0.000800,0.000000,0.000000,0.000000,0.011600,0.000000,0.108600,0.000000,0.000000,0.000000,0.003600,0.000000
1211,1.936606,1.207894,1.215000,1.125700,1148.000000,644664571.000000,1140539392.000000,252489728.000000,1275338752.000000,0.000700,0.000000,0.000000,0.000000,0.009900,0.000000,0.065500,0.000000,0.000000,0.000000,0.003200,0.000000
1212,1.937896,1.296804,1.298200,1.218700,1148.000000,644664595.000000,1140539392.000000,252489728.000000,1275338752.000000,0.000600,0.000000,0.000000,0.000000,0.006600,0.000000,0.133900,0.000000,0.000000,0.000000,0.002400,0.000000
1213,1.939276,1.378097,1.373200,1.297700,1148.000000,644663699.000000,1140539392.000000,252489728.000000,1275338752.000000,0.000700,0.000000,0.000000,0.000000,0.006700,0.000000,0.181900,0.000000,0.000000,0.000000,0.002900,0.000000
1214,1.940662,1.342900,1.335000,1.253900,1148.000000,644672339.000000,1140539392.000000,252489728.000000,1275338752.000000,0.000800,0.000000,0.000000,0.000000,0.006300,0.000000,0.113200,0.000000,0.000000,0.000000,0.002700,0.000000
1215,1.941897,1.273505,1.273400,1.187100,1148.000000,644672395.000000,1140539392.000000,252489728.000000,1275338752.000000,0.000700,0.000000,0.000000,0.000000,0.008000,0.000000,0.062000,0.000000,0.000000,0.000000,0.003300,0.000000
1216,1.943191,1.276601,1.251500,1.167300,1148.000000,644671571.000000,1140539392.000000,252489728.000000,1275338752.000000,0.000700,0.000000,0.000000,0.000000,0.008400,0.000000,0.114900,0.000000,0.000000,0.000000,0.002900,0.000000
1217,1.944484,1.298398,1.309600,1.205600,1148.000000,644671595.000000,1140539392.000000,252489728.000000,1275338752.000000,0.000700,0.000000,0.000000,0.000000,0.009500,0.000000,0.108400,0.000000,0.000000,0.000000,0.003400,0.000000
1218,1.945987,1.481200,1.474800,1.382400,1148.000000,644671619.000000,1140539392.000000,252489728.000000,1275338752.000000,0.000700,0.000000,0.000000,0.000000,0.009900,0.000000,0.100700,0.000000,0.000000,0.000000,0.003100,0.000000
1219,1.947189,1.224695,1.230300,1.137700,1148.000000,644671643.000000,1140539392.000000,252489728.000000,1275338752.000000,0.001800,0.000000,0.000000,0.000000,0.010800,0.000000,0.076800,0.000000,0.000000,0.000000,0.003600,0.000000
1220,1.950748,3.562103,3.556100,3.467900,1148.000000,644679416.000000,1140539392.000000,252489728.000000,1275338752.000000,3.121400,0.047700,0.013400,3.012600,0.009500,0.018700,0.010000,0.000600,0.000500,0.013100,0.003200,0.000000
1221,1.952007,1.270798,1.273700,1.187000,1148.000000,644676411.000000,1140539392.000000,252489728.000000,1275338752.000000,0.000600,0.000000,0.000000,0.000000,0.008500,0.000000,0.073700,0.000000,0.000000,0.000000,0.003100,0.000000
1222,1.953174,1.179103,1.185000,1.102600,1148.000000,644679035.000000,1140539392.000000,252489728.000000,1275338752.000000,0.000600,0.000000,0.000000,0.000000,0.007200,0.000000,0.065100,0.000000,0.000000,0.000000,0.002500,0.000000
1223,1.954505,1.321400,1.311600,1.237800,1148.000000,644676403.000000,1140539392.000000,252489728.000000,1275338752.000000,0.000600,0.000000,0.000000,0.000000,0.006000,0.000000,0.133500,0.000000,0.000000,0.000000,0.002200,0.000000
1224,1.956057,1.522399,1.516500,1.412700,1148.000000,644675395.000000,1140539392.000000,252489728.000000,1275338752.000000,0.000600,0.000000,0.000000,0.000000,0.008300,0.000000,0.112400,0.000000,0.000000,0.000000,0.003100,0.000000
1225,1.957223,1.194898,1.153400,1.069500,1148.000000,644680003.000000,1140539392.000000,252489728.000000,1275338752.000000,0.000700,0.000000,0.000000,0.000000,0.008100,0.000000,0.077300,0.000000,0.000000,0.000000,0.088600,0.000000
1226,1.958541,1.280903,1.318600,1.191200,1148.000000,644680027.000000,1140539392.000000,252489728.000000,1275338752.000000,0.000700,0.000000,0.000000,0.000000,0.007900,0.000000,0.104500,0.000000,0.000000,0.000000,0.002800,0.000000
1227,1.959934,1.378798,1.372700,1.287800,1148.000000,644684147.000000,1140539392.000000,252489728.000000,1275338752.000000,0.000700,0.000000,0.000000,0.000000,0.009900,0.000000,0.118100,0.000000,0.000000,0.000000,0.003200,0.000000
1228,1.961570,1.634099,1.621300,1.529300,1148.000000,644684179.000000,1140539392.000000,252489728.000000,1275338752.000000,0.000700,0.000000,0.000000,0.000000,0.009800,0.000000,0.134400,0.000000,0.000000,0.000000,0.003500,0.000000
1229,1.962826,1.284099,1.288100,1.190600,1148.000000,644684203.000000,1140539392.000000,252489728.000000,1275338752.000000,0.000700,0.000000,0.000000,0.000000,0.011600,0.000000,0.060800,0.000000,0.000000,0.000000,0.003700,0.000000
1230,1.964461,1.468601,1.388000,1.293600,1148.000000,644685107.000000,1140539392.000000,252489728.000000,1275338752.000000,0.000700,0.000000,0.000000,0.000000,0.009200,0.000000,0.113400,0.000000,0.000000,0.000000,0.003200,0.000000
1231,1.968002,3.692404,3.761600,3.597300,1148.000000,644691560.000000,1140539392.000000,252489728.000000,1275338752.000000,3.023800,0.049900,0.022000,2.894000,0.017100,0.022900,0.011500,0.000800,0.000700,0.016200,0.005700,0.000000
1232,1.969273,1.306101,1.317200,1.220300,1148.000000,644688595.000000,1140539392.000000,252489728.000000,1275338752.000000,0.000700,0.000000,0.000000,0.000000,0.011700,0.000000,0.121900,0.000000,0.000000,0.000000,0.003100,0.000000
1233,1.970569,1.293197,1.292400,1.210000,1148.000000,644688619.000000,1140539392.000000,252489728.000000,1275338752.000000,0.000700,0.000000,0.000000,0.000000,0.007500,0.000000,0.068700,0.000000,0.000000,0.000000,0.002800,0.000000
1234,1.971753,1.199497,1.201100,1.122400,1148.000000,644688643.000000,1140539392.000000,252489728.000000,1275338752.000000,0.000700,0.000000,0.000000,0.000000,0.006900,0.000000,0.065800,0.000000,0.000000,0.000000,0.002600,0.000000
1235,1.972931,1.186104,1.189700,1.115700,1148.000000,644688075.000000,1140539392.000000,252489728.000000,1275338752.000000,0.000700,0.000000,0.000000,0.000000,0.006300,0.000000,0.074000,0.000000,0.000000,0.000000,0.002500,0.000000
1236,1.974253,1.293396,1.283600,1.213900,1148.000000,644688523.000000,1140539392.000000,252489728.000000,1275342848.000000,0.000600,0.000000,0.000000,0.000000,0.007000,0.000000,0.123300,0.000000,0.000000,0.000000,0.002100,0.000000
1237,1.975641,1.392900,1.388700,1.310200,1148.000000,644692339.000000,1140539392.000000,252489728.000000,1275342848.000000,0.000600,0.000000,0.000000,0.000000,0.008600,0.000000,0.086400,0.000000,0.000000,0.000000,0.002700,0.000000
1238,1.977029,1.374901,1.372000,1.290200,1148.000000,644695603.000000,1140539392.000000,252489728.000000,1275342848.000000,0.000700,0.000000,0.000000,0.000000,0.008800,0.000000,0.107200,0.000000,0.000000,0.000000,0.002700,0.000000
1239,1.978351,1.303904,1.292200,1.209500,1148.000000,644693467.000000,1140539392.000000,252489728.000000,1275342848.000000,0.000800,0.000000,0.000000,0.000000,0.008700,0.000000,0.121300,0.000000,0.000000,0.000000,0.002900,0.000000
1240,1.979617,1.290200,1.289900,1.202100,1148.000000,644697587.000000,1140539392.000000,252489728.000000,1275342848.000000,0.000700,0.000000,0.000000,0.000000,0.010000,0.000000,0.122600,0.000000,0.000000,0.000000,0.003300,0.000000
1241,1.981241,1.573398,1.562300,1.472700,1148.000000,644701715.000000,1140539392.000000,252489728.000000,1275342848.000000,0.000700,0.000000,0.000000,0.000000,0.008000,0.000000,0.113800,0.000000,0.000000,0.000000,0.002900,0.000000
1242,1.985261,4.057802,4.056900,3.961100,1148.000000,644710096.000000,1140539392.000000,252489728.000000,1275342848.000000,3.555000,0.052800,0.015300,3.441900,0.010800,0.018000,0.010600,0.000500,0.000500,0.013000,0.003400,0.000000
1243,1.986613,1.344997,1.344100,1.249900,1148.000000,644706915.000000,1140539392.000000,252489728.000000,1275342848.000000,0.000600,0.000000,0.000000,0.000000,0.008200,0.000000,0.063700,0.000000,0.000000,0.000000,0.002900,0.000000
1244,1.987824,1.236898,1.242400,1.153700,1148.000000,644707531.000000,1140539392.000000,252489728.000000,1275346944.000000,0.000600,0.000000,0.000000,0.000000,0.009800,0.000000,0.096100,0.000000,0.000000,0.000000,0.003200,0.000000
1245,1.989075,1.249901,1.248900,1.165700,1148.000000,644706715.000000,1140539392.000000,252489728.000000,1275346944.000000,0.000700,0.000000,0.000000,0.000000,0.008700,0.000000,0.137900,0.000000,0.000000,0.000000,0.002700,0.000000
1246,1.990721,1.555804,1.304200,1.220200,1148.000000,644706531.000000,1140539392.000000,252489728.000000,1275346944.000000,0.000700,0.000000,0.000000,0.000000,0.008500,0.000000,0.043300,0.000000,0.000000,0.000000,0.002900,0.000000
1247,1.991760,1.109099,1.325800,1.003300,1148.000000,644706139.000000,1140539392.000000,252489728.000000,1275346944.000000,0.000800,0.000000,0.000000,0.000000,0.014500,0.000000,0.014300,0.000000,0.000000,0.000000,0.004900,0.000000
1248,1.993410,1.176502,1.205000,1.095800,1148.000000,644710267.000000,1140539392.000000,252489728.000000,1275346944.000000,0.000600,0.000000,0.000000,0.000000,0.010100,0.000000,0.063800,0.000000,0.000000,0.000000,0.003200,0.000000
1249,1.995400,2.454698,1.459500,1.376600,1148.000000,644710299.000000,1140539392.000000,252489728.000000,1275346944.000000,0.000800,0.000000,0.000000,0.000000,0.007300,0.000000,0.013400,0.000000,0.000000,0.000000,0.005700,0.000000
1250,1.996098,0.688102,1.458000,0.370800,1148.000000,644713209.000000,1140539392.000000,252489728.000000,1275346944.000000,0.000600,0.000000,0.000000,0.000000,0.011000,0.000000,0.012800,0.000000,0.000000,0.000000,0.003300,0.000000
1251,1.997013,0.955697,1.166500,0.877800,1148.000000,644710363.000000,1140539392.000000,252489728.000000,1275346944.000000,0.000700,0.000000,0.000000,0.000000,0.010900,0.000000,0.060400,0.000000,0.000000,0.000000,0.004000,0.000000
1252,2.000827,3.628097,3.613600,3.527500,1148.000000,644714904.000000,1140539392.000000,252489728.000000,1275346944.000000,3.191000,0.046700,0.013700,3.082200,0.007000,0.020400,0.009400,0.000600,0.000500,0.014000,0.002900,0.000000
1253,2.002099,1.391100,1.332600,1.230300,1148.000000,644719963.000000,1140539392.000000,252489728.000000,1275346944.000000,0.001000,0.000000,0.000000,0.000000,0.008500,0.000000,0.046800,0.000000,0.000000,0.000000,0.006200,0.000000
1254,2.003305,1.242205,1.298900,1.148600,1148.000000,644722195.000000,1140539392.000000,252489728.000000,1275346944.000000,0.000800,0.000000,0.000000,0.000000,0.013100,0.000000,0.169700,0.000000,0.000000,0.000000,0.005000,0.000000
1255,2.004541,1.274398,1.280100,1.190400,1148.000000,644720027.000000,1140539392.000000,252489728.000000,1275346944.000000,0.000800,0.000000,0.000000,0.000000,0.010000,0.000000,0.125200,0.000000,0.000000,0.000000,0.003500,0.000000
1256,2.005947,1.399199,1.395000,1.312100,1148.000000,644718939.000000,1140539392.000000,252489728.000000,1275346944.000000,0.000700,0.000000,0.000000,0.000000,0.007300,0.000000,0.072600,0.000000,0.000000,0.000000,0.003200,0.000000
1257,2.007260,1.293403,1.293300,1.209400,1148.000000,644718971.000000,1140539392.000000,252489728.000000,1275346944.000000,0.000700,0.000000,0.000000,0.000000,0.007200,0.000000,0.110900,0.000000,0.000000,0.000000,0.002500,0.000000
1258,2.008535,1.274398,1.267200,1.184200,1148.000000,644718995.000000,1140539392.000000,252489728.000000,1275346944.000000,0.000700,0.000000,0.000000,0.000000,0.008800,0.000000,0.100600,0.000000,0.000000,0.000000,0.003000,0.000000
1259,2.010041,1.496599,1.492300,1.402400,1148.000000,644723715.000000,1140539392.000000,252489728.000000,1275412480.000000,0.000700,0.000000,0.000000,0.000000,0.007500,0.000000,0.170600,0.000000,0.000000,0.000000,0.002800,0.000000
1260,2.011261,1.250602,1.251400,1.164400,1148.000000,644722907.000000,1140539392.000000,252489728.000000,1275412480.000000,0.000700,0.000000,0.000000,0.000000,0.009900,0.000000,0.069400,0.000000,0.000000,0.000000,0.003500,0.000000
1261,2.012538,1.289399,1.294000,1.208100,1148.000000,644722915.000000,1140539392.000000,252489728.000000,1275412480.000000,0.000700,0.000000,0.000000,0.000000,0.007800,0.000000,0.082300,0.000000,0.000000,0.000000,0.003000,0.000000
1262,2.013997,1.367999,1.352300,1.270900,1148.000000,644723363.000000,1140539392.000000,252489728.000000,1275412480.000000,0.000800,0.000000,0.000000,0.000000,0.008200,0.000000,0.111000,0.000000,0.000000,0.000000,0.002800,0.000000
1263,2.017876,3.914704,3.900000,3.806100,1148.000000,644727504.000000,1140539392.000000,252489728.000000,1275412480.000000,3.361900,0.057500,0.019100,3.228200,0.010900,0.022400,0.010300,0.000800,0.000800,0.016800,0.004400,0.000000
1264,2.019268,1.388499,1.381600,1.246900,1148.000000,644724467.000000,1140539392.000000,252489728.000000,1275412480.000000,0.000800,0.000000,0.000000,0.000000,0.012100,0.000000,0.124200,0.000000,0.000000,0.000000,0.003300,0.000000
1265,2.020468,1.211501,1.233200,1.130000,1148.000000,644732699.000000,1140539392.000000,252489728.000000,1275412480.000000,0.000700,0.000000,0.000000,0.000000,0.011400,0.000000,0.066600,0.000000,0.000000,0.000000,0.004400,0.000000
1266,2.021622,1.188095,1.186200,1.103900,1148.000000,644732707.000000,1140539392.000000,252489728.000000,1275412480.000000,0.000700,0.000000,0.000000,0.000000,0.009000,0.000000,0.074500,0.000000,0.000000,0.000000,0.002800,0.000000
1267,2.022916,1.273902,1.269800,1.186800,1148.000000,644731531.000000,1140539392.000000,252489728.000000,1275412480.000000,0.000700,0.000000,0.000000,0.000000,0.007700,0.000000,0.114300,0.000000,0.000000,0.000000,0.003000,0.000000
1268,2.024633,1.679103,1.369100,1.250700,1148.000000,644731555.000000,1140539392.000000,252489728.000000,1275412480.000000,0.000800,0.000000,0.000000,0.000000,0.009300,0.000000,0.111500,0.000000,0.000000,0.000000,0.002900,0.000000
1269,2.025809,1.049398,1.352900,0.969000,1148.000000,644731579.000000,1140539392.000000,252489728.000000,1275412480.000000,0.000900,0.000000,0.000000,0.000000,0.011300,0.000000,0.076200,0.000000,0.000000,0.000000,0.004400,0.000000
1270,2.027090,1.451998,1.443600,1.360900,1148.000000,644737379.000000,1140539392.000000,252489728.000000,1275412480.000000,0.000900,0.000000,0.000000,0.000000,0.009300,0.000000,0.153900,0.000000,0.000000,0.000000,0.005800,0.000000
1271,2.028453,1.287004,1.244900,1.155400,1148.000000,644735739.000000,1140539392.000000,252489728.000000,1275412480.000000,0.000700,0.000000,0.000000,0.000000,0.009400,0.000000,0.015500,0.000000,0.000000,0.000000,0.003400,0.000000
1272,2.030960,2.476800,1.479100,1.357500,1148.000000,644738265.000000,1140539392.000000,252489728.000000,1275412480.000000,0.000900,0.000000,0.000000,0.000000,0.013800,0.000000,0.019100,0.000000,0.000000,0.000000,0.005100,0.000000
1273,2.033708,2.847895,3.874500,2.760900,1148.000000,644740600.000000,1140539392.000000,252489728.000000,1275412480.000000,2.279800,0.052800,0.023500,2.164100,0.016300,0.014600,0.011600,0.000700,0.000800,0.010500,0.004400,0.000000
1274,2.035291,1.575503,1.565400,1.469300,1148.000000,644736435.000000,1140539392.000000,252489728.000000,1275412480.000000,0.000700,0.000000,0.000000,0.000000,0.010100,0.000000,0.104500,0.000000,0.000000,0.000000,0.003300,0.000000
1275,2.036657,1.364002,1.371600,1.270500,1200.000000,644736459.000000,1140539392.000000,252489728.000000,1275412480.000000,0.000800,0.000000,0.000000,0.000000,0.009300,0.000000,0.093800,0.000000,0.000000,0.000000,0.003000,0.000000
1276,2.037939,1.302799,1.306000,1.215700,1148.000000,644741003.000000,1140539392.000000,252489728.000000,1275412480.000000,0.000700,0.000000,0.000000,0.000000,0.010000,0.000000,0.134000,0.000000,0.000000,0.000000,0.003300,0.000000
1277,2.039295,1.341100,1.335700,1.249600,1148.000000,644739819.000000,1140539392.000000,252489728.000000,1275412480.000000,0.000700,0.000000,0.000000,0.000000,0.008800,0.000000,0.114400,0.000000,0.000000,0.000000,0.002800,0.000000
1278,2.040663,1.362798,1.298100,1.211600,1148.000000,644744363.000000,1140539392.000000,252489728.000000,1275412480.000000,0.000700,0.000000,0.000000,0.000000,0.007600,0.000000,0.078200,0.000000,0.000000,0.000000,0.003200,0.000000
1279,2.041854,1.224901,1.294100,1.146300,1148.000000,644743963.000000,1140539392.000000,252489728.000000,1275412480.000000,0.000700,0.000000,0.000000,0.000000,0.008800,0.000000,0.079100,0.000000,0.000000,0.000000,0.003000,0.000000
1280,2.043348,1.461798,1.442400,1.360700,1148.000000,644743987.000000,1140539392.000000,252489728.000000,1275412480.000000,0.000700,0.000000,0.000000,0.000000,0.007200,0.000000,0.075400,0.000000,0.000000,0.000000,0.002800,0.000000
1281,2.044760,1.403699,1.386600,1.290600,1148.000000,644748107.000000,1140539392.000000,252489728.000000,1275412480.000000,0.000700,0.000000,0.000000,0.000000,0.008600,0.000000,0.120500,0.000000,0.000000,0.000000,0.003500,0.000000
1282,2.046161,1.430506,1.448200,1.338200,1148.000000,644748131.000000,1140539392.000000,252489728.000000,1275412480.000000,0.000800,0.000000,0.000000,0.000000,0.010300,0.000000,0.080800,0.000000,0.000000,0.000000,0.003300,0.000000
1283,2.047478,1.304996,1.306900,1.217100,1148.000000,644748179.000000,1140539392.000000,252489728.000000,1275412480.000000,0.000800,0.000000,0.000000,0.000000,0.007900,0.000000,0.121400,0.000000,0.000000,0.000000,0.002900,0.000000
1284,2.050996,3.518601,3.508400,3.423900,1148.000000,644752360.000000,1140539392.000000,252489728.000000,1275412480.000000,3.074600,0.047600,0.014800,2.963400,0.009100,0.019200,0.010400,0.000500,0.000700,0.014100,0.003200,0.000000
1285,2.052320,1.342999,1.351800,1.262400,1148.000000,644749155.000000,1140539392.000000,252489728.000000,1275412480.000000,0.000700,0.000000,0.000000,0.000000,0.010300,0.000000,0.126500,0.000000,0.000000,0.000000,0.002700,0.000000
1286,2.053683,1.342000,1.338300,1.256100,1148.000000,644751379.000000,1140539392.000000,252489728.000000,1275412480.000000,0.000500,0.000000,0.000000,0.000000,0.008000,0.000000,0.118000,0.000000,0.000000,0.000000,0.002300,0.000000
1287,2.055448,1.334701,1.329500,1.248300,1148.000000,644753307.000000,1140539392.000000,252489728.000000,1275412480.000000,0.000700,0.000000,0.000000,0.000000,0.009400,0.000000,0.103900,0.000000,0.000000,0.000000,0.003100,0.000000
1288,2.056491,1.459701,1.450500,1.362000,1148.000000,644752955.000000,1140539392.000000,252489728.000000,1275412480.000000,0.000800,0.000000,0.000000,0.000000,0.007900,0.000000,0.025300,0.000000,0.000000,0.000000,0.006900,0.000000
1289,2.057896,1.417800,1.413900,1.321800,1148.000000,644751627.000000,1140539392.000000,252489728.000000,1275412480.000000,0.000700,0.000000,0.000000,0.000000,0.010000,0.000000,0.013600,0.000000,0.000000,0.000000,0.003100,0.000000
1290,2.059170,1.258298,1.257700,1.164400,1148.000000,644752587.000000,1140539392.000000,252489728.000000,1275412480.000000,0.000800,0.000000,0.000000,0.000000,0.009300,0.000000,0.154200,0.000000,0.000000,0.000000,0.003300,0.000000
1291,2.060669,1.451205,1.418700,1.327300,1148.000000,644756283.000000,1140539392.000000,252489728.000000,1275412480.000000,0.000600,0.000000,0.000000,0.000000,0.010100,0.000000,0.131300,0.000000,0.000000,0.000000,0.003500,0.000000
1292,2.062204,1.582696,1.529500,1.410600,1148.000000,644755795.000000,1140539392.000000,252489728.000000,1275412480.000000,0.000800,0.000000,0.000000,0.000000,0.010400,0.000000,0.104500,0.000000,0.000000,0.000000,0.004700,0.000000
1293,2.063411,1.226304,1.306700,1.139400,1148.000000,644760427.000000,1140539392.000000,252489728.000000,1275412480.000000,0.000700,0.000000,0.000000,0.000000,0.010800,0.000000,0.110800,0.000000,0.000000,0.000000,0.004100,0.000000
1294,2.067064,3.641298,3.629900,3.541300,1148.000000,644764920.000000,1140539392.000000,252489728.000000,1275412480.000000,3.189200,0.048200,0.014200,3.076900,0.009400,0.019700,0.010200,0.000500,0.000500,0.014400,0.003400,0.000000
1295,2.068354,1.321301,1.330900,1.238600,1148.000000,644761411.000000,1140539392.000000,252489728.000000,1275412480.000000,0.000600,0.000000,0.000000,0.000000,0.010500,0.000000,0.108200,0.000000,0.000000,0.000000,0.002900,0.000000
1296,2.069710,1.368700,1.348900,1.267700,1148.000000,644761435.000000,1140539392.000000,252489728.000000,1275412480.000000,0.000600,0.000000,0.000000,0.000000,0.006800,0.000000,0.161300,0.000000,0.000000,0.000000,0.002600,0.000000
1297,2.071070,1.350000,1.366800,1.269300,1148.000000,644761483.000000,1140539392.000000,252489728.000000,1275412480.000000,0.000800,0.000000,0.000000,0.000000,0.006900,0.000000,0.115700,0.000000,0.000000,0.000000,0.002800,0.000000
1298,2.072399,1.334701,1.334600,1.256000,1148.000000,644764699.000000,1140539392.000000,252489728.000000,1275412480.000000,0.000700,0.000000,0.000000,0.000000,0.006700,0.000000,0.117200,0.000000,0.000000,0.000000,0.002700,0.000000
1299,2.073747,1.343998,1.343000,1.266300,1148.000000,644764723.000000,1140539392.000000,252489728.000000,1275412480.000000,0.000600,0.000000,0.000000,0.000000,0.007700,0.000000,0.136400,0.000000,0.000000,0.000000,0.002500,0.000000
1300,2.075261,1.491596,1.477000,1.396700,1148.000000,644764747.000000,1140539392.000000,252489728.000000,1275412480.000000,0.000700,0.000000,0.000000,0.000000,0.007700,0.000000,0.124100,0.000000,0.000000,0.000000,0.002900,0.000000
1301,2.076612,1.333305,1.337000,1.248700,1148.000000,644764771.000000,1140539392.000000,252489728.000000,1275412480.000000,0.000700,0.000000,0.000000,0.000000,0.008000,0.000000,0.097900,0.000000,0.000000,0.000000,0.003200,0.000000
1302,2.077980,1.367701,1.351800,1.265200,1148.000000,644766995.000000,1140539392.000000,252489728.000000,1275412480.000000,0.000800,0.000000,0.000000,0.000000,0.007200,0.000000,0.085500,0.000000,0.000000,0.000000,0.006900,0.000000
1303,2.079356,1.386196,1.380600,1.280500,1148.000000,644765283.000000,1140539392.000000,252489728.000000,1275412480.000000,0.000700,0.000000,0.000000,0.000000,0.010200,0.000000,0.110500,0.000000,0.000000,0.000000,0.003900,0.000000
1304,2.080860,1.472399,1.469300,1.369400,1148.000000,644773075.000000,1140539392.000000,252489728.000000,1275412480.000000,0.000600,0.000000,0.000000,0.000000,0.009800,0.000000,0.214300,0.000000,0.000000,0.000000,0.003600,0.000000
1305,2.084391,3.557802,3.556500,3.455300,1148.000000,644776744.000000,1140539392.000000,252489728.000000,1275412480.000000,3.043700,0.049200,0.015400,2.925900,0.010200,0.020800,0.011000,0.000500,0.000400,0.016000,0.003700,0.000000
1306,2.085920,1.524398,1.526200,1.427400,1148.000000,644773755.000000,1140539392.000000,252489728.000000,1275412480.000000,0.000600,0.000000,0.000000,0.000000,0.009300,0.000000,0.070400,0.000000,0.000000,0.000000,0.003200,0.000000
1307,2.087113,1.218601,1.228200,1.137400,1148.000000,644773779.000000,1140539392.000000,252489728.000000,1275416576.000000,0.000700,0.000000,0.000000,0.000000,0.010300,0.000000,0.071200,0.000000,0.000000,0.000000,0.003300,0.000000
1308,2.088370,1.253302,1.247200,1.167000,1148.000000,644773803.000000,1140539392.000000,252489728.000000,1275416576.000000,0.000700,0.000000,0.000000,0.000000,0.008400,0.000000,0.070500,0.000000,0.000000,0.000000,0.002700,0.000000
1309,2.089700,1.340901,1.341300,1.258000,1148.000000,644776995.000000,1140539392.000000,252489728.000000,1275416576.000000,0.000700,0.000000,0.000000,0.000000,0.008000,0.000000,0.110700,0.000000,0.000000,0.000000,0.002700,0.000000
1310,2.091143,1.413194,1.394600,1.311900,1148.000000,644777443.000000,1140539392.000000,252489728.000000,1275416576.000000,0.000700,0.000000,0.000000,0.000000,0.008600,0.000000,0.117100,0.000000,0.000000,0.000000,0.003000,0.000000
1311,2.092500,1.377799,1.391400,1.292600,1148.000000,644777043.000000,1140539392.000000,252489728.000000,1275416576.000000,0.000700,0.000000,0.000000,0.000000,0.010200,0.000000,0.116000,0.000000,0.000000,0.000000,0.003500,0.000000
1312,2.093896,1.365505,1.352200,1.269200,1148.000000,644777091.000000,1140539392.000000,252489728.000000,1275416576.000000,0.000700,0.000000,0.000000,0.000000,0.009000,0.000000,0.175200,0.000000,0.000000,0.000000,0.003200,0.000000
1313,2.095316,1.446301,1.430800,1.337800,1148.000000,644777091.000000,1140539392.000000,252489728.000000,1275416576.000000,0.000800,0.000000,0.000000,0.000000,0.009900,0.000000,0.083300,0.000000,0.000000,0.000000,0.003300,0.000000
1314,2.096917,1.531895,1.485800,1.380600,1148.000000,644777115.000000,1140539392.000000,252489728.000000,1275416576.000000,0.000800,0.000000,0.000000,0.000000,0.009900,0.000000,0.207500,0.000000,0.000000,0.000000,0.002700,0.000000
1315,2.100761,3.758801,3.719200,3.571600,1148.000000,644790632.000000,1140539392.000000,252489728.000000,1275420672.000000,3.094500,0.060100,0.020700,2.958800,0.011700,0.025200,0.012900,0.000600,0.000500,0.014600,0.004000,0.000000
1316,2.101913,1.280201,1.332300,1.151700,1148.000000,644791899.000000,1140539392.000000,252489728.000000,1275420672.000000,0.000800,0.000000,0.000000,0.000000,0.019600,0.000000,0.061100,0.000000,0.000000,0.000000,0.006600,0.000000
1317,2.104112,1.148101,1.190900,1.066900,1148.000000,644791963.000000,1140539392.000000,252489728.000000,1275420672.000000,0.000600,0.000000,0.000000,0.000000,0.010400,0.000000,0.053700,0.000000,0.000000,0.000000,0.003600,0.000000
1318,2.104811,1.687897,1.685800,1.606300,1148.000000,644793323.000000,1140539392.000000,252489728.000000,1275420672.000000,0.000800,0.000000,0.000000,0.000000,0.033300,0.000000,0.180500,0.000000,0.000000,0.000000,0.003500,0.000000
1319,2.106259,1.434701,1.426500,1.343700,1148.000000,644785515.000000,1140539392.000000,252489728.000000,1275420672.000000,0.000800,0.000000,0.000000,0.000000,0.014200,0.000000,0.049700,0.000000,0.000000,0.000000,0.005100,0.000000
1320,2.107353,1.178699,1.108800,1.022200,1148.000000,644786051.000000,1140539392.000000,252489728.000000,1275420672.000000,0.000800,0.000000,0.000000,0.000000,0.009500,0.000000,0.056500,0.000000,0.000000,0.000000,0.003300,0.000000
1321,2.109218,1.374100,1.410100,1.251000,1148.000000,644789659.000000,1140539392.000000,252489728.000000,1275486208.000000,0.000600,0.000000,0.000000,0.000000,0.010100,0.000000,0.086100,0.000000,0.000000,0.000000,0.003600,0.000000
1322,2.110233,1.500000,1.522700,1.413900,1148.000000,644789683.000000,1140539392.000000,252489728.000000,1275486208.000000,0.001000,0.000000,0.000000,0.000000,0.014500,0.000000,0.221200,0.000000,0.000000,0.000000,0.007500,0.000000
1323,2.111368,1.149306,1.150800,1.059400,1148.000000,644790219.000000,1140539392.000000,252489728.000000,1275486208.000000,0.000700,0.000000,0.000000,0.000000,0.010800,0.000000,0.123100,0.000000,0.000000,0.000000,0.003400,0.000000
1324,2.112755,1.405300,1.406200,1.317800,1148.000000,644790243.000000,1140539392.000000,252489728.000000,1275486208.000000,0.000700,0.000000,0.000000,0.000000,0.008300,0.000000,0.112400,0.000000,0.000000,0.000000,0.003300,0.000000
1325,2.114244,1.457398,1.442400,1.356500,1148.000000,644790267.000000,1140539392.000000,252489728.000000,1275486208.000000,0.000700,0.000000,0.000000,0.000000,0.007200,0.000000,0.093000,0.000000,0.000000,0.000000,0.002600,0.000000
1326,2.119208,4.398597,4.368900,4.265700,1148.000000,644802097.000000,1140539392.000000,252489728.000000,1275486208.000000,3.840100,0.048900,0.014400,3.718000,0.010300,0.022700,0.010800,0.000700,0.000500,0.018400,0.003300,0.000000
1327,2.120095,1.420004,1.352500,1.232000,1148.000000,644798787.000000,1140539392.000000,252489728.000000,1275486208.000000,0.000600,0.000000,0.000000,0.000000,0.013500,0.000000,0.121900,0.000000,0.000000,0.000000,0.006300,0.000000
1328,2.121283,1.233099,1.330300,1.147700,1148.000000,644798811.000000,1140539392.000000,252489728.000000,1275486208.000000,0.000700,0.000000,0.000000,0.000000,0.011300,0.000000,0.116100,0.000000,0.000000,0.000000,0.003500,0.000000
1329,2.122502,1.243601,1.246200,1.162500,1148.000000,644802931.000000,1140539392.000000,252489728.000000,1275486208.000000,0.000700,0.000000,0.000000,0.000000,0.009700,0.000000,0.065700,0.000000,0.000000,0.000000,0.003100,0.000000
1330,2.123821,1.301297,1.293100,1.212000,1148.000000,644803123.000000,1140539392.000000,252489728.000000,1275486208.000000,0.000700,0.000000,0.000000,0.000000,0.006800,0.000000,0.105500,0.000000,0.000000,0.000000,0.002700,0.000000
1331,2.125425,1.583999,1.572400,1.483200,1148.000000,644802731.000000,1140539392.000000,252489728.000000,1275486208.000000,0.000800,0.000000,0.000000,0.000000,0.007900,0.000000,0.102400,0.000000,0.000000,0.000000,0.003400,0.000000
1332,2.126649,1.260998,1.275400,1.181200,1148.000000,644807315.000000,1140539392.000000,252489728.000000,1275486208.000000,0.000700,0.000000,0.000000,0.000000,0.010300,0.000000,0.088200,0.000000,0.000000,0.000000,0.003100,0.000000
1333,2.127894,1.260906,1.261600,1.184800,1148.000000,644806483.000000,1140539392.000000,252489728.000000,1275486208.000000,0.000700,0.000000,0.000000,0.000000,0.007600,0.000000,0.095600,0.000000,0.000000,0.000000,0.002400,0.000000
1334,2.129356,1.394395,1.315800,1.241500,1148.000000,644808699.000000,1140539392.000000,252489728.000000,1275486208.000000,0.000500,0.000000,0.000000,0.000000,0.005800,0.000000,0.128900,0.000000,0.000000,0.000000,0.002200,0.000000
1335,2.130681,1.347506,1.403800,1.256200,1148.000000,644806531.000000,1140539392.000000,252489728.000000,1275486208.000000,0.000800,0.000000,0.000000,0.000000,0.011200,0.000000,0.109000,0.000000,0.000000,0.000000,0.004700,0.000000
1336,2.134246,3.551594,3.544600,3.449000,1148.000000,644809944.000000,1140539392.000000,252489728.000000,1275486208.000000,3.041700,0.046900,0.015100,2.929100,0.009300,0.020700,0.010400,0.000500,0.000700,0.013700,0.003700,0.000000
1337,2.135543,1.335204,1.330100,1.232600,1148.000000,644811003.000000,1140539392.000000,252489728.000000,1275486208.000000,0.000700,0.000000,0.000000,0.000000,0.011400,0.000000,0.080500,0.000000,0.000000,0.000000,0.003000,0.000000
1338,2.136883,1.336600,1.333300,1.247900,1148.000000,644811027.000000,1140539392.000000,252489728.000000,1275486208.000000,0.000700,0.000000,0.000000,0.000000,0.007900,0.000000,0.092000,0.000000,0.000000,0.000000,0.002800,0.000000
1339,2.138412,1.456902,1.423600,1.281700,1148.000000,644810539.000000,1140539392.000000,252489728.000000,1275486208.000000,0.000700,0.000000,0.000000,0.000000,0.008900,0.000000,0.138100,0.000000,0.000000,0.000000,0.002800,0.000000
1340,2.139717,1.304996,1.305300,1.188500,1148.000000,644810771.000000,1140539392.000000,252489728.000000,1275486208.000000,0.000700,0.000000,0.000000,0.000000,0.013400,0.000000,0.038200,0.000000,0.000000,0.000000,0.005000,0.000000
1341,2.141910,2.118899,1.395400,1.273800,1148.000000,644810307.000000,1140539392.000000,252489728.000000,1275486208.000000,0.000900,0.000000,0.000000,0.000000,0.013200,0.000000,0.090900,0.000000,0.000000,0.000000,0.005100,0.000000
1342,2.142483,0.695401,1.431700,0.594500,1148.000000,644814827.000000,1140539392.000000,252489728.000000,1275486208.000000,0.000800,0.000000,0.000000,0.000000,0.013900,0.000000,0.026800,0.000000,0.000000,0.000000,0.005800,0.000000
1343,2.143576,1.124398,1.137400,1.048400,1148.000000,644819035.000000,1140539392.000000,252489728.000000,1275486208.000000,0.000700,0.000000,0.000000,0.000000,0.009700,0.000000,0.071200,0.000000,0.000000,0.000000,0.003500,0.000000
1344,2.145154,1.414406,1.397000,1.317300,1148.000000,644819483.000000,1140539392.000000,252489728.000000,1275486208.000000,0.000700,0.000000,0.000000,0.000000,0.007100,0.000000,0.130000,0.000000,0.000000,0.000000,0.002800,0.000000
1345,2.146575,1.476198,1.468000,1.377900,1148.000000,644818571.000000,1140539392.000000,252489728.000000,1275486208.000000,0.000900,0.000000,0.000000,0.000000,0.010100,0.000000,0.163900,0.000000,0.000000,0.000000,0.005300,0.000000
1346,2.147798,1.295302,1.278100,1.172800,1148.000000,644819115.000000,1140539392.000000,252489728.000000,1275486208.000000,0.000700,0.000000,0.000000,0.000000,0.013200,0.000000,0.153800,0.000000,0.000000,0.000000,0.003100,0.000000
1347,2.151654,3.826197,3.816600,3.700200,1148.000000,644822976.000000,1140539392.000000,252489728.000000,1275486208.000000,3.284400,0.055700,0.015500,3.157100,0.010300,0.022100,0.010400,0.000600,0.000600,0.018100,0.003500,0.000000
1348,2.152969,1.365597,1.387000,1.271400,1148.000000,644819187.000000,1140539392.000000,252489728.000000,1275486208.000000,0.000900,0.000000,0.000000,0.000000,0.013600,0.000000,0.145100,0.000000,0.000000,0.000000,0.003900,0.000000
1349,2.154280,1.328501,1.338900,1.245800,1148.000000,644823307.000000,1140539392.000000,252489728.000000,1275486208.000000,0.000600,0.000000,0.000000,0.000000,0.009700,0.000000,0.113500,0.000000,0.000000,0.000000,0.002800,0.000000
1350,2.155716,1.433100,1.426500,1.345500,1148.000000,644825523.000000,1140539392.000000,252489728.000000,1275486208.000000,0.000700,0.000000,0.000000,0.000000,0.008000,0.000000,0.083100,0.000000,0.000000,0.000000,0.002700,0.000000
1351,2.157076,1.336600,1.331400,1.245300,1148.000000,644823003.000000,1140539392.000000,252489728.000000,1275486208.000000,0.000500,0.000000,0.000000,0.000000,0.008400,0.000000,0.066600,0.000000,0.000000,0.000000,0.003000,0.000000
1352,2.158395,1.330903,1.335500,1.249700,1148.000000,644823027.000000,1140539392.000000,252489728.000000,1275486208.000000,0.000700,0.000000,0.000000,0.000000,0.009400,0.000000,0.082600,0.000000,0.000000,0.000000,0.003000,0.000000
1353,2.160080,1.628600,1.608700,1.478900,1148.000000,644823051.000000,1140539392.000000,252489728.000000,1275486208.000000,0.000600,0.000000,0.000000,0.000000,0.008000,0.000000,0.145400,0.000000,0.000000,0.000000,0.003200,0.000000
1354,2.161478,1.454698,1.457100,1.361100,1148.000000,644829633.000000,1140539392.000000,252489728.000000,1275486208.000000,0.000700,0.000000,0.000000,0.000000,0.010400,0.000000,0.129400,0.000000,0.000000,0.000000,0.003500,0.000000
1355,2.163109,1.551403,1.505700,1.386000,1148.000000,644830779.000000,1140539392.000000,252489728.000000,1275486208.000000,0.000800,0.000000,0.000000,0.000000,0.007800,0.000000,0.158400,0.000000,0.000000,0.000000,0.002800,0.000000
1356,2.164388,1.295203,1.302200,1.171100,1148.000000,644831339.000000,1140539392.000000,252489728.000000,1275486208.000000,0.000900,0.000000,0.000000,0.000000,0.013900,0.000000,0.100000,0.000000,0.000000,0.000000,0.005300,0.000000
1357,2.168304,3.940993,3.954200,3.831100,1148.000000,644835448.000000,1140539392.000000,252489728.000000,1275486208.000000,3.380100,0.048200,0.020100,3.252200,0.012800,0.024000,0.011700,0.000900,0.000700,0.016700,0.005100,0.000000
1358,2.169783,1.485303,1.492700,1.384400,1148.000000,644832683.000000,1140539392.000000,252489728.000000,1275486208.000000,0.000700,0.000000,0.000000,0.000000,0.012600,0.000000,0.156400,0.000000,0.000000,0.000000,0.003700,0.000000
1359,2.171068,1.322803,1.328900,1.233800,1148.000000,644832267.000000,1140539392.000000,252489728.000000,1275486208.000000,0.000700,0.000000,0.000000,0.000000,0.011600,0.000000,0.072400,0.000000,0.000000,0.000000,0.003300,0.000000
1360,2.172419,1.327494,1.323300,1.235400,1148.000000,644836395.000000,1140539392.000000,252489728.000000,1275486208.000000,0.000600,0.000000,0.000000,0.000000,0.007400,0.000000,0.122500,0.000000,0.000000,0.000000,0.002900,0.000000
1361,2.173621,1.239902,1.243000,1.156800,1148.000000,644836027.000000,1140539392.000000,252489728.000000,1275486208.000000,0.000700,0.000000,0.000000,0.000000,0.009600,0.000000,0.077400,0.000000,0.000000,0.000000,0.003500,0.000000
1362,2.175404,1.723002,1.705700,1.619000,1148.000000,644835203.000000,1140539392.000000,252489728.000000,1275486208.000000,0.000600,0.000000,0.000000,0.000000,0.007500,0.000000,0.078700,0.000000,0.000000,0.000000,0.002700,0.000000
1363,2.176682,1.321599,1.330000,1.235100,1148.000000,644835227.000000,1140539392.000000,252489728.000000,1275486208.000000,0.000600,0.000000,0.000000,0.000000,0.011500,0.000000,0.084800,0.000000,0.000000,0.000000,0.003400,0.000000
1364,2.178005,1.321103,1.319800,1.236500,1148.000000,644835251.000000,1140539392.000000,252489728.000000,1275486208.000000,0.000600,0.000000,0.000000,0.000000,0.007500,0.000000,0.117700,0.000000,0.000000,0.000000,0.002900,0.000000
1365,2.179322,1.318998,1.315800,1.233500,1148.000000,644839371.000000,1140539392.000000,252489728.000000,1275486208.000000,0.000700,0.000000,0.000000,0.000000,0.008500,0.000000,0.127600,0.000000,0.000000,0.000000,0.002800,0.000000
1366,2.180794,1.448802,1.442500,1.356800,1148.000000,644841587.000000,1140539392.000000,252489728.000000,1275486208.000000,0.000600,0.000000,0.000000,0.000000,0.008400,0.000000,0.108400,0.000000,0.000000,0.000000,0.003500,0.000000
1367,2.184660,3.830400,3.798400,3.704200,1148.000000,644847520.000000,1140539392.000000,252489728.000000,1275486208.000000,3.285400,0.054800,0.013800,3.161500,0.007200,0.021300,0.011800,0.000800,0.000600,0.017200,0.003100,0.000000
1368,2.186039,1.408695,1.438500,1.338700,1148.000000,644844435.000000,1140539392.000000,252489728.000000,1275486208.000000,0.000800,0.000000,0.000000,0.000000,0.013100,0.000000,0.198200,0.000000,0.000000,0.000000,0.003600,0.000000
1369,2.187447,1.358900,1.346900,1.258300,1148.000000,644846921.000000,1140539392.000000,252489728.000000,1275486208.000000,0.000800,0.000000,0.000000,0.000000,0.010300,0.000000,0.119300,0.000000,0.000000,0.000000,0.003800,0.000000
1370,2.188926,1.365604,1.361900,1.265600,1148.000000,644844931.000000,1140539392.000000,252489728.000000,1275486208.000000,0.000800,0.000000,0.000000,0.000000,0.011000,0.000000,0.118800,0.000000,0.000000,0.000000,0.005600,0.000000
1371,2.190482,1.682901,1.598000,1.499400,1148.000000,644843316.000000,1140539392.000000,252489728.000000,1275494400.000000,0.000700,0.000000,0.000000,0.000000,0.010100,0.000000,0.108100,0.000000,0.000000,0.000000,0.006700,0.000000
1372,2.191814,1.369395,1.447100,1.274300,1148.000000,644843340.000000,1140539392.000000,252489728.000000,1275494400.000000,0.000600,0.000000,0.000000,0.000000,0.011700,0.000000,0.126200,0.000000,0.000000,0.000000,0.004200,0.000000
1373,2.193263,1.430704,1.358200,1.262200,1148.000000,644843364.000000,1140539392.000000,252489728.000000,1275494400.000000,0.000800,0.000000,0.000000,0.000000,0.010100,0.000000,0.153100,0.000000,0.000000,0.000000,0.003500,0.000000
1374,2.194561,1.319395,1.383900,1.219500,1148.000000,644843812.000000,1140539392.000000,252489728.000000,1275494400.000000,0.000700,0.000000,0.000000,0.000000,0.009100,0.000000,0.013200,0.000000,0.000000,0.000000,0.006100,0.000000
1375,2.196104,1.464902,1.413200,1.314800,1148.000000,644843420.000000,1140539392.000000,252489728.000000,1275494400.000000,0.000700,0.000000,0.000000,0.000000,0.008800,0.000000,0.110600,0.000000,0.000000,0.000000,0.003200,0.000000
1376,2.197394,1.365802,1.387400,1.247300,1148.000000,644843900.000000,1140539392.000000,252489728.000000,1275494400.000000,0.000900,0.000000,0.000000,0.000000,0.014100,0.000000,0.083600,0.000000,0.000000,0.000000,0.005600,0.000000
1377,2.201167,3.731200,3.733700,3.607200,1148.000000,644852569.000000,1140539392.000000,252489728.000000,1275494400.000000,3.192400,0.051100,0.016200,3.059200,0.010500,0.025600,0.011400,0.000700,0.000500,0.021100,0.003400,0.000000
1378,2.202453,1.327395,1.349700,1.234500,1148.000000,644847716.000000,1140539392.000000,252489728.000000,1275494400.000000,0.000700,0.000000,0.000000,0.000000,0.012700,0.000000,0.130700,0.000000,0.000000,0.000000,0.003700,0.000000
1379,2.203670,1.219005,1.221500,1.134400,1148.000000,644913276.000000,1140539392.000000,252489728.000000,1275494400.000000,0.000800,0.000000,0.000000,0.000000,0.010300,0.000000,0.091700,0.000000,0.000000,0.000000,0.003200,0.000000
1380,2.204982,1.338202,1.342000,1.257500,1148.000000,644851860.000000,1140539392.000000,252489728.000000,1275559936.000000,0.000700,0.000000,0.000000,0.000000,0.009000,0.000000,0.104000,0.000000,0.000000,0.000000,0.003100,0.000000
1381,2.206520,1.509297,1.495400,1.412000,1148.000000,644851388.000000,1140539392.000000,252489728.000000,1275559936.000000,0.000600,0.000000,0.000000,0.000000,0.008100,0.000000,0.165000,0.000000,0.000000,0.000000,0.002600,0.000000
1382,2.207871,1.381803,1.386000,1.296100,1148.000000,644857700.000000,1140539392.000000,252489728.000000,1275559936.000000,0.000700,0.000000,0.000000,0.000000,0.010400,0.000000,0.116800,0.000000,0.000000,0.000000,0.003600,0.000000
1383,2.209226,1.348399,1.345200,1.260000,1148.000000,644855532.000000,1140539392.000000,252489728.000000,1275559936.000000,0.000600,0.000000,0.000000,0.000000,0.007200,0.000000,0.140600,0.000000,0.000000,0.000000,0.002700,0.000000
1384,2.210660,1.432100,1.398500,1.312700,1148.000000,644855980.000000,1140539392.000000,252489728.000000,1275559936.000000,0.000600,0.000000,0.000000,0.000000,0.009400,0.000000,0.116300,0.000000,0.000000,0.000000,0.002900,0.000000
1385,2.212093,1.437996,1.464700,1.350300,1148.000000,644855604.000000,1140539392.000000,252489728.000000,1275559936.000000,0.000600,0.000000,0.000000,0.000000,0.008100,0.000000,0.085800,0.000000,0.000000,0.000000,0.003900,0.000000
1386,2.213367,1.274100,1.276400,1.189400,1148.000000,644855604.000000,1140539392.000000,252489728.000000,1275559936.000000,0.000700,0.000000,0.000000,0.000000,0.009200,0.000000,0.104700,0.000000,0.000000,0.000000,0.003000,0.000000
1387,2.217428,4.019402,3.990000,3.903800,1148.000000,644859449.000000,1140539392.000000,252489728.000000,1275559936.000000,3.529200,0.046900,0.014200,3.412200,0.009000,0.021800,0.010800,0.000500,0.000700,0.017600,0.002800,0.000000
1388,2.218776,1.362500,1.370900,1.262700,1148.000000,644860316.000000,1140539392.000000,252489728.000000,1275559936.000000,0.000800,0.000000,0.000000,0.000000,0.012200,0.000000,0.122800,0.000000,0.000000,0.000000,0.003200,0.000000
1389,2.220107,1.319997,1.325600,1.231000,1148.000000,644860348.000000,1140539392.000000,252489728.000000,1275559936.000000,0.000700,0.000000,0.000000,0.000000,0.010300,0.000000,0.114100,0.000000,0.000000,0.000000,0.003400,0.000000
1390,2.221591,1.496400,1.482400,1.383500,1148.000000,644860740.000000,1140539392.000000,252489728.000000,1275559936.000000,0.000800,0.000000,0.000000,0.000000,0.009000,0.000000,0.219300,0.000000,0.000000,0.000000,0.003300,0.000000
1391,2.222841,1.254904,1.259000,1.163300,1148.000000,644859460.000000,1140539392.000000,252489728.000000,1275559936.000000,0.000700,0.000000,0.000000,0.000000,0.010400,0.000000,0.022600,0.000000,0.000000,0.000000,0.003800,0.000000
1392,2.225466,2.620897,2.610900,2.514200,1148.000000,644856846.000000,1140539392.000000,252489728.000000,1275559936.000000,0.000700,0.000000,0.000000,0.000000,0.009700,0.000000,0.014900,0.000000,0.000000,0.000000,0.003300,0.000000
1393,2.226010,0.535799,0.526800,0.375300,1148.000000,644867700.000000,1140539392.000000,252489728.000000,1275559936.000000,0.001000,0.000000,0.000000,0.000000,0.012200,0.000000,0.012400,0.000000,0.000000,0.000000,0.003500,0.000000
1394,2.227250,1.265505,1.285800,1.184000,1148.000000,644867724.000000,1140539392.000000,252489728.000000,1275559936.000000,0.000700,0.000000,0.000000,0.000000,0.010200,0.000000,0.110300,0.000000,0.000000,0.000000,0.003600,0.000000
1395,2.228546,1.282497,1.274300,1.191200,1148.000000,644867748.000000,1140539392.000000,252489728.000000,1275559936.000000,0.000700,0.000000,0.000000,0.000000,0.009400,0.000000,0.103400,0.000000,0.000000,0.000000,0.003000,0.000000
1396,2.230121,1.578798,1.570600,1.481300,1148.000000,644867772.000000,1140539392.000000,252489728.000000,1275559936.000000,0.000700,0.000000,0.000000,0.000000,0.009900,0.000000,0.262300,0.000000,0.000000,0.000000,0.003600,0.000000
1397,2.233768,3.651006,3.646400,3.552900,1148.000000,644871977.000000,1140539392.000000,252489728.000000,1275559936.000000,3.186700,0.048600,0.015000,3.072600,0.010200,0.020700,0.010200,0.000500,0.000700,0.013400,0.003300,0.000000
1398,2.235064,1.310098,1.317400,1.226100,1148.000000,644871052.000000,1140539392.000000,252489728.000000,1275559936.000000,0.000700,0.000000,0.000000,0.000000,0.010400,0.000000,0.105700,0.000000,0.000000,0.000000,0.002700,0.000000
1399,2.236510,1.445096,1.431000,1.346500,1148.000000,644873004.000000,1140539392.000000,252489728.000000,1275559936.000000,0.000700,0.000000,0.000000,0.000000,0.008400,0.000000,0.096500,0.000000,0.000000,0.000000,0.002600,0.000000
1400,2.238847,2.313400,1.335200,1.241200,1200.000000,644873004.000000,1140539392.000000,252489728.000000,1275559936.000000,0.000700,0.000000,0.000000,0.000000,0.008900,0.000000,0.102300,0.000000,0.000000,0.000000,0.002600,0.000000
1401,2.240733,1.822803,2.794100,1.722600,1148.000000,644867127.000000,1140539392.000000,252489728.000000,1275559936.000000,0.000700,0.000000,0.000000,0.000000,0.007600,0.000000,0.024300,0.000000,0.000000,0.000000,0.003100,0.000000
1402,2.241254,0.586798,0.554000,0.458000,1148.000000,644874498.000000,1140539392.000000,252489728.000000,1275559936.000000,0.000700,0.000000,0.000000,0.000000,0.009400,0.000000,0.013900,0.000000,0.000000,0.000000,0.006400,0.000000
1403,2.242375,1.159099,1.201600,1.079400,1148.000000,644872060.000000,1140539392.000000,252489728.000000,1275559936.000000,0.000700,0.000000,0.000000,0.000000,0.009200,0.000000,0.053100,0.000000,0.000000,0.000000,0.003800,0.000000
1404,2.243790,1.226899,1.224900,1.144500,1148.000000,644872092.000000,1140539392.000000,252489728.000000,1275559936.000000,0.000600,0.000000,0.000000,0.000000,0.006600,0.000000,0.067600,0.000000,0.000000,0.000000,0.002800,0.000000
1405,2.245255,1.598902,1.567400,1.482300,1148.000000,644876668.000000,1140539392.000000,252489728.000000,1275559936.000000,0.000900,0.000000,0.000000,0.000000,0.007000,0.000000,0.121400,0.000000,0.000000,0.000000,0.008900,0.000000
1406,2.246682,1.435105,1.447300,1.337300,1148.000000,644880364.000000,1140539392.000000,252489728.000000,1275559936.000000,0.000700,0.000000,0.000000,0.000000,0.010900,0.000000,0.110100,0.000000,0.000000,0.000000,0.003700,0.000000
1407,2.250951,4.241100,4.203500,4.104800,1148.000000,644883346.000000,1140539392.000000,252489728.000000,1275559936.000000,3.695100,0.049600,0.015500,3.572700,0.010500,0.022200,0.010500,0.000700,0.000600,0.017500,0.003300,0.000000
1408,2.252157,1.248696,1.292200,1.165800,1148.000000,644880652.000000,1140539392.000000,252489728.000000,1275559936.000000,0.000700,0.000000,0.000000,0.000000,0.012500,0.000000,0.118600,0.000000,0.000000,0.000000,0.003400,0.000000
1409,2.253614,1.348902,1.326900,1.225100,1148.000000,644880164.000000,1140539392.000000,252489728.000000,1275559936.000000,0.000700,0.000000,0.000000,0.000000,0.009400,0.000000,0.124500,0.000000,0.000000,0.000000,0.003300,0.000000
1410,2.254904,1.346095,1.346800,1.247500,1148.000000,644884716.000000,1140539392.000000,252489728.000000,1275559936.000000,0.000700,0.000000,0.000000,0.000000,0.010300,0.000000,0.019900,0.000000,0.000000,0.000000,0.005000,0.000000
1411,2.256155,1.256505,1.259100,1.161600,1148.000000,644888276.000000,1140539392.000000,252489728.000000,1275559936.000000,0.000700,0.000000,0.000000,0.000000,0.009900,0.000000,0.064900,0.000000,0.000000,0.000000,0.004600,0.000000
1412,2.257514,1.413896,1.351000,1.257400,1148.000000,644888300.000000,1140539392.000000,252489728.000000,1275559936.000000,0.000800,0.000000,0.000000,0.000000,0.010100,0.000000,0.114800,0.000000,0.000000,0.000000,0.003300,0.000000
1413,2.258716,1.208000,1.278900,1.129800,1148.000000,644888324.000000,1140539392.000000,252489728.000000,1275559936.000000,0.000700,0.000000,0.000000,0.000000,0.008600,0.000000,0.089100,0.000000,0.000000,0.000000,0.003400,0.000000
1414,2.260140,1.407100,1.390100,1.313800,1148.000000,644890564.000000,1140539392.000000,252489728.000000,1275559936.000000,0.000700,0.000000,0.000000,0.000000,0.011400,0.000000,0.107000,0.000000,0.000000,0.000000,0.002900,0.000000
1415,2.261691,1.540299,1.518400,1.434700,1148.000000,644888372.000000,1140539392.000000,252489728.000000,1275559936.000000,0.000600,0.000000,0.000000,0.000000,0.008200,0.000000,0.085600,0.000000,0.000000,0.000000,0.003000,0.000000
1416,2.262988,1.319600,1.333400,1.235600,1148.000000,644892492.000000,1140539392.000000,252489728.000000,1275559936.000000,0.000600,0.000000,0.000000,0.000000,0.010600,0.000000,0.076600,0.000000,0.000000,0.000000,0.003100,0.000000
1417,2.265046,1.918800,1.326300,1.242800,1148.000000,644892516.000000,1140539392.000000,252489728.000000,1275559936.000000,0.000700,0.000000,0.000000,0.000000,0.008700,0.000000,0.103100,0.000000,0.000000,0.000000,0.002800,0.000000
1418,2.268263,3.340901,3.913600,3.245700,1148.000000,644901218.000000,1140539392.000000,252489728.000000,1275584512.000000,2.740000,0.047300,0.017900,2.601300,0.011600,0.022000,0.011400,0.000900,0.000500,0.034200,0.004000,0.000000
1419,2.269673,1.399405,1.397300,1.299100,1148.000000,644898549.000000,1140539392.000000,252489728.000000,1275584512.000000,0.000600,0.000000,0.000000,0.000000,0.011700,0.000000,0.113200,0.000000,0.000000,0.000000,0.003400,0.000000
1420,2.270988,1.342099,1.351700,1.256600,1148.000000,644897893.000000,1140539392.000000,252489728.000000,1275584512.000000,0.000600,0.000000,0.000000,0.000000,0.010400,0.000000,0.065900,0.000000,0.000000,0.000000,0.003400,0.000000
1421,2.272198,1.228798,1.233100,1.151400,1148.000000,644902069.000000,1140539392.000000,252489728.000000,1275584512.000000,0.000700,0.000000,0.000000,0.000000,0.008000,0.000000,0.080000,0.000000,0.000000,0.000000,0.002800,0.000000
1422,2.273422,1.229301,1.229000,1.154600,1148.000000,644901565.000000,1140539392.000000,252489728.000000,1275584512.000000,0.000600,0.000000,0.000000,0.000000,0.006700,0.000000,0.080200,0.000000,0.000000,0.000000,0.002500,0.000000
1423,2.275129,1.605095,1.554300,1.468300,1148.000000,644901173.000000,1140539392.000000,252489728.000000,1275584512.000000,0.000700,0.000000,0.000000,0.000000,0.007600,0.000000,0.254500,0.000000,0.000000,0.000000,0.002500,0.000000
1424,2.276406,1.292800,1.287300,1.167600,1148.000000,644901757.000000,1140539392.000000,252489728.000000,1275584512.000000,0.000800,0.000000,0.000000,0.000000,0.013900,0.000000,0.080400,0.000000,0.000000,0.000000,0.005100,0.000000
1425,2.277623,1.261402,1.295800,1.176000,1148.000000,644901365.000000,1140539392.000000,252489728.000000,1275584512.000000,0.000800,0.000000,0.000000,0.000000,0.012700,0.000000,0.090800,0.000000,0.000000,0.000000,0.004900,0.000000
1426,2.279006,1.397902,1.324400,1.241100,1148.000000,644901397.000000,1140539392.000000,252489728.000000,1275584512.000000,0.001000,0.000000,0.000000,0.000000,0.010000,0.000000,0.183400,0.000000,0.000000,0.000000,0.003400,0.000000
1427,2.280450,1.282802,1.352900,1.195700,1148.000000,644905525.000000,1140539392.000000,252489728.000000,1275584512.000000,0.000700,0.000000,0.000000,0.000000,0.008700,0.000000,0.113200,0.000000,0.000000,0.000000,0.002800,0.000000
1428,2.284827,3.542793,3.535700,3.448400,1148.000000,644909914.000000,1140539392.000000,252489728.000000,1275584512.000000,2.941700,0.049100,0.017900,2.830700,0.008000,0.016200,0.010300,0.000600,0.000600,0.012900,0.004500,0.000000
1429,2.285565,1.472704,1.469700,1.378600,1148.000000,644906757.000000,1140539392.000000,252489728.000000,1275584512.000000,0.000800,0.000000,0.000000,0.000000,0.010200,0.000000,0.023900,0.000000,0.000000,0.000000,0.004900,0.000000
1430,2.286754,1.366497,1.320800,1.231200,1148.000000,644909589.000000,1140539392.000000,252489728.000000,1275584512.000000,0.000700,0.000000,0.000000,0.000000,0.012900,0.000000,0.021200,0.000000,0.000000,0.000000,0.003000,0.000000
1431,2.287844,1.178501,1.230000,1.150800,1148.000000,644911517.000000,1140539392.000000,252489728.000000,1275584512.000000,0.000800,0.000000,0.000000,0.000000,0.013700,0.000000,0.050600,0.000000,0.000000,0.000000,0.005100,0.000000
1432,2.289398,1.483801,1.411200,1.330800,1148.000000,644910805.000000,1140539392.000000,252489728.000000,1275584512.000000,0.000700,0.000000,0.000000,0.000000,0.008600,0.000000,0.085700,0.000000,0.000000,0.000000,0.002800,0.000000
1433,2.290605,1.270302,1.332500,1.185600,1148.000000,644914933.000000,1140539392.000000,252489728.000000,1275584512.000000,0.001800,0.000000,0.000000,0.000000,0.010200,0.000000,0.103500,0.000000,0.000000,0.000000,0.006800,0.000000
1434,2.291828,1.222598,1.223200,1.140100,1148.000000,644915413.000000,1140539392.000000,252489728.000000,1275584512.000000,0.000700,0.000000,0.000000,0.000000,0.009200,0.000000,0.071100,0.000000,0.000000,0.000000,0.002900,0.000000
1435,2.293002,1.196903,1.197700,1.119000,1148.000000,644914589.000000,1140539392.000000,252489728.000000,1275584512.000000,0.000800,0.000000,0.000000,0.000000,0.008400,0.000000,0.082700,0.000000,0.000000,0.000000,0.003100,0.000000
1436,2.294303,1.296896,1.286800,1.209200,1148.000000,644914613.000000,1140539392.000000,252489728.000000,1275584512.000000,0.000700,0.000000,0.000000,0.000000,0.007800,0.000000,0.117100,0.000000,0.000000,0.000000,0.002800,0.000000
1437,2.295910,1.550801,1.538100,1.451800,1148.000000,644914637.000000,1140539392.000000,252489728.000000,1275584512.000000,0.000700,0.000000,0.000000,0.000000,0.007600,0.000000,0.250400,0.000000,0.000000,0.000000,0.002700,0.000000
1438,2.297140,1.255598,1.259300,1.165300,1148.000000,644919749.000000,1140539392.000000,252489728.000000,1275650048.000000,0.000700,0.000000,0.000000,0.000000,0.010200,0.000000,0.118400,0.000000,0.000000,0.000000,0.003500,0.000000
1439,2.300750,3.578104,3.568200,3.477400,1148.000000,644922563.000000,1140539392.000000,252489728.000000,1275650048.000000,3.075600,0.049300,0.015400,2.963600,0.009400,0.016800,0.011800,0.000600,0.000500,0.015500,0.003500,0.000000
1440,2.301980,1.280102,1.278100,1.184400,1148.000000,644919797.000000,1140539392.000000,252489728.000000,1275650048.000000,0.000700,0.000000,0.000000,0.000000,0.011000,0.000000,0.113700,0.000000,0.000000,0.000000,0.003500,0.000000
1441,2.303299,1.304294,1.304900,1.208700,1148.000000,644919821.000000,1140539392.000000,252489728.000000,1275650048.000000,0.000700,0.000000,0.000000,0.000000,0.009000,0.000000,0.131700,0.000000,0.000000,0.000000,0.002800,0.000000
1442,2.304541,1.271804,1.276300,1.187100,1148.000000,644919861.000000,1140539392.000000,252489728.000000,1275654144.000000,0.000800,0.000000,0.000000,0.000000,0.010100,0.000000,0.106100,0.000000,0.000000,0.000000,0.003100,0.000000
1443,2.306062,1.480400,1.465800,1.380100,1148.000000,644919109.000000,1140539392.000000,252489728.000000,1275654144.000000,0.000900,0.000000,0.000000,0.000000,0.007700,0.000000,0.127500,0.000000,0.000000,0.000000,0.003400,0.000000
1444,2.307318,1.276701,1.288600,1.194100,1148.000000,644927301.000000,1140539392.000000,252489728.000000,1275654144.000000,0.000700,0.000000,0.000000,0.000000,0.010400,0.000000,0.079500,0.000000,0.000000,0.000000,0.003500,0.000000
1445,2.308606,1.300298,1.296100,1.215200,1148.000000,644927325.000000,1140539392.000000,252489728.000000,1275654144.000000,0.000800,0.000000,0.000000,0.000000,0.009200,0.000000,0.096700,0.000000,0.000000,0.000000,0.003000,0.000000
1446,2.310024,1.421599,1.420500,1.339400,1148.000000,644929541.000000,1140539392.000000,252489728.000000,1275654144.000000,0.000800,0.000000,0.000000,0.000000,0.007000,0.000000,0.098000,0.000000,0.000000,0.000000,0.002700,0.000000
1447,2.311409,1.388903,1.383400,1.303800,1148.000000,644927373.000000,1140539392.000000,252489728.000000,1275654144.000000,0.000500,0.000000,0.000000,0.000000,0.007700,0.000000,0.124800,0.000000,0.000000,0.000000,0.002800,0.000000
1448,2.312638,1.227296,1.230700,1.149000,1148.000000,644927405.000000,1140539392.000000,252489728.000000,1275654144.000000,0.000700,0.000000,0.000000,0.000000,0.006500,0.000000,0.080700,0.000000,0.000000,0.000000,0.002700,0.000000
1449,2.314053,1.383702,1.375000,1.295200,1148.000000,644931981.000000,1140539392.000000,252489728.000000,1275654144.000000,0.000600,0.000000,0.000000,0.000000,0.006700,0.000000,0.194200,0.000000,0.000000,0.000000,0.002500,0.000000
1450,2.318003,3.947201,3.921700,3.834300,1148.000000,644935746.000000,1140539392.000000,252489728.000000,1275658240.000000,3.451500,0.048600,0.014800,3.338700,0.010300,0.019100,0.012000,0.000600,0.000500,0.015300,0.003200,0.000000
1451,2.319607,1.352402,1.358000,1.249600,1148.000000,644932357.000000,1140539392.000000,252489728.000000,1275658240.000000,0.000600,0.000000,0.000000,0.000000,0.011200,0.000000,0.103400,0.000000,0.000000,0.000000,0.002600,0.000000
1452,2.320660,1.298597,1.307700,1.208900,1148.000000,644932381.000000,1140539392.000000,252489728.000000,1275658240.000000,0.000800,0.000000,0.000000,0.000000,0.232700,0.000000,0.058600,0.000000,0.000000,0.000000,0.004100,0.000000
1453,2.321854,1.208503,1.203400,1.115900,1148.000000,644932405.000000,1140539392.000000,252489728.000000,1275658240.000000,0.000800,0.000000,0.000000,0.000000,0.009500,0.000000,0.033600,0.000000,0.000000,0.000000,0.002800,0.000000
1454,2.323190,1.280995,1.234900,1.141000,1148.000000,644931637.000000,1140539392.000000,252489728.000000,1275658240.000000,0.000700,0.000000,0.000000,0.000000,0.009400,0.000000,0.062600,0.000000,0.000000,0.000000,0.002900,0.000000
1455,2.325571,2.429500,2.421700,2.287600,1148.000000,644933207.000000,1140539392.000000,252489728.000000,1275658240.000000,0.000800,0.000000,0.000000,0.000000,0.012900,0.000000,0.043600,0.000000,0.000000,0.000000,0.005200,0.000000
1456,2.326295,0.607703,0.642700,0.509900,1148.000000,644935357.000000,1140539392.000000,252489728.000000,1275658240.000000,0.000700,0.000000,0.000000,0.000000,0.009700,0.000000,0.034400,0.000000,0.000000,0.000000,0.004000,0.000000
1457,2.327310,1.114201,1.127300,1.031700,1148.000000,644939989.000000,1140539392.000000,252489728.000000,1275658240.000000,0.000800,0.000000,0.000000,0.000000,0.010000,0.000000,0.049600,0.000000,0.000000,0.000000,0.003500,0.000000
1458,2.328654,1.270203,1.265300,1.183600,1148.000000,644940037.000000,1140539392.000000,252489728.000000,1275662336.000000,0.000800,0.000000,0.000000,0.000000,0.007300,0.000000,0.076500,0.000000,0.000000,0.000000,0.005300,0.000000
1459,2.330153,1.585098,1.573900,1.488300,1148.000000,644939525.000000,1140539392.000000,252489728.000000,1275662336.000000,0.001100,0.000000,0.000000,0.000000,0.014000,0.000000,0.084000,0.000000,0.000000,0.000000,0.738200,0.000000
1460,2.334327,3.509999,3.450700,3.360100,1148.000000,644943714.000000,1140539392.000000,252489728.000000,1275621376.000000,2.996400,0.047400,0.017100,2.883700,0.010400,0.019200,0.011600,0.000600,0.000600,0.013700,0.003200,0.000000
1461,2.335167,1.527601,1.593600,1.451600,1148.000000,644944581.000000,1140539392.000000,252489728.000000,1275621376.000000,0.000800,0.000000,0.000000,0.000000,0.029500,0.000000,0.195400,0.000000,0.000000,0.000000,0.008000,0.000000
1462,2.336374,1.232802,1.233200,1.156100,1148.000000,644946813.000000,1140539392.000000,252489728.000000,1275621376.000000,0.000700,0.000000,0.000000,0.000000,0.008500,0.000000,0.079800,0.000000,0.000000,0.000000,0.003200,0.000000
1463,2.337571,1.197598,1.197600,1.123800,1148.000000,644947850.000000,1140539392.000000,252489728.000000,1275621376.000000,0.000700,0.000000,0.000000,0.000000,0.006200,0.000000,0.076500,0.000000,0.000000,0.000000,0.002600,0.000000
1464,2.338848,1.282398,1.279300,1.207700,1148.000000,644943813.000000,1140539392.000000,252489728.000000,1275621376.000000,0.000700,0.000000,0.000000,0.000000,0.007200,0.000000,0.127700,0.000000,0.000000,0.000000,0.002600,0.000000
1465,2.341071,2.051304,1.467100,1.371200,1148.000000,644942909.000000,1140539392.000000,252489728.000000,1275621376.000000,0.000600,0.000000,0.000000,0.000000,0.006400,0.000000,0.160000,0.000000,0.000000,0.000000,0.002800,0.000000
1466,2.341500,0.578897,1.151000,0.502100,1148.000000,644947541.000000,1140539392.000000,252489728.000000,1275625472.000000,0.000700,0.000000,0.000000,0.000000,0.013800,0.000000,0.011300,0.000000,0.000000,0.000000,0.005400,0.000000
1467,2.342850,1.331704,1.328100,1.244400,1148.000000,644950027.000000,1140539392.000000,252489728.000000,1275625472.000000,0.000600,0.000000,0.000000,0.000000,0.007600,0.000000,0.120100,0.000000,0.000000,0.000000,0.002600,0.000000
1468,2.344195,1.358801,1.353500,1.270600,1148.000000,644947589.000000,1140539392.000000,252489728.000000,1275625472.000000,0.000700,0.000000,0.000000,0.000000,0.009300,0.000000,0.147500,0.000000,0.000000,0.000000,0.003400,0.000000
1469,2.345748,1.525694,1.517200,1.427800,1148.000000,644954171.000000,1140539392.000000,252489728.000000,1275625472.000000,0.000700,0.000000,0.000000,0.000000,0.007600,0.000000,0.209000,0.000000,0.000000,0.000000,0.002800,0.000000
1470,2.347069,1.339201,1.340500,1.248300,1148.000000,644952157.000000,1140539392.000000,252489728.000000,1275625472.000000,0.000700,0.000000,0.000000,0.000000,0.010600,0.000000,0.083100,0.000000,0.000000,0.000000,0.003400,0.000000
1471,2.350792,3.692900,3.671600,3.578400,1148.000000,644955667.000000,1140539392.000000,252489728.000000,1275625472.000000,3.198700,0.050100,0.015000,3.078100,0.010100,0.019800,0.010600,0.000600,0.000600,0.020300,0.002800,0.000000
1472,2.351937,1.193304,1.215900,1.113000,1148.000000,644956909.000000,1140539392.000000,252489728.000000,1275625472.000000,0.000600,0.000000,0.000000,0.000000,0.012200,0.000000,0.072000,0.000000,0.000000,0.000000,0.003200,0.000000
1473,2.353124,1.197598,1.188100,1.108900,1148.000000,644956909.000000,1140539392.000000,252489728.000000,1275625472.000000,0.000700,0.000000,0.000000,0.000000,0.008300,0.000000,0.077800,0.000000,0.000000,0.000000,0.002500,0.000000
1474,2.354462,1.293204,1.265200,1.176800,1148.000000,644956933.000000,1140539392.000000,252489728.000000,1275625472.000000,0.000700,0.000000,0.000000,0.000000,0.008000,0.000000,0.093500,0.000000,0.000000,0.000000,0.002600,0.000000
1475,2.355699,1.277197,1.307900,1.198000,1148.000000,644956029.000000,1140539392.000000,252489728.000000,1275625472.000000,0.000700,0.000000,0.000000,0.000000,0.010100,0.000000,0.065200,0.000000,0.000000,0.000000,0.003700,0.000000
1476,2.356902,1.210601,1.214400,1.135900,1148.000000,644956053.000000,1140539392.000000,252489728.000000,1275625472.000000,0.000700,0.000000,0.000000,0.000000,0.006100,0.000000,0.077200,0.000000,0.000000,0.000000,0.002600,0.000000
1477,2.358199,1.296301,1.292300,1.220400,1148.000000,644960189.000000,1140539392.000000,252489728.000000,1275625472.000000,0.000500,0.000000,0.000000,0.000000,0.006000,0.000000,0.122300,0.000000,0.000000,0.000000,0.002400,0.000000
1478,2.359528,1.321896,1.315300,1.240300,1148.000000,644963757.000000,1140539392.000000,252489728.000000,1275625472.000000,0.000700,0.000000,0.000000,0.000000,0.006300,0.000000,0.122400,0.000000,0.000000,0.000000,0.002500,0.000000
1479,2.361066,1.512202,1.507900,1.427200,1148.000000,644960293.000000,1140539392.000000,252489728.000000,1275625472.000000,0.000700,0.000000,0.000000,0.000000,0.008300,0.000000,0.115600,0.000000,0.000000,0.000000,0.002700,0.000000
1480,2.362346,1.306399,1.305900,1.223900,1148.000000,644960317.000000,1140539392.000000,252489728.000000,1275625472.000000,0.000600,0.000000,0.000000,0.000000,0.007900,0.000000,0.135700,0.000000,0.000000,0.000000,0.002800,0.000000
1481,2.363596,1.253401,1.255400,1.178400,1148.000000,644960341.000000,1140539392.000000,252489728.000000,1275625472.000000,0.000700,0.000000,0.000000,0.000000,0.006700,0.000000,0.075100,0.000000,0.000000,0.000000,0.002500,0.000000
1482,2.367259,3.641801,3.623700,3.547400,1148.000000,644973522.000000,1140539392.000000,252489728.000000,1275625472.000000,3.241600,0.059200,0.015600,3.113700,0.006200,0.023000,0.009200,0.000600,0.000600,0.013700,0.002400,0.000000
1483,2.368732,1.442999,1.426700,1.326800,1148.000000,644974069.000000,1140539392.000000,252489728.000000,1275625472.000000,0.000600,0.000000,0.000000,0.000000,0.009900,0.000000,0.099000,0.000000,0.000000,0.000000,0.002700,0.000000
1484,2.370124,1.401899,1.414700,1.312600,1148.000000,644974605.000000,1140539392.000000,252489728.000000,1275625472.000000,0.000700,0.000000,0.000000,0.000000,0.011600,0.000000,0.093200,0.000000,0.000000,0.000000,0.003700,0.000000
1485,2.371371,1.271202,1.276300,1.187900,1148.000000,644974629.000000,1140539392.000000,252489728.000000,1275625472.000000,0.000700,0.000000,0.000000,0.000000,0.010100,0.000000,0.067300,0.000000,0.000000,0.000000,0.003300,0.000000
1486,2.372647,1.284595,1.282500,1.201700,1148.000000,644969925.000000,1140539392.000000,252489728.000000,1275625472.000000,0.000600,0.000000,0.000000,0.000000,0.006600,0.000000,0.087800,0.000000,0.000000,0.000000,0.002200,0.000000
1487,2.374037,1.366100,1.355100,1.272700,1148.000000,644969533.000000,1140539392.000000,252489728.000000,1275625472.000000,0.000600,0.000000,0.000000,0.000000,0.007600,0.000000,0.145600,0.000000,0.000000,0.000000,0.002600,0.000000
1488,2.375494,1.461706,1.456800,1.366700,1148.000000,644969549.000000,1140539392.000000,252489728.000000,1275625472.000000,0.000800,0.000000,0.000000,0.000000,0.009700,0.000000,0.118700,0.000000,0.000000,0.000000,0.003200,0.000000
1489,2.376760,1.282497,1.289800,1.199300,1148.000000,644973669.000000,1140539392.000000,252489728.000000,1275625472.000000,0.000800,0.000000,0.000000,0.000000,0.007900,0.000000,0.079100,0.000000,0.000000,0.000000,0.003400,0.000000
1490,2.378064,1.242099,1.238100,1.157200,1148.000000,644973693.000000,1140539392.000000,252489728.000000,1275625472.000000,0.000700,0.000000,0.000000,0.000000,0.007200,0.000000,0.061400,0.000000,0.000000,0.000000,0.002800,0.000000
1491,2.379529,1.491100,1.470900,1.368200,1148.000000,644971534.000000,1140539392.000000,252489728.000000,1275625472.000000,0.000900,0.000000,0.000000,0.000000,0.007100,0.000000,0.139200,0.000000,0.000000,0.000000,0.008200,0.000000
1492,2.381037,1.431803,1.373200,1.275300,1148.000000,644974181.000000,1140539392.000000,252489728.000000,1275625472.000000,0.000600,0.000000,0.000000,0.000000,0.010300,0.000000,0.143900,0.000000,0.000000,0.000000,0.003800,0.000000
1493,2.385105,4.082100,4.135400,3.984900,1148.000000,644977474.000000,1140539392.000000,252489728.000000,1275625472.000000,3.498500,0.053400,0.018100,3.371000,0.013300,0.021500,0.011200,0.000700,0.000600,0.016600,0.005400,0.000000
1494,2.386364,1.328097,1.330200,1.232300,1148.000000,644979973.000000,1140539392.000000,252489728.000000,1275625472.000000,0.000800,0.000000,0.000000,0.000000,0.011400,0.000000,0.050000,0.000000,0.000000,0.000000,0.007700,0.000000
1495,2.387572,1.235601,1.235100,1.142400,1148.000000,644981901.000000,1140539392.000000,252489728.000000,1275625472.000000,0.000700,0.000000,0.000000,0.000000,0.009600,0.000000,0.077900,0.000000,0.000000,0.000000,0.003500,0.000000
1496,2.388876,1.278203,1.277700,1.182700,1148.000000,644986021.000000,1140539392.000000,252489728.000000,1275691008.000000,0.000800,0.000000,0.000000,0.000000,0.008200,0.000000,0.105900,0.000000,0.000000,0.000000,0.002600,0.000000
1497,2.390308,1.420401,1.419000,1.327600,1148.000000,644985789.000000,1140539392.000000,252489728.000000,1275691008.000000,0.000700,0.000000,0.000000,0.000000,0.009100,0.000000,0.086200,0.000000,0.000000,0.000000,0.003400,0.000000
1498,2.391637,1.355598,1.356700,1.268900,1148.000000,644985813.000000,1140539392.000000,252489728.000000,1275691008.000000,0.000800,0.000000,0.000000,0.000000,0.009700,0.000000,0.086300,0.000000,0.000000,0.000000,0.004400,0.000000
1499,2.392825,1.211402,1.213500,1.130100,1148.000000,644985837.000000,1140539392.000000,252489728.000000,1275691008.000000,0.000700,0.000000,0.000000,0.000000,0.009600,0.000000,0.072400,0.000000,0.000000,0.000000,0.002600,0.000000
1500,2.394490,1.498299,1.420400,1.337900,1148.000000,644989957.000000,1140539392.000000,252489728.000000,1275691008.000000,0.000700,0.000000,0.000000,0.000000,0.006600,0.000000,0.112800,0.000000,0.000000,0.000000,0.002400,0.000000
1501,2.396160,1.724298,1.598000,1.444300,1148.000000,644989981.000000,1140539392.000000,252489728.000000,1275691008.000000,0.000900,0.000000,0.000000,0.000000,0.015300,0.000000,0.070900,0.000000,0.000000,0.000000,0.004800,0.000000
1502,2.397431,1.240802,1.355100,1.074400,1148.000000,644989925.000000,1140539392.000000,252489728.000000,1275691008.000000,0.000800,0.000000,0.000000,0.000000,0.014600,0.000000,0.145400,0.000000,0.000000,0.000000,0.005500,0.000000
1503,2.400777,3.418396,3.476900,3.320200,1148.000000,644993586.000000,1140539392.000000,252489728.000000,1275691008.000000,2.817800,0.050100,0.020300,2.692100,0.013600,0.022300,0.010100,0.000600,0.000700,0.014400,0.006800,0.000000
1504,2.401941,1.209602,1.223300,1.129200,1148.000000,644990805.000000,1140539392.000000,252489728.000000,1275691008.000000,0.000700,0.000000,0.000000,0.000000,0.011600,0.000000,0.077200,0.000000,0.000000,0.000000,0.003100,0.000000
1505,2.403167,1.238499,1.224400,1.144500,1148.000000,644994501.000000,1140539392.000000,252489728.000000,1275691008.000000,0.000600,0.000000,0.000000,0.000000,0.009200,0.000000,0.083200,0.000000,0.000000,0.000000,0.002700,0.000000
1506,2.404460,1.307200,1.316300,1.224200,1148.000000,644994541.000000,1140539392.000000,252489728.000000,1275695104.000000,0.000800,0.000000,0.000000,0.000000,0.008100,0.000000,0.129700,0.000000,0.000000,0.000000,0.002800,0.000000
1507,2.406012,1.510204,1.498100,1.414000,1148.000000,644994709.000000,1140539392.000000,252489728.000000,1275695104.000000,0.000700,0.000000,0.000000,0.000000,0.007800,0.000000,0.114200,0.000000,0.000000,0.000000,0.002800,0.000000
1508,2.407194,1.214399,1.220500,1.132200,1148.000000,644997981.000000,1140539392.000000,252489728.000000,1275695104.000000,0.000600,0.000000,0.000000,0.000000,0.010200,0.000000,0.078400,0.000000,0.000000,0.000000,0.003600,0.000000
1509,2.408555,1.352898,1.352000,1.271800,1148.000000,644998005.000000,1140539392.000000,252489728.000000,1275695104.000000,0.000700,0.000000,0.000000,0.000000,0.007400,0.000000,0.110200,0.000000,0.000000,0.000000,0.003000,0.000000
1510,2.410052,1.480102,1.471900,1.390600,1148.000000,645000245.000000,1140539392.000000,252489728.000000,1275695104.000000,0.000700,0.000000,0.000000,0.000000,0.008400,0.000000,0.141800,0.000000,0.000000,0.000000,0.002500,0.000000
1511,2.411409,1.386097,1.387500,1.302800,1148.000000,645002157.000000,1140539392.000000,252489728.000000,1275695104.000000,0.000700,0.000000,0.000000,0.000000,0.009600,0.000000,0.129400,0.000000,0.000000,0.000000,0.003000,0.000000
1512,2.412627,1.230201,1.234900,1.155300,1148.000000,645002173.000000,1140539392.000000,252489728.000000,1275695104.000000,0.000600,0.000000,0.000000,0.000000,0.006800,0.000000,0.078500,0.000000,0.000000,0.000000,0.002900,0.000000
1513,2.413914,1.285402,1.285500,1.212800,1148.000000,645002197.000000,1140539392.000000,252489728.000000,1275699200.000000,0.000500,0.000000,0.000000,0.000000,0.007600,0.000000,0.118300,0.000000,0.000000,0.000000,0.002300,0.000000
1514,2.417645,3.708794,3.692600,3.617400,1148.000000,645007913.000000,1140539392.000000,252489728.000000,1275699200.000000,3.320800,0.052400,0.013200,3.207900,0.006800,0.018800,0.009300,0.000500,0.000600,0.013500,0.002200,0.000000
1515,2.419188,1.499802,1.475800,1.380300,1148.000000,645002109.000000,1140539392.000000,252489728.000000,1275699200.000000,0.000500,0.000000,0.000000,0.000000,0.009600,0.000000,0.186700,0.000000,0.000000,0.000000,0.002700,0.000000
1516,2.420686,1.485303,1.440400,1.335000,1148.000000,645002085.000000,1140539392.000000,252489728.000000,1275645952.000000,0.000700,0.000000,0.000000,0.000000,0.011300,0.000000,0.134900,0.000000,0.000000,0.000000,0.003900,0.000000
1517,2.421881,1.241001,1.299600,1.151500,1148.000000,645006205.000000,1140539392.000000,252489728.000000,1275645952.000000,0.000800,0.000000,0.000000,0.000000,0.010500,0.000000,0.126800,0.000000,0.000000,0.000000,0.003500,0.000000
1518,2.423129,1.256200,1.257900,1.169400,1148.000000,645006725.000000,1140539392.000000,252489728.000000,1275645952.000000,0.000800,0.000000,0.000000,0.000000,0.008200,0.000000,0.084800,0.000000,0.000000,0.000000,0.003100,0.000000
1519,2.424423,1.301297,1.301400,1.217400,1148.000000,645005901.000000,1140539392.000000,252489728.000000,1275645952.000000,0.000600,0.000000,0.000000,0.000000,0.008800,0.000000,0.125400,0.000000,0.000000,0.000000,0.002500,0.000000
1520,2.426021,1.558900,1.537900,1.453000,1148.000000,645010021.000000,1140539392.000000,252489728.000000,1275645952.000000,0.000700,0.000000,0.000000,0.000000,0.006900,0.000000,0.125400,0.000000,0.000000,0.000000,0.002800,0.000000
1521,2.427302,1.278897,1.283700,1.182900,1148.000000,645010061.000000,1140539392.000000,252489728.000000,1275650048.000000,0.000800,0.000000,0.000000,0.000000,0.011200,0.000000,0.123800,0.000000,0.000000,0.000000,0.003800,0.000000
1522,2.429773,2.473101,1.433800,1.340700,1148.000000,645014629.000000,1140539392.000000,252489728.000000,1275650048.000000,0.000800,0.000000,0.000000,0.000000,0.009900,0.000000,0.179600,0.000000,0.000000,0.000000,0.003400,0.000000
1523,2.430830,0.828203,1.501300,1.361100,1148.000000,645016562.000000,1140539392.000000,252489728.000000,1275650048.000000,0.000600,0.000000,0.000000,0.000000,0.010500,0.000000,0.011900,0.000000,0.000000,0.000000,0.003400,0.000000
1524,2.433966,3.375999,3.727500,3.282100,1148.000000,645019457.000000,1140539392.000000,252489728.000000,1275650048.000000,2.641700,0.108500,0.021300,2.452500,0.014400,0.022000,0.010500,0.000700,0.000600,0.017200,0.006400,0.000000
1525,2.435518,1.562401,1.570900,1.471800,1148.000000,645014285.000000,1140539392.000000,252489728.000000,1275650048.000000,0.000700,0.000000,0.000000,0.000000,0.009800,0.000000,0.116500,0.000000,0.000000,0.000000,0.003000,0.000000
1526,2.436818,1.311295,1.300100,1.213600,1148.000000,645016501.000000,1140539392.000000,252489728.000000,1275650048.000000,0.000800,0.000000,0.000000,0.000000,0.008400,0.000000,0.076600,0.000000,0.000000,0.000000,0.003200,0.000000
1527,2.438025,1.218403,1.228200,1.134900,1200.000000,645014333.000000,1140539392.000000,252489728.000000,1275650048.000000,0.000600,0.000000,0.000000,0.000000,0.008700,0.000000,0.074100,0.000000,0.000000,0.000000,0.002900,0.000000
1528,2.439326,1.305697,1.306000,1.225500,1148.000000,645018045.000000,1140539392.000000,252489728.000000,1275650048.000000,0.000700,0.000000,0.000000,0.000000,0.006500,0.000000,0.131600,0.000000,0.000000,0.000000,0.002700,0.000000
1529,2.440723,1.372201,1.371000,1.292700,1148.000000,645018069.000000,1140539392.000000,252489728.000000,1275654144.000000,0.000700,0.000000,0.000000,0.000000,0.007900,0.000000,0.108900,0.000000,0.000000,0.000000,0.002800,0.000000
1530,2.442069,1.345203,1.336200,1.255700,1148.000000,645018093.000000,1140539392.000000,252489728.000000,1275654144.000000,0.000700,0.000000,0.000000,0.000000,0.007400,0.000000,0.122100,0.000000,0.000000,0.000000,0.003000,0.000000
1531,2.443474,1.392000,1.329300,1.242200,1148.000000,645018125.000000,1140539392.000000,252489728.000000,1275654144.000000,0.000700,0.000000,0.000000,0.000000,0.009200,0.000000,0.128000,0.000000,0.000000,0.000000,0.002700,0.000000
1532,2.444703,1.246301,1.302500,1.160400,1148.000000,645018565.000000,1140539392.000000,252489728.000000,1275654144.000000,0.000600,0.000000,0.000000,0.000000,0.009800,0.000000,0.136400,0.000000,0.000000,0.000000,0.003200,0.000000
1533,2.446091,1.407398,1.411100,1.324900,1148.000000,645026357.000000,1140539392.000000,252489728.000000,1275654144.000000,0.000600,0.000000,0.000000,0.000000,0.008200,0.000000,0.100200,0.000000,0.000000,0.000000,0.002900,0.000000
1534,2.447374,1.291100,1.291200,1.212800,1148.000000,645026805.000000,1140539392.000000,252489728.000000,1275654144.000000,0.000700,0.000000,0.000000,0.000000,0.007100,0.000000,0.083800,0.000000,0.000000,0.000000,0.002600,0.000000
1535,2.451273,3.834602,3.809500,3.727000,1148.000000,645030722.000000,1140539392.000000,252489728.000000,1275654144.000000,3.388600,0.054700,0.014200,3.260800,0.006400,0.022200,0.011600,0.000600,0.000500,0.019800,0.003000,0.000000
1536,2.452473,1.233397,1.247100,1.147200,1148.000000,645027901.000000,1140539392.000000,252489728.000000,1275654144.000000,0.000800,0.000000,0.000000,0.000000,0.011100,0.000000,0.055800,0.000000,0.000000,0.000000,0.003500,0.000000
1537,2.453714,1.253302,1.238900,1.155500,1148.000000,645027077.000000,1140539392.000000,252489728.000000,1275658240.000000,0.000700,0.000000,0.000000,0.000000,0.009600,0.000000,0.086400,0.000000,0.000000,0.000000,0.003000,0.000000
1538,2.455039,1.310799,1.313500,1.218100,1148.000000,645029563.000000,1140539392.000000,252489728.000000,1275658240.000000,0.000700,0.000000,0.000000,0.000000,0.009100,0.000000,0.095300,0.000000,0.000000,0.000000,0.003200,0.000000
1539,2.456502,1.446599,1.448100,1.355400,1148.000000,645030405.000000,1140539392.000000,252489728.000000,1275658240.000000,0.000700,0.000000,0.000000,0.000000,0.007400,0.000000,0.140600,0.000000,0.000000,0.000000,0.003300,0.000000
1540,2.457786,1.305301,1.306100,1.220200,1148.000000,645030413.000000,1140539392.000000,252489728.000000,1275658240.000000,0.000800,0.000000,0.000000,0.000000,0.010200,0.000000,0.105000,0.000000,0.000000,0.000000,0.003200,0.000000
1541,2.459129,1.328699,1.320000,1.235200,1148.000000,645030397.000000,1140539392.000000,252489728.000000,1275658240.000000,0.000800,0.000000,0.000000,0.000000,0.008900,0.000000,0.132400,0.000000,0.000000,0.000000,0.003000,0.000000
1542,2.460509,1.362004,1.363000,1.275000,1148.000000,645032613.000000,1140539392.000000,252489728.000000,1275658240.000000,0.000800,0.000000,0.000000,0.000000,0.009700,0.000000,0.100900,0.000000,0.000000,0.000000,0.003300,0.000000
1543,2.462009,1.427097,1.400800,1.315700,1148.000000,645029933.000000,1140539392.000000,252489728.000000,1275658240.000000,0.000700,0.000000,0.000000,0.000000,0.008900,0.000000,0.176000,0.000000,0.000000,0.000000,0.003100,0.000000
1544,2.463259,1.323200,1.307500,1.202200,1148.000000,645033226.000000,1140539392.000000,252489728.000000,1275658240.000000,0.000700,0.000000,0.000000,0.000000,0.010500,0.000000,0.013400,0.000000,0.000000,0.000000,0.003600,0.000000
1545,2.466969,3.700503,3.651300,3.531100,1148.000000,645038722.000000,1140539392.000000,252489728.000000,1275658240.000000,3.130900,0.046300,0.016600,3.012900,0.010800,0.021600,0.010300,0.000400,0.000500,0.016600,0.003800,0.000000
1546,2.468149,1.219898,1.297300,1.131800,1148.000000,645039653.000000,1140539392.000000,252489728.000000,1275658240.000000,0.000700,0.000000,0.000000,0.000000,0.011900,0.000000,0.097900,0.000000,0.000000,0.000000,0.003200,0.000000
1547,2.469461,1.324100,1.327000,1.240100,1148.000000,645039677.000000,1140539392.000000,252489728.000000,1275658240.000000,0.000800,0.000000,0.000000,0.000000,0.009400,0.000000,0.144500,0.000000,0.000000,0.000000,0.003200,0.000000
1548,2.470771,1.317701,1.316800,1.236200,1148.000000,645039701.000000,1140539392.000000,252489728.000000,1275658240.000000,0.000600,0.000000,0.000000,0.000000,0.007200,0.000000,0.109900,0.000000,0.000000,0.000000,0.002900,0.000000
1549,2.472051,1.274497,1.274400,1.195800,1148.000000,645038805.000000,1140539392.000000,252489728.000000,1275658240.000000,0.000700,0.000000,0.000000,0.000000,0.007100,0.000000,0.103800,0.000000,0.000000,0.000000,0.002700,0.000000
1550,2.474489,2.290703,1.271200,1.194900,1148.000000,645043357.000000,1140539392.000000,252489728.000000,1275658240.000000,0.000700,0.000000,0.000000,0.000000,0.006800,0.000000,0.115400,0.000000,0.000000,0.000000,0.002600,0.000000
1551,2.475292,0.841001,1.691500,0.594500,1148.000000,645042901.000000,1140539392.000000,252489728.000000,1275658240.000000,0.000800,0.000000,0.000000,0.000000,0.009900,0.000000,0.013100,0.000000,0.000000,0.000000,0.003200,0.000000
1552,2.476338,1.149001,1.302500,1.069300,1148.000000,645040406.000000,1140539392.000000,252489728.000000,1275658240.000000,0.000700,0.000000,0.000000,0.000000,0.012100,0.000000,0.085800,0.000000,0.000000,0.000000,0.004700,0.000000
1553,2.477763,1.396095,1.382500,1.294600,1148.000000,645042101.000000,1140539392.000000,252489728.000000,1275658240.000000,0.000700,0.000000,0.000000,0.000000,0.008700,0.000000,0.082300,0.000000,0.000000,0.000000,0.003100,0.000000
1554,2.480016,2.112202,1.236400,1.120100,1148.000000,645042149.000000,1140539392.000000,252489728.000000,1275658240.000000,0.000600,0.000000,0.000000,0.000000,0.010400,0.000000,0.056700,0.000000,0.000000,0.000000,0.003800,0.000000
1555,2.480547,0.640901,1.510600,0.550700,1148.000000,645045131.000000,1140539392.000000,252489728.000000,1275658240.000000,0.000700,0.000000,0.000000,0.000000,0.015000,0.000000,0.013700,0.000000,0.000000,0.000000,0.006400,0.000000
1556,2.484231,3.724001,3.726200,3.630200,1148.000000,645050434.000000,1140539392.000000,252489728.000000,1275658240.000000,3.221100,0.048000,0.014600,3.106200,0.010900,0.020500,0.010700,0.000600,0.000500,0.015300,0.003200,0.000000
1557,2.485615,1.384800,1.387700,1.295800,1148.000000,645047373.000000,1140539392.000000,252489728.000000,1275658240.000000,0.000500,0.000000,0.000000,0.000000,0.010800,0.000000,0.071100,0.000000,0.000000,0.000000,0.003200,0.000000
1558,2.486862,1.266100,1.252600,1.167800,1148.000000,645050149.000000,1140539392.000000,252489728.000000,1275658240.000000,0.000800,0.000000,0.000000,0.000000,0.009400,0.000000,0.066600,0.000000,0.000000,0.000000,0.002900,0.000000
1559,2.488148,1.291901,1.304700,1.207200,1148.000000,645051653.000000,1140539392.000000,252489728.000000,1275723776.000000,0.000500,0.000000,0.000000,0.000000,0.006700,0.000000,0.113000,0.000000,0.000000,0.000000,0.002500,0.000000
1560,2.489546,1.363194,1.342400,1.256300,1148.000000,645051141.000000,1140539392.000000,252489728.000000,1275723776.000000,0.000700,0.000000,0.000000,0.000000,0.007900,0.000000,0.091700,0.000000,0.000000,0.000000,0.002700,0.000000
1561,2.490870,1.336104,1.347500,1.250000,1148.000000,645055253.000000,1140539392.000000,252489728.000000,1275723776.000000,0.000700,0.000000,0.000000,0.000000,0.010300,0.000000,0.064700,0.000000,0.000000,0.000000,0.003500,0.000000
1562,2.492243,1.382802,1.373600,1.268200,1148.000000,645054765.000000,1140539392.000000,252489728.000000,1275723776.000000,0.000700,0.000000,0.000000,0.000000,0.009000,0.000000,0.127100,0.000000,0.000000,0.000000,0.003100,0.000000
1563,2.493519,1.269395,1.267300,1.177900,1148.000000,645055301.000000,1140539392.000000,252489728.000000,1275723776.000000,0.000700,0.000000,0.000000,0.000000,0.009400,0.000000,0.100900,0.000000,0.000000,0.000000,0.003100,0.000000
1564,2.494874,1.345103,1.342000,1.251500,1148.000000,645055325.000000,1140539392.000000,252489728.000000,1275723776.000000,0.000700,0.000000,0.000000,0.000000,0.008600,0.000000,0.134700,0.000000,0.000000,0.000000,0.002800,0.000000
1565,2.496305,1.440299,1.443700,1.353300,1148.000000,645055357.000000,1140539392.000000,252489728.000000,1275723776.000000,0.000800,0.000000,0.000000,0.000000,0.009200,0.000000,0.176400,0.000000,0.000000,0.000000,0.003100,0.000000
1566,2.497494,1.212302,1.215300,1.132800,1148.000000,645056261.000000,1140539392.000000,252489728.000000,1275723776.000000,0.000700,0.000000,0.000000,0.000000,0.008900,0.000000,0.073200,0.000000,0.000000,0.000000,0.003100,0.000000
1567,2.501183,3.642999,3.626700,3.545300,1148.000000,645062714.000000,1140539392.000000,252489728.000000,1275723776.000000,3.230000,0.047300,0.013700,3.121600,0.007500,0.018400,0.010900,0.000800,0.000600,0.013800,0.002000,0.000000
1568,2.502575,1.384602,1.285600,1.195100,1148.000000,645059749.000000,1140539392.000000,252489728.000000,1275723776.000000,0.000600,0.000000,0.000000,0.000000,0.009900,0.000000,0.083300,0.000000,0.000000,0.000000,0.003000,0.000000
1569,2.503845,1.302799,1.387200,1.203200,1148.000000,645059773.000000,1140539392.000000,252489728.000000,1275723776.000000,0.000700,0.000000,0.000000,0.000000,0.011100,0.000000,0.114300,0.000000,0.000000,0.000000,0.003900,0.000000
1570,2.505259,1.431101,1.440400,1.338300,1148.000000,645059797.000000,1140539392.000000,252489728.000000,1275723776.000000,0.000700,0.000000,0.000000,0.000000,0.008800,0.000000,0.116200,0.000000,0.000000,0.000000,0.003100,0.000000
1571,2.506646,1.385197,1.389100,1.300500,1148.000000,645063325.000000,1140539392.000000,252489728.000000,1275723776.000000,0.000700,0.000000,0.000000,0.000000,0.008000,0.000000,0.120200,0.000000,0.000000,0.000000,0.003200,0.000000
1572,2.507941,1.288301,1.250200,1.168200,1148.000000,645063773.000000,1140539392.000000,252489728.000000,1275723776.000000,0.000700,0.000000,0.000000,0.000000,0.007500,0.000000,0.085200,0.000000,0.000000,0.000000,0.002800,0.000000
1573,2.509222,1.289697,1.327400,1.210300,1148.000000,645067469.000000,1140539392.000000,252489728.000000,1275723776.000000,0.000800,0.000000,0.000000,0.000000,0.008800,0.000000,0.141000,0.000000,0.000000,0.000000,0.003000,0.000000
1574,2.510575,1.360105,1.355400,1.275800,1148.000000,645069685.000000,1140539392.000000,252489728.000000,1275723776.000000,0.000700,0.000000,0.000000,0.000000,0.008000,0.000000,0.074700,0.000000,0.000000,0.000000,0.002600,0.000000
1575,2.511881,1.309396,1.308800,1.229000,1148.000000,645067525.000000,1140539392.000000,252489728.000000,1275723776.000000,0.000600,0.000000,0.000000,0.000000,0.007300,0.000000,0.104000,0.000000,0.000000,0.000000,0.002500,0.000000
1576,2.513304,1.381399,1.369200,1.285400,1148.000000,645067541.000000,1140539392.000000,252489728.000000,1275723776.000000,0.000700,0.000000,0.000000,0.000000,0.006700,0.000000,0.122000,0.000000,0.000000,0.000000,0.002700,0.000000
1577,2.517456,4.146400,4.134500,4.042600,1148.000000,645071474.000000,1140539392.000000,252489728.000000,1275723776.000000,3.667800,0.047700,0.015600,3.550600,0.009900,0.021700,0.010600,0.000700,0.000500,0.016700,0.003400,0.000000
1578,2.520088,2.530301,1.451700,1.352500,1148.000000,645072365.000000,1140539392.000000,252489728.000000,1275723776.000000,0.000600,0.000000,0.000000,0.000000,0.009200,0.000000,0.028200,0.000000,0.000000,0.000000,0.003100,0.000000
1579,2.520759,0.762103,1.835600,0.666600,1148.000000,645071885.000000,1140539392.000000,252489728.000000,1275723776.000000,0.000700,0.000000,0.000000,0.000000,0.009600,0.000000,0.175100,0.000000,0.000000,0.000000,0.005100,0.000000
1580,2.521978,1.141397,1.149600,1.054800,1148.000000,645072885.000000,1140539392.000000,252489728.000000,1275723776.000000,0.000800,0.000000,0.000000,0.000000,0.011400,0.000000,0.073600,0.000000,0.000000,0.000000,0.003800,0.000000
1581,2.523258,1.280300,1.285300,1.202600,1148.000000,645075517.000000,1140539392.000000,252489728.000000,1275723776.000000,0.001000,0.000000,0.000000,0.000000,0.006700,0.000000,0.062000,0.000000,0.000000,0.000000,0.005800,0.000000
1582,2.525508,2.253203,1.473200,1.359800,1148.000000,645075453.000000,1140539392.000000,252489728.000000,1275723776.000000,0.000800,0.000000,0.000000,0.000000,0.050300,0.000000,0.089100,0.000000,0.000000,0.000000,0.005400,0.000000
1583,2.525947,0.530896,1.301100,0.456600,1148.000000,645078027.000000,1140539392.000000,252489728.000000,1275723776.000000,0.000900,0.000000,0.000000,0.000000,0.014600,0.000000,0.010300,0.000000,0.000000,0.000000,0.005400,0.000000
1584,2.527252,1.285601,1.281200,1.196300,1148.000000,645083781.000000,1140539392.000000,252489728.000000,1275723776.000000,0.000700,0.000000,0.000000,0.000000,0.008500,0.000000,0.047800,0.000000,0.000000,0.000000,0.002900,0.000000
1585,2.528580,1.359800,1.325500,1.242700,1148.000000,645086267.000000,1140539392.000000,252489728.000000,1275723776.000000,0.000700,0.000000,0.000000,0.000000,0.007600,0.000000,0.011000,0.000000,0.000000,0.000000,0.003500,0.000000
1586,2.530105,1.503798,1.522500,1.406900,1148.000000,645083741.000000,1140539392.000000,252489728.000000,1275723776.000000,0.000800,0.000000,0.000000,0.000000,0.009000,0.000000,0.020500,0.000000,0.000000,0.000000,0.003000,0.000000
1587,2.533677,3.589002,3.582200,3.487200,1148.000000,645088122.000000,1140539392.000000,252489728.000000,1275723776.000000,3.112700,0.049400,0.015500,2.993000,0.010000,0.021900,0.010800,0.000600,0.000500,0.016100,0.003100,0.000000
1588,2.535158,1.465802,1.466100,1.365000,1148.000000,645085013.000000,1140539392.000000,252489728.000000,1275723776.000000,0.000800,0.000000,0.000000,0.000000,0.009300,0.000000,0.079400,0.000000,0.000000,0.000000,0.003300,0.000000
1589,2.536431,1.301800,1.317100,1.228200,1148.000000,645089157.000000,1140539392.000000,252489728.000000,1275723776.000000,0.000600,0.000000,0.000000,0.000000,0.010100,0.000000,0.158200,0.000000,0.000000,0.000000,0.003500,0.000000
1590,2.537635,1.224497,1.227200,1.151900,1148.000000,645091349.000000,1140539392.000000,252489728.000000,1275723776.000000,0.000700,0.000000,0.000000,0.000000,0.007400,0.000000,0.067000,0.000000,0.000000,0.000000,0.002800,0.000000
1591,2.538868,1.234701,1.230300,1.159200,1148.000000,645088069.000000,1140539392.000000,252489728.000000,1275723776.000000,0.000500,0.000000,0.000000,0.000000,0.007100,0.000000,0.083900,0.000000,0.000000,0.000000,0.002100,0.000000
1592,2.540584,1.645401,1.623800,1.544400,1148.000000,645088093.000000,1140539392.000000,252489728.000000,1275723776.000000,0.000700,0.000000,0.000000,0.000000,0.007600,0.000000,0.174300,0.000000,0.000000,0.000000,0.002700,0.000000
1593,2.541803,1.268403,1.276900,1.183900,1148.000000,645088117.000000,1140539392.000000,252489728.000000,1275723776.000000,0.000700,0.000000,0.000000,0.000000,0.010700,0.000000,0.079400,0.000000,0.000000,0.000000,0.003500,0.000000
1594,2.543001,1.215299,1.220100,1.139600,1148.000000,645088149.000000,1140539392.000000,252489728.000000,1275723776.000000,0.000700,0.000000,0.000000,0.000000,0.007500,0.000000,0.074400,0.000000,0.000000,0.000000,0.002900,0.000000
1595,2.544641,1.553897,1.509900,1.424900,1148.000000,645092221.000000,1140539392.000000,252489728.000000,1275723776.000000,0.000600,0.000000,0.000000,0.000000,0.005900,0.000000,0.178400,0.000000,0.000000,0.000000,0.002600,0.000000
1596,2.545761,1.170401,1.165100,1.050700,1148.000000,645091901.000000,1140539392.000000,252489728.000000,1275723776.000000,0.000800,0.000000,0.000000,0.000000,0.013200,0.000000,0.059400,0.000000,0.000000,0.000000,0.005100,0.000000
1597,2.547010,1.250701,1.282000,1.165400,1148.000000,645096021.000000,1140539392.000000,252489728.000000,1275723776.000000,0.000700,0.000000,0.000000,0.000000,0.009400,0.000000,0.114200,0.000000,0.000000,0.000000,0.003300,0.000000
1598,2.550567,3.537294,3.523600,3.435200,1148.000000,645102873.000000,1140539392.000000,252489728.000000,1275723776.000000,3.063700,0.047100,0.015300,2.954000,0.009500,0.018800,0.012200,0.000700,0.000600,0.013800,0.003200,0.000000
1599,2.551798,1.270104,1.282900,1.188700,1148.000000,645096829.000000,1140539392.000000,252489728.000000,1275723776.000000,0.001700,0.000000,0.000000,0.000000,0.011900,0.000000,0.084400,0.000000,0.000000,0.000000,0.003200,0.000000
1600,2.553200,1.380102,1.176000,1.097900,1148.000000,645096853.000000,1140539392.000000,252489728.000000,1275723776.000000,0.000700,0.000000,0.000000,0.000000,0.009000,0.000000,0.078600,0.000000,0.000000,0.000000,0.002500,0.000000
1601,2.554657,1.453097,1.619300,1.339400,1148.000000,645100461.000000,1140539392.000000,252489728.000000,1275723776.000000,0.000700,0.000000,0.000000,0.000000,0.009900,0.000000,0.108700,0.000000,0.000000,0.000000,0.003300,0.000000
1602,2.555711,1.062401,1.084000,0.972600,1148.000000,645100261.000000,1140539392.000000,252489728.000000,1275723776.000000,0.000600,0.000000,0.000000,0.000000,0.010200,0.000000,0.067300,0.000000,0.000000,0.000000,0.003500,0.000000
1603,2.556961,1.249901,1.253200,1.164000,1148.000000,645100285.000000,1140539392.000000,252489728.000000,1275723776.000000,0.000700,0.000000,0.000000,0.000000,0.008800,0.000000,0.100800,0.000000,0.000000,0.000000,0.003400,0.000000
1604,2.558247,1.273802,1.222900,1.142400,1148.000000,645100333.000000,1140539392.000000,252489728.000000,1275723776.000000,0.000600,0.000000,0.000000,0.000000,0.009000,0.000000,0.082300,0.000000,0.000000,0.000000,0.003100,0.000000
1605,2.559589,1.348597,1.388000,1.259400,1148.000000,645100333.000000,1140539392.000000,252489728.000000,1275723776.000000,0.000800,0.000000,0.000000,0.000000,0.010300,0.000000,0.122400,0.000000,0.000000,0.000000,0.003800,0.000000
1606,2.561063,1.460799,1.464100,1.375400,1148.000000,645106645.000000,1140539392.000000,252489728.000000,1275723776.000000,0.000800,0.000000,0.000000,0.000000,0.009700,0.000000,0.056400,0.000000,0.000000,0.000000,0.003100,0.000000
1607,2.562279,1.254599,1.250500,1.169500,1148.000000,645104477.000000,1140539392.000000,252489728.000000,1275723776.000000,0.000800,0.000000,0.000000,0.000000,0.008600,0.000000,0.089200,0.000000,0.000000,0.000000,0.003400,0.000000
1608,2.563717,1.407100,1.393100,1.307500,1148.000000,645104501.000000,1140539392.000000,252489728.000000,1275723776.000000,0.000700,0.000000,0.000000,0.000000,0.008000,0.000000,0.131900,0.000000,0.000000,0.000000,0.002600,0.000000
1609,2.567683,3.944303,3.890400,3.740000,1148.000000,645108851.000000,1140539392.000000,252489728.000000,1275723776.000000,3.346600,0.048400,0.016600,3.226300,0.010000,0.021800,0.012400,0.000700,0.000500,0.017900,0.004300,0.000000
1610,2.568827,1.172499,1.216800,1.077600,1148.000000,645109069.000000,1140539392.000000,252489728.000000,1275723776.000000,0.000700,0.000000,0.000000,0.000000,0.013200,0.000000,0.098400,0.000000,0.000000,0.000000,0.003800,0.000000
1611,2.570163,1.357001,1.366200,1.272100,1148.000000,645109093.000000,1140539392.000000,252489728.000000,1275723776.000000,0.000700,0.000000,0.000000,0.000000,0.010000,0.000000,0.097800,0.000000,0.000000,0.000000,0.003000,0.000000
1612,2.571352,1.201198,1.207000,1.122800,1148.000000,645113637.000000,1140539392.000000,252489728.000000,1275723776.000000,0.000700,0.000000,0.000000,0.000000,0.008500,0.000000,0.077100,0.000000,0.000000,0.000000,0.003000,0.000000
1613,2.572529,1.184403,1.182800,1.106200,1148.000000,645112453.000000,1140539392.000000,252489728.000000,1275723776.000000,0.000700,0.000000,0.000000,0.000000,0.006700,0.000000,0.078100,0.000000,0.000000,0.000000,0.002400,0.000000
1614,2.573690,1.177601,1.181300,1.107700,1148.000000,645112901.000000,1140539392.000000,252489728.000000,1275723776.000000,0.000600,0.000000,0.000000,0.000000,0.006100,0.000000,0.082100,0.000000,0.000000,0.000000,0.002400,0.000000
1615,2.575147,1.425496,1.414400,1.343500,1148.000000,645112501.000000,1140539392.000000,252489728.000000,1275723776.000000,0.000500,0.000000,0.000000,0.000000,0.006800,0.000000,0.118400,0.000000,0.000000,0.000000,0.002200,0.000000
1616,2.577559,2.353600,1.357700,1.275400,1148.000000,645112525.000000,1140539392.000000,252489728.000000,1275723776.000000,0.000600,0.000000,0.000000,0.000000,0.012100,0.000000,0.137100,0.000000,0.000000,0.000000,0.002500,0.000000
1617,2.578004,0.484999,1.464900,0.394000,1148.000000,645119107.000000,1140539392.000000,252489728.000000,1275789312.000000,0.000700,0.000000,0.000000,0.000000,0.010900,0.000000,0.012200,0.000000,0.000000,0.000000,0.003500,0.000000
1618,2.579325,1.330300,1.331800,1.241300,1148.000000,645116669.000000,1140539392.000000,252489728.000000,1275789312.000000,0.000700,0.000000,0.000000,0.000000,0.009900,0.000000,0.131700,0.000000,0.000000,0.000000,0.002700,0.000000
1619,2.580752,1.399504,1.395600,1.308200,1148.000000,645116717.000000,1140539392.000000,252489728.000000,1275789312.000000,0.000700,0.000000,0.000000,0.000000,0.007800,0.000000,0.085000,0.000000,0.000000,0.000000,0.003100,0.000000
1620,2.584517,3.763301,3.742400,3.651200,1148.000000,645120802.000000,1140539392.000000,252489728.000000,1275789312.000000,3.258400,0.055100,0.014400,3.131300,0.009700,0.022100,0.010700,0.000700,0.000700,0.017700,0.003000,0.000000
1621,2.585891,1.379500,1.391400,1.285900,1148.000000,645117597.000000,1140539392.000000,252489728.000000,1275789312.000000,0.000700,0.000000,0.000000,0.000000,0.010000,0.000000,0.097900,0.000000,0.000000,0.000000,0.003200,0.000000
1622,2.587052,1.182398,1.186900,1.098100,1148.000000,645123909.000000,1140539392.000000,252489728.000000,1275789312.000000,0.000700,0.000000,0.000000,0.000000,0.010100,0.000000,0.061900,0.000000,0.000000,0.000000,0.003300,0.000000
1623,2.588327,1.260601,1.251600,1.167600,1148.000000,645125845.000000,1140539392.000000,252489728.000000,1275789312.000000,0.000700,0.000000,0.000000,0.000000,0.007800,0.000000,0.105400,0.000000,0.000000,0.000000,0.002800,0.000000
1624,2.589547,1.249398,1.256800,1.170000,1148.000000,645125501.000000,1140539392.000000,252489728.000000,1275789312.000000,0.000700,0.000000,0.000000,0.000000,0.009600,0.000000,0.127400,0.000000,0.000000,0.000000,0.003300,0.000000
1625,2.590869,1.316404,1.311500,1.233900,1148.000000,645124669.000000,1140539392.000000,252489728.000000,1275789312.000000,0.000700,0.000000,0.000000,0.000000,0.007000,0.000000,0.102500,0.000000,0.000000,0.000000,0.003000,0.000000
1626,2.592113,1.249794,1.247100,1.166900,1148.000000,645125117.000000,1140539392.000000,252489728.000000,1275789312.000000,0.000700,0.000000,0.000000,0.000000,0.008100,0.000000,0.102200,0.000000,0.000000,0.000000,0.002900,0.000000
1627,2.593626,1.382001,1.232600,1.152500,1148.000000,645124717.000000,1140539392.000000,252489728.000000,1275789312.000000,0.000600,0.000000,0.000000,0.000000,0.006900,0.000000,0.084800,0.000000,0.000000,0.000000,0.002700,0.000000
1628,2.594757,1.242304,1.382600,1.161000,1148.000000,645124741.000000,1140539392.000000,252489728.000000,1275789312.000000,0.000700,0.000000,0.000000,0.000000,0.010100,0.000000,0.139800,0.000000,0.000000,0.000000,0.004300,0.000000
1629,2.596123,1.390398,1.394700,1.308500,1148.000000,645128861.000000,1140539392.000000,252489728.000000,1275789312.000000,0.000700,0.000000,0.000000,0.000000,0.009100,0.000000,0.124700,0.000000,0.000000,0.000000,0.002800,0.000000
1630,2.597401,1.282001,1.283400,1.204900,1148.000000,645129309.000000,1140539392.000000,252489728.000000,1275789312.000000,0.000700,0.000000,0.000000,0.000000,0.006500,0.000000,0.083800,0.000000,0.000000,0.000000,0.003000,0.000000
1631,2.601337,3.849596,3.813300,3.730800,1148.000000,645132994.000000,1140539392.000000,252489728.000000,1275789312.000000,3.392400,0.047900,0.013700,3.275400,0.007200,0.021400,0.010600,0.000600,0.000700,0.018100,0.002600,0.000000
1632,2.602504,1.231505,1.258500,1.151500,1148.000000,645129885.000000,1140539392.000000,252489728.000000,1275789312.000000,0.000600,0.000000,0.000000,0.000000,0.013200,0.000000,0.085000,0.000000,0.000000,0.000000,0.003500,0.000000
1633,2.603683,1.188995,1.183800,1.105200,1148.000000,645129933.000000,1140539392.000000,252489728.000000,1275789312.000000,0.000700,0.000000,0.000000,0.000000,0.009300,0.000000,0.075800,0.000000,0.000000,0.000000,0.002700,0.000000
1634,2.605140,1.423101,1.392600,1.307200,1148.000000,645134029.000000,1140539392.000000,252489728.000000,1275789312.000000,0.000700,0.000000,0.000000,0.000000,0.008100,0.000000,0.054500,0.000000,0.000000,0.000000,0.002800,0.000000
1635,2.606508,1.371400,1.385200,1.275000,1148.000000,645137269.000000,1140539392.000000,252489728.000000,1275789312.000000,0.000800,0.000000,0.000000,0.000000,0.009800,0.000000,0.167700,0.000000,0.000000,0.000000,0.003200,0.000000
1636,2.607779,1.279401,1.290200,1.197000,1148.000000,645137293.000000,1140539392.000000,252489728.000000,1275789312.000000,0.000700,0.000000,0.000000,0.000000,0.010200,0.000000,0.118200,0.000000,0.000000,0.000000,0.003400,0.000000
1637,2.609042,1.288400,1.286500,1.207100,1148.000000,645137317.000000,1140539392.000000,252489728.000000,1275789312.000000,0.000800,0.000000,0.000000,0.000000,0.009000,0.000000,0.113500,0.000000,0.000000,0.000000,0.003100,0.000000
1638,2.610627,1.558100,1.548500,1.466400,1148.000000,645139541.000000,1140539392.000000,252489728.000000,1275789312.000000,0.000600,0.000000,0.000000,0.000000,0.007600,0.000000,0.084700,0.000000,0.000000,0.000000,0.002800,0.000000
1639,2.611959,1.322300,1.311500,1.221500,1148.000000,645137837.000000,1140539392.000000,252489728.000000,1275789312.000000,0.000700,0.000000,0.000000,0.000000,0.008900,0.000000,0.114900,0.000000,0.000000,0.000000,0.002900,0.000000
1640,2.613445,1.434503,1.369500,1.230900,1148.000000,645141013.000000,1140539392.000000,252489728.000000,1275793408.000000,0.000700,0.000000,0.000000,0.000000,0.010100,0.000000,0.132000,0.000000,0.000000,0.000000,0.003500,0.000000
1641,2.616997,3.586394,3.638900,3.484900,1148.000000,645145122.000000,1140539392.000000,252489728.000000,1275793408.000000,3.022600,0.051100,0.020000,2.895200,0.013600,0.021400,0.011300,0.000600,0.000600,0.017800,0.005300,0.000000
1642,2.618192,1.235806,1.250200,1.151800,1148.000000,645142133.000000,1140539392.000000,252489728.000000,1275793408.000000,0.000800,0.000000,0.000000,0.000000,0.012700,0.000000,0.079200,0.000000,0.000000,0.000000,0.003600,0.000000
1643,2.619532,1.339194,1.330800,1.244000,1148.000000,645142157.000000,1140539392.000000,252489728.000000,1275793408.000000,0.000700,0.000000,0.000000,0.000000,0.009400,0.000000,0.093600,0.000000,0.000000,0.000000,0.002600,0.000000
1644,2.620922,1.355102,1.355900,1.268900,1148.000000,645142181.000000,1140539392.000000,252489728.000000,1275793408.000000,0.000600,0.000000,0.000000,0.000000,0.008600,0.000000,0.108200,0.000000,0.000000,0.000000,0.002700,0.000000
1645,2.622171,1.269203,1.263500,1.177300,1148.000000,645145373.000000,1140539392.000000,252489728.000000,1275793408.000000,0.000700,0.000000,0.000000,0.000000,0.009400,0.000000,0.099900,0.000000,0.000000,0.000000,0.003200,0.000000
1646,2.623355,1.205095,1.209300,1.124500,1148.000000,645145821.000000,1140539392.000000,252489728.000000,1275793408.000000,0.000900,0.000000,0.000000,0.000000,0.009600,0.000000,0.074500,0.000000,0.000000,0.000000,0.003200,0.000000
1647,2.624638,1.292106,1.294200,1.215500,1148.000000,645145421.000000,1140539392.000000,252489728.000000,1275793408.000000,0.000800,0.000000,0.000000,0.000000,0.007500,0.000000,0.111000,0.000000,0.000000,0.000000,0.003000,0.000000
1648,2.626085,1.446096,1.440200,1.364600,1148.000000,645149565.000000,1140539392.000000,252489728.000000,1275797504.000000,0.000700,0.000000,0.000000,0.000000,0.007200,0.000000,0.129600,0.000000,0.000000,0.000000,0.002600,0.000000
1649,2.627439,1.341199,1.335000,1.253600,1148.000000,645149565.000000,1140539392.000000,252489728.000000,1275797504.000000,0.000600,0.000000,0.000000,0.000000,0.006400,0.000000,0.100900,0.000000,0.000000,0.000000,0.002400,0.000000
1650,2.628894,1.414902,1.378600,1.294500,1148.000000,645149589.000000,1140539392.000000,252489728.000000,1275797504.000000,0.000700,0.000000,0.000000,0.000000,0.007300,0.000000,0.117300,0.000000,0.000000,0.000000,0.003300,0.000000
1651,2.630502,1.618899,1.635000,1.520300,1148.000000,645153197.000000,1140539392.000000,252489728.000000,1275797504.000000,0.000800,0.000000,0.000000,0.000000,0.010800,0.000000,0.129200,0.000000,0.000000,0.000000,0.006300,0.000000
1652,2.633936,3.439704,3.442100,3.344900,1148.000000,645164833.000000,1140539392.000000,252489728.000000,1275797504.000000,2.979600,0.064500,0.017900,2.846100,0.010400,0.022900,0.012000,0.000600,0.000500,0.012700,0.003500,0.000000
1653,2.635408,1.474794,1.476300,1.384900,1148.000000,645159413.000000,1140539392.000000,252489728.000000,1275797504.000000,0.000700,0.000000,0.000000,0.000000,0.010500,0.000000,0.136100,0.000000,0.000000,0.000000,0.005800,0.000000
1654,2.636734,1.327005,1.320100,1.231000,1148.000000,645160773.000000,1140539392.000000,252489728.000000,1275797504.000000,0.000800,0.000000,0.000000,0.000000,0.009200,0.000000,0.131700,0.000000,0.000000,0.000000,0.003300,0.000000
1655,2.637981,1.244296,1.235000,1.141800,1148.000000,645158605.000000,1140539392.000000,252489728.000000,1275797504.000000,0.000700,0.000000,0.000000,0.000000,0.009900,0.000000,0.106000,0.000000,0.000000,0.000000,0.003500,0.000000
1656,2.639240,1.288301,1.299000,1.201800,1200.000000,645153501.000000,1140539392.000000,252489728.000000,1275801600.000000,0.000700,0.000000,0.000000,0.000000,0.009900,0.000000,0.128300,0.000000,0.000000,0.000000,0.003300,0.000000
1657,2.640646,1.378005,1.382600,1.297000,1148.000000,645157621.000000,1140539392.000000,252489728.000000,1275801600.000000,0.000700,0.000000,0.000000,0.000000,0.007200,0.000000,0.118300,0.000000,0.000000,0.000000,0.003000,0.000000
1658,2.641996,1.352700,1.346600,1.264200,1148.000000,645157645.000000,1140539392.000000,252489728.000000,1275801600.000000,0.000800,0.000000,0.000000,0.000000,0.006900,0.000000,0.120800,0.000000,0.000000,0.000000,0.002900,0.000000
1659,2.643281,1.295500,1.291300,1.208200,1148.000000,645157669.000000,1140539392.000000,252489728.000000,1275801600.000000,0.000700,0.000000,0.000000,0.000000,0.009500,0.000000,0.112900,0.000000,0.000000,0.000000,0.003000,0.000000
1660,2.644659,1.368800,1.357400,1.274000,1148.000000,645157693.000000,1140539392.000000,252489728.000000,1275801600.000000,0.000800,0.000000,0.000000,0.000000,0.007900,0.000000,0.127400,0.000000,0.000000,0.000000,0.003200,0.000000
1661,2.646388,1.707894,1.687600,1.579200,1148.000000,645161301.000000,1140539392.000000,252489728.000000,1275801600.000000,0.000800,0.000000,0.000000,0.000000,0.009500,0.000000,0.304700,0.000000,0.000000,0.000000,0.003200,0.000000
1662,2.647482,1.109906,1.131000,1.021400,1148.000000,645166357.000000,1140539392.000000,252489728.000000,1275801600.000000,0.000700,0.000000,0.000000,0.000000,0.010700,0.000000,0.114000,0.000000,0.000000,0.000000,0.003600,0.000000
1663,2.651544,4.066893,4.054800,3.967900,1148.000000,645169442.000000,1140539392.000000,252489728.000000,1275801600.000000,3.598600,0.047700,0.014500,3.489200,0.009900,0.018500,0.010400,0.000600,0.000600,0.012900,0.003300,0.000000
1664,2.652777,1.250503,1.260700,1.167000,1148.000000,645166261.000000,1140539392.000000,252489728.000000,1275805696.000000,0.000700,0.000000,0.000000,0.000000,0.010500,0.000000,0.077000,0.000000,0.000000,0.000000,0.002800,0.000000
1665,2.654250,1.315200,1.302100,1.219300,1148.000000,645166285.000000,1140539392.000000,252489728.000000,1275805696.000000,0.000800,0.000000,0.000000,0.000000,0.008900,0.000000,0.135300,0.000000,0.000000,0.000000,0.002700,0.000000
1666,2.655526,1.422499,1.404200,1.311500,1148.000000,645170829.000000,1140539392.000000,252489728.000000,1275805696.000000,0.000800,0.000000,0.000000,0.000000,0.009900,0.000000,0.185600,0.000000,0.000000,0.000000,0.005200,0.000000
1667,2.656796,1.256704,1.174800,1.069400,1148.000000,645170181.000000,1140539392.000000,252489728.000000,1275805696.000000,0.000700,0.000000,0.000000,0.000000,0.009400,0.000000,0.072400,0.000000,0.000000,0.000000,0.003200,0.000000
1668,2.657954,1.183900,1.288700,1.104900,1148.000000,645174765.000000,1140539392.000000,252489728.000000,1275805696.000000,0.000700,0.000000,0.000000,0.000000,0.010100,0.000000,0.082400,0.000000,0.000000,0.000000,0.003400,0.000000
1669,2.659239,1.283900,1.280300,1.199800,1148.000000,645173933.000000,1140539392.000000,252489728.000000,1275805696.000000,0.000700,0.000000,0.000000,0.000000,0.007500,0.000000,0.121700,0.000000,0.000000,0.000000,0.003100,0.000000
1670,2.660851,1.555499,1.488800,1.395700,1148.000000,645175637.000000,1140539392.000000,252489728.000000,1275805696.000000,0.000700,0.000000,0.000000,0.000000,0.008300,0.000000,0.145300,0.000000,0.000000,0.000000,0.002800,0.000000
1671,2.661894,1.103196,1.163900,1.022100,1148.000000,645173981.000000,1140539392.000000,252489728.000000,1275805696.000000,0.000700,0.000000,0.000000,0.000000,0.010900,0.000000,0.070500,0.000000,0.000000,0.000000,0.003700,0.000000
1672,2.663284,1.381101,1.378700,1.298000,1148.000000,645174005.000000,1140539392.000000,252489728.000000,1275809792.000000,0.000500,0.000000,0.000000,0.000000,0.007900,0.000000,0.130900,0.000000,0.000000,0.000000,0.002600,0.000000
1673,2.666991,3.711798,3.697000,3.614400,1148.000000,645185634.000000,1140539392.000000,252489728.000000,1275875328.000000,3.278600,0.053800,0.014200,3.161600,0.006700,0.018500,0.010800,0.001000,0.000700,0.013200,0.002400,0.000000
1674,2.668326,1.352601,1.364500,1.273800,1148.000000,645182573.000000,1140539392.000000,252489728.000000,1275875328.000000,0.000600,0.000000,0.000000,0.000000,0.009600,0.000000,0.131800,0.000000,0.000000,0.000000,0.002500,0.000000
1675,2.669652,1.331101,1.327300,1.250800,1148.000000,645182597.000000,1140539392.000000,252489728.000000,1275875328.000000,0.000600,0.000000,0.000000,0.000000,0.006600,0.000000,0.131000,0.000000,0.000000,0.000000,0.002400,0.000000
1676,2.671230,1.521301,1.492400,1.402400,1148.000000,645182109.000000,1140539392.000000,252489728.000000,1275875328.000000,0.000600,0.000000,0.000000,0.000000,0.006700,0.000000,0.137400,0.000000,0.000000,0.000000,0.002900,0.000000
1677,2.672320,1.125198,1.144500,1.043200,1148.000000,645182365.000000,1140539392.000000,252489728.000000,1275875328.000000,0.000700,0.000000,0.000000,0.000000,0.010700,0.000000,0.070700,0.000000,0.000000,0.000000,0.003700,0.000000
1678,2.673729,1.331704,1.287000,1.205100,1148.000000,645182789.000000,1140539392.000000,252489728.000000,1275875328.000000,0.000700,0.000000,0.000000,0.000000,0.007600,0.000000,0.089400,0.000000,0.000000,0.000000,0.003300,0.000000
1679,2.675112,1.427395,1.462300,1.341400,1148.000000,645186485.000000,1140539392.000000,252489728.000000,1275875328.000000,0.000900,0.000000,0.000000,0.000000,0.010400,0.000000,0.159800,0.000000,0.000000,0.000000,0.005200,0.000000
1680,2.676450,1.348703,1.343200,1.255900,1148.000000,645186933.000000,1140539392.000000,252489728.000000,1275875328.000000,0.000700,0.000000,0.000000,0.000000,0.010400,0.000000,0.079800,0.000000,0.000000,0.000000,0.003700,0.000000
1681,2.677726,1.295600,1.296500,1.207900,1148.000000,645186533.000000,1140539392.000000,252489728.000000,1275875328.000000,0.000700,0.000000,0.000000,0.000000,0.009900,0.000000,0.075600,0.000000,0.000000,0.000000,0.003100,0.000000
1682,2.679066,1.325000,1.321000,1.233500,1148.000000,645186565.000000,1140539392.000000,252489728.000000,1275875328.000000,0.000600,0.000000,0.000000,0.000000,0.008400,0.000000,0.139700,0.000000,0.000000,0.000000,0.002700,0.000000
1683,2.680577,1.483603,1.479200,1.390100,1148.000000,645187053.000000,1140539392.000000,252489728.000000,1275875328.000000,0.000700,0.000000,0.000000,0.000000,0.008200,0.000000,0.072300,0.000000,0.000000,0.000000,0.003100,0.000000
1684,2.684112,3.569898,3.563700,3.474200,1148.000000,645189586.000000,1140539392.000000,252489728.000000,1275875328.000000,3.098700,0.046800,0.013300,2.991400,0.009300,0.019200,0.010500,0.000700,0.000600,0.012100,0.003200,0.000000
1685,2.685585,1.473200,1.479600,1.387200,1148.000000,645190717.000000,1140539392.000000,252489728.000000,1275875328.000000,0.000600,0.000000,0.000000,0.000000,0.010000,0.000000,0.115700,0.000000,0.000000,0.000000,0.002700,0.000000
1686,2.686806,1.241900,1.242700,1.160300,1148.000000,645197029.000000,1140539392.000000,252489728.000000,1275875328.000000,0.000700,0.000000,0.000000,0.000000,0.009200,0.000000,0.079500,0.000000,0.000000,0.000000,0.002800,0.000000
1687,2.688078,1.269196,1.266700,1.188400,1148.000000,645194861.000000,1140539392.000000,252489728.000000,1275875328.000000,0.000700,0.000000,0.000000,0.000000,0.008200,0.000000,0.076700,0.000000,0.000000,0.000000,0.002700,0.000000
1688,2.689432,1.331803,1.328600,1.248700,1148.000000,645194533.000000,1140539392.000000,252489728.000000,1275875328.000000,0.000700,0.000000,0.000000,0.000000,0.006700,0.000000,0.133100,0.000000,0.000000,0.000000,0.002700,0.000000
1689,2.690837,1.398299,1.392300,1.308400,1148.000000,645194557.000000,1140539392.000000,252489728.000000,1275875328.000000,0.000700,0.000000,0.000000,0.000000,0.008500,0.000000,0.110400,0.000000,0.000000,0.000000,0.003700,0.000000
1690,2.692170,1.322704,1.310800,1.223200,1148.000000,645198677.000000,1140539392.000000,252489728.000000,1275875328.000000,0.000800,0.000000,0.000000,0.000000,0.009700,0.000000,0.048800,0.000000,0.000000,0.000000,0.003200,0.000000
1691,2.693448,1.294898,1.300700,1.206600,1148.000000,645198701.000000,1140539392.000000,252489728.000000,1275875328.000000,0.000800,0.000000,0.000000,0.000000,0.010400,0.000000,0.081900,0.000000,0.000000,0.000000,0.003600,0.000000
1692,2.694883,1.417999,1.366500,1.279600,1148.000000,645198749.000000,1140539392.000000,252489728.000000,1275875328.000000,0.000700,0.000000,0.000000,0.000000,0.009000,0.000000,0.125400,0.000000,0.000000,0.000000,0.003000,0.000000
1693,2.696555,1.667198,1.698900,1.562400,1148.000000,645198749.000000,1140539392.000000,252489728.000000,1275875328.000000,0.000700,0.000000,0.000000,0.000000,0.010300,0.000000,0.242800,0.000000,0.000000,0.000000,0.004200,0.000000
1694,2.697888,1.352700,1.360400,1.259600,1148.000000,645199621.000000,1140539392.000000,252489728.000000,1275875328.000000,0.000700,0.000000,0.000000,0.000000,0.010800,0.000000,0.095700,0.000000,0.000000,0.000000,0.003700,0.000000
1695,2.701848,3.916405,3.896400,3.802800,1148.000000,645202530.000000,1140539392.000000,252489728.000000,1275875328.000000,3.426900,0.048000,0.015000,3.308700,0.009700,0.022400,0.011700,0.000700,0.000600,0.016900,0.003000,0.000000
1696,2.703122,1.322796,1.335900,1.230800,1148.000000,645203373.000000,1140539392.000000,252489728.000000,1275875328.000000,0.000600,0.000000,0.000000,0.000000,0.010500,0.000000,0.087400,0.000000,0.000000,0.000000,0.003100,0.000000
1697,2.704552,1.410799,1.405500,1.313200,1148.000000,645203861.000000,1140539392.000000,252489728.000000,1275875328.000000,0.000700,0.000000,0.000000,0.000000,0.009600,0.000000,0.110900,0.000000,0.000000,0.000000,0.002900,0.000000
1698,2.705932,1.404904,1.396600,1.306200,1148.000000,645203029.000000,1140539392.000000,252489728.000000,1275875328.000000,0.000700,0.000000,0.000000,0.000000,0.010400,0.000000,0.108100,0.000000,0.000000,0.000000,0.003700,0.000000
1699,2.707169,1.252700,1.266700,1.170100,1148.000000,645206725.000000,1140539392.000000,252489728.000000,1275875328.000000,0.000700,0.000000,0.000000,0.000000,0.009300,0.000000,0.073900,0.000000,0.000000,0.000000,0.002800,0.000000
1700,2.709862,2.662195,2.644900,2.557400,1148.000000,645204111.000000,1140539392.000000,252489728.000000,1275875328.000000,0.000700,0.000000,0.000000,0.000000,0.007800,0.000000,0.236500,0.000000,0.000000,0.000000,0.003100,0.000000
1701,2.710510,0.643700,0.644900,0.549200,1148.000000,645210357.000000,1140539392.000000,252489728.000000,1275875328.000000,0.000600,0.000000,0.000000,0.000000,0.009900,0.000000,0.160200,0.000000,0.000000,0.000000,0.003600,0.000000
1702,2.711827,1.314704,1.308100,1.214700,1148.000000,645213085.000000,1140539392.000000,252489728.000000,1275875328.000000,0.000700,0.000000,0.000000,0.000000,0.010400,0.000000,0.147400,0.000000,0.000000,0.000000,0.003700,0.000000
1703,2.713029,1.232802,1.244100,1.150900,1148.000000,645210917.000000,1140539392.000000,252489728.000000,1275875328.000000,0.000700,0.000000,0.000000,0.000000,0.009900,0.000000,0.082300,0.000000,0.000000,0.000000,0.003400,0.000000
1704,2.714474,1.369395,1.361100,1.279300,1148.000000,645210941.000000,1140539392.000000,252489728.000000,1275875328.000000,0.000800,0.000000,0.000000,0.000000,0.007400,0.000000,0.129200,0.000000,0.000000,0.000000,0.002700,0.000000
1705,2.718300,3.878203,3.868200,3.779000,1148.000000,645215042.000000,1140539392.000000,252489728.000000,1275875328.000000,3.358300,0.049100,0.016500,3.240400,0.009400,0.019600,0.010200,0.000600,0.000500,0.015200,0.004700,0.000000
1706,2.719698,1.388499,1.387800,1.293600,1148.000000,645212333.000000,1140539392.000000,252489728.000000,1275875328.000000,0.000600,0.000000,0.000000,0.000000,0.010700,0.000000,0.099500,0.000000,0.000000,0.000000,0.003200,0.000000
1707,2.721069,1.354500,1.353800,1.260300,1148.000000,645216005.000000,1140539392.000000,252489728.000000,1275875328.000000,0.000700,0.000000,0.000000,0.000000,0.010100,0.000000,0.108900,0.000000,0.000000,0.000000,0.003300,0.000000
1708,2.723234,1.229401,1.230200,1.142400,1148.000000,645216029.000000,1140539392.000000,252489728.000000,1275875328.000000,0.000600,0.000000,0.000000,0.000000,0.009900,0.000000,0.071000,0.000000,0.000000,0.000000,0.003400,0.000000
1709,2.723700,1.425198,1.416100,1.328300,1148.000000,645217938.000000,1140539392.000000,252489728.000000,1275875328.000000,0.000800,0.000000,0.000000,0.000000,0.007900,0.000000,0.011800,0.000000,0.000000,0.000000,0.005800,0.000000
1710,2.725282,1.568800,1.511600,1.417200,1148.000000,645215629.000000,1140539392.000000,252489728.000000,1275875328.000000,0.000700,0.000000,0.000000,0.000000,0.009700,0.000000,0.121500,0.000000,0.000000,0.000000,0.003200,0.000000
1711,2.726592,1.336905,1.392500,1.249800,1148.000000,645215237.000000,1140539392.000000,252489728.000000,1275875328.000000,0.000800,0.000000,0.000000,0.000000,0.010800,0.000000,0.083600,0.000000,0.000000,0.000000,0.003600,0.000000
1712,2.727877,1.299596,1.303300,1.217000,1148.000000,645219821.000000,1140539392.000000,252489728.000000,1275875328.000000,0.000800,0.000000,0.000000,0.000000,0.009500,0.000000,0.119100,0.000000,0.000000,0.000000,0.002900,0.000000
1713,2.729265,1.364399,1.356300,1.273300,1148.000000,645223085.000000,1140539392.000000,252489728.000000,1275875328.000000,0.000700,0.000000,0.000000,0.000000,0.007400,0.000000,0.099100,0.000000,0.000000,0.000000,0.002800,0.000000
1714,2.730960,1.442999,1.439900,1.350700,1148.000000,645223109.000000,1140539392.000000,252489728.000000,1275875328.000000,0.000700,0.000000,0.000000,0.000000,0.009400,0.000000,0.117400,0.000000,0.000000,0.000000,0.003300,0.000000
1715,2.734276,3.557802,3.548300,3.460800,1148.000000,645226690.000000,1140539392.000000,252489728.000000,1275875328.000000,2.845600,0.046400,0.015800,2.736700,0.010100,0.018400,0.010100,0.000600,0.000500,0.012900,0.004300,0.000000
1716,2.735722,1.455598,1.456900,1.362600,1148.000000,645223677.000000,1140539392.000000,252489728.000000,1275875328.000000,0.000700,0.000000,0.000000,0.000000,0.010600,0.000000,0.101700,0.000000,0.000000,0.000000,0.003500,0.000000
1717,2.737003,1.297102,1.304800,1.215300,1148.000000,645223701.000000,1140539392.000000,252489728.000000,1275875328.000000,0.000700,0.000000,0.000000,0.000000,0.009700,0.000000,0.095900,0.000000,0.000000,0.000000,0.002900,0.000000
1718,2.739529,2.473803,2.444400,2.359400,1148.000000,645230013.000000,1140539392.000000,252489728.000000,1275875328.000000,0.000700,0.000000,0.000000,0.000000,0.008500,0.000000,0.106400,0.000000,0.000000,0.000000,0.002600,0.000000
1719,2.740890,1.376098,1.393100,1.287700,1148.000000,645227349.000000,1140539392.000000,252489728.000000,1275875328.000000,0.000700,0.000000,0.000000,0.000000,0.011300,0.000000,0.086100,0.000000,0.000000,0.000000,0.003400,0.000000
1720,2.742210,1.364002,1.366000,1.279000,1148.000000,645227797.000000,1140539392.000000,252489728.000000,1275875328.000000,0.000800,0.000000,0.000000,0.000000,0.009700,0.000000,0.100300,0.000000,0.000000,0.000000,0.003300,0.000000
1721,2.743593,1.386898,1.383900,1.300700,1148.000000,645227421.000000,1140539392.000000,252489728.000000,1275875328.000000,0.000700,0.000000,0.000000,0.000000,0.007400,0.000000,0.142500,0.000000,0.000000,0.000000,0.002500,0.000000
1722,2.745181,1.570699,1.562300,1.478000,1148.000000,645227421.000000,1140539392.000000,252489728.000000,1275875328.000000,0.000700,0.000000,0.000000,0.000000,0.008100,0.000000,0.128300,0.000000,0.000000,0.000000,0.003000,0.000000
1723,2.747153,1.864704,1.832900,1.745300,1148.000000,645227445.000000,1140539392.000000,252489728.000000,1275875328.000000,0.000600,0.000000,0.000000,0.000000,0.009100,0.000000,0.047300,0.000000,0.000000,0.000000,0.002800,0.000000
1724,2.750878,3.784899,3.778100,3.664300,1148.000000,645236245.000000,1140539392.000000,252489728.000000,1275875328.000000,3.015400,0.049200,0.021000,2.887700,0.014400,0.022100,0.010800,0.001000,0.000600,0.016000,0.005200,0.000000
1725,2.752288,1.436600,1.408400,1.287700,1148.000000,645236261.000000,1140539392.000000,252489728.000000,1275875328.000000,0.000700,0.000000,0.000000,0.000000,0.013600,0.000000,0.119600,0.000000,0.000000,0.000000,0.003900,0.000000
1726,2.753476,1.221698,1.283500,1.140300,1148.000000,645237173.000000,1140539392.000000,252489728.000000,1275875328.000000,0.000700,0.000000,0.000000,0.000000,0.010000,0.000000,0.068000,0.000000,0.000000,0.000000,0.003500,0.000000
1727,2.754827,1.342503,1.337900,1.254200,1148.000000,645235917.000000,1140539392.000000,252489728.000000,1275875328.000000,0.000700,0.000000,0.000000,0.000000,0.007100,0.000000,0.121300,0.000000,0.000000,0.000000,0.002900,0.000000
1728,2.756224,1.379400,1.356900,1.270700,1148.000000,645235397.000000,1140539392.000000,252489728.000000,1275875328.000000,0.000700,0.000000,0.000000,0.000000,0.009100,0.000000,0.114500,0.000000,0.000000,0.000000,0.003100,0.000000
1729,2.757447,1.258999,1.280200,1.178300,1148.000000,645239517.000000,1140539392.000000,252489728.000000,1275875328.000000,0.000700,0.000000,0.000000,0.000000,0.010200,0.000000,0.095400,0.000000,0.000000,0.000000,0.003000,0.000000
1730,2.758822,1.308695,1.304600,1.224300,1148.000000,645239541.000000,1140539392.000000,252489728.000000,1275875328.000000,0.000500,0.000000,0.000000,0.000000,0.006200,0.000000,0.128200,0.000000,0.000000,0.000000,0.002200,0.000000
1731,2.760438,1.650503,1.641500,1.556700,1148.000000,645239565.000000,1140539392.000000,252489728.000000,1275875328.000000,0.000900,0.000000,0.000000,0.000000,0.007000,0.000000,0.135400,0.000000,0.000000,0.000000,0.007900,0.000000
1732,2.762133,1.690001,1.689200,1.598400,1148.000000,645239589.000000,1140539392.000000,252489728.000000,1275875328.000000,0.000700,0.000000,0.000000,0.000000,0.007700,0.000000,0.333300,0.000000,0.000000,0.000000,0.003200,0.000000
1733,2.763351,1.258702,1.263500,1.178200,1148.000000,645239613.000000,1140539392.000000,252489728.000000,1275875328.000000,0.000600,0.000000,0.000000,0.000000,0.010900,0.000000,0.068700,0.000000,0.000000,0.000000,0.003300,0.000000
1734,2.767389,3.953196,3.915400,3.830500,1148.000000,645246050.000000,1140539392.000000,252489728.000000,1275875328.000000,3.469400,0.058600,0.014100,3.340200,0.007300,0.021900,0.010900,0.000500,0.000500,0.017800,0.002500,0.000000
1735,2.768643,1.301998,1.313600,1.214100,1148.000000,645244821.000000,1140539392.000000,252489728.000000,1275875328.000000,0.000800,0.000000,0.000000,0.000000,0.011700,0.000000,0.077000,0.000000,0.000000,0.000000,0.005900,0.000000
1736,2.769957,1.298406,1.289400,1.202300,1148.000000,645247283.000000,1140539392.000000,252489728.000000,1275875328.000000,0.000700,0.000000,0.000000,0.000000,0.009900,0.000000,0.089300,0.000000,0.000000,0.000000,0.003800,0.000000
1737,2.771254,1.311997,1.315000,1.223300,1148.000000,645248941.000000,1140539392.000000,252489728.000000,1275940864.000000,0.000700,0.000000,0.000000,0.000000,0.009900,0.000000,0.077300,0.000000,0.000000,0.000000,0.003500,0.000000
1738,2.772419,1.188804,1.192500,1.108300,1148.000000,645247949.000000,1140539392.000000,252489728.000000,1275940864.000000,0.000800,0.000000,0.000000,0.000000,0.009800,0.000000,0.080400,0.000000,0.000000,0.000000,0.002900,0.000000
1739,2.773732,1.274497,1.241600,1.160800,1148.000000,645247973.000000,1140539392.000000,252489728.000000,1275940864.000000,0.000600,0.000000,0.000000,0.000000,0.008500,0.000000,0.113700,0.000000,0.000000,0.000000,0.002600,0.000000
1740,2.775485,1.657001,1.411400,1.305500,1148.000000,645248005.000000,1140539392.000000,252489728.000000,1275940864.000000,0.000700,0.000000,0.000000,0.000000,0.009900,0.000000,0.168400,0.000000,0.000000,0.000000,0.003700,0.000000
1741,2.776371,1.012698,1.281200,0.935600,1148.000000,645252589.000000,1140539392.000000,252489728.000000,1275940864.000000,0.000800,0.000000,0.000000,0.000000,0.013500,0.000000,0.083800,0.000000,0.000000,0.000000,0.007900,0.000000
1742,2.777695,1.294303,1.272900,1.189700,1148.000000,645252181.000000,1140539392.000000,252489728.000000,1275940864.000000,0.000700,0.000000,0.000000,0.000000,0.008500,0.000000,0.119400,0.000000,0.000000,0.000000,0.002700,0.000000
1743,2.779119,1.429897,1.441700,1.343100,1148.000000,645251781.000000,1140539392.000000,252489728.000000,1275940864.000000,0.000700,0.000000,0.000000,0.000000,0.010600,0.000000,0.013500,0.000000,0.000000,0.000000,0.003500,0.000000
1744,2.780465,1.334999,1.329000,1.243600,1148.000000,645251805.000000,1140539392.000000,252489728.000000,1275940864.000000,0.000900,0.000000,0.000000,0.000000,0.010500,0.000000,0.048800,0.000000,0.000000,0.000000,0.004100,0.000000
1745,2.784648,4.195706,4.188300,4.099000,1148.000000,645255546.000000,1140539392.000000,252489728.000000,1275940864.000000,3.721300,0.196900,0.014200,3.459500,0.009600,0.019800,0.009500,0.000700,0.000500,0.013800,0.003200,0.000000
1746,2.786071,1.425900,1.429000,1.335400,1148.000000,645257029.000000,1140539392.000000,252489728.000000,1275940864.000000,0.000700,0.000000,0.000000,0.000000,0.011400,0.000000,0.118400,0.000000,0.000000,0.000000,0.003400,0.000000
1747,2.787288,1.238499,1.235500,1.149300,1148.000000,645256629.000000,1140539392.000000,252489728.000000,1275940864.000000,0.000700,0.000000,0.000000,0.000000,0.009900,0.000000,0.070200,0.000000,0.000000,0.000000,0.003300,0.000000
1748,2.788615,1.305896,1.302600,1.214500,1148.000000,645256653.000000,1140539392.000000,252489728.000000,1275940864.000000,0.000700,0.000000,0.000000,0.000000,0.007900,0.000000,0.103700,0.000000,0.000000,0.000000,0.002700,0.000000
1749,2.789889,1.290703,1.292800,1.206200,1148.000000,645256045.000000,1140539392.000000,252489728.000000,1275940864.000000,0.000600,0.000000,0.000000,0.000000,0.010100,0.000000,0.124200,0.000000,0.000000,0.000000,0.003300,0.000000
1750,2.791494,1.514300,1.419300,1.336700,1148.000000,645262381.000000,1140539392.000000,252489728.000000,1275940864.000000,0.000700,0.000000,0.000000,0.000000,0.007500,0.000000,0.143400,0.000000,0.000000,0.000000,0.002800,0.000000
1751,2.793753,1.318899,1.407700,1.282700,1148.000000,645264285.000000,1140539392.000000,252489728.000000,1275940864.000000,0.000900,0.000000,0.000000,0.000000,0.014400,0.000000,0.077900,0.000000,0.000000,0.000000,0.005100,0.000000
1752,2.794427,1.672803,1.658300,1.572600,1148.000000,645267893.000000,1140539392.000000,252489728.000000,1275940864.000000,0.000800,0.000000,0.000000,0.000000,0.013200,0.000000,0.176200,0.000000,0.000000,0.000000,0.004500,0.000000
1753,2.796012,1.586494,1.576700,1.481100,1148.000000,645267917.000000,1140539392.000000,252489728.000000,1275940864.000000,0.001000,0.000000,0.000000,0.000000,0.010900,0.000000,0.155300,0.000000,0.000000,0.000000,0.004700,0.000000
1754,2.797258,1.198604,1.180800,1.072700,1148.000000,645267965.000000,1140539392.000000,252489728.000000,1275940864.000000,0.000600,0.000000,0.000000,0.000000,0.011300,0.000000,0.065600,0.000000,0.000000,0.000000,0.004300,0.000000
1755,2.800724,3.497399,3.513500,3.397300,1148.000000,645273155.000000,1140539392.000000,252489728.000000,1275940864.000000,2.930100,0.050300,0.021300,2.798900,0.014700,0.023300,0.012200,0.000700,0.000700,0.016900,0.005100,0.000000
1756,2.802103,1.397697,1.394400,1.296200,1148.000000,645269277.000000,1140539392.000000,252489728.000000,1275940864.000000,0.000700,0.000000,0.000000,0.000000,0.010100,0.000000,0.016200,0.000000,0.000000,0.000000,0.003700,0.000000
1757,2.803303,1.226701,1.238100,1.144000,1148.000000,645273397.000000,1140539392.000000,252489728.000000,1275940864.000000,0.000700,0.000000,0.000000,0.000000,0.010500,0.000000,0.118700,0.000000,0.000000,0.000000,0.003300,0.000000
1758,2.804622,1.315101,1.315100,1.233800,1148.000000,645273845.000000,1140539392.000000,252489728.000000,1275940864.000000,0.000700,0.000000,0.000000,0.000000,0.008400,0.000000,0.123100,0.000000,0.000000,0.000000,0.002600,0.000000
1759,2.806063,1.453904,1.447200,1.367800,1148.000000,645272333.000000,1140539392.000000,252489728.000000,1275940864.000000,0.000800,0.000000,0.000000,0.000000,0.018500,0.000000,0.114300,0.000000,0.000000,0.000000,0.003300,0.000000
1760,2.807443,1.348299,1.323300,1.236500,1148.000000,645272781.000000,1140539392.000000,252489728.000000,1275940864.000000,0.000700,0.000000,0.000000,0.000000,0.007500,0.000000,0.121400,0.000000,0.000000,0.000000,0.002800,0.000000
1761,2.808739,1.333801,1.353700,1.249000,1148.000000,645272381.000000,1140539392.000000,252489728.000000,1275940864.000000,0.000700,0.000000,0.000000,0.000000,0.012500,0.000000,0.118900,0.000000,0.000000,0.000000,0.003300,0.000000
1762,2.810524,1.712096,1.672200,1.582000,1148.000000,645272405.000000,1140539392.000000,252489728.000000,1275940864.000000,0.000900,0.000000,0.000000,0.000000,0.007300,0.000000,0.218600,0.000000,0.000000,0.000000,0.003200,0.000000
1763,2.811757,1.285898,1.304600,1.185400,1148.000000,645280621.000000,1140539392.000000,252489728.000000,1275940864.000000,0.000800,0.000000,0.000000,0.000000,0.012400,0.000000,0.128700,0.000000,0.000000,0.000000,0.003900,0.000000
1764,2.812907,1.178501,1.200200,1.103900,1148.000000,645280645.000000,1140539392.000000,252489728.000000,1275940864.000000,0.000700,0.000000,0.000000,0.000000,0.009500,0.000000,0.071700,0.000000,0.000000,0.000000,0.003100,0.000000
1765,2.814211,1.300099,1.296200,1.221900,1148.000000,645280693.000000,1140539392.000000,252489728.000000,1275940864.000000,0.000600,0.000000,0.000000,0.000000,0.005800,0.000000,0.130200,0.000000,0.000000,0.000000,0.002400,0.000000
1766,2.818311,4.025305,4.002700,3.920100,1148.000000,645286595.000000,1140539392.000000,252489728.000000,1275940864.000000,3.563400,0.061000,0.016000,3.430900,0.006700,0.021300,0.011700,0.000500,0.000900,0.015700,0.002800,0.000000
1767,2.819694,1.444296,1.451100,1.351900,1148.000000,645281493.000000,1140539392.000000,252489728.000000,1275940864.000000,0.000600,0.000000,0.000000,0.000000,0.027300,0.000000,0.127100,0.000000,0.000000,0.000000,0.003900,0.000000
1768,2.821006,1.300000,1.303700,1.217800,1148.000000,645281517.000000,1140539392.000000,252489728.000000,1275940864.000000,0.000700,0.000000,0.000000,0.000000,0.007600,0.000000,0.102100,0.000000,0.000000,0.000000,0.002900,0.000000
1769,2.822224,1.234602,1.232400,1.151000,1148.000000,645285645.000000,1140539392.000000,252489728.000000,1275940864.000000,0.000600,0.000000,0.000000,0.000000,0.006700,0.000000,0.109100,0.000000,0.000000,0.000000,0.002500,0.000000
1770,2.823520,1.270798,1.263500,1.180500,1148.000000,645285389.000000,1140539392.000000,252489728.000000,1275940864.000000,0.000700,0.000000,0.000000,0.000000,0.008300,0.000000,0.117300,0.000000,0.000000,0.000000,0.002600,0.000000
1771,2.824773,1.264101,1.265600,1.181000,1148.000000,645284565.000000,1140539392.000000,252489728.000000,1275940864.000000,0.000700,0.000000,0.000000,0.000000,0.009600,0.000000,0.112500,0.000000,0.000000,0.000000,0.003300,0.000000
1772,2.826096,1.349603,1.344000,1.261200,1148.000000,645284589.000000,1140539392.000000,252489728.000000,1275940864.000000,0.000700,0.000000,0.000000,0.000000,0.009400,0.000000,0.079100,0.000000,0.000000,0.000000,0.003100,0.000000
1773,2.827706,1.588400,1.590000,1.505200,1148.000000,645284101.000000,1140539392.000000,252489728.000000,1275940864.000000,0.000700,0.000000,0.000000,0.000000,0.007500,0.000000,0.240700,0.000000,0.000000,0.000000,0.003100,0.000000
1774,2.829939,1.192297,1.178000,1.099100,1148.000000,645289581.000000,1140539392.000000,252489728.000000,1275940864.000000,0.000600,0.000000,0.000000,0.000000,0.009000,0.000000,0.067900,0.000000,0.000000,0.000000,0.002800,0.000000
1775,2.830446,1.546797,1.547000,1.450200,1148.000000,645292853.000000,1140539392.000000,252489728.000000,1275940864.000000,0.000800,0.000000,0.000000,0.000000,0.012900,0.000000,0.072300,0.000000,0.000000,0.000000,0.004400,0.000000
1776,2.834905,4.387706,4.355300,4.256000,1148.000000,645293525.000000,1140539392.000000,252489728.000000,1275940864.000000,3.207200,0.048600,0.014500,3.092300,0.007200,0.020400,0.351900,0.000500,0.000700,0.014900,0.002900,0.000000
1777,2.835654,0.820897,0.852100,0.733100,1148.000000,645293709.000000,1140539392.000000,252489728.000000,1275940864.000000,0.000700,0.000000,0.000000,0.000000,0.013000,0.000000,0.102500,0.000000,0.000000,0.000000,0.003700,0.000000
1778,2.837042,1.271698,1.277900,1.195300,1148.000000,645293733.000000,1140539392.000000,252489728.000000,1275940864.000000,0.000700,0.000000,0.000000,0.000000,0.007900,0.000000,0.069200,0.000000,0.000000,0.000000,0.004000,0.000000
1779,2.838282,1.336600,1.292800,1.196500,1148.000000,645293269.000000,1140539392.000000,252489728.000000,1275940864.000000,0.000900,0.000000,0.000000,0.000000,0.055500,0.000000,0.049900,0.000000,0.000000,0.000000,0.005400,0.000000
1780,2.840239,1.877501,1.812800,1.633400,1200.000000,645296581.000000,1140539392.000000,252489728.000000,1275940864.000000,0.000700,0.000000,0.000000,0.000000,0.009900,0.000000,0.117000,0.000000,0.000000,0.000000,0.003700,0.000000
1781,2.842072,0.853203,0.938700,0.835500,1148.000000,645299579.000000,1140539392.000000,252489728.000000,1275940864.000000,0.000900,0.000000,0.000000,0.000000,0.011000,0.000000,0.014000,0.000000,0.000000,0.000000,0.004500,0.000000
1782,2.842946,1.791199,1.724300,1.605800,1148.000000,645298821.000000,1140539392.000000,252489728.000000,1275940864.000000,0.000900,0.000000,0.000000,0.000000,0.015300,0.000000,0.035400,0.000000,0.000000,0.000000,0.003600,0.000000
1783,2.844340,1.139201,1.104900,0.950600,1148.000000,645297165.000000,1140539392.000000,252489728.000000,1275940864.000000,0.000900,0.000000,0.000000,0.000000,0.012700,0.000000,0.077800,0.000000,0.000000,0.000000,0.005600,0.000000
1784,2.845513,1.517602,1.572300,1.389900,1148.000000,645297197.000000,1140539392.000000,252489728.000000,1275940864.000000,0.000900,0.000000,0.000000,0.000000,0.014100,0.000000,0.093600,0.000000,0.000000,0.000000,0.007200,0.000000
1785,2.846658,1.217793,1.253600,1.130300,1148.000000,645301773.000000,1140539392.000000,252489728.000000,1275940864.000000,0.000800,0.000000,0.000000,0.000000,0.013000,0.000000,0.072500,0.000000,0.000000,0.000000,0.005300,0.000000
1786,2.850392,3.709503,3.698700,3.606500,1148.000000,645305218.000000,1140539392.000000,252489728.000000,1275940864.000000,3.248200,0.056200,0.015700,3.124700,0.007900,0.019400,0.012900,0.000800,0.000700,0.014500,0.003000,0.000000
1787,2.851609,1.238598,1.251800,1.156100,1148.000000,645301829.000000,1140539392.000000,252489728.000000,1275940864.000000,0.000500,0.000000,0.000000,0.000000,0.010700,0.000000,0.078900,0.000000,0.000000,0.000000,0.002900,0.000000
1788,2.852789,1.201105,1.202400,1.123600,1148.000000,645305949.000000,1140539392.000000,252489728.000000,1275940864.000000,0.000700,0.000000,0.000000,0.000000,0.009500,0.000000,0.097500,0.000000,0.000000,0.000000,0.002900,0.000000
1789,2.854012,1.222499,1.221700,1.147700,1148.000000,645305973.000000,1140539392.000000,252489728.000000,1275940864.000000,0.000600,0.000000,0.000000,0.000000,0.006400,0.000000,0.122900,0.000000,0.000000,0.000000,0.002500,0.000000
1790,2.855576,1.523597,1.504000,1.426800,1148.000000,645305589.000000,1140539392.000000,252489728.000000,1275940864.000000,0.000600,0.000000,0.000000,0.000000,0.007600,0.000000,0.229300,0.000000,0.000000,0.000000,0.002500,0.000000
1791,2.856770,1.218502,1.225600,1.134600,1148.000000,645309285.000000,1140539392.000000,252489728.000000,1275940864.000000,0.000700,0.000000,0.000000,0.000000,0.010400,0.000000,0.079100,0.000000,0.000000,0.000000,0.003400,0.000000
1792,2.858121,1.331300,1.300800,1.216100,1148.000000,645309309.000000,1140539392.000000,252489728.000000,1275940864.000000,0.000800,0.000000,0.000000,0.000000,0.008900,0.000000,0.119600,0.000000,0.000000,0.000000,0.002800,0.000000
1793,2.859539,1.414697,1.429200,1.319100,1148.000000,645309333.000000,1140539392.000000,252489728.000000,1275940864.000000,0.000700,0.000000,0.000000,0.000000,0.010600,0.000000,0.194800,0.000000,0.000000,0.000000,0.003300,0.000000
1794,2.860879,1.343403,1.348900,1.254300,1148.000000,645309381.000000,1140539392.000000,252489728.000000,1275940864.000000,0.000700,0.000000,0.000000,0.000000,0.010400,0.000000,0.097500,0.000000,0.000000,0.000000,0.003300,0.000000
1795,2.862357,1.476601,1.467200,1.379000,1148.000000,645309381.000000,1140539392.000000,252489728.000000,1275940864.000000,0.000700,0.000000,0.000000,0.000000,0.007700,0.000000,0.119800,0.000000,0.000000,0.000000,0.003600,0.000000
1796,2.863747,1.394097,1.373800,1.267000,1148.000000,645308893.000000,1140539392.000000,252489728.000000,1275940864.000000,0.000700,0.000000,0.000000,0.000000,0.009200,0.000000,0.083300,0.000000,0.000000,0.000000,0.003500,0.000000
1797,2.867429,3.667000,3.672100,3.563100,1148.000000,645317714.000000,1140539392.000000,252489728.000000,1276006400.000000,3.179300,0.047500,0.016000,3.060000,0.010200,0.021800,0.010900,0.000800,0.000600,0.017400,0.003200,0.000000
1798,2.868665,1.260204,1.272900,1.173800,1148.000000,645316653.000000,1140539392.000000,252489728.000000,1276006400.000000,0.000700,0.000000,0.000000,0.000000,0.011600,0.000000,0.081000,0.000000,0.000000,0.000000,0.003100,0.000000
1799,2.870169,1.487698,1.477600,1.391700,1148.000000,645314941.000000,1140539392.000000,252489728.000000,1276006400.000000,0.000700,0.000000,0.000000,0.000000,0.009300,0.000000,0.229800,0.000000,0.000000,0.000000,0.003400,0.000000
1800,2.871677,1.493296,1.322000,1.231300,1148.000000,645314541.000000,1140539392.000000,252489728.000000,1276006400.000000,0.000700,0.000000,0.000000,0.000000,0.010400,0.000000,0.097900,0.000000,0.000000,0.000000,0.003400,0.000000
1801,2.872777,1.124504,1.297000,1.041100,1148.000000,645317357.000000,1140539392.000000,252489728.000000,1276006400.000000,0.000700,0.000000,0.000000,0.000000,0.010700,0.000000,0.106000,0.000000,0.000000,0.000000,0.004100,0.000000
1802,2.874011,1.254698,1.254000,1.170600,1148.000000,645321477.000000,1140539392.000000,252489728.000000,1276006400.000000,0.000800,0.000000,0.000000,0.000000,0.009400,0.000000,0.118400,0.000000,0.000000,0.000000,0.003200,0.000000
1803,2.875428,1.410601,1.403800,1.321200,1148.000000,645321501.000000,1140539392.000000,252489728.000000,1276006400.000000,0.000700,0.000000,0.000000,0.000000,0.007400,0.000000,0.088900,0.000000,0.000000,0.000000,0.003000,0.000000
1804,2.876690,1.276998,1.282800,1.195500,1148.000000,645321525.000000,1140539392.000000,252489728.000000,1276006400.000000,0.000700,0.000000,0.000000,0.000000,0.009900,0.000000,0.082900,0.000000,0.000000,0.000000,0.002800,0.000000
1805,2.877955,1.275503,1.274600,1.197900,1148.000000,645321549.000000,1140539392.000000,252489728.000000,1276006400.000000,0.000700,0.000000,0.000000,0.000000,0.006600,0.000000,0.078200,0.000000,0.000000,0.000000,0.002700,0.000000
1806,2.879358,1.387302,1.383200,1.306900,1148.000000,645321997.000000,1140539392.000000,252489728.000000,1276006400.000000,0.000400,0.000000,0.000000,0.000000,0.006600,0.000000,0.187700,0.000000,0.000000,0.000000,0.002300,0.000000
1807,2.880816,1.371698,1.362400,1.282700,1148.000000,645321597.000000,1140539392.000000,252489728.000000,1276006400.000000,0.000800,0.000000,0.000000,0.000000,0.008000,0.000000,0.065100,0.000000,0.000000,0.000000,0.003100,0.000000
1808,2.884453,3.697796,3.682700,3.592200,1148.000000,645329874.000000,1140539392.000000,252489728.000000,1276006400.000000,3.145600,0.050300,0.021300,3.014500,0.008000,0.022200,0.010200,0.000900,0.000600,0.017700,0.007900,0.000000
1809,2.886019,1.561501,1.561200,1.460000,1148.000000,645326693.000000,1140539392.000000,252489728.000000,1276006400.000000,0.000700,0.000000,0.000000,0.000000,0.009100,0.000000,0.122100,0.000000,0.000000,0.000000,0.003000,0.000000
1810,2.887140,1.147399,1.162900,1.070300,1148.000000,645326717.000000,1140539392.000000,252489728.000000,1276006400.000000,0.000700,0.000000,0.000000,0.000000,0.010100,0.000000,0.070400,0.000000,0.000000,0.000000,0.003500,0.000000
1811,2.888339,1.207603,1.202700,1.126000,1148.000000,645326741.000000,1140539392.000000,252489728.000000,1276006400.000000,0.000600,0.000000,0.000000,0.000000,0.007100,0.000000,0.074500,0.000000,0.000000,0.000000,0.002900,0.000000
1812,2.889697,1.319402,1.312700,1.231500,1148.000000,645325837.000000,1140539392.000000,252489728.000000,1276006400.000000,0.000700,0.000000,0.000000,0.000000,0.007600,0.000000,0.085600,0.000000,0.000000,0.000000,0.002700,0.000000
1813,2.891012,1.329400,1.320900,1.236700,1148.000000,645329965.000000,1140539392.000000,252489728.000000,1276006400.000000,0.000600,0.000000,0.000000,0.000000,0.010200,0.000000,0.105900,0.000000,0.000000,0.000000,0.003200,0.000000
1814,2.892367,1.342198,1.339700,1.248700,1148.000000,645337181.000000,1140539392.000000,252489728.000000,1276006400.000000,0.000600,0.000000,0.000000,0.000000,0.008800,0.000000,0.122800,0.000000,0.000000,0.000000,0.003300,0.000000
1815,2.893677,1.325900,1.329500,1.239900,1148.000000,645333717.000000,1140539392.000000,252489728.000000,1276006400.000000,0.000800,0.000000,0.000000,0.000000,0.010000,0.000000,0.119300,0.000000,0.000000,0.000000,0.003400,0.000000
1816,2.895136,1.426899,1.412300,1.324900,1148.000000,645333741.000000,1140539392.000000,252489728.000000,1276006400.000000,0.000700,0.000000,0.000000,0.000000,0.009200,0.000000,0.093700,0.000000,0.000000,0.000000,0.003400,0.000000
1817,2.896626,1.500999,1.498600,1.402200,1148.000000,645333765.000000,1140539392.000000,252489728.000000,1276006400.000000,0.000700,0.000000,0.000000,0.000000,0.010700,0.000000,0.072100,0.000000,0.000000,0.000000,0.004300,0.000000
1818,2.900232,3.598002,3.596100,3.500700,1148.000000,645344185.000000,1140539392.000000,252489728.000000,1276006400.000000,3.126000,0.062700,0.017600,2.994300,0.010300,0.023100,0.010600,0.000600,0.000700,0.013300,0.003100,0.000000
1819,2.901468,1.275999,1.282000,1.190000,1148.000000,645343061.000000,1140539392.000000,252489728.000000,1276006400.000000,0.000600,0.000000,0.000000,0.000000,0.010300,0.000000,0.076000,0.000000,0.000000,0.000000,0.003100,0.000000
1820,2.902623,1.182901,1.191700,1.107200,1148.000000,645343085.000000,1140539392.000000,252489728.000000,1276006400.000000,0.000600,0.000000,0.000000,0.000000,0.007600,0.000000,0.072200,0.000000,0.000000,0.000000,0.002700,0.000000
1821,2.903958,1.282299,1.270100,1.193800,1148.000000,645343109.000000,1140539392.000000,252489728.000000,1276006400.000000,0.000600,0.000000,0.000000,0.000000,0.005900,0.000000,0.122100,0.000000,0.000000,0.000000,0.002600,0.000000
1822,2.905481,1.517297,1.506500,1.420600,1148.000000,645338429.000000,1140539392.000000,252489728.000000,1276006400.000000,0.000700,0.000000,0.000000,0.000000,0.009200,0.000000,0.264800,0.000000,0.000000,0.000000,0.003300,0.000000
1823,2.906631,1.181604,1.190000,1.099100,1148.000000,645338053.000000,1140539392.000000,252489728.000000,1276006400.000000,0.000700,0.000000,0.000000,0.000000,0.010600,0.000000,0.080800,0.000000,0.000000,0.000000,0.003300,0.000000
1824,2.907867,1.247995,1.244800,1.165100,1148.000000,645338053.000000,1140539392.000000,252489728.000000,1276006400.000000,0.000700,0.000000,0.000000,0.000000,0.008500,0.000000,0.113300,0.000000,0.000000,0.000000,0.002900,0.000000
1825,2.909458,1.542404,1.390700,1.307500,1148.000000,645342173.000000,1140539392.000000,252489728.000000,1276006400.000000,0.000600,0.000000,0.000000,0.000000,0.006600,0.000000,0.012800,0.000000,0.000000,0.000000,0.002700,0.000000
1826,2.910817,1.364201,1.390500,1.285300,1148.000000,645345781.000000,1140539392.000000,252489728.000000,1276006400.000000,0.000900,0.000000,0.000000,0.000000,0.009700,0.000000,0.128400,0.000000,0.000000,0.000000,0.004100,0.000000
1827,2.911913,1.103401,1.215900,1.015000,1148.000000,645346317.000000,1140539392.000000,252489728.000000,1276006400.000000,0.000700,0.000000,0.000000,0.000000,0.010500,0.000000,0.110100,0.000000,0.000000,0.000000,0.003300,0.000000
1828,2.913207,1.314697,1.316300,1.231100,1148.000000,645346773.000000,1140539392.000000,252489728.000000,1276006400.000000,0.000700,0.000000,0.000000,0.000000,0.009800,0.000000,0.095400,0.000000,0.000000,0.000000,0.003000,0.000000
1829,2.914541,1.341603,1.340000,1.259000,1148.000000,645349291.000000,1140539392.000000,252489728.000000,1276006400.000000,0.000800,0.000000,0.000000,0.000000,0.008300,0.000000,0.132600,0.000000,0.000000,0.000000,0.002800,0.000000
1830,2.918746,4.202501,4.194200,4.113000,1148.000000,645357745.000000,1140539392.000000,252489728.000000,1276006400.000000,3.791300,0.046200,0.013600,3.683400,0.007500,0.019700,0.010800,0.000700,0.000600,0.012900,0.002900,0.000000
1831,2.920377,1.578798,1.571700,1.483000,1148.000000,645350405.000000,1140539392.000000,252489728.000000,1276006400.000000,0.000700,0.000000,0.000000,0.000000,0.009700,0.000000,0.203600,0.000000,0.000000,0.000000,0.003100,0.000000
1832,2.921537,1.194501,1.196900,1.105300,1148.000000,645350429.000000,1140539392.000000,252489728.000000,1276006400.000000,0.000700,0.000000,0.000000,0.000000,0.010100,0.000000,0.101800,0.000000,0.000000,0.000000,0.003500,0.000000
1833,2.922792,1.244997,1.241000,1.153300,1148.000000,645350453.000000,1140539392.000000,252489728.000000,1276006400.000000,0.000700,0.000000,0.000000,0.000000,0.009200,0.000000,0.110100,0.000000,0.000000,0.000000,0.002800,0.000000
1834,2.924057,1.263003,1.263900,1.177500,1148.000000,645352978.000000,1140539392.000000,252489728.000000,1276006400.000000,0.000800,0.000000,0.000000,0.000000,0.009900,0.000000,0.013000,0.000000,0.000000,0.000000,0.003500,0.000000
1835,2.925616,1.547499,1.495000,1.404400,1148.000000,645350245.000000,1140539392.000000,252489728.000000,1276006400.000000,0.000800,0.000000,0.000000,0.000000,0.008800,0.000000,0.062400,0.000000,0.000000,0.000000,0.004600,0.000000
1836,2.926830,1.258199,1.290200,1.177900,1148.000000,645358461.000000,1140539392.000000,252489728.000000,1276006400.000000,0.000800,0.000000,0.000000,0.000000,0.010300,0.000000,0.114500,0.000000,0.000000,0.000000,0.003500,0.000000
1837,2.928113,1.263698,1.261600,1.179300,1148.000000,645358485.000000,1140539392.000000,252489728.000000,1276006400.000000,0.000600,0.000000,0.000000,0.000000,0.006800,0.000000,0.110400,0.000000,0.000000,0.000000,0.002600,0.000000
1838,2.930278,1.273802,1.249600,1.170000,1148.000000,645358957.000000,1140539392.000000,252489728.000000,1276006400.000000,0.000800,0.000000,0.000000,0.000000,0.008900,0.000000,0.113400,0.000000,0.000000,0.000000,0.002900,0.000000
1839,2.930799,1.405003,1.419500,1.315900,1148.000000,645362629.000000,1140539392.000000,252489728.000000,1276006400.000000,0.000900,0.000000,0.000000,0.000000,0.008800,0.000000,0.044600,0.000000,0.000000,0.000000,0.006300,0.000000
1840,2.934273,3.478798,3.469200,3.383800,1148.000000,645366658.000000,1140539392.000000,252489728.000000,1276006400.000000,3.037400,0.048600,0.013000,2.932900,0.009300,0.017100,0.011200,0.000600,0.000500,0.012800,0.002800,0.000000
1841,2.935585,1.344196,1.353300,1.262200,1148.000000,645367101.000000,1140539392.000000,252489728.000000,1276006400.000000,0.000600,0.000000,0.000000,0.000000,0.009800,0.000000,0.100900,0.000000,0.000000,0.000000,0.002600,0.000000
1842,2.936950,1.328401,1.319200,1.237800,1148.000000,645367133.000000,1140539392.000000,252489728.000000,1276006400.000000,0.000700,0.000000,0.000000,0.000000,0.006900,0.000000,0.119400,0.000000,0.000000,0.000000,0.002900,0.000000
1843,2.938188,1.234602,1.229500,1.142200,1148.000000,645367613.000000,1140539392.000000,252489728.000000,1276006400.000000,0.000700,0.000000,0.000000,0.000000,0.009700,0.000000,0.106900,0.000000,0.000000,0.000000,0.003100,0.000000
1844,2.939385,1.217701,1.222600,1.134800,1148.000000,645366485.000000,1140539392.000000,252489728.000000,1276006400.000000,0.000700,0.000000,0.000000,0.000000,0.009900,0.000000,0.116400,0.000000,0.000000,0.000000,0.003300,0.000000
1845,2.940688,1.287897,1.287200,1.205900,1148.000000,645366509.000000,1140539392.000000,252489728.000000,1276006400.000000,0.000800,0.000000,0.000000,0.000000,0.008500,0.000000,0.087700,0.000000,0.000000,0.000000,0.002700,0.000000
1846,2.942532,1.786798,1.333800,1.251500,1148.000000,645368725.000000,1140539392.000000,252489728.000000,1276006400.000000,0.000600,0.000000,0.000000,0.000000,0.006900,0.000000,0.114000,0.000000,0.000000,0.000000,0.002700,0.000000
1847,2.943300,0.795203,1.209800,0.683500,1148.000000,645370653.000000,1140539392.000000,252489728.000000,1276006400.000000,0.000700,0.000000,0.000000,0.000000,0.010100,0.000000,0.068300,0.000000,0.000000,0.000000,0.003900,0.000000
1848,2.944516,1.262202,1.285100,1.176100,1148.000000,645370677.000000,1140539392.000000,252489728.000000,1276006400.000000,0.000600,0.000000,0.000000,0.000000,0.009700,0.000000,0.116400,0.000000,0.000000,0.000000,0.003900,0.000000
1849,2.945832,1.319395,1.324000,1.236700,1148.000000,645370701.000000,1140539392.000000,252489728.000000,1276006400.000000,0.000700,0.000000,0.000000,0.000000,0.008600,0.000000,0.081200,0.000000,0.000000,0.000000,0.002600,0.000000
1850,2.947222,1.365703,1.355000,1.272500,1148.000000,645370725.000000,1140539392.000000,252489728.000000,1276006400.000000,0.000600,0.000000,0.000000,0.000000,0.006900,0.000000,0.108100,0.000000,0.000000,0.000000,0.002900,0.000000
1851,2.950867,3.631002,3.620200,3.528700,1148.000000,645374322.000000,1140539392.000000,252489728.000000,1276006400.000000,3.155200,0.048100,0.014900,3.045100,0.009800,0.019000,0.010900,0.000500,0.000600,0.013300,0.003300,0.000000
1852,2.952137,1.297201,1.292900,1.197100,1148.000000,645375285.000000,1140539392.000000,252489728.000000,1276006400.000000,0.000800,0.000000,0.000000,0.000000,0.015500,0.000000,0.085700,0.000000,0.000000,0.000000,0.002600,0.000000
1853,2.953311,1.192694,1.209100,1.113100,1148.000000,645379365.000000,1140539392.000000,252489728.000000,1276071936.000000,0.000700,0.000000,0.000000,0.000000,0.009200,0.000000,0.078100,0.000000,0.000000,0.000000,0.002700,0.000000
1854,2.954793,1.443105,1.422500,1.341800,1148.000000,645380237.000000,1140539392.000000,252489728.000000,1276076032.000000,0.000600,0.000000,0.000000,0.000000,0.006700,0.000000,0.015800,0.000000,0.000000,0.000000,0.002600,0.000000
1855,2.956107,1.309999,1.229200,1.133700,1148.000000,645379061.000000,1140539392.000000,252489728.000000,1276076032.000000,0.000600,0.000000,0.000000,0.000000,0.010100,0.000000,0.094200,0.000000,0.000000,0.000000,0.003000,0.000000
1856,2.957507,1.344700,1.429700,1.257700,1148.000000,645379085.000000,1140539392.000000,252489728.000000,1276076032.000000,0.000700,0.000000,0.000000,0.000000,0.010100,0.000000,0.130800,0.000000,0.000000,0.000000,0.003500,0.000000
1857,2.958779,1.359503,1.359300,1.251600,1148.000000,645378605.000000,1140539392.000000,252489728.000000,1276076032.000000,0.000800,0.000000,0.000000,0.000000,0.009700,0.000000,0.096500,0.000000,0.000000,0.000000,0.008300,0.000000
1858,2.960771,1.940299,1.398400,1.304400,1148.000000,645383693.000000,1140539392.000000,252489728.000000,1276076032.000000,0.000800,0.000000,0.000000,0.000000,0.008700,0.000000,0.209000,0.000000,0.000000,0.000000,0.003100,0.000000
1859,2.961687,0.958999,1.492600,0.873800,1148.000000,645382869.000000,1140539392.000000,252489728.000000,1276076032.000000,0.000600,0.000000,0.000000,0.000000,0.010500,0.000000,0.204600,0.000000,0.000000,0.000000,0.004200,0.000000
1860,2.963023,1.335998,1.334000,1.246000,1148.000000,645382893.000000,1140539392.000000,252489728.000000,1276076032.000000,0.000700,0.000000,0.000000,0.000000,0.008800,0.000000,0.119600,0.000000,0.000000,0.000000,0.003300,0.000000
1861,2.964293,1.289101,1.290800,1.206600,1148.000000,645382917.000000,1140539392.000000,252489728.000000,1276076032.000000,0.000600,0.000000,0.000000,0.000000,0.008800,0.000000,0.121900,0.000000,0.000000,0.000000,0.002800,0.000000
1862,2.968075,3.758496,3.740600,3.656300,1148.000000,645388642.000000,1140539392.000000,252489728.000000,1276080128.000000,3.311900,0.048200,0.014300,3.199800,0.008100,0.020400,0.010300,0.000600,0.000600,0.013100,0.002900,0.000000
1863,2.969406,1.346103,1.353700,1.258600,1148.000000,645383413.000000,1140539392.000000,252489728.000000,1276080128.000000,0.000800,0.000000,0.000000,0.000000,0.008800,0.000000,0.137100,0.000000,0.000000,0.000000,0.003000,0.000000
1864,2.970726,1.328302,1.328500,1.242700,1148.000000,645387533.000000,1140539392.000000,252489728.000000,1276080128.000000,0.000700,0.000000,0.000000,0.000000,0.009100,0.000000,0.086200,0.000000,0.000000,0.000000,0.002700,0.000000
1865,2.972071,1.312897,1.312000,1.226000,1148.000000,645391653.000000,1140539392.000000,252489728.000000,1276080128.000000,0.000700,0.000000,0.000000,0.000000,0.006500,0.000000,0.109900,0.000000,0.000000,0.000000,0.002800,0.000000
1866,2.973271,1.224702,1.223700,1.142200,1148.000000,645391253.000000,1140539392.000000,252489728.000000,1276080128.000000,0.000800,0.000000,0.000000,0.000000,0.009400,0.000000,0.085600,0.000000,0.000000,0.000000,0.003000,0.000000
1867,2.974595,1.324901,1.324000,1.244100,1148.000000,645391301.000000,1140539392.000000,252489728.000000,1276080128.000000,0.000800,0.000000,0.000000,0.000000,0.007000,0.000000,0.129800,0.000000,0.000000,0.000000,0.003000,0.000000
1868,2.975941,1.348101,1.344800,1.265500,1148.000000,645391725.000000,1140539392.000000,252489728.000000,1276080128.000000,0.000700,0.000000,0.000000,0.000000,0.008100,0.000000,0.067300,0.000000,0.000000,0.000000,0.002700,0.000000
1869,2.977565,1.502799,1.408000,1.310200,1148.000000,645394909.000000,1140539392.000000,252489728.000000,1276080128.000000,0.000700,0.000000,0.000000,0.000000,0.007600,0.000000,0.153600,0.000000,0.000000,0.000000,0.002900,0.000000
1870,2.978648,1.163995,1.210000,1.040200,1148.000000,645395869.000000,1140539392.000000,252489728.000000,1276084224.000000,0.000800,0.000000,0.000000,0.000000,0.013900,0.000000,0.057800,0.000000,0.000000,0.000000,0.006600,0.000000
1871,2.980075,1.307001,1.333800,1.212400,1148.000000,645395469.000000,1140539392.000000,252489728.000000,1276084224.000000,0.000700,0.000000,0.000000,0.000000,0.010900,0.000000,0.072500,0.000000,0.000000,0.000000,0.004100,0.000000
1872,2.984180,4.165100,4.128300,4.026800,1148.000000,645402074.000000,1140539392.000000,252489728.000000,1276084224.000000,3.471300,0.046700,0.018900,3.350700,0.010600,0.021200,0.012300,0.000700,0.000600,0.015800,0.006900,0.000000
1873,2.985594,1.466900,1.492600,1.367200,1148.000000,645396029.000000,1140539392.000000,252489728.000000,1276084224.000000,0.000700,0.000000,0.000000,0.000000,0.012600,0.000000,0.169100,0.000000,0.000000,0.000000,0.004600,0.000000
1874,2.986853,1.281002,1.294700,1.197000,1148.000000,645396053.000000,1140539392.000000,252489728.000000,1276084224.000000,0.000800,0.000000,0.000000,0.000000,0.011100,0.000000,0.121700,0.000000,0.000000,0.000000,0.003700,0.000000
1875,2.988009,1.181902,1.183700,1.102600,1148.000000,645400173.000000,1140539392.000000,252489728.000000,1276084224.000000,0.000700,0.000000,0.000000,0.000000,0.009000,0.000000,0.076000,0.000000,0.000000,0.000000,0.003100,0.000000
1876,2.989327,1.317900,1.311000,1.232900,1148.000000,645399325.000000,1140539392.000000,252489728.000000,1276084224.000000,0.000800,0.000000,0.000000,0.000000,0.007000,0.000000,0.136700,0.000000,0.000000,0.000000,0.002900,0.000000
1877,2.990780,1.406796,1.362000,1.280000,1148.000000,645403445.000000,1140539392.000000,252489728.000000,1276084224.000000,0.000700,0.000000,0.000000,0.000000,0.007800,0.000000,0.068500,0.000000,0.000000,0.000000,0.002700,0.000000
1878,2.992788,2.015604,1.369000,1.245800,1148.000000,645405661.000000,1140539392.000000,252489728.000000,1276088320.000000,0.000700,0.000000,0.000000,0.000000,0.011200,0.000000,0.015400,0.000000,0.000000,0.000000,0.003700,0.000000
1879,2.993383,0.617099,1.292300,0.525500,1148.000000,645403493.000000,1140539392.000000,252489728.000000,1276088320.000000,0.000800,0.000000,0.000000,0.000000,0.010500,0.000000,0.117800,0.000000,0.000000,0.000000,0.004100,0.000000
1880,2.994730,1.339399,1.339000,1.246700,1148.000000,645403517.000000,1140539392.000000,252489728.000000,1276088320.000000,0.000600,0.000000,0.000000,0.000000,0.009300,0.000000,0.091600,0.000000,0.000000,0.000000,0.003000,0.000000
1881,2.996141,1.398597,1.393400,1.301000,1148.000000,645407637.000000,1140539392.000000,252489728.000000,1276088320.000000,0.000700,0.000000,0.000000,0.000000,0.009600,0.000000,0.112500,0.000000,0.000000,0.000000,0.003000,0.000000
1882,2.997402,1.267205,1.272400,1.181700,1148.000000,645408109.000000,1140539392.000000,252489728.000000,1276088320.000000,0.000700,0.000000,0.000000,0.000000,0.010300,0.000000,0.115700,0.000000,0.000000,0.000000,0.003800,0.000000
1883,3.001003,3.574901,3.552900,3.465000,1148.000000,645411434.000000,1140539392.000000,252489728.000000,1276088320.000000,3.091600,0.047700,0.015500,2.980700,0.009800,0.018800,0.011100,0.000700,0.000500,0.013100,0.003600,0.000000
1884,3.002330,1.347499,1.345800,1.238400,1148.000000,645407717.000000,1140539392.000000,252489728.000000,1276088320.000000,0.000800,0.000000,0.000000,0.000000,0.010800,0.000000,0.138200,0.000000,0.000000,0.000000,0.003200,0.000000
1885,3.003418,1.111600,1.131400,1.034000,1148.000000,645408253.000000,1140539392.000000,252489728.000000,1276088320.000000,0.000700,0.000000,0.000000,0.000000,0.010600,0.000000,0.079500,0.000000,0.000000,0.000000,0.003600,0.000000
1886,3.004670,1.263698,1.263100,1.185700,1148.000000,645412805.000000,1140539392.000000,252489728.000000,1276088320.000000,0.000700,0.000000,0.000000,0.000000,0.008300,0.000000,0.111300,0.000000,0.000000,0.000000,0.002900,0.000000
1887,3.006015,1.346400,1.342500,1.265600,1148.000000,645412365.000000,1140539392.000000,252489728.000000,1276088320.000000,0.000600,0.000000,0.000000,0.000000,0.006700,0.000000,0.080600,0.000000,0.000000,0.000000,0.002800,0.000000
1888,3.007378,1.328897,1.315300,1.233600,1148.000000,645411541.000000,1140539392.000000,252489728.000000,1276088320.000000,0.000600,0.000000,0.000000,0.000000,0.006700,0.000000,0.124000,0.000000,0.000000,0.000000,0.002500,0.000000
1889,3.008681,1.316603,1.319900,1.231500,1148.000000,645411565.000000,1140539392.000000,252489728.000000,1276088320.000000,0.000800,0.000000,0.000000,0.000000,0.009900,0.000000,0.108500,0.000000,0.000000,0.000000,0.003500,0.000000
1890,3.010680,1.946103,1.565200,1.456800,1148.000000,645415685.000000,1140539392.000000,252489728.000000,1276088320.000000,0.000800,0.000000,0.000000,0.000000,0.009100,0.000000,0.189000,0.000000,0.000000,0.000000,0.002900,0.000000
1891,3.011629,1.000595,1.370500,0.914100,1148.000000,645415709.000000,1140539392.000000,252489728.000000,1276088320.000000,0.000800,0.000000,0.000000,0.000000,0.011200,0.000000,0.156500,0.000000,0.000000,0.000000,0.004800,0.000000
1892,3.012908,1.281406,1.282200,1.194800,1148.000000,645419829.000000,1140539392.000000,252489728.000000,1276088320.000000,0.000600,0.000000,0.000000,0.000000,0.008500,0.000000,0.098000,0.000000,0.000000,0.000000,0.003000,0.000000
1893,3.014284,1.374100,1.367200,1.280700,1148.000000,645419853.000000,1140539392.000000,252489728.000000,1276088320.000000,0.000600,0.000000,0.000000,0.000000,0.009300,0.000000,0.113100,0.000000,0.000000,0.000000,0.002900,0.000000
1894,3.018234,3.940696,3.935500,3.844100,1148.000000,645426194.000000,1140539392.000000,252489728.000000,1276088320.000000,3.463600,0.049700,0.015100,3.346400,0.008000,0.020100,0.011200,0.000700,0.000700,0.015700,0.002800,0.000000
1895,3.019524,1.302303,1.304200,1.213000,1148.000000,645420469.000000,1140539392.000000,252489728.000000,1276088320.000000,0.000600,0.000000,0.000000,0.000000,0.010900,0.000000,0.100300,0.000000,0.000000,0.000000,0.003100,0.000000
1896,3.020826,1.298398,1.302000,1.217300,1148.000000,645420517.000000,1140539392.000000,252489728.000000,1276088320.000000,0.000700,0.000000,0.000000,0.000000,0.008800,0.000000,0.092700,0.000000,0.000000,0.000000,0.003000,0.000000
1897,3.022149,1.313896,1.297500,1.215300,1148.000000,645424613.000000,1140539392.000000,252489728.000000,1276088320.000000,0.000600,0.000000,0.000000,0.000000,0.007400,0.000000,0.127000,0.000000,0.000000,0.000000,0.002700,0.000000
1898,3.023326,1.188903,1.199200,1.106500,1148.000000,645424093.000000,1140539392.000000,252489728.000000,1276088320.000000,0.000700,0.000000,0.000000,0.000000,0.010100,0.000000,0.107200,0.000000,0.000000,0.000000,0.003200,0.000000
1899,3.024572,1.265497,1.265100,1.185500,1148.000000,645424117.000000,1140539392.000000,252489728.000000,1276088320.000000,0.000800,0.000000,0.000000,0.000000,0.009500,0.000000,0.121300,0.000000,0.000000,0.000000,0.003300,0.000000
1900,3.026762,1.356101,1.332000,1.254600,1148.000000,645424141.000000,1140539392.000000,252489728.000000,1276088320.000000,0.000600,0.000000,0.000000,0.000000,0.006700,0.000000,0.110500,0.000000,0.000000,0.000000,0.002900,0.000000
1901,3.027632,1.365901,1.334400,1.231300,1148.000000,645424173.000000,1140539392.000000,252489728.000000,1276088320.000000,0.000900,0.000000,0.000000,0.000000,0.007900,0.000000,0.014500,0.000000,0.000000,0.000000,0.007600,0.000000
1902,3.029712,2.405598,1.319300,1.181100,1148.000000,645425077.000000,1140539392.000000,252489728.000000,1276092416.000000,0.000800,0.000000,0.000000,0.000000,0.010200,0.000000,0.076600,0.000000,0.000000,0.000000,0.005600,0.000000
1903,3.030474,0.629804,1.744700,0.531600,1148.000000,645431509.000000,1140539392.000000,252489728.000000,1276092416.000000,0.000700,0.000000,0.000000,0.000000,0.009100,0.000000,0.178400,0.000000,0.000000,0.000000,0.003300,0.000000
1904,3.033837,3.414796,3.408500,3.312600,1148.000000,645435674.000000,1140539392.000000,252489728.000000,1276092416.000000,2.824600,0.048100,0.016600,2.708500,0.010100,0.020500,0.009900,0.000600,0.000500,0.013800,0.005200,0.000000
1905,3.035330,1.541603,1.545400,1.448700,1148.000000,645432685.000000,1140539392.000000,252489728.000000,1276092416.000000,0.000700,0.000000,0.000000,0.000000,0.010900,0.000000,0.134300,0.000000,0.000000,0.000000,0.003900,0.000000
1906,3.036603,1.304897,1.299000,1.209800,1148.000000,645432709.000000,1140539392.000000,252489728.000000,1276092416.000000,0.000600,0.000000,0.000000,0.000000,0.010000,0.000000,0.114500,0.000000,0.000000,0.000000,0.004200,0.000000
1907,3.037824,1.237302,1.252600,1.160300,1148.000000,645432733.000000,1140539392.000000,252489728.000000,1276092416.000000,0.000700,0.000000,0.000000,0.000000,0.007400,0.000000,0.086900,0.000000,0.000000,0.000000,0.002800,0.000000
1908,3.039282,1.429797,1.405500,1.325300,1148.000000,645432589.000000,1140539392.000000,252489728.000000,1276092416.000000,0.000700,0.000000,0.000000,0.000000,0.006300,0.000000,0.114000,0.000000,0.000000,0.000000,0.002600,0.000000
1909,3.040634,1.343700,1.354500,1.254800,1200.000000,645436285.000000,1140539392.000000,252489728.000000,1276092416.000000,0.000700,0.000000,0.000000,0.000000,0.009600,0.000000,0.083900,0.000000,0.000000,0.000000,0.003100,0.000000
1910,3.041967,1.363003,1.363200,1.277900,1148.000000,645438501.000000,1140539392.000000,252489728.000000,1276096512.000000,0.000800,0.000000,0.000000,0.000000,0.006900,0.000000,0.106100,0.000000,0.000000,0.000000,0.002900,0.000000
1911,3.043272,1.316001,1.317300,1.236900,1148.000000,645436357.000000,1140539392.000000,252489728.000000,1276096512.000000,0.000600,0.000000,0.000000,0.000000,0.007100,0.000000,0.103300,0.000000,0.000000,0.000000,0.002800,0.000000
1912,3.044625,1.349100,1.343500,1.266900,1148.000000,645436357.000000,1140539392.000000,252489728.000000,1276096512.000000,0.000700,0.000000,0.000000,0.000000,0.006600,0.000000,0.151200,0.000000,0.000000,0.000000,0.002900,0.000000
1913,3.046025,1.397300,1.394400,1.314100,1148.000000,645436381.000000,1140539392.000000,252489728.000000,1276096512.000000,0.000600,0.000000,0.000000,0.000000,0.007500,0.000000,0.113800,0.000000,0.000000,0.000000,0.002500,0.000000
1914,3.047278,1.254599,1.257400,1.175300,1148.000000,645440501.000000,1140539392.000000,252489728.000000,1276096512.000000,0.000800,0.000000,0.000000,0.000000,0.007000,0.000000,0.073500,0.000000,0.000000,0.000000,0.002600,0.000000
1915,3.052101,4.773398,4.739600,4.656100,1148.000000,645444490.000000,1140539392.000000,252489728.000000,1276096512.000000,4.311500,0.046900,0.013300,4.190900,0.007600,0.025200,0.010900,0.000600,0.000600,0.018500,0.002600,0.000000
1916,3.053261,1.199603,1.224400,1.116500,1148.000000,645445765.000000,1140539392.000000,252489728.000000,1276100608.000000,0.000600,0.000000,0.000000,0.000000,0.011800,0.000000,0.068900,0.000000,0.000000,0.000000,0.003100,0.000000
1917,3.054603,1.323200,1.314000,1.229700,1148.000000,645444941.000000,1140539392.000000,252489728.000000,1276100608.000000,0.000600,0.000000,0.000000,0.000000,0.008400,0.000000,0.079800,0.000000,0.000000,0.000000,0.002500,0.000000
1918,3.055904,1.305499,1.303300,1.215200,1148.000000,645445389.000000,1140539392.000000,252489728.000000,1276104704.000000,0.000700,0.000000,0.000000,0.000000,0.008200,0.000000,0.053500,0.000000,0.000000,0.000000,0.003400,0.000000
1919,3.057238,1.320798,1.216900,1.132000,1148.000000,645444357.000000,1140539392.000000,252489728.000000,1276104704.000000,0.000600,0.000000,0.000000,0.000000,0.009000,0.000000,0.073600,0.000000,0.000000,0.000000,0.002900,0.000000
1920,3.058405,1.181498,1.279800,1.094700,1148.000000,645448477.000000,1140539392.000000,252489728.000000,1276108800.000000,0.000600,0.000000,0.000000,0.000000,0.010300,0.000000,0.107800,0.000000,0.000000,0.000000,0.003600,0.000000
1921,3.059836,1.413301,1.404800,1.313600,1148.000000,645452597.000000,1140539392.000000,252489728.000000,1276112896.000000,0.000700,0.000000,0.000000,0.000000,0.008800,0.000000,0.108300,0.000000,0.000000,0.000000,0.003000,0.000000
1922,3.061126,1.293700,1.288200,1.195900,1148.000000,645453045.000000,1140539392.000000,252489728.000000,1276112896.000000,0.000700,0.000000,0.000000,0.000000,0.010300,0.000000,0.083400,0.000000,0.000000,0.000000,0.003100,0.000000
1923,3.062346,1.255704,1.270000,1.174500,1148.000000,645452645.000000,1140539392.000000,252489728.000000,1276112896.000000,0.000800,0.000000,0.000000,0.000000,0.008800,0.000000,0.094200,0.000000,0.000000,0.000000,0.003100,0.000000
1924,3.063780,1.425801,1.424200,1.344800,1148.000000,645452669.000000,1140539392.000000,252489728.000000,1276112896.000000,0.000700,0.000000,0.000000,0.000000,0.006900,0.000000,0.135800,0.000000,0.000000,0.000000,0.002800,0.000000
1925,3.067881,3.965398,3.903800,3.818400,1148.000000,645461130.000000,1140539392.000000,252489728.000000,1276121088.000000,3.454200,0.048900,0.014000,3.332700,0.008100,0.024000,0.010900,0.000700,0.000600,0.017300,0.002700,0.000000
1926,3.069625,1.691199,1.601000,1.474300,1148.000000,645459629.000000,1140539392.000000,252489728.000000,1276121088.000000,0.000800,0.000000,0.000000,0.000000,0.018500,0.000000,0.206600,0.000000,0.000000,0.000000,0.005600,0.000000
1927,3.070610,1.062798,1.157100,0.937200,1148.000000,645457973.000000,1140539392.000000,252489728.000000,1276121088.000000,0.000900,0.000000,0.000000,0.000000,0.013700,0.000000,0.013600,0.000000,0.000000,0.000000,0.005800,0.000000
1928,3.071790,1.217602,1.251600,1.131500,1148.000000,645462093.000000,1140539392.000000,252489728.000000,1276125184.000000,0.000900,0.000000,0.000000,0.000000,0.013600,0.000000,0.047100,0.000000,0.000000,0.000000,0.005200,0.000000
1929,3.073097,1.350000,1.342300,1.252800,1148.000000,645460493.000000,1140539392.000000,252489728.000000,1276125184.000000,0.000800,0.000000,0.000000,0.000000,0.012500,0.000000,0.083100,0.000000,0.000000,0.000000,0.004200,0.000000
1930,3.075087,1.931300,1.930700,1.834100,1148.000000,645460525.000000,1140539392.000000,252489728.000000,1276125184.000000,0.000700,0.000000,0.000000,0.000000,0.010200,0.000000,0.023600,0.000000,0.000000,0.000000,0.003600,0.000000
1931,3.075844,0.819204,0.822200,0.727800,1148.000000,645465613.000000,1140539392.000000,252489728.000000,1276129280.000000,0.000800,0.000000,0.000000,0.000000,0.010500,0.000000,0.075400,0.000000,0.000000,0.000000,0.004900,0.000000
1932,3.077080,1.270394,1.273500,1.186300,1148.000000,645464789.000000,1140539392.000000,252489728.000000,1276129280.000000,0.000600,0.000000,0.000000,0.000000,0.010000,0.000000,0.087700,0.000000,0.000000,0.000000,0.003200,0.000000
1933,3.078456,1.366305,1.356700,1.275800,1148.000000,645464813.000000,1140539392.000000,252489728.000000,1276133376.000000,0.000800,0.000000,0.000000,0.000000,0.007300,0.000000,0.102400,0.000000,0.000000,0.000000,0.003100,0.000000
1934,3.079776,1.331101,1.337900,1.250000,1148.000000,645465261.000000,1140539392.000000,252489728.000000,1276133376.000000,0.000600,0.000000,0.000000,0.000000,0.008800,0.000000,0.131900,0.000000,0.000000,0.000000,0.002800,0.000000
1935,3.081275,1.476899,1.472300,1.392200,1148.000000,645464861.000000,1140539392.000000,252489728.000000,1276133376.000000,0.000700,0.000000,0.000000,0.000000,0.008400,0.000000,0.141100,0.000000,0.000000,0.000000,0.002700,0.000000
1936,3.085025,3.718899,3.681600,3.595600,1148.000000,645469154.000000,1140539392.000000,252489728.000000,1276133376.000000,3.218400,0.048900,0.013000,3.099600,0.006700,0.022100,0.010100,0.000700,0.000600,0.018300,0.002900,0.000000
1937,3.086206,1.228196,1.259800,1.146600,1148.000000,645470189.000000,1140539392.000000,252489728.000000,1276137472.000000,0.000800,0.000000,0.000000,0.000000,0.012300,0.000000,0.070200,0.000000,0.000000,0.000000,0.003200,0.000000
1938,3.087467,1.261905,1.262200,1.180100,1148.000000,645470213.000000,1140539392.000000,252489728.000000,1276137472.000000,0.000700,0.000000,0.000000,0.000000,0.007400,0.000000,0.085300,0.000000,0.000000,0.000000,0.003300,0.000000
1939,3.088953,1.447399,1.297700,1.216300,1148.000000,645470237.000000,1140539392.000000,252489728.000000,1276137472.000000,0.000700,0.000000,0.000000,0.000000,0.006900,0.000000,0.119700,0.000000,0.000000,0.000000,0.002800,0.000000
1940,3.090604,1.643800,1.392100,1.168600,1148.000000,645468613.000000,1140539392.000000,252489728.000000,1276137472.000000,0.000700,0.000000,0.000000,0.000000,0.010300,0.000000,0.206600,0.000000,0.000000,0.000000,0.003500,0.000000
1941,3.091579,0.979698,1.259600,0.788600,1148.000000,645473221.000000,1140539392.000000,252489728.000000,1276145664.000000,0.000700,0.000000,0.000000,0.000000,0.010900,0.000000,0.070700,0.000000,0.000000,0.000000,0.004000,0.000000
1942,3.092688,1.148802,1.256700,1.171000,1148.000000,645479533.000000,1140539392.000000,252489728.000000,1276149760.000000,0.000700,0.000000,0.000000,0.000000,0.009700,0.000000,0.058700,0.000000,0.000000,0.000000,0.003800,0.000000
1943,3.094206,1.487500,1.475400,1.392300,1148.000000,645477365.000000,1140539392.000000,252489728.000000,1276149760.000000,0.000800,0.000000,0.000000,0.000000,0.006800,0.000000,0.259500,0.000000,0.000000,0.000000,0.002500,0.000000
1944,3.095802,1.590001,1.583800,1.491400,1148.000000,645477389.000000,1140539392.000000,252489728.000000,1276149760.000000,0.000700,0.000000,0.000000,0.000000,0.010000,0.000000,0.157500,0.000000,0.000000,0.000000,0.003000,0.000000
1945,3.097004,1.235700,1.246100,1.153300,1148.000000,645477421.000000,1140539392.000000,252489728.000000,1276149760.000000,0.000700,0.000000,0.000000,0.000000,0.010300,0.000000,0.078500,0.000000,0.000000,0.000000,0.003100,0.000000
1946,3.100619,3.589094,3.575900,3.492600,1148.000000,645481674.000000,1140539392.000000,252489728.000000,1276149760.000000,3.162100,0.052300,0.014200,3.050000,0.007300,0.017300,0.009500,0.000800,0.000600,0.013000,0.002800,0.000000
1947,3.101931,1.339101,1.336900,1.247200,1148.000000,645477885.000000,1140539392.000000,252489728.000000,1276149760.000000,0.000600,0.000000,0.000000,0.000000,0.010100,0.000000,0.111600,0.000000,0.000000,0.000000,0.002900,0.000000
1948,3.103136,1.220302,1.232400,1.142700,1148.000000,645482429.000000,1140539392.000000,252489728.000000,1276153856.000000,0.000600,0.000000,0.000000,0.000000,0.008500,0.000000,0.112900,0.000000,0.000000,0.000000,0.002700,0.000000
1949,3.104633,1.381902,1.281500,1.206600,1148.000000,645482029.000000,1140539392.000000,252489728.000000,1276153856.000000,0.000600,0.000000,0.000000,0.000000,0.006700,0.000000,0.131200,0.000000,0.000000,0.000000,0.002600,0.000000
1950,3.105860,1.299100,1.380700,1.213000,1148.000000,645481693.000000,1140539392.000000,252489728.000000,1276153856.000000,0.000800,0.000000,0.000000,0.000000,0.013500,0.000000,0.090400,0.000000,0.000000,0.000000,0.005700,0.000000
1951,3.107074,1.235998,1.245400,1.156000,1148.000000,645481293.000000,1140539392.000000,252489728.000000,1276153856.000000,0.000700,0.000000,0.000000,0.000000,0.009800,0.000000,0.099600,0.000000,0.000000,0.000000,0.003600,0.000000
1952,3.108391,1.314498,1.310200,1.231100,1148.000000,645481317.000000,1140539392.000000,252489728.000000,1276153856.000000,0.000600,0.000000,0.000000,0.000000,0.008500,0.000000,0.100100,0.000000,0.000000,0.000000,0.003000,0.000000
1953,3.109906,1.490200,1.478200,1.393600,1148.000000,645485437.000000,1140539392.000000,252489728.000000,1276157952.000000,0.000700,0.000000,0.000000,0.000000,0.006500,0.000000,0.108000,0.000000,0.000000,0.000000,0.002800,0.000000
1954,3.111528,1.622201,1.590500,1.498100,1148.000000,645489557.000000,1140539392.000000,252489728.000000,1276162048.000000,0.000700,0.000000,0.000000,0.000000,0.008300,0.000000,0.092800,0.000000,0.000000,0.000000,0.003500,0.000000
1955,3.112695,1.191001,1.223700,1.107100,1148.000000,645489605.000000,1140539392.000000,252489728.000000,1276162048.000000,0.000700,0.000000,0.000000,0.000000,0.010700,0.000000,0.079400,0.000000,0.000000,0.000000,0.003500,0.000000
1956,3.114042,1.330598,1.328000,1.242100,1148.000000,645489605.000000,1140539392.000000,252489728.000000,1276162048.000000,0.000700,0.000000,0.000000,0.000000,0.009200,0.000000,0.162300,0.000000,0.000000,0.000000,0.003000,0.000000
1957,3.117727,3.684800,3.668900,3.580800,1148.000000,645495921.000000,1140539392.000000,252489728.000000,1276162048.000000,3.213900,0.047800,0.015700,3.102100,0.009700,0.019800,0.011100,0.000800,0.000600,0.013800,0.003000,0.000000
1958,3.119012,1.290001,1.301000,1.205800,1148.000000,645492701.000000,1140539392.000000,252489728.000000,1276162048.000000,0.000700,0.000000,0.000000,0.000000,0.010800,0.000000,0.081600,0.000000,0.000000,0.000000,0.003200,0.000000
1959,3.120479,1.404500,1.399300,1.316200,1148.000000,645494637.000000,1140539392.000000,252489728.000000,1276166144.000000,0.000800,0.000000,0.000000,0.000000,0.009100,0.000000,0.119700,0.000000,0.000000,0.000000,0.002700,0.000000
1960,3.121897,1.461898,1.369800,1.283400,1148.000000,645497579.000000,1140539392.000000,252489728.000000,1276166144.000000,0.000700,0.000000,0.000000,0.000000,0.007500,0.000000,0.015300,0.000000,0.000000,0.000000,0.004600,0.000000
1961,3.124084,1.125000,1.220600,1.051200,1148.000000,645493461.000000,1140539392.000000,252489728.000000,1276166144.000000,0.000700,0.000000,0.000000,0.000000,0.010500,0.000000,0.093000,0.000000,0.000000,0.000000,0.003600,0.000000
1962,3.124639,1.542404,1.533900,1.457000,1148.000000,645496666.000000,1140539392.000000,252489728.000000,1276166144.000000,0.000700,0.000000,0.000000,0.000000,0.014300,0.000000,0.014700,0.000000,0.000000,0.000000,0.005000,0.000000
1963,3.126035,1.486799,1.476900,1.390600,1148.000000,645493509.000000,1140539392.000000,252489728.000000,1276166144.000000,0.000700,0.000000,0.000000,0.000000,0.077300,0.000000,0.104600,0.000000,0.000000,0.000000,0.004000,0.000000
1964,3.127424,1.380201,1.363000,1.271600,1148.000000,645493533.000000,1140539392.000000,252489728.000000,1276166144.000000,0.000800,0.000000,0.000000,0.000000,0.010400,0.000000,0.138300,0.000000,0.000000,0.000000,0.003000,0.000000
1965,3.128707,1.289597,1.305900,1.202700,1148.000000,645497653.000000,1140539392.000000,252489728.000000,1276170240.000000,0.000700,0.000000,0.000000,0.000000,0.010200,0.000000,0.112800,0.000000,0.000000,0.000000,0.003300,0.000000
1966,3.130015,1.325900,1.318700,1.235600,1148.000000,645498101.000000,1140539392.000000,252489728.000000,1276170240.000000,0.000700,0.000000,0.000000,0.000000,0.009600,0.000000,0.121600,0.000000,0.000000,0.000000,0.003100,0.000000
1967,3.133964,3.893899,3.875500,3.782900,1148.000000,645508017.000000,1140539392.000000,252489728.000000,1276174336.000000,3.423700,0.049000,0.015000,3.304200,0.007200,0.021200,0.010700,0.000600,0.000700,0.017600,0.003200,0.000000
1968,3.135357,1.431101,1.443300,1.338600,1148.000000,645502725.000000,1140539392.000000,252489728.000000,1276174336.000000,0.000900,0.000000,0.000000,0.000000,0.012000,0.000000,0.103400,0.000000,0.000000,0.000000,0.005300,0.000000
1969,3.136624,1.279301,1.281000,1.192300,1148.000000,645502773.000000,1140539392.000000,252489728.000000,1276174336.000000,0.000700,0.000000,0.000000,0.000000,0.010500,0.000000,0.064600,0.000000,0.000000,0.000000,0.003500,0.000000
1970,3.137871,1.273002,1.277600,1.195300,1148.000000,645506869.000000,1140539392.000000,252489728.000000,1276178432.000000,0.000700,0.000000,0.000000,0.000000,0.008900,0.000000,0.074500,0.000000,0.000000,0.000000,0.002900,0.000000
1971,3.139348,1.422201,1.400100,1.319300,1148.000000,645506013.000000,1140539392.000000,252489728.000000,1276178432.000000,0.000600,0.000000,0.000000,0.000000,0.006500,0.000000,0.177200,0.000000,0.000000,0.000000,0.002200,0.000000
1972,3.140743,1.398002,1.409600,1.313800,1148.000000,645506037.000000,1140539392.000000,252489728.000000,1276178432.000000,0.000800,0.000000,0.000000,0.000000,0.011600,0.000000,0.122400,0.000000,0.000000,0.000000,0.004500,0.000000
1973,3.142105,1.387294,1.384000,1.300000,1148.000000,645506061.000000,1140539392.000000,252489728.000000,1276178432.000000,0.000700,0.000000,0.000000,0.000000,0.009400,0.000000,0.104300,0.000000,0.000000,0.000000,0.003000,0.000000
1974,3.143323,1.243105,1.248000,1.167100,1148.000000,645508285.000000,1140539392.000000,252489728.000000,1276178432.000000,0.000700,0.000000,0.000000,0.000000,0.009500,0.000000,0.068000,0.000000,0.000000,0.000000,0.003000,0.000000
1975,3.144745,1.411600,1.389400,1.313100,1148.000000,645506573.000000,1140539392.000000,252489728.000000,1276178432.000000,0.000600,0.000000,0.000000,0.000000,0.007800,0.000000,0.142900,0.000000,0.000000,0.000000,0.002300,0.000000
1976,3.146355,1.571896,1.566200,1.465100,1148.000000,645510269.000000,1140539392.000000,252489728.000000,1276243968.000000,0.000700,0.000000,0.000000,0.000000,0.007300,0.000000,0.259100,0.000000,0.000000,0.000000,0.003100,0.000000
1977,3.147625,1.279301,1.288000,1.188700,1148.000000,645509869.000000,1140539392.000000,252489728.000000,1276243968.000000,0.000700,0.000000,0.000000,0.000000,0.010200,0.000000,0.107400,0.000000,0.000000,0.000000,0.003000,0.000000
1978,3.151290,3.638896,3.619900,3.528400,1148.000000,645513882.000000,1140539392.000000,252489728.000000,1276243968.000000,3.135600,0.052700,0.015700,2.996200,0.009800,0.021800,0.010200,0.000700,0.000600,0.033900,0.003300,0.000000
1979,3.152600,1.309304,1.320500,1.215800,1148.000000,645514965.000000,1140539392.000000,252489728.000000,1276243968.000000,0.000700,0.000000,0.000000,0.000000,0.013000,0.000000,0.115400,0.000000,0.000000,0.000000,0.003200,0.000000
1980,3.153713,1.188499,1.197200,1.110400,1148.000000,645514989.000000,1140539392.000000,252489728.000000,1276243968.000000,0.000700,0.000000,0.000000,0.000000,0.012200,0.000000,0.068600,0.000000,0.000000,0.000000,0.003600,0.000000
1981,3.155231,1.474100,1.462400,1.383100,1148.000000,645519109.000000,1140539392.000000,252489728.000000,1276248064.000000,0.000600,0.000000,0.000000,0.000000,0.007100,0.000000,0.117400,0.000000,0.000000,0.000000,0.002700,0.000000
1982,3.156633,1.392800,1.348400,1.252700,1148.000000,645518629.000000,1140539392.000000,252489728.000000,1276248064.000000,0.000700,0.000000,0.000000,0.000000,0.009900,0.000000,0.131400,0.000000,0.000000,0.000000,0.003000,0.000000
1983,3.157873,1.270096,1.311700,1.187100,1148.000000,645518229.000000,1140539392.000000,252489728.000000,1276248064.000000,0.000800,0.000000,0.000000,0.000000,0.010500,0.000000,0.118600,0.000000,0.000000,0.000000,0.003500,0.000000
1984,3.159281,1.406604,1.402700,1.319300,1148.000000,645518277.000000,1140539392.000000,252489728.000000,1276248064.000000,0.000600,0.000000,0.000000,0.000000,0.007200,0.000000,0.141200,0.000000,0.000000,0.000000,0.002700,0.000000
1985,3.160802,1.490398,1.485300,1.399000,1148.000000,645518277.000000,1140539392.000000,252489728.000000,1276248064.000000,0.000600,0.000000,0.000000,0.000000,0.007200,0.000000,0.127800,0.000000,0.000000,0.000000,0.002900,0.000000
1986,3.162228,1.453203,1.439400,1.350300,1148.000000,645518301.000000,1140539392.000000,252489728.000000,1276248064.000000,0.000700,0.000000,0.000000,0.000000,0.007800,0.000000,0.104900,0.000000,0.000000,0.000000,0.003000,0.000000
1987,3.163450,1.242800,1.261800,1.164100,1148.000000,645522421.000000,1140539392.000000,252489728.000000,1276248064.000000,0.000700,0.000000,0.000000,0.000000,0.009200,0.000000,0.101300,0.000000,0.000000,0.000000,0.002500,0.000000
1988,3.167494,3.966398,3.902100,3.819900,1148.000000,645531035.000000,1140539392.000000,252489728.000000,1276248064.000000,3.479200,0.059900,0.016100,3.343000,0.006300,0.026400,0.012600,0.000600,0.000600,0.017200,0.002400,0.000000
1989,3.168742,1.278997,1.323500,1.211000,1148.000000,645528085.000000,1140539392.000000,252489728.000000,1276252160.000000,0.000700,0.000000,0.000000,0.000000,0.013500,0.000000,0.117700,0.000000,0.000000,0.000000,0.003800,0.000000
1990,3.170174,1.429705,1.432600,1.340700,1148.000000,645529453.000000,1140539392.000000,252489728.000000,1276252160.000000,0.000600,0.000000,0.000000,0.000000,0.010200,0.000000,0.165400,0.000000,0.000000,0.000000,0.003100,0.000000
1991,3.171527,1.353295,1.344800,1.259400,1148.000000,645527285.000000,1140539392.000000,252489728.000000,1276252160.000000,0.000900,0.000000,0.000000,0.000000,0.010100,0.000000,0.078900,0.000000,0.000000,0.000000,0.003800,0.000000
1992,3.172747,1.245103,1.246200,1.154800,1148.000000,645526277.000000,1140539392.000000,252489728.000000,1276252160.000000,0.000700,0.000000,0.000000,0.000000,0.009500,0.000000,0.105100,0.000000,0.000000,0.000000,0.003200,0.000000
1993,3.174102,1.323200,1.318000,1.227300,1148.000000,645530397.000000,1140539392.000000,252489728.000000,1276252160.000000,0.000700,0.000000,0.000000,0.000000,0.009200,0.000000,0.137800,0.000000,0.000000,0.000000,0.003000,0.000000
1994,3.175700,1.554897,1.486600,1.394000,1148.000000,645530421.000000,1140539392.000000,252489728.000000,1276252160.000000,0.000800,0.000000,0.000000,0.000000,0.011100,0.000000,0.121200,0.000000,0.000000,0.000000,0.005100,0.000000
1995,3.176951,1.314201,1.378800,1.224400,1148.000000,645530445.000000,1140539392.000000,252489728.000000,1276252160.000000,0.000600,0.000000,0.000000,0.000000,0.010600,0.000000,0.138000,0.000000,0.000000,0.000000,0.003600,0.000000
1996,3.178251,1.294905,1.286200,1.196400,1148.000000,645530469.000000,1140539392.000000,252489728.000000,1276252160.000000,0.000700,0.000000,0.000000,0.000000,0.009400,0.000000,0.101300,0.000000,0.000000,0.000000,0.003100,0.000000
1997,3.179549,1.314598,1.323500,1.231000,1148.000000,645530493.000000,1140539392.000000,252489728.000000,1276256256.000000,0.000700,0.000000,0.000000,0.000000,0.009400,0.000000,0.116300,0.000000,0.000000,0.000000,0.003500,0.000000
1998,3.181026,1.432100,1.426000,1.340300,1148.000000,645535037.000000,1140539392.000000,252489728.000000,1276256256.000000,0.000800,0.000000,0.000000,0.000000,0.007400,0.000000,0.114900,0.000000,0.000000,0.000000,0.003000,0.000000
1999,3.185154,4.131101,4.113500,4.023500,1148.000000,645538122.000000,1140539392.000000,252489728.000000,1276256256.000000,3.602100,0.047400,0.014500,3.493200,0.010000,0.019100,0.010900,0.000600,0.000700,0.012500,0.003400,0.000000
2000,3.186503,1.371096,1.376700,1.275600,1148.000000,645534941.000000,1140539392.000000,252489728.000000,1276256256.000000,0.000900,0.000000,0.000000,0.000000,0.011900,0.000000,0.152400,0.000000,0.000000,0.000000,0.007300,0.000000
2001,3.187700,1.211402,1.222800,1.130500,1148.000000,645534965.000000,1140539392.000000,252489728.000000,1276256256.000000,0.000700,0.000000,0.000000,0.000000,0.010100,0.000000,0.105000,0.000000,0.000000,0.000000,0.003400,0.000000
2002,3.188902,1.212798,1.203700,1.126000,1148.000000,645535413.000000,1140539392.000000,252489728.000000,1276256256.000000,0.000700,0.000000,0.000000,0.000000,0.009200,0.000000,0.082200,0.000000,0.000000,0.000000,0.003300,0.000000
2003,3.190745,1.387202,1.386500,1.302400,1148.000000,645534765.000000,1140539392.000000,252489728.000000,1276256256.000000,0.000700,0.000000,0.000000,0.000000,0.008600,0.000000,0.110000,0.000000,0.000000,0.000000,0.003100,0.000000
2004,3.191621,1.306604,1.302100,1.216100,1148.000000,645539341.000000,1140539392.000000,252489728.000000,1276256256.000000,0.000900,0.000000,0.000000,0.000000,0.006800,0.000000,0.064000,0.000000,0.000000,0.000000,0.008700,0.000000
2005,3.192872,1.264895,1.259600,1.175800,1148.000000,645542613.000000,1140539392.000000,252489728.000000,1276260352.000000,0.000800,0.000000,0.000000,0.000000,0.009600,0.000000,0.114800,0.000000,0.000000,0.000000,0.003300,0.000000
2006,3.194168,1.305499,1.308000,1.221400,1148.000000,645548925.000000,1140539392.000000,252489728.000000,1276260352.000000,0.000700,0.000000,0.000000,0.000000,0.008900,0.000000,0.110800,0.000000,0.000000,0.000000,0.003400,0.000000
2007,3.195553,1.398299,1.399700,1.318800,1148.000000,645546757.000000,1140539392.000000,252489728.000000,1276260352.000000,0.000700,0.000000,0.000000,0.000000,0.008400,0.000000,0.129400,0.000000,0.000000,0.000000,0.002900,0.000000
2008,3.196817,1.267907,1.264700,1.186500,1148.000000,645546781.000000,1140539392.000000,252489728.000000,1276260352.000000,0.000500,0.000000,0.000000,0.000000,0.006700,0.000000,0.082300,0.000000,0.000000,0.000000,0.002600,0.000000
2009,3.200456,3.602296,3.586600,3.505300,1148.000000,645554314.000000,1140539392.000000,252489728.000000,1276260352.000000,3.181900,0.047100,0.013500,3.075800,0.006400,0.018300,0.010300,0.000800,0.000500,0.012800,0.002800,0.000000
2010,3.201764,1.344700,1.348000,1.257700,1148.000000,645551253.000000,1140539392.000000,252489728.000000,1276260352.000000,0.000700,0.000000,0.000000,0.000000,0.010300,0.000000,0.079700,0.000000,0.000000,0.000000,0.003200,0.000000
2011,3.203110,1.309099,1.303700,1.216800,1148.000000,645551277.000000,1140539392.000000,252489728.000000,1276260352.000000,0.000600,0.000000,0.000000,0.000000,0.007300,0.000000,0.151100,0.000000,0.000000,0.000000,0.002600,0.000000
2012,3.204458,1.347201,1.343900,1.255100,1148.000000,645551301.000000,1140539392.000000,252489728.000000,1276260352.000000,0.000700,0.000000,0.000000,0.000000,0.010200,0.000000,0.182400,0.000000,0.000000,0.000000,0.003200,0.000000
2013,3.205763,1.331498,1.336000,1.249000,1148.000000,645551045.000000,1140539392.000000,252489728.000000,1276264448.000000,0.000700,0.000000,0.000000,0.000000,0.009600,0.000000,0.122800,0.000000,0.000000,0.000000,0.003100,0.000000
2014,3.207155,1.348703,1.305900,1.220900,1148.000000,645551469.000000,1140539392.000000,252489728.000000,1276264448.000000,0.000600,0.000000,0.000000,0.000000,0.008400,0.000000,0.102900,0.000000,0.000000,0.000000,0.002600,0.000000
2015,3.208399,1.275198,1.310200,1.191700,1148.000000,645555165.000000,1140539392.000000,252489728.000000,1276264448.000000,0.000700,0.000000,0.000000,0.000000,0.010300,0.000000,0.099100,0.000000,0.000000,0.000000,0.003800,0.000000
2016,3.209808,1.407901,1.403700,1.317600,1148.000000,645555613.000000,1140539392.000000,252489728.000000,1276264448.000000,0.000800,0.000000,0.000000,0.000000,0.008000,0.000000,0.133700,0.000000,0.000000,0.000000,0.002900,0.000000
2017,3.211434,1.599603,1.580600,1.492600,1148.000000,645555213.000000,1140539392.000000,252489728.000000,1276264448.000000,0.000700,0.000000,0.000000,0.000000,0.009300,0.000000,0.261600,0.000000,0.000000,0.000000,0.002800,0.000000
2018,3.212652,1.244898,1.246300,1.146300,1148.000000,645559341.000000,1140539392.000000,252489728.000000,1276264448.000000,0.000700,0.000000,0.000000,0.000000,0.010400,0.000000,0.077000,0.000000,0.000000,0.000000,0.003600,0.000000
2019,3.214016,1.357100,1.367700,1.269400,1148.000000,645559821.000000,1140539392.000000,252489728.000000,1276264448.000000,0.000800,0.000000,0.000000,0.000000,0.009200,0.000000,0.183900,0.000000,0.000000,0.000000,0.002700,0.000000
2020,3.217802,3.763301,3.743000,3.655000,1148.000000,645562362.000000,1140539392.000000,252489728.000000,1276264448.000000,3.286200,0.047700,0.014900,3.172300,0.009500,0.019700,0.010600,0.000600,0.000600,0.014800,0.003200,0.000000
2021,3.219186,1.416100,1.422800,1.321700,1148.000000,645563493.000000,1140539392.000000,252489728.000000,1276264448.000000,0.000700,0.000000,0.000000,0.000000,0.009700,0.000000,0.091500,0.000000,0.000000,0.000000,0.005600,0.000000
2022,3.220581,1.375900,1.377500,1.286500,1148.000000,645565709.000000,1140539392.000000,252489728.000000,1276264448.000000,0.000600,0.000000,0.000000,0.000000,0.007600,0.000000,0.103500,0.000000,0.000000,0.000000,0.002900,0.000000
2023,3.221800,1.244600,1.247600,1.160700,1148.000000,645563541.000000,1140539392.000000,252489728.000000,1276264448.000000,0.000700,0.000000,0.000000,0.000000,0.009100,0.000000,0.092700,0.000000,0.000000,0.000000,0.002700,0.000000
2024,3.223059,1.268297,1.265000,1.185000,1148.000000,645563213.000000,1140539392.000000,252489728.000000,1276264448.000000,0.000700,0.000000,0.000000,0.000000,0.007100,0.000000,0.099700,0.000000,0.000000,0.000000,0.003000,0.000000
2025,3.224542,1.441199,1.392200,1.307700,1148.000000,645563237.000000,1140539392.000000,252489728.000000,1276264448.000000,0.000700,0.000000,0.000000,0.000000,0.006900,0.000000,0.111600,0.000000,0.000000,0.000000,0.002600,0.000000
2026,3.225839,1.323306,1.368300,1.240500,1148.000000,645567357.000000,1140539392.000000,252489728.000000,1276264448.000000,0.000700,0.000000,0.000000,0.000000,0.010300,0.000000,0.109400,0.000000,0.000000,0.000000,0.003600,0.000000
2027,3.227152,1.293998,1.289800,1.204600,1148.000000,645567381.000000,1140539392.000000,252489728.000000,1276264448.000000,0.000700,0.000000,0.000000,0.000000,0.008900,0.000000,0.099200,0.000000,0.000000,0.000000,0.002800,0.000000
2028,3.228388,1.258298,1.257700,1.174600,1148.000000,645567429.000000,1140539392.000000,252489728.000000,1276264448.000000,0.000700,0.000000,0.000000,0.000000,0.010100,0.000000,0.077800,0.000000,0.000000,0.000000,0.003200,0.000000
2029,3.229707,1.324603,1.322100,1.241200,1148.000000,645567429.000000,1140539392.000000,252489728.000000,1276264448.000000,0.000800,0.000000,0.000000,0.000000,0.008700,0.000000,0.138500,0.000000,0.000000,0.000000,0.002600,0.000000
2030,3.231302,1.563301,1.553100,1.469100,1148.000000,645572397.000000,1140539392.000000,252489728.000000,1276264448.000000,0.000700,0.000000,0.000000,0.000000,0.007200,0.000000,0.136600,0.000000,0.000000,0.000000,0.002800,0.000000
2031,3.234866,3.567900,3.548500,3.458900,1148.000000,645575306.000000,1140539392.000000,252489728.000000,1276264448.000000,3.077900,0.046900,0.014700,2.969400,0.010200,0.019200,0.011100,0.000500,0.000500,0.013200,0.003500,0.000000
2032,3.236227,1.354698,1.364700,1.257000,1148.000000,645576149.000000,1140539392.000000,252489728.000000,1276329984.000000,0.000700,0.000000,0.000000,0.000000,0.011600,0.000000,0.120000,0.000000,0.000000,0.000000,0.003000,0.000000
2033,3.237396,1.202898,1.210500,1.119500,1148.000000,645576629.000000,1140539392.000000,252489728.000000,1276329984.000000,0.000700,0.000000,0.000000,0.000000,0.010600,0.000000,0.068900,0.000000,0.000000,0.000000,0.003400,0.000000
2034,3.238659,1.265398,1.265100,1.184400,1148.000000,645575805.000000,1140539392.000000,252489728.000000,1276329984.000000,0.000600,0.000000,0.000000,0.000000,0.007600,0.000000,0.078300,0.000000,0.000000,0.000000,0.002600,0.000000
2035,3.239962,1.293502,1.282100,1.202000,1148.000000,645575405.000000,1140539392.000000,252489728.000000,1276329984.000000,0.000800,0.000000,0.000000,0.000000,0.007300,0.000000,0.073200,0.000000,0.000000,0.000000,0.002800,0.000000
2036,3.241283,1.335601,1.342300,1.255100,1200.000000,645575429.000000,1140539392.000000,252489728.000000,1276329984.000000,0.000600,0.000000,0.000000,0.000000,0.007500,0.000000,0.066300,0.000000,0.000000,0.000000,0.002700,0.000000
2037,3.242625,1.311798,1.304100,1.223000,1148.000000,645579549.000000,1140539392.000000,252489728.000000,1276329984.000000,0.000700,0.000000,0.000000,0.000000,0.006700,0.000000,0.108500,0.000000,0.000000,0.000000,0.002300,0.000000
2038,3.243995,1.367999,1.360100,1.275000,1148.000000,645581765.000000,1140539392.000000,252489728.000000,1276329984.000000,0.000600,0.000000,0.000000,0.000000,0.009400,0.000000,0.097100,0.000000,0.000000,0.000000,0.003300,0.000000
2039,3.245645,1.395203,1.390900,1.299500,1148.000000,645579597.000000,1140539392.000000,252489728.000000,1276329984.000000,0.000600,0.000000,0.000000,0.000000,0.008900,0.000000,0.049500,0.000000,0.000000,0.000000,0.003200,0.000000
2040,3.246851,1.450900,1.448700,1.355200,1148.000000,645579621.000000,1140539392.000000,252489728.000000,1276329984.000000,0.000900,0.000000,0.000000,0.000000,0.056800,0.000000,0.126600,0.000000,0.000000,0.000000,0.007500,0.000000
2041,3.250520,3.666100,3.653500,3.559800,1148.000000,645583427.000000,1140539392.000000,252489728.000000,1276329984.000000,3.158400,0.048700,0.016600,3.035600,0.010300,0.022900,0.010600,0.000600,0.000500,0.018100,0.003500,0.000000
2042,3.251923,1.404797,1.388600,1.288500,1148.000000,645581013.000000,1140539392.000000,252489728.000000,1276329984.000000,0.000900,0.000000,0.000000,0.000000,0.010000,0.000000,0.117900,0.000000,0.000000,0.000000,0.003500,0.000000
2043,3.253115,1.223902,1.247500,1.138000,1148.000000,645591538.000000,1140539392.000000,252489728.000000,1276329984.000000,0.000700,0.000000,0.000000,0.000000,0.009900,0.000000,0.071700,0.000000,0.000000,0.000000,0.003300,0.000000
2044,3.254443,1.329599,1.333000,1.249000,1148.000000,645588805.000000,1140539392.000000,252489728.000000,1276329984.000000,0.000700,0.000000,0.000000,0.000000,0.008700,0.000000,0.132700,0.000000,0.000000,0.000000,0.002600,0.000000
2045,3.255900,1.433000,1.424500,1.340100,1148.000000,645587957.000000,1140539392.000000,252489728.000000,1276329984.000000,0.000700,0.000000,0.000000,0.000000,0.008300,0.000000,0.125300,0.000000,0.000000,0.000000,0.002700,0.000000
2046,3.257209,1.316504,1.316100,1.229900,1148.000000,645588405.000000,1140539392.000000,252489728.000000,1276329984.000000,0.000700,0.000000,0.000000,0.000000,0.009400,0.000000,0.108100,0.000000,0.000000,0.000000,0.002800,0.000000
2047,3.258405,1.227097,1.230000,1.146500,1148.000000,645588013.000000,1140539392.000000,252489728.000000,1276329984.000000,0.000700,0.000000,0.000000,0.000000,0.009100,0.000000,0.073800,0.000000,0.000000,0.000000,0.003000,0.000000
2048,3.259797,1.373902,1.366600,1.288500,1148.000000,645588493.000000,1140539392.000000,252489728.000000,1276329984.000000,0.000500,0.000000,0.000000,0.000000,0.006200,0.000000,0.143900,0.000000,0.000000,0.000000,0.002500,0.000000
2049,3.261142,1.336097,1.336600,1.253100,1148.000000,645591765.000000,1140539392.000000,252489728.000000,1276329984.000000,0.000700,0.000000,0.000000,0.000000,0.008500,0.000000,0.085000,0.000000,0.000000,0.000000,0.003400,0.000000
2050,3.262479,1.363903,1.353600,1.275000,1148.000000,645591789.000000,1140539392.000000,252489728.000000,1276329984.000000,0.000800,0.000000,0.000000,0.000000,0.007100,0.000000,0.140000,0.000000,0.000000,0.000000,0.002800,0.000000
2051,3.265133,1.378798,1.367000,1.277200,1148.000000,645591813.000000,1140539392.000000,252489728.000000,1276329984.000000,0.000700,0.000000,0.000000,0.000000,0.006500,0.000000,0.014700,0.000000,0.000000,0.000000,0.002500,0.000000
2052,3.268193,4.268601,4.229300,4.115900,1148.000000,645597306.000000,1140539392.000000,252489728.000000,1276334080.000000,2.439400,0.087100,0.023900,2.268900,0.012900,0.022200,0.011700,0.000500,0.000600,0.017100,0.004200,0.000000
2053,3.269569,1.317602,1.349500,1.215800,1148.000000,645592381.000000,1140539392.000000,252489728.000000,1276334080.000000,0.000700,0.000000,0.000000,0.000000,0.013100,0.000000,0.086500,0.000000,0.000000,0.000000,0.003400,0.000000
2054,3.270889,1.412195,1.416300,1.314700,1148.000000,645598693.000000,1140539392.000000,252489728.000000,1276334080.000000,0.000900,0.000000,0.000000,0.000000,0.010300,0.000000,0.060200,0.000000,0.000000,0.000000,0.007500,0.000000
2055,3.272371,1.475900,1.474700,1.380600,1148.000000,645596525.000000,1140539392.000000,252489728.000000,1276334080.000000,0.000700,0.000000,0.000000,0.000000,0.008400,0.000000,0.130600,0.000000,0.000000,0.000000,0.003500,0.000000
2056,3.273750,1.387599,1.377500,1.287300,1148.000000,645600573.000000,1140539392.000000,252489728.000000,1276334080.000000,0.000700,0.000000,0.000000,0.000000,0.009600,0.000000,0.108700,0.000000,0.000000,0.000000,0.002900,0.000000
2057,3.275322,1.562302,1.558900,1.457000,1148.000000,645600197.000000,1140539392.000000,252489728.000000,1276334080.000000,0.000800,0.000000,0.000000,0.000000,0.008900,0.000000,0.106700,0.000000,0.000000,0.000000,0.003500,0.000000
2058,3.276642,1.345004,1.355600,1.258000,1148.000000,645600357.000000,1140539392.000000,252489728.000000,1276334080.000000,0.000700,0.000000,0.000000,0.000000,0.010000,0.000000,0.130700,0.000000,0.000000,0.000000,0.003300,0.000000
2059,3.278005,1.359999,1.349300,1.264500,1148.000000,645602987.000000,1140539392.000000,252489728.000000,1276334080.000000,0.000800,0.000000,0.000000,0.000000,0.007000,0.000000,0.125400,0.000000,0.000000,0.000000,0.002900,0.000000
2060,3.279353,1.363499,1.368300,1.277000,1148.000000,645604661.000000,1140539392.000000,252489728.000000,1276338176.000000,0.000700,0.000000,0.000000,0.000000,0.009100,0.000000,0.141700,0.000000,0.000000,0.000000,0.002800,0.000000
2061,3.280853,1.452197,1.451700,1.366400,1148.000000,645604701.000000,1140539392.000000,252489728.000000,1276338176.000000,0.000800,0.000000,0.000000,0.000000,0.006900,0.000000,0.138900,0.000000,0.000000,0.000000,0.002900,0.000000
2062,3.284625,3.806902,3.799000,3.713300,1148.000000,645610186.000000,1140539392.000000,252489728.000000,1276338176.000000,3.312300,0.049400,0.016000,3.196000,0.008300,0.020200,0.013300,0.000600,0.000600,0.014500,0.002900,0.000000
2063,3.286020,1.406803,1.411400,1.321900,1148.000000,645605709.000000,1140539392.000000,252489728.000000,1276338176.000000,0.000800,0.000000,0.000000,0.000000,0.010200,0.000000,0.112100,0.000000,0.000000,0.000000,0.003100,0.000000
2064,3.287263,1.247499,1.250900,1.171200,1148.000000,645605741.000000,1140539392.000000,252489728.000000,1276338176.000000,0.000600,0.000000,0.000000,0.000000,0.007000,0.000000,0.099800,0.000000,0.000000,0.000000,0.002600,0.000000
2065,3.288640,1.329202,1.310400,1.231200,1148.000000,645609869.000000,1140539392.000000,252489728.000000,1276338176.000000,0.000600,0.000000,0.000000,0.000000,0.006300,0.000000,0.117100,0.000000,0.000000,0.000000,0.002400,0.000000
2066,3.289879,1.263797,1.265400,1.174800,1148.000000,645609357.000000,1140539392.000000,252489728.000000,1276338176.000000,0.000700,0.000000,0.000000,0.000000,0.010100,0.000000,0.081800,0.000000,0.000000,0.000000,0.003500,0.000000
2067,3.291264,1.390001,1.388700,1.299600,1148.000000,645611851.000000,1140539392.000000,252489728.000000,1276338176.000000,0.000800,0.000000,0.000000,0.000000,0.009300,0.000000,0.072900,0.000000,0.000000,0.000000,0.003000,0.000000
2068,3.292627,1.358496,1.359200,1.273400,1148.000000,645609413.000000,1140539392.000000,252489728.000000,1276342272.000000,0.000800,0.000000,0.000000,0.000000,0.008400,0.000000,0.107200,0.000000,0.000000,0.000000,0.002900,0.000000
2069,3.293929,1.287004,1.280400,1.194200,1148.000000,645613565.000000,1140539392.000000,252489728.000000,1276342272.000000,0.000700,0.000000,0.000000,0.000000,0.008800,0.000000,0.109700,0.000000,0.000000,0.000000,0.003000,0.000000
2070,3.295422,1.475397,1.466700,1.377800,1148.000000,645616805.000000,1140539392.000000,252489728.000000,1276342272.000000,0.000700,0.000000,0.000000,0.000000,0.009200,0.000000,0.123000,0.000000,0.000000,0.000000,0.003400,0.000000
2071,3.296661,1.281300,1.286300,1.193300,1148.000000,645618317.000000,1140539392.000000,252489728.000000,1276342272.000000,0.000700,0.000000,0.000000,0.000000,0.010300,0.000000,0.086900,0.000000,0.000000,0.000000,0.003600,0.000000
2072,3.300310,3.594204,3.578600,3.491800,1148.000000,645622314.000000,1140539392.000000,252489728.000000,1276342272.000000,3.165600,0.048500,0.013600,3.056200,0.007500,0.018500,0.011000,0.000600,0.000500,0.013400,0.002900,0.000000
2073,3.301553,1.307299,1.321600,1.225300,1148.000000,645619141.000000,1140539392.000000,252489728.000000,1276342272.000000,0.000700,0.000000,0.000000,0.000000,0.023600,0.000000,0.079900,0.000000,0.000000,0.000000,0.004300,0.000000
2074,3.303094,1.452700,1.375700,1.287100,1148.000000,645618653.000000,1140539392.000000,252489728.000000,1276342272.000000,0.000800,0.000000,0.000000,0.000000,0.006900,0.000000,0.154800,0.000000,0.000000,0.000000,0.002800,0.000000
2075,3.304237,1.220302,1.291000,1.142400,1148.000000,645619189.000000,1140539392.000000,252489728.000000,1276342272.000000,0.000800,0.000000,0.000000,0.000000,0.013300,0.000000,0.151300,0.000000,0.000000,0.000000,0.005200,0.000000
2076,3.305634,1.406498,1.402700,1.322700,1148.000000,645618629.000000,1140539392.000000,252489728.000000,1276346368.000000,0.000700,0.000000,0.000000,0.000000,0.008300,0.000000,0.108800,0.000000,0.000000,0.000000,0.003000,0.000000
2077,3.306898,1.264803,1.264500,1.183800,1148.000000,645623205.000000,1140539392.000000,252489728.000000,1276346368.000000,0.000600,0.000000,0.000000,0.000000,0.006600,0.000000,0.098500,0.000000,0.000000,0.000000,0.002700,0.000000
2078,3.308183,1.285898,1.284500,1.206100,1148.000000,645622821.000000,1140539392.000000,252489728.000000,1276346368.000000,0.000700,0.000000,0.000000,0.000000,0.006900,0.000000,0.114000,0.000000,0.000000,0.000000,0.002800,0.000000
2079,3.309536,1.332001,1.328100,1.246600,1148.000000,645622405.000000,1140539392.000000,252489728.000000,1276346368.000000,0.000600,0.000000,0.000000,0.000000,0.008300,0.000000,0.118400,0.000000,0.000000,0.000000,0.002600,0.000000
2080,3.310937,1.391900,1.385100,1.303700,1148.000000,645622429.000000,1140539392.000000,252489728.000000,1276346368.000000,0.000800,0.000000,0.000000,0.000000,0.008300,0.000000,0.097900,0.000000,0.000000,0.000000,0.003000,0.000000
2081,3.312414,1.454096,1.444300,1.357000,1148.000000,645626549.000000,1140539392.000000,252489728.000000,1276346368.000000,0.000800,0.000000,0.000000,0.000000,0.008500,0.000000,0.181400,0.000000,0.000000,0.000000,0.003300,0.000000
2082,3.313747,1.346301,1.343500,1.249800,1148.000000,645630669.000000,1140539392.000000,252489728.000000,1276346368.000000,0.000800,0.000000,0.000000,0.000000,0.010700,0.000000,0.137400,0.000000,0.000000,0.000000,0.003800,0.000000
2083,3.318079,4.322598,4.290800,4.194300,1148.000000,645634938.000000,1140539392.000000,252489728.000000,1276346368.000000,3.810100,0.049200,0.015500,3.689100,0.010200,0.023300,0.010300,0.000700,0.000700,0.017200,0.003000,0.000000
2084,3.319350,1.303005,1.333700,1.214300,1148.000000,645631853.000000,1140539392.000000,252489728.000000,1276350464.000000,0.000800,0.000000,0.000000,0.000000,0.011800,0.000000,0.123200,0.000000,0.000000,0.000000,0.003500,0.000000
2085,3.320683,1.325595,1.330800,1.241400,1148.000000,645631877.000000,1140539392.000000,252489728.000000,1276350464.000000,0.001000,0.000000,0.000000,0.000000,0.007600,0.000000,0.084000,0.000000,0.000000,0.000000,0.002800,0.000000
2086,3.321958,1.289002,1.282000,1.201200,1148.000000,645634093.000000,1140539392.000000,252489728.000000,1276350464.000000,0.000700,0.000000,0.000000,0.000000,0.007000,0.000000,0.062300,0.000000,0.000000,0.000000,0.003000,0.000000
2087,3.323164,1.223703,1.228900,1.145100,1148.000000,645630861.000000,1140539392.000000,252489728.000000,1276350464.000000,0.000700,0.000000,0.000000,0.000000,0.008800,0.000000,0.067000,0.000000,0.000000,0.000000,0.002600,0.000000
2088,3.324483,1.309595,1.308100,1.231200,1148.000000,645634981.000000,1140539392.000000,252489728.000000,1276350464.000000,0.000600,0.000000,0.000000,0.000000,0.006500,0.000000,0.137300,0.000000,0.000000,0.000000,0.002400,0.000000
2089,3.325922,1.443601,1.440600,1.363100,1148.000000,645635005.000000,1140539392.000000,252489728.000000,1276350464.000000,0.000700,0.000000,0.000000,0.000000,0.007700,0.000000,0.119800,0.000000,0.000000,0.000000,0.002500,0.000000
2090,3.327221,1.307504,1.303900,1.228100,1148.000000,645635029.000000,1140539392.000000,252489728.000000,1276350464.000000,0.000600,0.000000,0.000000,0.000000,0.006200,0.000000,0.103100,0.000000,0.000000,0.000000,0.002500,0.000000
2091,3.328498,1.274497,1.276600,1.198900,1148.000000,645639157.000000,1140539392.000000,252489728.000000,1276350464.000000,0.000700,0.000000,0.000000,0.000000,0.006100,0.000000,0.087600,0.000000,0.000000,0.000000,0.002500,0.000000
2092,3.329942,1.395103,1.378200,1.300500,1148.000000,645639637.000000,1140539392.000000,252489728.000000,1276350464.000000,0.000600,0.000000,0.000000,0.000000,0.007300,0.000000,0.141700,0.000000,0.000000,0.000000,0.002300,0.000000
2093,3.333684,3.739399,3.727500,3.636000,1148.000000,645647266.000000,1140539392.000000,252489728.000000,1276416000.000000,3.261300,0.049100,0.014600,3.143900,0.007800,0.021600,0.010500,0.000600,0.000900,0.016300,0.003200,0.000000
2094,3.335218,1.368098,1.359300,1.259900,1148.000000,645648949.000000,1140539392.000000,252489728.000000,1276416000.000000,0.000700,0.000000,0.000000,0.000000,0.011500,0.000000,0.094800,0.000000,0.000000,0.000000,0.003300,0.000000
2095,3.336480,1.442198,1.455900,1.352400,1148.000000,645648557.000000,1140539392.000000,252489728.000000,1276416000.000000,0.000800,0.000000,0.000000,0.000000,0.010500,0.000000,0.147400,0.000000,0.000000,0.000000,0.004000,0.000000
2096,3.337721,1.236104,1.236300,1.148000,1148.000000,645648997.000000,1140539392.000000,252489728.000000,1276416000.000000,0.000700,0.000000,0.000000,0.000000,0.009000,0.000000,0.119900,0.000000,0.000000,0.000000,0.002800,0.000000
2097,3.338880,1.176899,1.178400,1.095300,1148.000000,645647485.000000,1140539392.000000,252489728.000000,1276416000.000000,0.000600,0.000000,0.000000,0.000000,0.009400,0.000000,0.106500,0.000000,0.000000,0.000000,0.003000,0.000000
2098,3.341258,1.329500,1.326500,1.244200,1148.000000,645647509.000000,1140539392.000000,252489728.000000,1276416000.000000,0.000600,0.000000,0.000000,0.000000,0.008700,0.000000,0.120200,0.000000,0.000000,0.000000,0.002900,0.000000
2099,3.341897,1.607901,1.446900,1.366100,1148.000000,645654386.000000,1140539392.000000,252489728.000000,1276416000.000000,0.000700,0.000000,0.000000,0.000000,1.022700,0.000000,0.010600,0.000000,0.000000,0.000000,0.003300,0.000000
2100,3.343058,1.226495,1.380800,1.149400,1148.000000,645651141.000000,1140539392.000000,252489728.000000,1276416000.000000,0.000800,0.000000,0.000000,0.000000,0.013700,0.000000,0.178000,0.000000,0.000000,0.000000,0.005300,0.000000
2101,3.344599,1.510006,1.257900,1.171700,1148.000000,645651677.000000,1140539392.000000,252489728.000000,1276416000.000000,0.000600,0.000000,0.000000,0.000000,0.009600,0.000000,0.099800,0.000000,0.000000,0.000000,0.003600,0.000000
2102,3.345644,1.094395,1.337000,1.006700,1148.000000,645653901.000000,1140539392.000000,252489728.000000,1276416000.000000,0.000700,0.000000,0.000000,0.000000,0.012400,0.000000,0.088200,0.000000,0.000000,0.000000,0.003600,0.000000
2103,3.347178,1.417900,1.398100,1.307300,1148.000000,645651733.000000,1140539392.000000,252489728.000000,1276416000.000000,0.000700,0.000000,0.000000,0.000000,0.008400,0.000000,0.111700,0.000000,0.000000,0.000000,0.002600,0.000000
2104,3.350850,3.604301,3.551200,3.460000,1148.000000,645653077.000000,1140539392.000000,252489728.000000,1276416000.000000,2.929400,0.049900,0.020700,2.800000,0.015200,0.021600,0.011700,0.000600,0.000700,0.017800,0.004900,0.000000
2105,3.352025,1.280804,1.313400,1.151500,1148.000000,645656165.000000,1140539392.000000,252489728.000000,1276416000.000000,0.000800,0.000000,0.000000,0.000000,0.019300,0.000000,0.065300,0.000000,0.000000,0.000000,0.005500,0.000000
2106,3.353190,1.202700,1.224600,1.112600,1148.000000,645657157.000000,1140539392.000000,252489728.000000,1276416000.000000,0.000800,0.000000,0.000000,0.000000,0.013500,0.000000,0.016000,0.000000,0.000000,0.000000,0.005400,0.000000
2107,3.354673,1.500397,1.327200,1.238600,1148.000000,645659925.000000,1140539392.000000,252489728.000000,1276416000.000000,0.000700,0.000000,0.000000,0.000000,0.011100,0.000000,0.012100,0.000000,0.000000,0.000000,0.003300,0.000000
2108,3.355926,1.242999,1.320000,1.058800,1148.000000,645659725.000000,1140539392.000000,252489728.000000,1276416000.000000,0.000800,0.000000,0.000000,0.000000,0.010400,0.000000,0.135000,0.000000,0.000000,0.000000,0.003000,0.000000
2109,3.356977,1.075404,1.175500,0.995700,1148.000000,645659749.000000,1140539392.000000,252489728.000000,1276416000.000000,0.000600,0.000000,0.000000,0.000000,0.010200,0.000000,0.076600,0.000000,0.000000,0.000000,0.003600,0.000000
2110,3.358523,1.252799,1.254100,1.172300,1148.000000,645664717.000000,1140539392.000000,252489728.000000,1276416000.000000,0.000800,0.000000,0.000000,0.000000,0.009000,0.000000,0.090500,0.000000,0.000000,0.000000,0.003100,0.000000
2111,3.359922,1.664796,1.652900,1.573900,1148.000000,645663381.000000,1140539392.000000,252489728.000000,1276416000.000000,0.000900,0.000000,0.000000,0.000000,0.239300,0.000000,0.048500,0.000000,0.000000,0.000000,0.004900,0.000000
2112,3.360959,1.023002,1.026900,0.942200,1148.000000,645663917.000000,1140539392.000000,252489728.000000,1276416000.000000,0.000700,0.000000,0.000000,0.000000,0.008800,0.000000,0.065000,0.000000,0.000000,0.000000,0.003000,0.000000
2113,3.362574,1.580804,1.490900,1.373300,1148.000000,645663429.000000,1140539392.000000,252489728.000000,1276416000.000000,0.000800,0.000000,0.000000,0.000000,0.006900,0.000000,0.130800,0.000000,0.000000,0.000000,0.007100,0.000000
2114,3.364743,2.233900,1.167100,1.055800,1148.000000,645663965.000000,1140539392.000000,252489728.000000,1276416000.000000,0.000900,0.000000,0.000000,0.000000,0.013400,0.000000,0.079800,0.000000,0.000000,0.000000,0.005300,0.000000
2115,3.368041,3.135899,4.261900,3.166900,1148.000000,645668098.000000,1140539392.000000,252489728.000000,1276416000.000000,2.667400,0.078500,0.022400,2.516500,0.008800,0.020200,0.009900,0.000500,0.000500,0.014700,0.003600,0.000000
2116,3.369370,1.490802,1.477500,1.374600,1148.000000,645668501.000000,1140539392.000000,252489728.000000,1276420096.000000,0.000700,0.000000,0.000000,0.000000,0.012000,0.000000,0.116700,0.000000,0.000000,0.000000,0.003400,0.000000
2117,3.370525,1.174199,1.201800,1.092500,1148.000000,645669037.000000,1140539392.000000,252489728.000000,1276420096.000000,0.000700,0.000000,0.000000,0.000000,0.010500,0.000000,0.051700,0.000000,0.000000,0.000000,0.003200,0.000000
2118,3.371708,1.200099,1.203900,1.125800,1148.000000,645671253.000000,1140539392.000000,252489728.000000,1276420096.000000,0.000600,0.000000,0.000000,0.000000,0.006500,0.000000,0.073100,0.000000,0.000000,0.000000,0.002800,0.000000
2119,3.372988,1.254301,1.245300,1.169600,1148.000000,645668301.000000,1140539392.000000,252489728.000000,1276420096.000000,0.000600,0.000000,0.000000,0.000000,0.006400,0.000000,0.075500,0.000000,0.000000,0.000000,0.002700,0.000000
2120,3.374933,1.861494,1.812700,1.276200,1148.000000,645671917.000000,1140539392.000000,252489728.000000,1276420096.000000,0.000700,0.000000,0.000000,0.000000,0.009200,0.000000,0.169200,0.000000,0.000000,0.000000,0.003300,0.000000
2121,3.375739,0.834800,0.871900,0.750400,1148.000000,645677005.000000,1140539392.000000,252489728.000000,1276420096.000000,0.000900,0.000000,0.000000,0.000000,0.013900,0.000000,0.071400,0.000000,0.000000,0.000000,0.005200,0.000000
2122,3.377007,1.313202,1.308800,1.220300,1148.000000,645676181.000000,1140539392.000000,252489728.000000,1276420096.000000,0.000700,0.000000,0.000000,0.000000,0.010600,0.000000,0.083300,0.000000,0.000000,0.000000,0.003700,0.000000
2123,3.378263,1.253302,1.250300,1.162800,1148.000000,645676205.000000,1140539392.000000,252489728.000000,1276420096.000000,0.000900,0.000000,0.000000,0.000000,0.009700,0.000000,0.079400,0.000000,0.000000,0.000000,0.003000,0.000000
2124,3.379634,1.363598,1.360600,1.272800,1148.000000,645676653.000000,1140539392.000000,252489728.000000,1276424192.000000,0.000700,0.000000,0.000000,0.000000,0.009500,0.000000,0.126900,0.000000,0.000000,0.000000,0.002800,0.000000
2125,3.381236,1.499901,1.490400,1.256100,1148.000000,645676253.000000,1140539392.000000,252489728.000000,1276424192.000000,0.000700,0.000000,0.000000,0.000000,0.009700,0.000000,0.048500,0.000000,0.000000,0.000000,0.004200,0.000000
2126,3.385258,4.053600,3.986400,3.832700,1148.000000,645677397.000000,1140539392.000000,252489728.000000,1276424192.000000,3.078500,0.048400,0.051000,2.930200,0.009700,0.019800,0.118100,0.000700,0.000500,0.013500,0.004600,0.000000
2127,3.386481,0.964300,1.038100,0.883500,1148.000000,645681277.000000,1140539392.000000,252489728.000000,1276424192.000000,0.000800,0.000000,0.000000,0.000000,0.016700,0.000000,0.082200,0.000000,0.000000,0.000000,0.004000,0.000000
2128,3.387510,1.352204,1.268400,1.184900,1148.000000,645681301.000000,1140539392.000000,252489728.000000,1276424192.000000,0.000800,0.000000,0.000000,0.000000,0.012700,0.000000,0.025300,0.000000,0.000000,0.000000,0.003400,0.000000
2129,3.388687,1.196797,1.266300,1.108400,1148.000000,645681325.000000,1140539392.000000,252489728.000000,1276424192.000000,0.000600,0.000000,0.000000,0.000000,0.009900,0.000000,0.136900,0.000000,0.000000,0.000000,0.003900,0.000000
2130,3.390099,1.421499,1.424500,1.331800,1148.000000,645680541.000000,1140539392.000000,252489728.000000,1276424192.000000,0.000700,0.000000,0.000000,0.000000,0.009000,0.000000,0.110900,0.000000,0.000000,0.000000,0.002700,0.000000
2131,3.391444,1.344501,1.342400,1.256700,1148.000000,645680541.000000,1140539392.000000,252489728.000000,1276428288.000000,0.000700,0.000000,0.000000,0.000000,0.008100,0.000000,0.110000,0.000000,0.000000,0.000000,0.002600,0.000000
2132,3.392680,1.254400,1.256700,1.172200,1148.000000,645684661.000000,1140539392.000000,252489728.000000,1276428288.000000,0.000600,0.000000,0.000000,0.000000,0.009100,0.000000,0.108500,0.000000,0.000000,0.000000,0.002500,0.000000
2133,3.394078,1.358100,1.347700,1.266000,1148.000000,645688781.000000,1140539392.000000,252489728.000000,1276428288.000000,0.000700,0.000000,0.000000,0.000000,0.006600,0.000000,0.171800,0.000000,0.000000,0.000000,0.002500,0.000000
2134,3.395582,1.523101,1.514600,1.424600,1148.000000,645690997.000000,1140539392.000000,252489728.000000,1276428288.000000,0.000800,0.000000,0.000000,0.000000,0.010100,0.000000,0.206800,0.000000,0.000000,0.000000,0.003600,0.000000
2135,3.397015,1.425496,1.428400,1.335700,1148.000000,645688837.000000,1140539392.000000,252489728.000000,1276428288.000000,0.000800,0.000000,0.000000,0.000000,0.008700,0.000000,0.083800,0.000000,0.000000,0.000000,0.003500,0.000000
2136,3.400880,3.806406,3.784300,3.695000,1148.000000,645691189.000000,1140539392.000000,252489728.000000,1276428288.000000,3.169500,0.053800,0.015400,3.042900,0.009300,0.022600,0.018800,0.000600,0.000600,0.018200,0.002900,0.000000
2137,3.402073,1.252494,1.274300,1.168700,1148.000000,645689733.000000,1140539392.000000,252489728.000000,1276428288.000000,0.000700,0.000000,0.000000,0.000000,0.012900,0.000000,0.104700,0.000000,0.000000,0.000000,0.003800,0.000000
2138,3.403340,1.269501,1.271900,1.187900,1148.000000,645693853.000000,1140539392.000000,252489728.000000,1276428288.000000,0.000700,0.000000,0.000000,0.000000,0.009200,0.000000,0.116200,0.000000,0.000000,0.000000,0.002900,0.000000
2139,3.405070,1.390001,1.374100,1.293500,1148.000000,645693877.000000,1140539392.000000,252489728.000000,1276432384.000000,0.000700,0.000000,0.000000,0.000000,0.008900,0.000000,0.076300,0.000000,0.000000,0.000000,0.003200,0.000000
2140,3.406096,1.318403,1.314100,1.221100,1148.000000,645693021.000000,1140539392.000000,252489728.000000,1276432384.000000,0.000800,0.000000,0.000000,0.000000,0.010500,0.000000,0.059100,0.000000,0.000000,0.000000,0.006300,0.000000
2141,3.407417,1.352997,1.348100,1.255500,1148.000000,645693045.000000,1140539392.000000,252489728.000000,1276432384.000000,0.000700,0.000000,0.000000,0.000000,0.009600,0.000000,0.107700,0.000000,0.000000,0.000000,0.003700,0.000000
2142,3.408872,1.450801,1.454500,1.360500,1148.000000,645693493.000000,1140539392.000000,252489728.000000,1276432384.000000,0.000700,0.000000,0.000000,0.000000,0.010000,0.000000,0.191900,0.000000,0.000000,0.000000,0.003500,0.000000
2143,3.410312,1.467900,1.458300,1.367800,1148.000000,645693093.000000,1140539392.000000,252489728.000000,1276432384.000000,0.000700,0.000000,0.000000,0.000000,0.010200,0.000000,0.118700,0.000000,0.000000,0.000000,0.003400,0.000000
2144,3.411998,1.644898,1.632900,1.534900,1148.000000,645697213.000000,1140539392.000000,252489728.000000,1276432384.000000,0.000600,0.000000,0.000000,0.000000,0.007200,0.000000,0.338600,0.000000,0.000000,0.000000,0.002500,0.000000
2145,3.413350,1.392000,1.407600,1.305000,1148.000000,645701357.000000,1140539392.000000,252489728.000000,1276432384.000000,0.000700,0.000000,0.000000,0.000000,0.010700,0.000000,0.121700,0.000000,0.000000,0.000000,0.003700,0.000000
2146,3.417126,3.737698,3.714000,3.622400,1148.000000,645705578.000000,1140539392.000000,252489728.000000,1276432384.000000,3.257500,0.050300,0.014600,3.139800,0.007500,0.020500,0.010400,0.000700,0.000600,0.016100,0.003000,0.000000
2147,3.418343,1.264002,1.284500,1.177600,1148.000000,645702373.000000,1140539392.000000,252489728.000000,1276436480.000000,0.000800,0.000000,0.000000,0.000000,0.012800,0.000000,0.071300,0.000000,0.000000,0.000000,0.003200,0.000000
2148,3.419633,1.305598,1.293000,1.211400,1148.000000,645702397.000000,1140539392.000000,252489728.000000,1276436480.000000,0.000600,0.000000,0.000000,0.000000,0.008600,0.000000,0.131200,0.000000,0.000000,0.000000,0.002700,0.000000
2149,3.421115,1.451701,1.463400,1.371600,1148.000000,645706525.000000,1140539392.000000,252489728.000000,1276436480.000000,0.000500,0.000000,0.000000,0.000000,0.008300,0.000000,0.129200,0.000000,0.000000,0.000000,0.002800,0.000000
2150,3.422559,1.418601,1.384200,1.283700,1148.000000,645708621.000000,1140539392.000000,252489728.000000,1276436480.000000,0.000600,0.000000,0.000000,0.000000,0.007700,0.000000,0.131900,0.000000,0.000000,0.000000,0.002800,0.000000
2151,3.423735,1.202098,1.225400,1.118800,1148.000000,645705669.000000,1140539392.000000,252489728.000000,1276436480.000000,0.000700,0.000000,0.000000,0.000000,0.010600,0.000000,0.082100,0.000000,0.000000,0.000000,0.003800,0.000000
2152,3.425170,1.392701,1.389700,1.307800,1148.000000,645705693.000000,1140539392.000000,252489728.000000,1276436480.000000,0.000700,0.000000,0.000000,0.000000,0.009200,0.000000,0.009900,0.000000,0.000000,0.000000,0.003100,0.000000
2153,3.426630,1.408000,1.398200,1.312900,1148.000000,645705725.000000,1140539392.000000,252489728.000000,1276436480.000000,0.000800,0.000000,0.000000,0.000000,0.008900,0.000000,0.044800,0.000000,0.000000,0.000000,0.004500,0.000000
2154,3.428103,1.432001,1.411700,1.319900,1148.000000,645705749.000000,1140539392.000000,252489728.000000,1276436480.000000,0.000700,0.000000,0.000000,0.000000,0.010300,0.000000,0.142500,0.000000,0.000000,0.000000,0.003500,0.000000
2155,3.430456,2.484297,2.486700,2.392400,1148.000000,645707223.000000,1140539392.000000,252489728.000000,1276502016.000000,0.000900,0.000000,0.000000,0.000000,0.013900,0.000000,0.231000,0.000000,0.000000,0.000000,0.005500,0.000000
2156,3.433232,2.766107,2.771900,2.668000,1148.000000,645718091.000000,1140539392.000000,252489728.000000,1276502016.000000,2.302800,0.057200,0.024300,2.171100,0.009900,0.023300,0.011200,0.000700,0.000500,0.012700,0.003600,0.000000
2157,3.434591,1.284495,1.287700,1.193600,1148.000000,645715301.000000,1140539392.000000,252489728.000000,1276502016.000000,0.000700,0.000000,0.000000,0.000000,0.011200,0.000000,0.100100,0.000000,0.000000,0.000000,0.003400,0.000000
2158,3.436018,1.498498,1.488800,1.397900,1148.000000,645719821.000000,1140539392.000000,252489728.000000,1276502016.000000,0.000800,0.000000,0.000000,0.000000,0.009100,0.000000,0.194500,0.000000,0.000000,0.000000,0.005000,0.000000
2159,3.437286,1.278904,1.288600,1.193900,1148.000000,645719429.000000,1140539392.000000,252489728.000000,1276502016.000000,0.000600,0.000000,0.000000,0.000000,0.011000,0.000000,0.114700,0.000000,0.000000,0.000000,0.003300,0.000000
2160,3.438573,1.307001,1.303000,1.219700,1148.000000,645714341.000000,1140539392.000000,252489728.000000,1276502016.000000,0.000700,0.000000,0.000000,0.000000,0.007500,0.000000,0.078800,0.000000,0.000000,0.000000,0.003200,0.000000
2161,3.440326,1.496995,1.460000,1.372000,1148.000000,645718461.000000,1140539392.000000,252489728.000000,1276502016.000000,0.000600,0.000000,0.000000,0.000000,0.007200,0.000000,0.180800,0.000000,0.000000,0.000000,0.002700,0.000000
2162,3.441479,1.373406,1.398500,1.280200,1200.000000,645718485.000000,1140539392.000000,252489728.000000,1276502016.000000,0.000900,0.000000,0.000000,0.000000,0.011700,0.000000,0.120600,0.000000,0.000000,0.000000,0.005400,0.000000
2163,3.442829,1.362096,1.364000,1.273100,1148.000000,645718509.000000,1140539392.000000,252489728.000000,1276502016.000000,0.000700,0.000000,0.000000,0.000000,0.011000,0.000000,0.108200,0.000000,0.000000,0.000000,0.003500,0.000000
2164,3.444294,1.407200,1.362100,1.269100,1148.000000,645718965.000000,1140539392.000000,252489728.000000,1276502016.000000,0.000700,0.000000,0.000000,0.000000,0.009600,0.000000,0.151100,0.000000,0.000000,0.000000,0.003200,0.000000
2165,3.445650,1.405903,1.403100,1.275100,1148.000000,645719021.000000,1140539392.000000,252489728.000000,1276502016.000000,0.000800,0.000000,0.000000,0.000000,0.013100,0.000000,0.083800,0.000000,0.000000,0.000000,0.005300,0.000000
2166,3.446950,1.297796,1.327700,1.202600,1148.000000,645724485.000000,1140539392.000000,252489728.000000,1276502016.000000,0.000600,0.000000,0.000000,0.000000,0.009400,0.000000,0.117300,0.000000,0.000000,0.000000,0.003000,0.000000
2167,3.451261,4.297704,4.280800,4.183800,1148.000000,645725315.000000,1140539392.000000,252489728.000000,1276502016.000000,3.784700,0.047700,0.014900,3.666600,0.010600,0.022100,0.011400,0.000600,0.000500,0.017000,0.003400,0.000000
2168,3.452504,1.275198,1.291400,1.182200,1148.000000,645722621.000000,1140539392.000000,252489728.000000,1276502016.000000,0.000800,0.000000,0.000000,0.000000,0.012200,0.000000,0.124600,0.000000,0.000000,0.000000,0.003300,0.000000
2169,3.453821,1.302197,1.294100,1.204000,1148.000000,645722645.000000,1140539392.000000,252489728.000000,1276502016.000000,0.000700,0.000000,0.000000,0.000000,0.008900,0.000000,0.109200,0.000000,0.000000,0.000000,0.003500,0.000000
2170,3.455422,1.602806,1.592400,1.487400,1148.000000,645722669.000000,1140539392.000000,252489728.000000,1276502016.000000,0.000600,0.000000,0.000000,0.000000,0.010300,0.000000,0.286300,0.000000,0.000000,0.000000,0.003400,0.000000
2171,3.456678,1.276495,1.290300,1.189200,1148.000000,645726533.000000,1140539392.000000,252489728.000000,1276502016.000000,0.000700,0.000000,0.000000,0.000000,0.008400,0.000000,0.076400,0.000000,0.000000,0.000000,0.003300,0.000000
2172,3.458074,1.369005,1.359900,1.272300,1148.000000,645730653.000000,1140539392.000000,252489728.000000,1276502016.000000,0.000800,0.000000,0.000000,0.000000,0.008700,0.000000,0.163200,0.000000,0.000000,0.000000,0.003100,0.000000
2173,3.459414,1.353897,1.354100,1.263300,1148.000000,645730677.000000,1140539392.000000,252489728.000000,1276502016.000000,0.000700,0.000000,0.000000,0.000000,0.010200,0.000000,0.116800,0.000000,0.000000,0.000000,0.003500,0.000000
2174,3.460783,1.357100,1.357200,1.268900,1148.000000,645731133.000000,1140539392.000000,252489728.000000,1276502016.000000,0.000700,0.000000,0.000000,0.000000,0.009600,0.000000,0.072800,0.000000,0.000000,0.000000,0.002900,0.000000
2175,3.462003,1.263797,1.264100,1.180500,1148.000000,645730725.000000,1140539392.000000,252489728.000000,1276502016.000000,0.000700,0.000000,0.000000,0.000000,0.007600,0.000000,0.081000,0.000000,0.000000,0.000000,0.003000,0.000000
2176,3.463267,1.272399,1.278500,1.198400,1148.000000,645734845.000000,1140539392.000000,252489728.000000,1276502016.000000,0.000700,0.000000,0.000000,0.000000,0.006700,0.000000,0.081900,0.000000,0.000000,0.000000,0.002900,0.000000
2177,3.467157,3.803203,3.766800,3.685600,1148.000000,645743026.000000,1140539392.000000,252489728.000000,1276502016.000000,3.351600,0.046300,0.013100,3.233500,0.006000,0.023400,0.011700,0.000700,0.000600,0.017700,0.002400,0.000000
2178,3.468542,1.414902,1.426600,1.326400,1148.000000,645739773.000000,1140539392.000000,252489728.000000,1276502016.000000,0.000700,0.000000,0.000000,0.000000,0.012900,0.000000,0.101900,0.000000,0.000000,0.000000,0.003700,0.000000
2179,3.469840,1.328097,1.319600,1.227100,1148.000000,645740253.000000,1140539392.000000,252489728.000000,1276502016.000000,0.000700,0.000000,0.000000,0.000000,0.010500,0.000000,0.107800,0.000000,0.000000,0.000000,0.003500,0.000000
2180,3.471174,1.343197,1.358300,1.259200,1148.000000,645739429.000000,1140539392.000000,252489728.000000,1276502016.000000,0.000700,0.000000,0.000000,0.000000,0.008300,0.000000,0.113400,0.000000,0.000000,0.000000,0.003200,0.000000
2181,3.472417,1.254400,1.254600,1.175900,1148.000000,645738725.000000,1140539392.000000,252489728.000000,1276502016.000000,0.000700,0.000000,0.000000,0.000000,0.007200,0.000000,0.099400,0.000000,0.000000,0.000000,0.002900,0.000000
2182,3.473654,1.241801,1.241900,1.165500,1148.000000,645740917.000000,1140539392.000000,252489728.000000,1276502016.000000,0.000600,0.000000,0.000000,0.000000,0.006800,0.000000,0.076200,0.000000,0.000000,0.000000,0.002500,0.000000
2183,3.475293,1.612302,1.598600,1.520900,1148.000000,645746941.000000,1140539392.000000,252489728.000000,1276502016.000000,0.000600,0.000000,0.000000,0.000000,0.008400,0.000000,0.150100,0.000000,0.000000,0.000000,0.002600,0.000000
2184,3.476569,1.283000,1.289300,1.202000,1148.000000,645746989.000000,1140539392.000000,252489728.000000,1276502016.000000,0.000600,0.000000,0.000000,0.000000,0.009000,0.000000,0.111800,0.000000,0.000000,0.000000,0.003000,0.000000
2185,3.477967,1.367602,1.350200,1.267400,1148.000000,645747013.000000,1140539392.000000,252489728.000000,1276502016.000000,0.000600,0.000000,0.000000,0.000000,0.006900,0.000000,0.102800,0.000000,0.000000,0.000000,0.002800,0.000000
2186,3.479249,1.316397,1.322300,1.227400,1148.000000,645747037.000000,1140539392.000000,252489728.000000,1276502016.000000,0.000700,0.000000,0.000000,0.000000,0.009900,0.000000,0.130100,0.000000,0.000000,0.000000,0.003200,0.000000
2187,3.480809,1.519097,1.515300,1.428900,1148.000000,645747061.000000,1140539392.000000,252489728.000000,1276502016.000000,0.000700,0.000000,0.000000,0.000000,0.008900,0.000000,0.095600,0.000000,0.000000,0.000000,0.002600,0.000000
2188,3.484419,3.632100,3.622800,3.534400,1148.000000,645750650.000000,1140539392.000000,252489728.000000,1276502016.000000,3.156500,0.048100,0.013100,3.044300,0.009300,0.020600,0.010000,0.000600,0.000600,0.015100,0.003100,0.000000
2189,3.485882,1.476006,1.482200,1.390500,1148.000000,645751581.000000,1140539392.000000,252489728.000000,1276502016.000000,0.000700,0.000000,0.000000,0.000000,0.010800,0.000000,0.141300,0.000000,0.000000,0.000000,0.002700,0.000000
2190,3.487230,1.315398,1.308600,1.219500,1148.000000,645752453.000000,1140539392.000000,252489728.000000,1276502016.000000,0.000700,0.000000,0.000000,0.000000,0.008500,0.000000,0.113500,0.000000,0.000000,0.000000,0.002800,0.000000
2191,3.488471,1.271095,1.275800,1.188100,1148.000000,645751629.000000,1140539392.000000,252489728.000000,1276502016.000000,0.000600,0.000000,0.000000,0.000000,0.010100,0.000000,0.121800,0.000000,0.000000,0.000000,0.003700,0.000000
2192,3.489791,1.331505,1.316900,1.234700,1148.000000,645751301.000000,1140539392.000000,252489728.000000,1276502016.000000,0.000700,0.000000,0.000000,0.000000,0.008600,0.000000,0.122800,0.000000,0.000000,0.000000,0.003200,0.000000
2193,3.491145,1.352494,1.367500,1.274000,1148.000000,645751333.000000,1140539392.000000,252489728.000000,1276502016.000000,0.000700,0.000000,0.000000,0.000000,0.007200,0.000000,0.114700,0.000000,0.000000,0.000000,0.002600,0.000000
2194,3.492460,1.316404,1.315700,1.239500,1148.000000,645755909.000000,1140539392.000000,252489728.000000,1276502016.000000,0.000600,0.000000,0.000000,0.000000,0.006700,0.000000,0.105900,0.000000,0.000000,0.000000,0.002800,0.000000
2195,3.493816,1.348498,1.346300,1.270700,1148.000000,645755085.000000,1140539392.000000,252489728.000000,1276502016.000000,0.000800,0.000000,0.000000,0.000000,0.008100,0.000000,0.112100,0.000000,0.000000,0.000000,0.003300,0.000000
2196,3.495309,1.447598,1.419000,1.338200,1148.000000,645759205.000000,1140539392.000000,252489728.000000,1276502016.000000,0.000700,0.000000,0.000000,0.000000,0.008100,0.000000,0.096200,0.000000,0.000000,0.000000,0.002500,0.000000
2197,3.496593,1.325305,1.345500,1.246600,1148.000000,645759237.000000,1140539392.000000,252489728.000000,1276502016.000000,0.000900,0.000000,0.000000,0.000000,0.011900,0.000000,0.104300,0.000000,0.000000,0.000000,0.003100,0.000000
2198,3.500282,3.639102,3.621600,3.538500,1148.000000,645764994.000000,1140539392.000000,252489728.000000,1276502016.000000,3.197400,0.045700,0.013300,3.088900,0.008700,0.019100,0.010600,0.000800,0.000700,0.013900,0.002900,0.000000
2199,3.501525,1.311494,1.322800,1.231100,1148.000000,645759757.000000,1140539392.000000,252489728.000000,1276502016.000000,0.000700,0.000000,0.000000,0.000000,0.011100,0.000000,0.071100,0.000000,0.000000,0.000000,0.003000,0.000000
2200,3.502861,1.294707,1.284800,1.201700,1148.000000,645763877.000000,1140539392.000000,252489728.000000,1276502016.000000,0.000700,0.000000,0.000000,0.000000,0.006800,0.000000,0.117400,0.000000,0.000000,0.000000,0.003000,0.000000
2201,3.504211,1.286997,1.266600,1.177800,1148.000000,645763925.000000,1140539392.000000,252489728.000000,1276502016.000000,0.000700,0.000000,0.000000,0.000000,0.009800,0.000000,0.014500,0.000000,0.000000,0.000000,0.003000,0.000000
2202,3.505633,1.477997,1.488100,1.398200,1148.000000,645763005.000000,1140539392.000000,252489728.000000,1276502016.000000,0.000800,0.000000,0.000000,0.000000,0.009800,0.000000,0.026000,0.000000,0.000000,0.000000,0.005400,0.000000
2203,3.506803,1.191504,1.200700,1.108700,1148.000000,645763549.000000,1140539392.000000,252489728.000000,1276502016.000000,0.000700,0.000000,0.000000,0.000000,0.010400,0.000000,0.080500,0.000000,0.000000,0.000000,0.003200,0.000000
2204,3.508329,1.512798,1.504200,1.420700,1148.000000,645763989.000000,1140539392.000000,252489728.000000,1276502016.000000,0.000700,0.000000,0.000000,0.000000,0.009200,0.000000,0.107900,0.000000,0.000000,0.000000,0.002800,0.000000
2205,3.509716,1.401998,1.401000,1.313900,1148.000000,645767685.000000,1140539392.000000,252489728.000000,1276502016.000000,0.000700,0.000000,0.000000,0.000000,0.009900,0.000000,0.133300,0.000000,0.000000,0.000000,0.003100,0.000000
2206,3.511004,1.300205,1.299900,1.215300,1148.000000,645768133.000000,1140539392.000000,252489728.000000,1276502016.000000,0.000900,0.000000,0.000000,0.000000,0.009500,0.000000,0.058200,0.000000,0.000000,0.000000,0.003200,0.000000
2207,3.512222,1.227898,1.228300,1.145000,1148.000000,645767733.000000,1140539392.000000,252489728.000000,1276502016.000000,0.000700,0.000000,0.000000,0.000000,0.006800,0.000000,0.085400,0.000000,0.000000,0.000000,0.002500,0.000000
2208,3.513454,1.236798,1.240400,1.161400,1148.000000,645767765.000000,1140539392.000000,252489728.000000,1276502016.000000,0.000700,0.000000,0.000000,0.000000,0.006900,0.000000,0.080700,0.000000,0.000000,0.000000,0.002900,0.000000
2209,3.517238,3.749199,3.729000,3.650500,1148.000000,645776274.000000,1140539392.000000,252489728.000000,1276502016.000000,3.347700,0.059300,0.014300,3.224600,0.006000,0.018300,0.010000,0.000800,0.000600,0.013500,0.002800,0.000000
2210,3.518565,1.304804,1.295200,1.200800,1148.000000,645772485.000000,1140539392.000000,252489728.000000,1276502016.000000,0.000600,0.000000,0.000000,0.000000,0.010400,0.000000,0.107100,0.000000,0.000000,0.000000,0.002600,0.000000
2211,3.519763,1.259396,1.275300,1.177400,1148.000000,645776605.000000,1140539392.000000,252489728.000000,1276567552.000000,0.000600,0.000000,0.000000,0.000000,0.010000,0.000000,0.099600,0.000000,0.000000,0.000000,0.003300,0.000000
2212,3.521345,1.517701,1.484700,1.402100,1148.000000,645776629.000000,1140539392.000000,252489728.000000,1276567552.000000,0.000700,0.000000,0.000000,0.000000,0.006800,0.000000,0.123100,0.000000,0.000000,0.000000,0.002700,0.000000
2213,3.522444,1.139697,1.171900,1.062500,1148.000000,645775709.000000,1140539392.000000,252489728.000000,1276567552.000000,0.000600,0.000000,0.000000,0.000000,0.010000,0.000000,0.071200,0.000000,0.000000,0.000000,0.003400,0.000000
2214,3.524453,1.169905,1.168500,1.091900,1148.000000,645777925.000000,1140539392.000000,252489728.000000,1276567552.000000,0.000600,0.000000,0.000000,0.000000,0.008200,0.000000,0.060700,0.000000,0.000000,0.000000,0.002800,0.000000
2215,3.524963,1.346599,1.338500,1.263000,1148.000000,645775757.000000,1140539392.000000,252489728.000000,1276567552.000000,0.000800,0.000000,0.000000,0.000000,0.006300,0.000000,0.098600,0.000000,0.000000,0.000000,0.004800,0.000000
2216,3.526332,1.347902,1.335400,1.251700,1148.000000,645775805.000000,1140539392.000000,252489728.000000,1276567552.000000,0.000700,0.000000,0.000000,0.000000,0.008500,0.000000,0.118800,0.000000,0.000000,0.000000,0.003200,0.000000
2217,3.527546,1.238400,1.250500,1.150900,1148.000000,645779901.000000,1140539392.000000,252489728.000000,1276567552.000000,0.000800,0.000000,0.000000,0.000000,0.009700,0.000000,0.102600,0.000000,0.000000,0.000000,0.003400,0.000000
2218,3.528837,1.306796,1.304000,1.227900,1148.000000,645780357.000000,1140539392.000000,252489728.000000,1276567552.000000,0.000700,0.000000,0.000000,0.000000,0.007300,0.000000,0.128900,0.000000,0.000000,0.000000,0.002600,0.000000
2219,3.530351,1.459602,1.446500,1.365800,1148.000000,645779949.000000,1140539392.000000,252489728.000000,1276567552.000000,0.000700,0.000000,0.000000,0.000000,0.007100,0.000000,0.098700,0.000000,0.000000,0.000000,0.003000,0.000000
2220,3.534137,3.773902,3.737900,3.644800,1148.000000,645785929.000000,1140539392.000000,252489728.000000,1276567552.000000,3.235700,0.056800,0.016200,3.107000,0.011100,0.020500,0.010900,0.000800,0.000700,0.017000,0.003300,0.000000
2221,3.535534,1.404500,1.418300,1.298400,1148.000000,645780517.000000,1140539392.000000,252489728.000000,1276567552.000000,0.000800,0.000000,0.000000,0.000000,0.012900,0.000000,0.070500,0.000000,0.000000,0.000000,0.004700,0.000000
2222,3.536928,1.403501,1.413200,1.310000,1148.000000,645789173.000000,1140539392.000000,252489728.000000,1276567552.000000,0.000700,0.000000,0.000000,0.000000,0.010700,0.000000,0.086200,0.000000,0.000000,0.000000,0.003500,0.000000
2223,3.538176,1.278394,1.286000,1.196100,1148.000000,645789221.000000,1140539392.000000,252489728.000000,1276567552.000000,0.000600,0.000000,0.000000,0.000000,0.010300,0.000000,0.097300,0.000000,0.000000,0.000000,0.003900,0.000000
2224,3.540896,2.678706,2.654700,2.566600,1148.000000,645785263.000000,1140539392.000000,252489728.000000,1276567552.000000,0.000700,0.000000,0.000000,0.000000,0.008200,0.000000,0.335500,0.000000,0.000000,0.000000,0.003000,0.000000
2225,3.541422,0.557696,0.570400,0.472800,1148.000000,645787413.000000,1140539392.000000,252489728.000000,1276567552.000000,0.000700,0.000000,0.000000,0.000000,0.010600,0.000000,0.012200,0.000000,0.000000,0.000000,0.004200,0.000000
2226,3.542686,1.254301,1.257700,1.169300,1148.000000,645787949.000000,1140539392.000000,252489728.000000,1276567552.000000,0.000800,0.000000,0.000000,0.000000,0.009500,0.000000,0.112400,0.000000,0.000000,0.000000,0.002900,0.000000
2227,3.543911,1.249398,1.244500,1.163200,1148.000000,645787973.000000,1140539392.000000,252489728.000000,1276567552.000000,0.000700,0.000000,0.000000,0.000000,0.010000,0.000000,0.075900,0.000000,0.000000,0.000000,0.003100,0.000000
2228,3.545425,1.452005,1.438000,1.352500,1148.000000,645792093.000000,1140539392.000000,252489728.000000,1276567552.000000,0.000700,0.000000,0.000000,0.000000,0.007400,0.000000,0.096300,0.000000,0.000000,0.000000,0.002900,0.000000
2229,3.546694,1.335296,1.347400,1.255900,1148.000000,645792117.000000,1140539392.000000,252489728.000000,1276567552.000000,0.000800,0.000000,0.000000,0.000000,0.011200,0.000000,0.111400,0.000000,0.000000,0.000000,0.004000,0.000000
2230,3.550531,3.793304,3.773700,3.687600,1148.000000,645798323.000000,1140539392.000000,252489728.000000,1276567552.000000,3.323200,0.046600,0.013200,3.209000,0.007200,0.020600,0.012800,0.000500,0.000500,0.015900,0.002900,0.000000
2231,3.551908,1.380995,1.381800,1.283200,1148.000000,645792869.000000,1140539392.000000,252489728.000000,1276567552.000000,0.000800,0.000000,0.000000,0.000000,0.010300,0.000000,0.135900,0.000000,0.000000,0.000000,0.003300,0.000000
2232,3.553231,1.321499,1.313400,1.200000,1148.000000,645792389.000000,1140539392.000000,252489728.000000,1276567552.000000,0.000700,0.000000,0.000000,0.000000,0.010900,0.000000,0.132300,0.000000,0.000000,0.000000,0.003500,0.000000
2233,3.554455,1.249702,1.261400,1.165700,1148.000000,645797013.000000,1140539392.000000,252489728.000000,1276567552.000000,0.000700,0.000000,0.000000,0.000000,0.010400,0.000000,0.121700,0.000000,0.000000,0.000000,0.003500,0.000000
2234,3.555794,1.339498,1.338000,1.252300,1148.000000,645800589.000000,1140539392.000000,252489728.000000,1276567552.000000,0.000700,0.000000,0.000000,0.000000,0.007100,0.000000,0.079500,0.000000,0.000000,0.000000,0.002900,0.000000
2235,3.557129,1.321606,1.320500,1.235300,1148.000000,645800613.000000,1140539392.000000,252489728.000000,1276567552.000000,0.000700,0.000000,0.000000,0.000000,0.008800,0.000000,0.113400,0.000000,0.000000,0.000000,0.002800,0.000000
2236,3.558346,1.243098,1.243100,1.161900,1148.000000,645800637.000000,1140539392.000000,252489728.000000,1276567552.000000,0.000700,0.000000,0.000000,0.000000,0.009700,0.000000,0.076200,0.000000,0.000000,0.000000,0.003200,0.000000
2237,3.559766,1.424100,1.421400,1.341000,1148.000000,645800669.000000,1140539392.000000,252489728.000000,1276567552.000000,0.000800,0.000000,0.000000,0.000000,0.007200,0.000000,0.128000,0.000000,0.000000,0.000000,0.002700,0.000000
2238,3.561284,1.452898,1.435300,1.352900,1148.000000,645801573.000000,1140539392.000000,252489728.000000,1276567552.000000,0.000700,0.000000,0.000000,0.000000,0.006600,0.000000,0.155900,0.000000,0.000000,0.000000,0.002600,0.000000
2239,3.562507,1.272902,1.283500,1.190800,1148.000000,645804421.000000,1140539392.000000,252489728.000000,1276567552.000000,0.000800,0.000000,0.000000,0.000000,0.011000,0.000000,0.078400,0.000000,0.000000,0.000000,0.003500,0.000000
2240,3.563802,1.300099,1.298300,1.217600,1148.000000,645804445.000000,1140539392.000000,252489728.000000,1276567552.000000,0.000700,0.000000,0.000000,0.000000,0.008600,0.000000,0.105000,0.000000,0.000000,0.000000,0.003100,0.000000
2241,3.567554,3.737599,3.716800,3.634100,1148.000000,645808122.000000,1140539392.000000,252489728.000000,1276567552.000000,3.294100,0.047000,0.013900,3.186100,0.008100,0.018500,0.010800,0.000700,0.000500,0.013200,0.002900,0.000000
2242,3.569043,1.412401,1.347400,1.246800,1148.000000,645805109.000000,1140539392.000000,252489728.000000,1276567552.000000,0.000600,0.000000,0.000000,0.000000,0.010600,0.000000,0.118900,0.000000,0.000000,0.000000,0.002800,0.000000
2243,3.570273,1.301198,1.371600,1.218000,1148.000000,645805133.000000,1140539392.000000,252489728.000000,1276567552.000000,0.000800,0.000000,0.000000,0.000000,0.013800,0.000000,0.072300,0.000000,0.000000,0.000000,0.005800,0.000000
2244,3.571521,1.261600,1.247300,1.160300,1148.000000,645805581.000000,1140539392.000000,252489728.000000,1276567552.000000,0.000700,0.000000,0.000000,0.000000,0.009700,0.000000,0.103400,0.000000,0.000000,0.000000,0.003300,0.000000
2245,3.572653,1.159099,1.180500,1.085400,1148.000000,645808709.000000,1140539392.000000,252489728.000000,1276567552.000000,0.000700,0.000000,0.000000,0.000000,0.009100,0.000000,0.061600,0.000000,0.000000,0.000000,0.003200,0.000000
2246,3.574119,1.395699,1.347500,1.273100,1148.000000,645810901.000000,1140539392.000000,252489728.000000,1276567552.000000,0.000500,0.000000,0.000000,0.000000,0.005900,0.000000,0.207500,0.000000,0.000000,0.000000,0.002300,0.000000
2247,3.576184,1.739505,1.511500,1.397100,1148.000000,645812837.000000,1140539392.000000,252489728.000000,1276567552.000000,0.000800,0.000000,0.000000,0.000000,0.010300,0.000000,0.180200,0.000000,0.000000,0.000000,0.003900,0.000000
2248,3.576877,1.045295,1.299700,0.959100,1148.000000,645812853.000000,1140539392.000000,252489728.000000,1276567552.000000,0.000700,0.000000,0.000000,0.000000,0.014200,0.000000,0.081700,0.000000,0.000000,0.000000,0.005800,0.000000
2249,3.578190,1.329400,1.330700,1.242500,1148.000000,645812877.000000,1140539392.000000,252489728.000000,1276567552.000000,0.000700,0.000000,0.000000,0.000000,0.010700,0.000000,0.102300,0.000000,0.000000,0.000000,0.003200,0.000000
2250,3.579645,1.441100,1.431000,1.342900,1148.000000,645819459.000000,1140539392.000000,252489728.000000,1276567552.000000,0.000700,0.000000,0.000000,0.000000,0.007700,0.000000,0.169800,0.000000,0.000000,0.000000,0.002700,0.000000
2251,3.581076,1.408503,1.414900,1.323600,1148.000000,645817021.000000,1140539392.000000,252489728.000000,1276567552.000000,0.000700,0.000000,0.000000,0.000000,0.008400,0.000000,0.114400,0.000000,0.000000,0.000000,0.003000,0.000000
2252,3.585145,4.100900,4.085300,3.999800,1148.000000,645823649.000000,1140539392.000000,252489728.000000,1276567552.000000,3.623400,0.047200,0.014500,3.515600,0.007500,0.018800,0.011200,0.000600,0.000500,0.012500,0.003500,0.000000
2253,3.586481,1.333801,1.339100,1.244800,1148.000000,645817309.000000,1140539392.000000,252489728.000000,1276567552.000000,0.000500,0.000000,0.000000,0.000000,0.010300,0.000000,0.141300,0.000000,0.000000,0.000000,0.002700,0.000000
2254,3.587711,1.226297,1.226900,1.140300,1148.000000,645817757.000000,1140539392.000000,252489728.000000,1276567552.000000,0.000600,0.000000,0.000000,0.000000,0.009200,0.000000,0.108500,0.000000,0.000000,0.000000,0.003100,0.000000
2255,3.588888,1.168800,1.162500,1.081100,1148.000000,645817357.000000,1140539392.000000,252489728.000000,1276567552.000000,0.000700,0.000000,0.000000,0.000000,0.009700,0.000000,0.071000,0.000000,0.000000,0.000000,0.003100,0.000000
2256,3.590420,1.548200,1.499500,1.410800,1148.000000,645820877.000000,1140539392.000000,252489728.000000,1276567552.000000,0.000700,0.000000,0.000000,0.000000,0.008500,0.000000,0.176800,0.000000,0.000000,0.000000,0.005100,0.000000
2257,3.591645,1.199001,1.238900,1.107700,1148.000000,645820901.000000,1140539392.000000,252489728.000000,1276567552.000000,0.000700,0.000000,0.000000,0.000000,0.009900,0.000000,0.117400,0.000000,0.000000,0.000000,0.002600,0.000000
2258,3.592874,1.253699,1.257600,1.166800,1148.000000,645821349.000000,1140539392.000000,252489728.000000,1276567552.000000,0.000800,0.000000,0.000000,0.000000,0.010100,0.000000,0.069500,0.000000,0.000000,0.000000,0.003500,0.000000
2259,3.594352,1.458999,1.451300,1.364300,1148.000000,645820949.000000,1140539392.000000,252489728.000000,1276567552.000000,0.000700,0.000000,0.000000,0.000000,0.007500,0.000000,0.109900,0.000000,0.000000,0.000000,0.003300,0.000000
2260,3.595974,1.468601,1.460200,1.371200,1148.000000,645825093.000000,1140539392.000000,252489728.000000,1276567552.000000,0.000700,0.000000,0.000000,0.000000,0.009500,0.000000,0.109900,0.000000,0.000000,0.000000,0.003400,0.000000
2261,3.596994,1.202700,1.210200,1.115500,1148.000000,645833285.000000,1140539392.000000,252489728.000000,1276567552.000000,0.000800,0.000000,0.000000,0.000000,0.010100,0.000000,0.063400,0.000000,0.000000,0.000000,0.004800,0.000000
2262,3.601297,4.249405,4.228100,4.139300,1148.000000,645837085.000000,1140539392.000000,252489728.000000,1276567552.000000,3.564800,0.045300,0.014100,3.451000,0.007500,0.022100,0.012300,0.000600,0.000500,0.015200,0.002700,0.000000
2263,3.602429,1.180194,1.196300,1.094600,1148.000000,645834469.000000,1140539392.000000,252489728.000000,1276567552.000000,0.000700,0.000000,0.000000,0.000000,0.011200,0.000000,0.074500,0.000000,0.000000,0.000000,0.003100,0.000000
2264,3.603782,1.224603,1.228100,1.143600,1148.000000,645834509.000000,1140539392.000000,252489728.000000,1276567552.000000,0.000700,0.000000,0.000000,0.000000,0.007900,0.000000,0.076400,0.000000,0.000000,0.000000,0.003000,0.000000
2265,3.605089,1.393403,1.385000,1.308100,1148.000000,645834005.000000,1140539392.000000,252489728.000000,1276567552.000000,0.000800,0.000000,0.000000,0.000000,0.006300,0.000000,0.013900,0.000000,0.000000,0.000000,0.004200,0.000000
2266,3.606421,1.363698,1.358600,1.275100,1148.000000,645832925.000000,1140539392.000000,252489728.000000,1276567552.000000,0.000700,0.000000,0.000000,0.000000,0.009400,0.000000,0.048400,0.000000,0.000000,0.000000,0.005600,0.000000
2267,3.607694,1.264201,1.263000,1.173200,1148.000000,645838013.000000,1140539392.000000,252489728.000000,1276567552.000000,0.000700,0.000000,0.000000,0.000000,0.009400,0.000000,0.133200,0.000000,0.000000,0.000000,0.003300,0.000000
2268,3.610214,1.323299,1.322900,1.236300,1148.000000,645837189.000000,1140539392.000000,252489728.000000,1276567552.000000,0.000700,0.000000,0.000000,0.000000,0.010000,0.000000,0.111800,0.000000,0.000000,0.000000,0.003600,0.000000
2269,3.610869,1.842099,1.825100,1.735500,1148.000000,645836701.000000,1140539392.000000,252489728.000000,1276567552.000000,0.000700,0.000000,0.000000,0.000000,0.019300,0.000000,0.033300,0.000000,0.000000,0.000000,0.004300,0.000000
2270,3.612750,1.825999,1.636300,1.532700,1148.000000,645837149.000000,1140539392.000000,252489728.000000,1276567552.000000,0.000700,0.000000,0.000000,0.000000,0.011300,0.000000,0.032500,0.000000,0.000000,0.000000,0.003900,0.000000
2271,3.613433,0.745600,0.903000,0.620100,1148.000000,645837261.000000,1140539392.000000,252489728.000000,1276567552.000000,0.000800,0.000000,0.000000,0.000000,0.013700,0.000000,0.018800,0.000000,0.000000,0.000000,0.005300,0.000000
2272,3.617198,3.757901,3.771300,3.649100,1148.000000,645841554.000000,1140539392.000000,252489728.000000,1276567552.000000,3.252700,0.050600,0.016200,3.131400,0.010300,0.022100,0.010300,0.000800,0.000500,0.017000,0.003300,0.000000
2273,3.618477,1.289002,1.302100,1.195700,1148.000000,645846685.000000,1140539392.000000,252489728.000000,1276633088.000000,0.000700,0.000000,0.000000,0.000000,0.011600,0.000000,0.109900,0.000000,0.000000,0.000000,0.003100,0.000000
2274,3.619718,1.279401,1.283700,1.193800,1148.000000,645846733.000000,1140539392.000000,252489728.000000,1276633088.000000,0.000800,0.000000,0.000000,0.000000,0.009600,0.000000,0.119200,0.000000,0.000000,0.000000,0.003000,0.000000
2275,3.621325,1.539796,1.528500,1.442700,1148.000000,645846733.000000,1140539392.000000,252489728.000000,1276633088.000000,0.000600,0.000000,0.000000,0.000000,0.007800,0.000000,0.116000,0.000000,0.000000,0.000000,0.002700,0.000000
2276,3.622486,1.211501,1.204100,1.113200,1148.000000,645845605.000000,1140539392.000000,252489728.000000,1276633088.000000,0.000800,0.000000,0.000000,0.000000,0.010200,0.000000,0.074600,0.000000,0.000000,0.000000,0.003200,0.000000
2277,3.623695,1.226601,1.237200,1.140800,1148.000000,645845621.000000,1140539392.000000,252489728.000000,1276633088.000000,0.000700,0.000000,0.000000,0.000000,0.008800,0.000000,0.084800,0.000000,0.000000,0.000000,0.002900,0.000000
2278,3.625409,1.661203,1.647900,1.559500,1148.000000,645851933.000000,1140539392.000000,252489728.000000,1276633088.000000,0.000800,0.000000,0.000000,0.000000,0.008100,0.000000,0.069000,0.000000,0.000000,0.000000,0.003200,0.000000
2279,3.626680,1.305896,1.314100,1.221000,1148.000000,645849765.000000,1140539392.000000,252489728.000000,1276633088.000000,0.000800,0.000000,0.000000,0.000000,0.010700,0.000000,0.131900,0.000000,0.000000,0.000000,0.003300,0.000000
2280,3.627934,1.266001,1.269100,1.187400,1148.000000,645849789.000000,1140539392.000000,252489728.000000,1276633088.000000,0.000700,0.000000,0.000000,0.000000,0.008600,0.000000,0.076700,0.000000,0.000000,0.000000,0.002600,0.000000
2281,3.629222,1.289300,1.286400,1.210500,1148.000000,645849821.000000,1140539392.000000,252489728.000000,1276633088.000000,0.000700,0.000000,0.000000,0.000000,0.006800,0.000000,0.116500,0.000000,0.000000,0.000000,0.002500,0.000000
2282,3.630726,1.468601,1.456500,1.374900,1148.000000,645850301.000000,1140539392.000000,252489728.000000,1276633088.000000,0.000700,0.000000,0.000000,0.000000,0.007400,0.000000,0.093400,0.000000,0.000000,0.000000,0.002900,0.000000
2283,3.634408,3.664902,3.649000,3.558400,1148.000000,645853274.000000,1140539392.000000,252489728.000000,1276633088.000000,3.181900,0.048000,0.014500,3.067300,0.010400,0.020600,0.010700,0.000600,0.000500,0.015900,0.003200,0.000000
2284,3.635723,1.341100,1.356400,1.257000,1148.000000,645854805.000000,1140539392.000000,252489728.000000,1276633088.000000,0.000800,0.000000,0.000000,0.000000,0.011000,0.000000,0.062800,0.000000,0.000000,0.000000,0.004200,0.000000
2285,3.636949,1.251594,1.251900,1.170800,1148.000000,645858485.000000,1140539392.000000,252489728.000000,1276633088.000000,0.000800,0.000000,0.000000,0.000000,0.009100,0.000000,0.102400,0.000000,0.000000,0.000000,0.002800,0.000000
2286,3.638270,1.293502,1.289700,1.208600,1148.000000,645858973.000000,1140539392.000000,252489728.000000,1276633088.000000,0.000600,0.000000,0.000000,0.000000,0.007000,0.000000,0.108700,0.000000,0.000000,0.000000,0.002600,0.000000
2287,3.639559,1.307504,1.307200,1.227100,1148.000000,645857789.000000,1140539392.000000,252489728.000000,1276633088.000000,0.000700,0.000000,0.000000,0.000000,0.009100,0.000000,0.144900,0.000000,0.000000,0.000000,0.002800,0.000000
2288,3.641174,1.503394,1.396000,1.315500,1148.000000,645857813.000000,1140539392.000000,252489728.000000,1276633088.000000,0.000600,0.000000,0.000000,0.000000,0.007700,0.000000,0.107800,0.000000,0.000000,0.000000,0.002700,0.000000
2289,3.642452,1.354599,1.399700,1.216800,1200.000000,645861957.000000,1140539392.000000,252489728.000000,1276633088.000000,0.000900,0.000000,0.000000,0.000000,0.013600,0.000000,0.083200,0.000000,0.000000,0.000000,0.005400,0.000000
2290,3.643681,1.237500,1.282800,1.150700,1148.000000,645861957.000000,1140539392.000000,252489728.000000,1276633088.000000,0.000800,0.000000,0.000000,0.000000,0.010500,0.000000,0.117900,0.000000,0.000000,0.000000,0.003600,0.000000
2291,3.644985,1.317800,1.314100,1.228000,1148.000000,645864451.000000,1140539392.000000,252489728.000000,1276633088.000000,0.000800,0.000000,0.000000,0.000000,0.009800,0.000000,0.116600,0.000000,0.000000,0.000000,0.003500,0.000000
2292,3.646461,1.470904,1.468900,1.379000,1148.000000,645862005.000000,1140539392.000000,252489728.000000,1276633088.000000,0.000700,0.000000,0.000000,0.000000,0.009600,0.000000,0.184500,0.000000,0.000000,0.000000,0.003000,0.000000
2293,3.647848,1.394501,1.306900,1.219300,1148.000000,645862029.000000,1140539392.000000,252489728.000000,1276633088.000000,0.000700,0.000000,0.000000,0.000000,0.009300,0.000000,0.143600,0.000000,0.000000,0.000000,0.003200,0.000000
2294,3.651679,3.796599,3.867700,3.694300,1148.000000,645868410.000000,1140539392.000000,252489728.000000,1276633088.000000,3.313200,0.045700,0.015600,3.198100,0.008600,0.021500,0.011900,0.000600,0.000600,0.017600,0.003100,0.000000
2295,3.652935,1.288698,1.302000,1.203900,1148.000000,645867061.000000,1140539392.000000,252489728.000000,1276633088.000000,0.000700,0.000000,0.000000,0.000000,0.011800,0.000000,0.101900,0.000000,0.000000,0.000000,0.003200,0.000000
2296,3.654221,1.306101,1.303500,1.222000,1148.000000,645867541.000000,1140539392.000000,252489728.000000,1276633088.000000,0.000600,0.000000,0.000000,0.000000,0.009400,0.000000,0.124600,0.000000,0.000000,0.000000,0.002600,0.000000
2297,3.655779,1.521599,1.508200,1.422800,1148.000000,645866717.000000,1140539392.000000,252489728.000000,1276633088.000000,0.000600,0.000000,0.000000,0.000000,0.006900,0.000000,0.118300,0.000000,0.000000,0.000000,0.003200,0.000000
2298,3.657114,1.331604,1.301000,1.209300,1148.000000,645870429.000000,1140539392.000000,252489728.000000,1276633088.000000,0.000800,0.000000,0.000000,0.000000,0.010100,0.000000,0.109900,0.000000,0.000000,0.000000,0.003200,0.000000
2299,3.658394,1.305796,1.339900,1.223100,1148.000000,645870029.000000,1140539392.000000,252489728.000000,1276633088.000000,0.000600,0.000000,0.000000,0.000000,0.010100,0.000000,0.122600,0.000000,0.000000,0.000000,0.003200,0.000000
2300,3.659837,1.433404,1.422000,1.336100,1148.000000,645870053.000000,1140539392.000000,252489728.000000,1276633088.000000,0.000700,0.000000,0.000000,0.000000,0.008800,0.000000,0.131200,0.000000,0.000000,0.000000,0.002800,0.000000
2301,3.661186,1.349794,1.357200,1.265200,1148.000000,645874173.000000,1140539392.000000,252489728.000000,1276633088.000000,0.000800,0.000000,0.000000,0.000000,0.009500,0.000000,0.059000,0.000000,0.000000,0.000000,0.002700,0.000000
2302,3.662520,1.328501,1.322600,1.236700,1148.000000,645874621.000000,1140539392.000000,252489728.000000,1276633088.000000,0.000800,0.000000,0.000000,0.000000,0.006900,0.000000,0.113100,0.000000,0.000000,0.000000,0.002600,0.000000
2303,3.663691,1.214605,1.217200,1.130900,1148.000000,645874221.000000,1140539392.000000,252489728.000000,1276633088.000000,0.000800,0.000000,0.000000,0.000000,0.009600,0.000000,0.076200,0.000000,0.000000,0.000000,0.002900,0.000000
2304,3.667541,3.823498,3.808600,3.724200,1148.000000,645880497.000000,1140539392.000000,252489728.000000,1276633088.000000,3.418100,0.056100,0.015900,3.295800,0.007200,0.018700,0.010200,0.000900,0.000800,0.014800,0.003000,0.000000
2305,3.669027,1.472499,1.476000,1.382900,1148.000000,645875181.000000,1140539392.000000,252489728.000000,1276633088.000000,0.000500,0.000000,0.000000,0.000000,0.010800,0.000000,0.208200,0.000000,0.000000,0.000000,0.003200,0.000000
2306,3.670555,1.513003,1.508200,1.417900,1148.000000,645879293.000000,1140539392.000000,252489728.000000,1276633088.000000,0.000600,0.000000,0.000000,0.000000,0.009200,0.000000,0.245300,0.000000,0.000000,0.000000,0.003100,0.000000
2307,3.671856,1.301594,1.301700,1.210200,1148.000000,645879317.000000,1140539392.000000,252489728.000000,1276633088.000000,0.000700,0.000000,0.000000,0.000000,0.010200,0.000000,0.126200,0.000000,0.000000,0.000000,0.003300,0.000000
2308,3.673105,1.265101,1.246200,1.158700,1148.000000,645878461.000000,1140539392.000000,252489728.000000,1276633088.000000,0.000700,0.000000,0.000000,0.000000,0.010500,0.000000,0.083500,0.000000,0.000000,0.000000,0.003400,0.000000
2309,3.674454,1.357603,1.373400,1.269600,1148.000000,645878485.000000,1140539392.000000,252489728.000000,1276633088.000000,0.000700,0.000000,0.000000,0.000000,0.009900,0.000000,0.113900,0.000000,0.000000,0.000000,0.003100,0.000000
2310,3.675987,1.462096,1.451300,1.323100,1148.000000,645880197.000000,1140539392.000000,252489728.000000,1276633088.000000,0.000900,0.000000,0.000000,0.000000,0.007500,0.000000,0.105800,0.000000,0.000000,0.000000,0.003200,0.000000
2311,3.677368,1.429500,1.397400,1.306300,1148.000000,645883093.000000,1140539392.000000,252489728.000000,1276633088.000000,0.000700,0.000000,0.000000,0.000000,0.020100,0.000000,0.138800,0.000000,0.000000,0.000000,0.005000,0.000000
2312,3.678611,1.240901,1.264900,1.142200,1148.000000,645886789.000000,1140539392.000000,252489728.000000,1276633088.000000,0.000700,0.000000,0.000000,0.000000,0.009500,0.000000,0.113300,0.000000,0.000000,0.000000,0.005300,0.000000
2313,3.679923,1.310502,1.320700,1.226200,1148.000000,645886389.000000,1140539392.000000,252489728.000000,1276633088.000000,0.000600,0.000000,0.000000,0.000000,0.010400,0.000000,0.135900,0.000000,0.000000,0.000000,0.003700,0.000000
2314,3.683994,4.021301,4.000800,3.913400,1148.000000,645892585.000000,1140539392.000000,252489728.000000,1276633088.000000,3.525800,0.059300,0.015600,3.396900,0.007100,0.019200,0.010300,0.001000,0.000800,0.017100,0.003100,0.000000
2315,3.685753,1.759999,1.701900,1.596900,1148.000000,645886877.000000,1140539392.000000,252489728.000000,1276633088.000000,0.000900,0.000000,0.000000,0.000000,0.012600,0.000000,0.078800,0.000000,0.000000,0.000000,0.005800,0.000000
2316,3.686842,1.135502,1.193100,1.040200,1148.000000,645887413.000000,1140539392.000000,252489728.000000,1276633088.000000,0.000800,0.000000,0.000000,0.000000,0.013900,0.000000,0.101200,0.000000,0.000000,0.000000,0.005300,0.000000
2317,3.688129,1.294402,1.299000,1.202300,1148.000000,645891533.000000,1140539392.000000,252489728.000000,1276633088.000000,0.000800,0.000000,0.000000,0.000000,0.010300,0.000000,0.122200,0.000000,0.000000,0.000000,0.003300,0.000000
2318,3.689364,1.256696,1.257400,1.171300,1148.000000,645891077.000000,1140539392.000000,252489728.000000,1276633088.000000,0.000800,0.000000,0.000000,0.000000,0.010000,0.000000,0.110700,0.000000,0.000000,0.000000,0.003600,0.000000
2319,3.690865,1.472399,1.464800,1.376400,1148.000000,645890653.000000,1140539392.000000,252489728.000000,1276633088.000000,0.000600,0.000000,0.000000,0.000000,0.008200,0.000000,0.163700,0.000000,0.000000,0.000000,0.002500,0.000000
2320,3.692180,1.292198,1.290000,1.201100,1148.000000,645890685.000000,1140539392.000000,252489728.000000,1276633088.000000,0.000700,0.000000,0.000000,0.000000,0.010600,0.000000,0.108400,0.000000,0.000000,0.000000,0.003600,0.000000
2321,3.693451,1.303203,1.303300,1.215000,1148.000000,645890701.000000,1140539392.000000,252489728.000000,1276633088.000000,0.000700,0.000000,0.000000,0.000000,0.010000,0.000000,0.119000,0.000000,0.000000,0.000000,0.005200,0.000000
2322,3.694833,1.375602,1.367900,1.282400,1148.000000,645890725.000000,1140539392.000000,252489728.000000,1276633088.000000,0.000700,0.000000,0.000000,0.000000,0.009700,0.000000,0.165400,0.000000,0.000000,0.000000,0.003200,0.000000
2323,3.696194,1.389498,1.355500,1.265600,1148.000000,645894845.000000,1140539392.000000,252489728.000000,1276633088.000000,0.000800,0.000000,0.000000,0.000000,0.010400,0.000000,0.070200,0.000000,0.000000,0.000000,0.003600,0.000000
2324,3.697596,1.375900,1.405700,1.283300,1148.000000,645898965.000000,1140539392.000000,252489728.000000,1276633088.000000,0.000700,0.000000,0.000000,0.000000,0.008400,0.000000,0.116000,0.000000,0.000000,0.000000,0.003400,0.000000
2325,3.701168,3.554698,3.549600,3.458700,1148.000000,645908651.000000,1140539392.000000,252489728.000000,1276633088.000000,3.073200,0.059800,0.017400,2.943100,0.010000,0.024300,0.013000,0.000700,0.000500,0.013300,0.003600,0.000000
2326,3.702390,1.271499,1.269600,1.179500,1148.000000,645906981.000000,1140539392.000000,252489728.000000,1276633088.000000,0.000700,0.000000,0.000000,0.000000,0.010700,0.000000,0.108200,0.000000,0.000000,0.000000,0.003000,0.000000
2327,3.703705,1.319005,1.325300,1.237300,1148.000000,645904813.000000,1140539392.000000,252489728.000000,1276633088.000000,0.000700,0.000000,0.000000,0.000000,0.009500,0.000000,0.097800,0.000000,0.000000,0.000000,0.003100,0.000000
2328,3.705316,1.483999,1.464600,1.380800,1148.000000,645904837.000000,1140539392.000000,252489728.000000,1276633088.000000,0.000700,0.000000,0.000000,0.000000,0.007200,0.000000,0.087500,0.000000,0.000000,0.000000,0.002900,0.000000
2329,3.706670,1.450000,1.454800,1.355900,1148.000000,645903357.000000,1140539392.000000,252489728.000000,1276633088.000000,0.000700,0.000000,0.000000,0.000000,0.010400,0.000000,0.120200,0.000000,0.000000,0.000000,0.005900,0.000000
2330,3.708001,1.326495,1.328600,1.238600,1148.000000,645903381.000000,1140539392.000000,252489728.000000,1276633088.000000,0.000700,0.000000,0.000000,0.000000,0.009800,0.000000,0.162600,0.000000,0.000000,0.000000,0.003100,0.000000
2331,3.709307,1.335105,1.334100,1.249700,1148.000000,645903405.000000,1140539392.000000,252489728.000000,1276633088.000000,0.000800,0.000000,0.000000,0.000000,0.009900,0.000000,0.123600,0.000000,0.000000,0.000000,0.003300,0.000000
2332,3.710740,1.432398,1.430500,1.347400,1148.000000,645903429.000000,1140539392.000000,252489728.000000,1276633088.000000,0.000700,0.000000,0.000000,0.000000,0.007000,0.000000,0.124900,0.000000,0.000000,0.000000,0.002700,0.000000
2333,3.712101,1.318601,1.298500,1.215700,1148.000000,645903453.000000,1140539392.000000,252489728.000000,1276633088.000000,0.000700,0.000000,0.000000,0.000000,0.007600,0.000000,0.079500,0.000000,0.000000,0.000000,0.003100,0.000000
2334,3.713322,1.237195,1.248100,1.144100,1148.000000,645907997.000000,1140539392.000000,252489728.000000,1276698624.000000,0.000700,0.000000,0.000000,0.000000,0.009000,0.000000,0.055400,0.000000,0.000000,0.000000,0.006600,0.000000
2335,3.717614,4.270501,4.258200,4.166600,1148.000000,645910787.000000,1140539392.000000,252489728.000000,1276698624.000000,3.776300,0.048200,0.013500,3.655400,0.009900,0.023100,0.010800,0.000700,0.000600,0.018700,0.002800,0.000000
2336,3.718787,1.225099,1.236800,1.142000,1148.000000,645911997.000000,1140539392.000000,252489728.000000,1276698624.000000,0.000700,0.000000,0.000000,0.000000,0.011500,0.000000,0.072900,0.000000,0.000000,0.000000,0.003000,0.000000
2337,3.720454,1.622201,1.614100,1.528600,1148.000000,645912021.000000,1140539392.000000,252489728.000000,1276698624.000000,0.000700,0.000000,0.000000,0.000000,0.007000,0.000000,0.144500,0.000000,0.000000,0.000000,0.003100,0.000000
2338,3.721573,1.175404,1.180800,1.095200,1148.000000,645912469.000000,1140539392.000000,252489728.000000,1276698624.000000,0.000700,0.000000,0.000000,0.000000,0.009100,0.000000,0.078200,0.000000,0.000000,0.000000,0.003200,0.000000
2339,3.722821,1.244501,1.241000,1.164400,1148.000000,645911821.000000,1140539392.000000,252489728.000000,1276698624.000000,0.000700,0.000000,0.000000,0.000000,0.006200,0.000000,0.090100,0.000000,0.000000,0.000000,0.003000,0.000000
2340,3.724217,1.359999,1.336900,1.254600,1148.000000,645916421.000000,1140539392.000000,252489728.000000,1276698624.000000,0.000600,0.000000,0.000000,0.000000,0.006200,0.000000,0.130800,0.000000,0.000000,0.000000,0.002400,0.000000
2341,3.725590,1.383000,1.394200,1.293000,1148.000000,645915573.000000,1140539392.000000,252489728.000000,1276698624.000000,0.000600,0.000000,0.000000,0.000000,0.009900,0.000000,0.118500,0.000000,0.000000,0.000000,0.003900,0.000000
2342,3.726954,1.344997,1.331300,1.242800,1148.000000,645917789.000000,1140539392.000000,252489728.000000,1276698624.000000,0.000600,0.000000,0.000000,0.000000,0.009400,0.000000,0.129800,0.000000,0.000000,0.000000,0.003300,0.000000
2343,3.728152,1.234999,1.248100,1.151900,1148.000000,645915661.000000,1140539392.000000,252489728.000000,1276698624.000000,0.000700,0.000000,0.000000,0.000000,0.010300,0.000000,0.080100,0.000000,0.000000,0.000000,0.003700,0.000000
2344,3.729570,1.406604,1.404100,1.323100,1148.000000,645915669.000000,1140539392.000000,252489728.000000,1276698624.000000,0.000800,0.000000,0.000000,0.000000,0.007000,0.000000,0.139800,0.000000,0.000000,0.000000,0.003000,0.000000
2345,3.731112,1.507398,1.477100,1.374600,1148.000000,645919253.000000,1140539392.000000,252489728.000000,1276698624.000000,0.000800,0.000000,0.000000,0.000000,0.008400,0.000000,0.132900,0.000000,0.000000,0.000000,0.002700,0.000000
2346,3.734600,3.495103,3.503000,3.395400,1148.000000,645927322.000000,1140539392.000000,252489728.000000,1276698624.000000,2.994600,0.048000,0.017100,2.877000,0.010600,0.021400,0.010600,0.000600,0.000600,0.015100,0.004000,0.000000
2347,3.736035,1.439697,1.443500,1.346100,1148.000000,645924237.000000,1140539392.000000,252489728.000000,1276698624.000000,0.000700,0.000000,0.000000,0.000000,0.011600,0.000000,0.061800,0.000000,0.000000,0.000000,0.003100,0.000000
2348,3.737222,1.206300,1.212500,1.122200,1148.000000,645924261.000000,1140539392.000000,252489728.000000,1276698624.000000,0.000700,0.000000,0.000000,0.000000,0.010100,0.000000,0.072300,0.000000,0.000000,0.000000,0.003100,0.000000
2349,3.738486,1.255201,1.250800,1.168300,1148.000000,645928381.000000,1140539392.000000,252489728.000000,1276698624.000000,0.000800,0.000000,0.000000,0.000000,0.008700,0.000000,0.111500,0.000000,0.000000,0.000000,0.003000,0.000000
2350,3.741020,2.440802,1.327700,1.244300,1148.000000,645928525.000000,1140539392.000000,252489728.000000,1276698624.000000,0.000700,0.000000,0.000000,0.000000,0.009600,0.000000,0.114000,0.000000,0.000000,0.000000,0.003400,0.000000
2351,3.741666,0.713598,1.811800,0.635100,1148.000000,645931709.000000,1140539392.000000,252489728.000000,1276698624.000000,0.000700,0.000000,0.000000,0.000000,0.015100,0.000000,0.150700,0.000000,0.000000,0.000000,0.004200,0.000000
2352,3.742882,1.226800,1.221800,1.126800,1148.000000,645932669.000000,1140539392.000000,252489728.000000,1276698624.000000,0.000600,0.000000,0.000000,0.000000,0.010100,0.000000,0.130000,0.000000,0.000000,0.000000,0.003600,0.000000
2353,3.744243,1.356498,1.351000,1.256500,1148.000000,645932269.000000,1140539392.000000,252489728.000000,1276698624.000000,0.000700,0.000000,0.000000,0.000000,0.010500,0.000000,0.100400,0.000000,0.000000,0.000000,0.003300,0.000000
2354,3.745650,1.423200,1.424900,1.326600,1148.000000,645932301.000000,1140539392.000000,252489728.000000,1276698624.000000,0.000800,0.000000,0.000000,0.000000,0.010700,0.000000,0.074800,0.000000,0.000000,0.000000,0.005100,0.000000
2355,3.747010,1.364300,1.369200,1.274900,1148.000000,645932805.000000,1140539392.000000,252489728.000000,1276698624.000000,0.000700,0.000000,0.000000,0.000000,0.009100,0.000000,0.113700,0.000000,0.000000,0.000000,0.003300,0.000000
2356,3.750762,3.704202,3.678600,3.585200,1148.000000,645935027.000000,1140539392.000000,252489728.000000,1276698624.000000,3.177700,0.050200,0.014500,3.053200,0.009600,0.023100,0.011000,0.000600,0.000600,0.018600,0.003800,0.000000
2357,3.752057,1.342900,1.360800,1.254100,1148.000000,645936453.000000,1140539392.000000,252489728.000000,1276698624.000000,0.000700,0.000000,0.000000,0.000000,0.010100,0.000000,0.106500,0.000000,0.000000,0.000000,0.003200,0.000000
2358,3.753265,1.235197,1.240500,1.154600,1148.000000,645938669.000000,1140539392.000000,252489728.000000,1276698624.000000,0.000600,0.000000,0.000000,0.000000,0.010200,0.000000,0.073500,0.000000,0.000000,0.000000,0.003200,0.000000
2359,3.754777,1.478203,1.469700,1.388100,1148.000000,645936501.000000,1140539392.000000,252489728.000000,1276698624.000000,0.000700,0.000000,0.000000,0.000000,0.006700,0.000000,0.184500,0.000000,0.000000,0.000000,0.002800,0.000000
2360,3.756019,1.282497,1.278700,1.193700,1148.000000,645936173.000000,1140539392.000000,252489728.000000,1276698624.000000,0.000700,0.000000,0.000000,0.000000,0.010300,0.000000,0.075800,0.000000,0.000000,0.000000,0.003000,0.000000
2361,3.759231,3.124702,3.101900,3.009500,1148.000000,645936197.000000,1140539392.000000,252489728.000000,1276698624.000000,0.000600,0.000000,0.000000,0.000000,0.007400,0.000000,0.189200,0.000000,0.000000,0.000000,0.002800,0.000000
2362,3.760675,1.455201,1.459600,1.346800,1148.000000,645944413.000000,1140539392.000000,252489728.000000,1276698624.000000,0.000700,0.000000,0.000000,0.000000,0.011200,0.000000,0.107300,0.000000,0.000000,0.000000,0.003600,0.000000
2363,3.762004,1.356696,1.361700,1.264400,1148.000000,645944437.000000,1140539392.000000,252489728.000000,1276698624.000000,0.000900,0.000000,0.000000,0.000000,0.010900,0.000000,0.129900,0.000000,0.000000,0.000000,0.003600,0.000000
2364,3.763563,1.564201,1.566200,1.475300,1148.000000,645944469.000000,1140539392.000000,252489728.000000,1276698624.000000,0.000600,0.000000,0.000000,0.000000,0.010100,0.000000,0.328900,0.000000,0.000000,0.000000,0.003400,0.000000
2365,3.767363,3.805598,3.778400,3.684000,1148.000000,645948570.000000,1140539392.000000,252489728.000000,1276698624.000000,3.280800,0.048700,0.015400,3.163300,0.010100,0.021400,0.010900,0.000600,0.000600,0.015200,0.003500,0.000000
2366,3.769395,2.000000,2.009300,1.894500,1148.000000,645945789.000000,1140539392.000000,252489728.000000,1276698624.000000,0.000700,0.000000,0.000000,0.000000,0.009900,0.000000,0.117100,0.000000,0.000000,0.000000,0.003200,0.000000
2367,3.771147,1.773101,1.766100,1.668000,1148.000000,645945389.000000,1140539392.000000,252489728.000000,1276698624.000000,0.000700,0.000000,0.000000,0.000000,0.010600,0.000000,0.129200,0.000000,0.000000,0.000000,0.003200,0.000000
2368,3.772349,1.223299,1.234500,1.134700,1148.000000,645949517.000000,1140539392.000000,252489728.000000,1276698624.000000,0.000800,0.000000,0.000000,0.000000,0.010500,0.000000,0.103900,0.000000,0.000000,0.000000,0.003500,0.000000
2369,3.773628,1.294905,1.304700,1.220000,1148.000000,645949189.000000,1140539392.000000,252489728.000000,1276698624.000000,0.000700,0.000000,0.000000,0.000000,0.008600,0.000000,0.104000,0.000000,0.000000,0.000000,0.003200,0.000000
2370,3.775224,1.568800,1.532400,1.453400,1148.000000,645948341.000000,1140539392.000000,252489728.000000,1276698624.000000,0.000600,0.000000,0.000000,0.000000,0.007500,0.000000,0.186400,0.000000,0.000000,0.000000,0.002400,0.000000
2371,3.777090,1.654897,1.521000,1.412700,1148.000000,645948365.000000,1140539392.000000,252489728.000000,1276698624.000000,0.000800,0.000000,0.000000,0.000000,0.012300,0.000000,0.179600,0.000000,0.000000,0.000000,0.003600,0.000000
2372,3.778314,1.447399,1.595300,1.364000,1148.000000,645948397.000000,1140539392.000000,252489728.000000,1276698624.000000,0.000700,0.000000,0.000000,0.000000,0.014200,0.000000,0.196900,0.000000,0.000000,0.000000,0.006500,0.000000
2373,3.779763,1.429301,1.426600,1.333700,1148.000000,645952501.000000,1140539392.000000,252489728.000000,1276698624.000000,0.000600,0.000000,0.000000,0.000000,0.007500,0.000000,0.114100,0.000000,0.000000,0.000000,0.002600,0.000000
2374,3.781172,1.408298,1.406600,1.314400,1148.000000,645954725.000000,1140539392.000000,252489728.000000,1276698624.000000,0.000700,0.000000,0.000000,0.000000,0.010400,0.000000,0.102900,0.000000,0.000000,0.000000,0.003400,0.000000
2375,3.784890,3.723306,3.716100,3.625100,1148.000000,645962841.000000,1140539392.000000,252489728.000000,1276698624.000000,3.258500,0.050600,0.013600,3.141000,0.007900,0.021600,0.010300,0.000700,0.000600,0.013900,0.002800,0.000000
2376,3.786353,1.473094,1.481600,1.383400,1148.000000,645957573.000000,1140539392.000000,252489728.000000,1276698624.000000,0.000800,0.000000,0.000000,0.000000,0.010600,0.000000,0.142800,0.000000,0.000000,0.000000,0.003000,0.000000
2377,3.787544,1.214605,1.216200,1.135600,1148.000000,645957597.000000,1140539392.000000,252489728.000000,1276698624.000000,0.000700,0.000000,0.000000,0.000000,0.009500,0.000000,0.099700,0.000000,0.000000,0.000000,0.002900,0.000000
2378,3.788730,1.189697,1.187800,1.112900,1148.000000,645958053.000000,1140539392.000000,252489728.000000,1276698624.000000,0.000700,0.000000,0.000000,0.000000,0.006800,0.000000,0.080200,0.000000,0.000000,0.000000,0.002900,0.000000
2379,3.789936,1.229202,1.227700,1.151300,1148.000000,645960869.000000,1140539392.000000,252489728.000000,1276698624.000000,0.000700,0.000000,0.000000,0.000000,0.006300,0.000000,0.084400,0.000000,0.000000,0.000000,0.002500,0.000000
2380,3.791634,1.631696,1.615900,1.535200,1148.000000,645960893.000000,1140539392.000000,252489728.000000,1276698624.000000,0.000700,0.000000,0.000000,0.000000,0.006200,0.000000,0.235100,0.000000,0.000000,0.000000,0.002500,0.000000
2381,3.792920,1.312705,1.317400,1.230400,1148.000000,645960917.000000,1140539392.000000,252489728.000000,1276698624.000000,0.000700,0.000000,0.000000,0.000000,0.010000,0.000000,0.139100,0.000000,0.000000,0.000000,0.003300,0.000000
2382,3.794287,1.347095,1.341700,1.258500,1148.000000,645963827.000000,1140539392.000000,252489728.000000,1276698624.000000,0.000700,0.000000,0.000000,0.000000,0.008400,0.000000,0.131000,0.000000,0.000000,0.000000,0.002700,0.000000
2383,3.796055,1.720607,1.601900,1.513900,1148.000000,645960973.000000,1140539392.000000,252489728.000000,1276698624.000000,0.000800,0.000000,0.000000,0.000000,0.009500,0.000000,0.211900,0.000000,0.000000,0.000000,0.004000,0.000000
2384,3.797525,1.409595,1.436000,1.233600,1148.000000,645960965.000000,1140539392.000000,252489728.000000,1276698624.000000,0.000600,0.000000,0.000000,0.000000,0.010800,0.000000,0.075700,0.000000,0.000000,0.000000,0.003900,0.000000
2385,3.800894,3.439201,3.507800,3.335000,1148.000000,645968234.000000,1140539392.000000,252489728.000000,1276764160.000000,2.829500,0.050000,0.021100,2.700100,0.013800,0.022200,0.011200,0.000700,0.000600,0.017800,0.006500,0.000000
2386,3.802100,1.246903,1.259000,1.160600,1148.000000,645965269.000000,1140539392.000000,252489728.000000,1276764160.000000,0.000600,0.000000,0.000000,0.000000,0.011600,0.000000,0.065300,0.000000,0.000000,0.000000,0.003300,0.000000
2387,3.803309,1.232795,1.234200,1.149800,1148.000000,645969389.000000,1140539392.000000,252489728.000000,1276764160.000000,0.000700,0.000000,0.000000,0.000000,0.009600,0.000000,0.078500,0.000000,0.000000,0.000000,0.002900,0.000000
2388,3.804701,1.362606,1.353600,1.270100,1148.000000,645969413.000000,1140539392.000000,252489728.000000,1276764160.000000,0.000700,0.000000,0.000000,0.000000,0.008300,0.000000,0.069600,0.000000,0.000000,0.000000,0.002700,0.000000
2389,3.806051,1.350999,1.347300,1.258700,1148.000000,645968941.000000,1140539392.000000,252489728.000000,1276764160.000000,0.000700,0.000000,0.000000,0.000000,0.010100,0.000000,0.124500,0.000000,0.000000,0.000000,0.003200,0.000000
2390,3.807281,1.269395,1.275300,1.186800,1148.000000,645975253.000000,1140539392.000000,252489728.000000,1276829696.000000,0.000800,0.000000,0.000000,0.000000,0.007900,0.000000,0.081800,0.000000,0.000000,0.000000,0.003200,0.000000
2391,3.808750,1.435700,1.427200,1.344700,1148.000000,645973085.000000,1140539392.000000,252489728.000000,1276829696.000000,0.000700,0.000000,0.000000,0.000000,0.006900,0.000000,0.129800,0.000000,0.000000,0.000000,0.002900,0.000000
2392,3.810298,1.539505,1.529600,1.439700,1148.000000,645973533.000000,1140539392.000000,252489728.000000,1276829696.000000,0.000700,0.000000,0.000000,0.000000,0.008700,0.000000,0.127500,0.000000,0.000000,0.000000,0.003700,0.000000
2393,3.811764,1.460495,1.453500,1.360100,1148.000000,645973141.000000,1140539392.000000,252489728.000000,1276829696.000000,0.000700,0.000000,0.000000,0.000000,0.009900,0.000000,0.109100,0.000000,0.000000,0.000000,0.003100,0.000000
2394,3.813006,1.264704,1.275200,1.179400,1148.000000,645973157.000000,1140539392.000000,252489728.000000,1276829696.000000,0.000800,0.000000,0.000000,0.000000,0.011100,0.000000,0.112200,0.000000,0.000000,0.000000,0.004200,0.000000
2395,3.814481,1.405697,1.390300,1.304300,1148.000000,645973181.000000,1140539392.000000,252489728.000000,1276829696.000000,0.000800,0.000000,0.000000,0.000000,0.007700,0.000000,0.093200,0.000000,0.000000,0.000000,0.003200,0.000000
2396,3.818362,3.928203,3.925600,3.827400,1148.000000,645981154.000000,1140539392.000000,252489728.000000,1276829696.000000,3.390300,0.063000,0.018800,3.255800,0.010200,0.020000,0.010300,0.000700,0.000700,0.014800,0.005100,0.000000
2397,3.819721,1.368700,1.375500,1.279900,1148.000000,645977901.000000,1140539392.000000,252489728.000000,1276829696.000000,0.000700,0.000000,0.000000,0.000000,0.011000,0.000000,0.111400,0.000000,0.000000,0.000000,0.003200,0.000000
2398,3.821082,1.346698,1.345200,1.258500,1148.000000,645978829.000000,1140539392.000000,252489728.000000,1276829696.000000,0.000800,0.000000,0.000000,0.000000,0.009200,0.000000,0.081100,0.000000,0.000000,0.000000,0.003900,0.000000
2399,3.822293,1.243403,1.247000,1.163800,1148.000000,645977557.000000,1140539392.000000,252489728.000000,1276829696.000000,0.000700,0.000000,0.000000,0.000000,0.008700,0.000000,0.078800,0.000000,0.000000,0.000000,0.002900,0.000000
2400,3.823804,1.329500,1.309600,1.227900,1148.000000,645981133.000000,1140539392.000000,252489728.000000,1276829696.000000,0.000700,0.000000,0.000000,0.000000,0.007900,0.000000,0.123600,0.000000,0.000000,0.000000,0.002700,0.000000
2401,3.825360,1.507696,1.509700,1.413100,1148.000000,645985293.000000,1140539392.000000,252489728.000000,1276829696.000000,0.000800,0.000000,0.000000,0.000000,0.010600,0.000000,0.207100,0.000000,0.000000,0.000000,0.003900,0.000000
2402,3.826526,1.379103,1.362200,1.269800,1148.000000,645985301.000000,1140539392.000000,252489728.000000,1276829696.000000,0.000800,0.000000,0.000000,0.000000,0.010000,0.000000,0.104300,0.000000,0.000000,0.000000,0.006400,0.000000
2403,3.827832,1.328501,1.346700,1.243000,1148.000000,645985301.000000,1140539392.000000,252489728.000000,1276829696.000000,0.000700,0.000000,0.000000,0.000000,0.010300,0.000000,0.087400,0.000000,0.000000,0.000000,0.003000,0.000000
2404,3.829281,1.423696,1.413400,1.326700,1148.000000,645985325.000000,1140539392.000000,252489728.000000,1276829696.000000,0.000700,0.000000,0.000000,0.000000,0.007200,0.000000,0.107800,0.000000,0.000000,0.000000,0.002600,0.000000
2405,3.830627,1.361806,1.363200,1.271600,1148.000000,645985349.000000,1140539392.000000,252489728.000000,1276829696.000000,0.000700,0.000000,0.000000,0.000000,0.009600,0.000000,0.100000,0.000000,0.000000,0.000000,0.003000,0.000000
2406,3.834263,3.626998,3.621100,3.531700,1148.000000,645991770.000000,1140539392.000000,252489728.000000,1276829696.000000,3.189600,0.049300,0.014900,3.077200,0.007800,0.018900,0.010400,0.000600,0.000600,0.012900,0.003900,0.000000
2407,3.835560,1.330896,1.339000,1.250100,1148.000000,645990541.000000,1140539392.000000,252489728.000000,1276829696.000000,0.000500,0.000000,0.000000,0.000000,0.010100,0.000000,0.070600,0.000000,0.000000,0.000000,0.003000,0.000000
2408,3.836819,1.233305,1.231400,1.150300,1148.000000,645990557.000000,1140539392.000000,252489728.000000,1276829696.000000,0.000500,0.000000,0.000000,0.000000,0.005900,0.000000,0.096600,0.000000,0.000000,0.000000,0.002600,0.000000
2409,3.838039,1.176198,1.175600,1.098400,1148.000000,645990581.000000,1140539392.000000,252489728.000000,1276833792.000000,0.000600,0.000000,0.000000,0.000000,0.008700,0.000000,0.077900,0.000000,0.000000,0.000000,0.002700,0.000000
2410,3.839491,1.468899,1.429900,1.350400,1148.000000,645989077.000000,1140539392.000000,252489728.000000,1276833792.000000,0.000800,0.000000,0.000000,0.000000,0.006700,0.000000,0.121500,0.000000,0.000000,0.000000,0.003900,0.000000
2411,3.840769,1.281002,1.305000,1.192000,1148.000000,645989613.000000,1140539392.000000,252489728.000000,1276833792.000000,0.000700,0.000000,0.000000,0.000000,0.011000,0.000000,0.110700,0.000000,0.000000,0.000000,0.003600,0.000000
2412,3.842108,1.345600,1.327600,1.237400,1148.000000,645989645.000000,1140539392.000000,252489728.000000,1276833792.000000,0.000800,0.000000,0.000000,0.000000,0.007500,0.000000,0.119100,0.000000,0.000000,0.000000,0.003100,0.000000
2413,3.843483,1.368403,1.364300,1.242300,1200.000000,645997829.000000,1140539392.000000,252489728.000000,1276833792.000000,0.000700,0.000000,0.000000,0.000000,0.009700,0.000000,0.122500,0.000000,0.000000,0.000000,0.003400,0.000000
2414,3.844774,1.317397,1.321100,1.220100,1148.000000,645997917.000000,1140539392.000000,252489728.000000,1276833792.000000,0.000600,0.000000,0.000000,0.000000,0.010300,0.000000,0.117100,0.000000,0.000000,0.000000,0.003600,0.000000
2415,3.846396,1.597201,1.602500,1.504700,1148.000000,645997517.000000,1140539392.000000,252489728.000000,1276833792.000000,0.000900,0.000000,0.000000,0.000000,0.008500,0.000000,0.279100,0.000000,0.000000,0.000000,0.003500,0.000000
2416,3.847625,1.245599,1.244100,1.155900,1148.000000,645997549.000000,1140539392.000000,252489728.000000,1276833792.000000,0.000700,0.000000,0.000000,0.000000,0.010600,0.000000,0.073800,0.000000,0.000000,0.000000,0.003200,0.000000
2417,3.852552,4.857101,4.815900,4.719600,1148.000000,646000995.000000,1140539392.000000,252489728.000000,1276837888.000000,4.299500,0.051400,0.014200,4.168900,0.009200,0.024500,0.011400,0.000600,0.000600,0.021600,0.002900,0.000000
2418,3.853772,1.301502,1.332300,1.212100,1148.000000,646002781.000000,1140539392.000000,252489728.000000,1276837888.000000,0.000600,0.000000,0.000000,0.000000,0.014000,0.000000,0.090500,0.000000,0.000000,0.000000,0.003700,0.000000
2419,3.855283,1.509701,1.505800,1.416100,1148.000000,646002373.000000,1140539392.000000,252489728.000000,1276837888.000000,0.000800,0.000000,0.000000,0.000000,0.008400,0.000000,0.136000,0.000000,0.000000,0.000000,0.003300,0.000000
2420,3.856626,1.347194,1.349600,1.259300,1148.000000,646002397.000000,1140539392.000000,252489728.000000,1276837888.000000,0.000700,0.000000,0.000000,0.000000,0.007900,0.000000,0.136800,0.000000,0.000000,0.000000,0.002600,0.000000
2421,3.857961,1.340306,1.345700,1.261600,1148.000000,646001781.000000,1140539392.000000,252489728.000000,1276837888.000000,0.000600,0.000000,0.000000,0.000000,0.008600,0.000000,0.105300,0.000000,0.000000,0.000000,0.002900,0.000000
2422,3.859358,1.399100,1.396000,1.318800,1148.000000,646004005.000000,1140539392.000000,252489728.000000,1276837888.000000,0.000700,0.000000,0.000000,0.000000,0.007100,0.000000,0.139700,0.000000,0.000000,0.000000,0.003000,0.000000
2423,3.860803,1.398597,1.389800,1.310400,1148.000000,646001829.000000,1140539392.000000,252489728.000000,1276837888.000000,0.000700,0.000000,0.000000,0.000000,0.007900,0.000000,0.076600,0.000000,0.000000,0.000000,0.003100,0.000000
2424,3.862125,1.375397,1.380400,1.296600,1148.000000,646005949.000000,1140539392.000000,252489728.000000,1276837888.000000,0.000800,0.000000,0.000000,0.000000,0.008600,0.000000,0.130500,0.000000,0.000000,0.000000,0.003500,0.000000
2425,3.863454,1.305605,1.293900,1.214500,1148.000000,646005973.000000,1140539392.000000,252489728.000000,1276837888.000000,0.000700,0.000000,0.000000,0.000000,0.006800,0.000000,0.073100,0.000000,0.000000,0.000000,0.002900,0.000000
2426,3.867373,3.873597,3.849200,3.756400,1148.000000,646009606.000000,1140539392.000000,252489728.000000,1276837888.000000,3.309400,0.049000,0.014400,3.187900,0.008900,0.023300,0.016400,0.000800,0.000500,0.017500,0.002700,0.000000
2427,3.868467,1.148498,1.172700,1.064900,1148.000000,646011749.000000,1140539392.000000,252489728.000000,1276837888.000000,0.000800,0.000000,0.000000,0.000000,0.013000,0.000000,0.069300,0.000000,0.000000,0.000000,0.003500,0.000000
2428,3.869788,1.325106,1.325700,1.244400,1148.000000,646010901.000000,1140539392.000000,252489728.000000,1276837888.000000,0.000500,0.000000,0.000000,0.000000,0.008400,0.000000,0.086200,0.000000,0.000000,0.000000,0.002700,0.000000
2429,3.871146,1.355300,1.349900,1.269000,1148.000000,646015021.000000,1140539392.000000,252489728.000000,1276837888.000000,0.000500,0.000000,0.000000,0.000000,0.008000,0.000000,0.101900,0.000000,0.000000,0.000000,0.002600,0.000000
2430,3.872450,1.290094,1.287000,1.204600,1148.000000,646014365.000000,1140539392.000000,252489728.000000,1276837888.000000,0.000700,0.000000,0.000000,0.000000,0.008300,0.000000,0.118400,0.000000,0.000000,0.000000,0.002500,0.000000
2431,3.873712,1.288400,1.290000,1.207800,1148.000000,646018045.000000,1140539392.000000,252489728.000000,1276837888.000000,0.000700,0.000000,0.000000,0.000000,0.009300,0.000000,0.128800,0.000000,0.000000,0.000000,0.003200,0.000000
2432,3.875417,1.641603,1.624300,1.540000,1148.000000,646018501.000000,1140539392.000000,252489728.000000,1276837888.000000,0.000700,0.000000,0.000000,0.000000,0.006900,0.000000,0.107800,0.000000,0.000000,0.000000,0.003200,0.000000
2433,3.876830,1.446301,1.418100,1.324200,1148.000000,646017589.000000,1140539392.000000,252489728.000000,1276837888.000000,0.000700,0.000000,0.000000,0.000000,0.010900,0.000000,0.109800,0.000000,0.000000,0.000000,0.003500,0.000000
2434,3.879062,2.260403,2.145900,1.119200,1148.000000,646017613.000000,1140539392.000000,252489728.000000,1276837888.000000,0.000600,0.000000,0.000000,0.000000,0.010600,0.000000,0.070100,0.000000,0.000000,0.000000,0.003300,0.000000
2435,3.880629,1.487698,0.651700,0.426000,1148.000000,646021733.000000,1140539392.000000,252489728.000000,1276837888.000000,0.000500,0.000000,0.000000,0.000000,0.007400,0.000000,0.011400,0.000000,0.000000,0.000000,0.003000,0.000000
2436,3.883466,2.878401,3.841100,2.780400,1148.000000,646026218.000000,1140539392.000000,252489728.000000,1276837888.000000,2.352000,0.111300,0.022000,2.170500,0.011400,0.020700,0.010600,0.000700,0.000600,0.015800,0.003900,0.000000
2437,3.884875,1.401899,1.405900,1.307600,1148.000000,646023053.000000,1140539392.000000,252489728.000000,1276837888.000000,0.000700,0.000000,0.000000,0.000000,0.009300,0.000000,0.067300,0.000000,0.000000,0.000000,0.003100,0.000000
2438,3.886122,1.283298,1.289800,1.199300,1148.000000,646029365.000000,1140539392.000000,252489728.000000,1276837888.000000,0.000600,0.000000,0.000000,0.000000,0.010300,0.000000,0.072700,0.000000,0.000000,0.000000,0.003100,0.000000
2439,3.887575,1.422598,1.414200,1.330900,1148.000000,646027197.000000,1140539392.000000,252489728.000000,1276837888.000000,0.000700,0.000000,0.000000,0.000000,0.007000,0.000000,0.190700,0.000000,0.000000,0.000000,0.002500,0.000000
2440,3.888775,1.241199,1.242900,1.157500,1148.000000,646026485.000000,1140539392.000000,252489728.000000,1276837888.000000,0.000700,0.000000,0.000000,0.000000,0.009900,0.000000,0.097600,0.000000,0.000000,0.000000,0.003400,0.000000
2441,3.890406,1.610601,1.587500,1.503200,1148.000000,646030613.000000,1140539392.000000,252489728.000000,1276837888.000000,0.000700,0.000000,0.000000,0.000000,0.007400,0.000000,0.236500,0.000000,0.000000,0.000000,0.003000,0.000000
2442,3.891755,1.325602,1.336600,1.230000,1148.000000,646031093.000000,1140539392.000000,252489728.000000,1276837888.000000,0.000800,0.000000,0.000000,0.000000,0.009000,0.000000,0.127500,0.000000,0.000000,0.000000,0.002900,0.000000
2443,3.892953,1.223200,1.228100,1.139500,1148.000000,646030245.000000,1140539392.000000,252489728.000000,1276837888.000000,0.000700,0.000000,0.000000,0.000000,0.010100,0.000000,0.054000,0.000000,0.000000,0.000000,0.003300,0.000000
2444,3.894303,1.356498,1.356200,1.274400,1148.000000,646030293.000000,1140539392.000000,252489728.000000,1276837888.000000,0.000700,0.000000,0.000000,0.000000,0.007700,0.000000,0.134400,0.000000,0.000000,0.000000,0.002700,0.000000
2445,3.895806,1.467304,1.459700,1.377000,1148.000000,646030357.000000,1140539392.000000,252489728.000000,1276837888.000000,0.000700,0.000000,0.000000,0.000000,0.007100,0.000000,0.122200,0.000000,0.000000,0.000000,0.002800,0.000000
2446,3.897074,1.293800,1.294000,1.209200,1148.000000,646035309.000000,1140539392.000000,252489728.000000,1276837888.000000,0.000700,0.000000,0.000000,0.000000,0.010100,0.000000,0.072400,0.000000,0.000000,0.000000,0.003500,0.000000
2447,3.900696,3.593098,3.577700,3.493000,1148.000000,646040537.000000,1140539392.000000,252489728.000000,1276837888.000000,3.145800,0.047400,0.013800,3.035100,0.009500,0.018900,0.010800,0.000800,0.000600,0.014200,0.002600,0.000000
2448,3.901919,1.271896,1.285300,1.192400,1148.000000,646035293.000000,1140539392.000000,252489728.000000,1276837888.000000,0.000700,0.000000,0.000000,0.000000,0.010100,0.000000,0.069700,0.000000,0.000000,0.000000,0.003100,0.000000
2449,3.903138,1.217304,1.218500,1.142600,1148.000000,646035317.000000,1140539392.000000,252489728.000000,1276837888.000000,0.000700,0.000000,0.000000,0.000000,0.006200,0.000000,0.082300,0.000000,0.000000,0.000000,0.002200,0.000000
2450,3.904445,1.303501,1.300000,1.226500,1148.000000,646035341.000000,1140539392.000000,252489728.000000,1276837888.000000,0.000600,0.000000,0.000000,0.000000,0.008300,0.000000,0.133700,0.000000,0.000000,0.000000,0.002400,0.000000
2451,3.905755,1.321202,1.318900,1.244600,1148.000000,646038685.000000,1140539392.000000,252489728.000000,1276903424.000000,0.000500,0.000000,0.000000,0.000000,0.007900,0.000000,0.097400,0.000000,0.000000,0.000000,0.002600,0.000000
2452,3.907548,1.267793,1.259700,1.179800,1148.000000,646042797.000000,1140539392.000000,252489728.000000,1276903424.000000,0.000700,0.000000,0.000000,0.000000,0.005900,0.000000,0.098200,0.000000,0.000000,0.000000,0.002600,0.000000
2453,3.908434,1.371202,1.360300,1.277300,1148.000000,646042821.000000,1140539392.000000,252489728.000000,1276903424.000000,0.000700,0.000000,0.000000,0.000000,0.009500,0.000000,0.094800,0.000000,0.000000,0.000000,0.006000,0.000000
2454,3.909884,1.440703,1.430300,1.337000,1148.000000,646045037.000000,1140539392.000000,252489728.000000,1276903424.000000,0.000600,0.000000,0.000000,0.000000,0.009500,0.000000,0.105400,0.000000,0.000000,0.000000,0.003300,0.000000
2455,3.911343,1.458199,1.454400,1.354700,1148.000000,646042869.000000,1140539392.000000,252489728.000000,1276903424.000000,0.000700,0.000000,0.000000,0.000000,0.009900,0.000000,0.191300,0.000000,0.000000,0.000000,0.003600,0.000000
2456,3.912564,1.243998,1.257800,1.161200,1148.000000,646042901.000000,1140539392.000000,252489728.000000,1276903424.000000,0.000700,0.000000,0.000000,0.000000,0.010300,0.000000,0.082600,0.000000,0.000000,0.000000,0.003800,0.000000
2457,3.913820,1.237401,1.235000,1.153200,1148.000000,646047509.000000,1140539392.000000,252489728.000000,1276903424.000000,0.000700,0.000000,0.000000,0.000000,0.007400,0.000000,0.080100,0.000000,0.000000,0.000000,0.003000,0.000000
2458,3.917803,3.966100,3.940300,3.854300,1148.000000,646050930.000000,1140539392.000000,252489728.000000,1276903424.000000,3.463500,0.048400,0.016800,3.342400,0.008900,0.021500,0.012800,0.000600,0.000600,0.016700,0.005100,0.000000
2459,3.919214,1.429804,1.441500,1.336300,1148.000000,646047533.000000,1140539392.000000,252489728.000000,1276903424.000000,0.000800,0.000000,0.000000,0.000000,0.013100,0.000000,0.108100,0.000000,0.000000,0.000000,0.003200,0.000000
2460,3.920570,1.337195,1.341700,1.250300,1148.000000,646047557.000000,1140539392.000000,252489728.000000,1276903424.000000,0.000800,0.000000,0.000000,0.000000,0.008600,0.000000,0.093100,0.000000,0.000000,0.000000,0.003000,0.000000
2461,3.921952,1.397201,1.381700,1.296600,1148.000000,646047581.000000,1140539392.000000,252489728.000000,1276903424.000000,0.000700,0.000000,0.000000,0.000000,0.007300,0.000000,0.138000,0.000000,0.000000,0.000000,0.003900,0.000000
2462,3.923286,1.326198,1.326900,1.230100,1148.000000,646047197.000000,1140539392.000000,252489728.000000,1276903424.000000,0.000700,0.000000,0.000000,0.000000,0.009600,0.000000,0.117400,0.000000,0.000000,0.000000,0.003400,0.000000
2463,3.924659,1.369905,1.369600,1.275400,1148.000000,646050893.000000,1140539392.000000,252489728.000000,1276903424.000000,0.000800,0.000000,0.000000,0.000000,0.010200,0.000000,0.115500,0.000000,0.000000,0.000000,0.003600,0.000000
2464,3.926070,1.399298,1.363300,1.273200,1148.000000,646055013.000000,1140539392.000000,252489728.000000,1276907520.000000,0.000800,0.000000,0.000000,0.000000,0.010700,0.000000,0.068200,0.000000,0.000000,0.000000,0.003700,0.000000
2465,3.927459,1.402197,1.406500,1.287300,1148.000000,646055037.000000,1140539392.000000,252489728.000000,1276907520.000000,0.000600,0.000000,0.000000,0.000000,0.010800,0.000000,0.112300,0.000000,0.000000,0.000000,0.003800,0.000000
2466,3.928696,1.284503,1.314200,1.199900,1148.000000,646055069.000000,1140539392.000000,252489728.000000,1276907520.000000,0.000700,0.000000,0.000000,0.000000,0.010700,0.000000,0.080600,0.000000,0.000000,0.000000,0.004400,0.000000
2467,3.930291,1.567404,1.558700,1.472300,1148.000000,646055085.000000,1140539392.000000,252489728.000000,1276907520.000000,0.000700,0.000000,0.000000,0.000000,0.007600,0.000000,0.096900,0.000000,0.000000,0.000000,0.003500,0.000000
2468,3.933967,3.638598,3.623800,3.534700,1148.000000,646061449.000000,1140539392.000000,252489728.000000,1276907520.000000,3.160000,0.046500,0.014000,3.044300,0.009600,0.022800,0.011400,0.000600,0.000500,0.015500,0.003000,0.000000
2469,3.935490,1.534396,1.531500,1.426500,1148.000000,646060133.000000,1140539392.000000,252489728.000000,1276907520.000000,0.000800,0.000000,0.000000,0.000000,0.011600,0.000000,0.093400,0.000000,0.000000,0.000000,0.005400,0.000000
2470,3.936675,1.218204,1.232200,1.134000,1148.000000,646062357.000000,1140539392.000000,252489728.000000,1276907520.000000,0.000800,0.000000,0.000000,0.000000,0.010800,0.000000,0.057600,0.000000,0.000000,0.000000,0.004800,0.000000
2471,3.937904,1.250099,1.251500,1.168400,1148.000000,646060669.000000,1140539392.000000,252489728.000000,1276907520.000000,0.000600,0.000000,0.000000,0.000000,0.008500,0.000000,0.076200,0.000000,0.000000,0.000000,0.002800,0.000000
2472,3.939223,1.318098,1.314600,1.236700,1148.000000,646059365.000000,1140539392.000000,252489728.000000,1276911616.000000,0.000600,0.000000,0.000000,0.000000,0.006300,0.000000,0.111100,0.000000,0.000000,0.000000,0.002500,0.000000
2473,3.940715,1.452997,1.449900,1.369000,1148.000000,646058965.000000,1140539392.000000,252489728.000000,1276911616.000000,0.000700,0.000000,0.000000,0.000000,0.008400,0.000000,0.111700,0.000000,0.000000,0.000000,0.002800,0.000000
2474,3.941895,1.229301,1.230900,1.150400,1148.000000,646063093.000000,1140539392.000000,252489728.000000,1276911616.000000,0.000700,0.000000,0.000000,0.000000,0.008600,0.000000,0.068000,0.000000,0.000000,0.000000,0.003000,0.000000
2475,3.943187,1.283999,1.280800,1.204000,1148.000000,646063101.000000,1140539392.000000,252489728.000000,1276911616.000000,0.000600,0.000000,0.000000,0.000000,0.005800,0.000000,0.074500,0.000000,0.000000,0.000000,0.002300,0.000000
2476,3.944524,1.326403,1.316700,1.240200,1148.000000,646063133.000000,1140539392.000000,252489728.000000,1276911616.000000,0.000700,0.000000,0.000000,0.000000,0.006900,0.000000,0.117900,0.000000,0.000000,0.000000,0.002600,0.000000
2477,3.946200,1.640901,1.626300,1.537100,1148.000000,646067253.000000,1140539392.000000,252489728.000000,1276911616.000000,0.000700,0.000000,0.000000,0.000000,0.008500,0.000000,0.191000,0.000000,0.000000,0.000000,0.003100,0.000000
2478,3.947486,1.278897,1.277300,1.180100,1148.000000,646067701.000000,1140539392.000000,252489728.000000,1276911616.000000,0.000800,0.000000,0.000000,0.000000,0.010600,0.000000,0.113500,0.000000,0.000000,0.000000,0.003800,0.000000
2479,3.951537,4.051899,4.038400,3.939100,1148.000000,646071418.000000,1140539392.000000,252489728.000000,1276911616.000000,3.521800,0.047500,0.016800,3.404100,0.010600,0.020800,0.010800,0.000600,0.000500,0.016800,0.003400,0.000000
2480,3.952764,1.259899,1.275200,1.170800,1148.000000,646072381.000000,1140539392.000000,252489728.000000,1276915712.000000,0.000800,0.000000,0.000000,0.000000,0.011100,0.000000,0.071100,0.000000,0.000000,0.000000,0.003100,0.000000
2481,3.954056,1.292800,1.295800,1.208800,1148.000000,646071885.000000,1140539392.000000,252489728.000000,1276915712.000000,0.000800,0.000000,0.000000,0.000000,0.009500,0.000000,0.182300,0.000000,0.000000,0.000000,0.002800,0.000000
2482,3.955441,1.369501,1.361400,1.277200,1148.000000,646072421.000000,1140539392.000000,252489728.000000,1276915712.000000,0.000800,0.000000,0.000000,0.000000,0.008800,0.000000,0.103200,0.000000,0.000000,0.000000,0.003500,0.000000
2483,3.956592,1.183603,1.189400,1.103300,1148.000000,646071517.000000,1140539392.000000,252489728.000000,1276915712.000000,0.000700,0.000000,0.000000,0.000000,0.009700,0.000000,0.069300,0.000000,0.000000,0.000000,0.003500,0.000000
2484,3.957903,1.294898,1.290100,1.212400,1148.000000,646071541.000000,1140539392.000000,252489728.000000,1276915712.000000,0.000600,0.000000,0.000000,0.000000,0.006200,0.000000,0.120200,0.000000,0.000000,0.000000,0.002700,0.000000
2485,3.959295,1.396797,1.395500,1.314700,1148.000000,646075669.000000,1140539392.000000,252489728.000000,1276915712.000000,0.000600,0.000000,0.000000,0.000000,0.008600,0.000000,0.135400,0.000000,0.000000,0.000000,0.002900,0.000000
2486,3.960651,1.345203,1.345100,1.265700,1148.000000,646078957.000000,1140539392.000000,252489728.000000,1276915712.000000,0.000500,0.000000,0.000000,0.000000,0.008500,0.000000,0.070900,0.000000,0.000000,0.000000,0.002600,0.000000
2487,3.961989,1.358000,1.353700,1.274200,1148.000000,646075469.000000,1140539392.000000,252489728.000000,1276915712.000000,0.000600,0.000000,0.000000,0.000000,0.007000,0.000000,0.113500,0.000000,0.000000,0.000000,0.003000,0.000000
2488,3.963245,1.258999,1.260200,1.181100,1148.000000,646075517.000000,1140539392.000000,252489728.000000,1276919808.000000,0.000700,0.000000,0.000000,0.000000,0.007000,0.000000,0.077100,0.000000,0.000000,0.000000,0.002600,0.000000
2489,3.966968,3.685700,3.658900,3.576500,1148.000000,646087850.000000,1140539392.000000,252489728.000000,1276919808.000000,3.250500,0.066000,0.016900,3.109700,0.007000,0.025400,0.009400,0.000800,0.000600,0.015700,0.002600,0.000000
2490,3.968111,1.194700,1.220700,1.123700,1148.000000,646084837.000000,1140539392.000000,252489728.000000,1276919808.000000,0.000600,0.000000,0.000000,0.000000,0.009100,0.000000,0.070000,0.000000,0.000000,0.000000,0.002400,0.000000
2491,3.969925,1.706597,1.380800,1.304600,1148.000000,646088957.000000,1140539392.000000,252489728.000000,1276919808.000000,0.000600,0.000000,0.000000,0.000000,0.007100,0.000000,0.188100,0.000000,0.000000,0.000000,0.002100,0.000000
2492,3.970833,0.972506,1.287000,0.900300,1148.000000,646088981.000000,1140539392.000000,252489728.000000,1276919808.000000,0.000800,0.000000,0.000000,0.000000,0.014300,0.000000,0.072100,0.000000,0.000000,0.000000,0.005100,0.000000
2493,3.971986,1.184999,1.184200,1.108000,1148.000000,646083853.000000,1140539392.000000,252489728.000000,1276919808.000000,0.000700,0.000000,0.000000,0.000000,0.008900,0.000000,0.081300,0.000000,0.000000,0.000000,0.002700,0.000000
2494,3.973321,1.296499,1.287100,1.208700,1148.000000,646084301.000000,1140539392.000000,252489728.000000,1276919808.000000,0.000600,0.000000,0.000000,0.000000,0.006300,0.000000,0.111600,0.000000,0.000000,0.000000,0.002600,0.000000
2495,3.974730,1.264498,1.258500,1.176700,1148.000000,646083909.000000,1140539392.000000,252489728.000000,1276919808.000000,0.000700,0.000000,0.000000,0.000000,0.009800,0.000000,0.106900,0.000000,0.000000,0.000000,0.003300,0.000000
2496,3.976110,1.378005,1.370100,1.284800,1148.000000,646083925.000000,1140539392.000000,252489728.000000,1276919808.000000,0.000700,0.000000,0.000000,0.000000,0.009800,0.000000,0.118100,0.000000,0.000000,0.000000,0.005200,0.000000
2497,3.977233,1.295096,1.303600,1.213900,1148.000000,646088045.000000,1140539392.000000,252489728.000000,1276919808.000000,0.000800,0.000000,0.000000,0.000000,0.069500,0.000000,0.100800,0.000000,0.000000,0.000000,0.004700,0.000000
2498,3.978602,1.344997,1.311700,1.227200,1148.000000,646088069.000000,1140539392.000000,252489728.000000,1276919808.000000,0.000700,0.000000,0.000000,0.000000,0.008300,0.000000,0.123300,0.000000,0.000000,0.000000,0.002600,0.000000
2499,3.979995,1.358305,1.383700,1.272100,1148.000000,646088093.000000,1140539392.000000,252489728.000000,1276919808.000000,0.000700,0.000000,0.000000,0.000000,0.010000,0.000000,0.109700,0.000000,0.000000,0.000000,0.003400,0.000000
2500,3.984474,4.450595,4.403600,4.307900,1148.000000,646089373.000000,1140539392.000000,252489728.000000,1276919808.000000,3.792400,0.058300,0.015000,3.657600,0.010200,0.023300,0.038300,0.000800,0.000600,0.020300,0.003400,0.000000
2501,3.985852,1.404500,1.423100,1.295800,1148.000000,646088461.000000,1140539392.000000,252489728.000000,1276919808.000000,0.000700,0.000000,0.000000,0.000000,0.015600,0.000000,0.133000,0.000000,0.000000,0.000000,0.004100,0.000000
2502,3.987026,1.232001,1.251800,1.148600,1148.000000,646098869.000000,1140539392.000000,252489728.000000,1276919808.000000,0.000700,0.000000,0.000000,0.000000,0.012100,0.000000,0.058000,0.000000,0.000000,0.000000,0.003700,0.000000
2503,3.988325,1.301502,1.298900,1.217100,1148.000000,646096701.000000,1140539392.000000,252489728.000000,1276919808.000000,0.000700,0.000000,0.000000,0.000000,0.006400,0.000000,0.081300,0.000000,0.000000,0.000000,0.002700,0.000000
2504,3.989640,1.323703,1.323500,1.241200,1148.000000,646096045.000000,1140539392.000000,252489728.000000,1276919808.000000,0.000700,0.000000,0.000000,0.000000,0.007500,0.000000,0.134200,0.000000,0.000000,0.000000,0.002800,0.000000
2505,3.991081,1.438698,1.429900,1.350300,1148.000000,646096069.000000,1140539392.000000,252489728.000000,1276919808.000000,0.000600,0.000000,0.000000,0.000000,0.007900,0.000000,0.085000,0.000000,0.000000,0.000000,0.002400,0.000000
2506,3.992530,1.451297,1.453800,1.366800,1148.000000,646096093.000000,1140539392.000000,252489728.000000,1276919808.000000,0.000700,0.000000,0.000000,0.000000,0.008600,0.000000,0.130600,0.000000,0.000000,0.000000,0.003100,0.000000
2507,3.995367,2.768502,2.727200,2.635700,1148.000000,646093479.000000,1140539392.000000,252489728.000000,1276919808.000000,0.000700,0.000000,0.000000,0.000000,0.006800,0.000000,0.332100,0.000000,0.000000,0.000000,0.002800,0.000000
2508,3.996989,1.650404,0.546200,0.425200,1148.000000,646102699.000000,1140539392.000000,252489728.000000,1276919808.000000,0.000800,0.000000,0.000000,0.000000,0.010600,0.000000,0.013800,0.000000,0.000000,0.000000,0.005200,0.000000
2509,3.999974,2.950595,4.063000,2.842700,1148.000000,646103499.000000,1140539392.000000,252489728.000000,1276919808.000000,2.433900,0.045900,0.020700,2.296000,0.009100,0.022700,0.010900,0.000600,0.000500,0.031400,0.003900,0.000000
2510,4.001177,1.252700,1.271700,1.167900,1148.000000,646101037.000000,1140539392.000000,252489728.000000,1276919808.000000,0.000800,0.000000,0.000000,0.000000,0.011700,0.000000,0.080600,0.000000,0.000000,0.000000,0.003500,0.000000
2511,4.002405,1.250305,1.252000,1.169200,1148.000000,646100637.000000,1140539392.000000,252489728.000000,1276919808.000000,0.000700,0.000000,0.000000,0.000000,0.009100,0.000000,0.081500,0.000000,0.000000,0.000000,0.002900,0.000000
2512,4.003809,1.354599,1.343500,1.261700,1148.000000,646101085.000000,1140539392.000000,252489728.000000,1276919808.000000,0.000800,0.000000,0.000000,0.000000,0.006700,0.000000,0.127100,0.000000,0.000000,0.000000,0.002600,0.000000
2513,4.005214,1.433999,1.429600,1.340900,1148.000000,646104477.000000,1140539392.000000,252489728.000000,1276985344.000000,0.000800,0.000000,0.000000,0.000000,0.010000,0.000000,0.104900,0.000000,0.000000,0.000000,0.003700,0.000000
2514,4.006599,1.394600,1.399800,1.309000,1148.000000,646104509.000000,1140539392.000000,252489728.000000,1276985344.000000,0.000700,0.000000,0.000000,0.000000,0.007700,0.000000,0.123100,0.000000,0.000000,0.000000,0.002800,0.000000
2515,4.007913,1.320599,1.318200,1.237600,1148.000000,646109117.000000,1140539392.000000,252489728.000000,1276985344.000000,0.000700,0.000000,0.000000,0.000000,0.007400,0.000000,0.119800,0.000000,0.000000,0.000000,0.002800,0.000000
2516,4.009588,1.575298,1.515300,1.420800,1148.000000,646112365.000000,1140539392.000000,252489728.000000,1276985344.000000,0.000700,0.000000,0.000000,0.000000,0.006800,0.000000,0.083700,0.000000,0.000000,0.000000,0.002800,0.000000
2517,4.011065,1.537904,1.566600,1.429700,1148.000000,646112381.000000,1140539392.000000,252489728.000000,1276985344.000000,0.000900,0.000000,0.000000,0.000000,0.014200,0.000000,0.227800,0.000000,0.000000,0.000000,0.006100,0.000000
2518,4.012297,1.253295,1.272700,1.166000,1148.000000,646114605.000000,1140539392.000000,252489728.000000,1276985344.000000,0.000700,0.000000,0.000000,0.000000,0.011400,0.000000,0.093400,0.000000,0.000000,0.000000,0.003600,0.000000
2519,4.013736,1.428501,1.420100,1.332600,1148.000000,646116517.000000,1140539392.000000,252489728.000000,1276985344.000000,0.000700,0.000000,0.000000,0.000000,0.008900,0.000000,0.113800,0.000000,0.000000,0.000000,0.002900,0.000000
2520,4.017654,3.887599,3.869000,3.773500,1148.000000,646120010.000000,1140539392.000000,252489728.000000,1276985344.000000,3.365700,0.047200,0.014000,3.244400,0.009900,0.022600,0.011200,0.000700,0.000500,0.019600,0.003200,0.000000
2521,4.019071,1.443800,1.453800,1.346800,1148.000000,646116949.000000,1140539392.000000,252489728.000000,1276985344.000000,0.000700,0.000000,0.000000,0.000000,0.012700,0.000000,0.188700,0.000000,0.000000,0.000000,0.003600,0.000000
2522,4.020591,1.492602,1.484300,1.391500,1148.000000,646116973.000000,1140539392.000000,252489728.000000,1276985344.000000,0.000700,0.000000,0.000000,0.000000,0.009200,0.000000,0.201000,0.000000,0.000000,0.000000,0.003200,0.000000
2523,4.021835,1.276899,1.278000,1.179800,1148.000000,646116997.000000,1140539392.000000,252489728.000000,1276985344.000000,0.000700,0.000000,0.000000,0.000000,0.010300,0.000000,0.108600,0.000000,0.000000,0.000000,0.003800,0.000000
2524,4.023016,1.217304,1.224700,1.133200,1148.000000,646116677.000000,1140539392.000000,252489728.000000,1276985344.000000,0.000700,0.000000,0.000000,0.000000,0.009200,0.000000,0.075500,0.000000,0.000000,0.000000,0.002900,0.000000
2525,4.024416,1.372598,1.368100,1.283300,1148.000000,646120789.000000,1140539392.000000,252489728.000000,1276985344.000000,0.000600,0.000000,0.000000,0.000000,0.006200,0.000000,0.128800,0.000000,0.000000,0.000000,0.002500,0.000000
2526,4.025829,1.411898,1.410300,1.324600,1148.000000,646124123.000000,1140539392.000000,252489728.000000,1276985344.000000,0.000700,0.000000,0.000000,0.000000,0.009400,0.000000,0.109000,0.000000,0.000000,0.000000,0.002800,0.000000
2527,4.027311,1.414399,1.375400,1.269300,1148.000000,646120325.000000,1140539392.000000,252489728.000000,1276985344.000000,0.000700,0.000000,0.000000,0.000000,0.009100,0.000000,0.129400,0.000000,0.000000,0.000000,0.003300,0.000000
2528,4.028492,1.184503,1.171200,1.053300,1148.000000,646124957.000000,1140539392.000000,252489728.000000,1276985344.000000,0.000700,0.000000,0.000000,0.000000,0.013600,0.000000,0.056800,0.000000,0.000000,0.000000,0.005200,0.000000
2529,4.029954,1.496698,1.437800,1.308100,1148.000000,646124989.000000,1140539392.000000,252489728.000000,1276985344.000000,0.000900,0.000000,0.000000,0.000000,0.013200,0.000000,0.098400,0.000000,0.000000,0.000000,0.005200,0.000000
2530,4.033636,3.697003,3.782900,3.600600,1148.000000,646132962.000000,1140539392.000000,252489728.000000,1276985344.000000,3.202400,0.052100,0.017300,3.080100,0.011100,0.021700,0.010100,0.000600,0.000600,0.016400,0.003500,0.000000
2531,4.035398,1.743403,1.406600,1.301000,1148.000000,646129173.000000,1140539392.000000,252489728.000000,1276985344.000000,0.000600,0.000000,0.000000,0.000000,0.011000,0.000000,0.134700,0.000000,0.000000,0.000000,0.002900,0.000000
2532,4.036424,1.048994,1.390500,0.965500,1148.000000,646129197.000000,1140539392.000000,252489728.000000,1276985344.000000,0.000600,0.000000,0.000000,0.000000,0.011400,0.000000,0.154400,0.000000,0.000000,0.000000,0.003800,0.000000
2533,4.037765,1.333603,1.321500,1.235000,1148.000000,646129221.000000,1140539392.000000,252489728.000000,1276985344.000000,0.000800,0.000000,0.000000,0.000000,0.009900,0.000000,0.131400,0.000000,0.000000,0.000000,0.003500,0.000000
2534,4.039136,1.377204,1.377500,1.282200,1148.000000,646131029.000000,1140539392.000000,252489728.000000,1276985344.000000,0.000700,0.000000,0.000000,0.000000,0.010000,0.000000,0.181400,0.000000,0.000000,0.000000,0.003500,0.000000
2535,4.040750,1.588294,1.583100,1.490700,1148.000000,646128861.000000,1140539392.000000,252489728.000000,1276985344.000000,0.000700,0.000000,0.000000,0.000000,0.009800,0.000000,0.220100,0.000000,0.000000,0.000000,0.003500,0.000000
2536,4.041959,1.270203,1.280800,1.188000,1148.000000,646132981.000000,1140539392.000000,252489728.000000,1276985344.000000,0.000700,0.000000,0.000000,0.000000,0.010000,0.000000,0.072500,0.000000,0.000000,0.000000,0.003300,0.000000
2537,4.043233,1.271698,1.258300,1.177400,1148.000000,646133005.000000,1140539392.000000,252489728.000000,1276985344.000000,0.000600,0.000000,0.000000,0.000000,0.006400,0.000000,0.084600,0.000000,0.000000,0.000000,0.002700,0.000000
2538,4.044603,1.356803,1.361700,1.270400,1200.000000,646133029.000000,1140539392.000000,252489728.000000,1276985344.000000,0.000700,0.000000,0.000000,0.000000,0.006500,0.000000,0.137600,0.000000,0.000000,0.000000,0.002900,0.000000
2539,4.046298,1.691497,1.686800,1.601200,1148.000000,646133061.000000,1140539392.000000,252489728.000000,1276985344.000000,0.000700,0.000000,0.000000,0.000000,0.007900,0.000000,0.131600,0.000000,0.000000,0.000000,0.002800,0.000000
2540,4.047673,1.349206,1.336300,1.246400,1148.000000,646137597.000000,1140539392.000000,252489728.000000,1276985344.000000,0.000700,0.000000,0.000000,0.000000,0.007900,0.000000,0.110800,0.000000,0.000000,0.000000,0.002600,0.000000
2541,4.051892,4.211600,4.199500,4.100000,1148.000000,646145442.000000,1140539392.000000,252489728.000000,1276985344.000000,3.701600,0.051900,0.016000,3.575200,0.010000,0.022700,0.011600,0.000700,0.000500,0.017800,0.003600,0.000000
2542,4.053123,1.270500,1.286500,1.183700,1148.000000,646142637.000000,1140539392.000000,252489728.000000,1276985344.000000,0.000700,0.000000,0.000000,0.000000,0.012700,0.000000,0.103200,0.000000,0.000000,0.000000,0.003200,0.000000
2543,4.054537,1.396698,1.388500,1.299400,1148.000000,646142245.000000,1140539392.000000,252489728.000000,1276985344.000000,0.000700,0.000000,0.000000,0.000000,0.008000,0.000000,0.140300,0.000000,0.000000,0.000000,0.003100,0.000000
2544,4.055889,1.369402,1.372500,1.282000,1148.000000,646142725.000000,1140539392.000000,252489728.000000,1276985344.000000,0.000700,0.000000,0.000000,0.000000,0.008700,0.000000,0.107400,0.000000,0.000000,0.000000,0.003900,0.000000
2545,4.057144,1.268495,1.272000,1.186800,1148.000000,646141005.000000,1140539392.000000,252489728.000000,1276985344.000000,0.000600,0.000000,0.000000,0.000000,0.007300,0.000000,0.057500,0.000000,0.000000,0.000000,0.002800,0.000000
2546,4.058381,1.238903,1.241800,1.163800,1148.000000,646141053.000000,1140539392.000000,252489728.000000,1276985344.000000,0.000600,0.000000,0.000000,0.000000,0.006900,0.000000,0.075900,0.000000,0.000000,0.000000,0.002600,0.000000
2547,4.060069,1.546599,1.421800,1.347000,1148.000000,646145213.000000,1140539392.000000,252489728.000000,1276985344.000000,0.000700,0.000000,0.000000,0.000000,0.007500,0.000000,0.139100,0.000000,0.000000,0.000000,0.002400,0.000000
2548,4.062368,1.376198,1.484800,1.292900,1148.000000,646145221.000000,1140539392.000000,252489728.000000,1276985344.000000,0.000800,0.000000,0.000000,0.000000,0.014300,0.000000,0.084200,0.000000,0.000000,0.000000,0.006900,0.000000
2549,4.063147,1.713301,1.598900,1.511000,1148.000000,646144709.000000,1140539392.000000,252489728.000000,1276985344.000000,0.000800,0.000000,0.000000,0.000000,0.008700,0.000000,0.065900,0.000000,0.000000,0.000000,0.006400,0.000000
2550,4.064516,1.447399,1.343800,1.178000,1148.000000,646147437.000000,1140539392.000000,252489728.000000,1276985344.000000,0.000700,0.000000,0.000000,0.000000,0.010200,0.000000,0.150300,0.000000,0.000000,0.000000,0.004100,0.000000
2551,4.068061,3.546103,3.737300,3.438700,1148.000000,646151105.000000,1140539392.000000,252489728.000000,1276985344.000000,3.022900,0.047300,0.015400,2.906000,0.010600,0.021100,0.010500,0.000600,0.000700,0.016600,0.003300,0.000000
2552,4.069588,1.372803,1.375600,1.270900,1148.000000,646146237.000000,1140539392.000000,252489728.000000,1276985344.000000,0.000600,0.000000,0.000000,0.000000,0.012300,0.000000,0.084200,0.000000,0.000000,0.000000,0.003200,0.000000
2553,4.070759,1.342000,1.346300,1.247700,1148.000000,646154037.000000,1140539392.000000,252489728.000000,1276985344.000000,0.000700,0.000000,0.000000,0.000000,0.010300,0.000000,0.064000,0.000000,0.000000,0.000000,0.004400,0.000000
2554,4.072049,1.284800,1.282800,1.190100,1148.000000,646154053.000000,1140539392.000000,252489728.000000,1276985344.000000,0.000800,0.000000,0.000000,0.000000,0.010000,0.000000,0.108900,0.000000,0.000000,0.000000,0.003200,0.000000
2555,4.073203,1.186997,1.193900,1.106400,1148.000000,646153581.000000,1140539392.000000,252489728.000000,1276985344.000000,0.000700,0.000000,0.000000,0.000000,0.010000,0.000000,0.077100,0.000000,0.000000,0.000000,0.003600,0.000000
2556,4.074604,1.363301,1.275000,1.195200,1148.000000,646153605.000000,1140539392.000000,252489728.000000,1276985344.000000,0.000700,0.000000,0.000000,0.000000,0.008100,0.000000,0.137300,0.000000,0.000000,0.000000,0.003300,0.000000
2557,4.075825,1.245500,1.324400,1.162700,1148.000000,646153629.000000,1140539392.000000,252489728.000000,1276985344.000000,0.000600,0.000000,0.000000,0.000000,0.010200,0.000000,0.056800,0.000000,0.000000,0.000000,0.003600,0.000000
2558,4.077184,1.340200,1.340800,1.253600,1148.000000,646158181.000000,1140539392.000000,252489728.000000,1276985344.000000,0.000800,0.000000,0.000000,0.000000,0.008100,0.000000,0.121600,0.000000,0.000000,0.000000,0.003000,0.000000
2559,4.078475,1.315901,1.307700,1.226500,1148.000000,646158261.000000,1140539392.000000,252489728.000000,1276985344.000000,0.000700,0.000000,0.000000,0.000000,0.010000,0.000000,0.103500,0.000000,0.000000,0.000000,0.003700,0.000000
2560,4.079844,1.377997,1.366400,1.278600,1148.000000,646157413.000000,1140539392.000000,252489728.000000,1276985344.000000,0.000700,0.000000,0.000000,0.000000,0.007600,0.000000,0.121700,0.000000,0.000000,0.000000,0.002700,0.000000
2561,4.081361,1.470500,1.474000,1.378400,1148.000000,646157437.000000,1140539392.000000,252489728.000000,1276985344.000000,0.000700,0.000000,0.000000,0.000000,0.007100,0.000000,0.126800,0.000000,0.000000,0.000000,0.002800,0.000000
2562,4.084923,3.589300,3.584400,3.491800,1148.000000,646161066.000000,1140539392.000000,252489728.000000,1276985344.000000,3.106200,0.047200,0.013600,2.995800,0.009300,0.019300,0.010100,0.000600,0.000600,0.014400,0.003000,0.000000
2563,4.086199,1.305903,1.310400,1.221100,1148.000000,646158053.000000,1140539392.000000,252489728.000000,1276985344.000000,0.000600,0.000000,0.000000,0.000000,0.008700,0.000000,0.101600,0.000000,0.000000,0.000000,0.002500,0.000000
2564,4.087531,1.289399,1.283900,1.196500,1148.000000,646162173.000000,1140539392.000000,252489728.000000,1276985344.000000,0.000700,0.000000,0.000000,0.000000,0.007000,0.000000,0.111900,0.000000,0.000000,0.000000,0.002800,0.000000
2565,4.088691,1.179897,1.183000,1.097600,1148.000000,646162197.000000,1140539392.000000,252489728.000000,1276985344.000000,0.000700,0.000000,0.000000,0.000000,0.009600,0.000000,0.074600,0.000000,0.000000,0.000000,0.003300,0.000000
2566,4.090157,1.463102,1.461500,1.378900,1148.000000,646168389.000000,1140539392.000000,252489728.000000,1276985344.000000,0.000900,0.000000,0.000000,0.000000,0.008100,0.000000,0.104200,0.000000,0.000000,0.000000,0.002800,0.000000
2567,4.091489,1.337897,1.338200,1.257600,1148.000000,646165797.000000,1140539392.000000,252489728.000000,1276985344.000000,0.000700,0.000000,0.000000,0.000000,0.008900,0.000000,0.117600,0.000000,0.000000,0.000000,0.002900,0.000000
2568,4.092824,1.322002,1.314300,1.235800,1148.000000,646165829.000000,1140539392.000000,252489728.000000,1276985344.000000,0.000800,0.000000,0.000000,0.000000,0.009000,0.000000,0.105000,0.000000,0.000000,0.000000,0.002500,0.000000
2569,4.094087,1.284198,1.283600,1.200200,1148.000000,646169941.000000,1140539392.000000,252489728.000000,1277050880.000000,0.000800,0.000000,0.000000,0.000000,0.007900,0.000000,0.136000,0.000000,0.000000,0.000000,0.002700,0.000000
2570,4.095760,1.577402,1.537400,1.447700,1148.000000,646169453.000000,1140539392.000000,252489728.000000,1277050880.000000,0.000700,0.000000,0.000000,0.000000,0.006900,0.000000,0.136900,0.000000,0.000000,0.000000,0.002600,0.000000
2571,4.097161,1.407802,1.288600,1.173000,1148.000000,646169989.000000,1140539392.000000,252489728.000000,1277050880.000000,0.000900,0.000000,0.000000,0.000000,0.016900,0.000000,0.097800,0.000000,0.000000,0.000000,0.005400,0.000000
2572,4.100600,3.460998,3.596400,3.365600,1148.000000,646173651.000000,1140539392.000000,252489728.000000,1277050880.000000,2.913900,0.049600,0.020200,2.788700,0.013500,0.021300,0.010900,0.000700,0.000600,0.017000,0.005200,0.000000
2573,4.101781,1.240001,1.249200,1.155400,1148.000000,646171149.000000,1140539392.000000,252489728.000000,1277050880.000000,0.000700,0.000000,0.000000,0.000000,0.011300,0.000000,0.071100,0.000000,0.000000,0.000000,0.003200,0.000000
2574,4.102998,1.224398,1.227300,1.146100,1148.000000,646170725.000000,1140539392.000000,252489728.000000,1277050880.000000,0.000800,0.000000,0.000000,0.000000,0.007800,0.000000,0.080000,0.000000,0.000000,0.000000,0.002700,0.000000
2575,4.104300,1.308900,1.306400,1.229800,1148.000000,646174421.000000,1140539392.000000,252489728.000000,1277050880.000000,0.000600,0.000000,0.000000,0.000000,0.007000,0.000000,0.122300,0.000000,0.000000,0.000000,0.002600,0.000000
2576,4.105743,1.396003,1.378800,1.297100,1148.000000,646173861.000000,1140539392.000000,252489728.000000,1277050880.000000,0.000700,0.000000,0.000000,0.000000,0.008000,0.000000,0.110400,0.000000,0.000000,0.000000,0.002900,0.000000
2577,4.107073,1.306597,1.315100,1.225700,1148.000000,646173869.000000,1140539392.000000,252489728.000000,1277050880.000000,0.000600,0.000000,0.000000,0.000000,0.010200,0.000000,0.122100,0.000000,0.000000,0.000000,0.003200,0.000000
2578,4.108478,1.435998,1.424200,1.339200,1148.000000,646173901.000000,1140539392.000000,252489728.000000,1277050880.000000,0.000800,0.000000,0.000000,0.000000,0.023800,0.000000,0.153400,0.000000,0.000000,0.000000,0.004200,0.000000
2579,4.109776,1.316702,1.321400,1.231700,1148.000000,646178021.000000,1140539392.000000,252489728.000000,1277050880.000000,0.000700,0.000000,0.000000,0.000000,0.009900,0.000000,0.116400,0.000000,0.000000,0.000000,0.003500,0.000000
2580,4.111405,1.601800,1.580300,1.495200,1148.000000,646178469.000000,1140539392.000000,252489728.000000,1277050880.000000,0.000800,0.000000,0.000000,0.000000,0.008500,0.000000,0.128100,0.000000,0.000000,0.000000,0.003300,0.000000
2581,4.112645,1.263698,1.279000,1.178800,1148.000000,646182165.000000,1140539392.000000,252489728.000000,1277050880.000000,0.000700,0.000000,0.000000,0.000000,0.010500,0.000000,0.078400,0.000000,0.000000,0.000000,0.003700,0.000000
2582,4.114011,1.369700,1.365400,1.281100,1148.000000,646184381.000000,1140539392.000000,252489728.000000,1277050880.000000,0.000800,0.000000,0.000000,0.000000,0.007400,0.000000,0.154600,0.000000,0.000000,0.000000,0.003200,0.000000
2583,4.118389,4.345904,4.327700,4.237600,1148.000000,646186082.000000,1140539392.000000,252489728.000000,1277050880.000000,3.871500,0.052900,0.014900,3.751600,0.007600,0.020500,0.010200,0.000500,0.000500,0.015400,0.002800,0.000000
2584,4.119788,1.411898,1.418900,1.318300,1148.000000,646182901.000000,1140539392.000000,252489728.000000,1277050880.000000,0.000600,0.000000,0.000000,0.000000,0.011500,0.000000,0.126500,0.000000,0.000000,0.000000,0.003300,0.000000
2585,4.122128,2.235403,1.265700,1.174900,1148.000000,646182925.000000,1140539392.000000,252489728.000000,1277050880.000000,0.000700,0.000000,0.000000,0.000000,0.010000,0.000000,0.105100,0.000000,0.000000,0.000000,0.003800,0.000000
2586,4.122662,0.643502,1.530900,0.476800,1148.000000,646189539.000000,1140539392.000000,252489728.000000,1277050880.000000,0.000700,0.000000,0.000000,0.000000,0.010400,0.000000,0.012700,0.000000,0.000000,0.000000,0.005700,0.000000
2587,4.123850,1.174100,1.232400,1.067100,1148.000000,646186469.000000,1140539392.000000,252489728.000000,1277050880.000000,0.000700,0.000000,0.000000,0.000000,0.009500,0.000000,0.083200,0.000000,0.000000,0.000000,0.003000,0.000000
2588,4.125280,1.438499,1.459200,1.355000,1148.000000,646186925.000000,1140539392.000000,252489728.000000,1277050880.000000,0.000700,0.000000,0.000000,0.000000,0.008200,0.000000,0.117500,0.000000,0.000000,0.000000,0.003600,0.000000
2589,4.126620,1.359297,1.355300,1.272400,1148.000000,646186101.000000,1140539392.000000,252489728.000000,1277050880.000000,0.000800,0.000000,0.000000,0.000000,0.010400,0.000000,0.104200,0.000000,0.000000,0.000000,0.003400,0.000000
2590,4.127940,1.309503,1.306100,1.221200,1148.000000,646186573.000000,1140539392.000000,252489728.000000,1277050880.000000,0.000700,0.000000,0.000000,0.000000,0.008700,0.000000,0.158300,0.000000,0.000000,0.000000,0.003000,0.000000
2591,4.129400,1.405095,1.336600,1.247000,1148.000000,646190269.000000,1140539392.000000,252489728.000000,1277050880.000000,0.000700,0.000000,0.000000,0.000000,0.009000,0.000000,0.065900,0.000000,0.000000,0.000000,0.003200,0.000000
2592,4.130647,1.306200,1.350400,1.205400,1148.000000,646194389.000000,1140539392.000000,252489728.000000,1277050880.000000,0.000800,0.000000,0.000000,0.000000,0.012900,0.000000,0.105000,0.000000,0.000000,0.000000,0.005300,0.000000
2593,4.134544,3.530903,3.536200,3.432000,1148.000000,646199058.000000,1140539392.000000,252489728.000000,1277050880.000000,3.082600,0.046600,0.014600,2.964600,0.009800,0.024100,0.010700,0.000600,0.000500,0.016500,0.002900,0.000000
2594,4.135599,1.410998,1.415600,1.320500,1148.000000,646195997.000000,1140539392.000000,252489728.000000,1277050880.000000,0.000800,0.000000,0.000000,0.000000,0.009600,0.000000,0.119800,0.000000,0.000000,0.000000,0.005300,0.000000
2595,4.136751,1.175900,1.181100,1.095600,1148.000000,646196021.000000,1140539392.000000,252489728.000000,1277050880.000000,0.000700,0.000000,0.000000,0.000000,0.009900,0.000000,0.066900,0.000000,0.000000,0.000000,0.003300,0.000000
2596,4.138065,1.313400,1.310500,1.231800,1148.000000,646196045.000000,1140539392.000000,252489728.000000,1277050880.000000,0.000600,0.000000,0.000000,0.000000,0.007400,0.000000,0.105800,0.000000,0.000000,0.000000,0.002300,0.000000
2597,4.139319,1.266504,1.266100,1.187900,1148.000000,646198637.000000,1140539392.000000,252489728.000000,1277050880.000000,0.000700,0.000000,0.000000,0.000000,0.006900,0.000000,0.106100,0.000000,0.000000,0.000000,0.003100,0.000000
2598,4.140751,1.407398,1.403700,1.327300,1148.000000,646200845.000000,1140539392.000000,252489728.000000,1277050880.000000,0.000600,0.000000,0.000000,0.000000,0.008000,0.000000,0.089000,0.000000,0.000000,0.000000,0.003000,0.000000
2599,4.142182,1.455903,1.453000,1.375000,1148.000000,646198677.000000,1140539392.000000,252489728.000000,1277050880.000000,0.000700,0.000000,0.000000,0.000000,0.006900,0.000000,0.158400,0.000000,0.000000,0.000000,0.002800,0.000000
2600,4.144524,2.235296,2.076200,1.530500,1148.000000,646198189.000000,1140539392.000000,252489728.000000,1277050880.000000,0.000800,0.000000,0.000000,0.000000,0.006600,0.000000,0.083900,0.000000,0.000000,0.000000,0.002800,0.000000
2601,4.146185,1.732802,0.879300,0.650000,1148.000000,646202309.000000,1140539392.000000,252489728.000000,1277050880.000000,0.000700,0.000000,0.000000,0.000000,0.014600,0.000000,0.108900,0.000000,0.000000,0.000000,0.005200,0.000000
2602,4.146778,0.525198,1.472000,0.370100,1148.000000,646205315.000000,1140539392.000000,252489728.000000,1277050880.000000,0.000600,0.000000,0.000000,0.000000,0.008900,0.000000,0.013100,0.000000,0.000000,0.000000,0.003600,0.000000
2603,4.150532,3.632405,3.641100,3.507500,1148.000000,646210867.000000,1140539392.000000,252489728.000000,1277050880.000000,3.006800,0.053200,0.021000,2.874600,0.013900,0.021900,0.025200,0.000700,0.000600,0.016700,0.005800,0.000000
2604,4.151600,1.175298,1.208600,1.088800,1148.000000,646211469.000000,1140539392.000000,252489728.000000,1277050880.000000,0.000700,0.000000,0.000000,0.000000,0.013700,0.000000,0.065600,0.000000,0.000000,0.000000,0.005200,0.000000
2605,4.152773,1.262698,1.253800,1.167500,1148.000000,646213947.000000,1140539392.000000,252489728.000000,1277050880.000000,0.000900,0.000000,0.000000,0.000000,0.013800,0.000000,0.012700,0.000000,0.000000,0.000000,0.005100,0.000000
2606,4.154063,1.279301,1.273600,1.182600,1148.000000,646211845.000000,1140539392.000000,252489728.000000,1277050880.000000,0.000700,0.000000,0.000000,0.000000,0.009300,0.000000,0.065000,0.000000,0.000000,0.000000,0.003100,0.000000
2607,4.155484,1.419898,1.419200,1.325700,1148.000000,646210797.000000,1140539392.000000,252489728.000000,1277050880.000000,0.000700,0.000000,0.000000,0.000000,0.009700,0.000000,0.067300,0.000000,0.000000,0.000000,0.003300,0.000000
2608,4.156718,1.258000,1.263700,1.173300,1148.000000,646210821.000000,1140539392.000000,252489728.000000,1277050880.000000,0.000600,0.000000,0.000000,0.000000,0.010300,0.000000,0.098200,0.000000,0.000000,0.000000,0.003100,0.000000
2609,4.157908,1.210799,1.215500,1.133500,1148.000000,646214941.000000,1140539392.000000,252489728.000000,1277050880.000000,0.000700,0.000000,0.000000,0.000000,0.008700,0.000000,0.060300,0.000000,0.000000,0.000000,0.002800,0.000000
2610,4.159245,1.324802,1.320300,1.244400,1148.000000,646214965.000000,1140539392.000000,252489728.000000,1277050880.000000,0.000800,0.000000,0.000000,0.000000,0.006700,0.000000,0.136600,0.000000,0.000000,0.000000,0.002900,0.000000
2611,4.160729,1.445699,1.426700,1.345800,1148.000000,646214989.000000,1140539392.000000,252489728.000000,1277050880.000000,0.000700,0.000000,0.000000,0.000000,0.007500,0.000000,0.118100,0.000000,0.000000,0.000000,0.002600,0.000000
2612,4.162638,1.678302,1.434400,1.338300,1148.000000,646215021.000000,1140539392.000000,252489728.000000,1277050880.000000,0.000900,0.000000,0.000000,0.000000,0.007500,0.000000,0.097300,0.000000,0.000000,0.000000,0.003100,0.000000
2613,4.163505,1.097399,1.335300,1.017900,1148.000000,646215037.000000,1140539392.000000,252489728.000000,1277050880.000000,0.000800,0.000000,0.000000,0.000000,0.013800,0.000000,0.108300,0.000000,0.000000,0.000000,0.007000,0.000000
2614,4.167166,3.663102,3.647900,3.562200,1148.000000,646225410.000000,1140539392.000000,252489728.000000,1277050880.000000,3.172300,0.053700,0.013800,3.050600,0.009900,0.020800,0.010600,0.000600,0.000600,0.016800,0.003500,0.000000
2615,4.168437,1.264697,1.210300,1.115400,1148.000000,646219989.000000,1140539392.000000,252489728.000000,1277050880.000000,0.000700,0.000000,0.000000,0.000000,0.010800,0.000000,0.073000,0.000000,0.000000,0.000000,0.002900,0.000000
2616,4.169724,1.310502,1.368300,1.224400,1148.000000,646220021.000000,1140539392.000000,252489728.000000,1277050880.000000,0.000700,0.000000,0.000000,0.000000,0.009800,0.000000,0.129000,0.000000,0.000000,0.000000,0.003600,0.000000
2617,4.170975,1.273002,1.278000,1.192200,1148.000000,646224613.000000,1140539392.000000,252489728.000000,1277050880.000000,0.000700,0.000000,0.000000,0.000000,0.007700,0.000000,0.074400,0.000000,0.000000,0.000000,0.002900,0.000000
2618,4.172302,1.298498,1.281100,1.198300,1148.000000,646222997.000000,1140539392.000000,252489728.000000,1277050880.000000,0.000600,0.000000,0.000000,0.000000,0.006900,0.000000,0.115600,0.000000,0.000000,0.000000,0.002300,0.000000
2619,4.173440,1.156200,1.165900,1.073100,1148.000000,646223013.000000,1140539392.000000,252489728.000000,1277050880.000000,0.000600,0.000000,0.000000,0.000000,0.009800,0.000000,0.074100,0.000000,0.000000,0.000000,0.003400,0.000000
2620,4.174846,1.392297,1.384100,1.299200,1148.000000,646227565.000000,1140539392.000000,252489728.000000,1277050880.000000,0.000600,0.000000,0.000000,0.000000,0.008500,0.000000,0.127600,0.000000,0.000000,0.000000,0.002700,0.000000
2621,4.176166,1.280400,1.283200,1.196500,1148.000000,646227149.000000,1140539392.000000,252489728.000000,1277050880.000000,0.000600,0.000000,0.000000,0.000000,0.009000,0.000000,0.071500,0.000000,0.000000,0.000000,0.003600,0.000000
2622,4.177425,1.267602,1.258600,1.175000,1148.000000,646227605.000000,1140539392.000000,252489728.000000,1277050880.000000,0.000700,0.000000,0.000000,0.000000,0.009200,0.000000,0.056300,0.000000,0.000000,0.000000,0.006100,0.000000
2623,4.178898,1.496301,1.482800,1.272600,1148.000000,646226693.000000,1140539392.000000,252489728.000000,1277050880.000000,0.000800,0.000000,0.000000,0.000000,0.009700,0.000000,0.132900,0.000000,0.000000,0.000000,0.003500,0.000000
2624,4.180083,1.159899,1.169700,1.073000,1148.000000,646227229.000000,1140539392.000000,252489728.000000,1277050880.000000,0.000600,0.000000,0.000000,0.000000,0.010300,0.000000,0.131000,0.000000,0.000000,0.000000,0.003200,0.000000
2625,4.183980,3.881696,3.850900,3.762900,1148.000000,646235370.000000,1140539392.000000,252489728.000000,1277050880.000000,3.358000,0.048200,0.016900,3.233800,0.008900,0.023900,0.010300,0.000600,0.000500,0.017000,0.004700,0.000000
2626,4.185498,1.546705,1.561800,1.446900,1148.000000,646232237.000000,1140539392.000000,252489728.000000,1277050880.000000,0.000800,0.000000,0.000000,0.000000,0.011800,0.000000,0.195300,0.000000,0.000000,0.000000,0.004400,0.000000
2627,4.186635,1.172796,1.184600,1.090900,1148.000000,646232253.000000,1140539392.000000,252489728.000000,1277050880.000000,0.000800,0.000000,0.000000,0.000000,0.010900,0.000000,0.068700,0.000000,0.000000,0.000000,0.003300,0.000000
2628,4.187889,1.262805,1.262300,1.182700,1148.000000,646232277.000000,1140539392.000000,252489728.000000,1277050880.000000,0.000700,0.000000,0.000000,0.000000,0.006700,0.000000,0.082100,0.000000,0.000000,0.000000,0.002800,0.000000
2629,4.189329,1.381696,1.355700,1.273700,1148.000000,646231469.000000,1140539392.000000,252489728.000000,1277050880.000000,0.000700,0.000000,0.000000,0.000000,0.006600,0.000000,0.068000,0.000000,0.000000,0.000000,0.002500,0.000000
2630,4.190568,1.265604,1.283400,1.181400,1148.000000,646237781.000000,1140539392.000000,252489728.000000,1277116416.000000,0.000700,0.000000,0.000000,0.000000,0.009700,0.000000,0.060600,0.000000,0.000000,0.000000,0.004000,0.000000
2631,4.191885,1.325298,1.320100,1.236600,1148.000000,646239717.000000,1140539392.000000,252489728.000000,1277116416.000000,0.000800,0.000000,0.000000,0.000000,0.009300,0.000000,0.084600,0.000000,0.000000,0.000000,0.002900,0.000000
2632,4.193166,1.265497,1.264200,1.179300,1148.000000,646240173.000000,1140539392.000000,252489728.000000,1277116416.000000,0.000700,0.000000,0.000000,0.000000,0.009400,0.000000,0.066600,0.000000,0.000000,0.000000,0.003000,0.000000
2633,4.194542,1.375801,1.364200,1.278300,1148.000000,646239349.000000,1140539392.000000,252489728.000000,1277116416.000000,0.000700,0.000000,0.000000,0.000000,0.008400,0.000000,0.103600,0.000000,0.000000,0.000000,0.003400,0.000000
2634,4.196009,1.375602,1.382300,1.291100,1148.000000,646239821.000000,1140539392.000000,252489728.000000,1277116416.000000,0.000600,0.000000,0.000000,0.000000,0.010100,0.000000,0.098800,0.000000,0.000000,0.000000,0.003200,0.000000
2635,4.197484,1.466900,1.436000,1.346700,1148.000000,646238949.000000,1140539392.000000,252489728.000000,1277116416.000000,0.000800,0.000000,0.000000,0.000000,0.049900,0.000000,0.068200,0.000000,0.000000,0.000000,0.005600,0.000000
2636,4.200931,3.415101,3.421600,3.312000,1148.000000,646243434.000000,1140539392.000000,252489728.000000,1277116416.000000,2.832900,0.050700,0.021000,2.707400,0.013300,0.019000,0.010000,0.000700,0.000800,0.015600,0.006700,0.000000
2637,4.202206,1.400298,1.392700,1.270600,1148.000000,646243957.000000,1140539392.000000,252489728.000000,1277116416.000000,0.000900,0.000000,0.000000,0.000000,0.010100,0.000000,0.062100,0.000000,0.000000,0.000000,0.006400,0.000000
2638,4.203474,1.189201,1.212300,1.114700,1148.000000,646247674.000000,1140539392.000000,252489728.000000,1277116416.000000,0.000700,0.000000,0.000000,0.000000,0.010800,0.000000,0.011300,0.000000,0.000000,0.000000,0.003800,0.000000
2639,4.204897,1.512500,1.494200,1.414300,1148.000000,646242334.000000,1140539392.000000,252489728.000000,1277116416.000000,0.000800,0.000000,0.000000,0.000000,0.007100,0.000000,0.099500,0.000000,0.000000,0.000000,0.005700,0.000000
2640,4.206011,1.146599,1.152400,1.064500,1148.000000,646246418.000000,1140539392.000000,252489728.000000,1277116416.000000,0.000800,0.000000,0.000000,0.000000,0.010000,0.000000,0.061400,0.000000,0.000000,0.000000,0.003400,0.000000
2641,4.207426,1.384503,1.373700,1.290200,1148.000000,646243181.000000,1140539392.000000,252489728.000000,1277116416.000000,0.000700,0.000000,0.000000,0.000000,0.008500,0.000000,0.120800,0.000000,0.000000,0.000000,0.003100,0.000000
2642,4.208541,1.139399,1.143800,1.054300,1148.000000,646251901.000000,1140539392.000000,252489728.000000,1277116416.000000,0.000700,0.000000,0.000000,0.000000,0.009100,0.000000,0.072500,0.000000,0.000000,0.000000,0.003400,0.000000
2643,4.210619,2.036097,1.442200,1.331800,1148.000000,646251925.000000,1140539392.000000,252489728.000000,1277116416.000000,0.000800,0.000000,0.000000,0.000000,0.007600,0.000000,0.093700,0.000000,0.000000,0.000000,0.002700,0.000000
2644,4.211536,0.945004,1.528700,0.857500,1148.000000,646251949.000000,1140539392.000000,252489728.000000,1277116416.000000,0.000600,0.000000,0.000000,0.000000,0.010800,0.000000,0.172000,0.000000,0.000000,0.000000,0.003700,0.000000
2645,4.212735,1.216199,1.220900,1.135900,1148.000000,646251973.000000,1140539392.000000,252489728.000000,1277116416.000000,0.000700,0.000000,0.000000,0.000000,0.009200,0.000000,0.076000,0.000000,0.000000,0.000000,0.003200,0.000000
2646,4.214215,1.460098,1.451500,1.372800,1148.000000,646254197.000000,1140539392.000000,252489728.000000,1277116416.000000,0.000700,0.000000,0.000000,0.000000,0.006900,0.000000,0.088600,0.000000,0.000000,0.000000,0.003200,0.000000
2647,4.217883,3.667305,3.653300,3.566300,1148.000000,646256826.000000,1140539392.000000,252489728.000000,1277116416.000000,3.205600,0.057800,0.014700,3.084100,0.008800,0.020500,0.009800,0.000500,0.000500,0.013100,0.003100,0.000000
2648,4.219172,1.308397,1.318400,1.222300,1148.000000,646257133.000000,1140539392.000000,252489728.000000,1277116416.000000,0.000700,0.000000,0.000000,0.000000,0.009100,0.000000,0.125500,0.000000,0.000000,0.000000,0.003100,0.000000
2649,4.220624,1.380003,1.369900,1.283700,1148.000000,646257197.000000,1140539392.000000,252489728.000000,1277116416.000000,0.000600,0.000000,0.000000,0.000000,0.008400,0.000000,0.118500,0.000000,0.000000,0.000000,0.003100,0.000000
2650,4.221811,1.251998,1.253600,1.162400,1148.000000,646257205.000000,1140539392.000000,252489728.000000,1277116416.000000,0.000700,0.000000,0.000000,0.000000,0.010700,0.000000,0.106100,0.000000,0.000000,0.000000,0.003500,0.000000
2651,4.222977,1.190597,1.200200,1.113700,1148.000000,646255853.000000,1140539392.000000,252489728.000000,1277116416.000000,0.000700,0.000000,0.000000,0.000000,0.007100,0.000000,0.075400,0.000000,0.000000,0.000000,0.002900,0.000000
2652,4.224431,1.389505,1.336300,1.259200,1148.000000,646258339.000000,1140539392.000000,252489728.000000,1277116416.000000,0.000500,0.000000,0.000000,0.000000,0.005700,0.000000,0.133800,0.000000,0.000000,0.000000,0.002400,0.000000
2653,4.225777,1.388598,1.430000,1.310400,1148.000000,646259997.000000,1140539392.000000,252489728.000000,1277116416.000000,0.000600,0.000000,0.000000,0.000000,0.010100,0.000000,0.160100,0.000000,0.000000,0.000000,0.003500,0.000000
2654,4.226969,1.214697,1.221100,1.140900,1148.000000,646260445.000000,1140539392.000000,252489728.000000,1277116416.000000,0.000600,0.000000,0.000000,0.000000,0.007500,0.000000,0.069300,0.000000,0.000000,0.000000,0.003000,0.000000
2655,4.228281,1.276502,1.265300,1.189300,1148.000000,646264141.000000,1140539392.000000,252489728.000000,1277116416.000000,0.000500,0.000000,0.000000,0.000000,0.005400,0.000000,0.101000,0.000000,0.000000,0.000000,0.002200,0.000000
2656,4.229801,1.532398,1.524600,1.442100,1148.000000,646263661.000000,1140539392.000000,252489728.000000,1277116416.000000,0.000700,0.000000,0.000000,0.000000,0.009400,0.000000,0.300500,0.000000,0.000000,0.000000,0.003000,0.000000
2657,4.231039,1.256604,1.263400,1.177900,1148.000000,646264189.000000,1140539392.000000,252489728.000000,1277116416.000000,0.000500,0.000000,0.000000,0.000000,0.008900,0.000000,0.121300,0.000000,0.000000,0.000000,0.003000,0.000000
2658,4.235261,4.164796,4.111600,4.028300,1148.000000,646269341.000000,1140539392.000000,252489728.000000,1277116416.000000,3.186300,0.056100,0.016100,3.063400,0.006300,0.023200,0.181300,0.000600,0.000500,0.012700,0.002400,0.000000
2659,4.236140,0.895401,0.933000,0.808000,1148.000000,646272965.000000,1140539392.000000,252489728.000000,1277116416.000000,0.000700,0.000000,0.000000,0.000000,0.012700,0.000000,0.152700,0.000000,0.000000,0.000000,0.003700,0.000000
2660,4.237276,1.136501,1.137200,1.048500,1148.000000,646273933.000000,1140539392.000000,252489728.000000,1277116416.000000,0.000700,0.000000,0.000000,0.000000,0.009700,0.000000,0.061900,0.000000,0.000000,0.000000,0.003600,0.000000
2661,4.238426,1.165398,1.168600,1.084200,1148.000000,646273989.000000,1140539392.000000,252489728.000000,1277116416.000000,0.000800,0.000000,0.000000,0.000000,0.010000,0.000000,0.066600,0.000000,0.000000,0.000000,0.003700,0.000000
2662,4.240073,1.554500,1.521100,1.435000,1148.000000,646269725.000000,1140539392.000000,252489728.000000,1277116416.000000,0.000600,0.000000,0.000000,0.000000,0.008800,0.000000,0.199100,0.000000,0.000000,0.000000,0.003000,0.000000
2663,4.241244,1.123299,1.145900,1.038200,1148.000000,646268069.000000,1140539392.000000,252489728.000000,1277116416.000000,0.000800,0.000000,0.000000,0.000000,0.013000,0.000000,0.068000,0.000000,0.000000,0.000000,0.005500,0.000000
2664,4.242584,1.397803,1.365800,1.284500,1148.000000,646267589.000000,1140539392.000000,252489728.000000,1277116416.000000,0.000800,0.000000,0.000000,0.000000,0.014500,0.000000,0.014700,0.000000,0.000000,0.000000,0.006400,0.000000
2665,4.244694,2.187202,1.178600,1.069600,1148.000000,646272205.000000,1140539392.000000,252489728.000000,1277116416.000000,0.000600,0.000000,0.000000,0.000000,0.010300,0.000000,0.079600,0.000000,0.000000,0.000000,0.004300,0.000000
2666,4.245529,0.490398,1.521800,0.405700,1200.000000,646272237.000000,1140539392.000000,252489728.000000,1277116416.000000,0.000700,0.000000,0.000000,0.000000,0.008800,0.000000,0.054300,0.000000,0.000000,0.000000,0.003600,0.000000
2667,4.246637,1.432497,1.427700,1.341400,1148.000000,646272261.000000,1140539392.000000,252489728.000000,1277116416.000000,0.000800,0.000000,0.000000,0.000000,0.007100,0.000000,0.051900,0.000000,0.000000,0.000000,0.003900,0.000000
2668,4.250715,4.098002,4.094200,4.004300,1148.000000,646281977.000000,1140539392.000000,252489728.000000,1277116416.000000,3.642800,0.047300,0.014400,3.538200,0.010700,0.015700,0.010000,0.000600,0.000500,0.013700,0.003600,0.000000
2669,4.251952,1.249901,1.257200,1.169600,1148.000000,646276685.000000,1140539392.000000,252489728.000000,1277116416.000000,0.000700,0.000000,0.000000,0.000000,0.010200,0.000000,0.073000,0.000000,0.000000,0.000000,0.002900,0.000000
2670,4.253093,1.162599,1.164700,1.086700,1148.000000,646281253.000000,1140539392.000000,252489728.000000,1277120512.000000,0.000600,0.000000,0.000000,0.000000,0.008000,0.000000,0.064300,0.000000,0.000000,0.000000,0.002600,0.000000
2671,4.254410,1.307596,1.303700,1.230500,1148.000000,646280829.000000,1140539392.000000,252489728.000000,1277120512.000000,0.000600,0.000000,0.000000,0.000000,0.006300,0.000000,0.124200,0.000000,0.000000,0.000000,0.002300,0.000000
2672,4.255642,1.246506,1.250100,1.176500,1148.000000,646280597.000000,1140539392.000000,252489728.000000,1277120512.000000,0.000600,0.000000,0.000000,0.000000,0.008100,0.000000,0.077000,0.000000,0.000000,0.000000,0.002700,0.000000
2673,4.256965,1.262195,1.182600,1.114000,1148.000000,646280621.000000,1140539392.000000,252489728.000000,1277120512.000000,0.000500,0.000000,0.000000,0.000000,0.005700,0.000000,0.080500,0.000000,0.000000,0.000000,0.002200,0.000000
2674,4.258227,1.298498,1.365200,1.220300,1148.000000,646281069.000000,1140539392.000000,252489728.000000,1277120512.000000,0.000600,0.000000,0.000000,0.000000,0.009800,0.000000,0.099700,0.000000,0.000000,0.000000,0.003900,0.000000
2675,4.259546,1.325000,1.316800,1.237200,1148.000000,646280677.000000,1140539392.000000,252489728.000000,1277120512.000000,0.000700,0.000000,0.000000,0.000000,0.007700,0.000000,0.144300,0.000000,0.000000,0.000000,0.003000,0.000000
2676,4.261178,1.545607,1.524400,1.430300,1148.000000,646285229.000000,1140539392.000000,252489728.000000,1277120512.000000,0.000700,0.000000,0.000000,0.000000,0.008600,0.000000,0.116600,0.000000,0.000000,0.000000,0.002600,0.000000
2677,4.262368,1.246294,1.260300,1.156900,1148.000000,646284405.000000,1140539392.000000,252489728.000000,1277120512.000000,0.000800,0.000000,0.000000,0.000000,0.012700,0.000000,0.104800,0.000000,0.000000,0.000000,0.003600,0.000000
2678,4.264761,1.321003,1.321100,1.236000,1148.000000,646286645.000000,1140539392.000000,252489728.000000,1277124608.000000,0.000800,0.000000,0.000000,0.000000,0.009600,0.000000,0.114100,0.000000,0.000000,0.000000,0.003000,0.000000
2679,4.267863,4.080003,3.957900,3.867400,1148.000000,646287842.000000,1140539392.000000,252489728.000000,1277124608.000000,2.410900,0.044200,0.017600,2.294000,0.008700,0.020100,0.010700,0.000600,0.000500,0.016700,0.004900,0.000000
2680,4.269032,1.264598,1.371400,1.270000,1148.000000,646284829.000000,1140539392.000000,252489728.000000,1277124608.000000,0.000900,0.000000,0.000000,0.000000,0.017700,0.000000,0.148400,0.000000,0.000000,0.000000,0.005300,0.000000
2681,4.270562,1.519997,1.517200,1.420600,1148.000000,646293045.000000,1140539392.000000,252489728.000000,1277124608.000000,0.000700,0.000000,0.000000,0.000000,0.009900,0.000000,0.079800,0.000000,0.000000,0.000000,0.003000,0.000000
2682,4.271847,1.288903,1.287900,1.193700,1148.000000,646293069.000000,1140539392.000000,252489728.000000,1277124608.000000,0.000600,0.000000,0.000000,0.000000,0.010200,0.000000,0.109500,0.000000,0.000000,0.000000,0.003300,0.000000
2683,4.273108,1.285799,1.295300,1.205500,1148.000000,646292789.000000,1140539392.000000,252489728.000000,1277124608.000000,0.000800,0.000000,0.000000,0.000000,0.010200,0.000000,0.122200,0.000000,0.000000,0.000000,0.003200,0.000000
2684,4.274539,1.415200,1.376400,1.294000,1148.000000,646292813.000000,1140539392.000000,252489728.000000,1277124608.000000,0.000500,0.000000,0.000000,0.000000,0.006700,0.000000,0.095900,0.000000,0.000000,0.000000,0.002400,0.000000
2685,4.275918,1.377303,1.397300,1.284600,1148.000000,646292845.000000,1140539392.000000,252489728.000000,1277124608.000000,0.000700,0.000000,0.000000,0.000000,0.009200,0.000000,0.130800,0.000000,0.000000,0.000000,0.002800,0.000000
2686,4.277331,1.408298,1.413400,1.321000,1148.000000,646297381.000000,1140539392.000000,252489728.000000,1277128704.000000,0.000800,0.000000,0.000000,0.000000,0.009300,0.000000,0.139600,0.000000,0.000000,0.000000,0.003500,0.000000
2687,4.278843,1.501198,1.390700,1.303400,1148.000000,646301077.000000,1140539392.000000,252489728.000000,1277194240.000000,0.000800,0.000000,0.000000,0.000000,0.009000,0.000000,0.127000,0.000000,0.000000,0.000000,0.003200,0.000000
2688,4.280339,1.464605,1.391900,1.199600,1148.000000,646301525.000000,1140539392.000000,252489728.000000,1277194240.000000,0.000600,0.000000,0.000000,0.000000,0.010400,0.000000,0.088100,0.000000,0.000000,0.000000,0.003600,0.000000
2689,4.284063,3.747598,3.720800,3.615900,1148.000000,646306993.000000,1140539392.000000,252489728.000000,1277194240.000000,3.185700,0.051600,0.015600,3.063700,0.010500,0.020900,0.011200,0.000700,0.000700,0.015600,0.004400,0.000000
2690,4.285647,1.603501,1.617400,1.493500,1148.000000,646301453.000000,1140539392.000000,252489728.000000,1277194240.000000,0.000700,0.000000,0.000000,0.000000,0.010400,0.000000,0.127000,0.000000,0.000000,0.000000,0.003800,0.000000
2691,4.286684,1.048399,1.072600,0.962900,1148.000000,646301141.000000,1140539392.000000,252489728.000000,1277194240.000000,0.000600,0.000000,0.000000,0.000000,0.010400,0.000000,0.082600,0.000000,0.000000,0.000000,0.003400,0.000000
2692,4.287936,1.255499,1.251100,1.167800,1148.000000,646301189.000000,1140539392.000000,252489728.000000,1277194240.000000,0.000700,0.000000,0.000000,0.000000,0.009200,0.000000,0.091300,0.000000,0.000000,0.000000,0.003100,0.000000
2693,4.289255,1.320500,1.317900,1.233100,1148.000000,646309053.000000,1140539392.000000,252489728.000000,1277194240.000000,0.000700,0.000000,0.000000,0.000000,0.009000,0.000000,0.137700,0.000000,0.000000,0.000000,0.002600,0.000000
2694,4.290826,1.433404,1.431700,1.345100,1148.000000,646311269.000000,1140539392.000000,252489728.000000,1277198336.000000,0.000700,0.000000,0.000000,0.000000,0.007600,0.000000,0.012900,0.000000,0.000000,0.000000,0.002800,0.000000
2695,4.292002,1.307093,1.301900,1.215800,1148.000000,646309101.000000,1140539392.000000,252489728.000000,1277198336.000000,0.000900,0.000000,0.000000,0.000000,0.009600,0.000000,0.078500,0.000000,0.000000,0.000000,0.004600,0.000000
2696,4.293358,1.359403,1.364200,1.277500,1148.000000,646309125.000000,1140539392.000000,252489728.000000,1277198336.000000,0.000800,0.000000,0.000000,0.000000,0.007800,0.000000,0.097200,0.000000,0.000000,0.000000,0.002900,0.000000
2697,4.294758,1.292999,1.285400,1.206100,1148.000000,646309149.000000,1140539392.000000,252489728.000000,1277198336.000000,0.000700,0.000000,0.000000,0.000000,0.008800,0.000000,0.092200,0.000000,0.000000,0.000000,0.002800,0.000000
2698,4.296294,1.442304,1.435700,1.348400,1148.000000,646313269.000000,1140539392.000000,252489728.000000,1277198336.000000,0.000900,0.000000,0.000000,0.000000,0.008600,0.000000,0.087200,0.000000,0.000000,0.000000,0.004100,0.000000
2699,4.297547,1.330896,1.286300,1.198900,1148.000000,646313293.000000,1140539392.000000,252489728.000000,1277198336.000000,0.000700,0.000000,0.000000,0.000000,0.010200,0.000000,0.082500,0.000000,0.000000,0.000000,0.003400,0.000000
2700,4.301190,3.567602,3.601300,3.469400,1148.000000,646317083.000000,1140539392.000000,252489728.000000,1277198336.000000,2.972100,0.049900,0.017500,2.854200,0.010600,0.021200,0.012900,0.000800,0.000500,0.013500,0.004000,0.000000
2701,4.302431,1.247903,1.254700,1.160500,1148.000000,646313773.000000,1140539392.000000,252489728.000000,1277198336.000000,0.000900,0.000000,0.000000,0.000000,0.108700,0.000000,0.068200,0.000000,0.000000,0.000000,0.004400,0.000000
2702,4.303530,1.277197,1.267900,1.166200,1148.000000,646313709.000000,1140539392.000000,252489728.000000,1277198336.000000,0.000800,0.000000,0.000000,0.000000,0.013500,0.000000,0.058700,0.000000,0.000000,0.000000,0.005500,0.000000
2703,4.305413,1.788499,1.377900,1.292200,1148.000000,646311638.000000,1140539392.000000,252489728.000000,1277198336.000000,0.000600,0.000000,0.000000,0.000000,0.009900,0.000000,0.022800,0.000000,0.000000,0.000000,0.003300,0.000000
2704,4.306369,1.005804,1.205400,0.710600,1148.000000,646317541.000000,1140539392.000000,252489728.000000,1277198336.000000,0.000700,0.000000,0.000000,0.000000,0.010800,0.000000,0.068300,0.000000,0.000000,0.000000,0.003800,0.000000
2705,4.307617,1.283397,1.377500,1.085300,1148.000000,646317517.000000,1140539392.000000,252489728.000000,1277198336.000000,0.000600,0.000000,0.000000,0.000000,0.010800,0.000000,0.070200,0.000000,0.000000,0.000000,0.003900,0.000000
2706,4.309672,1.100801,1.211500,1.013800,1148.000000,646323763.000000,1140539392.000000,252489728.000000,1277198336.000000,0.000700,0.000000,0.000000,0.000000,0.010400,0.000000,0.014500,0.000000,0.000000,0.000000,0.003600,0.000000
2707,4.310233,1.519997,1.416200,1.330900,1148.000000,646324074.000000,1140539392.000000,252489728.000000,1277198336.000000,0.000700,0.000000,0.000000,0.000000,0.009200,0.000000,0.011800,0.000000,0.000000,0.000000,0.005700,0.000000
2708,4.311532,1.288003,1.383900,1.197900,1148.000000,646321349.000000,1140539392.000000,252489728.000000,1277198336.000000,0.000600,0.000000,0.000000,0.000000,0.009800,0.000000,0.096000,0.000000,0.000000,0.000000,0.003100,0.000000
2709,4.312770,1.268700,1.257100,1.169000,1148.000000,646325453.000000,1140539392.000000,252489728.000000,1277198336.000000,0.000600,0.000000,0.000000,0.000000,0.009800,0.000000,0.082500,0.000000,0.000000,0.000000,0.003300,0.000000
2710,4.314293,1.496995,1.506900,1.408000,1148.000000,646327677.000000,1140539392.000000,252489728.000000,1277198336.000000,0.000700,0.000000,0.000000,0.000000,0.009200,0.000000,0.115500,0.000000,0.000000,0.000000,0.003000,0.000000
2711,4.318519,4.229904,4.214100,4.126000,1148.000000,646329514.000000,1140539392.000000,252489728.000000,1277198336.000000,3.735600,0.058200,0.017500,3.604000,0.010800,0.020600,0.010800,0.001000,0.000700,0.016400,0.003900,0.000000
2712,4.319874,1.350496,1.353800,1.256200,1148.000000,646326429.000000,1140539392.000000,252489728.000000,1277198336.000000,0.000700,0.000000,0.000000,0.000000,0.009300,0.000000,0.094600,0.000000,0.000000,0.000000,0.003000,0.000000
2713,4.321271,1.386706,1.335000,1.243500,1148.000000,646326453.000000,1140539392.000000,252489728.000000,1277198336.000000,0.000700,0.000000,0.000000,0.000000,0.007500,0.000000,0.053400,0.000000,0.000000,0.000000,0.007400,0.000000
2714,4.322551,1.295600,1.343500,1.203100,1148.000000,646326909.000000,1140539392.000000,252489728.000000,1277198336.000000,0.000700,0.000000,0.000000,0.000000,0.009100,0.000000,0.116900,0.000000,0.000000,0.000000,0.003600,0.000000
2715,4.324014,1.459899,1.451800,1.362500,1148.000000,646329213.000000,1140539392.000000,252489728.000000,1277198336.000000,0.000600,0.000000,0.000000,0.000000,0.009600,0.000000,0.117100,0.000000,0.000000,0.000000,0.003300,0.000000
2716,4.325558,1.486196,1.418800,1.323300,1148.000000,646329749.000000,1140539392.000000,252489728.000000,1277198336.000000,0.000600,0.000000,0.000000,0.000000,0.010300,0.000000,0.144800,0.000000,0.000000,0.000000,0.004200,0.000000
2717,4.326694,1.206703,1.273500,1.117100,1148.000000,646329773.000000,1140539392.000000,252489728.000000,1277198336.000000,0.000800,0.000000,0.000000,0.000000,0.011700,0.000000,0.082000,0.000000,0.000000,0.000000,0.003600,0.000000
2718,4.327976,1.281300,1.284300,1.196500,1148.000000,646330221.000000,1140539392.000000,252489728.000000,1277202432.000000,0.000700,0.000000,0.000000,0.000000,0.010000,0.000000,0.058900,0.000000,0.000000,0.000000,0.003000,0.000000
2719,4.329340,1.369997,1.364500,1.280500,1148.000000,646333925.000000,1140539392.000000,252489728.000000,1277202432.000000,0.000700,0.000000,0.000000,0.000000,0.009700,0.000000,0.116900,0.000000,0.000000,0.000000,0.003700,0.000000
2720,4.330773,1.422003,1.408400,1.321500,1148.000000,646334381.000000,1140539392.000000,252489728.000000,1277202432.000000,0.000600,0.000000,0.000000,0.000000,0.007500,0.000000,0.123900,0.000000,0.000000,0.000000,0.002700,0.000000
2721,4.334271,3.510998,3.514700,3.418700,1148.000000,646341162.000000,1140539392.000000,252489728.000000,1277202432.000000,3.056400,0.047200,0.014700,2.949600,0.009800,0.017000,0.010300,0.000600,0.000600,0.012400,0.003500,0.000000
2722,4.335647,1.393403,1.384000,1.294400,1148.000000,646338221.000000,1140539392.000000,252489728.000000,1277202432.000000,0.000700,0.000000,0.000000,0.000000,0.009600,0.000000,0.077500,0.000000,0.000000,0.000000,0.002500,0.000000
2723,4.336913,1.271202,1.282800,1.187800,1148.000000,646338245.000000,1140539392.000000,252489728.000000,1277202432.000000,0.000700,0.000000,0.000000,0.000000,0.006900,0.000000,0.081100,0.000000,0.000000,0.000000,0.002700,0.000000
2724,4.338229,1.315398,1.318700,1.237600,1148.000000,646338269.000000,1140539392.000000,252489728.000000,1277202432.000000,0.000700,0.000000,0.000000,0.000000,0.006600,0.000000,0.111900,0.000000,0.000000,0.000000,0.002600,0.000000
2725,4.339581,1.349299,1.347000,1.271400,1148.000000,646337797.000000,1140539392.000000,252489728.000000,1277202432.000000,0.000600,0.000000,0.000000,0.000000,0.008400,0.000000,0.120200,0.000000,0.000000,0.000000,0.002900,0.000000
2726,4.341092,1.450198,1.430400,1.349300,1148.000000,646344109.000000,1140539392.000000,252489728.000000,1277206528.000000,0.000700,0.000000,0.000000,0.000000,0.008000,0.000000,0.114300,0.000000,0.000000,0.000000,0.002700,0.000000
2727,4.342503,1.450900,1.451500,1.357300,1148.000000,646341429.000000,1140539392.000000,252489728.000000,1277206528.000000,0.000700,0.000000,0.000000,0.000000,0.010200,0.000000,0.120000,0.000000,0.000000,0.000000,0.003700,0.000000
2728,4.344643,1.111699,1.120200,1.029800,1148.000000,646342389.000000,1140539392.000000,252489728.000000,1277206528.000000,0.000800,0.000000,0.000000,0.000000,0.009300,0.000000,0.065500,0.000000,0.000000,0.000000,0.003000,0.000000
2729,4.345524,1.579500,1.564400,1.480100,1148.000000,646341997.000000,1140539392.000000,252489728.000000,1277206528.000000,0.000700,0.000000,0.000000,0.000000,0.006800,0.000000,0.053000,0.000000,0.000000,0.000000,0.006300,0.000000
2730,4.346896,1.622902,1.617800,1.526100,1148.000000,646341501.000000,1140539392.000000,252489728.000000,1277206528.000000,0.000800,0.000000,0.000000,0.000000,0.009600,0.000000,0.156200,0.000000,0.000000,0.000000,0.005800,0.000000
2731,4.350909,4.068601,4.054900,3.957300,1148.000000,646343101.000000,1140539392.000000,252489728.000000,1277206528.000000,3.306800,0.047000,0.016600,3.194500,0.010700,0.019400,0.012700,0.000700,0.000500,0.014100,0.003500,0.000000
2732,4.352121,1.232001,1.252900,1.148200,1148.000000,646350821.000000,1140539392.000000,252489728.000000,1277206528.000000,0.000800,0.000000,0.000000,0.000000,0.012100,0.000000,0.107000,0.000000,0.000000,0.000000,0.003300,0.000000
2733,4.354231,1.352700,1.216500,1.135500,1148.000000,646350853.000000,1140539392.000000,252489728.000000,1277206528.000000,0.000600,0.000000,0.000000,0.000000,0.009000,0.000000,0.080900,0.000000,0.000000,0.000000,0.003100,0.000000
2734,4.354764,1.285197,1.407200,1.194000,1148.000000,646351757.000000,1140539392.000000,252489728.000000,1277210624.000000,0.000800,0.000000,0.000000,0.000000,0.010100,0.000000,0.054700,0.000000,0.000000,0.000000,0.005600,0.000000
2735,4.356027,1.274199,1.279800,1.190700,1148.000000,646349965.000000,1140539392.000000,252489728.000000,1277210624.000000,0.000800,0.000000,0.000000,0.000000,0.010100,0.000000,0.066000,0.000000,0.000000,0.000000,0.003100,0.000000
2736,4.357411,1.360502,1.350400,1.264000,1148.000000,646349989.000000,1140539392.000000,252489728.000000,1277210624.000000,0.000800,0.000000,0.000000,0.000000,0.007400,0.000000,0.123800,0.000000,0.000000,0.000000,0.003300,0.000000
2737,4.358662,1.226701,1.230700,1.141100,1148.000000,646354149.000000,1140539392.000000,252489728.000000,1277210624.000000,0.000700,0.000000,0.000000,0.000000,0.010300,0.000000,0.073500,0.000000,0.000000,0.000000,0.003400,0.000000
2738,4.360239,1.573002,1.560000,1.474500,1148.000000,646354157.000000,1140539392.000000,252489728.000000,1277210624.000000,0.000900,0.000000,0.000000,0.000000,0.007300,0.000000,0.172500,0.000000,0.000000,0.000000,0.007900,0.000000
2739,4.361562,1.350000,1.349100,1.254800,1148.000000,646354157.000000,1140539392.000000,252489728.000000,1277210624.000000,0.000700,0.000000,0.000000,0.000000,0.010300,0.000000,0.115000,0.000000,0.000000,0.000000,0.003400,0.000000
2740,4.362791,1.253997,1.259500,1.169400,1148.000000,646354181.000000,1140539392.000000,252489728.000000,1277210624.000000,0.000700,0.000000,0.000000,0.000000,0.010600,0.000000,0.079500,0.000000,0.000000,0.000000,0.003600,0.000000
2741,4.364161,1.347902,1.337900,1.253700,1148.000000,646354205.000000,1140539392.000000,252489728.000000,1277214720.000000,0.000700,0.000000,0.000000,0.000000,0.008900,0.000000,0.144800,0.000000,0.000000,0.000000,0.002700,0.000000
2742,4.368018,3.848902,3.837600,3.746000,1148.000000,646362809.000000,1140539392.000000,252489728.000000,1277214720.000000,3.343800,0.275200,0.020100,2.947600,0.010000,0.020500,0.010400,0.000800,0.000500,0.016700,0.004100,0.000000
2743,4.369380,1.360098,1.341500,1.242000,1148.000000,646359397.000000,1140539392.000000,252489728.000000,1277214720.000000,0.000700,0.000000,0.000000,0.000000,0.011300,0.000000,0.106400,0.000000,0.000000,0.000000,0.003400,0.000000
2744,4.370629,1.284297,1.315400,1.204900,1148.000000,646363509.000000,1140539392.000000,252489728.000000,1277214720.000000,0.000700,0.000000,0.000000,0.000000,0.010700,0.000000,0.080500,0.000000,0.000000,0.000000,0.003900,0.000000
2745,4.371913,1.296103,1.295000,1.214800,1148.000000,646363533.000000,1140539392.000000,252489728.000000,1277214720.000000,0.000700,0.000000,0.000000,0.000000,0.009200,0.000000,0.124400,0.000000,0.000000,0.000000,0.003000,0.000000
2746,4.373175,1.245699,1.241900,1.162200,1148.000000,646362541.000000,1140539392.000000,252489728.000000,1277214720.000000,0.000700,0.000000,0.000000,0.000000,0.007100,0.000000,0.111000,0.000000,0.000000,0.000000,0.002600,0.000000
2747,4.374620,1.415604,1.392000,1.310000,1148.000000,646362565.000000,1140539392.000000,252489728.000000,1277214720.000000,0.000700,0.000000,0.000000,0.000000,0.008700,0.000000,0.174700,0.000000,0.000000,0.000000,0.003000,0.000000
2748,4.375896,1.284099,1.270300,1.168500,1148.000000,646362597.000000,1140539392.000000,252489728.000000,1277214720.000000,0.000800,0.000000,0.000000,0.000000,0.010800,0.000000,0.074400,0.000000,0.000000,0.000000,0.140000,0.000000
2749,4.378053,2.166397,1.211800,1.102200,1148.000000,646367181.000000,1140539392.000000,252489728.000000,1277284352.000000,0.000700,0.000000,0.000000,0.000000,0.010600,0.000000,0.062600,0.000000,0.000000,0.000000,0.003300,0.000000
2750,4.378623,0.557299,1.461400,0.398800,1148.000000,646366781.000000,1140539392.000000,252489728.000000,1277284352.000000,0.000700,0.000000,0.000000,0.000000,0.009500,0.000000,0.035200,0.000000,0.000000,0.000000,0.003100,0.000000
2751,4.380209,1.400503,1.446800,1.292600,1148.000000,646366373.000000,1140539392.000000,252489728.000000,1277284352.000000,0.000800,0.000000,0.000000,0.000000,0.010400,0.000000,0.049600,0.000000,0.000000,0.000000,0.005300,0.000000
2752,4.384890,4.701098,4.579400,4.481900,1148.000000,646367341.000000,1140539392.000000,252489728.000000,1277284352.000000,3.725800,0.046600,0.017200,3.613200,0.012400,0.018400,0.017300,0.000600,0.000600,0.014500,0.005300,0.000000
2753,4.386035,1.318304,1.435100,1.216400,1148.000000,646367085.000000,1140539392.000000,252489728.000000,1277284352.000000,0.000800,0.000000,0.000000,0.000000,0.019200,0.000000,0.100200,0.000000,0.000000,0.000000,0.008500,0.000000
2754,4.387174,1.178798,1.203600,1.100200,1148.000000,646371629.000000,1140539392.000000,252489728.000000,1277284352.000000,0.000700,0.000000,0.000000,0.000000,0.009800,0.000000,0.085500,0.000000,0.000000,0.000000,0.003200,0.000000
2755,4.388479,1.272598,1.262500,1.182000,1148.000000,646371229.000000,1140539392.000000,252489728.000000,1277284352.000000,0.000700,0.000000,0.000000,0.000000,0.006400,0.000000,0.116600,0.000000,0.000000,0.000000,0.002500,0.000000
2756,4.389737,1.258503,1.252200,1.167100,1148.000000,646370613.000000,1140539392.000000,252489728.000000,1277284352.000000,0.000700,0.000000,0.000000,0.000000,0.009600,0.000000,0.083600,0.000000,0.000000,0.000000,0.003400,0.000000
2757,4.391075,1.331498,1.330200,1.239300,1148.000000,646374733.000000,1140539392.000000,252489728.000000,1277288448.000000,0.000700,0.000000,0.000000,0.000000,0.008900,0.000000,0.046300,0.000000,0.000000,0.000000,0.003500,0.000000
2758,4.392379,1.320897,1.321100,1.232300,1148.000000,646376957.000000,1140539392.000000,252489728.000000,1277288448.000000,0.000700,0.000000,0.000000,0.000000,0.010000,0.000000,0.095300,0.000000,0.000000,0.000000,0.002900,0.000000
2759,4.393662,1.298200,1.299100,1.213900,1148.000000,646374781.000000,1140539392.000000,252489728.000000,1277288448.000000,0.000800,0.000000,0.000000,0.000000,0.008000,0.000000,0.108000,0.000000,0.000000,0.000000,0.002900,0.000000
2760,4.395027,1.336402,1.330500,1.244900,1148.000000,646378901.000000,1140539392.000000,252489728.000000,1277288448.000000,0.000700,0.000000,0.000000,0.000000,0.006900,0.000000,0.111400,0.000000,0.000000,0.000000,0.002900,0.000000
2761,4.396478,1.446698,1.437800,1.350100,1148.000000,646378925.000000,1140539392.000000,252489728.000000,1277288448.000000,0.000700,0.000000,0.000000,0.000000,0.009900,0.000000,0.155500,0.000000,0.000000,0.000000,0.003600,0.000000
2762,4.397694,1.243601,1.251200,1.161600,1148.000000,646378949.000000,1140539392.000000,252489728.000000,1277288448.000000,0.000800,0.000000,0.000000,0.000000,0.010000,0.000000,0.089300,0.000000,0.000000,0.000000,0.003100,0.000000
2763,4.402190,4.436005,4.401400,4.312500,1148.000000,646386089.000000,1140539392.000000,252489728.000000,1277288448.000000,3.933200,0.048600,0.014700,3.808900,0.007000,0.022700,0.012000,0.000600,0.000500,0.017200,0.002800,0.000000
2764,4.403699,1.529599,1.548500,1.435400,1148.000000,646379749.000000,1140539392.000000,252489728.000000,1277288448.000000,0.000800,0.000000,0.000000,0.000000,0.011900,0.000000,0.091200,0.000000,0.000000,0.000000,0.003400,0.000000
2765,4.405311,1.647796,1.649300,1.559500,1148.000000,646383869.000000,1140539392.000000,252489728.000000,1277288448.000000,0.000700,0.000000,0.000000,0.000000,0.010300,0.000000,0.117800,0.000000,0.000000,0.000000,0.003600,0.000000
2766,4.407190,1.861005,1.853100,1.763400,1148.000000,646384325.000000,1140539392.000000,252489728.000000,1277288448.000000,0.001000,0.000000,0.000000,0.000000,0.009200,0.000000,0.126100,0.000000,0.000000,0.000000,0.003300,0.000000
2767,4.408563,1.397895,1.407000,1.316300,1148.000000,646382797.000000,1140539392.000000,252489728.000000,1277288448.000000,0.000800,0.000000,0.000000,0.000000,0.008000,0.000000,0.081200,0.000000,0.000000,0.000000,0.003100,0.000000
2768,4.410878,1.934899,1.881600,1.795600,1148.000000,646383253.000000,1140539392.000000,252489728.000000,1277288448.000000,0.000500,0.000000,0.000000,0.000000,0.006400,0.000000,0.421100,0.000000,0.000000,0.000000,0.002300,0.000000
2769,4.413271,1.740802,1.367900,1.237200,1148.000000,646382853.000000,1140539392.000000,252489728.000000,1277288448.000000,0.000700,0.000000,0.000000,0.000000,0.010200,0.000000,0.064500,0.000000,0.000000,0.000000,0.004600,0.000000
2770,4.416283,4.008298,4.393200,3.880800,1148.000000,646384335.000000,1140539392.000000,252489728.000000,1277288448.000000,0.000700,0.000000,0.000000,0.000000,0.009900,0.000000,0.103500,0.000000,0.000000,0.000000,0.004200,0.000000
2771,4.419103,2.845500,2.861100,2.749900,1148.000000,646401297.000000,1140539392.000000,252489728.000000,1277288448.000000,2.351900,0.098800,0.022500,2.168000,0.011200,0.025500,0.010500,0.000600,0.000700,0.016800,0.003500,0.000000
2772,4.420770,1.580301,1.587200,1.493400,1148.000000,646395981.000000,1140539392.000000,252489728.000000,1277288448.000000,0.000600,0.000000,0.000000,0.000000,0.009600,0.000000,0.080400,0.000000,0.000000,0.000000,0.003100,0.000000
2773,4.423297,2.606703,2.601300,2.516200,1148.000000,646395997.000000,1140539392.000000,252489728.000000,1277288448.000000,0.000700,0.000000,0.000000,0.000000,0.009600,0.000000,0.128900,0.000000,0.000000,0.000000,0.006000,0.000000
2774,4.425103,1.818899,1.812600,1.723600,1148.000000,646398213.000000,1140539392.000000,252489728.000000,1277288448.000000,0.000500,0.000000,0.000000,0.000000,0.009200,0.000000,0.090800,0.000000,0.000000,0.000000,0.002900,0.000000
2775,4.426732,1.608603,1.525200,1.436100,1148.000000,646395309.000000,1140539392.000000,252489728.000000,1277288448.000000,0.000600,0.000000,0.000000,0.000000,0.008600,0.000000,0.105700,0.000000,0.000000,0.000000,0.002900,0.000000
2776,4.428284,1.583695,1.662300,1.497400,1148.000000,646395333.000000,1140539392.000000,252489728.000000,1277288448.000000,0.000600,0.000000,0.000000,0.000000,0.009400,0.000000,0.117600,0.000000,0.000000,0.000000,0.003400,0.000000
2777,4.429719,1.447201,1.453200,1.364300,1148.000000,646399461.000000,1140539392.000000,252489728.000000,1277288448.000000,0.000600,0.000000,0.000000,0.000000,0.007700,0.000000,0.113800,0.000000,0.000000,0.000000,0.003100,0.000000
2778,4.431616,1.846804,1.836200,1.752500,1148.000000,646399917.000000,1140539392.000000,252489728.000000,1277288448.000000,0.000600,0.000000,0.000000,0.000000,0.007000,0.000000,0.066700,0.000000,0.000000,0.000000,0.002500,0.000000
2779,4.435013,3.410197,3.409000,3.318600,1148.000000,646402890.000000,1140539392.000000,252489728.000000,1277288448.000000,2.955200,0.044600,0.013900,2.850300,0.010000,0.018500,0.009800,0.000700,0.000500,0.012500,0.003100,0.000000
2780,4.436660,1.646400,1.627000,1.538600,1148.000000,646400373.000000,1140539392.000000,252489728.000000,1277288448.000000,0.000700,0.000000,0.000000,0.000000,0.008900,0.000000,0.131700,0.000000,0.000000,0.000000,0.002600,0.000000
2781,4.438126,1.460899,1.477300,1.373800,1148.000000,646399973.000000,1140539392.000000,252489728.000000,1277288448.000000,0.000600,0.000000,0.000000,0.000000,0.009500,0.000000,0.109800,0.000000,0.000000,0.000000,0.002800,0.000000
2782,4.440189,2.064704,2.063300,1.976500,1148.000000,646404525.000000,1140539392.000000,252489728.000000,1277288448.000000,0.000600,0.000000,0.000000,0.000000,0.009700,0.000000,0.070400,0.000000,0.000000,0.000000,0.002900,0.000000
2783,4.441394,1.237698,1.245400,1.162600,1148.000000,646407701.000000,1140539392.000000,252489728.000000,1277288448.000000,0.000700,0.000000,0.000000,0.000000,0.007800,0.000000,0.076600,0.000000,0.000000,0.000000,0.003000,0.000000
2784,4.442818,1.386997,1.367900,1.291500,1148.000000,646410291.000000,1140539392.000000,252489728.000000,1277288448.000000,0.000600,0.000000,0.000000,0.000000,0.006900,0.000000,0.224700,0.000000,0.000000,0.000000,0.002400,0.000000
2785,4.444098,1.307504,1.305900,1.215700,1148.000000,646407869.000000,1140539392.000000,252489728.000000,1277288448.000000,0.000700,0.000000,0.000000,0.000000,0.009800,0.000000,0.102800,0.000000,0.000000,0.000000,0.003400,0.000000
2786,4.445388,1.309595,1.319500,1.230000,1200.000000,646407909.000000,1140539392.000000,252489728.000000,1277288448.000000,0.000700,0.000000,0.000000,0.000000,0.007400,0.000000,0.120000,0.000000,0.000000,0.000000,0.003100,0.000000
2787,4.448262,2.837302,2.817900,2.738800,1148.000000,646410946.000000,1140539392.000000,252489728.000000,1277288448.000000,0.000600,0.000000,0.000000,0.000000,0.007200,0.000000,0.012000,0.000000,0.000000,0.000000,0.002600,0.000000
2788,4.451992,3.704301,3.688300,3.583300,1148.000000,646417074.000000,1140539392.000000,252489728.000000,1277288448.000000,3.197400,0.046500,0.014100,3.079300,0.009900,0.020100,0.011500,0.000500,0.000600,0.019400,0.003000,0.000000
2789,4.453836,1.851198,1.862700,1.754200,1148.000000,646413869.000000,1140539392.000000,252489728.000000,1277288448.000000,0.000600,0.000000,0.000000,0.000000,0.009800,0.000000,0.113900,0.000000,0.000000,0.000000,0.003100,0.000000
2790,4.455336,1.354202,1.358300,1.267600,1148.000000,646416749.000000,1140539392.000000,252489728.000000,1277288448.000000,0.000700,0.000000,0.000000,0.000000,0.010400,0.000000,0.105700,0.000000,0.000000,0.000000,0.003500,0.000000
2791,4.457786,2.615002,2.612700,2.528400,1148.000000,646414589.000000,1140539392.000000,252489728.000000,1277288448.000000,0.000600,0.000000,0.000000,0.000000,0.009200,0.000000,0.160500,0.000000,0.000000,0.000000,0.004000,0.000000
2792,4.458969,1.199001,1.204600,1.123000,1148.000000,646416994.000000,1140539392.000000,252489728.000000,1277288448.000000,0.000600,0.000000,0.000000,0.000000,0.008300,0.000000,0.108500,0.000000,0.000000,0.000000,0.003000,0.000000
2793,4.460553,1.357001,1.346800,1.267700,1148.000000,646417509.000000,1140539392.000000,252489728.000000,1277288448.000000,0.000700,0.000000,0.000000,0.000000,0.007500,0.000000,0.089700,0.000000,0.000000,0.000000,0.002600,0.000000
2794,4.461823,1.493899,1.495900,1.410200,1148.000000,646417981.000000,1140539392.000000,252489728.000000,1277288448.000000,0.000700,0.000000,0.000000,0.000000,0.010600,0.000000,0.081700,0.000000,0.000000,0.000000,0.006000,0.000000
2795,4.465218,3.362698,3.345500,3.260900,1148.000000,646421701.000000,1140539392.000000,252489728.000000,1277288448.000000,0.000600,0.000000,0.000000,0.000000,0.009200,0.000000,1.213800,0.000000,0.000000,0.000000,0.002800,0.000000
2796,4.468523,3.323498,3.330000,3.235400,1148.000000,646425714.000000,1140539392.000000,252489728.000000,1277288448.000000,2.870200,0.048400,0.016200,2.755300,0.010500,0.018900,0.009400,0.000600,0.000600,0.015400,0.003700,0.000000
2797,4.470141,1.626800,1.625400,1.539600,1148.000000,646422677.000000,1140539392.000000,252489728.000000,1277288448.000000,0.000600,0.000000,0.000000,0.000000,0.008500,0.000000,0.083300,0.000000,0.000000,0.000000,0.002800,0.000000
2798,4.472494,2.371301,2.378200,2.293500,1148.000000,646423165.000000,1140539392.000000,252489728.000000,1277288448.000000,0.000700,0.000000,0.000000,0.000000,0.008800,0.000000,0.165500,0.000000,0.000000,0.000000,0.002700,0.000000
2799,4.474490,1.175198,1.139200,1.065800,1148.000000,646426845.000000,1140539392.000000,252489728.000000,1277288448.000000,0.000600,0.000000,0.000000,0.000000,0.007700,0.000000,0.082600,0.000000,0.000000,0.000000,0.002300,0.000000
2800,4.475691,2.015405,2.037900,1.925700,1148.000000,646425989.000000,1140539392.000000,252489728.000000,1277288448.000000,0.000600,0.000000,0.000000,0.000000,0.006700,0.000000,0.105300,0.000000,0.000000,0.000000,0.002600,0.000000
2801,4.477580,1.891794,1.890400,1.801300,1148.000000,646428475.000000,1140539392.000000,252489728.000000,1277288448.000000,0.000500,0.000000,0.000000,0.000000,0.008000,0.000000,0.564500,0.000000,0.000000,0.000000,0.002900,0.000000
2802,4.478975,1.378607,1.380300,1.296700,1148.000000,646426037.000000,1140539392.000000,252489728.000000,1277288448.000000,0.000500,0.000000,0.000000,0.000000,0.008900,0.000000,0.106100,0.000000,0.000000,0.000000,0.003100,0.000000
2803,4.480659,1.293800,1.233100,1.155200,1148.000000,646426061.000000,1140539392.000000,252489728.000000,1277288448.000000,0.000600,0.000000,0.000000,0.000000,0.008500,0.000000,0.123700,0.000000,0.000000,0.000000,0.002800,0.000000
2804,4.483722,3.448597,3.493400,3.356200,1148.000000,646430386.000000,1140539392.000000,252489728.000000,1277288448.000000,2.504400,0.045600,0.018400,2.383200,0.008400,0.022000,0.010100,0.000700,0.000500,0.017500,0.005900,0.000000
2805,4.485288,1.561600,1.560800,1.470100,1148.000000,646431229.000000,1140539392.000000,252489728.000000,1277288448.000000,0.000600,0.000000,0.000000,0.000000,0.010200,0.000000,0.320200,0.000000,0.000000,0.000000,0.002700,0.000000
2806,4.486687,1.432398,1.427400,1.339700,1148.000000,646434805.000000,1140539392.000000,252489728.000000,1277288448.000000,0.000700,0.000000,0.000000,0.000000,0.009500,0.000000,0.229400,0.000000,0.000000,0.000000,0.002900,0.000000
2807,4.489608,2.899001,2.906700,2.815400,1148.000000,646431357.000000,1140539392.000000,252489728.000000,1277288448.000000,0.000700,0.000000,0.000000,0.000000,0.007400,0.000000,0.088500,0.000000,0.000000,0.000000,0.003100,0.000000
2808,4.491862,2.236798,2.223200,2.139600,1148.000000,646434533.000000,1140539392.000000,252489728.000000,1277353984.000000,0.000600,0.000000,0.000000,0.000000,0.007300,0.000000,0.121000,0.000000,0.000000,0.000000,0.002800,0.000000
2809,4.492994,1.164704,1.176000,1.085400,1148.000000,646434557.000000,1140539392.000000,252489728.000000,1277353984.000000,0.000600,0.000000,0.000000,0.000000,0.010200,0.000000,0.073700,0.000000,0.000000,0.000000,0.002700,0.000000
2810,4.495085,2.089399,2.086300,2.008300,1148.000000,646438677.000000,1140539392.000000,252489728.000000,1277353984.000000,0.000500,0.000000,0.000000,0.000000,0.006400,0.000000,0.204600,0.000000,0.000000,0.000000,0.002400,0.000000
2811,4.496523,1.406101,1.388100,1.303600,1148.000000,646438189.000000,1140539392.000000,252489728.000000,1277353984.000000,0.000700,0.000000,0.000000,0.000000,0.007100,0.000000,0.183900,0.000000,0.000000,0.000000,0.002500,0.000000
2812,4.498362,1.875099,1.890600,1.802700,1148.000000,646438725.000000,1140539392.000000,252489728.000000,1277353984.000000,0.000500,0.000000,0.000000,0.000000,0.009700,0.000000,0.083200,0.000000,0.000000,0.000000,0.003300,0.000000
2813,4.502503,4.113202,4.093800,4.014400,1148.000000,646447619.000000,1140539392.000000,252489728.000000,1277353984.000000,3.684500,0.054200,0.015000,3.560100,0.006500,0.025400,0.010300,0.000500,0.000600,0.014500,0.002300,0.000000
2814,4.505329,2.817595,2.826700,2.734400,1148.000000,646445245.000000,1140539392.000000,252489728.000000,1277353984.000000,0.000800,0.000000,0.000000,0.000000,0.009000,0.000000,0.096800,0.000000,0.000000,0.000000,0.003000,0.000000
2815,4.506589,1.296804,1.295500,1.215700,1148.000000,646444829.000000,1140539392.000000,252489728.000000,1277353984.000000,0.000700,0.000000,0.000000,0.000000,0.020000,0.000000,0.133100,0.000000,0.000000,0.000000,0.002900,0.000000
2816,4.508491,1.889399,1.879400,1.796800,1148.000000,646451411.000000,1140539392.000000,252489728.000000,1277353984.000000,0.000700,0.000000,0.000000,0.000000,0.006700,0.000000,0.143600,0.000000,0.000000,0.000000,0.002400,0.000000
2817,4.511007,2.513903,2.515000,2.424400,1148.000000,646443845.000000,1140539392.000000,252489728.000000,1277353984.000000,0.000600,0.000000,0.000000,0.000000,0.007900,0.000000,0.187700,0.000000,0.000000,0.000000,0.003100,0.000000
2818,4.512848,1.847399,1.847900,1.765300,1148.000000,646443869.000000,1140539392.000000,252489728.000000,1277353984.000000,0.000600,0.000000,0.000000,0.000000,0.008500,0.000000,0.076100,0.000000,0.000000,0.000000,0.003000,0.000000
2819,4.514417,1.564498,1.564200,1.483400,1148.000000,646446355.000000,1140539392.000000,252489728.000000,1277353984.000000,0.000600,0.000000,0.000000,0.000000,0.008100,0.000000,0.202700,0.000000,0.000000,0.000000,0.002600,0.000000
2820,4.518721,4.278097,4.012700,3.929600,1148.000000,646450673.000000,1140539392.000000,252489728.000000,1277353984.000000,3.593000,0.045600,0.012800,3.485400,0.007200,0.019100,0.010300,0.000600,0.000500,0.014400,0.002800,0.000000
2821,4.520066,1.311501,1.569400,1.230200,1148.000000,646452525.000000,1140539392.000000,252489728.000000,1277353984.000000,0.000600,0.000000,0.000000,0.000000,0.010300,0.000000,0.089200,0.000000,0.000000,0.000000,0.002600,0.000000
2822,4.522095,2.087302,2.084200,2.004900,1148.000000,646454741.000000,1140539392.000000,252489728.000000,1277353984.000000,0.000600,0.000000,0.000000,0.000000,0.019100,0.000000,0.089100,0.000000,0.000000,0.000000,0.003400,0.000000
2823,4.523258,1.157497,1.157900,1.077200,1148.000000,646452629.000000,1140539392.000000,252489728.000000,1277353984.000000,0.000700,0.000000,0.000000,0.000000,0.009100,0.000000,0.105100,0.000000,0.000000,0.000000,0.002500,0.000000
2824,4.524360,1.100503,1.101700,1.025400,1148.000000,646451957.000000,1140539392.000000,252489728.000000,1277353984.000000,0.000700,0.000000,0.000000,0.000000,0.008400,0.000000,0.060700,0.000000,0.000000,0.000000,0.003200,0.000000
2825,4.526278,1.909396,1.897000,1.820500,1148.000000,646451941.000000,1140539392.000000,252489728.000000,1277353984.000000,0.000700,0.000000,0.000000,0.000000,0.007200,0.000000,0.119100,0.000000,0.000000,0.000000,0.002900,0.000000
2826,4.530023,3.776304,3.777800,3.693100,1148.000000,646451965.000000,1140539392.000000,252489728.000000,1277353984.000000,0.000600,0.000000,0.000000,0.000000,0.010000,0.000000,0.196800,0.000000,0.000000,0.000000,0.002900,0.000000
2827,4.533478,3.449497,3.447200,3.366700,1148.000000,646461785.000000,1140539392.000000,252489728.000000,1277353984.000000,3.083500,0.040600,0.016600,2.982700,0.007100,0.018400,0.009100,0.000600,0.000400,0.011600,0.002500,0.000000
2828,4.535019,1.519104,1.517100,1.434000,1148.000000,646456493.000000,1140539392.000000,252489728.000000,1277353984.000000,0.000700,0.000000,0.000000,0.000000,0.009000,0.000000,0.078400,0.000000,0.000000,0.000000,0.002500,0.000000
2829,4.536502,1.480697,1.474800,1.393500,1148.000000,646456525.000000,1140539392.000000,252489728.000000,1277353984.000000,0.000600,0.000000,0.000000,0.000000,0.008300,0.000000,0.131500,0.000000,0.000000,0.000000,0.002500,0.000000
2830,4.538117,1.636302,1.627900,1.546700,1148.000000,646459427.000000,1140539392.000000,252489728.000000,1277353984.000000,0.000700,0.000000,0.000000,0.000000,0.009500,0.000000,0.588600,0.000000,0.000000,0.000000,0.003200,0.000000
2831,4.540210,2.015200,2.018500,1.926900,1148.000000,646456261.000000,1140539392.000000,252489728.000000,1277353984.000000,0.000700,0.000000,0.000000,0.000000,0.007300,0.000000,0.072800,0.000000,0.000000,0.000000,0.002600,0.000000
2832,4.542302,2.167000,2.163600,2.079800,1148.000000,646456709.000000,1140539392.000000,252489728.000000,1277353984.000000,0.000700,0.000000,0.000000,0.000000,0.009400,0.000000,0.234100,0.000000,0.000000,0.000000,0.004100,0.000000
2833,4.545610,3.282100,3.276100,3.190200,1148.000000,646460405.000000,1140539392.000000,252489728.000000,1277353984.000000,0.000600,0.000000,0.000000,0.000000,0.007700,0.000000,0.243800,0.000000,0.000000,0.000000,0.003000,0.000000
2834,4.547875,2.270699,2.268600,2.180300,1148.000000,646464533.000000,1140539392.000000,252489728.000000,1277353984.000000,0.000700,0.000000,0.000000,0.000000,0.008400,0.000000,0.171400,0.000000,0.000000,0.000000,0.003400,0.000000
2835,4.552589,4.713102,4.711800,4.625200,1148.000000,646468354.000000,1140539392.000000,252489728.000000,1277353984.000000,4.273900,0.046800,0.013300,4.166500,0.009500,0.020500,0.009000,0.000600,0.000500,0.012700,0.003300,0.000000
2836,4.553648,1.091100,1.103200,1.019200,1148.000000,646464565.000000,1140539392.000000,252489728.000000,1277353984.000000,0.000600,0.000000,0.000000,0.000000,0.010300,0.000000,0.065100,0.000000,0.000000,0.000000,0.002900,0.000000
2837,4.554968,1.289300,1.266300,1.193300,1148.000000,646464589.000000,1140539392.000000,252489728.000000,1277353984.000000,0.000600,0.000000,0.000000,0.000000,0.006300,0.000000,0.117500,0.000000,0.000000,0.000000,0.002600,0.000000
2838,4.557500,2.530301,2.534500,2.442800,1148.000000,646470901.000000,1140539392.000000,252489728.000000,1277353984.000000,0.000700,0.000000,0.000000,0.000000,0.008900,0.000000,0.099800,0.000000,0.000000,0.000000,0.002800,0.000000
2839,4.558746,1.289994,1.299700,1.217000,1148.000000,646468381.000000,1140539392.000000,252489728.000000,1277353984.000000,0.000600,0.000000,0.000000,0.000000,0.008600,0.000000,0.208000,0.000000,0.000000,0.000000,0.003000,0.000000
2840,4.560520,1.694905,1.599500,1.525100,1148.000000,646468405.000000,1140539392.000000,252489728.000000,1277353984.000000,0.000600,0.000000,0.000000,0.000000,0.006200,0.000000,0.100600,0.000000,0.000000,0.000000,0.002500,0.000000
2841,4.561691,1.210601,1.285200,1.121500,1148.000000,646468429.000000,1140539392.000000,252489728.000000,1277353984.000000,0.000600,0.000000,0.000000,0.000000,0.011000,0.000000,0.081800,0.000000,0.000000,0.000000,0.003600,0.000000
2842,4.565120,3.431796,3.437900,3.349600,1148.000000,646468453.000000,1140539392.000000,252489728.000000,1277353984.000000,0.000600,0.000000,0.000000,0.000000,0.009000,0.000000,0.104500,0.000000,0.000000,0.000000,0.002800,0.000000
2843,4.572856,7.708900,7.675200,7.587600,1148.000000,646471899.000000,1140539392.000000,252489728.000000,1277353984.000000,7.220400,0.065900,0.014400,7.085300,0.008600,0.020800,0.009300,0.000600,0.000800,0.016800,0.002800,0.000000
2844,4.573848,1.049199,1.086200,0.978500,1148.000000,646473557.000000,1140539392.000000,252489728.000000,1277353984.000000,0.000700,0.000000,0.000000,0.000000,0.011600,0.000000,0.059300,0.000000,0.000000,0.000000,0.002800,0.000000
2845,4.575895,2.004401,1.983900,1.909700,1148.000000,646473157.000000,1140539392.000000,252489728.000000,1277353984.000000,0.000500,0.000000,0.000000,0.000000,0.005900,0.000000,0.141200,0.000000,0.000000,0.000000,0.002400,0.000000
2846,4.576937,1.075198,1.091200,1.004200,1148.000000,646477717.000000,1140539392.000000,252489728.000000,1277353984.000000,0.000700,0.000000,0.000000,0.000000,0.009700,0.000000,0.062400,0.000000,0.000000,0.000000,0.003000,0.000000
2847,4.579226,2.283603,2.275500,2.203900,1148.000000,646476893.000000,1140539392.000000,252489728.000000,1277353984.000000,0.000600,0.000000,0.000000,0.000000,0.007600,0.000000,0.267000,0.000000,0.000000,0.000000,0.002600,0.000000
2848,4.580436,1.219997,1.221400,1.146500,1148.000000,646476925.000000,1140539392.000000,252489728.000000,1277353984.000000,0.000600,0.000000,0.000000,0.000000,0.007600,0.000000,0.067500,0.000000,0.000000,0.000000,0.002500,0.000000
2849,4.584848,3.538606,3.511800,3.437300,1148.000000,646487689.000000,1140539392.000000,252489728.000000,1277353984.000000,3.139900,0.058500,0.015100,3.017900,0.006100,0.018200,0.009100,0.000500,0.000400,0.014700,0.002300,0.000000
2850,4.585453,1.464895,1.476300,1.379200,1148.000000,646481205.000000,1140539392.000000,252489728.000000,1277353984.000000,0.000700,0.000000,0.000000,0.000000,0.009600,0.000000,0.019600,0.000000,0.000000,0.000000,0.004600,0.000000
2851,4.586456,1.018601,1.024200,0.940700,1148.000000,646481757.000000,1140539392.000000,252489728.000000,1277353984.000000,0.000600,0.000000,0.000000,0.000000,0.009100,0.000000,0.034800,0.000000,0.000000,0.000000,0.002500,0.000000
2852,4.588801,2.322102,2.297000,2.220900,1148.000000,646481765.000000,1140539392.000000,252489728.000000,1277353984.000000,0.000600,0.000000,0.000000,0.000000,0.007000,0.000000,0.049100,0.000000,0.000000,0.000000,0.002600,0.000000
2853,4.590150,1.265901,1.279500,1.182300,1148.000000,646480845.000000,1140539392.000000,252489728.000000,1277353984.000000,0.000700,0.000000,0.000000,0.000000,0.008600,0.000000,0.077600,0.000000,0.000000,0.000000,0.002700,0.000000
2854,4.592288,2.212798,2.211600,2.129800,1148.000000,646483061.000000,1140539392.000000,252489728.000000,1277353984.000000,0.000600,0.000000,0.000000,0.000000,0.062400,0.000000,0.132200,0.000000,0.000000,0.000000,0.004200,0.000000
2855,4.593417,1.156902,1.158800,1.078900,1148.000000,646484989.000000,1140539392.000000,252489728.000000,1277353984.000000,0.000500,0.000000,0.000000,0.000000,0.009100,0.000000,0.096100,0.000000,0.000000,0.000000,0.002800,0.000000
2856,4.595829,2.396096,2.386400,2.308900,1148.000000,646489109.000000,1140539392.000000,252489728.000000,1277353984.000000,0.000600,0.000000,0.000000,0.000000,0.006300,0.000000,0.238400,0.000000,0.000000,0.000000,0.002400,0.000000
2857,4.597881,2.036302,2.033800,1.947800,1148.000000,646489133.000000,1140539392.000000,252489728.000000,1277353984.000000,0.000700,0.000000,0.000000,0.000000,0.008300,0.000000,0.944100,0.000000,0.000000,0.000000,0.002800,0.000000
2858,4.602001,4.116504,4.107100,4.022000,1148.000000,646495497.000000,1140539392.000000,252489728.000000,1277353984.000000,3.673000,0.054000,0.014300,3.561100,0.009600,0.020100,0.010200,0.000600,0.000500,0.015300,0.003000,0.000000
2859,4.603341,1.357299,1.363800,1.275400,1148.000000,646494229.000000,1140539392.000000,252489728.000000,1277353984.000000,0.000600,0.000000,0.000000,0.000000,0.010500,0.000000,0.063500,0.000000,0.000000,0.000000,0.003100,0.000000
2860,4.605033,1.692800,1.693400,1.612100,1148.000000,646494245.000000,1140539392.000000,252489728.000000,1277353984.000000,0.000600,0.000000,0.000000,0.000000,0.009000,0.000000,0.172100,0.000000,0.000000,0.000000,0.002700,0.000000
2861,4.607112,2.059595,2.022600,1.939600,1148.000000,646498365.000000,1140539392.000000,252489728.000000,1277353984.000000,0.000700,0.000000,0.000000,0.000000,0.008100,0.000000,0.050200,0.000000,0.000000,0.000000,0.002600,0.000000
2862,4.609126,1.180903,1.212000,1.102800,1148.000000,646497909.000000,1140539392.000000,252489728.000000,1277353984.000000,0.000600,0.000000,0.000000,0.000000,0.009700,0.000000,0.097900,0.000000,0.000000,0.000000,0.003100,0.000000
2863,4.609881,1.626800,1.620800,1.542500,1148.000000,646497957.000000,1140539392.000000,252489728.000000,1277353984.000000,0.000700,0.000000,0.000000,0.000000,0.008600,0.000000,0.349600,0.000000,0.000000,0.000000,0.005200,0.000000
2864,4.611493,1.611104,1.613300,1.531900,1148.000000,646497133.000000,1140539392.000000,252489728.000000,1277353984.000000,0.000600,0.000000,0.000000,0.000000,0.007100,0.000000,0.087400,0.000000,0.000000,0.000000,0.002900,0.000000
2865,4.613209,1.669898,1.659700,1.581000,1148.000000,646496645.000000,1140539392.000000,252489728.000000,1277353984.000000,0.000600,0.000000,0.000000,0.000000,0.007800,0.000000,0.499400,0.000000,0.000000,0.000000,0.002300,0.000000
2866,4.614546,1.379096,1.379500,1.294300,1148.000000,646504050.000000,1140539392.000000,252489728.000000,1277419520.000000,0.000700,0.000000,0.000000,0.000000,0.009400,0.000000,0.011800,0.000000,0.000000,0.000000,0.003200,0.000000
2867,4.618441,3.869501,3.848800,3.762300,1148.000000,646504930.000000,1140539392.000000,252489728.000000,1277419520.000000,3.422800,0.044800,0.013100,3.311400,0.007400,0.021400,0.010200,0.000600,0.000600,0.017200,0.002900,0.000000
2868,4.620062,1.568204,1.570300,1.470300,1148.000000,646501893.000000,1140539392.000000,252489728.000000,1277423616.000000,0.000700,0.000000,0.000000,0.000000,0.009400,0.000000,0.081700,0.000000,0.000000,0.000000,0.003500,0.000000
2869,4.621279,1.269296,1.276700,1.182300,1148.000000,646501917.000000,1140539392.000000,252489728.000000,1277423616.000000,0.000800,0.000000,0.000000,0.000000,0.010400,0.000000,0.065900,0.000000,0.000000,0.000000,0.005100,0.000000
2870,4.622444,1.187698,1.195700,1.113500,1148.000000,646504693.000000,1140539392.000000,252489728.000000,1277423616.000000,0.000700,0.000000,0.000000,0.000000,0.007200,0.000000,0.063500,0.000000,0.000000,0.000000,0.002600,0.000000
2871,4.625679,2.767800,2.743100,2.664800,1148.000000,646504019.000000,1140539392.000000,252489728.000000,1277423616.000000,0.000400,0.000000,0.000000,0.000000,0.006400,0.000000,0.012400,0.000000,0.000000,0.000000,0.002400,0.000000
2872,4.626621,1.384503,1.392000,1.295400,1148.000000,646509773.000000,1140539392.000000,252489728.000000,1277423616.000000,0.001000,0.000000,0.000000,0.000000,0.009400,0.000000,0.104200,0.000000,0.000000,0.000000,0.004500,0.000000
2873,4.628043,1.416504,1.412400,1.324700,1148.000000,646509797.000000,1140539392.000000,252489728.000000,1277423616.000000,0.000700,0.000000,0.000000,0.000000,0.009300,0.000000,0.014000,0.000000,0.000000,0.000000,0.003100,0.000000
2874,4.631323,3.249199,3.150000,3.060500,1148.000000,646509821.000000,1140539392.000000,252489728.000000,1277423616.000000,0.000700,0.000000,0.000000,0.000000,0.009500,0.000000,0.114600,0.000000,0.000000,0.000000,0.003300,0.000000
2875,4.634878,3.584198,3.670600,3.488900,1148.000000,646513746.000000,1140539392.000000,252489728.000000,1277423616.000000,3.078300,0.060100,0.017700,2.951700,0.012000,0.020100,0.010300,0.000700,0.000900,0.012800,0.003800,0.000000
2876,4.636436,1.548101,1.551800,1.455700,1148.000000,646510493.000000,1140539392.000000,252489728.000000,1277427712.000000,0.000600,0.000000,0.000000,0.000000,0.009000,0.000000,0.079500,0.000000,0.000000,0.000000,0.003100,0.000000
2877,4.637964,1.552898,1.555800,1.469200,1148.000000,646515069.000000,1140539392.000000,252489728.000000,1277427712.000000,0.000700,0.000000,0.000000,0.000000,0.009600,0.000000,0.123500,0.000000,0.000000,0.000000,0.002800,0.000000
2878,4.640256,2.197598,2.129700,2.039900,1148.000000,646514669.000000,1140539392.000000,252489728.000000,1277427712.000000,0.000700,0.000000,0.000000,0.000000,0.008900,0.000000,0.068200,0.000000,0.000000,0.000000,0.002800,0.000000
2879,4.641486,1.307306,1.335100,1.188000,1148.000000,646513677.000000,1140539392.000000,252489728.000000,1277427712.000000,0.000900,0.000000,0.000000,0.000000,0.013600,0.000000,0.080900,0.000000,0.000000,0.000000,0.005300,0.000000
2880,4.642576,1.116695,1.152300,1.037800,1148.000000,646513701.000000,1140539392.000000,252489728.000000,1277427712.000000,0.000700,0.000000,0.000000,0.000000,0.009800,0.000000,0.074100,0.000000,0.000000,0.000000,0.003400,0.000000
2881,4.644685,2.069799,2.034900,1.950800,1148.000000,646513725.000000,1140539392.000000,252489728.000000,1277427712.000000,0.000700,0.000000,0.000000,0.000000,0.007900,0.000000,0.802600,0.000000,0.000000,0.000000,0.002800,0.000000
2882,4.646013,1.353600,1.380400,1.269500,1200.000000,646513749.000000,1140539392.000000,252489728.000000,1277427712.000000,0.000700,0.000000,0.000000,0.000000,0.010900,0.000000,0.093800,0.000000,0.000000,0.000000,0.003300,0.000000
2883,4.649370,3.364201,3.359600,3.277500,1148.000000,646517869.000000,1140539392.000000,252489728.000000,1277427712.000000,0.000700,0.000000,0.000000,0.000000,0.009100,0.000000,2.189400,0.000000,0.000000,0.000000,0.002800,0.000000
2884,4.655634,6.222003,6.191600,6.101400,1148.000000,646522114.000000,1140539392.000000,252489728.000000,1277431808.000000,5.711600,0.049300,0.014400,5.593100,0.008600,0.021300,0.012100,0.000600,0.000600,0.017700,0.002600,0.000000
2885,4.657728,2.126602,2.150500,2.041200,1148.000000,646523101.000000,1140539392.000000,252489728.000000,1277431808.000000,0.000700,0.000000,0.000000,0.000000,0.011900,0.000000,0.151300,0.000000,0.000000,0.000000,0.003300,0.000000
2886,4.659017,1.325099,1.329200,1.247400,1148.000000,646525317.000000,1140539392.000000,252489728.000000,1277431808.000000,0.000600,0.000000,0.000000,0.000000,0.009000,0.000000,0.105600,0.000000,0.000000,0.000000,0.003100,0.000000
2887,4.660713,1.665901,1.661200,1.583700,1148.000000,646525611.000000,1140539392.000000,252489728.000000,1277431808.000000,0.000600,0.000000,0.000000,0.000000,0.006600,0.000000,0.122600,0.000000,0.000000,0.000000,0.002600,0.000000
2888,4.661993,1.301297,1.298900,1.221700,1148.000000,646522109.000000,1140539392.000000,252489728.000000,1277431808.000000,0.000600,0.000000,0.000000,0.000000,0.006500,0.000000,0.114700,0.000000,0.000000,0.000000,0.003200,0.000000
2889,4.664968,2.983504,2.981100,2.899500,1148.000000,646526229.000000,1140539392.000000,252489728.000000,1277431808.000000,0.000600,0.000000,0.000000,0.000000,0.006100,0.000000,1.900700,0.000000,0.000000,0.000000,0.002700,0.000000
2890,4.669483,4.481201,4.471800,4.389400,1148.000000,646533041.000000,1140539392.000000,252489728.000000,1277431808.000000,4.085800,0.041300,0.016200,3.978500,0.006600,0.020700,0.010400,0.000500,0.000500,0.014600,0.002600,0.000000
2891,4.670820,1.295798,1.303200,1.215200,1148.000000,646528061.000000,1140539392.000000,252489728.000000,1277431808.000000,0.000600,0.000000,0.000000,0.000000,0.009500,0.000000,0.082500,0.000000,0.000000,0.000000,0.003300,0.000000
2892,4.672791,2.021103,2.009100,1.932100,1148.000000,646527213.000000,1140539392.000000,252489728.000000,1277435904.000000,0.000700,0.000000,0.000000,0.000000,0.009000,0.000000,0.088500,0.000000,0.000000,0.000000,0.004500,0.000000
2893,4.674016,1.216497,1.214600,1.127500,1148.000000,646527237.000000,1140539392.000000,252489728.000000,1277435904.000000,0.000600,0.000000,0.000000,0.000000,0.007200,0.000000,0.118600,0.000000,0.000000,0.000000,0.003300,0.000000
2894,4.675363,1.340604,1.341200,1.253000,1148.000000,646530669.000000,1140539392.000000,252489728.000000,1277435904.000000,0.000700,0.000000,0.000000,0.000000,0.008700,0.000000,0.090500,0.000000,0.000000,0.000000,0.003000,0.000000
2895,4.677679,2.339697,2.339400,2.254300,1148.000000,646530269.000000,1140539392.000000,252489728.000000,1277435904.000000,0.000700,0.000000,0.000000,0.000000,0.009600,0.000000,0.102600,0.000000,0.000000,0.000000,0.003000,0.000000
2896,4.679964,2.238400,2.228900,2.146600,1148.000000,646530717.000000,1140539392.000000,252489728.000000,1277435904.000000,0.000600,0.000000,0.000000,0.000000,0.008200,0.000000,0.111900,0.000000,0.000000,0.000000,0.003100,0.000000
2897,4.683172,3.261898,3.272600,3.184600,1148.000000,646540465.000000,1140539392.000000,252489728.000000,1277435904.000000,2.832600,0.042900,0.012700,2.736100,0.009400,0.015900,0.009600,0.000600,0.000500,0.011400,0.002900,0.000000
2898,4.686085,2.792000,1.859500,1.782200,1148.000000,646535197.000000,1140539392.000000,252489728.000000,1277435904.000000,0.000600,0.000000,0.000000,0.000000,0.008300,0.000000,0.057100,0.000000,0.000000,0.000000,0.003100,0.000000
2899,4.686750,0.710105,1.500400,1.402900,1148.000000,646534709.000000,1140539392.000000,252489728.000000,1277435904.000000,0.000600,0.000000,0.000000,0.000000,0.008400,0.000000,0.011200,0.000000,0.000000,0.000000,0.004400,0.000000
2900,4.688911,2.232001,2.364300,2.157700,1148.000000,646539341.000000,1140539392.000000,252489728.000000,1277440000.000000,0.000700,0.000000,0.000000,0.000000,0.012300,0.000000,0.116700,0.000000,0.000000,0.000000,0.004700,0.000000
2901,4.691291,2.380194,2.359900,2.281000,1148.000000,646538629.000000,1140539392.000000,252489728.000000,1277440000.000000,0.000600,0.000000,0.000000,0.000000,0.007600,0.000000,0.167300,0.000000,0.000000,0.000000,0.003200,0.000000
2902,4.692974,1.662500,1.671500,1.576500,1148.000000,646540845.000000,1140539392.000000,252489728.000000,1277440000.000000,0.000700,0.000000,0.000000,0.000000,0.008200,0.000000,0.052300,0.000000,0.000000,0.000000,0.002900,0.000000
2903,4.694725,1.743800,1.731400,1.611800,1148.000000,646538677.000000,1140539392.000000,252489728.000000,1277440000.000000,0.000600,0.000000,0.000000,0.000000,0.009300,0.000000,0.103400,0.000000,0.000000,0.000000,0.003000,0.000000
2904,4.696429,1.707603,1.715200,1.625000,1148.000000,646538701.000000,1140539392.000000,252489728.000000,1277440000.000000,0.000700,0.000000,0.000000,0.000000,0.009800,0.000000,0.123300,0.000000,0.000000,0.000000,0.003400,0.000000
2905,4.697542,1.147697,1.153800,1.073800,1148.000000,646542829.000000,1140539392.000000,252489728.000000,1277440000.000000,0.000600,0.000000,0.000000,0.000000,0.009000,0.000000,0.076900,0.000000,0.000000,0.000000,0.002800,0.000000
2906,4.700973,3.378302,3.363800,3.287100,1148.000000,646547082.000000,1140539392.000000,252489728.000000,1277440000.000000,2.980200,0.046400,0.012300,2.874100,0.006400,0.017500,0.009000,0.000500,0.000400,0.015600,0.002300,0.000000
2907,4.702771,1.812202,1.809900,1.724900,1148.000000,646543293.000000,1140539392.000000,252489728.000000,1277440000.000000,0.000600,0.000000,0.000000,0.000000,0.008800,0.000000,0.094400,0.000000,0.000000,0.000000,0.002900,0.000000
2908,4.703978,1.247598,1.251700,1.150700,1148.000000,646543741.000000,1140539392.000000,252489728.000000,1277440000.000000,0.000700,0.000000,0.000000,0.000000,0.009200,0.000000,0.127500,0.000000,0.000000,0.000000,0.003000,0.000000
2909,4.705663,1.650397,1.642700,1.564600,1148.000000,646543341.000000,1140539392.000000,252489728.000000,1277440000.000000,0.000700,0.000000,0.000000,0.000000,0.007600,0.000000,0.075800,0.000000,0.000000,0.000000,0.002700,0.000000
2910,4.707386,1.751800,1.752800,1.667100,1148.000000,646547117.000000,1140539392.000000,252489728.000000,1277440000.000000,0.000500,0.000000,0.000000,0.000000,0.008900,0.000000,0.105300,0.000000,0.000000,0.000000,0.002700,0.000000
2911,4.709605,2.195500,2.191400,2.109800,1148.000000,646550797.000000,1140539392.000000,252489728.000000,1277440000.000000,0.000600,0.000000,0.000000,0.000000,0.007100,0.000000,0.198000,0.000000,0.000000,0.000000,0.002500,0.000000
2912,4.711216,1.597704,1.589200,1.505100,1148.000000,646550821.000000,1140539392.000000,252489728.000000,1277440000.000000,0.000600,0.000000,0.000000,0.000000,0.008400,0.000000,0.177800,0.000000,0.000000,0.000000,0.002600,0.000000
2913,4.712373,1.188499,1.199100,1.114400,1148.000000,646550845.000000,1140539392.000000,252489728.000000,1277440000.000000,0.000800,0.000000,0.000000,0.000000,0.010100,0.000000,0.095900,0.000000,0.000000,0.000000,0.003300,0.000000
2914,4.715177,2.772499,2.757500,2.682100,1148.000000,646550869.000000,1140539392.000000,252489728.000000,1277440000.000000,0.000600,0.000000,0.000000,0.000000,0.006600,0.000000,0.098100,0.000000,0.000000,0.000000,0.002500,0.000000
2915,4.722764,7.540802,7.520700,7.427100,1148.000000,646554659.000000,1140539392.000000,252489728.000000,1277440000.000000,7.039400,0.045100,0.013100,6.929300,0.008500,0.020600,0.010300,0.000800,0.000400,0.017300,0.002900,0.000000
2916,4.723819,1.112202,1.099500,0.999300,1148.000000,646551773.000000,1140539392.000000,252489728.000000,1277440000.000000,0.000600,0.000000,0.000000,0.000000,0.012000,0.000000,0.065400,0.000000,0.000000,0.000000,0.003200,0.000000
2917,4.725667,1.817595,1.825600,1.710100,1148.000000,646555893.000000,1140539392.000000,252489728.000000,1277440000.000000,0.000600,0.000000,0.000000,0.000000,0.008800,0.000000,0.106000,0.000000,0.000000,0.000000,0.002800,0.000000
2918,4.728644,3.027105,3.014000,2.911900,1148.000000,646558109.000000,1140539392.000000,252489728.000000,1277440000.000000,0.000600,0.000000,0.000000,0.000000,0.010700,0.000000,1.845000,0.000000,0.000000,0.000000,0.003300,0.000000
2919,4.730914,2.244494,2.271000,2.158300,1148.000000,646555117.000000,1140539392.000000,252489728.000000,1277440000.000000,0.000500,0.000000,0.000000,0.000000,0.007300,0.000000,0.057600,0.000000,0.000000,0.000000,0.003000,0.000000
2920,4.734306,3.411805,3.408900,3.323800,1148.000000,646562073.000000,1140539392.000000,252489728.000000,1277440000.000000,2.993900,0.046000,0.012900,2.885400,0.009500,0.018900,0.010700,0.000500,0.000500,0.015000,0.002700,0.000000
2921,4.737197,2.790200,2.524500,2.440100,1148.000000,646555677.000000,1140539392.000000,252489728.000000,1277440000.000000,0.000600,0.000000,0.000000,0.000000,0.009300,0.000000,1.236700,0.000000,0.000000,0.000000,0.002600,0.000000
2922,4.737984,0.853394,1.125400,0.785400,1148.000000,646559797.000000,1140539392.000000,252489728.000000,1277440000.000000,0.000800,0.000000,0.000000,0.000000,0.012400,0.000000,0.059500,0.000000,0.000000,0.000000,0.005600,0.000000
2923,4.739821,1.858801,1.847600,1.773600,1148.000000,646563917.000000,1140539392.000000,252489728.000000,1277440000.000000,0.000600,0.000000,0.000000,0.000000,0.008400,0.000000,0.104800,0.000000,0.000000,0.000000,0.003200,0.000000
2924,4.740931,1.113301,1.121300,1.041000,1148.000000,646563061.000000,1140539392.000000,252489728.000000,1277440000.000000,0.000700,0.000000,0.000000,0.000000,0.009400,0.000000,0.093600,0.000000,0.000000,0.000000,0.002700,0.000000
2925,4.742057,1.147399,1.134200,1.062600,1148.000000,646563085.000000,1140539392.000000,252489728.000000,1277440000.000000,0.000800,0.000000,0.000000,0.000000,0.006400,0.000000,0.097300,0.000000,0.000000,0.000000,0.002600,0.000000
2926,4.744537,2.443105,2.436200,2.350300,1148.000000,646563549.000000,1140539392.000000,252489728.000000,1277440000.000000,0.000600,0.000000,0.000000,0.000000,0.006900,0.000000,0.137800,0.000000,0.000000,0.000000,0.002400,0.000000
2927,4.747071,2.557100,2.542900,2.453000,1148.000000,646563133.000000,1140539392.000000,252489728.000000,1277440000.000000,0.000600,0.000000,0.000000,0.000000,0.009700,0.000000,0.164200,0.000000,0.000000,0.000000,0.003000,0.000000
2928,4.751188,4.081094,4.081800,3.979000,1148.000000,646571514.000000,1140539392.000000,252489728.000000,1277505536.000000,3.645700,0.044600,0.017600,3.536700,0.008500,0.018000,0.010000,0.000500,0.000600,0.013000,0.003000,0.000000
2929,4.752731,1.576906,1.592200,1.500300,1148.000000,646568349.000000,1140539392.000000,252489728.000000,1277505536.000000,0.000700,0.000000,0.000000,0.000000,0.009000,0.000000,0.151600,0.000000,0.000000,0.000000,0.002500,0.000000
2930,4.754731,1.989399,1.979800,1.900500,1148.000000,646568373.000000,1140539392.000000,252489728.000000,1277505536.000000,0.000700,0.000000,0.000000,0.000000,0.008800,0.000000,0.850300,0.000000,0.000000,0.000000,0.002800,0.000000
2931,4.757354,2.612500,2.608800,2.523300,1148.000000,646568397.000000,1140539392.000000,252489728.000000,1277505536.000000,0.000600,0.000000,0.000000,0.000000,0.008800,0.000000,0.222800,0.000000,0.000000,0.000000,0.002900,0.000000
2932,4.758501,1.174695,1.184700,1.101300,1148.000000,646567493.000000,1140539392.000000,252489728.000000,1277505536.000000,0.000700,0.000000,0.000000,0.000000,0.009800,0.000000,0.073000,0.000000,0.000000,0.000000,0.003100,0.000000
2933,4.760661,2.101800,2.082900,2.005700,1148.000000,646571621.000000,1140539392.000000,252489728.000000,1277505536.000000,0.000600,0.000000,0.000000,0.000000,0.006300,0.000000,0.486300,0.000000,0.000000,0.000000,0.002700,0.000000
2934,4.761810,1.199199,1.205300,1.117100,1148.000000,646574917.000000,1140539392.000000,252489728.000000,1277505536.000000,0.000600,0.000000,0.000000,0.000000,0.010400,0.000000,0.067900,0.000000,0.000000,0.000000,0.003500,0.000000
2935,4.765802,4.000503,3.996000,3.912800,1148.000000,646571429.000000,1140539392.000000,252489728.000000,1277505536.000000,0.000600,0.000000,0.000000,0.000000,0.008300,0.000000,1.798500,0.000000,0.000000,0.000000,0.003000,0.000000
2936,4.770453,4.623002,4.615500,4.530700,1148.000000,646584034.000000,1140539392.000000,252489728.000000,1277505536.000000,4.200600,0.051200,0.018200,4.079600,0.007600,0.023000,0.009100,0.000500,0.000600,0.012500,0.002900,0.000000
2937,4.772302,1.858801,1.860200,1.771200,1148.000000,646581045.000000,1140539392.000000,252489728.000000,1277505536.000000,0.000700,0.000000,0.000000,0.000000,0.010400,0.000000,0.097700,0.000000,0.000000,0.000000,0.002900,0.000000
2938,4.773369,1.089597,1.096900,1.015400,1148.000000,646581069.000000,1140539392.000000,252489728.000000,1277505536.000000,0.000600,0.000000,0.000000,0.000000,0.009800,0.000000,0.071000,0.000000,0.000000,0.000000,0.003100,0.000000
2939,4.774492,1.140901,1.142400,1.070100,1148.000000,646585189.000000,1140539392.000000,252489728.000000,1277505536.000000,0.000600,0.000000,0.000000,0.000000,0.006500,0.000000,0.080500,0.000000,0.000000,0.000000,0.002500,0.000000
2940,4.781222,6.639597,6.562100,6.477400,1148.000000,646580125.000000,1140539392.000000,252489728.000000,1277509632.000000,0.000600,0.000000,0.000000,0.000000,0.005900,0.000000,3.579700,0.000000,0.000000,0.000000,0.002400,0.000000
2941,4.785560,4.355301,4.400200,4.252300,1148.000000,646589889.000000,1140539392.000000,252489728.000000,1277509632.000000,3.823600,0.043700,0.017000,3.720400,0.010400,0.017100,0.010300,0.000500,0.000500,0.011800,0.004500,0.000000
2942,4.787028,1.514102,1.530500,1.436900,1148.000000,646584997.000000,1140539392.000000,252489728.000000,1277509632.000000,0.000600,0.000000,0.000000,0.000000,0.010800,0.000000,0.099900,0.000000,0.000000,0.000000,0.002600,0.000000
2943,4.788177,1.172300,1.180000,1.103000,1148.000000,646584573.000000,1140539392.000000,252489728.000000,1277509632.000000,0.000700,0.000000,0.000000,0.000000,0.007000,0.000000,0.091800,0.000000,0.000000,0.000000,0.003000,0.000000
2944,4.790525,2.322201,2.297300,2.225000,1148.000000,646587059.000000,1140539392.000000,252489728.000000,1277509632.000000,0.000500,0.000000,0.000000,0.000000,0.006700,0.000000,0.111000,0.000000,0.000000,0.000000,0.002500,0.000000
2945,4.793357,2.808199,2.788200,2.695900,1148.000000,646588461.000000,1140539392.000000,252489728.000000,1277509632.000000,0.000700,0.000000,0.000000,0.000000,0.008800,0.000000,0.150000,0.000000,0.000000,0.000000,0.003000,0.000000
2946,4.798475,5.114201,4.967000,4.742900,1148.000000,646588909.000000,1140539392.000000,252489728.000000,1277509632.000000,0.000700,0.000000,0.000000,0.000000,0.010400,0.000000,0.726000,0.000000,0.000000,0.000000,0.003300,0.000000
2947,4.805477,6.932901,7.071700,6.931700,1148.000000,646589901.000000,1140539392.000000,252489728.000000,1277513728.000000,6.391300,0.044200,0.014200,6.264800,0.009700,0.020900,0.012500,0.000600,0.000500,0.031200,0.003300,0.000000
2948,4.806894,1.496896,1.517700,1.407500,1148.000000,646592573.000000,1140539392.000000,252489728.000000,1277513728.000000,0.000800,0.000000,0.000000,0.000000,0.022600,0.000000,0.240800,0.000000,0.000000,0.000000,0.003900,0.000000
2949,4.808824,1.297903,1.128200,1.043500,1148.000000,646592597.000000,1140539392.000000,252489728.000000,1277513728.000000,0.000600,0.000000,0.000000,0.000000,0.009100,0.000000,0.083200,0.000000,0.000000,0.000000,0.002900,0.000000
2950,4.809650,1.471301,1.645200,1.396600,1148.000000,646598909.000000,1140539392.000000,252489728.000000,1277513728.000000,0.000500,0.000000,0.000000,0.000000,0.012000,0.000000,0.093000,0.000000,0.000000,0.000000,0.005400,0.000000
2951,4.811174,1.527700,1.522800,1.442000,1148.000000,646596437.000000,1140539392.000000,252489728.000000,1277513728.000000,0.000700,0.000000,0.000000,0.000000,0.008500,0.000000,0.072300,0.000000,0.000000,0.000000,0.002800,0.000000
2952,4.812274,1.116900,1.122200,1.042700,1148.000000,646596461.000000,1140539392.000000,252489728.000000,1277513728.000000,0.000600,0.000000,0.000000,0.000000,0.007000,0.000000,0.066900,0.000000,0.000000,0.000000,0.002600,0.000000
2953,4.813613,1.330194,1.211400,1.139400,1148.000000,646596485.000000,1140539392.000000,252489728.000000,1277513728.000000,0.000500,0.000000,0.000000,0.000000,0.006600,0.000000,0.125600,0.000000,0.000000,0.000000,0.002400,0.000000
2954,4.817274,3.661501,3.758700,3.565700,1148.000000,646600018.000000,1140539392.000000,252489728.000000,1277513728.000000,3.241400,0.043100,0.012300,3.138200,0.007900,0.019300,0.009300,0.000500,0.000400,0.014600,0.002600,0.000000
2955,4.820243,2.886402,2.878100,2.786000,1148.000000,646596909.000000,1140539392.000000,252489728.000000,1277517824.000000,0.000500,0.000000,0.000000,0.000000,0.008000,0.000000,1.171600,0.000000,0.000000,0.000000,0.002400,0.000000
2956,4.822494,2.307100,2.316200,2.220800,1148.000000,646601053.000000,1140539392.000000,252489728.000000,1277517824.000000,0.000700,0.000000,0.000000,0.000000,0.010500,0.000000,1.135700,0.000000,0.000000,0.000000,0.004200,0.000000
2957,4.823702,1.167900,1.178100,1.096900,1148.000000,646601053.000000,1140539392.000000,252489728.000000,1277517824.000000,0.000700,0.000000,0.000000,0.000000,0.009400,0.000000,0.098100,0.000000,0.000000,0.000000,0.003000,0.000000
2958,4.825926,2.283000,2.264600,2.190400,1148.000000,646601573.000000,1140539392.000000,252489728.000000,1277517824.000000,0.000600,0.000000,0.000000,0.000000,0.007600,0.000000,0.137200,0.000000,0.000000,0.000000,0.005000,0.000000
2959,4.827863,1.955697,1.958500,1.872700,1148.000000,646600749.000000,1140539392.000000,252489728.000000,1277517824.000000,0.000600,0.000000,0.000000,0.000000,0.008200,0.000000,0.136000,0.000000,0.000000,0.000000,0.003000,0.000000
2960,4.829385,1.513804,1.512100,1.430800,1148.000000,646600773.000000,1140539392.000000,252489728.000000,1277517824.000000,0.000500,0.000000,0.000000,0.000000,0.007000,0.000000,0.103200,0.000000,0.000000,0.000000,0.002700,0.000000
2961,4.831871,2.461898,2.459300,2.378900,1148.000000,646608997.000000,1140539392.000000,252489728.000000,1277517824.000000,0.000600,0.000000,0.000000,0.000000,0.008000,0.000000,0.075700,0.000000,0.000000,0.000000,0.002500,0.000000
2962,4.835101,3.252204,3.245500,3.163200,1148.000000,646612874.000000,1140539392.000000,252489728.000000,1277517824.000000,2.827400,0.045000,0.012700,2.727200,0.009200,0.017100,0.008900,0.000700,0.000400,0.011700,0.003000,0.000000
2963,4.836609,1.480598,1.478200,1.392900,1148.000000,646609085.000000,1140539392.000000,252489728.000000,1277521920.000000,0.000500,0.000000,0.000000,0.000000,0.007600,0.000000,0.097900,0.000000,0.000000,0.000000,0.002700,0.000000
2964,4.838302,1.714597,1.719900,1.637900,1148.000000,646609109.000000,1140539392.000000,252489728.000000,1277521920.000000,0.000600,0.000000,0.000000,0.000000,0.009300,0.000000,0.112800,0.000000,0.000000,0.000000,0.002800,0.000000
2965,4.840019,1.676502,1.661700,1.582400,1148.000000,646609133.000000,1140539392.000000,252489728.000000,1277521920.000000,0.000600,0.000000,0.000000,0.000000,0.008800,0.000000,0.111600,0.000000,0.000000,0.000000,0.003000,0.000000
2966,4.841217,1.220600,1.153900,1.066700,1148.000000,646610941.000000,1140539392.000000,252489728.000000,1277521920.000000,0.000600,0.000000,0.000000,0.000000,0.008800,0.000000,0.060500,0.000000,0.000000,0.000000,0.002900,0.000000
2967,4.842313,1.134099,1.210600,1.060200,1148.000000,646612869.000000,1140539392.000000,252489728.000000,1277521920.000000,0.000600,0.000000,0.000000,0.000000,0.008800,0.000000,0.080400,0.000000,0.000000,0.000000,0.003100,0.000000
2968,4.845918,3.549802,3.499800,3.419600,1148.000000,646612893.000000,1140539392.000000,252489728.000000,1277521920.000000,0.000800,0.000000,0.000000,0.000000,0.006200,0.000000,0.105800,0.000000,0.000000,0.000000,0.003000,0.000000
2969,4.847533,1.631101,1.669800,1.549900,1200.000000,646612917.000000,1140539392.000000,252489728.000000,1277521920.000000,0.000600,0.000000,0.000000,0.000000,0.010800,0.000000,0.194600,0.000000,0.000000,0.000000,0.003400,0.000000
2970,4.851106,3.551297,3.526900,3.441700,1148.000000,646619633.000000,1140539392.000000,252489728.000000,1277521920.000000,3.078900,0.045700,0.012700,2.970900,0.009300,0.019400,0.011300,0.000400,0.000500,0.014500,0.002900,0.000000
2971,4.853072,1.968800,1.927500,1.826800,1148.000000,646613861.000000,1140539392.000000,252489728.000000,1277521920.000000,0.000600,0.000000,0.000000,0.000000,0.011400,0.000000,0.017400,0.000000,0.000000,0.000000,0.003200,0.000000
2972,4.855022,1.969402,2.016400,1.879600,1148.000000,646613885.000000,1140539392.000000,252489728.000000,1277521920.000000,0.000600,0.000000,0.000000,0.000000,0.010000,0.000000,0.125000,0.000000,0.000000,0.000000,0.003600,0.000000
2973,4.857638,2.623498,2.626900,2.536100,1148.000000,646618005.000000,1140539392.000000,252489728.000000,1277521920.000000,0.000600,0.000000,0.000000,0.000000,0.007400,0.000000,0.137900,0.000000,0.000000,0.000000,0.003000,0.000000
2974,4.860091,2.425702,2.421700,2.336300,1148.000000,646621677.000000,1140539392.000000,252489728.000000,1277521920.000000,0.000500,0.000000,0.000000,0.000000,0.008400,0.000000,0.135700,0.000000,0.000000,0.000000,0.002400,0.000000
2975,4.861415,1.348002,1.343500,1.257300,1148.000000,646621285.000000,1140539392.000000,252489728.000000,1277521920.000000,0.000600,0.000000,0.000000,0.000000,0.009100,0.000000,0.171400,0.000000,0.000000,0.000000,0.003000,0.000000
2976,4.862804,1.409701,1.414400,1.327000,1148.000000,646621789.000000,1140539392.000000,252489728.000000,1277521920.000000,0.000600,0.000000,0.000000,0.000000,0.009100,0.000000,0.101600,0.000000,0.000000,0.000000,0.003300,0.000000
2977,4.866833,3.999001,3.980600,3.894600,1148.000000,646623403.000000,1140539392.000000,252489728.000000,1277521920.000000,0.000600,0.000000,0.000000,0.000000,0.007900,0.000000,0.094600,0.000000,0.000000,0.000000,0.003000,0.000000
2978,4.872425,5.591298,5.593500,5.495400,1148.000000,646628594.000000,1140539392.000000,252489728.000000,1277521920.000000,5.136000,0.042400,0.017500,5.027300,0.008800,0.019400,0.009400,0.000500,0.000500,0.013800,0.003600,0.000000
2979,4.873503,1.107703,1.120500,1.029300,1148.000000,646625605.000000,1140539392.000000,252489728.000000,1277521920.000000,0.000600,0.000000,0.000000,0.000000,0.010500,0.000000,0.072000,0.000000,0.000000,0.000000,0.003000,0.000000
2980,4.875941,2.447194,2.437800,2.359700,1148.000000,646625629.000000,1140539392.000000,252489728.000000,1277521920.000000,0.000700,0.000000,0.000000,0.000000,0.006600,0.000000,1.336200,0.000000,0.000000,0.000000,0.002500,0.000000
2981,4.877592,1.617602,1.614600,1.531200,1148.000000,646625653.000000,1140539392.000000,252489728.000000,1277521920.000000,0.000600,0.000000,0.000000,0.000000,0.006400,0.000000,0.055000,0.000000,0.000000,0.000000,0.002700,0.000000
2982,4.879753,2.175900,2.178700,2.097000,1148.000000,646627373.000000,1140539392.000000,252489728.000000,1277521920.000000,0.000500,0.000000,0.000000,0.000000,0.009300,0.000000,0.092600,0.000000,0.000000,0.000000,0.003100,0.000000
2983,4.881048,1.268700,1.258900,1.181000,1148.000000,646627667.000000,1140539392.000000,252489728.000000,1277521920.000000,0.000700,0.000000,0.000000,0.000000,0.007100,0.000000,0.105100,0.000000,0.000000,0.000000,0.002600,0.000000
2984,4.884538,3.490001,3.471000,3.380000,1148.000000,646635689.000000,1140539392.000000,252489728.000000,1277521920.000000,3.001500,0.044700,0.013100,2.893100,0.007400,0.019500,0.009700,0.000400,0.000500,0.015200,0.003300,0.000000
2985,4.886560,2.038896,2.051600,1.949400,1148.000000,646630341.000000,1140539392.000000,252489728.000000,1277521920.000000,0.000600,0.000000,0.000000,0.000000,0.008600,0.000000,0.846900,0.000000,0.000000,0.000000,0.002700,0.000000
2986,4.887781,1.224100,1.216400,1.129300,1148.000000,646630365.000000,1140539392.000000,252489728.000000,1277521920.000000,0.000600,0.000000,0.000000,0.000000,0.007300,0.000000,0.134200,0.000000,0.000000,0.000000,0.002800,0.000000
2987,4.890104,2.304103,2.303700,2.210100,1148.000000,646634485.000000,1140539392.000000,252489728.000000,1277587456.000000,0.000700,0.000000,0.000000,0.000000,0.008200,0.000000,1.211200,0.000000,0.000000,0.000000,0.002900,0.000000
2988,4.892385,2.311302,2.316200,2.227600,1148.000000,646633541.000000,1140539392.000000,252489728.000000,1277587456.000000,0.000800,0.000000,0.000000,0.000000,0.009500,0.000000,1.132400,0.000000,0.000000,0.000000,0.003400,0.000000
2989,4.893682,1.283397,1.277800,1.196200,1148.000000,646640131.000000,1140539392.000000,252489728.000000,1277587456.000000,0.000800,0.000000,0.000000,0.000000,0.008100,0.000000,0.111800,0.000000,0.000000,0.000000,0.002900,0.000000
2990,4.896053,2.364902,2.340200,2.255400,1148.000000,646638597.000000,1140539392.000000,252489728.000000,1277587456.000000,0.000600,0.000000,0.000000,0.000000,0.009000,0.000000,0.057600,0.000000,0.000000,0.000000,0.003600,0.000000
2991,4.897117,1.080102,1.111900,1.009100,1148.000000,646637325.000000,1140539392.000000,252489728.000000,1277587456.000000,0.000600,0.000000,0.000000,0.000000,0.009500,0.000000,0.073100,0.000000,0.000000,0.000000,0.002600,0.000000
2992,4.900613,3.452593,3.428700,3.353100,1148.000000,646643161.000000,1140539392.000000,252489728.000000,1277587456.000000,3.029400,0.044400,0.012900,2.924100,0.007600,0.018400,0.009400,0.000600,0.000700,0.014000,0.002700,0.000000
2993,4.902806,2.210006,2.214600,2.121400,1148.000000,646637989.000000,1140539392.000000,252489728.000000,1277587456.000000,0.000700,0.000000,0.000000,0.000000,0.010000,0.000000,0.087500,0.000000,0.000000,0.000000,0.003600,0.000000
2994,4.904765,1.965795,1.963300,1.877400,1148.000000,646638013.000000,1140539392.000000,252489728.000000,1277587456.000000,0.000600,0.000000,0.000000,0.000000,0.008700,0.000000,0.857500,0.000000,0.000000,0.000000,0.002600,0.000000
2995,4.906932,2.165405,2.160000,2.073000,1148.000000,646642133.000000,1140539392.000000,252489728.000000,1277587456.000000,0.000600,0.000000,0.000000,0.000000,0.007700,0.000000,0.154900,0.000000,0.000000,0.000000,0.003100,0.000000
2996,4.908587,1.676396,1.679900,1.592100,1148.000000,646641989.000000,1140539392.000000,252489728.000000,1277587456.000000,0.000600,0.000000,0.000000,0.000000,0.009900,0.000000,0.542600,0.000000,0.000000,0.000000,0.003200,0.000000
2997,4.910479,1.901304,1.902000,1.818500,1148.000000,646641589.000000,1140539392.000000,252489728.000000,1277587456.000000,0.000700,0.000000,0.000000,0.000000,0.008200,0.000000,0.164800,0.000000,0.000000,0.000000,0.003500,0.000000
2998,4.913846,3.361295,3.351900,3.271500,1148.000000,646643805.000000,1140539392.000000,252489728.000000,1277587456.000000,0.000700,0.000000,0.000000,0.000000,0.007900,0.000000,0.082500,0.000000,0.000000,0.000000,0.002800,0.000000
2999,4.918873,5.025404,5.008800,4.920400,1148.000000,646649602.000000,1140539392.000000,252489728.000000,1277587456.000000,4.598400,0.039100,0.013000,4.496600,0.007800,0.019500,0.009900,0.000400,0.000600,0.015800,0.002800,0.000000
3000,4.921002,2.090901,2.104000,2.003300,1148.000000,646646421.000000,1140539392.000000,252489728.000000,1277587456.000000,0.000500,0.000000,0.000000,0.000000,0.008500,0.000000,0.053700,0.000000,0.000000,0.000000,0.002700,0.000000
3001,4.922072,1.115597,1.123800,1.041100,1148.000000,646650541.000000,1140539392.000000,252489728.000000,1277587456.000000,0.000500,0.000000,0.000000,0.000000,0.009000,0.000000,0.093000,0.000000,0.000000,0.000000,0.002900,0.000000
3002,4.923149,1.091603,1.093200,1.021500,1148.000000,646650565.000000,1140539392.000000,252489728.000000,1277587456.000000,0.000600,0.000000,0.000000,0.000000,0.007800,0.000000,0.073700,0.000000,0.000000,0.000000,0.002400,0.000000
3003,4.926775,3.543899,3.339600,3.266300,1148.000000,646649957.000000,1140539392.000000,252489728.000000,1277587456.000000,0.000600,0.000000,0.000000,0.000000,0.006200,0.000000,0.118900,0.000000,0.000000,0.000000,0.002300,0.000000
3004,4.927967,1.236402,1.423300,1.153400,1148.000000,646650461.000000,1140539392.000000,252489728.000000,1277587456.000000,0.000700,0.000000,0.000000,0.000000,0.011300,0.000000,0.266300,0.000000,0.000000,0.000000,0.003200,0.000000
3005,4.930266,2.293396,2.257500,2.171400,1148.000000,646649613.000000,1140539392.000000,252489728.000000,1277587456.000000,0.000600,0.000000,0.000000,0.000000,0.009300,0.000000,0.039600,0.000000,0.000000,0.000000,0.003100,0.000000
3006,4.933746,3.487500,3.517700,3.403500,1148.000000,646658187.000000,1140539392.000000,252489728.000000,1277587456.000000,2.844800,0.055800,0.020000,2.722700,0.009100,0.019300,0.009800,0.000500,0.000500,0.013000,0.003100,0.000000
3007,4.934962,1.226304,1.232000,1.149800,1148.000000,646655069.000000,1140539392.000000,252489728.000000,1277587456.000000,0.000600,0.000000,0.000000,0.000000,0.009600,0.000000,0.093300,0.000000,0.000000,0.000000,0.002700,0.000000
3008,4.936445,1.491298,1.487900,1.413000,1148.000000,646655525.000000,1140539392.000000,252489728.000000,1277587456.000000,0.000600,0.000000,0.000000,0.000000,0.008000,0.000000,0.398400,0.000000,0.000000,0.000000,0.002800,0.000000
3009,4.938226,1.758900,1.749500,1.671400,1148.000000,646655109.000000,1140539392.000000,252489728.000000,1277587456.000000,0.000600,0.000000,0.000000,0.000000,0.006900,0.000000,0.110100,0.000000,0.000000,0.000000,0.002500,0.000000
3010,4.940107,1.862599,1.860900,1.777600,1148.000000,646654021.000000,1140539392.000000,252489728.000000,1277587456.000000,0.000600,0.000000,0.000000,0.000000,0.008900,0.000000,0.128000,0.000000,0.000000,0.000000,0.003200,0.000000
3011,4.941286,1.211799,1.206900,1.125200,1148.000000,646654045.000000,1140539392.000000,252489728.000000,1277587456.000000,0.000700,0.000000,0.000000,0.000000,0.008900,0.000000,0.064600,0.000000,0.000000,0.000000,0.002900,0.000000
3012,4.942395,1.136600,1.147800,1.062500,1148.000000,646662261.000000,1140539392.000000,252489728.000000,1277587456.000000,0.000600,0.000000,0.000000,0.000000,0.007700,0.000000,0.073500,0.000000,0.000000,0.000000,0.002600,0.000000
3013,4.945151,2.697399,2.674200,2.598800,1148.000000,646662293.000000,1140539392.000000,252489728.000000,1277587456.000000,0.000500,0.000000,0.000000,0.000000,0.006000,0.000000,0.220500,0.000000,0.000000,0.000000,0.002500,0.000000
3014,4.947030,1.908702,1.906700,1.816600,1148.000000,646664501.000000,1140539392.000000,252489728.000000,1277587456.000000,0.000600,0.000000,0.000000,0.000000,0.010600,0.000000,0.105100,0.000000,0.000000,0.000000,0.003600,0.000000
3015,4.950339,3.304797,3.308800,3.217800,1148.000000,646668529.000000,1140539392.000000,252489728.000000,1277587456.000000,2.902500,0.043300,0.013800,2.801700,0.009200,0.017400,0.010200,0.000600,0.000500,0.012000,0.002400,0.000000
3016,4.952405,2.070104,2.069700,1.987000,1148.000000,646663117.000000,1140539392.000000,252489728.000000,1277587456.000000,0.000600,0.000000,0.000000,0.000000,0.009300,0.000000,0.174200,0.000000,0.000000,0.000000,0.002800,0.000000
3017,4.953608,1.188698,1.184600,1.100500,1148.000000,646667245.000000,1140539392.000000,252489728.000000,1277587456.000000,0.000600,0.000000,0.000000,0.000000,0.008300,0.000000,0.113100,0.000000,0.000000,0.000000,0.002800,0.000000
3018,4.954983,1.385700,1.384200,1.301700,1148.000000,646667749.000000,1140539392.000000,252489728.000000,1277587456.000000,0.000600,0.000000,0.000000,0.000000,0.009300,0.000000,0.097300,0.000000,0.000000,0.000000,0.003300,0.000000
3019,4.957164,2.104599,2.017600,1.932200,1148.000000,646666165.000000,1140539392.000000,252489728.000000,1277587456.000000,0.000600,0.000000,0.000000,0.000000,0.008600,0.000000,0.116400,0.000000,0.000000,0.000000,0.002700,0.000000
3020,4.958200,1.143204,1.231600,1.073500,1148.000000,646666189.000000,1140539392.000000,252489728.000000,1277587456.000000,0.000800,0.000000,0.000000,0.000000,0.013100,0.000000,0.067100,0.000000,0.000000,0.000000,0.005600,0.000000
3021,4.961537,3.290001,3.275200,3.194700,1148.000000,646666213.000000,1140539392.000000,252489728.000000,1277587456.000000,0.000600,0.000000,0.000000,0.000000,0.006500,0.000000,0.113400,0.000000,0.000000,0.000000,0.002700,0.000000
3022,4.962889,1.390696,1.393700,1.306600,1148.000000,646667085.000000,1140539392.000000,252489728.000000,1277587456.000000,0.000700,0.000000,0.000000,0.000000,0.008900,0.000000,0.075800,0.000000,0.000000,0.000000,0.003200,0.000000
3023,4.967040,4.109900,4.103400,4.017400,1148.000000,646670373.000000,1140539392.000000,252489728.000000,1277587456.000000,0.000600,0.000000,0.000000,0.000000,0.007300,0.000000,0.078000,0.000000,0.000000,0.000000,0.002800,0.000000
3024,4.970254,3.234403,3.234900,3.150900,1148.000000,646676481.000000,1140539392.000000,252489728.000000,1277587456.000000,2.823500,0.045200,0.013400,2.727700,0.009600,0.013500,0.008800,0.000500,0.000600,0.011000,0.003200,0.000000
3025,4.971635,1.364498,1.359100,1.273600,1148.000000,646675309.000000,1140539392.000000,252489728.000000,1277587456.000000,0.000700,0.000000,0.000000,0.000000,0.009100,0.000000,0.060300,0.000000,0.000000,0.000000,0.017000,0.000000
3026,4.973493,1.869402,1.871700,1.785100,1148.000000,646679429.000000,1140539392.000000,252489728.000000,1277587456.000000,0.000600,0.000000,0.000000,0.000000,0.010000,0.000000,0.144500,0.000000,0.000000,0.000000,0.003600,0.000000
3027,4.975283,1.786097,1.773400,1.687900,1148.000000,646679461.000000,1140539392.000000,252489728.000000,1277587456.000000,0.000600,0.000000,0.000000,0.000000,0.008300,0.000000,0.150200,0.000000,0.000000,0.000000,0.002700,0.000000
3028,4.978369,3.090901,3.094700,3.002800,1148.000000,646678693.000000,1140539392.000000,252489728.000000,1277587456.000000,0.000800,0.000000,0.000000,0.000000,0.008100,0.000000,0.323300,0.000000,0.000000,0.000000,0.003600,0.000000
3029,4.980000,1.616298,1.620000,1.534900,1148.000000,646682813.000000,1140539392.000000,252489728.000000,1277587456.000000,0.000600,0.000000,0.000000,0.000000,0.008300,0.000000,0.090300,0.000000,0.000000,0.000000,0.003400,0.000000
3030,4.983398,3.408999,3.399900,3.318800,1148.000000,646689202.000000,1140539392.000000,252489728.000000,1277587456.000000,2.968800,0.043000,0.013200,2.865900,0.008400,0.018900,0.010300,0.000500,0.000500,0.014000,0.002900,0.000000
3031,4.985182,1.726998,1.690900,1.601600,1148.000000,646683757.000000,1140539392.000000,252489728.000000,1277587456.000000,0.000600,0.000000,0.000000,0.000000,0.009200,0.000000,0.046200,0.000000,0.000000,0.000000,0.002800,0.000000
3032,4.986366,1.233801,1.268500,1.152000,1148.000000,646684261.000000,1140539392.000000,252489728.000000,1277587456.000000,0.000700,0.000000,0.000000,0.000000,0.012500,0.000000,0.073400,0.000000,0.000000,0.000000,0.004800,0.000000
3033,4.988488,2.116603,2.110500,2.029600,1148.000000,646683413.000000,1140539392.000000,252489728.000000,1277587456.000000,0.000600,0.000000,0.000000,0.000000,0.009400,0.000000,0.203200,0.000000,0.000000,0.000000,0.003100,0.000000
3034,4.990133,1.655903,1.655500,1.569700,1148.000000,646687125.000000,1140539392.000000,252489728.000000,1277587456.000000,0.000700,0.000000,0.000000,0.000000,0.009400,0.000000,0.093500,0.000000,0.000000,0.000000,0.003100,0.000000
3035,4.991548,1.417397,1.409200,1.326100,1148.000000,646686725.000000,1140539392.000000,252489728.000000,1277587456.000000,0.000700,0.000000,0.000000,0.000000,0.008000,0.000000,0.094900,0.000000,0.000000,0.000000,0.002800,0.000000
3036,4.992898,1.358397,1.366000,1.280100,1148.000000,646689211.000000,1140539392.000000,252489728.000000,1277587456.000000,0.000600,0.000000,0.000000,0.000000,0.008900,0.000000,0.183400,0.000000,0.000000,0.000000,0.002700,0.000000
3037,4.995211,2.284602,2.261500,2.178700,1148.000000,646686789.000000,1140539392.000000,252489728.000000,1277587456.000000,0.000600,0.000000,0.000000,0.000000,0.007700,0.000000,0.100900,0.000000,0.000000,0.000000,0.002900,0.000000
3038,4.996581,1.394898,1.405600,1.308400,1148.000000,646691317.000000,1140539392.000000,252489728.000000,1277587456.000000,0.000700,0.000000,0.000000,0.000000,0.010000,0.000000,0.127400,0.000000,0.000000,0.000000,0.003000,0.000000
3039,5.000895,4.270401,4.231400,4.142400,1148.000000,646694954.000000,1140539392.000000,252489728.000000,1277587456.000000,3.777500,0.048600,0.015100,3.658000,0.008000,0.021100,0.010600,0.000700,0.000600,0.017400,0.003000,0.000000
