frame,elapsed_seconds,delta_time_ms,main_thread_ms,player_loop_ms,gc_allocated_in_frame_bytes,total_used_memory_bytes,total_reserved_memory_bytes,gc_reserved_memory_bytes,gc_used_memory_bytes,system_used_memory_bytes,render_thread_ms,draw_calls_count,fixed_step_ms,belt_transfer_ms,belt_progress_ms,transfer_command_buffer_ms,item_pool_initialization_ms,item_visual_capture_ms,item_transform_presentation_ms,item_process_ms,item_port_adapter_ms,item_port_buffer_swap_ms,grid_placement_transform_ms,grid_build_ms,grid_occupancy_index_ms,belt_topology_visual_ms,wait_for_job_group_ms
0,0.005526,2.165200,2.154300,2.007000,1356.000000,920301830.000000,1396318376.000000,257409024.000000,238137344.000000,1618243584.000000,0.000000,0.000000,0.954700,0.056200,0.019100,0.342600,0.010900,0.031200,0.008800,0.020500,0.030900,0.022100,0.000500,0.001200,0.003700,0.004800,0.000000
1,0.006649,1.197003,1.265300,1.119400,1356.000000,920301646.000000,1396318376.000000,257409024.000000,238137344.000000,1618247680.000000,0.000000,0.000000,0.000400,0.000000,0.000000,0.000000,0.009000,0.000000,0.020600,0.000000,0.000000,0.000000,0.001200,0.001500,0.004600,0.004700,0.000000
2,0.007322,0.704698,0.712200,0.596800,1356.000000,920301646.000000,1396318376.000000,257409024.000000,238137344.000000,1618247680.000000,0.000000,0.000000,0.000500,0.000000,0.000000,0.000000,0.007700,0.000000,0.007800,0.000000,0.000000,0.000000,0.000400,0.001400,0.002800,0.004300,0.000000
3,0.008333,1.005499,1.006500,0.941200,1356.000000,920305630.000000,1396318376.000000,257409024.000000,238141440.000000,1618247680.000000,0.000000,0.000000,0.385500,0.023300,0.006900,0.116200,0.007000,0.013000,0.008200,0.008300,0.013600,0.012000,0.000200,0.000900,0.002300,0.003600,0.000000
4,0.008922,0.600900,0.601900,0.540700,1356.000000,920305558.000000,1396318376.000000,257409024.000000,238141440.000000,1618247680.000000,0.000000,0.000000,0.000400,0.000000,0.000000,0.000000,0.007100,0.000000,0.007200,0.000000,0.000000,0.000000,0.000200,0.001000,0.002200,0.003800,0.000000
5,0.009570,0.585402,0.584500,0.526100,1356.000000,920305558.000000,1396318376.000000,257409024.000000,238141440.000000,1618247680.000000,0.000000,0.000000,0.000300,0.000000,0.000000,0.000000,0.006700,0.000000,0.007100,0.000000,0.000000,0.000000,0.000200,0.001000,0.002100,0.003800,0.000000
6,0.010371,0.830796,0.814200,0.751900,1356.000000,920305558.000000,1396318376.000000,257409024.000000,238141440.000000,1618251776.000000,0.000000,0.000000,0.000400,0.000000,0.000000,0.000000,0.006300,0.000000,0.007100,0.000000,0.000000,0.000000,0.000500,0.000800,0.003400,0.005100,0.000000
7,0.011163,0.812202,0.819400,0.745300,1356.000000,920309718.000000,1396318376.000000,257409024.000000,238145536.000000,1618251776.000000,0.000000,0.000000,0.000400,0.000000,0.000000,0.000000,0.008400,0.000000,0.007800,0.000000,0.000000,0.000000,0.000500,0.001100,0.002500,0.004100,0.000000
8,0.011925,0.740802,0.741300,0.677900,1356.000000,920310550.000000,1396318376.000000,257409024.000000,238145536.000000,1618251776.000000,0.000000,0.000000,0.000400,0.000000,0.000000,0.000000,0.007100,0.000000,0.007300,0.000000,0.000000,0.000000,0.000300,0.001000,0.002300,0.004100,0.000000
9,0.012529,0.629797,0.630100,0.569000,1356.000000,920314646.000000,1396318376.000000,257409024.000000,238149632.000000,1618251776.000000,0.000000,0.000000,0.000400,0.000000,0.000000,0.000000,0.007200,0.000000,0.007400,0.000000,0.000000,0.000000,0.000300,0.001000,0.002700,0.004200,0.000000
10,0.013113,0.592800,0.592000,0.532900,1356.000000,920314646.000000,1396318376.000000,257409024.000000,238149632.000000,1618251776.000000,0.000000,0.000000,0.000400,0.000000,0.000000,0.000000,0.007300,0.000000,0.007200,0.000000,0.000000,0.000000,0.000300,0.001000,0.002500,0.004000,0.000000
11,0.013770,0.657901,0.653100,0.595100,1356.000000,920314646.000000,1396318376.000000,257409024.000000,238149632.000000,1618251776.000000,0.000000,0.000000,0.000300,0.000000,0.000000,0.000000,0.006500,0.000000,0.007100,0.000000,0.000000,0.000000,0.000200,0.001000,0.002300,0.003600,0.000000
12,0.014346,0.576198,0.578000,0.516900,1356.000000,920314646.000000,1396318376.000000,257409024.000000,238149632.000000,1618251776.000000,0.000000,0.000000,0.000400,0.000000,0.000000,0.000000,0.006400,0.000000,0.007200,0.000000,0.000000,0.000000,0.000300,0.001000,0.002300,0.003700,0.000000
13,0.015357,0.959205,0.795200,0.732100,1356.000000,920318742.000000,1396318376.000000,257409024.000000,238153728.000000,1618251776.000000,0.000000,0.000000,0.000300,0.000000,0.000000,0.000000,0.006400,0.000000,0.011200,0.000000,0.000000,0.000000,0.000200,0.000900,0.002400,0.003800,0.000000
14,0.016176,0.852098,1.004100,0.786600,1356.000000,920318742.000000,1396318376.000000,257409024.000000,238153728.000000,1618251776.000000,0.000000,0.000000,0.000500,0.000000,0.000000,0.000000,0.008900,0.000000,0.008900,0.000000,0.000000,0.000000,0.000400,0.001400,0.003200,0.005100,0.000000
15,0.016960,0.794402,0.794700,0.728800,1356.000000,920319838.000000,1396318376.000000,257409024.000000,238153728.000000,1618259968.000000,0.000000,0.000000,0.000400,0.000000,0.000000,0.000000,0.007700,0.000000,0.008600,0.000000,0.000000,0.000000,0.000300,0.001100,0.002200,0.004600,0.000000
16,0.017555,0.597697,0.599700,0.535900,1356.000000,920323934.000000,1396318376.000000,257409024.000000,238157824.000000,1618259968.000000,0.000000,0.000000,0.000400,0.000000,0.000000,0.000000,0.007000,0.000000,0.007800,0.000000,0.000000,0.000000,0.000300,0.001000,0.002400,0.004000,0.000000
17,0.018133,0.580201,0.579800,0.520000,1356.000000,920323934.000000,1396318376.000000,257409024.000000,238157824.000000,1618259968.000000,0.000000,0.000000,0.000400,0.000000,0.000000,0.000000,0.006700,0.000000,0.007200,0.000000,0.000000,0.000000,0.000200,0.001000,0.002300,0.003800,0.000000
18,0.018703,0.570699,0.569300,0.511100,1356.000000,920323934.000000,1396318376.000000,257409024.000000,238157824.000000,1618259968.000000,0.000000,0.000000,0.000300,0.000000,0.000000,0.000000,0.006400,0.000000,0.007000,0.000000,0.000000,0.000000,0.000200,0.001000,0.002400,0.003700,0.000000
19,0.019271,0.569898,0.568600,0.510600,1356.000000,920323934.000000,1396318376.000000,257409024.000000,238157824.000000,1618259968.000000,0.000000,0.000000,0.000400,0.000000,0.000000,0.000000,0.006300,0.000000,0.007100,0.000000,0.000000,0.000000,0.000200,0.000900,0.002300,0.003800,0.000000
20,0.020185,0.766702,0.757300,0.697400,1356.000000,920323934.000000,1396318376.000000,257409024.000000,238157824.000000,1618264064.000000,0.000000,0.000000,0.000300,0.000000,0.000000,0.000000,0.006500,0.000000,0.006900,0.000000,0.000000,0.000000,0.000300,0.000900,0.002400,0.003800,0.000000
21,0.021066,1.002402,0.999500,0.931200,1356.000000,920323934.000000,1396318376.000000,257409024.000000,238157824.000000,1618264064.000000,0.000000,0.000000,0.000300,0.000000,0.000000,0.000000,0.009100,0.000000,0.008500,0.000000,0.000000,0.000000,0.000300,0.001300,0.002800,0.004400,0.000000
22,0.021696,0.646896,0.650400,0.583300,1356.000000,920328030.000000,1396318376.000000,257409024.000000,238161920.000000,1618264064.000000,0.000000,0.000000,0.000400,0.000000,0.000000,0.000000,0.007800,0.000000,0.007600,0.000000,0.000000,0.000000,0.000300,0.001100,0.002600,0.004100,0.000000
23,0.022296,0.602105,0.601800,0.540800,1356.000000,920328030.000000,1396318376.000000,257409024.000000,238161920.000000,1618264064.000000,0.000000,0.000000,0.000400,0.000000,0.000000,0.000000,0.007000,0.000000,0.007200,0.000000,0.000000,0.000000,0.000200,0.001000,0.002400,0.004000,0.000000
24,0.022883,0.592397,0.591700,0.532200,1356.000000,920332126.000000,1396318376.000000,257409024.000000,238166016.000000,1618264064.000000,0.000000,0.000000,0.000300,0.000000,0.000000,0.000000,0.006700,0.000000,0.007100,0.000000,0.000000,0.000000,0.000300,0.000900,0.002400,0.004100,0.000000
25,0.023475,0.591702,0.590200,0.531400,1356.000000,920332126.000000,1396318376.000000,257409024.000000,238166016.000000,1618264064.000000,0.000000,0.000000,0.000300,0.000000,0.000000,0.000000,0.006400,0.000000,0.008400,0.000000,0.000000,0.000000,0.000100,0.000900,0.002400,0.003800,0.000000
26,0.024065,0.578798,0.574700,0.516500,1356.000000,920332126.000000,1396318376.000000,257409024.000000,238166016.000000,1618264064.000000,0.000000,0.000000,0.000300,0.000000,0.000000,0.000000,0.006400,0.000000,0.007200,0.000000,0.000000,0.000000,0.000200,0.000900,0.002300,0.004000,0.000000
27,0.025478,1.368899,1.348600,1.280300,1356.000000,920332406.000000,1396318376.000000,257409024.000000,238166016.000000,1618264064.000000,0.000000,0.000000,0.475900,0.030500,0.007400,0.140200,0.006400,0.015700,0.012800,0.008500,0.015000,0.040600,0.000200,0.001100,0.002300,0.004200,0.000000
28,0.026280,0.837004,0.848100,0.767300,1356.000000,920337166.000000,1396318376.000000,257409024.000000,238170112.000000,1618264064.000000,0.000000,0.000000,0.000400,0.000000,0.000000,0.000000,0.008900,0.000000,0.007500,0.000000,0.000000,0.000000,0.000300,0.001000,0.002900,0.004500,0.000000
29,0.026883,0.617198,0.620000,0.554000,1356.000000,920337166.000000,1396318376.000000,257409024.000000,238170112.000000,1618268160.000000,0.000000,0.000000,0.000400,0.000000,0.000000,0.000000,0.007900,0.000000,0.007400,0.000000,0.000000,0.000000,0.000300,0.001000,0.002600,0.004100,0.000000
30,0.027464,0.586501,0.588100,0.526500,1356.000000,920337166.000000,1396318376.000000,257409024.000000,238170112.000000,1618272256.000000,0.000000,0.000000,0.000400,0.000000,0.000000,0.000000,0.006700,0.000000,0.007300,0.000000,0.000000,0.000000,0.000200,0.001000,0.002300,0.003900,0.000000
31,0.028026,0.564697,0.564400,0.506400,1356.000000,920337166.000000,1396318376.000000,257409024.000000,238170112.000000,1618272256.000000,0.000000,0.000000,0.000400,0.000000,0.000000,0.000000,0.006600,0.000000,0.007200,0.000000,0.000000,0.000000,0.000200,0.000900,0.002200,0.003900,0.000000
32,0.028624,0.568403,0.562700,0.506100,1356.000000,920337166.000000,1396318376.000000,257409024.000000,238170112.000000,1618276352.000000,0.000000,0.000000,0.000400,0.000000,0.000000,0.000000,0.006200,0.000000,0.007000,0.000000,0.000000,0.000000,0.000200,0.001000,0.002100,0.003900,0.000000
33,0.029195,0.606002,0.607800,0.547000,1356.000000,920337166.000000,1396318376.000000,257409024.000000,238170112.000000,1618276352.000000,0.000000,0.000000,0.000400,0.000000,0.000000,0.000000,0.006400,0.000000,0.007000,0.000000,0.000000,0.000000,0.000200,0.001000,0.002100,0.003800,0.000000
34,0.030051,0.756399,0.747200,0.688700,1356.000000,920337198.000000,1396318376.000000,257409024.000000,238170112.000000,1618276352.000000,0.000000,0.000000,0.000300,0.000000,0.000000,0.000000,0.006400,0.000000,0.006900,0.000000,0.000000,0.000000,0.000200,0.001000,0.001900,0.003700,0.000000
35,0.031289,1.283298,1.233000,1.158600,1356.000000,920346190.000000,1396318376.000000,257409024.000000,238178304.000000,1618276352.000000,0.000000,0.000000,0.000500,0.000000,0.000000,0.000000,0.007400,0.000000,0.014000,0.000000,0.000000,0.000000,0.000700,0.002900,0.027400,0.007000,0.000000
36,0.032224,0.967099,1.011100,0.897700,1356.000000,920346190.000000,1396318376.000000,257409024.000000,238178304.000000,1618276352.000000,0.000000,0.000000,0.000400,0.000000,0.000000,0.000000,0.009200,0.000000,0.014600,0.000000,0.000000,0.000000,0.000400,0.001100,0.002600,0.004300,0.000000
37,0.033066,0.853104,0.855800,0.788900,1356.000000,920346190.000000,1396318376.000000,257409024.000000,238178304.000000,1618280448.000000,0.000000,0.000000,0.000300,0.000000,0.000000,0.000000,0.007800,0.000000,0.010200,0.000000,0.000000,0.000000,0.000400,0.001000,0.002600,0.004000,0.000000
38,0.033970,0.899001,0.897000,0.834700,1356.000000,920346190.000000,1396318376.000000,257409024.000000,238178304.000000,1618280448.000000,0.000000,0.000000,0.000300,0.000000,0.000000,0.000000,0.006600,0.000000,0.014100,0.000000,0.000000,0.000000,0.000300,0.001000,0.002300,0.004000,0.000000
39,0.034922,0.943594,0.938300,0.872300,1356.000000,920346190.000000,1396318376.000000,257409024.000000,238178304.000000,1618280448.000000,0.000000,0.000000,0.000400,0.000000,0.000000,0.000000,0.007300,0.000000,0.014600,0.000000,0.000000,0.000000,0.000200,0.001000,0.002400,0.003900,0.000000
40,0.036041,1.080300,1.063600,0.992800,1356.000000,920346190.000000,1396318376.000000,257409024.000000,238178304.000000,1618280448.000000,0.000000,0.000000,0.000300,0.000000,0.000000,0.000000,0.007200,0.000000,0.013300,0.000000,0.000000,0.000000,0.000300,0.003300,0.002900,0.004400,0.000000
41,0.036966,0.964101,0.978100,0.898000,1356.000000,920354382.000000,1396318376.000000,257409024.000000,238186496.000000,1618280448.000000,0.000000,0.000000,0.000400,0.000000,0.000000,0.000000,0.006500,0.000000,0.014800,0.000000,0.000000,0.000000,0.000500,0.001100,0.003500,0.004900,0.000000
42,0.037813,0.856200,0.858600,0.794600,1356.000000,920354398.000000,1396318376.000000,257409024.000000,238186496.000000,1618280448.000000,0.000000,0.000000,0.000400,0.000000,0.000000,0.000000,0.007400,0.000000,0.013500,0.000000,0.000000,0.000000,0.000400,0.001200,0.002600,0.004000,0.000000
43,0.038660,0.843304,0.837500,0.776400,1356.000000,920354398.000000,1396318376.000000,257409024.000000,238186496.000000,1618280448.000000,0.000000,0.000000,0.000400,0.000000,0.000000,0.000000,0.007100,0.000000,0.012900,0.000000,0.000000,0.000000,0.000400,0.001000,0.002500,0.004200,0.000000
44,0.039564,0.825099,0.822100,0.758500,1356.000000,920354398.000000,1396318376.000000,257409024.000000,238186496.000000,1618280448.000000,0.000000,0.000000,0.000400,0.000000,0.000000,0.000000,0.007600,0.000000,0.011400,0.000000,0.000000,0.000000,0.000400,0.001100,0.002400,0.004200,0.000000
45,0.040674,1.157100,1.138800,1.067000,1356.000000,920358494.000000,1396318376.000000,257409024.000000,238190592.000000,1618280448.000000,0.000000,0.000000,0.000400,0.000000,0.000000,0.000000,0.007300,0.000000,0.010700,0.000000,0.000000,0.000000,0.000600,0.001000,0.004100,0.005100,0.000000
46,0.042101,1.427296,1.392800,1.309600,1356.000000,920358766.000000,1396318376.000000,257409024.000000,238190592.000000,1618280448.000000,0.000000,0.000000,0.440500,0.040600,0.005800,0.116400,0.008600,0.015600,0.015500,0.008200,0.014400,0.008400,0.000500,0.001300,0.003100,0.006000,0.000000
47,0.042952,0.881101,0.927100,0.814100,1356.000000,920359430.000000,1396318376.000000,257409024.000000,238190592.000000,1618280448.000000,0.000000,0.000000,0.000400,0.000000,0.000000,0.000000,0.008900,0.000000,0.010800,0.000000,0.000000,0.000000,0.000400,0.001500,0.002600,0.004700,0.000000
48,0.043831,0.862904,0.862100,0.795600,1356.000000,920363526.000000,1396318376.000000,257409024.000000,238194688.000000,1618280448.000000,0.000000,0.000000,0.000400,0.000000,0.000000,0.000000,0.007200,0.000000,0.013500,0.000000,0.000000,0.000000,0.000300,0.001100,0.002400,0.004400,0.000000
49,0.044699,0.883999,0.828100,0.762600,1356.000000,920363526.000000,1396318376.000000,257409024.000000,238194688.000000,1618284544.000000,0.000000,0.000000,0.000400,0.000000,0.000000,0.000000,0.007300,0.000000,0.010900,0.000000,0.000000,0.000000,0.000200,0.001000,0.002500,0.004100,0.000000
50,0.045976,1.201594,1.068000,0.944600,1356.000000,920363582.000000,1396318376.000000,257409024.000000,238194688.000000,1618288640.000000,0.000000,0.000000,0.000400,0.000000,0.000000,0.000000,0.006900,0.000000,0.008700,0.000000,0.000000,0.000000,0.000300,0.001000,0.002500,0.004000,0.000000
51,0.046874,0.965200,1.107100,0.856300,1356.000000,920363582.000000,1396318376.000000,257409024.000000,238194688.000000,1618288640.000000,0.000000,0.000000,0.000500,0.000000,0.000000,0.000000,0.008900,0.000000,0.008400,0.000000,0.000000,0.000000,0.000700,0.001300,0.003800,0.005500,0.000000
52,0.047546,0.688102,0.728900,0.660800,1356.000000,920363582.000000,1396318376.000000,257409024.000000,238194688.000000,1618288640.000000,0.000000,0.000000,0.000400,0.000000,0.000000,0.000000,0.007600,0.000000,0.007400,0.000000,0.000000,0.000000,0.000200,0.001100,0.002600,0.004200,0.000000
53,0.048193,0.637904,0.638300,0.574100,1356.000000,920363582.000000,1396318376.000000,257409024.000000,238194688.000000,1618288640.000000,0.000000,0.000000,0.000400,0.000000,0.000000,0.000000,0.006900,0.000000,0.007500,0.000000,0.000000,0.000000,0.000200,0.001000,0.002400,0.004100,0.000000
54,0.048860,0.674497,0.671300,0.566400,1356.000000,920367678.000000,1396318376.000000,257409024.000000,238198784.000000,1618288640.000000,0.000000,0.000000,0.000400,0.000000,0.000000,0.000000,0.007400,0.000000,0.007700,0.000000,0.000000,0.000000,0.000400,0.001100,0.002500,0.004100,0.000000
55,0.049798,0.886699,0.845200,0.756700,1356.000000,920367702.000000,1396318376.000000,257409024.000000,238198784.000000,1618292736.000000,0.000000,0.000000,0.000400,0.000000,0.000000,0.000000,0.006900,0.000000,0.007700,0.000000,0.000000,0.000000,0.000400,0.000900,0.002600,0.004000,0.000000
56,0.050948,1.069097,1.068300,0.959900,1356.000000,920371798.000000,1396318376.000000,257409024.000000,238202880.000000,1618296832.000000,0.000000,0.000000,0.000400,0.000000,0.000000,0.000000,0.007400,0.000000,0.007700,0.000000,0.000000,0.000000,0.000400,0.001000,0.037200,0.005300,0.000000
57,0.051685,0.853501,0.883900,0.784400,1356.000000,920371798.000000,1396318376.000000,257409024.000000,238202880.000000,1618296832.000000,0.000000,0.000000,0.000400,0.000000,0.000000,0.000000,0.009000,0.000000,0.008500,0.000000,0.000000,0.000000,0.000400,0.001100,0.003000,0.005300,0.000000
58,0.052391,0.717205,0.720000,0.650200,1356.000000,920375894.000000,1396318376.000000,257409024.000000,238206976.000000,1618296832.000000,0.000000,0.000000,0.000400,0.000000,0.000000,0.000000,0.007600,0.000000,0.007900,0.000000,0.000000,0.000000,0.000300,0.001100,0.002700,0.004200,0.000000
59,0.053015,0.621499,0.620800,0.555900,1356.000000,920375894.000000,1396318376.000000,257409024.000000,238206976.000000,1618296832.000000,0.000000,0.000000,0.000400,0.000000,0.000000,0.000000,0.007200,0.000000,0.007700,0.000000,0.000000,0.000000,0.000300,0.001000,0.002500,0.004100,0.000000
60,0.053669,0.657100,0.644300,0.580400,1356.000000,920379990.000000,1396318376.000000,257409024.000000,238211072.000000,1618296832.000000,0.000000,0.000000,0.000400,0.000000,0.000000,0.000000,0.007100,0.000000,0.007700,0.000000,0.000000,0.000000,0.000200,0.000900,0.002600,0.004300,0.000000
61,0.054303,0.636295,0.644400,0.570800,1356.000000,920379990.000000,1396318376.000000,257409024.000000,238211072.000000,1618296832.000000,0.000000,0.000000,0.000300,0.000000,0.000000,0.000000,0.007500,0.000000,0.007700,0.000000,0.000000,0.000000,0.000400,0.001100,0.002700,0.004100,0.000000
62,0.055017,0.702105,0.699800,0.635000,1356.000000,920379990.000000,1396318376.000000,257409024.000000,238211072.000000,1618296832.000000,0.000000,0.000000,0.000400,0.000000,0.000000,0.000000,0.007100,0.000000,0.007500,0.000000,0.000000,0.000000,0.000200,0.001000,0.002500,0.004100,0.000000
63,0.055888,0.788797,0.782800,0.716300,1356.000000,920379990.000000,1396318376.000000,257409024.000000,238211072.000000,1618296832.000000,0.000000,0.000000,0.000300,0.000000,0.000000,0.000000,0.007100,0.000000,0.007500,0.000000,0.000000,0.000000,0.000200,0.001100,0.002700,0.004500,0.000000
64,0.056543,0.744204,0.744100,0.675100,1356.000000,920379990.000000,1396318376.000000,257409024.000000,238211072.000000,1618296832.000000,0.000000,0.000000,0.000400,0.000000,0.000000,0.000000,0.007300,0.000000,0.007800,0.000000,0.000000,0.000000,0.000300,0.001100,0.003200,0.004800,0.000000
65,0.057164,0.627197,0.630400,0.563200,1356.000000,920379990.000000,1396318376.000000,257409024.000000,238211072.000000,1618296832.000000,0.000000,0.000000,0.000400,0.000000,0.000000,0.000000,0.007100,0.000000,0.007400,0.000000,0.000000,0.000000,0.000200,0.001000,0.002500,0.003900,0.000000
66,0.058302,1.122201,1.116000,1.053700,1356.000000,920380118.000000,1396318376.000000,257409024.000000,238211072.000000,1618296832.000000,0.000000,0.000000,0.482300,0.030800,0.007500,0.161300,0.007000,0.016700,0.009100,0.009100,0.015100,0.016300,0.000200,0.001100,0.002600,0.004500,0.000000
67,0.058910,0.624603,0.627900,0.561700,1356.000000,920384142.000000,1396318376.000000,257409024.000000,238215168.000000,1618296832.000000,0.000000,0.000000,0.000400,0.000000,0.000000,0.000000,0.008100,0.000000,0.007800,0.000000,0.000000,0.000000,0.000300,0.001100,0.002500,0.004000,0.000000
68,0.059549,0.604797,0.604400,0.543500,1356.000000,920384142.000000,1396318376.000000,257409024.000000,238215168.000000,1618296832.000000,0.000000,0.000000,0.000400,0.000000,0.000000,0.000000,0.006800,0.000000,0.007300,0.000000,0.000000,0.000000,0.000200,0.001000,0.002300,0.004000,0.000000
69,0.060375,0.808702,0.784000,0.717400,1356.000000,920384142.000000,1396318376.000000,257409024.000000,238215168.000000,1618296832.000000,0.000000,0.000000,0.000400,0.000000,0.000000,0.000000,0.006300,0.000000,0.007700,0.000000,0.000000,0.000000,0.000500,0.000900,0.003000,0.005500,0.000000
70,0.061212,0.863598,0.869200,0.782500,1356.000000,920384142.000000,1396318376.000000,257409024.000000,238215168.000000,1618296832.000000,0.000000,0.000000,0.000500,0.000000,0.000000,0.000000,0.010300,0.000000,0.008200,0.000000,0.000000,0.000000,0.000500,0.001300,0.002900,0.005000,0.000000
71,0.061879,0.691801,0.701700,0.626100,1356.000000,920384142.000000,1396318376.000000,257409024.000000,238215168.000000,1618296832.000000,0.000000,0.000000,0.000400,0.000000,0.000000,0.000000,0.008100,0.000000,0.007500,0.000000,0.000000,0.000000,0.000300,0.001000,0.002600,0.004300,0.000000
72,0.062488,0.607200,0.608100,0.545200,1356.000000,920384142.000000,1396318376.000000,257409024.000000,238215168.000000,1618296832.000000,0.000000,0.000000,0.000400,0.000000,0.000000,0.000000,0.006900,0.000000,0.007400,0.000000,0.000000,0.000000,0.000300,0.001000,0.002200,0.003900,0.000000
73,0.063080,0.596995,0.594500,0.534100,1356.000000,920388238.000000,1396318376.000000,257409024.000000,238219264.000000,1618296832.000000,0.000000,0.000000,0.000400,0.000000,0.000000,0.000000,0.006700,0.000000,0.007500,0.000000,0.000000,0.000000,0.000200,0.001000,0.002200,0.003900,0.000000
74,0.063672,0.591001,0.590800,0.529900,1356.000000,920388238.000000,1396318376.000000,257409024.000000,238219264.000000,1618296832.000000,0.000000,0.000000,0.000400,0.000000,0.000000,0.000000,0.006700,0.000000,0.007500,0.000000,0.000000,0.000000,0.000100,0.001000,0.002300,0.003900,0.000000
75,0.064289,0.604599,0.600700,0.540000,1356.000000,920392334.000000,1396318376.000000,257409024.000000,238223360.000000,1618296832.000000,0.000000,0.000000,0.000400,0.000000,0.000000,0.000000,0.006400,0.000000,0.007300,0.000000,0.000000,0.000000,0.000200,0.001000,0.002200,0.004000,0.000000
76,0.064983,0.686402,0.682300,0.619700,1356.000000,920392334.000000,1396318376.000000,257409024.000000,238223360.000000,1618296832.000000,0.000000,0.000000,0.000400,0.000000,0.000000,0.000000,0.006700,0.000000,0.007500,0.000000,0.000000,0.000000,0.000200,0.001100,0.002200,0.003900,0.000000
77,0.065979,0.893800,0.883000,0.814400,1356.000000,920396430.000000,1396318376.000000,257409024.000000,238227456.000000,1618296832.000000,0.000000,0.000000,0.000300,0.000000,0.000000,0.000000,0.007500,0.000000,0.007900,0.000000,0.000000,0.000000,0.000300,0.001200,0.002600,0.004200,0.000000
78,0.066812,0.933999,0.933400,0.858600,1356.000000,920406166.000000,1396318376.000000,257409024.000000,238227456.000000,1618296832.000000,0.000000,0.000000,0.000400,0.000000,0.000000,0.000000,0.008300,0.000000,0.008400,0.000000,0.000000,0.000000,0.000300,0.001200,0.003200,0.004400,0.000000
79,0.067975,1.166901,1.169500,1.096900,1356.000000,920407214.000000,1396318376.000000,257409024.000000,238227456.000000,1618296832.000000,0.000000,0.000000,0.000400,0.000000,0.000000,0.000000,0.007500,0.000000,0.007600,0.000000,0.000000,0.000000,0.000200,0.001100,0.002600,0.004400,0.000000
80,0.068628,0.660906,0.663400,0.595700,1356.000000,920411310.000000,1396318376.000000,257409024.000000,238231552.000000,1618296832.000000,0.000000,0.000000,0.000300,0.000000,0.000000,0.000000,0.008000,0.000000,0.008400,0.000000,0.000000,0.000000,0.000300,0.001000,0.002400,0.004100,0.000000
81,0.069256,0.634198,0.633600,0.570900,1356.000000,920411310.000000,1396318376.000000,257409024.000000,238231552.000000,1618296832.000000,0.000000,0.000000,0.000500,0.000000,0.000000,0.000000,0.007400,0.000000,0.007700,0.000000,0.000000,0.000000,0.000200,0.001000,0.002400,0.004100,0.000000
82,0.070208,0.776800,0.766500,0.702600,1356.000000,920411310.000000,1396318376.000000,257409024.000000,238231552.000000,1618296832.000000,0.000000,0.000000,0.000300,0.000000,0.000000,0.000000,0.007100,0.000000,0.007900,0.000000,0.000000,0.000000,0.000200,0.001100,0.002200,0.004000,0.000000
83,0.071377,1.314902,1.249000,1.176000,1356.000000,920411310.000000,1396318376.000000,257409024.000000,238231552.000000,1618296832.000000,0.000000,0.000000,0.000500,0.000000,0.000000,0.000000,0.008900,0.000000,0.008400,0.000000,0.000000,0.000000,0.001100,0.001400,0.004400,0.006100,0.000000
84,0.072094,0.736097,0.803600,0.670400,1356.000000,920411310.000000,1396318376.000000,257409024.000000,238231552.000000,1618296832.000000,0.000000,0.000000,0.000400,0.000000,0.000000,0.000000,0.008500,0.000000,0.008000,0.000000,0.000000,0.000000,0.000400,0.001200,0.002700,0.004100,0.000000
85,0.072778,0.685601,0.685400,0.621000,1356.000000,920411310.000000,1396318376.000000,257409024.000000,238231552.000000,1618296832.000000,0.000000,0.000000,0.000400,0.000000,0.000000,0.000000,0.007300,0.000000,0.007700,0.000000,0.000000,0.000000,0.000200,0.001100,0.002600,0.003600,0.000000
86,0.073439,0.657696,0.654100,0.591200,1356.000000,920415406.000000,1396318376.000000,257409024.000000,238235648.000000,1618296832.000000,0.000000,0.000000,0.000400,0.000000,0.000000,0.000000,0.007300,0.000000,0.007600,0.000000,0.000000,0.000000,0.000200,0.000900,0.002500,0.004100,0.000000
87,0.074075,0.640901,0.640500,0.576800,1356.000000,920415406.000000,1396318376.000000,257409024.000000,238235648.000000,1618296832.000000,0.000000,0.000000,0.000400,0.000000,0.000000,0.000000,0.008000,0.000000,0.007900,0.000000,0.000000,0.000000,0.000400,0.000900,0.002200,0.004200,0.000000
88,0.075765,1.592099,1.551800,1.476700,1356.000000,920415494.000000,1396318376.000000,257409024.000000,238235648.000000,1618296832.000000,0.000000,0.000000,0.561200,0.030300,0.007900,0.230000,0.007100,0.018500,0.009900,0.009200,0.015400,0.017700,0.000200,0.001000,0.002400,0.004400,0.000000
89,0.076746,0.953401,0.916300,0.812800,1356.000000,920415422.000000,1396318376.000000,257409024.000000,238235648.000000,1618296832.000000,0.000000,0.000000,0.000400,0.000000,0.000000,0.000000,0.013300,0.000000,0.009100,0.000000,0.000000,0.000000,0.001300,0.001400,0.003900,0.005200,0.000000
90,0.077554,0.922803,0.983400,0.849300,1356.000000,920415422.000000,1396318376.000000,257409024.000000,238235648.000000,1618296832.000000,0.000000,0.000000,0.000400,0.000000,0.000000,0.000000,0.008500,0.000000,0.008200,0.000000,0.000000,0.000000,0.000800,0.001100,0.005300,0.006200,0.000000
91,0.078187,0.642000,0.650500,0.576500,1356.000000,920415422.000000,1396318376.000000,257409024.000000,238235648.000000,1618296832.000000,0.000000,0.000000,0.000400,0.000000,0.000000,0.000000,0.007900,0.000000,0.007400,0.000000,0.000000,0.000000,0.000400,0.001000,0.002500,0.004300,0.000000
92,0.078817,0.636699,0.636000,0.574000,1356.000000,920423614.000000,1396318376.000000,257409024.000000,238243840.000000,1618296832.000000,0.000000,0.000000,0.000300,0.000000,0.000000,0.000000,0.007000,0.000000,0.007600,0.000000,0.000000,0.000000,0.000400,0.001000,0.002500,0.003900,0.000000
93,0.079415,0.601899,0.600400,0.540200,1356.000000,920423614.000000,1396318376.000000,257409024.000000,238243840.000000,1618296832.000000,0.000000,0.000000,0.000300,0.000000,0.000000,0.000000,0.006800,0.000000,0.007400,0.000000,0.000000,0.000000,0.000200,0.000900,0.002300,0.003900,0.000000
94,0.080103,0.670401,0.664300,0.603800,1356.000000,920423614.000000,1396318376.000000,257409024.000000,238243840.000000,1618296832.000000,0.000000,0.000000,0.000400,0.000000,0.000000,0.000000,0.006400,0.000000,0.007000,0.000000,0.000000,0.000000,0.000200,0.000900,0.002200,0.003900,0.000000
95,0.080903,0.798597,0.794500,0.728700,1356.000000,920423622.000000,1396318376.000000,257409024.000000,238243840.000000,1618296832.000000,0.000000,0.000000,0.000400,0.000000,0.000000,0.000000,0.007700,0.000000,0.008100,0.000000,0.000000,0.000000,0.000500,0.001100,0.002600,0.004500,0.000000
96,0.081555,0.667701,0.670200,0.603400,1356.000000,920423622.000000,1396318376.000000,257409024.000000,238243840.000000,1618296832.000000,0.000000,0.000000,0.000400,0.000000,0.000000,0.000000,0.007700,0.000000,0.007600,0.000000,0.000000,0.000000,0.000300,0.001200,0.002400,0.004500,0.000000
97,0.082203,0.653798,0.653400,0.591200,1356.000000,920423622.000000,1396318376.000000,257409024.000000,238243840.000000,1618296832.000000,0.000000,0.000000,0.000400,0.000000,0.000000,0.000000,0.006800,0.000000,0.007400,0.000000,0.000000,0.000000,0.000300,0.001000,0.002300,0.004000,0.000000
98,0.082843,0.638102,0.637000,0.576900,1356.000000,920427718.000000,1396318376.000000,257409024.000000,238247936.000000,1618296832.000000,0.000000,0.000000,0.000300,0.000000,0.000000,0.000000,0.006700,0.000000,0.007300,0.000000,0.000000,0.000000,0.000200,0.000900,0.002300,0.003800,0.000000
99,0.083494,0.645897,0.643900,0.584200,1356.000000,920431814.000000,1396318376.000000,257409024.000000,238252032.000000,1618296832.000000,0.000000,0.000000,0.000400,0.000000,0.000000,0.000000,0.006500,0.000000,0.007000,0.000000,0.000000,0.000000,0.000200,0.000900,0.002400,0.003800,0.000000
100,0.084124,0.616206,0.615800,0.555900,1356.000000,920431814.000000,1396318376.000000,257409024.000000,238252032.000000,1618296832.000000,0.000000,0.000000,0.000400,0.000000,0.000000,0.000000,0.007000,0.000000,0.007500,0.000000,0.000000,0.000000,0.000300,0.001000,0.002200,0.004300,0.000000
101,0.084773,0.647499,0.639700,0.578700,1356.000000,920431814.000000,1396318376.000000,257409024.000000,238252032.000000,1618296832.000000,0.000000,0.000000,0.000400,0.000000,0.000000,0.000000,0.006600,0.000000,0.007600,0.000000,0.000000,0.000000,0.000200,0.001000,0.002200,0.004400,0.000000
102,0.085917,1.043601,1.027700,0.956400,1356.000000,920431814.000000,1396318376.000000,257409024.000000,238252032.000000,1618296832.000000,0.000000,0.000000,0.000400,0.000000,0.000000,0.000000,0.007800,0.000000,0.007700,0.000000,0.000000,0.000000,0.000300,0.001100,0.002400,0.004300,0.000000
103,0.086621,0.805995,0.816600,0.736400,1356.000000,920431814.000000,1396318376.000000,257409024.000000,238252032.000000,1618296832.000000,0.000000,0.000000,0.000500,0.000000,0.000000,0.000000,0.009200,0.000000,0.008200,0.000000,0.000000,0.000000,0.000400,0.001100,0.003100,0.005000,0.000000
104,0.087276,0.659899,0.660400,0.593700,1356.000000,920431814.000000,1396318376.000000,257409024.000000,238252032.000000,1618296832.000000,0.000000,0.000000,0.000400,0.000000,0.000000,0.000000,0.007600,0.000000,0.007700,0.000000,0.000000,0.000000,0.000300,0.001100,0.002700,0.004400,0.000000
105,0.087906,0.635105,0.631900,0.567200,1356.000000,920435910.000000,1396318376.000000,257409024.000000,238256128.000000,1618296832.000000,0.000000,0.000000,0.000400,0.000000,0.000000,0.000000,0.007000,0.000000,0.007600,0.000000,0.000000,0.000000,0.000200,0.001000,0.002600,0.004300,0.000000
106,0.088515,0.609701,0.611700,0.546500,1356.000000,920435910.000000,1396318376.000000,257409024.000000,238256128.000000,1618296832.000000,0.000000,0.000000,0.000400,0.000000,0.000000,0.000000,0.006900,0.000000,0.007500,0.000000,0.000000,0.000000,0.000200,0.001000,0.002700,0.004200,0.000000
107,0.089137,0.625198,0.623000,0.561600,1356.000000,920435910.000000,1396318376.000000,257409024.000000,238256128.000000,1618296832.000000,0.000000,0.000000,0.000400,0.000000,0.000000,0.000000,0.006800,0.000000,0.007500,0.000000,0.000000,0.000000,0.000200,0.001000,0.002600,0.004100,0.000000
108,0.089752,0.609297,0.603000,0.541400,1356.000000,920440212.000000,1396318376.000000,257409024.000000,238256128.000000,1618296832.000000,0.000000,0.000000,0.000300,0.000000,0.000000,0.000000,0.006800,0.000000,0.007500,0.000000,0.000000,0.000000,0.000200,0.001000,0.002500,0.004100,0.000000
109,0.090686,0.917000,0.907900,0.832600,1356.000000,920433318.000000,1396318376.000000,257409024.000000,238264320.000000,1618296832.000000,0.000000,0.000000,0.000400,0.000000,0.000000,0.000000,0.007200,0.000000,0.007600,0.000000,0.000000,0.000000,0.000200,0.001000,0.002700,0.004000,0.000000
110,0.091955,1.209106,1.211900,1.136200,1356.000000,920433470.000000,1396318376.000000,257409024.000000,238264320.000000,1618300928.000000,0.000000,0.000000,0.531300,0.029400,0.008600,0.127300,0.008500,0.014800,0.009100,0.009200,0.016700,0.008400,0.000400,0.001200,0.002900,0.004000,0.000000
111,0.092609,0.739895,0.741400,0.671600,1356.000000,920433398.000000,1396318376.000000,257409024.000000,238264320.000000,1618300928.000000,0.000000,0.000000,0.000400,0.000000,0.000000,0.000000,0.007800,0.000000,0.007700,0.000000,0.000000,0.000000,0.000300,0.001100,0.002800,0.004100,0.000000
112,0.093225,0.612500,0.613400,0.547100,1356.000000,920437494.000000,1396318376.000000,257409024.000000,238268416.000000,1618300928.000000,0.000000,0.000000,0.000400,0.000000,0.000000,0.000000,0.007200,0.000000,0.007400,0.000000,0.000000,0.000000,0.000600,0.001000,0.002700,0.005000,0.000000
113,0.093847,0.621698,0.619600,0.556800,1356.000000,920437494.000000,1396318376.000000,257409024.000000,238268416.000000,1618300928.000000,0.000000,0.000000,0.000300,0.000000,0.000000,0.000000,0.007300,0.000000,0.007500,0.000000,0.000000,0.000000,0.000200,0.001000,0.002400,0.004100,0.000000
114,0.094467,0.622506,0.619800,0.556900,1356.000000,920437494.000000,1396318376.000000,257409024.000000,238268416.000000,1618300928.000000,0.000000,0.000000,0.000400,0.000000,0.000000,0.000000,0.006800,0.000000,0.007700,0.000000,0.000000,0.000000,0.000300,0.001000,0.002400,0.004000,0.000000
115,0.095118,0.642900,0.637600,0.572900,1356.000000,920437494.000000,1396318376.000000,257409024.000000,238268416.000000,1618300928.000000,0.000000,0.000000,0.000400,0.000000,0.000000,0.000000,0.006800,0.000000,0.007200,0.000000,0.000000,0.000000,0.000300,0.001000,0.002400,0.004000,0.000000
116,0.095851,0.657100,0.658600,0.591100,1356.000000,920437494.000000,1396318376.000000,257409024.000000,238268416.000000,1618300928.000000,0.000000,0.000000,0.000300,0.000000,0.000000,0.000000,0.007600,0.000000,0.007500,0.000000,0.000000,0.000000,0.000200,0.001100,0.002500,0.004000,0.000000
117,0.096512,0.740299,0.740700,0.676800,1356.000000,920437494.000000,1396318376.000000,257409024.000000,238268416.000000,1618300928.000000,0.000000,0.000000,0.000300,0.000000,0.000000,0.000000,0.007200,0.000000,0.007600,0.000000,0.000000,0.000000,0.000300,0.001000,0.003000,0.004600,0.000000
118,0.097183,0.673696,0.630000,0.568600,1356.000000,920441590.000000,1396318376.000000,257409024.000000,238272512.000000,1618300928.000000,0.000000,0.000000,0.000300,0.000000,0.000000,0.000000,0.006700,0.000000,0.007500,0.000000,0.000000,0.000000,0.000200,0.000900,0.002400,0.004100,0.000000
119,0.097798,0.620401,0.662100,0.559000,1356.000000,920441590.000000,1396318376.000000,257409024.000000,238272512.000000,1618300928.000000,0.000000,0.000000,0.000400,0.000000,0.000000,0.000000,0.006700,0.000000,0.007400,0.000000,0.000000,0.000000,0.000200,0.001000,0.002400,0.004000,0.000000
120,0.098408,0.607603,0.603100,0.542900,1356.000000,920445686.000000,1396318376.000000,257409024.000000,238276608.000000,1618300928.000000,0.000000,0.000000,0.000400,0.000000,0.000000,0.000000,0.006600,0.000000,0.007400,0.000000,0.000000,0.000000,0.000300,0.001000,0.002300,0.003900,0.000000
121,0.099024,0.610899,0.609600,0.546700,1356.000000,920445686.000000,1396318376.000000,257409024.000000,238276608.000000,1618300928.000000,0.000000,0.000000,0.000300,0.000000,0.000000,0.000000,0.006500,0.000000,0.007400,0.000000,0.000000,0.000000,0.000300,0.001000,0.002300,0.004000,0.000000
122,0.099674,0.648101,0.649000,0.586500,1356.000000,920445686.000000,1396318376.000000,257409024.000000,238276608.000000,1618300928.000000,0.000000,0.000000,0.000400,0.000000,0.000000,0.000000,0.007300,0.000000,0.007800,0.000000,0.000000,0.000000,0.000300,0.001100,0.002500,0.004100,0.000000
123,0.100420,0.739101,0.730500,0.667700,1356.000000,920445686.000000,1396318376.000000,257409024.000000,238276608.000000,1618300928.000000,0.000000,0.000000,0.000400,0.000000,0.000000,0.000000,0.007100,0.000000,0.008200,0.000000,0.000000,0.000000,0.000200,0.001000,0.002500,0.004300,0.000000
124,0.101325,0.899398,0.897800,0.828800,1356.000000,920449782.000000,1396318376.000000,257409024.000000,238280704.000000,1618300928.000000,0.000000,0.000000,0.000400,0.000000,0.000000,0.000000,0.007700,0.000000,0.007700,0.000000,0.000000,0.000000,0.000200,0.001000,0.002700,0.004200,0.000000
125,0.101983,0.663797,0.666100,0.599600,1356.000000,920449782.000000,1396318376.000000,257409024.000000,238280704.000000,1618300928.000000,0.000000,0.000000,0.000400,0.000000,0.000000,0.000000,0.008400,0.000000,0.008400,0.000000,0.000000,0.000000,0.000400,0.001000,0.002400,0.004200,0.000000
126,0.102600,0.626205,0.624500,0.562100,1356.000000,920453878.000000,1396318376.000000,257409024.000000,238284800.000000,1618300928.000000,0.000000,0.000000,0.000400,0.000000,0.000000,0.000000,0.007600,0.000000,0.007800,0.000000,0.000000,0.000000,0.000300,0.001000,0.002200,0.003900,0.000000
127,0.103224,0.629996,0.627200,0.565100,1356.000000,920453878.000000,1396318376.000000,257409024.000000,238284800.000000,1618300928.000000,0.000000,0.000000,0.000400,0.000000,0.000000,0.000000,0.006600,0.000000,0.007800,0.000000,0.000000,0.000000,0.000200,0.001000,0.002300,0.003900,0.000000
128,0.103850,0.615101,0.606300,0.543600,1356.000000,920453878.000000,1396318376.000000,257409024.000000,238284800.000000,1618300928.000000,0.000000,0.000000,0.000300,0.000000,0.000000,0.000000,0.006900,0.000000,0.007400,0.000000,0.000000,0.000000,0.000200,0.001000,0.002200,0.004000,0.000000
129,0.104445,0.604804,0.613700,0.543900,1356.000000,920453878.000000,1396318376.000000,257409024.000000,238284800.000000,1618300928.000000,0.000000,0.000000,0.000400,0.000000,0.000000,0.000000,0.006900,0.000000,0.007600,0.000000,0.000000,0.000000,0.000200,0.001000,0.002200,0.003900,0.000000
130,0.105441,0.932795,0.902500,0.834900,1356.000000,920453878.000000,1396318376.000000,257409024.000000,238284800.000000,1618300928.000000,0.000000,0.000000,0.000400,0.000000,0.000000,0.000000,0.006700,0.000000,0.024000,0.000000,0.000000,0.000000,0.000200,0.001000,0.002300,0.004000,0.000000
131,0.106186,0.788202,0.804400,0.715200,1356.000000,920457974.000000,1396318376.000000,257409024.000000,238288896.000000,1618300928.000000,0.000000,0.000000,0.000300,0.000000,0.000000,0.000000,0.010500,0.000000,0.009000,0.000000,0.000000,0.000000,0.000600,0.001300,0.003600,0.005400,0.000000
132,0.106827,0.652204,0.657700,0.589000,1356.000000,920457974.000000,1396318376.000000,257409024.000000,238288896.000000,1618300928.000000,0.000000,0.000000,0.000400,0.000000,0.000000,0.000000,0.007900,0.000000,0.007700,0.000000,0.000000,0.000000,0.000500,0.001100,0.002800,0.004700,0.000000
133,0.107441,0.621195,0.620600,0.558200,1356.000000,920457974.000000,1396318376.000000,257409024.000000,238288896.000000,1618300928.000000,0.000000,0.000000,0.000500,0.000000,0.000000,0.000000,0.007400,0.000000,0.007800,0.000000,0.000000,0.000000,0.000400,0.000900,0.002300,0.004100,0.000000
134,0.108546,1.089505,1.080400,1.018500,1356.000000,920458014.000000,1396318376.000000,257409024.000000,238288896.000000,1618300928.000000,0.000000,0.000000,0.453200,0.031100,0.008000,0.130500,0.007100,0.013900,0.009100,0.009500,0.014900,0.014800,0.000300,0.001100,0.002400,0.004200,0.000000
135,0.109164,0.629797,0.634000,0.566300,1356.000000,920457942.000000,1396318376.000000,257409024.000000,238288896.000000,1618300928.000000,0.000000,0.000000,0.000300,0.000000,0.000000,0.000000,0.007600,0.000000,0.007800,0.000000,0.000000,0.000000,0.000200,0.001000,0.002200,0.004000,0.000000
136,0.109782,0.613499,0.609200,0.547000,1356.000000,920457942.000000,1396318376.000000,257409024.000000,238288896.000000,1618300928.000000,0.000000,0.000000,0.000400,0.000000,0.000000,0.000000,0.006800,0.000000,0.007600,0.000000,0.000000,0.000000,0.000200,0.001000,0.002400,0.003900,0.000000
137,0.110904,1.093800,1.041100,0.972100,1356.000000,920462038.000000,1396318376.000000,257409024.000000,238292992.000000,1618300928.000000,0.000000,0.000000,0.000400,0.000000,0.000000,0.000000,0.007100,0.000000,0.020000,0.000000,0.000000,0.000000,0.000300,0.001100,0.002300,0.003900,0.000000
138,0.111803,0.924603,0.970200,0.855200,1356.000000,920462038.000000,1396318376.000000,257409024.000000,238292992.000000,1618300928.000000,0.000000,0.000000,0.000400,0.000000,0.000000,0.000000,0.008700,0.000000,0.008600,0.000000,0.000000,0.000000,0.000400,0.001100,0.002800,0.004500,0.000000
139,0.112521,0.725801,0.728100,0.661100,1356.000000,920462038.000000,1396318376.000000,257409024.000000,238292992.000000,1618300928.000000,0.000000,0.000000,0.000400,0.000000,0.000000,0.000000,0.007400,0.000000,0.008000,0.000000,0.000000,0.000000,0.000300,0.001000,0.002800,0.004100,0.000000
140,0.113198,0.656895,0.656000,0.592900,1356.000000,920462038.000000,1396318376.000000,257409024.000000,238292992.000000,1618300928.000000,0.000000,0.000000,0.000300,0.000000,0.000000,0.000000,0.007000,0.000000,0.007700,0.000000,0.000000,0.000000,0.000300,0.001000,0.002600,0.004000,0.000000
141,0.113848,0.670203,0.668400,0.606000,1356.000000,920466134.000000,1396318376.000000,257409024.000000,238297088.000000,1618300928.000000,0.000000,0.000000,0.000500,0.000000,0.000000,0.000000,0.006800,0.000000,0.007700,0.000000,0.000000,0.000000,0.000300,0.001000,0.002700,0.004300,0.000000
142,0.114657,0.764300,0.666800,0.603700,1356.000000,920466134.000000,1396318376.000000,257409024.000000,238297088.000000,1618300928.000000,0.000000,0.000000,0.000400,0.000000,0.000000,0.000000,0.006700,0.000000,0.007600,0.000000,0.000000,0.000000,0.000200,0.001000,0.002400,0.004200,0.000000
143,0.115409,0.769402,0.850300,0.689000,1356.000000,920470230.000000,1396318376.000000,257409024.000000,238301184.000000,1618300928.000000,0.000000,0.000000,0.000300,0.000000,0.000000,0.000000,0.007300,0.000000,0.008000,0.000000,0.000000,0.000000,0.000600,0.001000,0.004300,0.005700,0.000000
144,0.116706,1.308199,1.312000,1.234300,1356.000000,920474326.000000,1396318376.000000,257409024.000000,238305280.000000,1618300928.000000,0.000000,0.000000,0.000400,0.000000,0.000000,0.000000,0.009300,0.000000,0.008100,0.000000,0.000000,0.000000,0.000200,0.001200,0.002700,0.004300,0.000000
145,0.117350,0.654996,0.658400,0.589100,1356.000000,920474326.000000,1396318376.000000,257409024.000000,238305280.000000,1618300928.000000,0.000000,0.000000,0.000400,0.000000,0.000000,0.000000,0.008500,0.000000,0.008000,0.000000,0.000000,0.000000,0.000400,0.001100,0.002500,0.004200,0.000000
146,0.117985,0.641901,0.642400,0.578300,1356.000000,920474326.000000,1396318376.000000,257409024.000000,238305280.000000,1618300928.000000,0.000000,0.000000,0.000400,0.000000,0.000000,0.000000,0.007500,0.000000,0.007900,0.000000,0.000000,0.000000,0.000300,0.001100,0.002500,0.004100,0.000000
147,0.118625,0.638400,0.634600,0.573100,1356.000000,920474326.000000,1396318376.000000,257409024.000000,238305280.000000,1618300928.000000,0.000000,0.000000,0.000400,0.000000,0.000000,0.000000,0.007000,0.000000,0.007700,0.000000,0.000000,0.000000,0.000200,0.001000,0.002300,0.003800,0.000000
148,0.119231,0.610204,0.611100,0.546800,1356.000000,920474326.000000,1396318376.000000,257409024.000000,238305280.000000,1618300928.000000,0.000000,0.000000,0.000400,0.000000,0.000000,0.000000,0.006800,0.000000,0.007400,0.000000,0.000000,0.000000,0.000200,0.001000,0.002400,0.004000,0.000000
149,0.119965,0.706902,0.697600,0.635200,1356.000000,920474326.000000,1396318376.000000,257409024.000000,238305280.000000,1618300928.000000,0.000000,0.000000,0.000400,0.000000,0.000000,0.000000,0.006500,0.000000,0.007400,0.000000,0.000000,0.000000,0.000100,0.001000,0.002300,0.004000,0.000000
150,0.120914,0.864498,0.858300,0.788600,1356.000000,920478422.000000,1396318376.000000,257409024.000000,238309376.000000,1618300928.000000,0.000000,0.000000,0.000400,0.000000,0.000000,0.000000,0.008400,0.000000,0.008500,0.000000,0.000000,0.000000,0.000500,0.001000,0.002900,0.004300,0.000000
151,0.121592,0.773597,0.778500,0.706600,1356.000000,920478422.000000,1396318376.000000,257409024.000000,238309376.000000,1618300928.000000,0.000000,0.000000,0.000400,0.000000,0.000000,0.000000,0.008200,0.000000,0.008200,0.000000,0.000000,0.000000,0.000700,0.001200,0.003000,0.004900,0.000000
152,0.122249,0.663598,0.662600,0.596900,1356.000000,920478422.000000,1396318376.000000,257409024.000000,238309376.000000,1618300928.000000,0.000000,0.000000,0.000400,0.000000,0.000000,0.000000,0.007200,0.000000,0.007900,0.000000,0.000000,0.000000,0.000400,0.001100,0.002700,0.004400,0.000000
153,0.122949,0.638003,0.636300,0.571400,1356.000000,920478422.000000,1396318376.000000,257409024.000000,238309376.000000,1618300928.000000,0.000000,0.000000,0.000400,0.000000,0.000000,0.000000,0.007100,0.000000,0.008000,0.000000,0.000000,0.000000,0.000300,0.001000,0.002500,0.004300,0.000000
154,0.123584,0.699298,0.698000,0.633400,1356.000000,920478422.000000,1396318376.000000,257409024.000000,238309376.000000,1618300928.000000,0.000000,0.000000,0.000500,0.000000,0.000000,0.000000,0.007100,0.000000,0.008000,0.000000,0.000000,0.000000,0.000300,0.000900,0.002900,0.004300,0.000000
155,0.124257,0.647300,0.644200,0.579900,1356.000000,920478422.000000,1396318376.000000,257409024.000000,238309376.000000,1618300928.000000,0.000000,0.000000,0.000400,0.000000,0.000000,0.000000,0.007200,0.000000,0.007900,0.000000,0.000000,0.000000,0.000300,0.001000,0.002400,0.004300,0.000000
156,0.125824,1.538400,1.519300,1.447700,1356.000000,920482622.000000,1396318376.000000,257409024.000000,238313472.000000,1618300928.000000,0.000000,0.000000,0.492400,0.030400,0.008200,0.133800,0.007700,0.016900,0.008900,0.009700,0.015500,0.009700,0.000300,0.001200,0.002700,0.004100,0.000000
157,0.126544,0.760799,0.772000,0.689800,1356.000000,920482550.000000,1396318376.000000,257409024.000000,238313472.000000,1618300928.000000,0.000000,0.000000,0.000500,0.000000,0.000000,0.000000,0.010200,0.000000,0.008100,0.000000,0.000000,0.000000,0.000400,0.001200,0.003100,0.004700,0.000000
158,0.127178,0.643700,0.647500,0.579200,1356.000000,920482550.000000,1396318376.000000,257409024.000000,238313472.000000,1618300928.000000,0.000000,0.000000,0.000400,0.000000,0.000000,0.000000,0.007500,0.000000,0.007700,0.000000,0.000000,0.000000,0.000400,0.001100,0.002500,0.004200,0.000000
159,0.127868,0.693304,0.691400,0.628200,1356.000000,920482550.000000,1396318376.000000,257409024.000000,238313472.000000,1618300928.000000,0.000000,0.000000,0.000400,0.000000,0.000000,0.000000,0.007100,0.000000,0.007800,0.000000,0.000000,0.000000,0.000200,0.001200,0.059100,0.004900,0.000000
160,0.128501,0.625801,0.624000,0.561100,1356.000000,920486646.000000,1396318376.000000,257409024.000000,238317568.000000,1618300928.000000,0.000000,0.000000,0.000400,0.000000,0.000000,0.000000,0.007000,0.000000,0.007800,0.000000,0.000000,0.000000,0.000200,0.001000,0.002300,0.004100,0.000000
161,0.129139,0.645295,0.640700,0.577800,1356.000000,920486646.000000,1396318376.000000,257409024.000000,238317568.000000,1618300928.000000,0.000000,0.000000,0.000400,0.000000,0.000000,0.000000,0.007700,0.000000,0.007900,0.000000,0.000000,0.000000,0.000300,0.001000,0.002600,0.004200,0.000000
162,0.129781,0.642304,0.642500,0.576900,1356.000000,920490742.000000,1396318376.000000,257409024.000000,238321664.000000,1618300928.000000,0.000000,0.000000,0.000500,0.000000,0.000000,0.000000,0.006800,0.000000,0.007900,0.000000,0.000000,0.000000,0.000300,0.001000,0.002500,0.004100,0.000000
163,0.130764,0.958000,0.942800,0.873200,1356.000000,920494838.000000,1396318376.000000,257409024.000000,238325760.000000,1618300928.000000,0.000000,0.000000,0.000400,0.000000,0.000000,0.000000,0.006800,0.000000,0.007500,0.000000,0.000000,0.000000,0.000200,0.001100,0.002700,0.004100,0.000000
164,0.131482,0.733801,0.741600,0.663800,1356.000000,920494838.000000,1396318376.000000,257409024.000000,238325760.000000,1618300928.000000,0.000000,0.000000,0.000500,0.000000,0.000000,0.000000,0.008400,0.000000,0.007700,0.000000,0.000000,0.000000,0.000400,0.001200,0.002800,0.005000,0.000000
165,0.132118,0.643495,0.644800,0.576900,1356.000000,920494838.000000,1396318376.000000,257409024.000000,238325760.000000,1618300928.000000,0.000000,0.000000,0.000400,0.000000,0.000000,0.000000,0.007900,0.000000,0.007800,0.000000,0.000000,0.000000,0.000400,0.001000,0.002600,0.004200,0.000000
166,0.132893,0.778805,0.777600,0.712500,1356.000000,920504558.000000,1396318376.000000,257409024.000000,238325760.000000,1618300928.000000,0.000000,0.000000,0.000400,0.000000,0.000000,0.000000,0.007200,0.000000,0.007800,0.000000,0.000000,0.000000,0.000200,0.001100,0.002800,0.004000,0.000000
167,0.133558,0.670897,0.670900,0.606700,1356.000000,920505606.000000,1396318376.000000,257409024.000000,238325760.000000,1618300928.000000,0.000000,0.000000,0.000400,0.000000,0.000000,0.000000,0.007300,0.000000,0.007700,0.000000,0.000000,0.000000,0.000200,0.001000,0.002500,0.004100,0.000000
168,0.134202,0.641100,0.639300,0.577000,1356.000000,920505606.000000,1396318376.000000,257409024.000000,238325760.000000,1618300928.000000,0.000000,0.000000,0.000400,0.000000,0.000000,0.000000,0.006800,0.000000,0.007800,0.000000,0.000000,0.000000,0.000200,0.001000,0.002300,0.004000,0.000000
169,0.135022,0.794303,0.783300,0.719000,1356.000000,920509702.000000,1396318376.000000,257409024.000000,238329856.000000,1618300928.000000,0.000000,0.000000,0.000400,0.000000,0.000000,0.000000,0.006900,0.000000,0.007600,0.000000,0.000000,0.000000,0.000300,0.000900,0.002400,0.004000,0.000000
170,0.135884,0.788797,0.789500,0.717900,1356.000000,920509702.000000,1396318376.000000,257409024.000000,238329856.000000,1618300928.000000,0.000000,0.000000,0.000400,0.000000,0.000000,0.000000,0.008100,0.000000,0.008100,0.000000,0.000000,0.000000,0.000400,0.001100,0.002800,0.004500,0.000000
171,0.136557,0.759099,0.759100,0.688900,1356.000000,920509702.000000,1396318376.000000,257409024.000000,238329856.000000,1618300928.000000,0.000000,0.000000,0.000400,0.000000,0.000000,0.000000,0.007800,0.000000,0.008200,0.000000,0.000000,0.000000,0.000500,0.001300,0.003300,0.005000,0.000000
172,0.137219,0.668700,0.666800,0.599000,1356.000000,920509702.000000,1396318376.000000,257409024.000000,238329856.000000,1618300928.000000,0.000000,0.000000,0.000400,0.000000,0.000000,0.000000,0.007900,0.000000,0.008200,0.000000,0.000000,0.000000,0.000400,0.001100,0.002600,0.004300,0.000000
173,0.137885,0.671103,0.672500,0.605000,1356.000000,920513798.000000,1396318376.000000,257409024.000000,238333952.000000,1618300928.000000,0.000000,0.000000,0.000400,0.000000,0.000000,0.000000,0.007500,0.000000,0.007900,0.000000,0.000000,0.000000,0.000300,0.001000,0.002400,0.004100,0.000000
174,0.138515,0.633900,0.632600,0.568700,1356.000000,920513798.000000,1396318376.000000,257409024.000000,238333952.000000,1618300928.000000,0.000000,0.000000,0.000400,0.000000,0.000000,0.000000,0.007500,0.000000,0.007900,0.000000,0.000000,0.000000,0.000200,0.001000,0.002200,0.004000,0.000000
175,0.139124,0.609800,0.607400,0.543700,1356.000000,920513798.000000,1396318376.000000,257409024.000000,238333952.000000,1618300928.000000,0.000000,0.000000,0.000400,0.000000,0.000000,0.000000,0.007200,0.000000,0.007700,0.000000,0.000000,0.000000,0.000300,0.001000,0.002100,0.003700,0.000000
176,0.139748,0.620798,0.616800,0.552000,1356.000000,920517894.000000,1396318376.000000,257409024.000000,238338048.000000,1618300928.000000,0.000000,0.000000,0.000400,0.000000,0.000000,0.000000,0.006800,0.000000,0.007600,0.000000,0.000000,0.000000,0.000200,0.001000,0.002200,0.003900,0.000000
177,0.140547,0.783603,0.771600,0.701300,1356.000000,920522150.000000,1396318376.000000,257409024.000000,238342144.000000,1618300928.000000,0.000000,0.000000,0.000400,0.000000,0.000000,0.000000,0.006900,0.000000,0.008600,0.000000,0.000000,0.000000,0.000200,0.001000,0.002400,0.004100,0.000000
178,0.141815,1.249596,1.251600,1.172700,1408.000000,920523134.000000,1396318376.000000,257409024.000000,238342144.000000,1618300928.000000,0.000000,0.000000,0.556100,0.031200,0.008000,0.131600,0.007900,0.015700,0.009800,0.009600,0.015800,0.017900,0.000300,0.001300,0.002500,0.004800,0.000000
179,0.142469,0.686104,0.692600,0.619900,1356.000000,920523798.000000,1396318376.000000,257409024.000000,238342144.000000,1618300928.000000,0.000000,0.000000,0.000500,0.000000,0.000000,0.000000,0.008200,0.000000,0.007900,0.000000,0.000000,0.000000,0.000500,0.001100,0.003100,0.004600,0.000000
180,0.143114,0.643998,0.643700,0.579800,1356.000000,920523798.000000,1396318376.000000,257409024.000000,238342144.000000,1618300928.000000,0.000000,0.000000,0.000400,0.000000,0.000000,0.000000,0.007100,0.000000,0.007900,0.000000,0.000000,0.000000,0.000200,0.000900,0.002300,0.004100,0.000000
181,0.143741,0.616497,0.616000,0.553300,1356.000000,920523798.000000,1396318376.000000,257409024.000000,238342144.000000,1618300928.000000,0.000000,0.000000,0.000400,0.000000,0.000000,0.000000,0.007100,0.000000,0.007600,0.000000,0.000000,0.000000,0.000200,0.001000,0.002300,0.004000,0.000000
182,0.144351,0.625106,0.622900,0.561200,1356.000000,920527894.000000,1396318376.000000,257409024.000000,238346240.000000,1618300928.000000,0.000000,0.000000,0.000400,0.000000,0.000000,0.000000,0.006800,0.000000,0.007800,0.000000,0.000000,0.000000,0.000200,0.001000,0.002300,0.004100,0.000000
183,0.145134,0.742694,0.736800,0.673000,1356.000000,920531990.000000,1396318376.000000,257409024.000000,238350336.000000,1618300928.000000,0.000000,0.000000,0.000400,0.000000,0.000000,0.000000,0.006700,0.000000,0.007400,0.000000,0.000000,0.000000,0.000200,0.001000,0.002200,0.003800,0.000000
184,0.145913,0.799603,0.794300,0.726300,1356.000000,920531990.000000,1396318376.000000,257409024.000000,238350336.000000,1618300928.000000,0.000000,0.000000,0.000400,0.000000,0.000000,0.000000,0.007800,0.000000,0.008600,0.000000,0.000000,0.000000,0.000700,0.001400,0.005100,0.006600,0.000000
185,0.146554,0.655697,0.659200,0.589500,1356.000000,920532006.000000,1396318376.000000,257409024.000000,238350336.000000,1618300928.000000,0.000000,0.000000,0.000400,0.000000,0.000000,0.000000,0.008000,0.000000,0.007900,0.000000,0.000000,0.000000,0.000200,0.001100,0.002600,0.004700,0.000000
186,0.147198,0.646103,0.645000,0.580500,1356.000000,920532006.000000,1396318376.000000,257409024.000000,238350336.000000,1618300928.000000,0.000000,0.000000,0.000400,0.000000,0.000000,0.000000,0.006900,0.000000,0.007800,0.000000,0.000000,0.000000,0.000300,0.001100,0.002500,0.004000,0.000000
187,0.147837,0.635403,0.634500,0.570900,1356.000000,920532006.000000,1396318376.000000,257409024.000000,238350336.000000,1618300928.000000,0.000000,0.000000,0.000300,0.000000,0.000000,0.000000,0.007300,0.000000,0.007900,0.000000,0.000000,0.000000,0.000200,0.001100,0.002300,0.004000,0.000000
188,0.148505,0.659999,0.630200,0.566700,1356.000000,920536102.000000,1396318376.000000,257409024.000000,238354432.000000,1618300928.000000,0.000000,0.000000,0.000300,0.000000,0.000000,0.000000,0.007300,0.000000,0.007900,0.000000,0.000000,0.000000,0.000200,0.001000,0.002500,0.004200,0.000000
189,0.149168,0.672697,0.695700,0.605700,1356.000000,920536102.000000,1396318376.000000,257409024.000000,238354432.000000,1618300928.000000,0.000000,0.000000,0.000400,0.000000,0.000000,0.000000,0.007800,0.000000,0.008000,0.000000,0.000000,0.000000,0.000300,0.001100,0.002300,0.004500,0.000000
190,0.150190,0.943899,0.926500,0.857000,1356.000000,920536102.000000,1396318376.000000,257409024.000000,238354432.000000,1618300928.000000,0.000000,0.000000,0.000400,0.000000,0.000000,0.000000,0.007400,0.000000,0.007800,0.000000,0.000000,0.000000,0.000200,0.001100,0.002300,0.004100,0.000000
191,0.150979,0.845103,0.853100,0.770000,1356.000000,920536102.000000,1396318376.000000,257409024.000000,238354432.000000,1618300928.000000,0.000000,0.000000,0.000500,0.000000,0.000000,0.000000,0.009600,0.000000,0.008800,0.000000,0.000000,0.000000,0.000500,0.001400,0.003900,0.005400,0.000000
192,0.151677,0.718899,0.721700,0.650400,1356.000000,920536102.000000,1396318376.000000,257409024.000000,238354432.000000,1618300928.000000,0.000000,0.000000,0.000400,0.000000,0.000000,0.000000,0.008400,0.000000,0.008400,0.000000,0.000000,0.000000,0.000300,0.001300,0.002700,0.004700,0.000000
193,0.152328,0.646599,0.646300,0.579900,1356.000000,920536102.000000,1396318376.000000,257409024.000000,238354432.000000,1618300928.000000,0.000000,0.000000,0.000300,0.000000,0.000000,0.000000,0.007200,0.000000,0.008100,0.000000,0.000000,0.000000,0.000200,0.001100,0.002500,0.004500,0.000000
194,0.152972,0.648200,0.644900,0.580300,1356.000000,920540198.000000,1396318376.000000,257409024.000000,238358528.000000,1618300928.000000,0.000000,0.000000,0.000300,0.000000,0.000000,0.000000,0.007100,0.000000,0.008300,0.000000,0.000000,0.000000,0.000200,0.001000,0.002500,0.004300,0.000000
195,0.153621,0.649298,0.649800,0.583600,1356.000000,920544294.000000,1396318376.000000,257409024.000000,238362624.000000,1618300928.000000,0.000000,0.000000,0.000400,0.000000,0.000000,0.000000,0.007300,0.000000,0.008000,0.000000,0.000000,0.000000,0.000200,0.001100,0.002500,0.004200,0.000000
196,0.154276,0.659503,0.648800,0.585400,1356.000000,920544294.000000,1396318376.000000,257409024.000000,238362624.000000,1618300928.000000,0.000000,0.000000,0.000400,0.000000,0.000000,0.000000,0.007100,0.000000,0.008000,0.000000,0.000000,0.000000,0.000200,0.001100,0.002400,0.004300,0.000000
197,0.155243,0.818304,0.816300,0.730500,1356.000000,920544294.000000,1396318376.000000,257409024.000000,238362624.000000,1618300928.000000,0.000000,0.000000,0.000400,0.000000,0.000000,0.000000,0.007100,0.000000,0.007800,0.000000,0.000000,0.000000,0.000200,0.001000,0.002400,0.004100,0.000000
198,0.156194,1.034800,1.033200,0.959100,1356.000000,920544294.000000,1396318376.000000,257409024.000000,238362624.000000,1618300928.000000,0.000000,0.000000,0.000500,0.000000,0.000000,0.000000,0.008400,0.000000,0.008900,0.000000,0.000000,0.000000,0.000600,0.001300,0.003600,0.005500,0.000000
199,0.156912,0.771294,0.773900,0.701900,1356.000000,920544294.000000,1396318376.000000,257409024.000000,238362624.000000,1618300928.000000,0.000000,0.000000,0.000400,0.000000,0.000000,0.000000,0.008200,0.000000,0.008600,0.000000,0.000000,0.000000,0.000400,0.001100,0.002600,0.004600,0.000000
200,0.157576,0.648406,0.649100,0.582200,1356.000000,920544294.000000,1396318376.000000,257409024.000000,238362624.000000,1618300928.000000,0.000000,0.000000,0.000400,0.000000,0.000000,0.000000,0.008000,0.000000,0.008300,0.000000,0.000000,0.000000,0.000300,0.001100,0.002300,0.004300,0.000000
201,0.158741,1.168594,1.163300,1.097700,1356.000000,920548494.000000,1396318376.000000,257409024.000000,238366720.000000,1618300928.000000,0.000000,0.000000,0.478200,0.032800,0.008100,0.139100,0.007400,0.018000,0.009800,0.009600,0.015800,0.017900,0.000300,0.001100,0.002400,0.004400,0.000000
202,0.159402,0.676701,0.676500,0.608700,1356.000000,920548422.000000,1396318376.000000,257409024.000000,238366720.000000,1618300928.000000,0.000000,0.000000,0.000400,0.000000,0.000000,0.000000,0.008400,0.000000,0.008100,0.000000,0.000000,0.000000,0.000200,0.001100,0.002700,0.004300,0.000000
203,0.160144,0.728401,0.720700,0.653400,1356.000000,920548422.000000,1396318376.000000,257409024.000000,238366720.000000,1618300928.000000,0.000000,0.000000,0.000500,0.000000,0.000000,0.000000,0.007500,0.000000,0.012100,0.000000,0.000000,0.000000,0.000400,0.001100,0.002400,0.004300,0.000000
204,0.160853,0.718098,0.722400,0.649200,1356.000000,920548422.000000,1396318376.000000,257409024.000000,238366720.000000,1618300928.000000,0.000000,0.000000,0.000500,0.000000,0.000000,0.000000,0.008100,0.000000,0.008100,0.000000,0.000000,0.000000,0.000400,0.001100,0.002600,0.005000,0.000000
205,0.161493,0.651601,0.651800,0.586300,1356.000000,920552518.000000,1396318376.000000,257409024.000000,238370816.000000,1618300928.000000,0.000000,0.000000,0.000500,0.000000,0.000000,0.000000,0.007200,0.000000,0.008000,0.000000,0.000000,0.000000,0.000300,0.001100,0.002400,0.004500,0.000000
206,0.162126,0.636402,0.636000,0.572600,1356.000000,920552518.000000,1396318376.000000,257409024.000000,238370816.000000,1618300928.000000,0.000000,0.000000,0.000400,0.000000,0.000000,0.000000,0.006900,0.000000,0.008100,0.000000,0.000000,0.000000,0.000300,0.001000,0.002300,0.004000,0.000000
207,0.162754,0.627501,0.622800,0.560800,1356.000000,920552518.000000,1396318376.000000,257409024.000000,238370816.000000,1618300928.000000,0.000000,0.000000,0.000400,0.000000,0.000000,0.000000,0.006900,0.000000,0.007900,0.000000,0.000000,0.000000,0.000200,0.001000,0.002100,0.004300,0.000000
208,0.163391,0.637897,0.639000,0.573900,1356.000000,920556614.000000,1396318376.000000,257409024.000000,238374912.000000,1618300928.000000,0.000000,0.000000,0.000400,0.000000,0.000000,0.000000,0.006900,0.000000,0.007800,0.000000,0.000000,0.000000,0.000200,0.001000,0.002100,0.004000,0.000000
209,0.164030,0.615200,0.612300,0.550100,1356.000000,920556614.000000,1396318376.000000,257409024.000000,238374912.000000,1618300928.000000,0.000000,0.000000,0.000400,0.000000,0.000000,0.000000,0.006700,0.000000,0.007900,0.000000,0.000000,0.000000,0.000200,0.001000,0.002200,0.004100,0.000000
210,0.164708,0.681902,0.670400,0.603500,1356.000000,920556614.000000,1396318376.000000,257409024.000000,238374912.000000,1618300928.000000,0.000000,0.000000,0.000400,0.000000,0.000000,0.000000,0.006900,0.000000,0.007900,0.000000,0.000000,0.000000,0.000300,0.001000,0.002300,0.004300,0.000000
211,0.165811,1.077197,1.067700,0.990500,1356.000000,920560710.000000,1396318376.000000,257409024.000000,238379008.000000,1618300928.000000,0.000000,0.000000,0.000400,0.000000,0.000000,0.000000,0.008100,0.000000,0.008200,0.000000,0.000000,0.000000,0.000300,0.001100,0.002500,0.004200,0.000000
212,0.166547,0.760006,0.768500,0.686600,1356.000000,920560710.000000,1396318376.000000,257409024.000000,238379008.000000,1618300928.000000,0.000000,0.000000,0.000400,0.000000,0.000000,0.000000,0.010700,0.000000,0.009000,0.000000,0.000000,0.000000,0.000500,0.001200,0.002900,0.004800,0.000000
213,0.167238,0.702197,0.705100,0.634900,1356.000000,920560710.000000,1396318376.000000,257409024.000000,238379008.000000,1618300928.000000,0.000000,0.000000,0.000400,0.000000,0.000000,0.000000,0.008300,0.000000,0.008400,0.000000,0.000000,0.000000,0.000400,0.001100,0.002600,0.004400,0.000000
214,0.167889,0.655903,0.655500,0.590400,1356.000000,920564806.000000,1396318376.000000,257409024.000000,238383104.000000,1618300928.000000,0.000000,0.000000,0.000400,0.000000,0.000000,0.000000,0.007300,0.000000,0.008500,0.000000,0.000000,0.000000,0.000300,0.001100,0.002300,0.004300,0.000000
215,0.168514,0.627799,0.626500,0.563200,1356.000000,920564806.000000,1396318376.000000,257409024.000000,238383104.000000,1618300928.000000,0.000000,0.000000,0.000500,0.000000,0.000000,0.000000,0.007200,0.000000,0.007900,0.000000,0.000000,0.000000,0.000200,0.001000,0.002400,0.004100,0.000000
216,0.169141,0.626297,0.625100,0.562400,1356.000000,920564806.000000,1396318376.000000,257409024.000000,238383104.000000,1618300928.000000,0.000000,0.000000,0.000400,0.000000,0.000000,0.000000,0.006900,0.000000,0.008000,0.000000,0.000000,0.000000,0.000300,0.001000,0.002200,0.004200,0.000000
217,0.169819,0.664505,0.658200,0.594900,1356.000000,920564806.000000,1396318376.000000,257409024.000000,238383104.000000,1618300928.000000,0.000000,0.000000,0.000300,0.000000,0.000000,0.000000,0.006900,0.000000,0.007900,0.000000,0.000000,0.000000,0.000200,0.001000,0.002400,0.004200,0.000000
218,0.170635,0.813598,0.805500,0.737300,1356.000000,920564806.000000,1396318376.000000,257409024.000000,238383104.000000,1618300928.000000,0.000000,0.000000,0.000500,0.000000,0.000000,0.000000,0.008100,0.000000,0.007900,0.000000,0.000000,0.000000,0.000400,0.001100,0.002400,0.004400,0.000000
219,0.171479,0.844097,0.845200,0.770600,1356.000000,920564806.000000,1396318376.000000,257409024.000000,238383104.000000,1618300928.000000,0.000000,0.000000,0.000400,0.000000,0.000000,0.000000,0.008800,0.000000,0.007900,0.000000,0.000000,0.000000,0.000200,0.001000,0.002200,0.004700,0.000000
220,0.172261,0.780201,0.728700,0.658600,1356.000000,920568902.000000,1396318376.000000,257409024.000000,238387200.000000,1618300928.000000,0.000000,0.000000,0.000400,0.000000,0.000000,0.000000,0.007800,0.000000,0.008300,0.000000,0.000000,0.000000,0.000300,0.001100,0.002600,0.004300,0.000000
221,0.172967,0.713102,0.762600,0.643900,1356.000000,920568902.000000,1396318376.000000,257409024.000000,238387200.000000,1618300928.000000,0.000000,0.000000,0.000500,0.000000,0.000000,0.000000,0.008000,0.000000,0.008300,0.000000,0.000000,0.000000,0.000300,0.001100,0.002600,0.004500,0.000000
222,0.173675,0.711898,0.710500,0.642900,1356.000000,920568902.000000,1396318376.000000,257409024.000000,238387200.000000,1618300928.000000,0.000000,0.000000,0.000500,0.000000,0.000000,0.000000,0.007700,0.000000,0.018400,0.000000,0.000000,0.000000,0.000200,0.001000,0.002500,0.004400,0.000000
223,0.174366,0.681399,0.678700,0.610900,1356.000000,920568902.000000,1396318376.000000,257409024.000000,238387200.000000,1618300928.000000,0.000000,0.000000,0.000400,0.000000,0.000000,0.000000,0.007500,0.000000,0.007900,0.000000,0.000000,0.000000,0.000200,0.001100,0.002600,0.004200,0.000000
224,0.175969,1.473299,1.455000,1.379800,1356.000000,920569006.000000,1396318376.000000,257409024.000000,238387200.000000,1618300928.000000,0.000000,0.000000,0.529800,0.033100,0.008100,0.185700,0.008600,0.018300,0.010400,0.010000,0.016200,0.017800,0.000400,0.001100,0.002500,0.005000,0.000000
225,0.176707,0.862500,0.872800,0.787600,1356.000000,920568934.000000,1396318376.000000,257409024.000000,238387200.000000,1618300928.000000,0.000000,0.000000,0.000500,0.000000,0.000000,0.000000,0.010400,0.000000,0.008500,0.000000,0.000000,0.000000,0.000400,0.001100,0.003400,0.005000,0.000000
226,0.177377,0.681200,0.682800,0.611100,1356.000000,920573030.000000,1396318376.000000,257409024.000000,238391296.000000,1618300928.000000,0.000000,0.000000,0.000400,0.000000,0.000000,0.000000,0.008000,0.000000,0.008100,0.000000,0.000000,0.000000,0.000300,0.001000,0.002800,0.004400,0.000000
227,0.178029,0.651800,0.652600,0.584400,1356.000000,920577126.000000,1396318376.000000,257409024.000000,238395392.000000,1618300928.000000,0.000000,0.000000,0.000400,0.000000,0.000000,0.000000,0.007300,0.000000,0.008200,0.000000,0.000000,0.000000,0.000200,0.001000,0.002700,0.004400,0.000000
228,0.178665,0.643899,0.642000,0.576100,1356.000000,920581222.000000,1396318376.000000,257409024.000000,238399488.000000,1618300928.000000,0.000000,0.000000,0.000500,0.000000,0.000000,0.000000,0.007200,0.000000,0.008100,0.000000,0.000000,0.000000,0.000300,0.001000,0.002600,0.004300,0.000000
229,0.179309,0.642000,0.640400,0.574600,1356.000000,920581222.000000,1396318376.000000,257409024.000000,238399488.000000,1618300928.000000,0.000000,0.000000,0.000400,0.000000,0.000000,0.000000,0.007100,0.000000,0.007900,0.000000,0.000000,0.000000,0.000200,0.001100,0.002500,0.004500,0.000000
230,0.180301,0.944005,0.869200,0.800900,1356.000000,920581222.000000,1396318376.000000,257409024.000000,238399488.000000,1618300928.000000,0.000000,0.000000,0.000400,0.000000,0.000000,0.000000,0.007200,0.000000,0.007700,0.000000,0.000000,0.000000,0.000200,0.001000,0.002400,0.004400,0.000000
231,0.181360,1.086798,1.146500,1.009300,1356.000000,920581222.000000,1396318376.000000,257409024.000000,238399488.000000,1618300928.000000,0.000000,0.000000,0.000400,0.000000,0.000000,0.000000,0.009600,0.000000,0.009400,0.000000,0.000000,0.000000,0.000400,0.001700,0.003100,0.005500,0.000000
232,0.182043,0.692701,0.698300,0.621700,1356.000000,920581222.000000,1396318376.000000,257409024.000000,238399488.000000,1618300928.000000,0.000000,0.000000,0.000400,0.000000,0.000000,0.000000,0.008100,0.000000,0.008700,0.000000,0.000000,0.000000,0.000300,0.001300,0.002700,0.004500,0.000000
233,0.182683,0.645996,0.643600,0.574700,1356.000000,920585318.000000,1396318376.000000,257409024.000000,238403584.000000,1618300928.000000,0.000000,0.000000,0.000400,0.000000,0.000000,0.000000,0.007500,0.000000,0.008000,0.000000,0.000000,0.000000,0.000200,0.001200,0.002600,0.004400,0.000000
234,0.183469,0.784800,0.784400,0.714900,1356.000000,920585318.000000,1396318376.000000,257409024.000000,238403584.000000,1618300928.000000,0.000000,0.000000,0.000500,0.000000,0.000000,0.000000,0.007400,0.000000,0.007700,0.000000,0.000000,0.000000,0.000200,0.001100,0.002700,0.004400,0.000000
235,0.184172,0.689300,0.689800,0.622400,1356.000000,920585318.000000,1396318376.000000,257409024.000000,238403584.000000,1618300928.000000,0.000000,0.000000,0.000400,0.000000,0.000000,0.000000,0.007800,0.000000,0.008200,0.000000,0.000000,0.000000,0.000300,0.001100,0.002500,0.004100,0.000000
236,0.184825,0.665901,0.660100,0.595000,1356.000000,920585318.000000,1396318376.000000,257409024.000000,238403584.000000,1618300928.000000,0.000000,0.000000,0.000400,0.000000,0.000000,0.000000,0.007600,0.000000,0.008100,0.000000,0.000000,0.000000,0.000300,0.001100,0.002600,0.004400,0.000000
237,0.185735,0.888499,0.878200,0.805800,1356.000000,920589558.000000,1396318376.000000,257409024.000000,238407680.000000,1618305024.000000,0.000000,0.000000,0.000300,0.000000,0.000000,0.000000,0.007100,0.000000,0.007900,0.000000,0.000000,0.000000,0.000200,0.001000,0.002300,0.004200,0.000000
238,0.186510,0.793700,0.800900,0.723100,1356.000000,920590382.000000,1396318376.000000,257409024.000000,238407680.000000,1618305024.000000,0.000000,0.000000,0.000400,0.000000,0.000000,0.000000,0.009400,0.000000,0.008700,0.000000,0.000000,0.000000,0.000300,0.001200,0.002800,0.004600,0.000000
239,0.187168,0.664704,0.663300,0.595000,1356.000000,920590414.000000,1396318376.000000,257409024.000000,238407680.000000,1618305024.000000,0.000000,0.000000,0.000400,0.000000,0.000000,0.000000,0.007800,0.000000,0.008000,0.000000,0.000000,0.000000,0.000300,0.001100,0.002700,0.004200,0.000000
240,0.187811,0.646096,0.647700,0.580200,1356.000000,920594510.000000,1396318376.000000,257409024.000000,238411776.000000,1618305024.000000,0.000000,0.000000,0.000400,0.000000,0.000000,0.000000,0.007000,0.000000,0.008100,0.000000,0.000000,0.000000,0.000300,0.001000,0.002700,0.004000,0.000000
241,0.188442,0.632603,0.631200,0.567700,1356.000000,920594510.000000,1396318376.000000,257409024.000000,238411776.000000,1618305024.000000,0.000000,0.000000,0.000400,0.000000,0.000000,0.000000,0.007200,0.000000,0.008000,0.000000,0.000000,0.000000,0.000300,0.001100,0.002800,0.004300,0.000000
242,0.189073,0.624497,0.621100,0.557700,1356.000000,920594510.000000,1396318376.000000,257409024.000000,238411776.000000,1618305024.000000,0.000000,0.000000,0.000400,0.000000,0.000000,0.000000,0.006900,0.000000,0.007500,0.000000,0.000000,0.000000,0.000200,0.001100,0.002700,0.004000,0.000000
243,0.189708,0.638202,0.639500,0.574900,1356.000000,920596629.000000,1396318376.000000,257409024.000000,238411776.000000,1618305024.000000,0.000000,0.000000,0.000400,0.000000,0.000000,0.000000,0.007700,0.000000,0.008300,0.000000,0.000000,0.000000,0.000400,0.001100,0.002600,0.004300,0.000000
244,0.190550,0.824001,0.810900,0.744800,1356.000000,920594510.000000,1396318376.000000,257409024.000000,238411776.000000,1618305024.000000,0.000000,0.000000,0.000400,0.000000,0.000000,0.000000,0.007300,0.000000,0.007900,0.000000,0.000000,0.000000,0.000200,0.001000,0.002500,0.004300,0.000000
245,0.191737,1.187798,1.184300,1.109600,1356.000000,920598894.000000,1396318376.000000,257409024.000000,238415872.000000,1618305024.000000,0.000000,0.000000,0.483400,0.029600,0.008300,0.153400,0.008100,0.016900,0.009500,0.009700,0.015600,0.008600,0.000300,0.001200,0.003000,0.004300,0.000000
246,0.192373,0.657100,0.665200,0.591900,1356.000000,920603654.000000,1396318376.000000,257409024.000000,238419968.000000,1618305024.000000,0.000000,0.000000,0.000500,0.000000,0.000000,0.000000,0.007900,0.000000,0.008000,0.000000,0.000000,0.000000,0.000200,0.001000,0.002600,0.004400,0.000000
247,0.193017,0.642000,0.640500,0.576400,1356.000000,920607750.000000,1396318376.000000,257409024.000000,238424064.000000,1618305024.000000,0.000000,0.000000,0.000400,0.000000,0.000000,0.000000,0.007000,0.000000,0.008000,0.000000,0.000000,0.000000,0.000200,0.001100,0.002300,0.004100,0.000000
248,0.193636,0.624199,0.622600,0.558900,1356.000000,920607750.000000,1396318376.000000,257409024.000000,238424064.000000,1618305024.000000,0.000000,0.000000,0.000400,0.000000,0.000000,0.000000,0.007200,0.000000,0.007800,0.000000,0.000000,0.000000,0.000200,0.001100,0.002500,0.004000,0.000000
249,0.194352,0.707405,0.704500,0.641300,1356.000000,920607750.000000,1396318376.000000,257409024.000000,238424064.000000,1618305024.000000,0.000000,0.000000,0.000300,0.000000,0.000000,0.000000,0.007000,0.000000,0.007900,0.000000,0.000000,0.000000,0.000200,0.001100,0.002300,0.004000,0.000000
250,0.195350,0.956094,0.941200,0.871900,1356.000000,920607750.000000,1396318376.000000,257409024.000000,238424064.000000,1618305024.000000,0.000000,0.000000,0.000400,0.000000,0.000000,0.000000,0.007500,0.000000,0.008000,0.000000,0.000000,0.000000,0.000200,0.001000,0.002500,0.004000,0.000000
251,0.196152,0.822406,0.826100,0.746400,1356.000000,920607750.000000,1396318376.000000,257409024.000000,238424064.000000,1618305024.000000,0.000000,0.000000,0.000500,0.000000,0.000000,0.000000,0.010400,0.000000,0.009300,0.000000,0.000000,0.000000,0.000400,0.001400,0.002900,0.004900,0.000000
252,0.196815,0.682696,0.685900,0.614400,1356.000000,920611846.000000,1396318376.000000,257409024.000000,238428160.000000,1618305024.000000,0.000000,0.000000,0.000500,0.000000,0.000000,0.000000,0.008200,0.000000,0.008400,0.000000,0.000000,0.000000,0.000400,0.001100,0.002900,0.004800,0.000000
253,0.197457,0.645401,0.643100,0.576100,1356.000000,920611846.000000,1396318376.000000,257409024.000000,238428160.000000,1618305024.000000,0.000000,0.000000,0.000400,0.000000,0.000000,0.000000,0.007600,0.000000,0.008000,0.000000,0.000000,0.000000,0.000300,0.001100,0.002800,0.004400,0.000000
254,0.198100,0.647803,0.647000,0.580700,1356.000000,920611862.000000,1396318376.000000,257409024.000000,238428160.000000,1618305024.000000,0.000000,0.000000,0.000400,0.000000,0.000000,0.000000,0.007200,0.000000,0.007900,0.000000,0.000000,0.000000,0.000200,0.001000,0.002600,0.004200,0.000000
255,0.198760,0.622095,0.622300,0.556800,1356.000000,920611862.000000,1396318376.000000,257409024.000000,238428160.000000,1618305024.000000,0.000000,0.000000,0.000300,0.000000,0.000000,0.000000,0.007400,0.000000,0.007900,0.000000,0.000000,0.000000,0.000300,0.001000,0.002400,0.004400,0.000000
256,0.199468,0.733999,0.727800,0.662500,1356.000000,920611862.000000,1396318376.000000,257409024.000000,238428160.000000,1618305024.000000,0.000000,0.000000,0.000400,0.000000,0.000000,0.000000,0.007200,0.000000,0.008800,0.000000,0.000000,0.000000,0.000700,0.001100,0.004100,0.005800,0.000000
257,0.200492,0.988903,0.974100,0.900900,1356.000000,920611862.000000,1396318376.000000,257409024.000000,238428160.000000,1618305024.000000,0.000000,0.000000,0.000400,0.000000,0.000000,0.000000,0.007600,0.000000,0.014200,0.000000,0.000000,0.000000,0.000200,0.001100,0.002300,0.004200,0.000000
258,0.201471,1.006902,1.011100,0.930200,1356.000000,920611862.000000,1396318376.000000,257409024.000000,238428160.000000,1618305024.000000,0.000000,0.000000,0.000400,0.000000,0.000000,0.000000,0.009800,0.000000,0.009200,0.000000,0.000000,0.000000,0.000400,0.001400,0.003100,0.005300,0.000000
259,0.202154,0.698895,0.702700,0.629400,1356.000000,920615958.000000,1396318376.000000,257409024.000000,238432256.000000,1618305024.000000,0.000000,0.000000,0.000500,0.000000,0.000000,0.000000,0.007900,0.000000,0.008300,0.000000,0.000000,0.000000,0.000300,0.001200,0.002700,0.004400,0.000000
260,0.202784,0.630400,0.633300,0.565800,1356.000000,920615958.000000,1396318376.000000,257409024.000000,238432256.000000,1618305024.000000,0.000000,0.000000,0.000300,0.000000,0.000000,0.000000,0.007100,0.000000,0.008200,0.000000,0.000000,0.000000,0.000200,0.001100,0.002500,0.004400,0.000000
261,0.203416,0.632001,0.628500,0.565900,1356.000000,920615958.000000,1396318376.000000,257409024.000000,238432256.000000,1618305024.000000,0.000000,0.000000,0.000300,0.000000,0.000000,0.000000,0.007100,0.000000,0.007700,0.000000,0.000000,0.000000,0.000200,0.001100,0.002600,0.004200,0.000000
262,0.204058,0.633603,0.633800,0.569400,1356.000000,920620054.000000,1396318376.000000,257409024.000000,238436352.000000,1618305024.000000,0.000000,0.000000,0.000400,0.000000,0.000000,0.000000,0.007200,0.000000,0.008000,0.000000,0.000000,0.000000,0.000200,0.001100,0.002600,0.004300,0.000000
263,0.204706,0.658000,0.644800,0.582200,1356.000000,920620054.000000,1396318376.000000,257409024.000000,238436352.000000,1618305024.000000,0.000000,0.000000,0.000400,0.000000,0.000000,0.000000,0.007100,0.000000,0.007500,0.000000,0.000000,0.000000,0.000300,0.001100,0.002500,0.004200,0.000000
264,0.205849,1.123696,1.121700,1.042900,1356.000000,920609254.000000,1396318376.000000,257409024.000000,238436352.000000,1618305024.000000,0.000000,0.000000,0.000400,0.000000,0.000000,0.000000,0.007600,0.000000,0.008000,0.000000,0.000000,0.000000,0.000300,0.001100,0.002800,0.003700,0.000000
265,0.206532,0.698101,0.705600,0.631400,1356.000000,920613382.000000,1396318376.000000,257409024.000000,238440448.000000,1618305024.000000,0.000000,0.000000,0.000300,0.000000,0.000000,0.000000,0.008500,0.000000,0.008100,0.000000,0.000000,0.000000,0.000300,0.001100,0.002900,0.004400,0.000000
266,0.207164,0.638903,0.640000,0.575900,1356.000000,920614190.000000,1396318376.000000,257409024.000000,238440448.000000,1618305024.000000,0.000000,0.000000,0.000400,0.000000,0.000000,0.000000,0.007400,0.000000,0.007600,0.000000,0.000000,0.000000,0.000300,0.001000,0.002600,0.004200,0.000000
267,0.208338,1.148902,1.142000,1.078700,1356.000000,920614494.000000,1396318376.000000,257409024.000000,238440448.000000,1618321408.000000,0.000000,0.000000,0.484000,0.030800,0.008200,0.147100,0.006900,0.015900,0.009700,0.009300,0.015500,0.017100,0.000300,0.001100,0.002400,0.004200,0.000000
268,0.208993,0.674596,0.674200,0.607200,1356.000000,920619254.000000,1396318376.000000,257409024.000000,238444544.000000,1618321408.000000,0.000000,0.000000,0.000400,0.000000,0.000000,0.000000,0.008400,0.000000,0.008500,0.000000,0.000000,0.000000,0.000300,0.001100,0.002500,0.004300,0.000000
269,0.209820,0.766504,0.711500,0.636200,1356.000000,920619254.000000,1396318376.000000,257409024.000000,238444544.000000,1618321408.000000,0.000000,0.000000,0.000400,0.000000,0.000000,0.000000,0.007500,0.000000,0.008000,0.000000,0.000000,0.000000,0.000200,0.001100,0.002500,0.004500,0.000000
270,0.210647,0.861196,0.899800,0.785700,1356.000000,920619254.000000,1396318376.000000,257409024.000000,238444544.000000,1618321408.000000,0.000000,0.000000,0.000500,0.000000,0.000000,0.000000,0.012300,0.000000,0.010700,0.000000,0.000000,0.000000,0.000300,0.001500,0.002800,0.004700,0.000000
271,0.211516,0.883603,0.886300,0.809200,1356.000000,920629006.000000,1396318376.000000,257409024.000000,238444544.000000,1618321408.000000,0.000000,0.000000,0.000400,0.000000,0.000000,0.000000,0.008900,0.000000,0.008300,0.000000,0.000000,0.000000,0.000400,0.001100,0.002700,0.004700,0.000000
272,0.212211,0.707200,0.708900,0.636400,1356.000000,920634958.000000,1396318376.000000,257409024.000000,238448640.000000,1618321408.000000,0.000000,0.000000,0.000500,0.000000,0.000000,0.000000,0.008000,0.000000,0.008100,0.000000,0.000000,0.000000,0.000300,0.001100,0.002500,0.004600,0.000000
273,0.212931,0.708298,0.707600,0.638600,1356.000000,920634982.000000,1396318376.000000,257409024.000000,238448640.000000,1618321408.000000,0.000000,0.000000,0.000400,0.000000,0.000000,0.000000,0.007200,0.000000,0.009200,0.000000,0.000000,0.000000,0.000700,0.001100,0.004000,0.005600,0.000000
274,0.213585,0.660799,0.659300,0.592300,1356.000000,920635006.000000,1396318376.000000,257409024.000000,238448640.000000,1618321408.000000,0.000000,0.000000,0.000400,0.000000,0.000000,0.000000,0.007700,0.000000,0.007900,0.000000,0.000000,0.000000,0.000200,0.001100,0.002600,0.004400,0.000000
275,0.214248,0.671301,0.672600,0.606000,1356.000000,920635006.000000,1396318376.000000,257409024.000000,238448640.000000,1618321408.000000,0.000000,0.000000,0.000400,0.000000,0.000000,0.000000,0.007500,0.000000,0.007800,0.000000,0.000000,0.000000,0.000300,0.001000,0.002700,0.004200,0.000000
276,0.215501,0.967304,0.914200,0.845300,1356.000000,920635006.000000,1396318376.000000,257409024.000000,238448640.000000,1618321408.000000,0.000000,0.000000,0.000400,0.000000,0.000000,0.000000,0.007200,0.000000,0.008100,0.000000,0.000000,0.000000,0.000300,0.001100,0.002500,0.004500,0.000000
277,0.216716,1.466199,1.500200,1.385300,1356.000000,920635038.000000,1396318376.000000,257409024.000000,238448640.000000,1618321408.000000,0.000000,0.000000,0.000500,0.000000,0.000000,0.000000,0.011800,0.000000,0.017700,0.000000,0.000000,0.000000,0.001100,0.001800,0.004600,0.008100,0.000000
278,0.217642,0.942397,0.951000,0.871500,1356.000000,920639134.000000,1396318376.000000,257409024.000000,238452736.000000,1618321408.000000,0.000000,0.000000,0.000400,0.000000,0.000000,0.000000,0.008500,0.000000,0.014600,0.000000,0.000000,0.000000,0.000700,0.001300,0.002900,0.005100,0.000000
279,0.218538,0.900099,0.897900,0.829800,1356.000000,920643230.000000,1396318376.000000,257409024.000000,238456832.000000,1618321408.000000,0.000000,0.000000,0.000400,0.000000,0.000000,0.000000,0.007600,0.000000,0.013100,0.000000,0.000000,0.000000,0.000500,0.001200,0.003000,0.004300,0.000000
280,0.219477,0.918502,0.918500,0.850700,1356.000000,920643230.000000,1396318376.000000,257409024.000000,238456832.000000,1618321408.000000,0.000000,0.000000,0.000400,0.000000,0.000000,0.000000,0.007700,0.000000,0.011700,0.000000,0.000000,0.000000,0.000300,0.001000,0.002600,0.004200,0.000000
281,0.220667,1.169997,1.150600,1.077900,1356.000000,920643246.000000,1396318376.000000,257409024.000000,238456832.000000,1618321408.000000,0.000000,0.000000,0.000400,0.000000,0.000000,0.000000,0.008000,0.000000,0.011500,0.000000,0.000000,0.000000,0.000700,0.009400,0.004400,0.005700,0.000000
282,0.221708,1.071705,1.077700,0.992800,1356.000000,920643246.000000,1396318376.000000,257409024.000000,238456832.000000,1618321408.000000,0.000000,0.000000,0.000400,0.000000,0.000000,0.000000,0.009600,0.000000,0.017600,0.000000,0.000000,0.000000,0.000500,0.001300,0.003100,0.005300,0.000000
283,0.222640,0.934198,0.934100,0.859100,1356.000000,920643246.000000,1396318376.000000,257409024.000000,238456832.000000,1618321408.000000,0.000000,0.000000,0.000400,0.000000,0.000000,0.000000,0.008400,0.000000,0.012700,0.000000,0.000000,0.000000,0.000300,0.001300,0.003000,0.004700,0.000000
284,0.223532,0.905598,0.909800,0.837700,1356.000000,920647342.000000,1396318376.000000,257409024.000000,238460928.000000,1618321408.000000,0.000000,0.000000,0.000500,0.000000,0.000000,0.000000,0.007900,0.000000,0.012800,0.000000,0.000000,0.000000,0.000200,0.001100,0.002600,0.004600,0.000000
285,0.224447,0.904400,0.904200,0.837900,1356.000000,920647342.000000,1396318376.000000,257409024.000000,238460928.000000,1618321408.000000,0.000000,0.000000,0.000500,0.000000,0.000000,0.000000,0.007700,0.000000,0.011400,0.000000,0.000000,0.000000,0.000400,0.001100,0.002500,0.004300,0.000000
286,0.226368,1.849901,1.813500,1.736700,1356.000000,920647534.000000,1396318376.000000,257409024.000000,238460928.000000,1618321408.000000,0.000000,0.000000,0.579600,0.078400,0.008600,0.132400,0.007100,0.017400,0.021700,0.010200,0.017000,0.012600,0.000300,0.004500,0.002600,0.010600,0.000000
287,0.227430,1.120699,1.140600,1.040400,1356.000000,920648198.000000,1396318376.000000,257409024.000000,238460928.000000,1618321408.000000,0.000000,0.000000,0.000400,0.000000,0.000000,0.000000,0.011400,0.000000,0.017000,0.000000,0.000000,0.000000,0.000400,0.001300,0.003300,0.005500,0.000000
288,0.228371,0.956902,0.960700,0.883600,1356.000000,920648198.000000,1396318376.000000,257409024.000000,238460928.000000,1618321408.000000,0.000000,0.000000,0.000400,0.000000,0.000000,0.000000,0.007900,0.000000,0.017200,0.000000,0.000000,0.000000,0.000500,0.001100,0.003200,0.004800,0.000000
289,0.229280,0.904904,0.904000,0.832700,1356.000000,920648198.000000,1396318376.000000,257409024.000000,238460928.000000,1618321408.000000,0.000000,0.000000,0.000400,0.000000,0.000000,0.000000,0.008100,0.000000,0.011100,0.000000,0.000000,0.000000,0.000300,0.001100,0.002500,0.004200,0.000000
290,0.230410,1.094196,1.056300,0.981600,1356.000000,920652294.000000,1396318376.000000,257409024.000000,238465024.000000,1618321408.000000,0.000000,0.000000,0.000500,0.000000,0.000000,0.000000,0.008400,0.000000,0.014500,0.000000,0.000000,0.000000,0.000400,0.001000,0.002700,0.004300,0.000000
291,0.231492,1.110998,1.142900,1.039400,1356.000000,920656390.000000,1396318376.000000,257409024.000000,238469120.000000,1618321408.000000,0.000000,0.000000,0.000500,0.000000,0.000000,0.000000,0.010200,0.000000,0.021700,0.000000,0.000000,0.000000,0.000600,0.001400,0.003500,0.005300,0.000000
292,0.232465,0.970599,0.973500,0.902700,1356.000000,920656390.000000,1396318376.000000,257409024.000000,238469120.000000,1618321408.000000,0.000000,0.000000,0.000500,0.000000,0.000000,0.000000,0.007900,0.000000,0.012300,0.000000,0.000000,0.000000,0.000600,0.001300,0.002900,0.004400,0.000000
293,0.233354,0.903302,0.893700,0.826700,1356.000000,920656390.000000,1396318376.000000,257409024.000000,238469120.000000,1618321408.000000,0.000000,0.000000,0.000400,0.000000,0.000000,0.000000,0.007500,0.000000,0.013700,0.000000,0.000000,0.000000,0.000400,0.001200,0.002900,0.004800,0.000000
294,0.234242,0.888499,0.892400,0.819200,1356.000000,920656390.000000,1396318376.000000,257409024.000000,238469120.000000,1618321408.000000,0.000000,0.000000,0.000500,0.000000,0.000000,0.000000,0.007800,0.000000,0.015800,0.000000,0.000000,0.000000,0.000400,0.001100,0.002700,0.004500,0.000000
295,0.235363,1.087805,1.054400,0.975100,1356.000000,920656390.000000,1396318376.000000,257409024.000000,238469120.000000,1618321408.000000,0.000000,0.000000,0.000400,0.000000,0.000000,0.000000,0.007600,0.000000,0.008900,0.000000,0.000000,0.000000,0.000400,0.001100,0.002600,0.004500,0.000000
296,0.236398,1.061798,1.086500,0.991100,1356.000000,920660510.000000,1396318376.000000,257409024.000000,238473216.000000,1618321408.000000,0.000000,0.000000,0.000400,0.000000,0.000000,0.000000,0.008600,0.000000,0.014800,0.000000,0.000000,0.000000,0.000400,0.001200,0.003200,0.004900,0.000000
297,0.237301,0.906101,0.905500,0.833800,1356.000000,920664606.000000,1396318376.000000,257409024.000000,238477312.000000,1618321408.000000,0.000000,0.000000,0.000500,0.000000,0.000000,0.000000,0.008000,0.000000,0.014500,0.000000,0.000000,0.000000,0.000200,0.001100,0.002900,0.004600,0.000000
298,0.238211,0.907100,0.905900,0.835700,1356.000000,920664606.000000,1396318376.000000,257409024.000000,238477312.000000,1618321408.000000,0.000000,0.000000,0.000400,0.000000,0.000000,0.000000,0.008000,0.000000,0.015100,0.000000,0.000000,0.000000,0.000300,0.001100,0.002700,0.004700,0.000000
299,0.239065,0.858596,0.855200,0.785900,1356.000000,920664606.000000,1396318376.000000,257409024.000000,238477312.000000,1618321408.000000,0.000000,0.000000,0.000400,0.000000,0.000000,0.000000,0.008300,0.000000,0.012000,0.000000,0.000000,0.000000,0.000400,0.001200,0.002800,0.004600,0.000000
300,0.240067,0.951098,0.941700,0.870000,1356.000000,920664606.000000,1396318376.000000,257409024.000000,238477312.000000,1618321408.000000,0.000000,0.000000,0.000400,0.000000,0.000000,0.000000,0.008200,0.000000,0.013900,0.000000,0.000000,0.000000,0.000400,0.001200,0.002500,0.004300,0.000000
301,0.241125,1.100602,1.100300,1.019200,1356.000000,920668702.000000,1396318376.000000,257409024.000000,238481408.000000,1618321408.000000,0.000000,0.000000,0.000500,0.000000,0.000000,0.000000,0.008800,0.000000,0.016000,0.000000,0.000000,0.000000,0.000700,0.001200,0.004000,0.006700,0.000000
302,0.242576,1.441100,1.424800,1.348900,1356.000000,920658022.000000,1396318376.000000,257409024.000000,238481408.000000,1618321408.000000,0.000000,0.000000,0.520700,0.033400,0.008200,0.163700,0.008500,0.018100,0.010300,0.010100,0.016300,0.017500,0.000400,0.001200,0.002800,0.004900,0.000000
303,0.243275,0.723399,0.741000,0.651800,1356.000000,920657950.000000,1396318376.000000,257409024.000000,238481408.000000,1618321408.000000,0.000000,0.000000,0.000500,0.000000,0.000000,0.000000,0.008900,0.000000,0.008600,0.000000,0.000000,0.000000,0.000300,0.001100,0.002800,0.004600,0.000000
304,0.243972,0.676403,0.675200,0.604600,1356.000000,920662046.000000,1396318376.000000,257409024.000000,238485504.000000,1618321408.000000,0.000000,0.000000,0.000500,0.000000,0.000000,0.000000,0.007500,0.000000,0.008400,0.000000,0.000000,0.000000,0.000300,0.001200,0.002600,0.004500,0.000000
305,0.244704,0.724199,0.702500,0.632700,1356.000000,920662046.000000,1396318376.000000,257409024.000000,238485504.000000,1618321408.000000,0.000000,0.000000,0.000400,0.000000,0.000000,0.000000,0.008300,0.000000,0.008400,0.000000,0.000000,0.000000,0.000200,0.001100,0.002600,0.004500,0.000000
306,0.245740,1.017099,1.015000,0.917300,1356.000000,920662046.000000,1396318376.000000,257409024.000000,238485504.000000,1618321408.000000,0.000000,0.000000,0.000400,0.000000,0.000000,0.000000,0.014200,0.000000,0.008500,0.000000,0.000000,0.000000,0.000400,0.001200,0.002600,0.004800,0.000000
307,0.246555,0.856399,0.869200,0.778400,1356.000000,920662046.000000,1396318376.000000,257409024.000000,238485504.000000,1618321408.000000,0.000000,0.000000,0.000400,0.000000,0.000000,0.000000,0.010200,0.000000,0.008600,0.000000,0.000000,0.000000,0.000500,0.001300,0.003400,0.005100,0.000000
308,0.247252,0.707703,0.714300,0.641300,1356.000000,920662046.000000,1396318376.000000,257409024.000000,238485504.000000,1618321408.000000,0.000000,0.000000,0.000500,0.000000,0.000000,0.000000,0.007900,0.000000,0.008200,0.000000,0.000000,0.000000,0.000300,0.001200,0.002700,0.004500,0.000000
309,0.247916,0.664300,0.663300,0.598400,1356.000000,920662046.000000,1396318376.000000,257409024.000000,238485504.000000,1618321408.000000,0.000000,0.000000,0.000400,0.000000,0.000000,0.000000,0.007100,0.000000,0.008000,0.000000,0.000000,0.000000,0.000400,0.001100,0.002500,0.004200,0.000000
310,0.248613,0.690200,0.654400,0.590700,1356.000000,920666142.000000,1396318376.000000,257409024.000000,238489600.000000,1618321408.000000,0.000000,0.000000,0.000400,0.000000,0.000000,0.000000,0.006900,0.000000,0.007900,0.000000,0.000000,0.000000,0.000300,0.001100,0.002300,0.004400,0.000000
311,0.249313,0.704103,0.733600,0.637300,1356.000000,920670238.000000,1396318376.000000,257409024.000000,238493696.000000,1618321408.000000,0.000000,0.000000,0.000400,0.000000,0.000000,0.000000,0.006700,0.000000,0.007900,0.000000,0.000000,0.000000,0.000300,0.001000,0.002600,0.004200,0.000000
312,0.250425,0.966199,0.947600,0.875800,1356.000000,920670238.000000,1396318376.000000,257409024.000000,238493696.000000,1618321408.000000,0.000000,0.000000,0.000400,0.000000,0.000000,0.000000,0.007400,0.000000,0.007900,0.000000,0.000000,0.000000,0.000400,0.001100,0.002300,0.004300,0.000000
313,0.251349,1.043197,1.048500,0.962300,1356.000000,920674334.000000,1396318376.000000,257409024.000000,238497792.000000,1618321408.000000,0.000000,0.000000,0.000400,0.000000,0.000000,0.000000,0.010000,0.000000,0.010300,0.000000,0.000000,0.000000,0.000900,0.001700,0.004400,0.006800,0.000000
314,0.252041,0.719104,0.724900,0.649500,1356.000000,920674334.000000,1396318376.000000,257409024.000000,238497792.000000,1618321408.000000,0.000000,0.000000,0.000400,0.000000,0.000000,0.000000,0.008500,0.000000,0.008600,0.000000,0.000000,0.000000,0.000400,0.001400,0.003100,0.004600,0.000000
315,0.252755,0.695996,0.659300,0.592200,1356.000000,920674334.000000,1396318376.000000,257409024.000000,238497792.000000,1618321408.000000,0.000000,0.000000,0.000500,0.000000,0.000000,0.000000,0.007300,0.000000,0.008200,0.000000,0.000000,0.000000,0.000300,0.001000,0.002500,0.004400,0.000000
316,0.253627,0.879698,0.910700,0.810500,1356.000000,920678430.000000,1396318376.000000,257409024.000000,238501888.000000,1618321408.000000,0.000000,0.000000,0.000400,0.000000,0.000000,0.000000,0.008200,0.000000,0.014200,0.000000,0.000000,0.000000,0.000400,0.001000,0.002500,0.004300,0.000000
317,0.254301,0.678699,0.673400,0.603800,1356.000000,920678430.000000,1396318376.000000,257409024.000000,238501888.000000,1618321408.000000,0.000000,0.000000,0.000400,0.000000,0.000000,0.000000,0.008300,0.000000,0.008400,0.000000,0.000000,0.000000,0.000400,0.001200,0.002600,0.004400,0.000000
318,0.255068,0.757504,0.744800,0.671000,1356.000000,920678430.000000,1396318376.000000,257409024.000000,238501888.000000,1618321408.000000,0.000000,0.000000,0.000400,0.000000,0.000000,0.000000,0.008200,0.000000,0.008500,0.000000,0.000000,0.000000,0.000300,0.001200,0.002600,0.004400,0.000000
319,0.255904,0.837599,0.849600,0.764700,1356.000000,920678430.000000,1396318376.000000,257409024.000000,238501888.000000,1618321408.000000,0.000000,0.000000,0.000400,0.000000,0.000000,0.000000,0.008300,0.000000,0.008300,0.000000,0.000000,0.000000,0.000300,0.001200,0.002600,0.004700,0.000000
320,0.256582,0.694303,0.697200,0.627600,1356.000000,920678430.000000,1396318376.000000,257409024.000000,238501888.000000,1618321408.000000,0.000000,0.000000,0.000400,0.000000,0.000000,0.000000,0.007900,0.000000,0.008200,0.000000,0.000000,0.000000,0.000400,0.001000,0.002600,0.004600,0.000000
321,0.257223,0.642496,0.641800,0.577500,1356.000000,920678430.000000,1396318376.000000,257409024.000000,238501888.000000,1618321408.000000,0.000000,0.000000,0.000300,0.000000,0.000000,0.000000,0.007200,0.000000,0.008000,0.000000,0.000000,0.000000,0.000300,0.001100,0.002500,0.004200,0.000000
322,0.258377,1.134304,1.126400,1.062000,1356.000000,920678558.000000,1396318376.000000,257409024.000000,238501888.000000,1618321408.000000,0.000000,0.000000,0.468900,0.030900,0.007900,0.133000,0.007000,0.015700,0.009600,0.009400,0.015500,0.017200,0.000400,0.001200,0.002400,0.004500,0.000000
323,0.259107,0.738294,0.737500,0.667400,1356.000000,920682582.000000,1396318376.000000,257409024.000000,238505984.000000,1618321408.000000,0.000000,0.000000,0.000400,0.000000,0.000000,0.000000,0.008400,0.000000,0.007900,0.000000,0.000000,0.000000,0.000200,0.001100,0.002500,0.004400,0.000000
324,0.259916,0.794806,0.788600,0.718200,1356.000000,920682582.000000,1396318376.000000,257409024.000000,238505984.000000,1618321408.000000,0.000000,0.000000,0.000400,0.000000,0.000000,0.000000,0.007700,0.000000,0.008500,0.000000,0.000000,0.000000,0.000300,0.001100,0.002500,0.004300,0.000000
325,0.261044,1.086097,1.036800,0.961800,1356.000000,920682582.000000,1396318376.000000,257409024.000000,238505984.000000,1618321408.000000,0.000000,0.000000,0.000600,0.000000,0.000000,0.000000,0.009000,0.000000,0.009200,0.000000,0.000000,0.000000,0.000400,0.001100,0.003300,0.005800,0.000000
326,0.261822,0.829698,0.877300,0.756200,1356.000000,920682582.000000,1396318376.000000,257409024.000000,238505984.000000,1618321408.000000,0.000000,0.000000,0.000500,0.000000,0.000000,0.000000,0.009100,0.000000,0.008900,0.000000,0.000000,0.000000,0.000600,0.001200,0.003900,0.005100,0.000000
327,0.262510,0.695904,0.697600,0.629000,1356.000000,920682582.000000,1396318376.000000,257409024.000000,238505984.000000,1618321408.000000,0.000000,0.000000,0.000400,0.000000,0.000000,0.000000,0.008400,0.000000,0.008600,0.000000,0.000000,0.000000,0.000400,0.001100,0.002700,0.004500,0.000000
328,0.263216,0.706895,0.706200,0.640200,1356.000000,920682582.000000,1396318376.000000,257409024.000000,238505984.000000,1618321408.000000,0.000000,0.000000,0.000500,0.000000,0.000000,0.000000,0.007300,0.000000,0.020500,0.000000,0.000000,0.000000,0.000200,0.001000,0.002800,0.004500,0.000000
329,0.263890,0.666702,0.666300,0.602200,1356.000000,920686678.000000,1396318376.000000,257409024.000000,238510080.000000,1618321408.000000,0.000000,0.000000,0.000400,0.000000,0.000000,0.000000,0.007300,0.000000,0.008200,0.000000,0.000000,0.000000,0.000200,0.001000,0.002700,0.004200,0.000000
330,0.264573,0.647300,0.642600,0.579700,1356.000000,920690774.000000,1396318376.000000,257409024.000000,238514176.000000,1618321408.000000,0.000000,0.000000,0.000400,0.000000,0.000000,0.000000,0.006900,0.000000,0.007700,0.000000,0.000000,0.000000,0.000200,0.001000,0.002400,0.004100,0.000000
331,0.265390,0.832001,0.818500,0.744700,1356.000000,920690774.000000,1396318376.000000,257409024.000000,238514176.000000,1618321408.000000,0.000000,0.000000,0.000500,0.000000,0.000000,0.000000,0.006900,0.000000,0.012500,0.000000,0.000000,0.000000,0.000400,0.001100,0.003400,0.005300,0.000000
332,0.266305,0.928699,0.932100,0.853100,1356.000000,920704590.000000,1396318376.000000,257409024.000000,238518272.000000,1618321408.000000,0.000000,0.000000,0.000400,0.000000,0.000000,0.000000,0.008600,0.000000,0.008700,0.000000,0.000000,0.000000,0.000400,0.001100,0.002900,0.005100,0.000000
333,0.267046,0.760204,0.763900,0.691400,1356.000000,920705638.000000,1396318376.000000,257409024.000000,238518272.000000,1618321408.000000,0.000000,0.000000,0.000400,0.000000,0.000000,0.000000,0.008300,0.000000,0.008300,0.000000,0.000000,0.000000,0.000400,0.001100,0.002700,0.004400,0.000000
334,0.267703,0.656796,0.656300,0.590300,1356.000000,920705638.000000,1396318376.000000,257409024.000000,238518272.000000,1618321408.000000,0.000000,0.000000,0.000400,0.000000,0.000000,0.000000,0.007400,0.000000,0.007900,0.000000,0.000000,0.000000,0.000300,0.001100,0.002500,0.004100,0.000000
335,0.268344,0.642999,0.639100,0.574300,1356.000000,920705638.000000,1396318376.000000,257409024.000000,238518272.000000,1618321408.000000,0.000000,0.000000,0.000400,0.000000,0.000000,0.000000,0.007200,0.000000,0.007900,0.000000,0.000000,0.000000,0.000400,0.001000,0.002400,0.004400,0.000000
336,0.268971,0.631604,0.633400,0.567000,1356.000000,920709734.000000,1396318376.000000,257409024.000000,238522368.000000,1618321408.000000,0.000000,0.000000,0.000400,0.000000,0.000000,0.000000,0.006900,0.000000,0.007900,0.000000,0.000000,0.000000,0.000300,0.001000,0.002500,0.004300,0.000000
337,0.269652,0.638202,0.633500,0.570700,1356.000000,920709734.000000,1396318376.000000,257409024.000000,238522368.000000,1618321408.000000,0.000000,0.000000,0.000400,0.000000,0.000000,0.000000,0.006900,0.000000,0.007700,0.000000,0.000000,0.000000,0.000200,0.001000,0.002300,0.004100,0.000000
338,0.270589,0.930499,0.912300,0.838500,1356.000000,920709734.000000,1396318376.000000,257409024.000000,238522368.000000,1618321408.000000,0.000000,0.000000,0.000400,0.000000,0.000000,0.000000,0.006700,0.000000,0.008500,0.000000,0.000000,0.000000,0.000600,0.001100,0.003200,0.004800,0.000000
339,0.271347,0.790795,0.801100,0.718200,1356.000000,920709734.000000,1396318376.000000,257409024.000000,238522368.000000,1618321408.000000,0.000000,0.000000,0.000400,0.000000,0.000000,0.000000,0.010000,0.000000,0.008800,0.000000,0.000000,0.000000,0.000400,0.001100,0.002900,0.004700,0.000000
340,0.272012,0.673703,0.677300,0.607800,1356.000000,920709734.000000,1396318376.000000,257409024.000000,238522368.000000,1618321408.000000,0.000000,0.000000,0.000400,0.000000,0.000000,0.000000,0.007900,0.000000,0.008200,0.000000,0.000000,0.000000,0.000200,0.001100,0.002700,0.003700,0.000000
341,0.272660,0.652601,0.651500,0.587200,1356.000000,920709734.000000,1396318376.000000,257409024.000000,238522368.000000,1618321408.000000,0.000000,0.000000,0.000400,0.000000,0.000000,0.000000,0.007200,0.000000,0.007800,0.000000,0.000000,0.000000,0.000300,0.001000,0.002500,0.004200,0.000000
342,0.273314,0.646896,0.642800,0.576300,1356.000000,920713830.000000,1396318376.000000,257409024.000000,238526464.000000,1618321408.000000,0.000000,0.000000,0.000500,0.000000,0.000000,0.000000,0.007200,0.000000,0.007800,0.000000,0.000000,0.000000,0.000300,0.001100,0.002500,0.004200,0.000000
343,0.273975,0.665405,0.663400,0.597600,1356.000000,920713830.000000,1396318376.000000,257409024.000000,238526464.000000,1618321408.000000,0.000000,0.000000,0.000400,0.000000,0.000000,0.000000,0.007500,0.000000,0.008600,0.000000,0.000000,0.000000,0.000200,0.001100,0.002600,0.004500,0.000000
344,0.275411,1.372895,1.346100,1.272900,1356.000000,920713934.000000,1396318376.000000,257409024.000000,238526464.000000,1618321408.000000,0.000000,0.000000,0.590000,0.031700,0.009000,0.234500,0.007300,0.019200,0.009800,0.010100,0.016700,0.018600,0.000200,0.001200,0.002300,0.004900,0.000000
345,0.276657,1.108702,1.118600,1.024600,1356.000000,920713862.000000,1396318376.000000,257409024.000000,238526464.000000,1618321408.000000,0.000000,0.000000,0.000500,0.000000,0.000000,0.000000,0.010800,0.000000,0.008600,0.000000,0.000000,0.000000,0.000200,0.001400,0.003700,0.005200,0.000000
346,0.277535,1.055400,1.059300,0.980800,1356.000000,920713862.000000,1396318376.000000,257409024.000000,238526464.000000,1618321408.000000,0.000000,0.000000,0.000600,0.000000,0.000000,0.000000,0.009200,0.000000,0.009200,0.000000,0.000000,0.000000,0.000600,0.001400,0.085900,0.007300,0.000000
347,0.278240,0.709297,0.710800,0.638000,1356.000000,920717958.000000,1396318376.000000,257409024.000000,238530560.000000,1618321408.000000,0.000000,0.000000,0.000500,0.000000,0.000000,0.000000,0.008200,0.000000,0.008800,0.000000,0.000000,0.000000,0.000500,0.001100,0.002600,0.004700,0.000000
348,0.278934,0.705605,0.704300,0.635000,1356.000000,920722054.000000,1396318376.000000,257409024.000000,238534656.000000,1618321408.000000,0.000000,0.000000,0.000500,0.000000,0.000000,0.000000,0.008000,0.000000,0.008800,0.000000,0.000000,0.000000,0.000500,0.001100,0.002500,0.004400,0.000000
349,0.279591,0.664300,0.663000,0.595500,1356.000000,920722054.000000,1396318376.000000,257409024.000000,238534656.000000,1618321408.000000,0.000000,0.000000,0.000500,0.000000,0.000000,0.000000,0.007500,0.000000,0.012400,0.000000,0.000000,0.000000,0.000200,0.001100,0.002700,0.004500,0.000000
350,0.280568,0.945401,0.930800,0.857700,1356.000000,920722054.000000,1396318376.000000,257409024.000000,238534656.000000,1618321408.000000,0.000000,0.000000,0.000500,0.000000,0.000000,0.000000,0.007200,0.000000,0.007900,0.000000,0.000000,0.000000,0.000400,0.001100,0.002400,0.004200,0.000000
351,0.281335,0.775801,0.778400,0.695900,1356.000000,920722054.000000,1396318376.000000,257409024.000000,238534656.000000,1618321408.000000,0.000000,0.000000,0.000400,0.000000,0.000000,0.000000,0.008100,0.000000,0.008400,0.000000,0.000000,0.000000,0.000300,0.001400,0.002800,0.004800,0.000000
352,0.282033,0.713698,0.718100,0.643300,1356.000000,920722054.000000,1396318376.000000,257409024.000000,238534656.000000,1618321408.000000,0.000000,0.000000,0.000400,0.000000,0.000000,0.000000,0.008900,0.000000,0.008700,0.000000,0.000000,0.000000,0.000400,0.001200,0.002700,0.004700,0.000000
353,0.282710,0.680896,0.681600,0.612900,1356.000000,920726150.000000,1396318376.000000,257409024.000000,238538752.000000,1618321408.000000,0.000000,0.000000,0.000400,0.000000,0.000000,0.000000,0.007800,0.000000,0.008200,0.000000,0.000000,0.000000,0.000300,0.001200,0.002700,0.004300,0.000000
354,0.283393,0.680903,0.676400,0.610000,1356.000000,920726150.000000,1396318376.000000,257409024.000000,238538752.000000,1618321408.000000,0.000000,0.000000,0.000400,0.000000,0.000000,0.000000,0.007300,0.000000,0.008300,0.000000,0.000000,0.000000,0.000200,0.001100,0.002500,0.004300,0.000000
355,0.284080,0.670103,0.671000,0.602700,1356.000000,920730246.000000,1396318376.000000,257409024.000000,238542848.000000,1618321408.000000,0.000000,0.000000,0.000400,0.000000,0.000000,0.000000,0.007500,0.000000,0.008100,0.000000,0.000000,0.000000,0.000200,0.001200,0.002600,0.004600,0.000000
356,0.284754,0.689598,0.687100,0.620800,1356.000000,920730246.000000,1396318376.000000,257409024.000000,238542848.000000,1618321408.000000,0.000000,0.000000,0.000400,0.000000,0.000000,0.000000,0.007500,0.000000,0.008200,0.000000,0.000000,0.000000,0.000300,0.001100,0.002700,0.004700,0.000000
357,0.285647,0.868899,0.852400,0.781400,1356.000000,920730246.000000,1396318376.000000,257409024.000000,238542848.000000,1618321408.000000,0.000000,0.000000,0.000500,0.000000,0.000000,0.000000,0.007600,0.000000,0.007900,0.000000,0.000000,0.000000,0.000300,0.001300,0.003000,0.005300,0.000000
358,0.286421,0.792404,0.801300,0.719300,1356.000000,920730246.000000,1396318376.000000,257409024.000000,238542848.000000,1618321408.000000,0.000000,0.000000,0.000500,0.000000,0.000000,0.000000,0.008800,0.000000,0.008800,0.000000,0.000000,0.000000,0.000300,0.001100,0.002800,0.004800,0.000000
359,0.287115,0.694898,0.694800,0.624400,1356.000000,920730246.000000,1396318376.000000,257409024.000000,238542848.000000,1618321408.000000,0.000000,0.000000,0.000500,0.000000,0.000000,0.000000,0.008000,0.000000,0.008600,0.000000,0.000000,0.000000,0.000300,0.001200,0.002800,0.004400,0.000000
360,0.287792,0.683000,0.682800,0.614700,1356.000000,920730246.000000,1396318376.000000,257409024.000000,238542848.000000,1618321408.000000,0.000000,0.000000,0.000500,0.000000,0.000000,0.000000,0.007700,0.000000,0.008300,0.000000,0.000000,0.000000,0.000300,0.001100,0.002700,0.004700,0.000000
361,0.288446,0.660502,0.658500,0.592500,1356.000000,920734342.000000,1396318376.000000,257409024.000000,238546944.000000,1618321408.000000,0.000000,0.000000,0.000400,0.000000,0.000000,0.000000,0.007600,0.000000,0.008200,0.000000,0.000000,0.000000,0.000200,0.001100,0.002700,0.004400,0.000000
362,0.289095,0.647598,0.647800,0.581900,1356.000000,920734342.000000,1396318376.000000,257409024.000000,238546944.000000,1618321408.000000,0.000000,0.000000,0.000400,0.000000,0.000000,0.000000,0.007300,0.000000,0.008200,0.000000,0.000000,0.000000,0.000200,0.001100,0.002500,0.004200,0.000000
363,0.290095,0.946698,0.929100,0.860700,1356.000000,920734342.000000,1396318376.000000,257409024.000000,238546944.000000,1618321408.000000,0.000000,0.000000,0.000500,0.000000,0.000000,0.000000,0.007300,0.000000,0.008400,0.000000,0.000000,0.000000,0.000200,0.001100,0.002500,0.004400,0.000000
364,0.291245,1.172201,1.170200,1.086800,1356.000000,920738438.000000,1396318376.000000,257409024.000000,238551040.000000,1618321408.000000,0.000000,0.000000,0.000500,0.000000,0.000000,0.000000,0.010000,0.000000,0.021000,0.000000,0.000000,0.000000,0.000700,0.001500,0.003700,0.005900,0.000000
365,0.292492,1.257001,1.264100,1.184300,1356.000000,920742638.000000,1396318376.000000,257409024.000000,238555136.000000,1618321408.000000,0.000000,0.000000,0.474600,0.029900,0.008700,0.137300,0.009000,0.015300,0.010100,0.009500,0.016500,0.010600,0.000600,0.001300,0.003000,0.004300,0.000000
366,0.293175,0.696797,0.698600,0.628600,1356.000000,920742566.000000,1396318376.000000,257409024.000000,238555136.000000,1618321408.000000,0.000000,0.000000,0.000400,0.000000,0.000000,0.000000,0.008800,0.000000,0.008400,0.000000,0.000000,0.000000,0.000400,0.001100,0.002900,0.004300,0.000000
367,0.293847,0.677204,0.674500,0.607600,1356.000000,920742566.000000,1396318376.000000,257409024.000000,238555136.000000,1618321408.000000,0.000000,0.000000,0.000500,0.000000,0.000000,0.000000,0.007600,0.000000,0.008300,0.000000,0.000000,0.000000,0.000200,0.001100,0.002800,0.004300,0.000000
368,0.294542,0.688400,0.685800,0.617200,1356.000000,920746662.000000,1396318376.000000,257409024.000000,238559232.000000,1618321408.000000,0.000000,0.000000,0.000400,0.000000,0.000000,0.000000,0.007100,0.000000,0.008000,0.000000,0.000000,0.000000,0.000300,0.001100,0.002500,0.004200,0.000000
369,0.295395,0.821301,0.806300,0.733800,1356.000000,920746662.000000,1396318376.000000,257409024.000000,238559232.000000,1618321408.000000,0.000000,0.000000,0.010700,0.000000,0.000000,0.000000,0.007600,0.000000,0.009000,0.000000,0.000000,0.000000,0.000200,0.001300,0.002600,0.008700,0.000000
370,0.296168,0.793594,0.795800,0.714400,1356.000000,920746662.000000,1396318376.000000,257409024.000000,238559232.000000,1618321408.000000,0.000000,0.000000,0.000500,0.000000,0.000000,0.000000,0.009600,0.000000,0.009200,0.000000,0.000000,0.000000,0.000400,0.001400,0.003100,0.005100,0.000000
371,0.296901,0.740207,0.740100,0.662700,1356.000000,920746662.000000,1396318376.000000,257409024.000000,238559232.000000,1618321408.000000,0.000000,0.000000,0.000400,0.000000,0.000000,0.000000,0.008500,0.000000,0.008700,0.000000,0.000000,0.000000,0.000300,0.001200,0.002800,0.004700,0.000000
372,0.297587,0.688698,0.692900,0.617700,1356.000000,920746662.000000,1396318376.000000,257409024.000000,238559232.000000,1618321408.000000,0.000000,0.000000,0.000500,0.000000,0.000000,0.000000,0.008100,0.000000,0.008300,0.000000,0.000000,0.000000,0.000300,0.001200,0.002700,0.004400,0.000000
373,0.298270,0.688797,0.687000,0.618500,1356.000000,920746662.000000,1396318376.000000,257409024.000000,238559232.000000,1618321408.000000,0.000000,0.000000,0.000500,0.000000,0.000000,0.000000,0.007900,0.000000,0.008400,0.000000,0.000000,0.000000,0.000200,0.001200,0.002800,0.004400,0.000000
374,0.298944,0.674100,0.673600,0.605700,1356.000000,920750758.000000,1396318376.000000,257409024.000000,238563328.000000,1618321408.000000,0.000000,0.000000,0.000400,0.000000,0.000000,0.000000,0.007300,0.000000,0.008300,0.000000,0.000000,0.000000,0.000300,0.001200,0.002700,0.004300,0.000000
375,0.299802,0.732100,0.722100,0.653300,1356.000000,920754854.000000,1396318376.000000,257409024.000000,238567424.000000,1618321408.000000,0.000000,0.000000,0.000500,0.000000,0.000000,0.000000,0.007300,0.000000,0.008100,0.000000,0.000000,0.000000,0.000200,0.001200,0.002400,0.004300,0.000000
376,0.300988,1.221400,1.210900,1.130000,1356.000000,920754854.000000,1396318376.000000,257409024.000000,238567424.000000,1618321408.000000,0.000000,0.000000,0.000500,0.000000,0.000000,0.000000,0.008400,0.000000,0.009600,0.000000,0.000000,0.000000,0.000400,0.001200,0.003500,0.005700,0.000000
377,0.301794,0.881902,0.889600,0.804700,1356.000000,920754854.000000,1396318376.000000,257409024.000000,238567424.000000,1618321408.000000,0.000000,0.000000,0.000400,0.000000,0.000000,0.000000,0.009800,0.000000,0.009400,0.000000,0.000000,0.000000,0.000600,0.001300,0.004300,0.005600,0.000000
378,0.302547,0.764597,0.766600,0.693300,1356.000000,920754854.000000,1396318376.000000,257409024.000000,238567424.000000,1618321408.000000,0.000000,0.000000,0.000500,0.000000,0.000000,0.000000,0.008900,0.000000,0.008800,0.000000,0.000000,0.000000,0.000500,0.001200,0.003000,0.004600,0.000000
379,0.303230,0.683900,0.682800,0.613800,1356.000000,920754854.000000,1396318376.000000,257409024.000000,238567424.000000,1618321408.000000,0.000000,0.000000,0.000400,0.000000,0.000000,0.000000,0.007800,0.000000,0.009000,0.000000,0.000000,0.000000,0.000200,0.001200,0.002700,0.004300,0.000000
380,0.303946,0.701403,0.698000,0.630300,1356.000000,920758950.000000,1396318376.000000,257409024.000000,238571520.000000,1618321408.000000,0.000000,0.000000,0.000400,0.000000,0.000000,0.000000,0.007500,0.000000,0.008400,0.000000,0.000000,0.000000,0.000200,0.001200,0.002600,0.004400,0.000000
381,0.304677,0.720599,0.689500,0.620500,1356.000000,920763046.000000,1396318376.000000,257409024.000000,238575616.000000,1618321408.000000,0.000000,0.000000,0.000400,0.000000,0.000000,0.000000,0.007400,0.000000,0.008500,0.000000,0.000000,0.000000,0.000200,0.001200,0.002700,0.004500,0.000000
382,0.306081,1.285700,1.279300,1.170900,1356.000000,920763046.000000,1396318376.000000,257409024.000000,238575616.000000,1618321408.000000,0.000000,0.000000,0.000400,0.000000,0.000000,0.000000,0.008600,0.000000,0.009200,0.000000,0.000000,0.000000,0.000500,0.001100,0.002600,0.004900,0.000000
383,0.306968,0.935402,0.959600,0.856100,1356.000000,920763046.000000,1396318376.000000,257409024.000000,238575616.000000,1618321408.000000,0.000000,0.000000,0.000500,0.000000,0.000000,0.000000,0.010000,0.000000,0.009900,0.000000,0.000000,0.000000,0.000500,0.001300,0.004000,0.005900,0.000000
384,0.307863,0.980797,0.985500,0.909200,1356.000000,920752278.000000,1396318376.000000,257409024.000000,238575616.000000,1618321408.000000,0.000000,0.000000,0.000400,0.000000,0.000000,0.000000,0.008100,0.000000,0.009100,0.000000,0.000000,0.000000,0.000900,0.001100,0.004700,0.006400,0.000000
385,0.309066,1.201403,1.200600,1.131300,1356.000000,920752318.000000,1396318376.000000,257409024.000000,238575616.000000,1618321408.000000,0.000000,0.000000,0.507300,0.031900,0.008200,0.179700,0.008000,0.014900,0.009800,0.009600,0.016700,0.010100,0.000400,0.001100,0.002700,0.004100,0.000000
386,0.309775,0.708695,0.699900,0.629600,1356.000000,920752246.000000,1396318376.000000,257409024.000000,238575616.000000,1618321408.000000,0.000000,0.000000,0.000400,0.000000,0.000000,0.000000,0.008300,0.000000,0.008300,0.000000,0.000000,0.000000,0.000300,0.001000,0.002500,0.004500,0.000000
387,0.310584,0.799306,0.796500,0.719400,1356.000000,920756342.000000,1396318376.000000,257409024.000000,238579712.000000,1618321408.000000,0.000000,0.000000,0.000500,0.000000,0.000000,0.000000,0.008600,0.000000,0.009000,0.000000,0.000000,0.000000,0.000400,0.001200,0.002600,0.004800,0.000000
388,0.311429,0.856796,0.854200,0.777900,1356.000000,920756342.000000,1396318376.000000,257409024.000000,238579712.000000,1618321408.000000,0.000000,0.000000,0.000400,0.000000,0.000000,0.000000,0.008500,0.000000,0.008400,0.000000,0.000000,0.000000,0.000400,0.001200,0.002700,0.004900,0.000000
389,0.312114,0.695103,0.700800,0.625800,1356.000000,920756342.000000,1396318376.000000,257409024.000000,238579712.000000,1618321408.000000,0.000000,0.000000,0.000500,0.000000,0.000000,0.000000,0.008200,0.000000,0.008600,0.000000,0.000000,0.000000,0.000300,0.001200,0.002600,0.004400,0.000000
390,0.312778,0.668998,0.668600,0.601500,1356.000000,920756342.000000,1396318376.000000,257409024.000000,238579712.000000,1618321408.000000,0.000000,0.000000,0.000300,0.000000,0.000000,0.000000,0.007600,0.000000,0.008000,0.000000,0.000000,0.000000,0.000300,0.001100,0.002400,0.004400,0.000000
391,0.313431,0.653401,0.652600,0.587700,1356.000000,920756342.000000,1396318376.000000,257409024.000000,238579712.000000,1618321408.000000,0.000000,0.000000,0.000400,0.000000,0.000000,0.000000,0.007300,0.000000,0.008300,0.000000,0.000000,0.000000,0.000200,0.001100,0.002400,0.004200,0.000000
392,0.314097,0.663499,0.661700,0.597600,1356.000000,920756342.000000,1396318376.000000,257409024.000000,238579712.000000,1618321408.000000,0.000000,0.000000,0.000500,0.000000,0.000000,0.000000,0.007200,0.000000,0.008000,0.000000,0.000000,0.000000,0.000200,0.001000,0.002300,0.004200,0.000000
393,0.314814,0.702700,0.693200,0.626900,1356.000000,920760438.000000,1396318376.000000,257409024.000000,238583808.000000,1618321408.000000,0.000000,0.000000,0.000500,0.000000,0.000000,0.000000,0.007200,0.000000,0.007900,0.000000,0.000000,0.000000,0.000200,0.001100,0.002600,0.004300,0.000000
394,0.315782,0.952501,0.834800,0.760900,1356.000000,920760438.000000,1396318376.000000,257409024.000000,238583808.000000,1618321408.000000,0.000000,0.000000,0.000500,0.000000,0.000000,0.000000,0.009100,0.000000,0.008800,0.000000,0.000000,0.000000,0.000400,0.001100,0.003100,0.005700,0.000000
395,0.316726,0.959495,1.073600,0.888900,1356.000000,920770158.000000,1396318376.000000,257409024.000000,238583808.000000,1618321408.000000,0.000000,0.000000,0.000400,0.000000,0.000000,0.000000,0.009200,0.000000,0.008500,0.000000,0.000000,0.000000,0.000300,0.001000,0.002900,0.004700,0.000000
396,0.317430,0.713499,0.712700,0.641700,1356.000000,920775302.000000,1396318376.000000,257409024.000000,238587904.000000,1618321408.000000,0.000000,0.000000,0.000500,0.000000,0.000000,0.000000,0.007900,0.000000,0.008500,0.000000,0.000000,0.000000,0.000300,0.001200,0.002700,0.004700,0.000000
397,0.318102,0.674802,0.676600,0.606400,1356.000000,920775302.000000,1396318376.000000,257409024.000000,238587904.000000,1618321408.000000,0.000000,0.000000,0.000400,0.000000,0.000000,0.000000,0.007600,0.000000,0.008400,0.000000,0.000000,0.000000,0.000300,0.001100,0.002600,0.004400,0.000000
398,0.318790,0.691900,0.689100,0.622500,1356.000000,920779398.000000,1396318376.000000,257409024.000000,238592000.000000,1618321408.000000,0.000000,0.000000,0.000400,0.000000,0.000000,0.000000,0.007400,0.000000,0.008700,0.000000,0.000000,0.000000,0.000300,0.000900,0.002500,0.004300,0.000000
399,0.319532,0.729698,0.723200,0.655200,1356.000000,920779398.000000,1396318376.000000,257409024.000000,238592000.000000,1618321408.000000,0.000000,0.000000,0.000400,0.000000,0.000000,0.000000,0.007600,0.000000,0.008400,0.000000,0.000000,0.000000,0.000300,0.001100,0.002400,0.004100,0.000000
400,0.320469,0.893204,0.875200,0.796700,1356.000000,920783494.000000,1396318376.000000,257409024.000000,238596096.000000,1618321408.000000,0.000000,0.000000,0.000400,0.000000,0.000000,0.000000,0.007700,0.000000,0.008800,0.000000,0.000000,0.000000,0.000300,0.001400,0.002700,0.004400,0.000000
401,0.321719,1.252700,1.250900,1.157900,1356.000000,920783526.000000,1396318376.000000,257409024.000000,238596096.000000,1618321408.000000,0.000000,0.000000,0.000500,0.000000,0.000000,0.000000,0.010500,0.000000,0.017800,0.000000,0.000000,0.000000,0.000400,0.001300,0.003500,0.005200,0.000000
402,0.322505,0.816001,0.827000,0.739100,1356.000000,920783526.000000,1396318376.000000,257409024.000000,238596096.000000,1618321408.000000,0.000000,0.000000,0.000400,0.000000,0.000000,0.000000,0.009800,0.000000,0.009200,0.000000,0.000000,0.000000,0.000500,0.001300,0.003000,0.005100,0.000000
403,0.323199,0.710998,0.714800,0.641500,1356.000000,920783526.000000,1396318376.000000,257409024.000000,238596096.000000,1618321408.000000,0.000000,0.000000,0.000400,0.000000,0.000000,0.000000,0.008000,0.000000,0.008300,0.000000,0.000000,0.000000,0.000400,0.001100,0.002700,0.004400,0.000000
404,0.323884,0.672803,0.672700,0.604900,1356.000000,920783526.000000,1396318376.000000,257409024.000000,238596096.000000,1618321408.000000,0.000000,0.000000,0.000400,0.000000,0.000000,0.000000,0.007600,0.000000,0.008200,0.000000,0.000000,0.000000,0.000300,0.001100,0.002400,0.004400,0.000000
405,0.325923,1.840200,1.769300,1.684800,1356.000000,920783630.000000,1396318376.000000,257409024.000000,238596096.000000,1618321408.000000,0.000000,0.000000,0.512100,0.031600,0.008000,0.174200,0.007300,0.016800,0.018500,0.009400,0.015900,0.016500,0.000200,0.001100,0.002700,0.004700,0.000000
406,0.326987,1.242800,1.292800,1.163500,1356.000000,920787654.000000,1396318376.000000,257409024.000000,238600192.000000,1618321408.000000,0.000000,0.000000,0.000500,0.000000,0.000000,0.000000,0.013000,0.000000,0.022300,0.000000,0.000000,0.000000,0.001200,0.001700,0.005200,0.007300,0.000000
407,0.327873,0.917800,0.926400,0.845800,1356.000000,920787654.000000,1396318376.000000,257409024.000000,238600192.000000,1618321408.000000,0.000000,0.000000,0.000400,0.000000,0.000000,0.000000,0.009200,0.000000,0.011900,0.000000,0.000000,0.000000,0.000600,0.001200,0.003300,0.004800,0.000000
408,0.328743,0.865299,0.864900,0.793500,1356.000000,920787654.000000,1396318376.000000,257409024.000000,238600192.000000,1618321408.000000,0.000000,0.000000,0.000500,0.000000,0.000000,0.000000,0.007400,0.000000,0.014100,0.000000,0.000000,0.000000,0.000200,0.001100,0.002400,0.004300,0.000000
409,0.329695,0.918601,0.909000,0.839400,1356.000000,920787654.000000,1396318376.000000,257409024.000000,238600192.000000,1618321408.000000,0.000000,0.000000,0.000400,0.000000,0.000000,0.000000,0.008300,0.000000,0.014400,0.000000,0.000000,0.000000,0.000200,0.001100,0.002600,0.004600,0.000000
410,0.330957,1.268098,1.256800,1.173100,1356.000000,920787654.000000,1396318376.000000,257409024.000000,238600192.000000,1618321408.000000,0.000000,0.000000,0.000400,0.000000,0.000000,0.000000,0.011400,0.000000,0.021000,0.000000,0.000000,0.000000,0.000500,0.001100,0.002700,0.005100,0.000000
411,0.331917,0.968998,0.973500,0.885800,1356.000000,920787654.000000,1396318376.000000,257409024.000000,238600192.000000,1618321408.000000,0.000000,0.000000,0.000500,0.000000,0.000000,0.000000,0.008700,0.000000,0.016300,0.000000,0.000000,0.000000,0.000400,0.001200,0.003100,0.004500,0.000000
412,0.332918,1.013301,1.020700,0.942900,1356.000000,920791750.000000,1396318376.000000,257409024.000000,238604288.000000,1618321408.000000,0.000000,0.000000,0.000500,0.000000,0.000000,0.000000,0.009000,0.000000,0.015300,0.000000,0.000000,0.000000,0.000400,0.001200,0.003000,0.005100,0.000000
413,0.333805,0.886302,0.883700,0.814300,1356.000000,920791750.000000,1396318376.000000,257409024.000000,238604288.000000,1618321408.000000,0.000000,0.000000,0.000400,0.000000,0.000000,0.000000,0.007800,0.000000,0.012200,0.000000,0.000000,0.000000,0.000300,0.001100,0.002900,0.004800,0.000000
414,0.334691,0.894196,0.894800,0.825200,1356.000000,920791894.000000,1396318376.000000,257409024.000000,238604288.000000,1618321408.000000,0.000000,0.000000,0.000500,0.000000,0.000000,0.000000,0.008000,0.000000,0.013900,0.000000,0.000000,0.000000,0.000400,0.001100,0.002700,0.004700,0.000000
415,0.335789,1.069898,1.055500,0.981900,1356.000000,920796702.000000,1396318376.000000,257409024.000000,238608384.000000,1618321408.000000,0.000000,0.000000,0.000400,0.000000,0.000000,0.000000,0.007600,0.000000,0.012100,0.000000,0.000000,0.000000,0.000300,0.001100,0.002700,0.004400,0.000000
416,0.336761,0.987500,0.990200,0.909100,1356.000000,920796702.000000,1396318376.000000,257409024.000000,238608384.000000,1618321408.000000,0.000000,0.000000,0.000500,0.000000,0.000000,0.000000,0.009800,0.000000,0.022000,0.000000,0.000000,0.000000,0.000600,0.001400,0.003200,0.004900,0.000000
417,0.337706,0.960502,0.963500,0.888700,1356.000000,920800798.000000,1396318376.000000,257409024.000000,238612480.000000,1618321408.000000,0.000000,0.000000,0.000400,0.000000,0.000000,0.000000,0.008500,0.000000,0.013900,0.000000,0.000000,0.000000,0.000400,0.001300,0.002700,0.004500,0.000000
418,0.338576,0.864498,0.857500,0.787600,1356.000000,920800814.000000,1396318376.000000,257409024.000000,238612480.000000,1618321408.000000,0.000000,0.000000,0.000400,0.000000,0.000000,0.000000,0.008000,0.000000,0.013100,0.000000,0.000000,0.000000,0.000300,0.001100,0.002600,0.004100,0.000000
419,0.339422,0.854804,0.859800,0.785400,1356.000000,920804910.000000,1396318376.000000,257409024.000000,238616576.000000,1618321408.000000,0.000000,0.000000,0.000500,0.000000,0.000000,0.000000,0.007900,0.000000,0.012800,0.000000,0.000000,0.000000,0.000400,0.001100,0.002800,0.004600,0.000000
420,0.340474,1.017999,1.004500,0.932400,1356.000000,920804934.000000,1396318376.000000,257409024.000000,238616576.000000,1618321408.000000,0.000000,0.000000,0.000500,0.000000,0.000000,0.000000,0.007800,0.000000,0.016500,0.000000,0.000000,0.000000,0.000300,0.001100,0.002500,0.004400,0.000000
421,0.341783,1.316298,1.310600,1.229100,1356.000000,920805302.000000,1396318376.000000,257409024.000000,238616576.000000,1618321408.000000,0.000000,0.000000,0.541900,0.032900,0.008600,0.195700,0.009400,0.017800,0.010400,0.010200,0.016300,0.013900,0.000400,0.001300,0.003400,0.005400,0.000000
422,0.342489,0.732504,0.715200,0.633300,1408.000000,920806782.000000,1396318376.000000,257409024.000000,238616576.000000,1618321408.000000,0.000000,0.000000,0.000400,0.000000,0.000000,0.000000,0.008500,0.000000,0.008600,0.000000,0.000000,0.000000,0.000400,0.001100,0.002900,0.004500,0.000000
423,0.343155,0.667900,0.698100,0.601300,1356.000000,920806822.000000,1396318376.000000,257409024.000000,238616576.000000,1618321408.000000,0.000000,0.000000,0.000500,0.000000,0.000000,0.000000,0.007300,0.000000,0.008600,0.000000,0.000000,0.000000,0.000200,0.001100,0.002400,0.004100,0.000000
424,0.343848,0.676800,0.675400,0.610800,1356.000000,920806822.000000,1396318376.000000,257409024.000000,238616576.000000,1618321408.000000,0.000000,0.000000,0.000500,0.000000,0.000000,0.000000,0.007300,0.000000,0.008200,0.000000,0.000000,0.000000,0.000200,0.001100,0.002400,0.004300,0.000000
425,0.344502,0.675298,0.673200,0.609000,1356.000000,920810918.000000,1396318376.000000,257409024.000000,238620672.000000,1618321408.000000,0.000000,0.000000,0.000400,0.000000,0.000000,0.000000,0.007100,0.000000,0.007900,0.000000,0.000000,0.000000,0.000300,0.001000,0.002400,0.004200,0.000000
426,0.345500,0.941397,0.919200,0.847900,1356.000000,920800150.000000,1396318376.000000,257409024.000000,238620672.000000,1618321408.000000,0.000000,0.000000,0.000400,0.000000,0.000000,0.000000,0.007200,0.000000,0.008100,0.000000,0.000000,0.000000,0.000200,0.001000,0.002200,0.004200,0.000000
427,0.346337,0.861905,0.868200,0.780500,1356.000000,920800150.000000,1396318376.000000,257409024.000000,238620672.000000,1618321408.000000,0.000000,0.000000,0.000700,0.000000,0.000000,0.000000,0.010900,0.000000,0.009700,0.000000,0.000000,0.000000,0.000400,0.001500,0.003700,0.005600,0.000000
428,0.347060,0.741801,0.745700,0.669700,1356.000000,920800150.000000,1396318376.000000,257409024.000000,238620672.000000,1618321408.000000,0.000000,0.000000,0.000400,0.000000,0.000000,0.000000,0.009200,0.000000,0.009200,0.000000,0.000000,0.000000,0.000400,0.001200,0.002800,0.004500,0.000000
429,0.347744,0.690597,0.693100,0.623100,1356.000000,920804246.000000,1396318376.000000,257409024.000000,238624768.000000,1618321408.000000,0.000000,0.000000,0.000400,0.000000,0.000000,0.000000,0.007600,0.000000,0.008500,0.000000,0.000000,0.000000,0.000200,0.001000,0.002800,0.004400,0.000000
430,0.348402,0.664002,0.663000,0.597400,1356.000000,920804246.000000,1396318376.000000,257409024.000000,238624768.000000,1618321408.000000,0.000000,0.000000,0.000300,0.000000,0.000000,0.000000,0.007500,0.000000,0.008200,0.000000,0.000000,0.000000,0.000200,0.001100,0.002700,0.004300,0.000000
431,0.349064,0.658496,0.651300,0.586600,1356.000000,920804246.000000,1396318376.000000,257409024.000000,238624768.000000,1618321408.000000,0.000000,0.000000,0.000400,0.000000,0.000000,0.000000,0.007500,0.000000,0.008300,0.000000,0.000000,0.000000,0.000200,0.001100,0.002300,0.004400,0.000000
432,0.349765,0.688102,0.687000,0.614900,1356.000000,920812438.000000,1396318376.000000,257409024.000000,238632960.000000,1618321408.000000,0.000000,0.000000,0.000400,0.000000,0.000000,0.000000,0.007300,0.000000,0.008300,0.000000,0.000000,0.000000,0.000200,0.001100,0.002500,0.004300,0.000000
433,0.350614,0.824398,0.811600,0.737900,1356.000000,920812438.000000,1396318376.000000,257409024.000000,238632960.000000,1618321408.000000,0.000000,0.000000,0.000400,0.000000,0.000000,0.000000,0.008100,0.000000,0.008400,0.000000,0.000000,0.000000,0.000400,0.001100,0.002900,0.004600,0.000000
434,0.351506,0.902898,0.905000,0.821900,1356.000000,920812438.000000,1396318376.000000,257409024.000000,238632960.000000,1618321408.000000,0.000000,0.000000,0.000400,0.000000,0.000000,0.000000,0.010700,0.000000,0.009200,0.000000,0.000000,0.000000,0.000600,0.001400,0.003300,0.004900,0.000000
435,0.352291,0.795302,0.798600,0.722500,1356.000000,920812438.000000,1396318376.000000,257409024.000000,238632960.000000,1618321408.000000,0.000000,0.000000,0.000500,0.000000,0.000000,0.000000,0.008800,0.000000,0.008900,0.000000,0.000000,0.000000,0.000400,0.001300,0.002800,0.004800,0.000000
436,0.353005,0.718700,0.717900,0.647100,1356.000000,920812438.000000,1396318376.000000,257409024.000000,238632960.000000,1618321408.000000,0.000000,0.000000,0.000400,0.000000,0.000000,0.000000,0.008400,0.000000,0.009700,0.000000,0.000000,0.000000,0.000300,0.001100,0.002900,0.004800,0.000000
437,0.353702,0.698902,0.695600,0.626000,1356.000000,920812470.000000,1396318376.000000,257409024.000000,238632960.000000,1618321408.000000,0.000000,0.000000,0.000500,0.000000,0.000000,0.000000,0.008100,0.000000,0.008800,0.000000,0.000000,0.000000,0.000300,0.001100,0.002500,0.004900,0.000000
438,0.354372,0.672796,0.675100,0.605000,1356.000000,920820662.000000,1396318376.000000,257409024.000000,238641152.000000,1618321408.000000,0.000000,0.000000,0.000400,0.000000,0.000000,0.000000,0.007800,0.000000,0.008400,0.000000,0.000000,0.000000,0.000300,0.001100,0.002600,0.004500,0.000000
439,0.355246,0.813705,0.803700,0.736600,1356.000000,920820694.000000,1396318376.000000,257409024.000000,238641152.000000,1618321408.000000,0.000000,0.000000,0.000400,0.000000,0.000000,0.000000,0.007900,0.000000,0.009000,0.000000,0.000000,0.000000,0.000200,0.001100,0.002400,0.004700,0.000000
440,0.356289,1.084297,1.022900,0.945200,1356.000000,920820694.000000,1396318376.000000,257409024.000000,238641152.000000,1618321408.000000,0.000000,0.000000,0.000400,0.000000,0.000000,0.000000,0.011100,0.000000,0.018400,0.000000,0.000000,0.000000,0.000500,0.001300,0.003300,0.005300,0.000000
441,0.357087,0.806498,0.847400,0.714200,1356.000000,920820694.000000,1396318376.000000,257409024.000000,238641152.000000,1618321408.000000,0.000000,0.000000,0.000400,0.000000,0.000000,0.000000,0.008400,0.000000,0.008800,0.000000,0.000000,0.000000,0.000400,0.001300,0.002900,0.004600,0.000000
442,0.358291,1.197704,1.202700,1.125900,1356.000000,920820966.000000,1396318376.000000,257409024.000000,238641152.000000,1618321408.000000,0.000000,0.000000,0.478900,0.031900,0.008400,0.139400,0.008000,0.015500,0.009800,0.009500,0.016300,0.010300,0.000300,0.001100,0.002600,0.004100,0.000000
443,0.358984,0.709701,0.710300,0.639900,1356.000000,920820894.000000,1396318376.000000,257409024.000000,238641152.000000,1618321408.000000,0.000000,0.000000,0.000400,0.000000,0.000000,0.000000,0.008800,0.000000,0.008800,0.000000,0.000000,0.000000,0.000300,0.001200,0.002700,0.004700,0.000000
444,0.359663,0.677997,0.672200,0.603900,1356.000000,920824990.000000,1396318376.000000,257409024.000000,238645248.000000,1618321408.000000,0.000000,0.000000,0.000400,0.000000,0.000000,0.000000,0.007300,0.000000,0.008300,0.000000,0.000000,0.000000,0.000200,0.001200,0.002400,0.004300,0.000000
445,0.360636,0.943899,0.932600,0.855500,1356.000000,920824990.000000,1396318376.000000,257409024.000000,238645248.000000,1618321408.000000,0.000000,0.000000,0.000400,0.000000,0.000000,0.000000,0.007400,0.000000,0.008300,0.000000,0.000000,0.000000,0.000200,0.001100,0.002600,0.004500,0.000000
446,0.361618,0.994600,0.998600,0.916700,1356.000000,920824990.000000,1396318376.000000,257409024.000000,238645248.000000,1618321408.000000,0.000000,0.000000,0.000500,0.000000,0.000000,0.000000,0.010300,0.000000,0.010300,0.000000,0.000000,0.000000,0.000500,0.001100,0.003000,0.005600,0.000000
447,0.362537,0.923101,0.922800,0.847000,1356.000000,920824990.000000,1396318376.000000,257409024.000000,238645248.000000,1618321408.000000,0.000000,0.000000,0.000400,0.000000,0.000000,0.000000,0.008600,0.000000,0.015400,0.000000,0.000000,0.000000,0.000500,0.001100,0.002700,0.004600,0.000000
448,0.363406,0.878104,0.879900,0.807400,1356.000000,920824990.000000,1396318376.000000,257409024.000000,238645248.000000,1618321408.000000,0.000000,0.000000,0.000500,0.000000,0.000000,0.000000,0.008900,0.000000,0.015200,0.000000,0.000000,0.000000,0.000500,0.001200,0.002700,0.004800,0.000000
449,0.364310,0.883794,0.876600,0.806500,1356.000000,920829086.000000,1396318376.000000,257409024.000000,238649344.000000,1618321408.000000,0.000000,0.000000,0.000400,0.000000,0.000000,0.000000,0.008000,0.000000,0.012500,0.000000,0.000000,0.000000,0.000400,0.001200,0.002600,0.004400,0.000000
450,0.365516,1.180102,1.162900,1.083200,1356.000000,920829086.000000,1396318376.000000,257409024.000000,238649344.000000,1618321408.000000,0.000000,0.000000,0.000400,0.000000,0.000000,0.000000,0.008800,0.000000,0.012000,0.000000,0.000000,0.000000,0.000400,0.001300,0.002800,0.004900,0.000000
451,0.366957,1.461501,1.466000,1.373000,1356.000000,920842902.000000,1396318376.000000,257409024.000000,238653440.000000,1618321408.000000,0.000000,0.000000,0.000500,0.000000,0.000000,0.000000,0.010700,0.000000,0.015600,0.000000,0.000000,0.000000,0.000600,0.001600,0.003400,0.005800,0.000000
452,0.367984,1.046103,1.053300,0.971800,1356.000000,920843950.000000,1396318376.000000,257409024.000000,238653440.000000,1618321408.000000,0.000000,0.000000,0.000500,0.000000,0.000000,0.000000,0.009600,0.000000,0.017000,0.000000,0.000000,0.000000,0.000500,0.001400,0.003100,0.106200,0.000000
453,0.368830,0.852898,0.853100,0.780800,1356.000000,920843950.000000,1396318376.000000,257409024.000000,238653440.000000,1618321408.000000,0.000000,0.000000,0.000400,0.000000,0.000000,0.000000,0.008000,0.000000,0.014300,0.000000,0.000000,0.000000,0.000300,0.001200,0.002800,0.005100,0.000000
454,0.369642,0.816497,0.814700,0.746200,1356.000000,920843950.000000,1396318376.000000,257409024.000000,238653440.000000,1618321408.000000,0.000000,0.000000,0.000500,0.000000,0.000000,0.000000,0.007800,0.000000,0.014400,0.000000,0.000000,0.000000,0.000400,0.001100,0.002500,0.004600,0.000000
455,0.371041,1.346301,1.317300,1.238200,1356.000000,920843950.000000,1396318376.000000,257409024.000000,238653440.000000,1618321408.000000,0.000000,0.000000,0.000300,0.000000,0.000000,0.000000,0.007600,0.000000,0.030300,0.000000,0.000000,0.000000,0.000200,0.001200,0.002500,0.004400,0.000000
456,0.372021,1.010402,1.025800,0.928300,1356.000000,920843950.000000,1396318376.000000,257409024.000000,238653440.000000,1618321408.000000,0.000000,0.000000,0.000400,0.000000,0.000000,0.000000,0.010900,0.000000,0.014500,0.000000,0.000000,0.000000,0.000400,0.001300,0.003500,0.005100,0.000000
457,0.372879,0.872399,0.878900,0.801600,1356.000000,920848046.000000,1396318376.000000,257409024.000000,238657536.000000,1618321408.000000,0.000000,0.000000,0.000400,0.000000,0.000000,0.000000,0.008700,0.000000,0.015400,0.000000,0.000000,0.000000,0.000600,0.001200,0.002900,0.005000,0.000000
458,0.373691,0.813698,0.811400,0.741500,1356.000000,920848046.000000,1396318376.000000,257409024.000000,238657536.000000,1618321408.000000,0.000000,0.000000,0.000400,0.000000,0.000000,0.000000,0.008200,0.000000,0.021200,0.000000,0.000000,0.000000,0.000400,0.001300,0.002600,0.004400,0.000000
459,0.374481,0.796202,0.797000,0.727500,1356.000000,920848046.000000,1396318376.000000,257409024.000000,238657536.000000,1618321408.000000,0.000000,0.000000,0.000400,0.000000,0.000000,0.000000,0.007700,0.000000,0.014700,0.000000,0.000000,0.000000,0.000300,0.001100,0.002700,0.004500,0.000000
460,0.376021,1.489803,1.466000,1.391000,1356.000000,920852230.000000,1396318376.000000,257409024.000000,238661632.000000,1618321408.000000,0.000000,0.000000,0.476900,0.031300,0.008500,0.132600,0.007300,0.017300,0.010100,0.009300,0.016300,0.010300,0.000200,0.001200,0.002600,0.004600,0.000000
461,0.376988,0.994600,1.005700,0.915100,1356.000000,920852158.000000,1396318376.000000,257409024.000000,238661632.000000,1618321408.000000,0.000000,0.000000,0.000400,0.000000,0.000000,0.000000,0.009300,0.000000,0.021400,0.000000,0.000000,0.000000,0.000500,0.001200,0.003600,0.004900,0.000000
462,0.377816,0.846896,0.850200,0.774600,1356.000000,920852158.000000,1396318376.000000,257409024.000000,238661632.000000,1618321408.000000,0.000000,0.000000,0.000500,0.000000,0.000000,0.000000,0.008200,0.000000,0.012300,0.000000,0.000000,0.000000,0.000500,0.001300,0.003000,0.005200,0.000000
463,0.378646,0.827501,0.824500,0.754600,1356.000000,920852158.000000,1396318376.000000,257409024.000000,238661632.000000,1618321408.000000,0.000000,0.000000,0.000500,0.000000,0.000000,0.000000,0.008200,0.000000,0.019200,0.000000,0.000000,0.000000,0.000500,0.001200,0.002700,0.004400,0.000000
464,0.379462,0.823200,0.823500,0.752900,1356.000000,920856254.000000,1396318376.000000,257409024.000000,238665728.000000,1618321408.000000,0.000000,0.000000,0.000400,0.000000,0.000000,0.000000,0.008200,0.000000,0.014400,0.000000,0.000000,0.000000,0.000300,0.001200,0.002700,0.004200,0.000000
465,0.380579,1.073902,1.058700,0.984000,1356.000000,920856254.000000,1396318376.000000,257409024.000000,238665728.000000,1618321408.000000,0.000000,0.000000,0.000400,0.000000,0.000000,0.000000,0.007500,0.000000,0.026800,0.000000,0.000000,0.000000,0.000300,0.001100,0.002500,0.004400,0.000000
466,0.381532,0.990299,0.996000,0.913900,1356.000000,920860350.000000,1396318376.000000,257409024.000000,238669824.000000,1618321408.000000,0.000000,0.000000,0.000500,0.000000,0.000000,0.000000,0.009800,0.000000,0.014400,0.000000,0.000000,0.000000,0.000600,0.001500,0.003300,0.005200,0.000000
467,0.382465,0.936295,0.939300,0.865300,1356.000000,920860350.000000,1396318376.000000,257409024.000000,238669824.000000,1618321408.000000,0.000000,0.000000,0.000500,0.000000,0.000000,0.000000,0.007600,0.000000,0.013400,0.000000,0.000000,0.000000,0.000500,0.001200,0.002900,0.004600,0.000000
468,0.383328,0.860601,0.858200,0.789500,1356.000000,920860350.000000,1396318376.000000,257409024.000000,238669824.000000,1618321408.000000,0.000000,0.000000,0.000500,0.000000,0.000000,0.000000,0.008100,0.000000,0.018200,0.000000,0.000000,0.000000,0.000400,0.001200,0.002700,0.004300,0.000000
469,0.384176,0.832901,0.832300,0.763000,1356.000000,920860350.000000,1396318376.000000,257409024.000000,238669824.000000,1618321408.000000,0.000000,0.000000,0.000400,0.000000,0.000000,0.000000,0.008000,0.000000,0.021300,0.000000,0.000000,0.000000,0.000300,0.001200,0.002600,0.004500,0.000000
470,0.385259,0.966100,0.925000,0.848600,1356.000000,920864446.000000,1396318376.000000,257409024.000000,238673920.000000,1618321408.000000,0.000000,0.000000,0.000500,0.000000,0.000000,0.000000,0.007800,0.000000,0.012400,0.000000,0.000000,0.000000,0.000400,0.001100,0.002600,0.004400,0.000000
471,0.386258,1.124901,1.153700,1.048700,1356.000000,920864446.000000,1396318376.000000,257409024.000000,238673920.000000,1618321408.000000,0.000000,0.000000,0.000400,0.000000,0.000000,0.000000,0.015700,0.000000,0.015900,0.000000,0.000000,0.000000,0.000800,0.001500,0.005100,0.007200,0.000000
472,0.387181,0.921202,0.920300,0.844100,1356.000000,920864446.000000,1396318376.000000,257409024.000000,238673920.000000,1618321408.000000,0.000000,0.000000,0.000500,0.000000,0.000000,0.000000,0.008000,0.000000,0.021100,0.000000,0.000000,0.000000,0.000300,0.001300,0.002700,0.004800,0.000000
473,0.387952,0.778401,0.780600,0.706900,1356.000000,920864446.000000,1396318376.000000,257409024.000000,238673920.000000,1618321408.000000,0.000000,0.000000,0.000500,0.000000,0.000000,0.000000,0.008400,0.000000,0.012400,0.000000,0.000000,0.000000,0.000400,0.001200,0.002800,0.004700,0.000000
474,0.388706,0.762500,0.762300,0.693300,1356.000000,920864446.000000,1396318376.000000,257409024.000000,238673920.000000,1618321408.000000,0.000000,0.000000,0.000500,0.000000,0.000000,0.000000,0.007500,0.000000,0.018800,0.000000,0.000000,0.000000,0.000400,0.001100,0.002700,0.004300,0.000000
475,0.389619,0.893296,0.780400,0.712000,1356.000000,920864446.000000,1396318376.000000,257409024.000000,238673920.000000,1618321408.000000,0.000000,0.000000,0.000400,0.000000,0.000000,0.000000,0.007300,0.000000,0.014200,0.000000,0.000000,0.000000,0.000200,0.001100,0.002400,0.004200,0.000000
476,0.390930,1.252501,1.323100,1.240800,1356.000000,920868542.000000,1396318376.000000,257409024.000000,238678016.000000,1618321408.000000,0.000000,0.000000,0.000500,0.000000,0.000000,0.000000,0.006800,0.000000,0.014200,0.000000,0.000000,0.000000,0.000300,0.001000,0.002600,0.004700,0.000000
477,0.392309,1.419898,1.435400,1.324000,1356.000000,920868654.000000,1396318376.000000,257409024.000000,238678016.000000,1618321408.000000,0.000000,0.000000,0.488900,0.031700,0.007800,0.136500,0.011700,0.016600,0.010500,0.010100,0.015600,0.019000,0.000800,0.001600,0.003700,0.005900,0.000000
478,0.393008,0.729400,0.745300,0.661400,1356.000000,920868582.000000,1396318376.000000,257409024.000000,238678016.000000,1618321408.000000,0.000000,0.000000,0.000400,0.000000,0.000000,0.000000,0.009800,0.000000,0.009000,0.000000,0.000000,0.000000,0.000500,0.001300,0.002900,0.004700,0.000000
479,0.393692,0.681498,0.680900,0.612200,1356.000000,920868614.000000,1396318376.000000,257409024.000000,238678016.000000,1618321408.000000,0.000000,0.000000,0.000400,0.000000,0.000000,0.000000,0.007800,0.000000,0.008800,0.000000,0.000000,0.000000,0.000200,0.001100,0.002600,0.004600,0.000000
480,0.394385,0.701403,0.700100,0.631100,1356.000000,920869406.000000,1396318376.000000,257409024.000000,238678016.000000,1618321408.000000,0.000000,0.000000,0.000400,0.000000,0.000000,0.000000,0.008000,0.000000,0.009300,0.000000,0.000000,0.000000,0.000300,0.001000,0.002800,0.004300,0.000000
481,0.395179,0.765703,0.757200,0.687600,1356.000000,920873550.000000,1396318376.000000,257409024.000000,238682112.000000,1618321408.000000,0.000000,0.000000,0.000500,0.000000,0.000000,0.000000,0.007600,0.000000,0.008600,0.000000,0.000000,0.000000,0.000300,0.001000,0.002500,0.004200,0.000000
482,0.396189,1.022095,1.017800,0.942200,1356.000000,920862822.000000,1396318376.000000,257409024.000000,238682112.000000,1618321408.000000,0.000000,0.000000,0.000400,0.000000,0.000000,0.000000,0.008500,0.000000,0.009900,0.000000,0.000000,0.000000,0.000400,0.001300,0.003000,0.005200,0.000000
483,0.396901,0.709205,0.715700,0.640300,1356.000000,920871014.000000,1396318376.000000,257409024.000000,238690304.000000,1618321408.000000,0.000000,0.000000,0.000400,0.000000,0.000000,0.000000,0.008200,0.000000,0.008600,0.000000,0.000000,0.000000,0.000300,0.001200,0.002700,0.004700,0.000000
484,0.397572,0.691100,0.689500,0.623100,1356.000000,920871046.000000,1396318376.000000,257409024.000000,238690304.000000,1618321408.000000,0.000000,0.000000,0.000400,0.000000,0.000000,0.000000,0.007500,0.000000,0.008300,0.000000,0.000000,0.000000,0.000300,0.001100,0.002600,0.004800,0.000000
485,0.398240,0.668396,0.667300,0.601500,1356.000000,920871046.000000,1396318376.000000,257409024.000000,238690304.000000,1618321408.000000,0.000000,0.000000,0.000400,0.000000,0.000000,0.000000,0.007200,0.000000,0.008300,0.000000,0.000000,0.000000,0.000200,0.001100,0.002500,0.004200,0.000000
486,0.398888,0.652303,0.651300,0.585800,1356.000000,920871046.000000,1396318376.000000,257409024.000000,238690304.000000,1618321408.000000,0.000000,0.000000,0.000500,0.000000,0.000000,0.000000,0.007600,0.000000,0.007900,0.000000,0.000000,0.000000,0.000300,0.001000,0.002400,0.004300,0.000000
487,0.399568,0.669799,0.665300,0.599200,1356.000000,920871078.000000,1396318376.000000,257409024.000000,238690304.000000,1618321408.000000,0.000000,0.000000,0.000400,0.000000,0.000000,0.000000,0.007300,0.000000,0.008800,0.000000,0.000000,0.000000,0.000200,0.001100,0.002300,0.004100,0.000000
488,0.400343,0.755201,0.746100,0.675700,1356.000000,920871078.000000,1396318376.000000,257409024.000000,238690304.000000,1618321408.000000,0.000000,0.000000,0.000500,0.000000,0.000000,0.000000,0.007800,0.000000,0.008300,0.000000,0.000000,0.000000,0.000400,0.001200,0.002500,0.004400,0.000000
489,0.401057,0.738400,0.741500,0.666900,1356.000000,920875174.000000,1396318376.000000,257409024.000000,238694400.000000,1618321408.000000,0.000000,0.000000,0.000400,0.000000,0.000000,0.000000,0.009400,0.000000,0.009000,0.000000,0.000000,0.000000,0.000600,0.001100,0.002500,0.005200,0.000000
490,0.401711,0.658298,0.661100,0.592300,1356.000000,920875174.000000,1396318376.000000,257409024.000000,238694400.000000,1618321408.000000,0.000000,0.000000,0.000400,0.000000,0.000000,0.000000,0.007300,0.000000,0.009400,0.000000,0.000000,0.000000,0.000300,0.001100,0.002500,0.004200,0.000000
491,0.402380,0.661104,0.654300,0.589600,1356.000000,920875174.000000,1396318376.000000,257409024.000000,238694400.000000,1618321408.000000,0.000000,0.000000,0.000400,0.000000,0.000000,0.000000,0.007100,0.000000,0.008000,0.000000,0.000000,0.000000,0.000300,0.001000,0.002400,0.004200,0.000000
492,0.403037,0.665299,0.666200,0.597100,1356.000000,920875174.000000,1396318376.000000,257409024.000000,238694400.000000,1618321408.000000,0.000000,0.000000,0.000400,0.000000,0.000000,0.000000,0.007800,0.000000,0.008000,0.000000,0.000000,0.000000,0.000300,0.001100,0.002600,0.004300,0.000000
493,0.403692,0.653501,0.653800,0.587600,1356.000000,920879270.000000,1396318376.000000,257409024.000000,238698496.000000,1618321408.000000,0.000000,0.000000,0.000400,0.000000,0.000000,0.000000,0.007300,0.000000,0.008100,0.000000,0.000000,0.000000,0.000400,0.001000,0.002500,0.004400,0.000000
494,0.404369,0.658900,0.652900,0.588000,1356.000000,920879270.000000,1396318376.000000,257409024.000000,238698496.000000,1618321408.000000,0.000000,0.000000,0.000400,0.000000,0.000000,0.000000,0.007100,0.000000,0.008000,0.000000,0.000000,0.000000,0.000300,0.001000,0.002600,0.004300,0.000000
495,0.405126,0.756895,0.753600,0.684000,1356.000000,920879246.000000,1396318376.000000,257409024.000000,238698496.000000,1618321408.000000,0.000000,0.000000,0.000400,0.000000,0.000000,0.000000,0.007600,0.000000,0.008500,0.000000,0.000000,0.000000,0.000400,0.001200,0.002600,0.004000,0.000000
496,0.406044,0.910502,0.904800,0.831500,1356.000000,920883390.000000,1396318376.000000,257409024.000000,238702592.000000,1618321408.000000,0.000000,0.000000,0.000400,0.000000,0.000000,0.000000,0.008900,0.000000,0.008400,0.000000,0.000000,0.000000,0.000400,0.001100,0.002900,0.004900,0.000000
497,0.406915,0.865802,0.831700,0.758000,1356.000000,920883390.000000,1396318376.000000,257409024.000000,238702592.000000,1618321408.000000,0.000000,0.000000,0.000400,0.000000,0.000000,0.000000,0.009500,0.000000,0.018500,0.000000,0.000000,0.000000,0.000600,0.001000,0.002700,0.004800,0.000000
498,0.407712,0.808496,0.839600,0.736000,1356.000000,920883390.000000,1396318376.000000,257409024.000000,238702592.000000,1618321408.000000,0.000000,0.000000,0.000500,0.000000,0.000000,0.000000,0.008500,0.000000,0.059800,0.000000,0.000000,0.000000,0.000500,0.001100,0.002800,0.005000,0.000000
499,0.408946,1.229004,1.230800,1.158400,1356.000000,920883534.000000,1396318376.000000,257409024.000000,238702592.000000,1618321408.000000,0.000000,0.000000,0.512200,0.032500,0.008100,0.169500,0.008600,0.014900,0.011200,0.009900,0.016500,0.013600,0.000500,0.001100,0.002800,0.004500,0.000000
500,0.409683,0.718197,0.710200,0.641100,1356.000000,920888294.000000,1396318376.000000,257409024.000000,238706688.000000,1618321408.000000,0.000000,0.000000,0.000500,0.000000,0.000000,0.000000,0.008900,0.000000,0.009300,0.000000,0.000000,0.000000,0.000400,0.001200,0.002600,0.004400,0.000000
501,0.410591,0.910601,0.899800,0.819000,1356.000000,920888294.000000,1396318376.000000,257409024.000000,238706688.000000,1618321408.000000,0.000000,0.000000,0.000500,0.000000,0.000000,0.000000,0.009300,0.000000,0.009200,0.000000,0.000000,0.000000,0.000300,0.001500,0.003600,0.006300,0.000000
502,0.411484,0.918403,0.921600,0.836500,1356.000000,920906206.000000,1396318376.000000,257409024.000000,238714880.000000,1618321408.000000,0.000000,0.000000,0.000500,0.000000,0.000000,0.000000,0.009300,0.000000,0.009000,0.000000,0.000000,0.000000,0.000500,0.001300,0.002900,0.004900,0.000000
503,0.412235,0.754797,0.761900,0.684000,1356.000000,920907254.000000,1396318376.000000,257409024.000000,238714880.000000,1618321408.000000,0.000000,0.000000,0.000400,0.000000,0.000000,0.000000,0.007800,0.000000,0.008300,0.000000,0.000000,0.000000,0.000400,0.001300,0.002900,0.004500,0.000000
504,0.412930,0.701198,0.697500,0.629200,1356.000000,920907254.000000,1396318376.000000,257409024.000000,238714880.000000,1618321408.000000,0.000000,0.000000,0.000400,0.000000,0.000000,0.000000,0.008000,0.000000,0.008600,0.000000,0.000000,0.000000,0.000400,0.001200,0.002800,0.004600,0.000000
505,0.413595,0.671804,0.674700,0.605100,1356.000000,920907254.000000,1396318376.000000,257409024.000000,238714880.000000,1618321408.000000,0.000000,0.000000,0.000400,0.000000,0.000000,0.000000,0.007400,0.000000,0.008900,0.000000,0.000000,0.000000,0.000200,0.001200,0.002700,0.004500,0.000000
506,0.414306,0.708000,0.705400,0.639000,1356.000000,920907254.000000,1396318376.000000,257409024.000000,238714880.000000,1618321408.000000,0.000000,0.000000,0.000400,0.000000,0.000000,0.000000,0.007400,0.000000,0.008200,0.000000,0.000000,0.000000,0.000200,0.001200,0.002400,0.004300,0.000000
507,0.415044,0.700999,0.698400,0.631200,1356.000000,920907254.000000,1396318376.000000,257409024.000000,238714880.000000,1618321408.000000,0.000000,0.000000,0.000400,0.000000,0.000000,0.000000,0.007500,0.000000,0.008300,0.000000,0.000000,0.000000,0.000300,0.001100,0.002600,0.004400,0.000000
508,0.416084,1.044600,1.029000,0.957800,1356.000000,920911350.000000,1396318376.000000,257409024.000000,238718976.000000,1618321408.000000,0.000000,0.000000,0.000500,0.000000,0.000000,0.000000,0.007800,0.000000,0.008200,0.000000,0.000000,0.000000,0.000400,0.001200,0.003900,0.005400,0.000000
509,0.416775,0.712202,0.719100,0.638600,1356.000000,920911350.000000,1396318376.000000,257409024.000000,238718976.000000,1618321408.000000,0.000000,0.000000,0.000500,0.000000,0.000000,0.000000,0.009100,0.000000,0.008800,0.000000,0.000000,0.000000,0.000400,0.001200,0.002700,0.005000,0.000000
510,0.417466,0.699497,0.702800,0.632200,1356.000000,920911350.000000,1396318376.000000,257409024.000000,238718976.000000,1618321408.000000,0.000000,0.000000,0.000400,0.000000,0.000000,0.000000,0.008300,0.000000,0.008500,0.000000,0.000000,0.000000,0.000300,0.001100,0.002700,0.004700,0.000000
511,0.418146,0.679897,0.677500,0.611500,1356.000000,920911350.000000,1396318376.000000,257409024.000000,238718976.000000,1618321408.000000,0.000000,0.000000,0.000500,0.000000,0.000000,0.000000,0.007500,0.000000,0.008700,0.000000,0.000000,0.000000,0.000300,0.001000,0.002600,0.004500,0.000000
512,0.418795,0.652905,0.653000,0.586800,1356.000000,920911350.000000,1396318376.000000,257409024.000000,238718976.000000,1618321408.000000,0.000000,0.000000,0.000400,0.000000,0.000000,0.000000,0.007600,0.000000,0.008000,0.000000,0.000000,0.000000,0.000300,0.001000,0.002600,0.004300,0.000000
513,0.419448,0.653600,0.652500,0.588400,1356.000000,920911350.000000,1396318376.000000,257409024.000000,238718976.000000,1618321408.000000,0.000000,0.000000,0.000500,0.000000,0.000000,0.000000,0.007500,0.000000,0.008400,0.000000,0.000000,0.000000,0.000200,0.001000,0.002600,0.004200,0.000000
514,0.420226,0.730697,0.717200,0.651300,1356.000000,920911350.000000,1396318376.000000,257409024.000000,238718976.000000,1618321408.000000,0.000000,0.000000,0.000500,0.000000,0.000000,0.000000,0.007200,0.000000,0.008000,0.000000,0.000000,0.000000,0.000200,0.001000,0.002500,0.004300,0.000000
515,0.420981,0.790101,0.793100,0.717600,1356.000000,920915446.000000,1396318376.000000,257409024.000000,238723072.000000,1618321408.000000,0.000000,0.000000,0.000600,0.000000,0.000000,0.000000,0.010800,0.000000,0.008900,0.000000,0.000000,0.000000,0.000400,0.001100,0.002700,0.005000,0.000000
516,0.421705,0.734198,0.737000,0.666200,1356.000000,920915446.000000,1396318376.000000,257409024.000000,238723072.000000,1618321408.000000,0.000000,0.000000,0.000500,0.000000,0.000000,0.000000,0.007900,0.000000,0.008800,0.000000,0.000000,0.000000,0.000400,0.001100,0.002700,0.004500,0.000000
517,0.422383,0.679599,0.679800,0.613800,1356.000000,920919542.000000,1396318376.000000,257409024.000000,238727168.000000,1618321408.000000,0.000000,0.000000,0.000400,0.000000,0.000000,0.000000,0.007400,0.000000,0.008500,0.000000,0.000000,0.000000,0.000300,0.001100,0.002600,0.004400,0.000000
518,0.423060,0.670004,0.662900,0.598500,1356.000000,920919542.000000,1396318376.000000,257409024.000000,238727168.000000,1618321408.000000,0.000000,0.000000,0.000400,0.000000,0.000000,0.000000,0.007100,0.000000,0.009000,0.000000,0.000000,0.000000,0.000300,0.001000,0.002500,0.004300,0.000000
519,0.423765,0.693502,0.696300,0.627400,1356.000000,920919542.000000,1396318376.000000,257409024.000000,238727168.000000,1618321408.000000,0.000000,0.000000,0.000500,0.000000,0.000000,0.000000,0.007800,0.000000,0.009400,0.000000,0.000000,0.000000,0.000300,0.001200,0.002600,0.004300,0.000000
520,0.425014,1.225794,1.211500,1.145100,1356.000000,920919670.000000,1396318376.000000,257409024.000000,238727168.000000,1618321408.000000,0.000000,0.000000,0.472800,0.030800,0.008400,0.136800,0.007500,0.015500,0.009900,0.009800,0.015900,0.015400,0.000300,0.001200,0.002600,0.004200,0.000000
521,0.426040,1.030903,1.022100,0.939200,1356.000000,920923694.000000,1396318376.000000,257409024.000000,238731264.000000,1618321408.000000,0.000000,0.000000,0.000500,0.000000,0.000000,0.000000,0.010400,0.000000,0.008800,0.000000,0.000000,0.000000,0.000500,0.001300,0.003000,0.005700,0.000000
522,0.426773,0.757200,0.767800,0.683100,1356.000000,920923694.000000,1396318376.000000,257409024.000000,238731264.000000,1618321408.000000,0.000000,0.000000,0.000500,0.000000,0.000000,0.000000,0.009300,0.000000,0.008900,0.000000,0.000000,0.000000,0.000400,0.001200,0.002800,0.004900,0.000000
523,0.427524,0.752898,0.705600,0.634100,1356.000000,920927790.000000,1396318376.000000,257409024.000000,238735360.000000,1618321408.000000,0.000000,0.000000,0.000400,0.000000,0.000000,0.000000,0.007800,0.000000,0.008700,0.000000,0.000000,0.000000,0.000300,0.001100,0.002600,0.004500,0.000000
524,0.428243,0.716702,0.761400,0.645300,1356.000000,920927790.000000,1396318376.000000,257409024.000000,238735360.000000,1618321408.000000,0.000000,0.000000,0.000400,0.000000,0.000000,0.000000,0.007400,0.000000,0.010000,0.000000,0.000000,0.000000,0.000200,0.001100,0.002800,0.004500,0.000000
525,0.428935,0.700099,0.700000,0.630500,1356.000000,920927790.000000,1396318376.000000,257409024.000000,238735360.000000,1618321408.000000,0.000000,0.000000,0.000400,0.000000,0.000000,0.000000,0.008300,0.000000,0.009500,0.000000,0.000000,0.000000,0.000400,0.001100,0.002600,0.004400,0.000000
526,0.429633,0.694600,0.689200,0.621700,1356.000000,920927790.000000,1396318376.000000,257409024.000000,238735360.000000,1618321408.000000,0.000000,0.000000,0.000500,0.000000,0.000000,0.000000,0.007500,0.000000,0.008600,0.000000,0.000000,0.000000,0.000300,0.001000,0.002600,0.004700,0.000000
527,0.430449,0.786798,0.773900,0.697300,1356.000000,920927790.000000,1396318376.000000,257409024.000000,238735360.000000,1618321408.000000,0.000000,0.000000,0.000300,0.000000,0.000000,0.000000,0.007600,0.000000,0.008900,0.000000,0.000000,0.000000,0.000300,0.001000,0.002800,0.004600,0.000000
528,0.431237,0.805102,0.809800,0.724300,1356.000000,920931886.000000,1396318376.000000,257409024.000000,238739456.000000,1618321408.000000,0.000000,0.000000,0.000500,0.000000,0.000000,0.000000,0.008900,0.000000,0.009100,0.000000,0.000000,0.000000,0.000500,0.001300,0.003700,0.005100,0.000000
529,0.431982,0.728501,0.731900,0.656500,1356.000000,920931886.000000,1396318376.000000,257409024.000000,238739456.000000,1618321408.000000,0.000000,0.000000,0.000500,0.000000,0.000000,0.000000,0.007900,0.000000,0.008700,0.000000,0.000000,0.000000,0.000200,0.001100,0.003000,0.004600,0.000000
530,0.432741,0.777501,0.771100,0.700300,1356.000000,920931886.000000,1396318376.000000,257409024.000000,238739456.000000,1618321408.000000,0.000000,0.000000,0.000400,0.000000,0.000000,0.000000,0.007600,0.000000,0.010200,0.000000,0.000000,0.000000,0.000900,0.001200,0.004700,0.006400,0.000000
531,0.433553,0.805796,0.799200,0.724500,1356.000000,920931886.000000,1396318376.000000,257409024.000000,238739456.000000,1618321408.000000,0.000000,0.000000,0.000400,0.000000,0.000000,0.000000,0.008500,0.000000,0.009000,0.000000,0.000000,0.000000,0.000400,0.001100,0.002600,0.004700,0.000000
532,0.434304,0.759503,0.763200,0.684200,1356.000000,920931886.000000,1396318376.000000,257409024.000000,238739456.000000,1618321408.000000,0.000000,0.000000,0.000500,0.000000,0.000000,0.000000,0.008800,0.000000,0.009000,0.000000,0.000000,0.000000,0.000500,0.001200,0.003000,0.004600,0.000000
533,0.435073,0.758900,0.755700,0.683100,1356.000000,920931886.000000,1396318376.000000,257409024.000000,238739456.000000,1618321408.000000,0.000000,0.000000,0.000500,0.000000,0.000000,0.000000,0.008200,0.000000,0.010000,0.000000,0.000000,0.000000,0.000400,0.001200,0.002800,0.004700,0.000000
534,0.435849,0.779500,0.775600,0.700300,1356.000000,920940078.000000,1396318376.000000,257409024.000000,238747648.000000,1618321408.000000,0.000000,0.000000,0.000400,0.000000,0.000000,0.000000,0.010400,0.000000,0.008800,0.000000,0.000000,0.000000,0.000400,0.001200,0.002800,0.004800,0.000000
535,0.436617,0.780300,0.782300,0.706700,1356.000000,920940078.000000,1396318376.000000,257409024.000000,238747648.000000,1618321408.000000,0.000000,0.000000,0.000400,0.000000,0.000000,0.000000,0.008500,0.000000,0.008700,0.000000,0.000000,0.000000,0.000300,0.001300,0.002900,0.004800,0.000000
536,0.437320,0.710601,0.711000,0.639900,1356.000000,920940078.000000,1396318376.000000,257409024.000000,238747648.000000,1618321408.000000,0.000000,0.000000,0.000400,0.000000,0.000000,0.000000,0.008100,0.000000,0.008700,0.000000,0.000000,0.000000,0.000200,0.001100,0.002600,0.004700,0.000000
537,0.438021,0.700900,0.699500,0.631200,1356.000000,920940078.000000,1396318376.000000,257409024.000000,238747648.000000,1618321408.000000,0.000000,0.000000,0.000500,0.000000,0.000000,0.000000,0.007400,0.000000,0.008600,0.000000,0.000000,0.000000,0.000200,0.001100,0.002400,0.004500,0.000000
538,0.438716,0.683900,0.680400,0.612000,1356.000000,920940078.000000,1396318376.000000,257409024.000000,238747648.000000,1618321408.000000,0.000000,0.000000,0.000400,0.000000,0.000000,0.000000,0.007600,0.000000,0.008400,0.000000,0.000000,0.000000,0.000200,0.001200,0.002500,0.004300,0.000000
539,0.439420,0.705499,0.705000,0.635300,1356.000000,920940078.000000,1396318376.000000,257409024.000000,238747648.000000,1618321408.000000,0.000000,0.000000,0.000500,0.000000,0.000000,0.000000,0.008100,0.000000,0.009300,0.000000,0.000000,0.000000,0.000400,0.001000,0.002700,0.004900,0.000000
540,0.440397,0.954500,0.941600,0.869600,1356.000000,920933406.000000,1396318376.000000,257409024.000000,238751744.000000,1618321408.000000,0.000000,0.000000,0.000500,0.000000,0.000000,0.000000,0.007500,0.000000,0.008400,0.000000,0.000000,0.000000,0.000300,0.001100,0.002600,0.004600,0.000000
541,0.441164,0.786402,0.789400,0.710600,1356.000000,920933406.000000,1396318376.000000,257409024.000000,238751744.000000,1618321408.000000,0.000000,0.000000,0.000500,0.000000,0.000000,0.000000,0.009200,0.000000,0.009600,0.000000,0.000000,0.000000,0.000400,0.001100,0.003000,0.005500,0.000000
542,0.442641,1.457596,1.451800,1.374800,1356.000000,920933494.000000,1396318376.000000,257409024.000000,238751744.000000,1618321408.000000,0.000000,0.000000,0.534000,0.033800,0.008500,0.169200,0.007800,0.017000,0.013900,0.010200,0.016900,0.017900,0.000400,0.001200,0.002800,0.005000,0.000000
543,0.443501,0.871705,0.874100,0.794700,1356.000000,920933422.000000,1396318376.000000,257409024.000000,238751744.000000,1618321408.000000,0.000000,0.000000,0.000400,0.000000,0.000000,0.000000,0.009600,0.000000,0.078300,0.000000,0.000000,0.000000,0.000500,0.001300,0.002900,0.005000,0.000000
544,0.444416,0.895699,0.857600,0.783800,1356.000000,920933422.000000,1396318376.000000,257409024.000000,238751744.000000,1618321408.000000,0.000000,0.000000,0.000500,0.000000,0.000000,0.000000,0.008500,0.000000,0.073500,0.000000,0.000000,0.000000,0.000500,0.001100,0.002700,0.004600,0.000000
545,0.445510,1.064300,1.070400,0.954600,1356.000000,920937518.000000,1396318376.000000,257409024.000000,238755840.000000,1618321408.000000,0.000000,0.000000,0.000400,0.000000,0.000000,0.000000,0.012200,0.000000,0.018300,0.000000,0.000000,0.000000,0.000600,0.001100,0.002700,0.004800,0.000000
546,0.446677,1.181300,1.191100,1.086500,1356.000000,920937518.000000,1396318376.000000,257409024.000000,238755840.000000,1618321408.000000,0.000000,0.000000,0.000500,0.000000,0.000000,0.000000,0.012100,0.000000,0.088100,0.000000,0.000000,0.000000,0.000900,0.001600,0.004600,0.006600,0.000000
547,0.447683,1.011501,1.022900,0.934500,1356.000000,920941614.000000,1396318376.000000,257409024.000000,238759936.000000,1618321408.000000,0.000000,0.000000,0.000600,0.000000,0.000000,0.000000,0.009800,0.000000,0.081700,0.000000,0.000000,0.000000,0.000600,0.001300,0.003700,0.005800,0.000000
548,0.448563,0.912500,0.878300,0.803500,1356.000000,920941614.000000,1396318376.000000,257409024.000000,238759936.000000,1618321408.000000,0.000000,0.000000,0.000500,0.000000,0.000000,0.000000,0.008900,0.000000,0.008800,0.000000,0.000000,0.000000,0.000700,0.001400,0.003600,0.005400,0.000000
549,0.449442,0.877700,0.910300,0.806100,1356.000000,920941614.000000,1396318376.000000,257409024.000000,238759936.000000,1618321408.000000,0.000000,0.000000,0.000500,0.000000,0.000000,0.000000,0.008200,0.000000,0.015900,0.000000,0.000000,0.000000,0.000600,0.001300,0.002800,0.004800,0.000000
550,0.450686,1.202197,1.184300,1.105200,1356.000000,920941614.000000,1396318376.000000,257409024.000000,238759936.000000,1618321408.000000,0.000000,0.000000,0.000500,0.000000,0.000000,0.000000,0.008600,0.000000,0.017700,0.000000,0.000000,0.000000,0.000700,0.001300,0.003200,0.005000,0.000000
551,0.451680,1.024001,1.029700,0.941900,1356.000000,920945710.000000,1396318376.000000,257409024.000000,238764032.000000,1618321408.000000,0.000000,0.000000,0.000400,0.000000,0.000000,0.000000,0.010400,0.000000,0.016800,0.000000,0.000000,0.000000,0.000500,0.001700,0.003600,0.005800,0.000000
552,0.452463,0.800503,0.804900,0.725500,1356.000000,920945710.000000,1396318376.000000,257409024.000000,238764032.000000,1618321408.000000,0.000000,0.000000,0.000500,0.000000,0.000000,0.000000,0.008900,0.000000,0.061300,0.000000,0.000000,0.000000,0.000400,0.001200,0.002700,0.004800,0.000000
553,0.453208,0.742496,0.740700,0.668300,1356.000000,920949806.000000,1396318376.000000,257409024.000000,238768128.000000,1618321408.000000,0.000000,0.000000,0.000400,0.000000,0.000000,0.000000,0.008400,0.000000,0.066500,0.000000,0.000000,0.000000,0.000400,0.001200,0.002500,0.004600,0.000000
554,0.454044,0.833404,0.830600,0.757400,1356.000000,920949806.000000,1396318376.000000,257409024.000000,238768128.000000,1618321408.000000,0.000000,0.000000,0.000400,0.000000,0.000000,0.000000,0.008700,0.000000,0.063500,0.000000,0.000000,0.000000,0.000500,0.001200,0.002700,0.004800,0.000000
555,0.454788,0.751694,0.748000,0.674600,1356.000000,920949806.000000,1396318376.000000,257409024.000000,238768128.000000,1618321408.000000,0.000000,0.000000,0.000500,0.000000,0.000000,0.000000,0.008800,0.000000,0.065400,0.000000,0.000000,0.000000,0.000300,0.001100,0.002700,0.004700,0.000000
556,0.455805,0.998604,0.988000,0.909700,1356.000000,920949806.000000,1396318376.000000,257409024.000000,238768128.000000,1618321408.000000,0.000000,0.000000,0.000400,0.000000,0.000000,0.000000,0.008200,0.000000,0.020400,0.000000,0.000000,0.000000,0.000300,0.001300,0.002600,0.004700,0.000000
557,0.456703,0.903600,0.907700,0.823100,1356.000000,920953902.000000,1396318376.000000,257409024.000000,238772224.000000,1618321408.000000,0.000000,0.000000,0.000500,0.000000,0.000000,0.000000,0.009000,0.000000,0.010600,0.000000,0.000000,0.000000,0.000400,0.001300,0.002900,0.004800,0.000000
558,0.457527,0.841901,0.833700,0.757400,1356.000000,920953902.000000,1396318376.000000,257409024.000000,238772224.000000,1618321408.000000,0.000000,0.000000,0.000400,0.000000,0.000000,0.000000,0.008700,0.000000,0.021600,0.000000,0.000000,0.000000,0.000400,0.001200,0.003000,0.004700,0.000000
559,0.458805,1.260197,1.266200,1.183400,1356.000000,920954006.000000,1396318376.000000,257409024.000000,238772224.000000,1618321408.000000,0.000000,0.000000,0.519900,0.032200,0.008800,0.166800,0.007900,0.017000,0.012000,0.009900,0.016800,0.019000,0.000300,0.001200,0.002700,0.005300,0.000000
560,0.459541,0.736600,0.738300,0.664500,1356.000000,920958030.000000,1396318376.000000,257409024.000000,238776320.000000,1618321408.000000,0.000000,0.000000,0.000400,0.000000,0.000000,0.000000,0.009400,0.000000,0.009900,0.000000,0.000000,0.000000,0.000300,0.001100,0.002800,0.004800,0.000000
561,0.460488,0.833099,0.817300,0.742100,1356.000000,920958030.000000,1396318376.000000,257409024.000000,238776320.000000,1618321408.000000,0.000000,0.000000,0.000400,0.000000,0.000000,0.000000,0.007900,0.000000,0.009600,0.000000,0.000000,0.000000,0.000200,0.001200,0.003000,0.005200,0.000000
562,0.461643,1.267602,1.269200,1.182800,1356.000000,920958062.000000,1396318376.000000,257409024.000000,238776320.000000,1618321408.000000,0.000000,0.000000,0.000500,0.000000,0.000000,0.000000,0.011600,0.000000,0.009500,0.000000,0.000000,0.000000,0.000700,0.001600,0.005100,0.007500,0.000000
563,0.462373,0.748002,0.756600,0.675700,1356.000000,920958062.000000,1396318376.000000,257409024.000000,238776320.000000,1618321408.000000,0.000000,0.000000,0.000500,0.000000,0.000000,0.000000,0.007900,0.000000,0.008700,0.000000,0.000000,0.000000,0.000300,0.001300,0.002300,0.004800,0.000000
564,0.463081,0.705598,0.705000,0.635800,1356.000000,920958062.000000,1396318376.000000,257409024.000000,238776320.000000,1618321408.000000,0.000000,0.000000,0.000400,0.000000,0.000000,0.000000,0.007500,0.000000,0.009100,0.000000,0.000000,0.000000,0.000200,0.001100,0.002400,0.004400,0.000000
565,0.463806,0.714201,0.712600,0.645100,1356.000000,920958062.000000,1396318376.000000,257409024.000000,238776320.000000,1618321408.000000,0.000000,0.000000,0.000400,0.000000,0.000000,0.000000,0.008000,0.000000,0.010100,0.000000,0.000000,0.000000,0.000200,0.001100,0.002600,0.004400,0.000000
566,0.464505,0.709899,0.708500,0.641700,1356.000000,920966254.000000,1396318376.000000,257409024.000000,238784512.000000,1618321408.000000,0.000000,0.000000,0.000400,0.000000,0.000000,0.000000,0.007700,0.000000,0.008500,0.000000,0.000000,0.000000,0.000200,0.001000,0.002400,0.004500,0.000000
567,0.465357,0.804500,0.780600,0.707400,1356.000000,920966254.000000,1396318376.000000,257409024.000000,238784512.000000,1618321408.000000,0.000000,0.000000,0.000400,0.000000,0.000000,0.000000,0.007200,0.000000,0.008600,0.000000,0.000000,0.000000,0.000200,0.001300,0.003200,0.005500,0.000000
568,0.466295,0.967304,0.976200,0.885200,1356.000000,920980070.000000,1396318376.000000,257409024.000000,238788608.000000,1618321408.000000,0.000000,0.000000,0.000500,0.000000,0.000000,0.000000,0.011000,0.000000,0.009700,0.000000,0.000000,0.000000,0.000700,0.001400,0.003300,0.005600,0.000000
569,0.467076,0.802594,0.809400,0.732300,1356.000000,920981118.000000,1396318376.000000,257409024.000000,238788608.000000,1618321408.000000,0.000000,0.000000,0.000500,0.000000,0.000000,0.000000,0.008800,0.000000,0.009100,0.000000,0.000000,0.000000,0.000300,0.001200,0.002900,0.004700,0.000000
570,0.467761,0.691100,0.690900,0.621900,1356.000000,920981118.000000,1396318376.000000,257409024.000000,238788608.000000,1618321408.000000,0.000000,0.000000,0.000400,0.000000,0.000000,0.000000,0.007600,0.000000,0.009300,0.000000,0.000000,0.000000,0.000300,0.001200,0.002600,0.004600,0.000000
571,0.468449,0.686501,0.685500,0.618500,1356.000000,920981118.000000,1396318376.000000,257409024.000000,238788608.000000,1618321408.000000,0.000000,0.000000,0.000500,0.000000,0.000000,0.000000,0.007500,0.000000,0.008400,0.000000,0.000000,0.000000,0.000300,0.001200,0.002400,0.004300,0.000000
572,0.469139,0.693006,0.691200,0.624900,1356.000000,920985214.000000,1396318376.000000,257409024.000000,238792704.000000,1618321408.000000,0.000000,0.000000,0.000300,0.000000,0.000000,0.000000,0.007600,0.000000,0.008600,0.000000,0.000000,0.000000,0.000200,0.001200,0.002500,0.004400,0.000000
573,0.469798,0.658298,0.656000,0.590000,1356.000000,920985214.000000,1396318376.000000,257409024.000000,238792704.000000,1618321408.000000,0.000000,0.000000,0.000400,0.000000,0.000000,0.000000,0.007600,0.000000,0.008800,0.000000,0.000000,0.000000,0.000300,0.001100,0.002400,0.004300,0.000000
574,0.470603,0.771995,0.757300,0.686100,1356.000000,920985214.000000,1396318376.000000,257409024.000000,238792704.000000,1618321408.000000,0.000000,0.000000,0.000400,0.000000,0.000000,0.000000,0.007700,0.000000,0.008300,0.000000,0.000000,0.000000,0.000300,0.001100,0.002400,0.004500,0.000000
575,0.471437,0.843006,0.846700,0.766500,1356.000000,920985214.000000,1396318376.000000,257409024.000000,238792704.000000,1618321408.000000,0.000000,0.000000,0.000500,0.000000,0.000000,0.000000,0.009600,0.000000,0.008800,0.000000,0.000000,0.000000,0.000400,0.001100,0.003000,0.004300,0.000000
576,0.472163,0.740101,0.727400,0.653300,1356.000000,920985214.000000,1396318376.000000,257409024.000000,238792704.000000,1618321408.000000,0.000000,0.000000,0.000500,0.000000,0.000000,0.000000,0.008700,0.000000,0.008900,0.000000,0.000000,0.000000,0.000500,0.001200,0.002700,0.004900,0.000000
577,0.472859,0.699497,0.713300,0.629900,1356.000000,920985214.000000,1396318376.000000,257409024.000000,238792704.000000,1618321408.000000,0.000000,0.000000,0.000400,0.000000,0.000000,0.000000,0.008200,0.000000,0.009000,0.000000,0.000000,0.000000,0.000300,0.001100,0.002500,0.004600,0.000000
578,0.473593,0.739300,0.735100,0.667000,1356.000000,920985214.000000,1396318376.000000,257409024.000000,238792704.000000,1618321408.000000,0.000000,0.000000,0.000500,0.000000,0.000000,0.000000,0.007700,0.000000,0.008500,0.000000,0.000000,0.000000,0.000200,0.001100,0.002700,0.004500,0.000000
579,0.474261,0.670203,0.671600,0.601400,1356.000000,920989310.000000,1396318376.000000,257409024.000000,238796800.000000,1618321408.000000,0.000000,0.000000,0.000400,0.000000,0.000000,0.000000,0.007700,0.000000,0.008300,0.000000,0.000000,0.000000,0.000300,0.001100,0.002600,0.004400,0.000000
580,0.475704,1.385495,1.361700,1.288700,1356.000000,920989350.000000,1396318376.000000,257409024.000000,238796800.000000,1618321408.000000,0.000000,0.000000,0.569700,0.036700,0.008400,0.216800,0.007400,0.019500,0.010400,0.010000,0.016500,0.018500,0.000300,0.001200,0.002600,0.005200,0.000000
581,0.476455,0.787599,0.800500,0.711300,1356.000000,920989278.000000,1396318376.000000,257409024.000000,238796800.000000,1618321408.000000,0.000000,0.000000,0.000500,0.000000,0.000000,0.000000,0.010900,0.000000,0.008700,0.000000,0.000000,0.000000,0.000400,0.001200,0.003600,0.004600,0.000000
582,0.477172,0.734304,0.739600,0.666300,1356.000000,920989278.000000,1396318376.000000,257409024.000000,238796800.000000,1618321408.000000,0.000000,0.000000,0.000400,0.000000,0.000000,0.000000,0.008200,0.000000,0.008200,0.000000,0.000000,0.000000,0.000400,0.001200,0.002700,0.004600,0.000000
583,0.477858,0.688102,0.686900,0.620400,1356.000000,920989278.000000,1396318376.000000,257409024.000000,238796800.000000,1618321408.000000,0.000000,0.000000,0.000400,0.000000,0.000000,0.000000,0.007400,0.000000,0.008500,0.000000,0.000000,0.000000,0.000200,0.001100,0.002500,0.004300,0.000000
584,0.478538,0.675198,0.674300,0.608500,1356.000000,920989278.000000,1396318376.000000,257409024.000000,238796800.000000,1618321408.000000,0.000000,0.000000,0.000500,0.000000,0.000000,0.000000,0.007300,0.000000,0.008500,0.000000,0.000000,0.000000,0.000300,0.001100,0.002200,0.004400,0.000000
585,0.479210,0.673101,0.669800,0.604800,1356.000000,920997470.000000,1396318376.000000,257409024.000000,238804992.000000,1618321408.000000,0.000000,0.000000,0.000500,0.000000,0.000000,0.000000,0.007300,0.000000,0.008600,0.000000,0.000000,0.000000,0.000200,0.001100,0.002600,0.004500,0.000000
586,0.479886,0.675900,0.670900,0.605200,1356.000000,920997470.000000,1396318376.000000,257409024.000000,238804992.000000,1618321408.000000,0.000000,0.000000,0.000400,0.000000,0.000000,0.000000,0.007800,0.000000,0.008200,0.000000,0.000000,0.000000,0.000400,0.001100,0.002600,0.004200,0.000000
587,0.480665,0.769997,0.766000,0.695300,1356.000000,921001566.000000,1396318376.000000,257409024.000000,238809088.000000,1618321408.000000,0.000000,0.000000,0.000500,0.000000,0.000000,0.000000,0.007500,0.000000,0.008300,0.000000,0.000000,0.000000,0.000200,0.001100,0.002800,0.004400,0.000000
588,0.481632,0.959297,0.954600,0.882000,1356.000000,921001566.000000,1396318376.000000,257409024.000000,238809088.000000,1618321408.000000,0.000000,0.000000,0.000400,0.000000,0.000000,0.000000,0.008400,0.000000,0.008500,0.000000,0.000000,0.000000,0.000400,0.001100,0.002800,0.004700,0.000000
589,0.482378,0.751502,0.751300,0.677200,1356.000000,921001566.000000,1396318376.000000,257409024.000000,238809088.000000,1618321408.000000,0.000000,0.000000,0.000400,0.000000,0.000000,0.000000,0.008600,0.000000,0.056700,0.000000,0.000000,0.000000,0.000400,0.001200,0.002800,0.004600,0.000000
590,0.483227,0.852601,0.851900,0.780400,1356.000000,921001566.000000,1396318376.000000,257409024.000000,238809088.000000,1618321408.000000,0.000000,0.000000,0.000500,0.000000,0.000000,0.000000,0.008400,0.000000,0.078500,0.000000,0.000000,0.000000,0.000300,0.001100,0.002600,0.004400,0.000000
591,0.484074,0.837904,0.832900,0.762400,1356.000000,921001566.000000,1396318376.000000,257409024.000000,238809088.000000,1618321408.000000,0.000000,0.000000,0.000500,0.000000,0.000000,0.000000,0.008200,0.000000,0.008800,0.000000,0.000000,0.000000,0.000400,0.001300,0.002700,0.004700,0.000000
592,0.485039,0.966199,0.963100,0.888800,1356.000000,921005662.000000,1396318376.000000,257409024.000000,238813184.000000,1618321408.000000,0.000000,0.000000,0.000400,0.000000,0.000000,0.000000,0.007700,0.000000,0.071900,0.000000,0.000000,0.000000,0.000300,0.001100,0.002600,0.004500,0.000000
593,0.486048,0.997995,0.901100,0.823200,1356.000000,921005662.000000,1396318376.000000,257409024.000000,238813184.000000,1618321408.000000,0.000000,0.000000,0.000500,0.000000,0.000000,0.000000,0.007700,0.000000,0.040900,0.000000,0.000000,0.000000,0.000400,0.001300,0.003000,0.004600,0.000000
594,0.486924,0.878401,0.973200,0.804600,1356.000000,921005662.000000,1396318376.000000,257409024.000000,238813184.000000,1618321408.000000,0.000000,0.000000,0.000500,0.000000,0.000000,0.000000,0.008800,0.000000,0.085800,0.000000,0.000000,0.000000,0.000500,0.001400,0.003100,0.004800,0.000000
595,0.487751,0.846202,0.845500,0.772500,1356.000000,921005662.000000,1396318376.000000,257409024.000000,238813184.000000,1618321408.000000,0.000000,0.000000,0.000400,0.000000,0.000000,0.000000,0.008200,0.000000,0.077600,0.000000,0.000000,0.000000,0.000400,0.001400,0.003400,0.004700,0.000000
596,0.488682,0.901403,0.898700,0.827200,1356.000000,921005662.000000,1396318376.000000,257409024.000000,238813184.000000,1618321408.000000,0.000000,0.000000,0.000400,0.000000,0.000000,0.000000,0.007900,0.000000,0.061800,0.000000,0.000000,0.000000,0.000400,0.001200,0.002700,0.004400,0.000000
597,0.489477,0.823299,0.824700,0.753700,1356.000000,921005662.000000,1396318376.000000,257409024.000000,238813184.000000,1618321408.000000,0.000000,0.000000,0.000400,0.000000,0.000000,0.000000,0.008200,0.000000,0.015000,0.000000,0.000000,0.000000,0.000700,0.001200,0.004200,0.005800,0.000000
598,0.490501,0.979400,0.957500,0.883500,1356.000000,921009758.000000,1396318376.000000,257409024.000000,238817280.000000,1618321408.000000,0.000000,0.000000,0.000400,0.000000,0.000000,0.000000,0.007800,0.000000,0.019900,0.000000,0.000000,0.000000,0.000300,0.001000,0.002500,0.004400,0.000000
599,0.492274,1.771698,1.455700,1.364400,1356.000000,921009878.000000,1396318376.000000,257409024.000000,238817280.000000,1618321408.000000,0.000000,0.000000,0.576900,0.032200,0.008700,0.138100,0.009700,0.017900,0.010200,0.090300,0.016900,0.015400,0.000400,0.001600,0.003800,0.006500,0.000000
600,0.493043,0.803401,1.128800,0.729300,1356.000000,921009806.000000,1396318376.000000,257409024.000000,238817280.000000,1618321408.000000,0.000000,0.000000,0.000400,0.000000,0.000000,0.000000,0.010000,0.000000,0.009200,0.000000,0.000000,0.000000,0.000300,0.001200,0.003100,0.005200,0.000000
601,0.493804,0.761600,0.762400,0.688100,1356.000000,921009806.000000,1396318376.000000,257409024.000000,238817280.000000,1618321408.000000,0.000000,0.000000,0.000400,0.000000,0.000000,0.000000,0.008400,0.000000,0.009200,0.000000,0.000000,0.000000,0.000400,0.001200,0.002500,0.004600,0.000000
602,0.494543,0.734198,0.733100,0.661900,1356.000000,921013902.000000,1396318376.000000,257409024.000000,238821376.000000,1618321408.000000,0.000000,0.000000,0.000400,0.000000,0.000000,0.000000,0.008000,0.000000,0.008900,0.000000,0.000000,0.000000,0.000300,0.001000,0.002800,0.004700,0.000000
603,0.495392,0.849298,0.841800,0.769000,1356.000000,921013902.000000,1396318376.000000,257409024.000000,238821376.000000,1618321408.000000,0.000000,0.000000,0.000500,0.000000,0.000000,0.000000,0.007700,0.000000,0.009200,0.000000,0.000000,0.000000,0.000500,0.001600,0.007900,0.005900,0.000000
604,0.496439,1.042602,1.035300,0.958000,1356.000000,921017998.000000,1396318376.000000,257409024.000000,238825472.000000,1618321408.000000,0.000000,0.000000,0.000400,0.000000,0.000000,0.000000,0.008500,0.000000,0.009100,0.000000,0.000000,0.000000,0.000600,0.001000,0.003000,0.004800,0.000000
605,0.497165,0.742503,0.750000,0.669100,1356.000000,921017998.000000,1396318376.000000,257409024.000000,238825472.000000,1618321408.000000,0.000000,0.000000,0.000400,0.000000,0.000000,0.000000,0.008800,0.000000,0.008900,0.000000,0.000000,0.000000,0.000600,0.001200,0.002900,0.004900,0.000000
606,0.497943,0.716397,0.716300,0.645200,1356.000000,921017998.000000,1396318376.000000,257409024.000000,238825472.000000,1618321408.000000,0.000000,0.000000,0.000400,0.000000,0.000000,0.000000,0.008200,0.000000,0.008800,0.000000,0.000000,0.000000,0.000400,0.001100,0.002700,0.004600,0.000000
607,0.498646,0.771698,0.769300,0.700300,1356.000000,921017998.000000,1396318376.000000,257409024.000000,238825472.000000,1618321408.000000,0.000000,0.000000,0.000500,0.000000,0.000000,0.000000,0.007700,0.000000,0.008500,0.000000,0.000000,0.000000,0.000300,0.001200,0.002800,0.004800,0.000000
608,0.499366,0.711600,0.707700,0.638300,1356.000000,921022094.000000,1396318376.000000,257409024.000000,238829568.000000,1618321408.000000,0.000000,0.000000,0.000500,0.000000,0.000000,0.000000,0.007600,0.000000,0.008300,0.000000,0.000000,0.000000,0.000200,0.001100,0.002200,0.004400,0.000000
609,0.500159,0.782603,0.780600,0.708600,1356.000000,921022094.000000,1396318376.000000,257409024.000000,238829568.000000,1618321408.000000,0.000000,0.000000,0.000400,0.000000,0.000000,0.000000,0.008800,0.000000,0.008600,0.000000,0.000000,0.000000,0.000500,0.001200,0.002800,0.004800,0.000000
610,0.500937,0.787500,0.779900,0.707600,1356.000000,921022094.000000,1396318376.000000,257409024.000000,238829568.000000,1618321408.000000,0.000000,0.000000,0.000400,0.000000,0.000000,0.000000,0.008900,0.000000,0.009100,0.000000,0.000000,0.000000,0.000600,0.001100,0.002900,0.005000,0.000000
611,0.501700,0.766199,0.772200,0.696500,1356.000000,921026190.000000,1396318376.000000,257409024.000000,238833664.000000,1618321408.000000,0.000000,0.000000,0.000400,0.000000,0.000000,0.000000,0.008400,0.000000,0.008900,0.000000,0.000000,0.000000,0.000500,0.001100,0.002800,0.004800,0.000000
612,0.502594,0.899497,0.898800,0.830200,1356.000000,921015422.000000,1396318376.000000,257409024.000000,238833664.000000,1618321408.000000,0.000000,0.000000,0.000400,0.000000,0.000000,0.000000,0.008300,0.000000,0.009000,0.000000,0.000000,0.000000,0.000400,0.001100,0.002600,0.004600,0.000000
613,0.503274,0.684999,0.684500,0.616200,1356.000000,921015422.000000,1396318376.000000,257409024.000000,238833664.000000,1618321408.000000,0.000000,0.000000,0.000400,0.000000,0.000000,0.000000,0.008000,0.000000,0.008400,0.000000,0.000000,0.000000,0.000400,0.001000,0.002700,0.004300,0.000000
614,0.503971,0.680704,0.678800,0.613300,1356.000000,921015422.000000,1396318376.000000,257409024.000000,238833664.000000,1618321408.000000,0.000000,0.000000,0.000400,0.000000,0.000000,0.000000,0.007500,0.000000,0.008400,0.000000,0.000000,0.000000,0.000200,0.001100,0.002500,0.004400,0.000000
615,0.504708,0.742099,0.734400,0.667900,1356.000000,921015422.000000,1396318376.000000,257409024.000000,238833664.000000,1618321408.000000,0.000000,0.000000,0.000400,0.000000,0.000000,0.000000,0.007500,0.000000,0.008300,0.000000,0.000000,0.000000,0.000300,0.001100,0.002600,0.004400,0.000000
616,0.505535,0.803401,0.793400,0.715600,1356.000000,921015422.000000,1396318376.000000,257409024.000000,238833664.000000,1618321408.000000,0.000000,0.000000,0.000500,0.000000,0.000000,0.000000,0.008000,0.000000,0.008700,0.000000,0.000000,0.000000,0.000300,0.001100,0.002800,0.004500,0.000000
617,0.506575,1.065299,1.065900,0.984800,1356.000000,921019518.000000,1396318376.000000,257409024.000000,238837760.000000,1618321408.000000,0.000000,0.000000,0.000400,0.000000,0.000000,0.000000,0.009900,0.000000,0.008400,0.000000,0.000000,0.000000,0.000300,0.001400,0.003000,0.004900,0.000000
618,0.507266,0.698101,0.705600,0.629600,1356.000000,921019518.000000,1396318376.000000,257409024.000000,238837760.000000,1618321408.000000,0.000000,0.000000,0.000400,0.000000,0.000000,0.000000,0.007900,0.000000,0.009600,0.000000,0.000000,0.000000,0.000200,0.001200,0.002800,0.004500,0.000000
619,0.508569,1.289201,1.271900,1.203900,1356.000000,921023654.000000,1396318376.000000,257409024.000000,238841856.000000,1618321408.000000,0.000000,0.000000,0.541300,0.033600,0.008300,0.191000,0.007400,0.016200,0.009400,0.010300,0.017000,0.018300,0.000300,0.001100,0.002800,0.004900,0.000000
620,0.509276,0.717397,0.726900,0.644600,1356.000000,921023582.000000,1396318376.000000,257409024.000000,238841856.000000,1618321408.000000,0.000000,0.000000,0.000400,0.000000,0.000000,0.000000,0.009100,0.000000,0.009100,0.000000,0.000000,0.000000,0.000200,0.001000,0.002700,0.004700,0.000000
621,0.510099,0.817404,0.800300,0.724600,1356.000000,921027678.000000,1396318376.000000,257409024.000000,238845952.000000,1618321408.000000,0.000000,0.000000,0.000400,0.000000,0.000000,0.000000,0.007800,0.000000,0.009000,0.000000,0.000000,0.000000,0.000500,0.001200,0.002600,0.004300,0.000000
622,0.510973,0.862295,0.869000,0.784000,1356.000000,921027678.000000,1396318376.000000,257409024.000000,238845952.000000,1618321408.000000,0.000000,0.000000,0.000400,0.000000,0.000000,0.000000,0.007900,0.000000,0.009400,0.000000,0.000000,0.000000,0.000400,0.001400,0.002600,0.004600,0.000000
623,0.511709,0.746301,0.748000,0.671000,1356.000000,921027678.000000,1396318376.000000,257409024.000000,238845952.000000,1618321408.000000,0.000000,0.000000,0.000400,0.000000,0.000000,0.000000,0.008900,0.000000,0.010300,0.000000,0.000000,0.000000,0.000400,0.001200,0.002900,0.004900,0.000000
624,0.512451,0.747803,0.749600,0.676100,1356.000000,921031774.000000,1396318376.000000,257409024.000000,238850048.000000,1618321408.000000,0.000000,0.000000,0.000500,0.000000,0.000000,0.000000,0.008100,0.000000,0.008800,0.000000,0.000000,0.000000,0.000300,0.001300,0.003000,0.004600,0.000000
625,0.513151,0.701198,0.699500,0.630500,1356.000000,921031774.000000,1396318376.000000,257409024.000000,238850048.000000,1618321408.000000,0.000000,0.000000,0.000500,0.000000,0.000000,0.000000,0.008200,0.000000,0.009800,0.000000,0.000000,0.000000,0.000200,0.001100,0.002700,0.004600,0.000000
626,0.513848,0.694600,0.693100,0.624600,1356.000000,921031774.000000,1396318376.000000,257409024.000000,238850048.000000,1618321408.000000,0.000000,0.000000,0.000500,0.000000,0.000000,0.000000,0.007700,0.000000,0.009200,0.000000,0.000000,0.000000,0.000200,0.001100,0.002800,0.004600,0.000000
627,0.514557,0.715398,0.713800,0.645500,1356.000000,921031774.000000,1396318376.000000,257409024.000000,238850048.000000,1618321408.000000,0.000000,0.000000,0.000500,0.000000,0.000000,0.000000,0.007900,0.000000,0.010100,0.000000,0.000000,0.000000,0.000300,0.001100,0.002800,0.004700,0.000000
628,0.515346,0.760700,0.746500,0.675700,1356.000000,921031774.000000,1396318376.000000,257409024.000000,238850048.000000,1618321408.000000,0.000000,0.000000,0.000400,0.000000,0.000000,0.000000,0.007600,0.000000,0.009400,0.000000,0.000000,0.000000,0.000200,0.001200,0.002700,0.004500,0.000000
629,0.516156,0.822399,0.825400,0.745300,1356.000000,921031774.000000,1396318376.000000,257409024.000000,238850048.000000,1618321408.000000,0.000000,0.000000,0.000400,0.000000,0.000000,0.000000,0.010000,0.000000,0.009200,0.000000,0.000000,0.000000,0.000400,0.001200,0.003600,0.005300,0.000000
630,0.517011,0.862500,0.860900,0.785800,1356.000000,921049686.000000,1396318376.000000,257409024.000000,238858240.000000,1618321408.000000,0.000000,0.000000,0.000400,0.000000,0.000000,0.000000,0.008100,0.000000,0.008400,0.000000,0.000000,0.000000,0.000300,0.001200,0.003200,0.004800,0.000000
631,0.517918,0.904507,0.904200,0.828600,1356.000000,921050734.000000,1396318376.000000,257409024.000000,238858240.000000,1618321408.000000,0.000000,0.000000,0.000500,0.000000,0.000000,0.000000,0.008400,0.000000,0.008800,0.000000,0.000000,0.000000,0.000300,0.001100,0.002900,0.004700,0.000000
632,0.518795,0.885899,0.887500,0.815200,1356.000000,921050734.000000,1396318376.000000,257409024.000000,238858240.000000,1618321408.000000,0.000000,0.000000,0.000400,0.000000,0.000000,0.000000,0.008400,0.000000,0.079900,0.000000,0.000000,0.000000,0.000400,0.001200,0.002700,0.004600,0.000000
633,0.519576,0.774100,0.771300,0.701800,1356.000000,921050734.000000,1396318376.000000,257409024.000000,238858240.000000,1618321408.000000,0.000000,0.000000,0.000500,0.000000,0.000000,0.000000,0.007800,0.000000,0.022100,0.000000,0.000000,0.000000,0.000300,0.001100,0.002800,0.004600,0.000000
634,0.520581,0.983801,0.970700,0.895900,1356.000000,921050734.000000,1396318376.000000,257409024.000000,238858240.000000,1618321408.000000,0.000000,0.000000,0.000400,0.000000,0.000000,0.000000,0.007400,0.000000,0.075200,0.000000,0.000000,0.000000,0.000200,0.001200,0.002700,0.004600,0.000000
635,0.521433,0.874100,0.881600,0.800400,1356.000000,921050734.000000,1396318376.000000,257409024.000000,238858240.000000,1618321408.000000,0.000000,0.000000,0.000400,0.000000,0.000000,0.000000,0.009700,0.000000,0.014200,0.000000,0.000000,0.000000,0.000600,0.001200,0.002800,0.005000,0.000000
636,0.522302,0.848094,0.846600,0.775000,1356.000000,921058926.000000,1396318376.000000,257409024.000000,238866432.000000,1618321408.000000,0.000000,0.000000,0.000400,0.000000,0.000000,0.000000,0.007400,0.000000,0.077400,0.000000,0.000000,0.000000,0.000600,0.001200,0.002600,0.004500,0.000000
637,0.523178,0.894303,0.853400,0.782000,1356.000000,921058926.000000,1396318376.000000,257409024.000000,238866432.000000,1618321408.000000,0.000000,0.000000,0.000500,0.000000,0.000000,0.000000,0.008800,0.000000,0.063900,0.000000,0.000000,0.000000,0.000300,0.001100,0.002900,0.004700,0.000000
638,0.523922,0.728897,0.766000,0.695600,1356.000000,921058926.000000,1396318376.000000,257409024.000000,238866432.000000,1618321408.000000,0.000000,0.000000,0.000500,0.000000,0.000000,0.000000,0.008200,0.000000,0.008600,0.000000,0.000000,0.000000,0.000300,0.001100,0.002700,0.004500,0.000000
639,0.525276,1.308404,1.295500,1.223400,1356.000000,921059030.000000,1396318376.000000,257409024.000000,238866432.000000,1618321408.000000,0.000000,0.000000,0.485500,0.031600,0.008600,0.138900,0.007800,0.015800,0.011800,0.010300,0.016400,0.014800,0.000400,0.001200,0.002600,0.004700,0.000000
640,0.526096,0.870599,0.873200,0.791600,1356.000000,921058958.000000,1396318376.000000,257409024.000000,238866432.000000,1618321408.000000,0.000000,0.000000,0.000500,0.000000,0.000000,0.000000,0.012600,0.000000,0.010500,0.000000,0.000000,0.000000,0.000700,0.001400,0.003500,0.005200,0.000000
641,0.526823,0.742397,0.746900,0.671300,1356.000000,921058958.000000,1396318376.000000,257409024.000000,238866432.000000,1618321408.000000,0.000000,0.000000,0.000500,0.000000,0.000000,0.000000,0.009300,0.000000,0.009200,0.000000,0.000000,0.000000,0.000400,0.001400,0.002900,0.004900,0.000000
642,0.527535,0.717000,0.710700,0.642600,1356.000000,921058958.000000,1396318376.000000,257409024.000000,238866432.000000,1618321408.000000,0.000000,0.000000,0.000400,0.000000,0.000000,0.000000,0.007700,0.000000,0.010200,0.000000,0.000000,0.000000,0.000300,0.001100,0.002700,0.004500,0.000000
643,0.528227,0.694402,0.698600,0.625200,1356.000000,921063054.000000,1396318376.000000,257409024.000000,238870528.000000,1618321408.000000,0.000000,0.000000,0.000400,0.000000,0.000000,0.000000,0.007600,0.000000,0.009500,0.000000,0.000000,0.000000,0.000300,0.001100,0.002600,0.004300,0.000000
644,0.528906,0.678600,0.676300,0.609600,1356.000000,921063054.000000,1396318376.000000,257409024.000000,238870528.000000,1618321408.000000,0.000000,0.000000,0.000500,0.000000,0.000000,0.000000,0.007400,0.000000,0.008700,0.000000,0.000000,0.000000,0.000200,0.001100,0.002600,0.004600,0.000000
645,0.529612,0.702799,0.695200,0.627800,1356.000000,921063054.000000,1396318376.000000,257409024.000000,238870528.000000,1618321408.000000,0.000000,0.000000,0.000400,0.000000,0.000000,0.000000,0.007500,0.000000,0.008600,0.000000,0.000000,0.000000,0.000200,0.001100,0.002500,0.004400,0.000000
646,0.530353,0.727105,0.725300,0.651900,1356.000000,921063054.000000,1396318376.000000,257409024.000000,238870528.000000,1618321408.000000,0.000000,0.000000,0.000400,0.000000,0.000000,0.000000,0.007200,0.000000,0.008500,0.000000,0.000000,0.000000,0.000300,0.001100,0.002700,0.004700,0.000000
647,0.531280,0.925298,0.921600,0.847700,1356.000000,921063054.000000,1396318376.000000,257409024.000000,238870528.000000,1618321408.000000,0.000000,0.000000,0.000500,0.000000,0.000000,0.000000,0.009500,0.000000,0.009100,0.000000,0.000000,0.000000,0.000400,0.001200,0.002600,0.005000,0.000000
648,0.532063,0.723200,0.723800,0.648900,1356.000000,921063054.000000,1396318376.000000,257409024.000000,238870528.000000,1618321408.000000,0.000000,0.000000,0.000500,0.000000,0.000000,0.000000,0.008900,0.000000,0.009000,0.000000,0.000000,0.000000,0.000700,0.001300,0.002700,0.004800,0.000000
649,0.532893,0.898002,0.891300,0.818600,1356.000000,921067150.000000,1396318376.000000,257409024.000000,238874624.000000,1618321408.000000,0.000000,0.000000,0.000500,0.000000,0.000000,0.000000,0.008000,0.000000,0.010100,0.000000,0.000000,0.000000,0.000900,0.001300,0.004700,0.006500,0.000000
650,0.533631,0.739300,0.742400,0.666700,1356.000000,921067150.000000,1396318376.000000,257409024.000000,238874624.000000,1618321408.000000,0.000000,0.000000,0.000400,0.000000,0.000000,0.000000,0.008000,0.000000,0.009000,0.000000,0.000000,0.000000,0.000400,0.001000,0.002700,0.004700,0.000000
651,0.534327,0.700999,0.701300,0.630900,1356.000000,921071246.000000,1396318376.000000,257409024.000000,238878720.000000,1618321408.000000,0.000000,0.000000,0.000400,0.000000,0.000000,0.000000,0.007500,0.000000,0.008800,0.000000,0.000000,0.000000,0.000400,0.001100,0.002800,0.004600,0.000000
652,0.535136,0.797796,0.792600,0.723400,1356.000000,921071246.000000,1396318376.000000,257409024.000000,238878720.000000,1618321408.000000,0.000000,0.000000,0.000400,0.000000,0.000000,0.000000,0.007600,0.000000,0.009100,0.000000,0.000000,0.000000,0.000300,0.001100,0.002500,0.004600,0.000000
653,0.535912,0.775205,0.772500,0.698800,1356.000000,921075342.000000,1396318376.000000,257409024.000000,238882816.000000,1618321408.000000,0.000000,0.000000,0.000400,0.000000,0.000000,0.000000,0.008100,0.000000,0.009000,0.000000,0.000000,0.000000,0.000400,0.001200,0.002900,0.004800,0.000000
654,0.536624,0.725397,0.726700,0.654100,1356.000000,921075342.000000,1396318376.000000,257409024.000000,238882816.000000,1618321408.000000,0.000000,0.000000,0.000400,0.000000,0.000000,0.000000,0.007800,0.000000,0.008600,0.000000,0.000000,0.000000,0.000200,0.001200,0.003000,0.004600,0.000000
655,0.537341,0.718998,0.715300,0.645400,1356.000000,921075342.000000,1396318376.000000,257409024.000000,238882816.000000,1618321408.000000,0.000000,0.000000,0.000400,0.000000,0.000000,0.000000,0.007400,0.000000,0.008600,0.000000,0.000000,0.000000,0.000200,0.001100,0.002800,0.004100,0.000000
656,0.538025,0.677303,0.674500,0.602900,1356.000000,921079438.000000,1396318376.000000,257409024.000000,238886912.000000,1618321408.000000,0.000000,0.000000,0.000300,0.000000,0.000000,0.000000,0.007500,0.000000,0.009100,0.000000,0.000000,0.000000,0.000200,0.001000,0.002800,0.004500,0.000000
657,0.538717,0.695401,0.698000,0.626900,1356.000000,921079438.000000,1396318376.000000,257409024.000000,238886912.000000,1618321408.000000,0.000000,0.000000,0.000500,0.000000,0.000000,0.000000,0.007900,0.000000,0.008900,0.000000,0.000000,0.000000,0.000400,0.001200,0.002700,0.004400,0.000000
658,0.539470,0.747598,0.744700,0.676900,1356.000000,921079438.000000,1396318376.000000,257409024.000000,238886912.000000,1618321408.000000,0.000000,0.000000,0.000500,0.000000,0.000000,0.000000,0.007700,0.000000,0.008400,0.000000,0.000000,0.000000,0.000200,0.001000,0.002900,0.004400,0.000000
659,0.540247,0.761501,0.751200,0.679400,1356.000000,921079438.000000,1396318376.000000,257409024.000000,238886912.000000,1618321408.000000,0.000000,0.000000,0.000400,0.000000,0.000000,0.000000,0.007500,0.000000,0.009000,0.000000,0.000000,0.000000,0.000200,0.001100,0.002900,0.004700,0.000000
660,0.541003,0.771599,0.775000,0.697200,1356.000000,921079438.000000,1396318376.000000,257409024.000000,238886912.000000,1618321408.000000,0.000000,0.000000,0.000500,0.000000,0.000000,0.000000,0.009200,0.000000,0.008400,0.000000,0.000000,0.000000,0.000400,0.001200,0.002900,0.004800,0.000000
661,0.542561,1.542198,1.529600,1.455600,1356.000000,921069454.000000,1396318376.000000,257409024.000000,238886912.000000,1618321408.000000,0.000000,0.000000,0.566500,0.093100,0.008600,0.221100,0.007700,0.017300,0.008500,0.010000,0.016300,0.014500,0.000300,0.001200,0.003000,0.004800,0.000000
662,0.543324,0.777601,0.785900,0.703700,1408.000000,921073550.000000,1396318376.000000,257409024.000000,238891008.000000,1618321408.000000,0.000000,0.000000,0.000400,0.000000,0.000000,0.000000,0.009800,0.000000,0.008500,0.000000,0.000000,0.000000,0.000300,0.001200,0.002700,0.005000,0.000000
663,0.544073,0.735906,0.736200,0.664700,1356.000000,921073574.000000,1396318376.000000,257409024.000000,238891008.000000,1618321408.000000,0.000000,0.000000,0.000400,0.000000,0.000000,0.000000,0.007900,0.000000,0.008900,0.000000,0.000000,0.000000,0.000200,0.001200,0.002700,0.004800,0.000000
664,0.544803,0.745798,0.742400,0.673500,1356.000000,921073574.000000,1396318376.000000,257409024.000000,238891008.000000,1618321408.000000,0.000000,0.000000,0.000400,0.000000,0.000000,0.000000,0.007600,0.000000,0.009700,0.000000,0.000000,0.000000,0.000300,0.001100,0.002800,0.004600,0.000000
665,0.545822,0.965696,0.940800,0.863200,1356.000000,921073574.000000,1396318376.000000,257409024.000000,238891008.000000,1618321408.000000,0.000000,0.000000,0.000400,0.000000,0.000000,0.000000,0.007500,0.000000,0.008200,0.000000,0.000000,0.000000,0.000300,0.001100,0.002700,0.004800,0.000000
666,0.546828,1.044204,1.057400,0.962900,1356.000000,921083294.000000,1396318376.000000,257409024.000000,238891008.000000,1618321408.000000,0.000000,0.000000,0.000500,0.000000,0.000000,0.000000,0.011400,0.000000,0.009300,0.000000,0.000000,0.000000,0.000400,0.001600,0.003500,0.005400,0.000000
667,0.547628,0.792900,0.798500,0.720900,1356.000000,921084342.000000,1396318376.000000,257409024.000000,238891008.000000,1618321408.000000,0.000000,0.000000,0.000500,0.000000,0.000000,0.000000,0.008500,0.000000,0.008400,0.000000,0.000000,0.000000,0.000400,0.001400,0.003100,0.004900,0.000000
668,0.548371,0.761501,0.756400,0.686700,1356.000000,921088438.000000,1396318376.000000,257409024.000000,238895104.000000,1618321408.000000,0.000000,0.000000,0.000500,0.000000,0.000000,0.000000,0.007700,0.000000,0.008100,0.000000,0.000000,0.000000,0.000300,0.001200,0.003000,0.004900,0.000000
669,0.549080,0.713202,0.714600,0.642200,1356.000000,921088438.000000,1396318376.000000,257409024.000000,238895104.000000,1618321408.000000,0.000000,0.000000,0.000300,0.000000,0.000000,0.000000,0.007900,0.000000,0.008700,0.000000,0.000000,0.000000,0.000300,0.001100,0.002700,0.004400,0.000000
670,0.549871,0.776495,0.769200,0.698600,1356.000000,921092534.000000,1396318376.000000,257409024.000000,238899200.000000,1618321408.000000,0.000000,0.000000,0.000400,0.000000,0.000000,0.000000,0.007900,0.000000,0.008200,0.000000,0.000000,0.000000,0.000200,0.001200,0.002800,0.005000,0.000000
671,0.550846,0.965604,0.958300,0.880100,1356.000000,921092534.000000,1396318376.000000,257409024.000000,238899200.000000,1618321408.000000,0.000000,0.000000,0.000500,0.000000,0.000000,0.000000,0.009200,0.000000,0.009700,0.000000,0.000000,0.000000,0.000500,0.001200,0.002600,0.004800,0.000000
672,0.551749,0.913698,0.919000,0.838500,1356.000000,921096630.000000,1396318376.000000,257409024.000000,238903296.000000,1618321408.000000,0.000000,0.000000,0.000400,0.000000,0.000000,0.000000,0.009200,0.000000,0.009600,0.000000,0.000000,0.000000,0.000400,0.001200,0.003600,0.004800,0.000000
673,0.552483,0.743304,0.744500,0.672100,1356.000000,921096630.000000,1396318376.000000,257409024.000000,238903296.000000,1618321408.000000,0.000000,0.000000,0.000500,0.000000,0.000000,0.000000,0.008600,0.000000,0.008600,0.000000,0.000000,0.000000,0.000500,0.001200,0.002900,0.004700,0.000000
674,0.553333,0.844196,0.835300,0.764900,1356.000000,921096630.000000,1396318376.000000,257409024.000000,238903296.000000,1618321408.000000,0.000000,0.000000,0.000500,0.000000,0.000000,0.000000,0.007600,0.000000,0.008700,0.000000,0.000000,0.000000,0.000400,0.001100,0.002600,0.004600,0.000000
675,0.554124,0.801800,0.805100,0.729300,1356.000000,921100726.000000,1396318376.000000,257409024.000000,238907392.000000,1618321408.000000,0.000000,0.000000,0.000400,0.000000,0.000000,0.000000,0.009000,0.000000,0.008900,0.000000,0.000000,0.000000,0.000300,0.001200,0.002600,0.004800,0.000000
676,0.555108,0.967000,0.959000,0.887100,1356.000000,921100726.000000,1396318376.000000,257409024.000000,238907392.000000,1618321408.000000,0.000000,0.000000,0.000400,0.000000,0.000000,0.000000,0.007800,0.000000,0.008200,0.000000,0.000000,0.000000,0.000300,0.001100,0.002700,0.004400,0.000000
677,0.556178,1.055499,1.044100,0.964500,1356.000000,921100726.000000,1396318376.000000,257409024.000000,238907392.000000,1618321408.000000,0.000000,0.000000,0.000500,0.000000,0.000000,0.000000,0.009100,0.000000,0.030300,0.000000,0.000000,0.000000,0.000500,0.001200,0.003100,0.005100,0.000000
678,0.557100,0.943502,0.951500,0.864900,1356.000000,921100726.000000,1396318376.000000,257409024.000000,238907392.000000,1618321408.000000,0.000000,0.000000,0.000400,0.000000,0.000000,0.000000,0.009800,0.000000,0.093300,0.000000,0.000000,0.000000,0.000400,0.001400,0.003200,0.006000,0.000000
679,0.558394,1.285303,1.283300,1.208000,1356.000000,921100822.000000,1396318376.000000,257409024.000000,238907392.000000,1618321408.000000,0.000000,0.000000,0.520900,0.032100,0.008400,0.173200,0.008100,0.017800,0.011300,0.009800,0.016400,0.016000,0.000200,0.001300,0.002900,0.004800,0.000000
680,0.559143,0.764697,0.757300,0.682600,1356.000000,921100750.000000,1396318376.000000,257409024.000000,238907392.000000,1618321408.000000,0.000000,0.000000,0.000500,0.000000,0.000000,0.000000,0.009300,0.000000,0.008800,0.000000,0.000000,0.000000,0.000500,0.001100,0.002900,0.004400,0.000000
681,0.559944,0.784503,0.789100,0.707500,1356.000000,921104846.000000,1396318376.000000,257409024.000000,238911488.000000,1618321408.000000,0.000000,0.000000,0.000400,0.000000,0.000000,0.000000,0.007800,0.000000,0.008800,0.000000,0.000000,0.000000,0.000300,0.001100,0.002700,0.004700,0.000000
682,0.560782,0.840299,0.833100,0.755500,1356.000000,921104846.000000,1396318376.000000,257409024.000000,238911488.000000,1618321408.000000,0.000000,0.000000,0.000400,0.000000,0.000000,0.000000,0.009200,0.000000,0.008700,0.000000,0.000000,0.000000,0.000400,0.001200,0.002800,0.004400,0.000000
683,0.561749,0.961196,0.963600,0.884200,1356.000000,921104846.000000,1396318376.000000,257409024.000000,238911488.000000,1618321408.000000,0.000000,0.000000,0.000500,0.000000,0.000000,0.000000,0.009100,0.000000,0.008500,0.000000,0.000000,0.000000,0.000400,0.001100,0.003100,0.004600,0.000000
684,0.562496,0.768800,0.769400,0.696500,1356.000000,921104846.000000,1396318376.000000,257409024.000000,238911488.000000,1618321408.000000,0.000000,0.000000,0.000500,0.000000,0.000000,0.000000,0.008400,0.000000,0.008400,0.000000,0.000000,0.000000,0.000500,0.001100,0.003400,0.005100,0.000000
685,0.563215,0.723802,0.724000,0.653400,1356.000000,921108942.000000,1396318376.000000,257409024.000000,238915584.000000,1618321408.000000,0.000000,0.000000,0.000500,0.000000,0.000000,0.000000,0.007500,0.000000,0.008700,0.000000,0.000000,0.000000,0.000300,0.001100,0.002700,0.004300,0.000000
686,0.563946,0.713903,0.711500,0.643300,1356.000000,921108942.000000,1396318376.000000,257409024.000000,238915584.000000,1618321408.000000,0.000000,0.000000,0.000400,0.000000,0.000000,0.000000,0.007600,0.000000,0.008700,0.000000,0.000000,0.000000,0.000300,0.001100,0.002600,0.004300,0.000000
687,0.564695,0.750298,0.739400,0.670600,1356.000000,921113038.000000,1396318376.000000,257409024.000000,238919680.000000,1618321408.000000,0.000000,0.000000,0.000500,0.000000,0.000000,0.000000,0.007700,0.000000,0.007900,0.000000,0.000000,0.000000,0.000200,0.001100,0.002700,0.004600,0.000000
688,0.565661,0.937599,0.793900,0.714000,1356.000000,921117134.000000,1396318376.000000,257409024.000000,238923776.000000,1618321408.000000,0.000000,0.000000,0.000400,0.000000,0.000000,0.000000,0.009300,0.000000,0.009000,0.000000,0.000000,0.000000,0.000200,0.001200,0.003000,0.004600,0.000000
689,0.566507,0.877700,1.020500,0.804400,1356.000000,921117134.000000,1396318376.000000,257409024.000000,238923776.000000,1618321408.000000,0.000000,0.000000,0.000500,0.000000,0.000000,0.000000,0.010900,0.000000,0.009500,0.000000,0.000000,0.000000,0.000300,0.001300,0.003000,0.005600,0.000000
690,0.567298,0.799100,0.800700,0.726100,1356.000000,921117134.000000,1396318376.000000,257409024.000000,238923776.000000,1618321408.000000,0.000000,0.000000,0.000500,0.000000,0.000000,0.000000,0.008600,0.000000,0.009200,0.000000,0.000000,0.000000,0.000200,0.001100,0.002700,0.005000,0.000000
691,0.568037,0.744104,0.744400,0.674300,1356.000000,921117134.000000,1396318376.000000,257409024.000000,238923776.000000,1618321408.000000,0.000000,0.000000,0.000500,0.000000,0.000000,0.000000,0.008000,0.000000,0.008900,0.000000,0.000000,0.000000,0.000200,0.001200,0.002800,0.004500,0.000000
692,0.568760,0.723399,0.719000,0.651400,1356.000000,921117134.000000,1396318376.000000,257409024.000000,238923776.000000,1618321408.000000,0.000000,0.000000,0.000500,0.000000,0.000000,0.000000,0.007500,0.000000,0.008300,0.000000,0.000000,0.000000,0.000300,0.001100,0.002400,0.004500,0.000000
693,0.569477,0.713400,0.715400,0.644500,1356.000000,921121230.000000,1396318376.000000,257409024.000000,238927872.000000,1618321408.000000,0.000000,0.000000,0.000400,0.000000,0.000000,0.000000,0.007600,0.000000,0.008000,0.000000,0.000000,0.000000,0.000300,0.001100,0.002400,0.004400,0.000000
694,0.570311,0.782001,0.768900,0.698600,1356.000000,921125326.000000,1396318376.000000,257409024.000000,238931968.000000,1618321408.000000,0.000000,0.000000,0.000500,0.000000,0.000000,0.000000,0.007200,0.000000,0.008000,0.000000,0.000000,0.000000,0.000200,0.001100,0.002600,0.004500,0.000000
695,0.571323,1.052197,1.050500,0.970300,1356.000000,921125326.000000,1396318376.000000,257409024.000000,238931968.000000,1618321408.000000,0.000000,0.000000,0.000500,0.000000,0.000000,0.000000,0.010000,0.000000,0.009200,0.000000,0.000000,0.000000,0.000700,0.001200,0.003500,0.005800,0.000000
696,0.572088,0.775298,0.780100,0.702800,1356.000000,921125326.000000,1396318376.000000,257409024.000000,238931968.000000,1618321408.000000,0.000000,0.000000,0.000500,0.000000,0.000000,0.000000,0.008600,0.000000,0.008600,0.000000,0.000000,0.000000,0.000400,0.001200,0.002900,0.004800,0.000000
697,0.572821,0.737904,0.737500,0.667200,1356.000000,921125326.000000,1396318376.000000,257409024.000000,238931968.000000,1618321408.000000,0.000000,0.000000,0.000300,0.000000,0.000000,0.000000,0.007900,0.000000,0.008300,0.000000,0.000000,0.000000,0.000200,0.001100,0.002800,0.004400,0.000000
698,0.573546,0.725702,0.724600,0.656000,1356.000000,921125326.000000,1396318376.000000,257409024.000000,238931968.000000,1618321408.000000,0.000000,0.000000,0.000300,0.000000,0.000000,0.000000,0.007500,0.000000,0.008000,0.000000,0.000000,0.000000,0.000300,0.001200,0.002400,0.004400,0.000000
699,0.574264,0.716497,0.714500,0.646600,1356.000000,921125326.000000,1396318376.000000,257409024.000000,238931968.000000,1618321408.000000,0.000000,0.000000,0.000400,0.000000,0.000000,0.000000,0.007500,0.000000,0.007700,0.000000,0.000000,0.000000,0.000200,0.001100,0.002600,0.004600,0.000000
700,0.575706,1.376198,1.342100,1.268100,1356.000000,921129486.000000,1396318376.000000,257409024.000000,238936064.000000,1618321408.000000,0.000000,0.000000,0.480400,0.031200,0.009000,0.138700,0.007800,0.017800,0.010400,0.010200,0.017400,0.009700,0.000200,0.001300,0.002300,0.004300,0.000000
701,0.576527,0.870302,0.894200,0.793700,1356.000000,921129414.000000,1396318376.000000,257409024.000000,238936064.000000,1618321408.000000,0.000000,0.000000,0.000500,0.000000,0.000000,0.000000,0.011200,0.000000,0.009100,0.000000,0.000000,0.000000,0.000500,0.001200,0.003100,0.005500,0.000000
702,0.577315,0.803699,0.806500,0.733400,1356.000000,921129414.000000,1396318376.000000,257409024.000000,238936064.000000,1618321408.000000,0.000000,0.000000,0.000500,0.000000,0.000000,0.000000,0.008000,0.000000,0.008500,0.000000,0.000000,0.000000,0.000500,0.001200,0.002700,0.004600,0.000000
703,0.578010,0.692800,0.692600,0.624300,1356.000000,921129414.000000,1396318376.000000,257409024.000000,238936064.000000,1618321408.000000,0.000000,0.000000,0.000500,0.000000,0.000000,0.000000,0.007500,0.000000,0.008600,0.000000,0.000000,0.000000,0.000300,0.001100,0.002500,0.004400,0.000000
704,0.578704,0.698399,0.696100,0.629500,1356.000000,921133510.000000,1396318376.000000,257409024.000000,238940160.000000,1618321408.000000,0.000000,0.000000,0.000400,0.000000,0.000000,0.000000,0.007300,0.000000,0.008400,0.000000,0.000000,0.000000,0.000200,0.001000,0.002700,0.004300,0.000000
705,0.579397,0.694303,0.690000,0.623400,1356.000000,921133510.000000,1396318376.000000,257409024.000000,238940160.000000,1618321408.000000,0.000000,0.000000,0.000400,0.000000,0.000000,0.000000,0.007400,0.000000,0.008500,0.000000,0.000000,0.000000,0.000200,0.001000,0.002600,0.004300,0.000000
706,0.580190,0.768502,0.760500,0.688800,1356.000000,921133510.000000,1396318376.000000,257409024.000000,238940160.000000,1618321408.000000,0.000000,0.000000,0.000400,0.000000,0.000000,0.000000,0.007400,0.000000,0.008000,0.000000,0.000000,0.000000,0.000200,0.001100,0.002500,0.004300,0.000000
707,0.581037,0.859800,0.862100,0.785100,1356.000000,921137606.000000,1396318376.000000,257409024.000000,238944256.000000,1618321408.000000,0.000000,0.000000,0.000500,0.000000,0.000000,0.000000,0.009200,0.000000,0.008500,0.000000,0.000000,0.000000,0.000200,0.001300,0.003200,0.004800,0.000000
708,0.581751,0.722499,0.724300,0.653400,1356.000000,921137606.000000,1396318376.000000,257409024.000000,238944256.000000,1618321408.000000,0.000000,0.000000,0.000500,0.000000,0.000000,0.000000,0.008300,0.000000,0.008300,0.000000,0.000000,0.000000,0.000300,0.001100,0.002900,0.004600,0.000000
709,0.582452,0.707001,0.706500,0.639600,1356.000000,921137606.000000,1396318376.000000,257409024.000000,238944256.000000,1618321408.000000,0.000000,0.000000,0.000500,0.000000,0.000000,0.000000,0.007300,0.000000,0.008400,0.000000,0.000000,0.000000,0.000300,0.001000,0.002800,0.004500,0.000000
710,0.583154,0.700496,0.698300,0.633100,1356.000000,921137606.000000,1396318376.000000,257409024.000000,238944256.000000,1618321408.000000,0.000000,0.000000,0.000400,0.000000,0.000000,0.000000,0.007500,0.000000,0.008000,0.000000,0.000000,0.000000,0.000300,0.001100,0.002400,0.004300,0.000000
711,0.583847,0.680605,0.679300,0.613200,1356.000000,921137606.000000,1396318376.000000,257409024.000000,238944256.000000,1618321408.000000,0.000000,0.000000,0.000400,0.000000,0.000000,0.000000,0.007000,0.000000,0.008200,0.000000,0.000000,0.000000,0.000300,0.001100,0.002500,0.004300,0.000000
712,0.584574,0.728798,0.724800,0.658600,1356.000000,921137606.000000,1396318376.000000,257409024.000000,238944256.000000,1618321408.000000,0.000000,0.000000,0.000400,0.000000,0.000000,0.000000,0.007100,0.000000,0.008200,0.000000,0.000000,0.000000,0.000300,0.001100,0.002400,0.004500,0.000000
713,0.585371,0.779401,0.769000,0.697700,1356.000000,921141702.000000,1396318376.000000,257409024.000000,238948352.000000,1618321408.000000,0.000000,0.000000,0.000400,0.000000,0.000000,0.000000,0.007800,0.000000,0.008100,0.000000,0.000000,0.000000,0.000200,0.001000,0.002500,0.004400,0.000000
714,0.586444,1.073299,1.070400,0.991800,1356.000000,921141702.000000,1396318376.000000,257409024.000000,238948352.000000,1618321408.000000,0.000000,0.000000,0.000400,0.000000,0.000000,0.000000,0.009800,0.000000,0.008500,0.000000,0.000000,0.000000,0.000300,0.001000,0.003100,0.005000,0.000000
715,0.587339,0.888400,0.889800,0.811400,1356.000000,921145798.000000,1396318376.000000,257409024.000000,238952448.000000,1618321408.000000,0.000000,0.000000,0.000500,0.000000,0.000000,0.000000,0.009100,0.000000,0.008900,0.000000,0.000000,0.000000,0.000400,0.001200,0.002800,0.004500,0.000000
716,0.588184,0.862599,0.863700,0.789600,1356.000000,921145798.000000,1396318376.000000,257409024.000000,238952448.000000,1618321408.000000,0.000000,0.000000,0.000500,0.000000,0.000000,0.000000,0.009100,0.000000,0.009200,0.000000,0.000000,0.000000,0.000400,0.001200,0.002800,0.004900,0.000000
717,0.589002,0.818304,0.795900,0.724700,1356.000000,921145798.000000,1396318376.000000,257409024.000000,238952448.000000,1618321408.000000,0.000000,0.000000,0.000500,0.000000,0.000000,0.000000,0.008200,0.000000,0.008700,0.000000,0.000000,0.000000,0.000300,0.001200,0.002900,0.004600,0.000000
718,0.589919,0.843197,0.851600,0.749500,1356.000000,921145798.000000,1396318376.000000,257409024.000000,238952448.000000,1618321408.000000,0.000000,0.000000,0.000400,0.000000,0.000000,0.000000,0.008700,0.000000,0.067600,0.000000,0.000000,0.000000,0.000300,0.001100,0.002700,0.004500,0.000000
719,0.590965,1.022499,1.019200,0.935700,1356.000000,921145798.000000,1396318376.000000,257409024.000000,238952448.000000,1618321408.000000,0.000000,0.000000,0.000500,0.000000,0.000000,0.000000,0.008700,0.000000,0.013200,0.000000,0.000000,0.000000,0.000400,0.001400,0.003700,0.006700,0.000000
720,0.592442,1.559701,1.564200,1.481500,1356.000000,921139222.000000,1396318376.000000,257409024.000000,238956544.000000,1618321408.000000,0.000000,0.000000,0.484700,0.031100,0.008400,0.140600,0.009000,0.016200,0.011300,0.010000,0.016200,0.017600,0.000400,0.001300,0.003300,0.005000,0.000000
721,0.593200,0.778401,0.780200,0.706000,1356.000000,921143246.000000,1396318376.000000,257409024.000000,238960640.000000,1618321408.000000,0.000000,0.000000,0.000400,0.000000,0.000000,0.000000,0.009500,0.000000,0.008700,0.000000,0.000000,0.000000,0.000200,0.001100,0.002700,0.004600,0.000000
722,0.593930,0.733199,0.732800,0.662500,1356.000000,921143246.000000,1396318376.000000,257409024.000000,238960640.000000,1618321408.000000,0.000000,0.000000,0.000400,0.000000,0.000000,0.000000,0.008000,0.000000,0.008700,0.000000,0.000000,0.000000,0.000400,0.001100,0.002500,0.004400,0.000000
723,0.594673,0.740101,0.733000,0.664800,1356.000000,921143246.000000,1396318376.000000,257409024.000000,238960640.000000,1618321408.000000,0.000000,0.000000,0.000500,0.000000,0.000000,0.000000,0.007600,0.000000,0.008200,0.000000,0.000000,0.000000,0.000300,0.001100,0.002500,0.004300,0.000000
724,0.595465,0.775702,0.773000,0.696600,1356.000000,921143246.000000,1396318376.000000,257409024.000000,238960640.000000,1618321408.000000,0.000000,0.000000,0.000500,0.000000,0.000000,0.000000,0.008700,0.000000,0.008600,0.000000,0.000000,0.000000,0.000200,0.001100,0.002600,0.004600,0.000000
725,0.596329,0.877395,0.880200,0.804300,1356.000000,921143246.000000,1396318376.000000,257409024.000000,238960640.000000,1618321408.000000,0.000000,0.000000,0.000500,0.000000,0.000000,0.000000,0.009400,0.000000,0.008600,0.000000,0.000000,0.000000,0.000400,0.001200,0.002800,0.004800,0.000000
726,0.597052,0.733503,0.734000,0.664600,1356.000000,921147342.000000,1396318376.000000,257409024.000000,238964736.000000,1618321408.000000,0.000000,0.000000,0.000400,0.000000,0.000000,0.000000,0.007900,0.000000,0.008800,0.000000,0.000000,0.000000,0.000300,0.001200,0.002800,0.004500,0.000000
727,0.597765,0.711402,0.709800,0.643200,1356.000000,921147342.000000,1396318376.000000,257409024.000000,238964736.000000,1618321408.000000,0.000000,0.000000,0.000400,0.000000,0.000000,0.000000,0.007500,0.000000,0.008600,0.000000,0.000000,0.000000,0.000300,0.001100,0.002600,0.004500,0.000000
728,0.598460,0.699001,0.696400,0.630200,1356.000000,921147342.000000,1396318376.000000,257409024.000000,238964736.000000,1618321408.000000,0.000000,0.000000,0.000400,0.000000,0.000000,0.000000,0.007600,0.000000,0.008600,0.000000,0.000000,0.000000,0.000300,0.001000,0.002600,0.004600,0.000000
729,0.599203,0.732200,0.728300,0.660400,1356.000000,921147342.000000,1396318376.000000,257409024.000000,238964736.000000,1618321408.000000,0.000000,0.000000,0.000400,0.000000,0.000000,0.000000,0.007500,0.000000,0.007900,0.000000,0.000000,0.000000,0.000200,0.001100,0.002700,0.004600,0.000000
730,0.600062,0.817198,0.802500,0.731000,1356.000000,921147342.000000,1396318376.000000,257409024.000000,238964736.000000,1618321408.000000,0.000000,0.000000,0.000500,0.000000,0.000000,0.000000,0.008100,0.000000,0.008800,0.000000,0.000000,0.000000,0.000400,0.001100,0.002700,0.004600,0.000000
731,0.601061,1.008199,0.997600,0.908400,1356.000000,921147342.000000,1396318376.000000,257409024.000000,238964736.000000,1618321408.000000,0.000000,0.000000,0.000400,0.000000,0.000000,0.000000,0.010400,0.000000,0.010300,0.000000,0.000000,0.000000,0.000400,0.001300,0.003300,0.005200,0.000000
732,0.601931,0.889300,0.901200,0.808900,1356.000000,921151438.000000,1396318376.000000,257409024.000000,238968832.000000,1618321408.000000,0.000000,0.000000,0.000500,0.000000,0.000000,0.000000,0.010100,0.000000,0.009800,0.000000,0.000000,0.000000,0.000300,0.001300,0.003300,0.005400,0.000000
733,0.602714,0.790802,0.791500,0.714600,1356.000000,921151438.000000,1396318376.000000,257409024.000000,238968832.000000,1618321408.000000,0.000000,0.000000,0.000400,0.000000,0.000000,0.000000,0.008300,0.000000,0.009200,0.000000,0.000000,0.000000,0.000300,0.001300,0.003100,0.005000,0.000000
734,0.603458,0.758596,0.761400,0.688900,1356.000000,921151438.000000,1396318376.000000,257409024.000000,238968832.000000,1618321408.000000,0.000000,0.000000,0.000500,0.000000,0.000000,0.000000,0.008100,0.000000,0.009200,0.000000,0.000000,0.000000,0.000200,0.001200,0.003000,0.004200,0.000000
735,0.604215,0.721606,0.719500,0.651100,1356.000000,921151438.000000,1396318376.000000,257409024.000000,238968832.000000,1618321408.000000,0.000000,0.000000,0.000400,0.000000,0.000000,0.000000,0.007700,0.000000,0.008300,0.000000,0.000000,0.000000,0.000200,0.001200,0.002500,0.004500,0.000000
736,0.605411,1.071095,0.931400,0.854700,1356.000000,921155534.000000,1396318376.000000,257409024.000000,238972928.000000,1618321408.000000,0.000000,0.000000,0.000400,0.000000,0.000000,0.000000,0.007700,0.000000,0.008500,0.000000,0.000000,0.000000,0.000300,0.001100,0.002700,0.009400,0.000000
737,0.606797,1.407200,1.485700,1.284200,1356.000000,921155534.000000,1396318376.000000,257409024.000000,238972928.000000,1618321408.000000,0.000000,0.000000,0.000900,0.000000,0.000000,0.000000,0.014700,0.000000,0.014800,0.000000,0.000000,0.000000,0.001600,0.003000,0.005700,0.008500,0.000000
738,0.607806,1.118403,1.156200,1.034800,1356.000000,921159630.000000,1396318376.000000,257409024.000000,238977024.000000,1618321408.000000,0.000000,0.000000,0.000800,0.000000,0.000000,0.000000,0.013800,0.000000,0.014700,0.000000,0.000000,0.000000,0.000500,0.002600,0.005600,0.007700,0.000000
739,0.611399,3.530598,3.484900,3.386200,1356.000000,921166638.000000,1396318376.000000,257409024.000000,238981120.000000,1618341888.000000,0.000000,0.000000,2.205400,0.204400,0.009200,1.815400,0.008400,0.022900,0.029000,0.011200,0.017600,0.021000,0.000300,0.002900,0.003100,0.010500,0.000000
740,0.612287,0.954599,0.997700,0.869700,1356.000000,921166638.000000,1396318376.000000,257409024.000000,238981120.000000,1618341888.000000,0.000000,0.000000,0.000400,0.000000,0.000000,0.000000,0.010300,0.000000,0.011300,0.000000,0.000000,0.000000,0.000600,0.001500,0.004100,0.006100,0.000000
741,0.613354,1.068204,1.071600,0.989300,1356.000000,921166638.000000,1396318376.000000,257409024.000000,238981120.000000,1618341888.000000,0.000000,0.000000,0.000400,0.000000,0.000000,0.000000,0.007900,0.000000,0.009000,0.000000,0.000000,0.000000,0.000600,0.001300,0.003300,0.004800,0.000000
742,0.614148,0.800801,0.801600,0.725200,1356.000000,921166638.000000,1396318376.000000,257409024.000000,238981120.000000,1618341888.000000,0.000000,0.000000,0.000500,0.000000,0.000000,0.000000,0.009000,0.000000,0.009200,0.000000,0.000000,0.000000,0.000300,0.001200,0.002800,0.004700,0.000000
743,0.615132,0.971896,0.930300,0.856600,1356.000000,921166638.000000,1396318376.000000,257409024.000000,238981120.000000,1618341888.000000,0.000000,0.000000,0.000500,0.000000,0.000000,0.000000,0.008200,0.000000,0.008900,0.000000,0.000000,0.000000,0.000300,0.001200,0.003100,0.004700,0.000000
744,0.616514,1.331300,1.341300,1.220500,1356.000000,921166638.000000,1396318376.000000,257409024.000000,238981120.000000,1618341888.000000,0.000000,0.000000,0.000500,0.000000,0.000000,0.000000,0.008000,0.000000,0.013900,0.000000,0.000000,0.000000,0.000400,0.002600,0.003400,0.007100,0.000000
745,0.617483,1.006498,1.017200,0.914500,1356.000000,921170734.000000,1396318376.000000,257409024.000000,238985216.000000,1618341888.000000,0.000000,0.000000,0.000500,0.000000,0.000000,0.000000,0.012500,0.000000,0.010100,0.000000,0.000000,0.000000,0.000600,0.001700,0.003800,0.006100,0.000000
746,0.618354,0.893006,0.902000,0.816100,1356.000000,921170734.000000,1396318376.000000,257409024.000000,238985216.000000,1618341888.000000,0.000000,0.000000,0.000500,0.000000,0.000000,0.000000,0.009800,0.000000,0.008900,0.000000,0.000000,0.000000,0.000700,0.001500,0.003400,0.005100,0.000000
747,0.619105,0.759495,0.760300,0.684700,1356.000000,921170734.000000,1396318376.000000,257409024.000000,238985216.000000,1618341888.000000,0.000000,0.000000,0.000400,0.000000,0.000000,0.000000,0.008300,0.000000,0.008900,0.000000,0.000000,0.000000,0.000200,0.001200,0.003000,0.004700,0.000000
748,0.619861,0.737302,0.730800,0.658600,1356.000000,921170734.000000,1396318376.000000,257409024.000000,238985216.000000,1618341888.000000,0.000000,0.000000,0.000500,0.000000,0.000000,0.000000,0.007700,0.000000,0.009400,0.000000,0.000000,0.000000,0.000200,0.001200,0.003000,0.004600,0.000000
749,0.620880,0.996903,0.982500,0.897100,1356.000000,921174830.000000,1396318376.000000,257409024.000000,238989312.000000,1618341888.000000,0.000000,0.000000,0.000500,0.000000,0.000000,0.000000,0.008600,0.000000,0.009700,0.000000,0.000000,0.000000,0.000500,0.001400,0.003500,0.006100,0.000000
750,0.621813,0.953501,0.953100,0.862600,1356.000000,921174830.000000,1396318376.000000,257409024.000000,238989312.000000,1618341888.000000,0.000000,0.000000,0.000500,0.000000,0.000000,0.000000,0.010500,0.000000,0.017000,0.000000,0.000000,0.000000,0.000600,0.001500,0.003300,0.005900,0.000000
751,0.622805,0.995798,1.000300,0.913900,1356.000000,921174830.000000,1396318376.000000,257409024.000000,238989312.000000,1618341888.000000,0.000000,0.000000,0.000400,0.000000,0.000000,0.000000,0.008400,0.000000,0.103900,0.000000,0.000000,0.000000,0.000500,0.001200,0.003000,0.005300,0.000000
752,0.623703,0.903501,0.904000,0.824200,1356.000000,921178926.000000,1396318376.000000,257409024.000000,238993408.000000,1618341888.000000,0.000000,0.000000,0.000500,0.000000,0.000000,0.000000,0.008800,0.000000,0.092200,0.000000,0.000000,0.000000,0.000400,0.001300,0.003100,0.004900,0.000000
753,0.624914,1.150397,1.131800,1.053500,1356.000000,921181045.000000,1396318376.000000,257409024.000000,238993408.000000,1618341888.000000,0.000000,0.000000,0.000500,0.000000,0.000000,0.000000,0.008800,0.000000,0.071600,0.000000,0.000000,0.000000,0.000400,0.001200,0.002800,0.005000,0.000000
754,0.626487,1.587004,1.579500,1.482700,1356.000000,921179030.000000,1396318376.000000,257409024.000000,238993408.000000,1618341888.000000,0.000000,0.000000,0.585200,0.034800,0.009900,0.146700,0.010300,0.020800,0.012500,0.012700,0.017800,0.010000,0.000700,0.001500,0.003700,0.006100,0.000000
755,0.627276,0.843700,0.858600,0.761100,1356.000000,921183054.000000,1396318376.000000,257409024.000000,238997504.000000,1618341888.000000,0.000000,0.000000,0.000500,0.000000,0.000000,0.000000,0.012000,0.000000,0.008800,0.000000,0.000000,0.000000,0.000500,0.001200,0.003400,0.005300,0.000000
756,0.627980,0.716893,0.724900,0.645500,1356.000000,921183054.000000,1396318376.000000,257409024.000000,238997504.000000,1618341888.000000,0.000000,0.000000,0.000400,0.000000,0.000000,0.000000,0.008500,0.000000,0.008700,0.000000,0.000000,0.000000,0.000300,0.001200,0.002900,0.004600,0.000000
757,0.628741,0.757603,0.757200,0.687800,1356.000000,921187150.000000,1396318376.000000,257409024.000000,239001600.000000,1618341888.000000,0.000000,0.000000,0.000400,0.000000,0.000000,0.000000,0.007900,0.000000,0.008500,0.000000,0.000000,0.000000,0.000400,0.001100,0.002800,0.004400,0.000000
758,0.629490,0.745600,0.742700,0.675000,1356.000000,921191246.000000,1396318376.000000,257409024.000000,239005696.000000,1618341888.000000,0.000000,0.000000,0.000400,0.000000,0.000000,0.000000,0.007500,0.000000,0.008200,0.000000,0.000000,0.000000,0.000300,0.001200,0.002800,0.004600,0.000000
759,0.630339,0.803401,0.794300,0.724100,1356.000000,921191246.000000,1396318376.000000,257409024.000000,239005696.000000,1618341888.000000,0.000000,0.000000,0.000500,0.000000,0.000000,0.000000,0.008300,0.000000,0.009300,0.000000,0.000000,0.000000,0.000300,0.001500,0.002800,0.004400,0.000000
760,0.631375,1.061097,1.055100,0.976100,1356.000000,921191246.000000,1396318376.000000,257409024.000000,239005696.000000,1618341888.000000,0.000000,0.000000,0.000600,0.000000,0.000000,0.000000,0.008800,0.000000,0.009800,0.000000,0.000000,0.000000,0.000700,0.001700,0.004200,0.006700,0.000000
761,0.632195,0.827799,0.826900,0.746600,1356.000000,921191246.000000,1396318376.000000,257409024.000000,239005696.000000,1618341888.000000,0.000000,0.000000,0.000500,0.000000,0.000000,0.000000,0.009400,0.000000,0.009600,0.000000,0.000000,0.000000,0.000300,0.001400,0.002900,0.004900,0.000000
762,0.632970,0.782802,0.785900,0.707600,1356.000000,921191246.000000,1396318376.000000,257409024.000000,239005696.000000,1618341888.000000,0.000000,0.000000,0.000500,0.000000,0.000000,0.000000,0.008400,0.000000,0.010300,0.000000,0.000000,0.000000,0.000300,0.001200,0.003100,0.005100,0.000000
763,0.633710,0.739605,0.740000,0.666700,1356.000000,921191246.000000,1396318376.000000,257409024.000000,239005696.000000,1618341888.000000,0.000000,0.000000,0.000500,0.000000,0.000000,0.000000,0.008600,0.000000,0.008900,0.000000,0.000000,0.000000,0.000300,0.001100,0.002900,0.004700,0.000000
764,0.634417,0.719097,0.714900,0.644400,1356.000000,921195342.000000,1396318376.000000,257409024.000000,239009792.000000,1618341888.000000,0.000000,0.000000,0.000500,0.000000,0.000000,0.000000,0.007700,0.000000,0.009000,0.000000,0.000000,0.000000,0.000300,0.001100,0.002800,0.004700,0.000000
765,0.635232,0.797102,0.792600,0.718900,1356.000000,921195342.000000,1396318376.000000,257409024.000000,239009792.000000,1618341888.000000,0.000000,0.000000,0.000400,0.000000,0.000000,0.000000,0.007600,0.000000,0.009000,0.000000,0.000000,0.000000,0.000200,0.001100,0.002500,0.004700,0.000000
766,0.636277,1.000595,0.982100,0.900600,1356.000000,921195342.000000,1396318376.000000,257409024.000000,239009792.000000,1618341888.000000,0.000000,0.000000,0.000400,0.000000,0.000000,0.000000,0.009600,0.000000,0.008800,0.000000,0.000000,0.000000,0.000300,0.001200,0.002900,0.005100,0.000000
767,0.637055,0.827303,0.843400,0.753300,1356.000000,921195342.000000,1396318376.000000,257409024.000000,239009792.000000,1618341888.000000,0.000000,0.000000,0.000600,0.000000,0.000000,0.000000,0.011000,0.000000,0.009900,0.000000,0.000000,0.000000,0.000500,0.001700,0.003800,0.006600,0.000000
768,0.637834,0.781498,0.731300,0.658200,1356.000000,921195342.000000,1396318376.000000,257409024.000000,239009792.000000,1618341888.000000,0.000000,0.000000,0.000500,0.000000,0.000000,0.000000,0.008100,0.000000,0.009100,0.000000,0.000000,0.000000,0.000400,0.001100,0.002900,0.004800,0.000000
769,0.638570,0.738301,0.785800,0.665600,1356.000000,921195342.000000,1396318376.000000,257409024.000000,239009792.000000,1618341888.000000,0.000000,0.000000,0.000500,0.000000,0.000000,0.000000,0.008600,0.000000,0.009600,0.000000,0.000000,0.000000,0.000400,0.001100,0.002700,0.004800,0.000000
770,0.639290,0.726899,0.723100,0.652000,1356.000000,921195342.000000,1396318376.000000,257409024.000000,239009792.000000,1618341888.000000,0.000000,0.000000,0.000500,0.000000,0.000000,0.000000,0.008000,0.000000,0.009000,0.000000,0.000000,0.000000,0.000400,0.001200,0.002500,0.004800,0.000000
771,0.640029,0.717602,0.717600,0.644600,1356.000000,921199438.000000,1396318376.000000,257409024.000000,239013888.000000,1618341888.000000,0.000000,0.000000,0.000500,0.000000,0.000000,0.000000,0.007600,0.000000,0.009500,0.000000,0.000000,0.000000,0.000300,0.001100,0.002400,0.004600,0.000000
772,0.640886,0.861699,0.855200,0.781600,1356.000000,921203534.000000,1396318376.000000,257409024.000000,239017984.000000,1618341888.000000,0.000000,0.000000,0.000500,0.000000,0.000000,0.000000,0.008200,0.000000,0.009000,0.000000,0.000000,0.000000,0.000300,0.001200,0.002600,0.005300,0.000000
773,0.642159,1.268403,1.266000,1.189500,1356.000000,921203574.000000,1396318376.000000,257409024.000000,239017984.000000,1618341888.000000,0.000000,0.000000,0.479500,0.032100,0.008800,0.138100,0.008500,0.015400,0.011600,0.010200,0.017600,0.009600,0.000200,0.001400,0.002800,0.004800,0.000000
774,0.642901,0.758900,0.757600,0.682800,1356.000000,921203502.000000,1396318376.000000,257409024.000000,239017984.000000,1618341888.000000,0.000000,0.000000,0.000500,0.000000,0.000000,0.000000,0.009000,0.000000,0.008500,0.000000,0.000000,0.000000,0.000300,0.001200,0.002900,0.004800,0.000000
775,0.643605,0.709099,0.708900,0.634100,1356.000000,921203502.000000,1396318376.000000,257409024.000000,239017984.000000,1618341888.000000,0.000000,0.000000,0.000400,0.000000,0.000000,0.000000,0.008000,0.000000,0.009000,0.000000,0.000000,0.000000,0.000400,0.001100,0.002600,0.004500,0.000000
776,0.644321,0.694799,0.695500,0.622400,1356.000000,921203502.000000,1396318376.000000,257409024.000000,239017984.000000,1618341888.000000,0.000000,0.000000,0.000400,0.000000,0.000000,0.000000,0.007900,0.000000,0.008300,0.000000,0.000000,0.000000,0.000200,0.001100,0.002500,0.004500,0.000000
777,0.645255,0.913102,0.898500,0.825600,1356.000000,921207598.000000,1396318376.000000,257409024.000000,239022080.000000,1618341888.000000,0.000000,0.000000,0.000500,0.000000,0.000000,0.000000,0.007500,0.000000,0.008700,0.000000,0.000000,0.000000,0.000200,0.001200,0.002700,0.004600,0.000000
778,0.646090,0.856895,0.862800,0.780600,1356.000000,921211694.000000,1396318376.000000,257409024.000000,239026176.000000,1618341888.000000,0.000000,0.000000,0.000600,0.000000,0.000000,0.000000,0.011000,0.000000,0.009300,0.000000,0.000000,0.000000,0.000600,0.001300,0.003600,0.005300,0.000000
779,0.646830,0.733503,0.736600,0.659700,1356.000000,921211694.000000,1396318376.000000,257409024.000000,239026176.000000,1618341888.000000,0.000000,0.000000,0.000400,0.000000,0.000000,0.000000,0.008300,0.000000,0.009500,0.000000,0.000000,0.000000,0.000300,0.001200,0.003000,0.004600,0.000000
780,0.647608,0.791801,0.785800,0.715400,1356.000000,921211694.000000,1396318376.000000,257409024.000000,239026176.000000,1618341888.000000,0.000000,0.000000,0.000400,0.000000,0.000000,0.000000,0.008000,0.000000,0.009300,0.000000,0.000000,0.000000,0.000800,0.001200,0.005000,0.006500,0.000000
781,0.648328,0.729698,0.729700,0.656600,1356.000000,921211694.000000,1396318376.000000,257409024.000000,239026176.000000,1618341888.000000,0.000000,0.000000,0.000500,0.000000,0.000000,0.000000,0.008700,0.000000,0.008700,0.000000,0.000000,0.000000,0.000400,0.001200,0.002700,0.004400,0.000000
782,0.649022,0.700900,0.702000,0.630800,1356.000000,921211694.000000,1396318376.000000,257409024.000000,239026176.000000,1618341888.000000,0.000000,0.000000,0.000400,0.000000,0.000000,0.000000,0.007700,0.000000,0.008700,0.000000,0.000000,0.000000,0.000200,0.001100,0.002700,0.004600,0.000000
783,0.649891,0.840497,0.830200,0.759300,1356.000000,921211694.000000,1396318376.000000,257409024.000000,239026176.000000,1618341888.000000,0.000000,0.000000,0.000400,0.000000,0.000000,0.000000,0.007500,0.000000,0.008500,0.000000,0.000000,0.000000,0.000200,0.001100,0.002700,0.004300,0.000000
784,0.650758,0.866305,0.861100,0.780900,1356.000000,921215790.000000,1396318376.000000,257409024.000000,239030272.000000,1618341888.000000,0.000000,0.000000,0.000400,0.000000,0.000000,0.000000,0.010400,0.000000,0.010200,0.000000,0.000000,0.000000,0.000500,0.001200,0.002700,0.005100,0.000000
785,0.651533,0.788194,0.793600,0.712900,1356.000000,921215790.000000,1396318376.000000,257409024.000000,239030272.000000,1618341888.000000,0.000000,0.000000,0.000500,0.000000,0.000000,0.000000,0.009100,0.000000,0.009700,0.000000,0.000000,0.000000,0.000300,0.001200,0.002900,0.005000,0.000000
786,0.652286,0.764704,0.766000,0.694300,1356.000000,921215790.000000,1396318376.000000,257409024.000000,239030272.000000,1618341888.000000,0.000000,0.000000,0.000400,0.000000,0.000000,0.000000,0.008700,0.000000,0.009200,0.000000,0.000000,0.000000,0.000500,0.001100,0.002500,0.004500,0.000000
787,0.652987,0.704698,0.700000,0.631100,1356.000000,921215790.000000,1396318376.000000,257409024.000000,239030272.000000,1618341888.000000,0.000000,0.000000,0.000500,0.000000,0.000000,0.000000,0.007600,0.000000,0.008800,0.000000,0.000000,0.000000,0.000300,0.001100,0.002500,0.004300,0.000000
788,0.653677,0.687904,0.690100,0.618700,1356.000000,921215790.000000,1396318376.000000,257409024.000000,239030272.000000,1618341888.000000,0.000000,0.000000,0.000500,0.000000,0.000000,0.000000,0.007600,0.000000,0.008500,0.000000,0.000000,0.000000,0.000300,0.001000,0.002700,0.004400,0.000000
789,0.654508,0.784396,0.766600,0.694500,1356.000000,921219886.000000,1396318376.000000,257409024.000000,239034368.000000,1618341888.000000,0.000000,0.000000,0.000400,0.000000,0.000000,0.000000,0.007500,0.000000,0.008000,0.000000,0.000000,0.000000,0.000300,0.001100,0.002500,0.004300,0.000000
790,0.655364,0.836600,0.827300,0.740000,1356.000000,921223982.000000,1396318376.000000,257409024.000000,239038464.000000,1618341888.000000,0.000000,0.000000,0.000600,0.000000,0.000000,0.000000,0.010100,0.000000,0.009100,0.000000,0.000000,0.000000,0.000500,0.001700,0.003400,0.005900,0.000000
791,0.656209,0.892701,0.904700,0.816500,1356.000000,921223982.000000,1396318376.000000,257409024.000000,239038464.000000,1618341888.000000,0.000000,0.000000,0.000600,0.000000,0.000000,0.000000,0.011400,0.000000,0.009300,0.000000,0.000000,0.000000,0.000800,0.001600,0.003500,0.006300,0.000000
792,0.656933,0.732001,0.734100,0.655700,1356.000000,921223982.000000,1396318376.000000,257409024.000000,239038464.000000,1618341888.000000,0.000000,0.000000,0.000400,0.000000,0.000000,0.000000,0.008600,0.000000,0.009200,0.000000,0.000000,0.000000,0.000300,0.001100,0.002600,0.004700,0.000000
793,0.657649,0.719898,0.719100,0.647900,1356.000000,921223982.000000,1396318376.000000,257409024.000000,239038464.000000,1618341888.000000,0.000000,0.000000,0.000500,0.000000,0.000000,0.000000,0.008100,0.000000,0.008600,0.000000,0.000000,0.000000,0.000400,0.001100,0.002700,0.004800,0.000000
794,0.659042,1.367198,1.357800,1.286800,1356.000000,921224086.000000,1396318376.000000,257409024.000000,239038464.000000,1618341888.000000,0.000000,0.000000,0.499400,0.032800,0.009300,0.143900,0.007900,0.016300,0.024400,0.010700,0.017900,0.018200,0.000200,0.001300,0.002600,0.004700,0.000000
795,0.659954,0.919303,0.919800,0.842300,1356.000000,921224014.000000,1396318376.000000,257409024.000000,239038464.000000,1618341888.000000,0.000000,0.000000,0.000500,0.000000,0.000000,0.000000,0.009500,0.000000,0.067000,0.000000,0.000000,0.000000,0.000400,0.001300,0.002800,0.004800,0.000000
796,0.661096,1.085502,1.061600,0.978700,1356.000000,921228110.000000,1396318376.000000,257409024.000000,239042560.000000,1618341888.000000,0.000000,0.000000,0.000500,0.000000,0.000000,0.000000,0.008900,0.000000,0.021600,0.000000,0.000000,0.000000,0.000400,0.001200,0.003000,0.004900,0.000000
797,0.662075,1.043601,1.045400,0.951200,1356.000000,921228110.000000,1396318376.000000,257409024.000000,239042560.000000,1618341888.000000,0.000000,0.000000,0.000700,0.000000,0.000000,0.000000,0.012300,0.000000,0.031200,0.000000,0.000000,0.000000,0.000700,0.001800,0.004200,0.006800,0.000000
798,0.662890,0.814094,0.827400,0.735900,1356.000000,921228110.000000,1396318376.000000,257409024.000000,239042560.000000,1618341888.000000,0.000000,0.000000,0.000400,0.000000,0.000000,0.000000,0.009100,0.000000,0.009600,0.000000,0.000000,0.000000,0.000400,0.001300,0.002800,0.004600,0.000000
799,0.663635,0.753203,0.750800,0.675600,1356.000000,921228110.000000,1396318376.000000,257409024.000000,239042560.000000,1618341888.000000,0.000000,0.000000,0.000500,0.000000,0.000000,0.000000,0.008500,0.000000,0.009600,0.000000,0.000000,0.000000,0.000500,0.001200,0.002900,0.004800,0.000000
800,0.664360,0.715597,0.720000,0.644900,1356.000000,921232206.000000,1396318376.000000,257409024.000000,239046656.000000,1618341888.000000,0.000000,0.000000,0.000500,0.000000,0.000000,0.000000,0.008200,0.000000,0.008700,0.000000,0.000000,0.000000,0.000400,0.001200,0.002700,0.004800,0.000000
801,0.665353,0.968800,0.955700,0.882500,1356.000000,921232206.000000,1396318376.000000,257409024.000000,239046656.000000,1618341888.000000,0.000000,0.000000,0.000400,0.000000,0.000000,0.000000,0.007800,0.000000,0.015600,0.000000,0.000000,0.000000,0.000300,0.001100,0.002800,0.004700,0.000000
802,0.666370,1.028005,1.014600,0.930500,1356.000000,921232206.000000,1396318376.000000,257409024.000000,239046656.000000,1618341888.000000,0.000000,0.000000,0.000500,0.000000,0.000000,0.000000,0.011200,0.000000,0.009900,0.000000,0.000000,0.000000,0.000400,0.001400,0.002900,0.005400,0.000000
803,0.667220,0.866298,0.879900,0.789900,1356.000000,921236302.000000,1396318376.000000,257409024.000000,239050752.000000,1618341888.000000,0.000000,0.000000,0.000500,0.000000,0.000000,0.000000,0.009300,0.000000,0.061500,0.000000,0.000000,0.000000,0.000400,0.001300,0.003100,0.005200,0.000000
804,0.667944,0.730102,0.730600,0.655300,1356.000000,921236302.000000,1396318376.000000,257409024.000000,239050752.000000,1618341888.000000,0.000000,0.000000,0.000500,0.000000,0.000000,0.000000,0.008500,0.000000,0.009100,0.000000,0.000000,0.000000,0.000400,0.001400,0.002900,0.004800,0.000000
805,0.668785,0.834297,0.712000,0.639900,1356.000000,921236302.000000,1396318376.000000,257409024.000000,239050752.000000,1618341888.000000,0.000000,0.000000,0.000400,0.000000,0.000000,0.000000,0.008600,0.000000,0.008700,0.000000,0.000000,0.000000,0.000400,0.001200,0.002700,0.004700,0.000000
806,0.669527,0.748902,0.870000,0.679500,1356.000000,921240398.000000,1396318376.000000,257409024.000000,239054848.000000,1618341888.000000,0.000000,0.000000,0.000500,0.000000,0.000000,0.000000,0.008400,0.000000,0.009600,0.000000,0.000000,0.000000,0.000300,0.001100,0.002600,0.004100,0.000000
807,0.670687,1.117999,1.092300,1.014700,1356.000000,921240398.000000,1396318376.000000,257409024.000000,239054848.000000,1618341888.000000,0.000000,0.000000,0.000500,0.000000,0.000000,0.000000,0.007800,0.000000,0.020400,0.000000,0.000000,0.000000,0.000300,0.001100,0.002900,0.005000,0.000000
808,0.671662,1.000900,1.012000,0.917400,1356.000000,921240398.000000,1396318376.000000,257409024.000000,239054848.000000,1618341888.000000,0.000000,0.000000,0.000400,0.000000,0.000000,0.000000,0.010000,0.000000,0.014600,0.000000,0.000000,0.000000,0.000400,0.001700,0.003400,0.005300,0.000000
809,0.672380,0.738102,0.744700,0.666100,1356.000000,921244494.000000,1396318376.000000,257409024.000000,239058944.000000,1618341888.000000,0.000000,0.000000,0.000500,0.000000,0.000000,0.000000,0.008500,0.000000,0.009200,0.000000,0.000000,0.000000,0.000400,0.001300,0.002800,0.005000,0.000000
810,0.673207,0.817397,0.812400,0.741300,1356.000000,921244494.000000,1396318376.000000,257409024.000000,239058944.000000,1618341888.000000,0.000000,0.000000,0.000400,0.000000,0.000000,0.000000,0.007800,0.000000,0.009200,0.000000,0.000000,0.000000,0.000300,0.001200,0.002600,0.004400,0.000000
811,0.673999,0.793403,0.786000,0.712000,1356.000000,921244494.000000,1396318376.000000,257409024.000000,239058944.000000,1618341888.000000,0.000000,0.000000,0.000400,0.000000,0.000000,0.000000,0.009200,0.000000,0.009200,0.000000,0.000000,0.000000,0.000400,0.001200,0.002700,0.004900,0.000000
812,0.675611,1.561097,1.545800,1.461500,1356.000000,921244534.000000,1396318376.000000,257409024.000000,239058944.000000,1618341888.000000,0.000000,0.000000,0.559100,0.031600,0.008800,0.197800,0.008700,0.019700,0.011600,0.010400,0.016400,0.016100,0.000400,0.001300,0.002500,0.006100,0.000000
813,0.676461,0.879904,0.884600,0.791400,1356.000000,921248558.000000,1396318376.000000,257409024.000000,239063040.000000,1618341888.000000,0.000000,0.000000,0.000500,0.000000,0.000000,0.000000,0.011800,0.000000,0.010600,0.000000,0.000000,0.000000,0.000900,0.001500,0.003300,0.006000,0.000000
814,0.677201,0.763499,0.773800,0.690100,1356.000000,921248558.000000,1396318376.000000,257409024.000000,239063040.000000,1618341888.000000,0.000000,0.000000,0.000500,0.000000,0.000000,0.000000,0.009100,0.000000,0.009100,0.000000,0.000000,0.000000,0.000400,0.001200,0.003200,0.005000,0.000000
815,0.677914,0.718899,0.716400,0.644700,1356.000000,921248558.000000,1396318376.000000,257409024.000000,239063040.000000,1618341888.000000,0.000000,0.000000,0.000400,0.000000,0.000000,0.000000,0.007800,0.000000,0.009300,0.000000,0.000000,0.000000,0.000200,0.001200,0.002900,0.004600,0.000000
816,0.678606,0.700000,0.702100,0.630200,1356.000000,921252654.000000,1396318376.000000,257409024.000000,239067136.000000,1618341888.000000,0.000000,0.000000,0.000400,0.000000,0.000000,0.000000,0.007500,0.000000,0.008800,0.000000,0.000000,0.000000,0.000200,0.001200,0.002800,0.004600,0.000000
817,0.679321,0.702501,0.698800,0.630300,1356.000000,921252654.000000,1396318376.000000,257409024.000000,239067136.000000,1618341888.000000,0.000000,0.000000,0.000400,0.000000,0.000000,0.000000,0.007500,0.000000,0.009100,0.000000,0.000000,0.000000,0.000200,0.001200,0.002800,0.004200,0.000000
818,0.680221,0.832398,0.811600,0.738600,1356.000000,921252654.000000,1396318376.000000,257409024.000000,239067136.000000,1618341888.000000,0.000000,0.000000,0.000400,0.000000,0.000000,0.000000,0.009000,0.000000,0.008600,0.000000,0.000000,0.000000,0.000200,0.001200,0.002500,0.004700,0.000000
819,0.681626,1.339902,1.283200,1.172700,1356.000000,921252654.000000,1396318376.000000,257409024.000000,239067136.000000,1618341888.000000,0.000000,0.000000,0.000500,0.000000,0.000000,0.000000,0.011500,0.000000,0.010900,0.000000,0.000000,0.000000,0.000500,0.002200,0.004200,0.007200,0.000000
820,0.682632,1.106399,1.154500,1.012300,1356.000000,921252654.000000,1396318376.000000,257409024.000000,239067136.000000,1618341888.000000,0.000000,0.000000,0.000500,0.000000,0.000000,0.000000,0.018200,0.000000,0.012000,0.000000,0.000000,0.000000,0.001000,0.002300,0.005300,0.006600,0.000000
821,0.683436,0.832901,0.846600,0.754900,1356.000000,921256750.000000,1396318376.000000,257409024.000000,239071232.000000,1618341888.000000,0.000000,0.000000,0.000500,0.000000,0.000000,0.000000,0.008900,0.000000,0.010400,0.000000,0.000000,0.000000,0.000500,0.001800,0.003500,0.005200,0.000000
822,0.684292,0.812599,0.801200,0.723800,1356.000000,921260846.000000,1396318376.000000,257409024.000000,239075328.000000,1618341888.000000,0.000000,0.000000,0.000400,0.000000,0.000000,0.000000,0.008500,0.000000,0.009000,0.000000,0.000000,0.000000,0.000500,0.001100,0.002900,0.004700,0.000000
823,0.685406,1.083397,1.068700,0.972800,1356.000000,921264942.000000,1396318376.000000,257409024.000000,239079424.000000,1618341888.000000,0.000000,0.000000,0.000500,0.000000,0.000000,0.000000,0.009000,0.000000,0.010800,0.000000,0.000000,0.000000,0.000400,0.001500,0.003200,0.005500,0.000000
824,0.686423,1.071103,1.076500,0.975700,1356.000000,921264942.000000,1396318376.000000,257409024.000000,239079424.000000,1618341888.000000,0.000000,0.000000,0.000500,0.000000,0.000000,0.000000,0.011100,0.000000,0.011000,0.000000,0.000000,0.000000,0.000600,0.001800,0.004000,0.006400,0.000000
825,0.687282,0.840802,0.840000,0.746900,1356.000000,921264942.000000,1396318376.000000,257409024.000000,239079424.000000,1618341888.000000,0.000000,0.000000,0.000400,0.000000,0.000000,0.000000,0.009000,0.000000,0.009700,0.000000,0.000000,0.000000,0.000400,0.001300,0.003200,0.005100,0.000000
826,0.688151,0.910098,0.922800,0.836300,1356.000000,921264942.000000,1396318376.000000,257409024.000000,239079424.000000,1618341888.000000,0.000000,0.000000,0.000600,0.000000,0.000000,0.000000,0.010200,0.000000,0.009700,0.000000,0.000000,0.000000,0.000400,0.001600,0.003800,0.006000,0.000000
827,0.688909,0.759403,0.758300,0.685600,1356.000000,921264942.000000,1396318376.000000,257409024.000000,239079424.000000,1618341888.000000,0.000000,0.000000,0.000500,0.000000,0.000000,0.000000,0.007800,0.000000,0.008700,0.000000,0.000000,0.000000,0.000300,0.001300,0.003100,0.004700,0.000000
828,0.689632,0.726198,0.723000,0.652400,1356.000000,921269038.000000,1396318376.000000,257409024.000000,239083520.000000,1618341888.000000,0.000000,0.000000,0.000500,0.000000,0.000000,0.000000,0.007900,0.000000,0.009100,0.000000,0.000000,0.000000,0.000300,0.001200,0.002900,0.004600,0.000000
829,0.690393,0.744501,0.740700,0.667200,1356.000000,921269038.000000,1396318376.000000,257409024.000000,239083520.000000,1618341888.000000,0.000000,0.000000,0.000500,0.000000,0.000000,0.000000,0.007700,0.000000,0.009300,0.000000,0.000000,0.000000,0.000200,0.001100,0.002700,0.004700,0.000000
830,0.691243,0.854698,0.849900,0.774400,1356.000000,921269038.000000,1396318376.000000,257409024.000000,239083520.000000,1618341888.000000,0.000000,0.000000,0.000500,0.000000,0.000000,0.000000,0.008600,0.000000,0.008700,0.000000,0.000000,0.000000,0.000400,0.001200,0.003000,0.005000,0.000000
831,0.692706,1.365398,1.360900,1.281600,1356.000000,921269142.000000,1396318376.000000,257409024.000000,239083520.000000,1618341888.000000,0.000000,0.000000,0.536100,0.035800,0.009400,0.153700,0.008600,0.020200,0.010800,0.010500,0.017700,0.019500,0.000200,0.001300,0.002900,0.005400,0.000000
832,0.693481,0.880102,0.877900,0.799600,1356.000000,921269070.000000,1396318376.000000,257409024.000000,239083520.000000,1618341888.000000,0.000000,0.000000,0.000400,0.000000,0.000000,0.000000,0.010200,0.000000,0.009400,0.000000,0.000000,0.000000,0.000700,0.001200,0.004400,0.005900,0.000000
833,0.694249,0.762698,0.763000,0.684800,1356.000000,921269102.000000,1396318376.000000,257409024.000000,239083520.000000,1618341888.000000,0.000000,0.000000,0.000400,0.000000,0.000000,0.000000,0.008000,0.000000,0.009400,0.000000,0.000000,0.000000,0.000200,0.001200,0.002600,0.005100,0.000000
834,0.695039,0.791100,0.789600,0.713600,1356.000000,921269918.000000,1396318376.000000,257409024.000000,239083520.000000,1618341888.000000,0.000000,0.000000,0.000400,0.000000,0.000000,0.000000,0.008700,0.000000,0.009300,0.000000,0.000000,0.000000,0.000200,0.001200,0.002900,0.005000,0.000000
835,0.695853,0.813400,0.813000,0.736300,1356.000000,921274190.000000,1396318376.000000,257409024.000000,239087616.000000,1618341888.000000,0.000000,0.000000,0.000500,0.000000,0.000000,0.000000,0.008300,0.000000,0.010200,0.000000,0.000000,0.000000,0.000300,0.001300,0.002900,0.004800,0.000000
836,0.696577,0.736600,0.738900,0.665700,1356.000000,921274918.000000,1396318376.000000,257409024.000000,239087616.000000,1618341888.000000,0.000000,0.000000,0.000500,0.000000,0.000000,0.000000,0.008300,0.000000,0.008900,0.000000,0.000000,0.000000,0.000300,0.001100,0.002900,0.004500,0.000000
837,0.697289,0.700900,0.699100,0.630800,1356.000000,921274918.000000,1396318376.000000,257409024.000000,239087616.000000,1618341888.000000,0.000000,0.000000,0.000500,0.000000,0.000000,0.000000,0.007600,0.000000,0.009300,0.000000,0.000000,0.000000,0.000200,0.001200,0.002800,0.004500,0.000000
838,0.698006,0.724199,0.719300,0.650100,1356.000000,921274950.000000,1396318376.000000,257409024.000000,239087616.000000,1618341888.000000,0.000000,0.000000,0.000500,0.000000,0.000000,0.000000,0.007700,0.000000,0.008800,0.000000,0.000000,0.000000,0.000300,0.001100,0.003500,0.005000,0.000000
839,0.698725,0.716603,0.714700,0.643300,1356.000000,921274974.000000,1396318376.000000,257409024.000000,239087616.000000,1618341888.000000,0.000000,0.000000,0.000400,0.000000,0.000000,0.000000,0.007900,0.000000,0.009000,0.000000,0.000000,0.000000,0.000300,0.001200,0.002500,0.004400,0.000000
840,0.699468,0.743296,0.742900,0.671600,1356.000000,921279070.000000,1396318376.000000,257409024.000000,239091712.000000,1618341888.000000,0.000000,0.000000,0.000500,0.000000,0.000000,0.000000,0.007500,0.000000,0.009800,0.000000,0.000000,0.000000,0.000200,0.001200,0.002700,0.004400,0.000000
841,0.700275,0.789803,0.782300,0.709800,1356.000000,921283182.000000,1396318376.000000,257409024.000000,239095808.000000,1618341888.000000,0.000000,0.000000,0.000400,0.000000,0.000000,0.000000,0.007700,0.000000,0.008600,0.000000,0.000000,0.000000,0.000300,0.001100,0.002700,0.004400,0.000000
842,0.701158,0.880003,0.873700,0.793900,1356.000000,921287278.000000,1396318376.000000,257409024.000000,239099904.000000,1618341888.000000,0.000000,0.000000,0.000500,0.000000,0.000000,0.000000,0.008900,0.000000,0.009300,0.000000,0.000000,0.000000,0.000300,0.001200,0.002900,0.005200,0.000000
843,0.701940,0.799398,0.805400,0.726100,1356.000000,921287278.000000,1396318376.000000,257409024.000000,239099904.000000,1618341888.000000,0.000000,0.000000,0.000500,0.000000,0.000000,0.000000,0.009300,0.000000,0.008500,0.000000,0.000000,0.000000,0.000400,0.001300,0.003100,0.005000,0.000000
844,0.702647,0.717397,0.715600,0.644600,1356.000000,921287278.000000,1396318376.000000,257409024.000000,239099904.000000,1618341888.000000,0.000000,0.000000,0.000500,0.000000,0.000000,0.000000,0.007800,0.000000,0.008900,0.000000,0.000000,0.000000,0.000300,0.001200,0.002900,0.004500,0.000000
845,0.703374,0.717404,0.714900,0.643500,1356.000000,921287278.000000,1396318376.000000,257409024.000000,239099904.000000,1618341888.000000,0.000000,0.000000,0.000400,0.000000,0.000000,0.000000,0.007700,0.000000,0.008500,0.000000,0.000000,0.000000,0.000200,0.001000,0.002600,0.004500,0.000000
846,0.704093,0.709602,0.707500,0.636100,1356.000000,921287278.000000,1396318376.000000,257409024.000000,239099904.000000,1618341888.000000,0.000000,0.000000,0.000500,0.000000,0.000000,0.000000,0.008000,0.000000,0.009000,0.000000,0.000000,0.000000,0.000400,0.001100,0.002900,0.004800,0.000000
847,0.704811,0.729195,0.715400,0.644100,1356.000000,921287278.000000,1396318376.000000,257409024.000000,239099904.000000,1618341888.000000,0.000000,0.000000,0.000500,0.000000,0.000000,0.000000,0.007800,0.000000,0.010400,0.000000,0.000000,0.000000,0.000200,0.001100,0.002700,0.005000,0.000000
848,0.705676,0.848505,0.845700,0.758500,1356.000000,921291374.000000,1396318376.000000,257409024.000000,239104000.000000,1618341888.000000,0.000000,0.000000,0.000400,0.000000,0.000000,0.000000,0.007800,0.000000,0.009100,0.000000,0.000000,0.000000,0.000300,0.001200,0.002600,0.004600,0.000000
849,0.706806,1.130797,1.135200,1.048000,1356.000000,921291422.000000,1396318376.000000,257409024.000000,239104000.000000,1618341888.000000,0.000000,0.000000,0.000400,0.000000,0.000000,0.000000,0.009200,0.000000,0.009200,0.000000,0.000000,0.000000,0.000400,0.001200,0.002700,0.005000,0.000000
850,0.707594,0.801601,0.804300,0.726600,1356.000000,921291422.000000,1396318376.000000,257409024.000000,239104000.000000,1618341888.000000,0.000000,0.000000,0.000500,0.000000,0.000000,0.000000,0.009200,0.000000,0.009200,0.000000,0.000000,0.000000,0.000300,0.001300,0.002900,0.005000,0.000000
851,0.708939,1.331399,1.330300,1.257000,1356.000000,921291614.000000,1396318376.000000,257409024.000000,239104000.000000,1618341888.000000,0.000000,0.000000,0.552300,0.032200,0.008700,0.198600,0.008500,0.017900,0.010000,0.010300,0.016800,0.010800,0.000200,0.001200,0.002900,0.004900,0.000000
852,0.709797,0.876198,0.872200,0.800100,1356.000000,921292278.000000,1396318376.000000,257409024.000000,239104000.000000,1618341888.000000,0.000000,0.000000,0.000500,0.000000,0.000000,0.000000,0.008800,0.000000,0.008900,0.000000,0.000000,0.000000,0.000300,0.001200,0.002900,0.004800,0.000000
853,0.710851,0.926906,0.921800,0.846000,1356.000000,921292278.000000,1396318376.000000,257409024.000000,239104000.000000,1618341888.000000,0.000000,0.000000,0.000400,0.000000,0.000000,0.000000,0.007900,0.000000,0.009000,0.000000,0.000000,0.000000,0.000300,0.001100,0.002700,0.004600,0.000000
854,0.711925,1.184496,1.145500,1.068100,1356.000000,921296374.000000,1396318376.000000,257409024.000000,239108096.000000,1618341888.000000,0.000000,0.000000,0.000400,0.000000,0.000000,0.000000,0.010000,0.000000,0.015700,0.000000,0.000000,0.000000,0.000400,0.001100,0.002800,0.005000,0.000000
855,0.712768,0.860105,0.889300,0.776400,1356.000000,921296374.000000,1396318376.000000,257409024.000000,239108096.000000,1618341888.000000,0.000000,0.000000,0.000500,0.000000,0.000000,0.000000,0.009200,0.000000,0.066900,0.000000,0.000000,0.000000,0.000300,0.001200,0.003000,0.004900,0.000000
856,0.713561,0.763698,0.773600,0.690700,1356.000000,921296374.000000,1396318376.000000,257409024.000000,239108096.000000,1618341888.000000,0.000000,0.000000,0.000500,0.000000,0.000000,0.000000,0.008000,0.000000,0.008800,0.000000,0.000000,0.000000,0.000300,0.001200,0.002500,0.004600,0.000000
857,0.714327,0.787302,0.781600,0.710600,1356.000000,921300470.000000,1396318376.000000,257409024.000000,239112192.000000,1618341888.000000,0.000000,0.000000,0.000400,0.000000,0.000000,0.000000,0.008100,0.000000,0.010000,0.000000,0.000000,0.000000,0.000900,0.001200,0.004500,0.006400,0.000000
858,0.715232,0.876098,0.866600,0.787200,1356.000000,921300470.000000,1396318376.000000,257409024.000000,239112192.000000,1618341888.000000,0.000000,0.000000,0.000500,0.000000,0.000000,0.000000,0.008500,0.000000,0.023600,0.000000,0.000000,0.000000,0.000300,0.001100,0.002600,0.004700,0.000000
859,0.716122,0.879897,0.878900,0.792700,1356.000000,921300470.000000,1396318376.000000,257409024.000000,239112192.000000,1618341888.000000,0.000000,0.000000,0.000400,0.000000,0.000000,0.000000,0.010800,0.000000,0.010100,0.000000,0.000000,0.000000,0.000700,0.001600,0.003600,0.005500,0.000000
860,0.717026,0.945401,0.948600,0.867600,1356.000000,921314286.000000,1396318376.000000,257409024.000000,239116288.000000,1618341888.000000,0.000000,0.000000,0.000400,0.000000,0.000000,0.000000,0.008700,0.000000,0.009700,0.000000,0.000000,0.000000,0.000800,0.001300,0.005200,0.006400,0.000000
861,0.717765,0.744402,0.746100,0.672000,1356.000000,921380870.000000,1396318376.000000,257409024.000000,239116288.000000,1618341888.000000,0.000000,0.000000,0.000500,0.000000,0.000000,0.000000,0.008100,0.000000,0.009000,0.000000,0.000000,0.000000,0.000400,0.001200,0.002800,0.004800,0.000000
862,0.718465,0.702799,0.702700,0.632400,1356.000000,921315334.000000,1396318376.000000,257409024.000000,239116288.000000,1618341888.000000,0.000000,0.000000,0.000500,0.000000,0.000000,0.000000,0.007800,0.000000,0.009300,0.000000,0.000000,0.000000,0.000200,0.001100,0.002600,0.004500,0.000000
863,0.719155,0.695904,0.694400,0.625900,1356.000000,921319430.000000,1396318376.000000,257409024.000000,239120384.000000,1618341888.000000,0.000000,0.000000,0.000400,0.000000,0.000000,0.000000,0.007700,0.000000,0.008800,0.000000,0.000000,0.000000,0.000300,0.001100,0.002500,0.004500,0.000000
864,0.719859,0.692595,0.689300,0.621000,1356.000000,921319430.000000,1396318376.000000,257409024.000000,239120384.000000,1618341888.000000,0.000000,0.000000,0.000400,0.000000,0.000000,0.000000,0.007500,0.000000,0.009700,0.000000,0.000000,0.000000,0.000300,0.001100,0.002400,0.004400,0.000000
865,0.720597,0.734701,0.729200,0.657600,1356.000000,921319430.000000,1396318376.000000,257409024.000000,239120384.000000,1618341888.000000,0.000000,0.000000,0.000400,0.000000,0.000000,0.000000,0.008400,0.000000,0.009300,0.000000,0.000000,0.000000,0.000300,0.001200,0.002700,0.004600,0.000000
866,0.721370,0.774504,0.769200,0.694800,1356.000000,921319430.000000,1396318376.000000,257409024.000000,239120384.000000,1618341888.000000,0.000000,0.000000,0.000400,0.000000,0.000000,0.000000,0.009500,0.000000,0.019200,0.000000,0.000000,0.000000,0.000300,0.001100,0.002800,0.004600,0.000000
867,0.722083,0.717496,0.719500,0.643100,1356.000000,921323526.000000,1396318376.000000,257409024.000000,239124480.000000,1618341888.000000,0.000000,0.000000,0.000400,0.000000,0.000000,0.000000,0.008100,0.000000,0.009500,0.000000,0.000000,0.000000,0.000300,0.001100,0.002800,0.004400,0.000000
868,0.722787,0.706803,0.708300,0.636500,1356.000000,921323526.000000,1396318376.000000,257409024.000000,239124480.000000,1618341888.000000,0.000000,0.000000,0.000500,0.000000,0.000000,0.000000,0.007600,0.000000,0.009200,0.000000,0.000000,0.000000,0.000300,0.001000,0.002700,0.004400,0.000000
869,0.723480,0.696096,0.694900,0.626600,1356.000000,921323526.000000,1396318376.000000,257409024.000000,239124480.000000,1618341888.000000,0.000000,0.000000,0.000400,0.000000,0.000000,0.000000,0.007600,0.000000,0.009200,0.000000,0.000000,0.000000,0.000300,0.001000,0.002600,0.004400,0.000000
870,0.724262,0.753501,0.747200,0.678900,1356.000000,921323526.000000,1396318376.000000,257409024.000000,239124480.000000,1618341888.000000,0.000000,0.000000,0.000500,0.000000,0.000000,0.000000,0.007600,0.000000,0.009200,0.000000,0.000000,0.000000,0.000300,0.001100,0.002700,0.004300,0.000000
871,0.726076,1.608801,1.570800,1.490200,1356.000000,921323678.000000,1396318376.000000,257409024.000000,239124480.000000,1618341888.000000,0.000000,0.000000,0.563200,0.038600,0.008400,0.200800,0.008400,0.019100,0.010400,0.010300,0.017400,0.018200,0.000400,0.001300,0.002500,0.005200,0.000000
872,0.727036,1.159899,1.187900,1.078600,1356.000000,921323606.000000,1396318376.000000,257409024.000000,239124480.000000,1618341888.000000,0.000000,0.000000,0.000500,0.000000,0.000000,0.000000,0.011700,0.000000,0.010900,0.000000,0.000000,0.000000,0.000500,0.001400,0.005000,0.006200,0.000000
873,0.727764,0.751701,0.756600,0.680300,1356.000000,921327702.000000,1396318376.000000,257409024.000000,239128576.000000,1618341888.000000,0.000000,0.000000,0.000400,0.000000,0.000000,0.000000,0.009000,0.000000,0.009600,0.000000,0.000000,0.000000,0.000400,0.001300,0.002900,0.004900,0.000000
874,0.728479,0.721804,0.721200,0.651800,1356.000000,921331798.000000,1396318376.000000,257409024.000000,239132672.000000,1618341888.000000,0.000000,0.000000,0.000400,0.000000,0.000000,0.000000,0.008000,0.000000,0.009500,0.000000,0.000000,0.000000,0.000400,0.001100,0.002700,0.004500,0.000000
875,0.729178,0.701396,0.700800,0.632400,1356.000000,921331798.000000,1396318376.000000,257409024.000000,239132672.000000,1618341888.000000,0.000000,0.000000,0.000400,0.000000,0.000000,0.000000,0.007600,0.000000,0.008800,0.000000,0.000000,0.000000,0.000400,0.001100,0.002500,0.004500,0.000000
876,0.729938,0.738903,0.729500,0.660900,1356.000000,921331798.000000,1396318376.000000,257409024.000000,239132672.000000,1618341888.000000,0.000000,0.000000,0.000400,0.000000,0.000000,0.000000,0.007400,0.000000,0.009600,0.000000,0.000000,0.000000,0.000200,0.001200,0.002700,0.004600,0.000000
877,0.730752,0.817000,0.812500,0.735400,1356.000000,921335894.000000,1396318376.000000,257409024.000000,239136768.000000,1618341888.000000,0.000000,0.000000,0.000500,0.000000,0.000000,0.000000,0.010900,0.000000,0.009300,0.000000,0.000000,0.000000,0.000500,0.001200,0.002900,0.004800,0.000000
878,0.731506,0.769700,0.772600,0.695200,1356.000000,921335894.000000,1396318376.000000,257409024.000000,239136768.000000,1618341888.000000,0.000000,0.000000,0.000500,0.000000,0.000000,0.000000,0.008900,0.000000,0.009400,0.000000,0.000000,0.000000,0.000400,0.001100,0.002900,0.004700,0.000000
879,0.732209,0.705400,0.702300,0.630300,1356.000000,921335894.000000,1396318376.000000,257409024.000000,239136768.000000,1618341888.000000,0.000000,0.000000,0.000400,0.000000,0.000000,0.000000,0.007900,0.000000,0.009000,0.000000,0.000000,0.000000,0.000400,0.001100,0.002700,0.004500,0.000000
880,0.732923,0.716199,0.717400,0.644900,1356.000000,921339990.000000,1396318376.000000,257409024.000000,239140864.000000,1618341888.000000,0.000000,0.000000,0.000400,0.000000,0.000000,0.000000,0.007600,0.000000,0.008600,0.000000,0.000000,0.000000,0.000300,0.001000,0.002500,0.004800,0.000000
881,0.733655,0.734899,0.733800,0.665100,1356.000000,921339990.000000,1396318376.000000,257409024.000000,239140864.000000,1618341888.000000,0.000000,0.000000,0.000500,0.000000,0.000000,0.000000,0.007600,0.000000,0.008300,0.000000,0.000000,0.000000,0.000300,0.001100,0.002600,0.004300,0.000000
882,0.734334,0.677303,0.676100,0.608100,1356.000000,921339990.000000,1396318376.000000,257409024.000000,239140864.000000,1618341888.000000,0.000000,0.000000,0.000400,0.000000,0.000000,0.000000,0.007400,0.000000,0.008900,0.000000,0.000000,0.000000,0.000200,0.001100,0.002400,0.004200,0.000000
883,0.735163,0.802197,0.793400,0.724200,1356.000000,921339990.000000,1396318376.000000,257409024.000000,239140864.000000,1618341888.000000,0.000000,0.000000,0.000400,0.000000,0.000000,0.000000,0.007500,0.000000,0.008400,0.000000,0.000000,0.000000,0.000300,0.001100,0.002400,0.004400,0.000000
884,0.735980,0.823200,0.820700,0.744700,1356.000000,921339990.000000,1396318376.000000,257409024.000000,239140864.000000,1618341888.000000,0.000000,0.000000,0.000500,0.000000,0.000000,0.000000,0.009200,0.000000,0.009600,0.000000,0.000000,0.000000,0.000600,0.001300,0.003100,0.005800,0.000000
885,0.736730,0.760998,0.765200,0.690500,1356.000000,921344086.000000,1396318376.000000,257409024.000000,239144960.000000,1618341888.000000,0.000000,0.000000,0.000400,0.000000,0.000000,0.000000,0.008700,0.000000,0.008600,0.000000,0.000000,0.000000,0.000300,0.001100,0.003000,0.004900,0.000000
886,0.737451,0.727204,0.724600,0.656400,1356.000000,921348182.000000,1396318376.000000,257409024.000000,239149056.000000,1618341888.000000,0.000000,0.000000,0.000500,0.000000,0.000000,0.000000,0.007700,0.000000,0.008600,0.000000,0.000000,0.000000,0.000200,0.001200,0.002700,0.004500,0.000000
887,0.738158,0.704897,0.703400,0.634400,1356.000000,921348182.000000,1396318376.000000,257409024.000000,239149056.000000,1618341888.000000,0.000000,0.000000,0.000400,0.000000,0.000000,0.000000,0.007900,0.000000,0.009300,0.000000,0.000000,0.000000,0.000400,0.001100,0.002500,0.004800,0.000000
888,0.738858,0.703904,0.703100,0.634300,1356.000000,921348182.000000,1396318376.000000,257409024.000000,239149056.000000,1618341888.000000,0.000000,0.000000,0.000400,0.000000,0.000000,0.000000,0.008200,0.000000,0.009300,0.000000,0.000000,0.000000,0.000200,0.001100,0.002600,0.004600,0.000000
889,0.739616,0.749398,0.743100,0.675000,1356.000000,921348182.000000,1396318376.000000,257409024.000000,239149056.000000,1618341888.000000,0.000000,0.000000,0.000400,0.000000,0.000000,0.000000,0.007700,0.000000,0.008600,0.000000,0.000000,0.000000,0.000300,0.001100,0.002600,0.004600,0.000000
890,0.740369,0.738102,0.733800,0.660000,1356.000000,921348182.000000,1396318376.000000,257409024.000000,239149056.000000,1618341888.000000,0.000000,0.000000,0.000400,0.000000,0.000000,0.000000,0.008000,0.000000,0.008500,0.000000,0.000000,0.000000,0.000300,0.001100,0.002700,0.004600,0.000000
891,0.741310,0.952296,0.952200,0.877800,1356.000000,921341494.000000,1396318376.000000,257409024.000000,239153152.000000,1618345984.000000,0.000000,0.000000,0.000400,0.000000,0.000000,0.000000,0.008600,0.000000,0.008700,0.000000,0.000000,0.000000,0.000400,0.001100,0.002800,0.005000,0.000000
892,0.742548,1.234304,1.229100,1.155900,1356.000000,921345646.000000,1396318376.000000,257409024.000000,239157248.000000,1618345984.000000,0.000000,0.000000,0.492900,0.031100,0.009200,0.141100,0.008300,0.017700,0.010400,0.010300,0.016600,0.010700,0.000500,0.001200,0.002800,0.004500,0.000000
893,0.743266,0.732901,0.736400,0.661600,1408.000000,921345574.000000,1396318376.000000,257409024.000000,239157248.000000,1618345984.000000,0.000000,0.000000,0.000400,0.000000,0.000000,0.000000,0.008300,0.000000,0.009500,0.000000,0.000000,0.000000,0.000300,0.001200,0.002800,0.004500,0.000000
894,0.743986,0.705300,0.706000,0.636600,1356.000000,921345574.000000,1396318376.000000,257409024.000000,239157248.000000,1618345984.000000,0.000000,0.000000,0.000400,0.000000,0.000000,0.000000,0.007400,0.000000,0.008600,0.000000,0.000000,0.000000,0.000200,0.001100,0.002600,0.004300,0.000000
895,0.744702,0.726998,0.718300,0.651300,1356.000000,921345574.000000,1396318376.000000,257409024.000000,239157248.000000,1618345984.000000,0.000000,0.000000,0.000400,0.000000,0.000000,0.000000,0.007600,0.000000,0.008300,0.000000,0.000000,0.000000,0.000200,0.001000,0.002600,0.004500,0.000000
896,0.745560,0.818899,0.810500,0.732800,1356.000000,921345574.000000,1396318376.000000,257409024.000000,239157248.000000,1618345984.000000,0.000000,0.000000,0.000500,0.000000,0.000000,0.000000,0.007500,0.000000,0.007800,0.000000,0.000000,0.000000,0.000200,0.001100,0.002600,0.004500,0.000000
897,0.746596,1.054698,1.051300,0.968000,1356.000000,921345574.000000,1396318376.000000,257409024.000000,239157248.000000,1618345984.000000,0.000000,0.000000,0.000400,0.000000,0.000000,0.000000,0.012400,0.000000,0.010200,0.000000,0.000000,0.000000,0.000300,0.001400,0.002800,0.005200,0.000000
898,0.747482,0.896705,0.899900,0.817100,1356.000000,921345574.000000,1396318376.000000,257409024.000000,239157248.000000,1618345984.000000,0.000000,0.000000,0.000400,0.000000,0.000000,0.000000,0.009100,0.000000,0.008800,0.000000,0.000000,0.000000,0.000400,0.001300,0.002800,0.004500,0.000000
899,0.748209,0.732093,0.734700,0.658400,1356.000000,921349670.000000,1396318376.000000,257409024.000000,239161344.000000,1618345984.000000,0.000000,0.000000,0.000500,0.000000,0.000000,0.000000,0.008200,0.000000,0.009100,0.000000,0.000000,0.000000,0.000400,0.001200,0.002600,0.004600,0.000000
900,0.749146,0.919707,0.711300,0.640300,1356.000000,921349670.000000,1396318376.000000,257409024.000000,239161344.000000,1618345984.000000,0.000000,0.000000,0.000500,0.000000,0.000000,0.000000,0.007800,0.000000,0.008800,0.000000,0.000000,0.000000,0.000300,0.001200,0.002900,0.004400,0.000000
901,0.750226,1.058595,1.249600,0.971500,1356.000000,921349670.000000,1396318376.000000,257409024.000000,239161344.000000,1618345984.000000,0.000000,0.000000,0.000400,0.000000,0.000000,0.000000,0.008900,0.000000,0.009300,0.000000,0.000000,0.000000,0.000400,0.001200,0.002900,0.005000,0.000000
902,0.751187,0.974100,0.976000,0.889100,1356.000000,921349670.000000,1396318376.000000,257409024.000000,239161344.000000,1618345984.000000,0.000000,0.000000,0.000500,0.000000,0.000000,0.000000,0.010800,0.000000,0.010300,0.000000,0.000000,0.000000,0.000400,0.001400,0.003400,0.005700,0.000000
903,0.751956,0.792404,0.798600,0.717400,1356.000000,921349670.000000,1396318376.000000,257409024.000000,239161344.000000,1618345984.000000,0.000000,0.000000,0.000500,0.000000,0.000000,0.000000,0.009800,0.000000,0.009200,0.000000,0.000000,0.000000,0.000300,0.001400,0.003000,0.005500,0.000000
904,0.752690,0.737599,0.738500,0.666500,1356.000000,921349670.000000,1396318376.000000,257409024.000000,239161344.000000,1618345984.000000,0.000000,0.000000,0.000500,0.000000,0.000000,0.000000,0.008000,0.000000,0.008700,0.000000,0.000000,0.000000,0.000400,0.001000,0.002600,0.004700,0.000000
905,0.753387,0.701701,0.700400,0.631900,1356.000000,921353766.000000,1396318376.000000,257409024.000000,239165440.000000,1618345984.000000,0.000000,0.000000,0.000400,0.000000,0.000000,0.000000,0.007600,0.000000,0.008800,0.000000,0.000000,0.000000,0.000200,0.001100,0.002500,0.004300,0.000000
906,0.754085,0.698597,0.697400,0.629900,1356.000000,921357862.000000,1396318376.000000,257409024.000000,239169536.000000,1618345984.000000,0.000000,0.000000,0.000400,0.000000,0.000000,0.000000,0.007400,0.000000,0.009000,0.000000,0.000000,0.000000,0.000200,0.001100,0.002700,0.004400,0.000000
907,0.754790,0.700999,0.698900,0.632100,1356.000000,921357862.000000,1396318376.000000,257409024.000000,239169536.000000,1618345984.000000,0.000000,0.000000,0.000400,0.000000,0.000000,0.000000,0.007300,0.000000,0.008600,0.000000,0.000000,0.000000,0.000200,0.001000,0.002400,0.004400,0.000000
908,0.755596,0.788202,0.778500,0.707100,1356.000000,921361958.000000,1396318376.000000,257409024.000000,239173632.000000,1618345984.000000,0.000000,0.000000,0.000500,0.000000,0.000000,0.000000,0.007500,0.000000,0.008800,0.000000,0.000000,0.000000,0.000200,0.001100,0.002900,0.005600,0.000000
909,0.756336,0.756498,0.759600,0.683300,1356.000000,921361958.000000,1396318376.000000,257409024.000000,239173632.000000,1618345984.000000,0.000000,0.000000,0.000400,0.000000,0.000000,0.000000,0.008500,0.000000,0.009200,0.000000,0.000000,0.000000,0.000300,0.001200,0.002800,0.004700,0.000000
910,0.757145,0.732200,0.716500,0.646400,1356.000000,921361958.000000,1396318376.000000,257409024.000000,239173632.000000,1618345984.000000,0.000000,0.000000,0.000400,0.000000,0.000000,0.000000,0.007600,0.000000,0.008700,0.000000,0.000000,0.000000,0.000300,0.001200,0.002600,0.004500,0.000000
911,0.758022,0.941901,0.945200,0.859100,1356.000000,921361958.000000,1396318376.000000,257409024.000000,239173632.000000,1618345984.000000,0.000000,0.000000,0.000400,0.000000,0.000000,0.000000,0.007500,0.000000,0.009400,0.000000,0.000000,0.000000,0.001000,0.001200,0.005200,0.006400,0.000000
912,0.759289,1.263202,1.266700,1.187600,1356.000000,921366158.000000,1396318376.000000,257409024.000000,239177728.000000,1618345984.000000,0.000000,0.000000,0.494300,0.032700,0.008700,0.140900,0.008800,0.016100,0.011000,0.010000,0.016600,0.017800,0.000500,0.001200,0.003000,0.004900,0.000000
913,0.760061,0.769204,0.763000,0.688800,1356.000000,921366086.000000,1396318376.000000,257409024.000000,239177728.000000,1618345984.000000,0.000000,0.000000,0.000500,0.000000,0.000000,0.000000,0.009200,0.000000,0.008800,0.000000,0.000000,0.000000,0.000200,0.001000,0.002900,0.004900,0.000000
914,0.760863,0.804393,0.803500,0.723700,1356.000000,921366086.000000,1396318376.000000,257409024.000000,239177728.000000,1618345984.000000,0.000000,0.000000,0.000500,0.000000,0.000000,0.000000,0.009400,0.000000,0.009400,0.000000,0.000000,0.000000,0.000400,0.001400,0.003000,0.005100,0.000000
915,0.761596,0.744104,0.745900,0.669300,1356.000000,921366086.000000,1396318376.000000,257409024.000000,239177728.000000,1618345984.000000,0.000000,0.000000,0.000500,0.000000,0.000000,0.000000,0.009600,0.000000,0.008700,0.000000,0.000000,0.000000,0.000400,0.001400,0.002900,0.005200,0.000000
916,0.762297,0.710098,0.710500,0.639100,1356.000000,921366086.000000,1396318376.000000,257409024.000000,239177728.000000,1618345984.000000,0.000000,0.000000,0.000400,0.000000,0.000000,0.000000,0.008200,0.000000,0.008500,0.000000,0.000000,0.000000,0.000300,0.001100,0.002900,0.004500,0.000000
917,0.762986,0.696003,0.684300,0.615600,1356.000000,921366086.000000,1396318376.000000,257409024.000000,239177728.000000,1618345984.000000,0.000000,0.000000,0.000400,0.000000,0.000000,0.000000,0.007600,0.000000,0.008400,0.000000,0.000000,0.000000,0.000300,0.001100,0.002800,0.004600,0.000000
918,0.763705,0.675900,0.685200,0.606600,1356.000000,921370182.000000,1396318376.000000,257409024.000000,239181824.000000,1618345984.000000,0.000000,0.000000,0.000400,0.000000,0.000000,0.000000,0.007400,0.000000,0.008400,0.000000,0.000000,0.000000,0.000300,0.001000,0.002600,0.004400,0.000000
919,0.764475,0.776998,0.771200,0.703100,1356.000000,921370182.000000,1396318376.000000,257409024.000000,239181824.000000,1618345984.000000,0.000000,0.000000,0.000400,0.000000,0.000000,0.000000,0.007500,0.000000,0.009200,0.000000,0.000000,0.000000,0.000400,0.001200,0.004800,0.006000,0.000000
920,0.765266,0.787897,0.781100,0.707800,1356.000000,921370182.000000,1396318376.000000,257409024.000000,239181824.000000,1618345984.000000,0.000000,0.000000,0.000500,0.000000,0.000000,0.000000,0.008100,0.000000,0.008800,0.000000,0.000000,0.000000,0.000300,0.001100,0.002800,0.004600,0.000000
921,0.766151,0.903005,0.900800,0.822000,1356.000000,921370182.000000,1396318376.000000,257409024.000000,239181824.000000,1618345984.000000,0.000000,0.000000,0.000500,0.000000,0.000000,0.000000,0.009500,0.000000,0.008900,0.000000,0.000000,0.000000,0.000400,0.001200,0.002900,0.005300,0.000000
922,0.767057,0.919700,0.919900,0.843100,1356.000000,921379934.000000,1396318376.000000,257409024.000000,239181824.000000,1618350080.000000,0.000000,0.000000,0.000500,0.000000,0.000000,0.000000,0.008800,0.000000,0.008500,0.000000,0.000000,0.000000,0.000400,0.001100,0.002700,0.004800,0.000000
923,0.767775,0.720401,0.724400,0.650700,1356.000000,921380982.000000,1396318376.000000,257409024.000000,239181824.000000,1618350080.000000,0.000000,0.000000,0.000400,0.000000,0.000000,0.000000,0.007700,0.000000,0.007400,0.000000,0.000000,0.000000,0.000200,0.001100,0.002300,0.004700,0.000000
924,0.768486,0.708801,0.705900,0.637900,1356.000000,921385078.000000,1396318376.000000,257409024.000000,239185920.000000,1618350080.000000,0.000000,0.000000,0.000500,0.000000,0.000000,0.000000,0.007500,0.000000,0.008800,0.000000,0.000000,0.000000,0.000200,0.001100,0.002200,0.004400,0.000000
925,0.769184,0.703699,0.703200,0.634200,1356.000000,921389174.000000,1396318376.000000,257409024.000000,239190016.000000,1618350080.000000,0.000000,0.000000,0.000400,0.000000,0.000000,0.000000,0.007300,0.000000,0.008500,0.000000,0.000000,0.000000,0.000300,0.001000,0.002300,0.004400,0.000000
926,0.769950,0.732299,0.716900,0.645400,1356.000000,921389174.000000,1396318376.000000,257409024.000000,239190016.000000,1618350080.000000,0.000000,0.000000,0.000400,0.000000,0.000000,0.000000,0.007400,0.000000,0.010000,0.000000,0.000000,0.000000,0.000200,0.001100,0.002500,0.004400,0.000000
927,0.770954,0.965101,0.948900,0.860800,1356.000000,921393270.000000,1396318376.000000,257409024.000000,239194112.000000,1618350080.000000,0.000000,0.000000,0.000500,0.000000,0.000000,0.000000,0.009600,0.000000,0.008700,0.000000,0.000000,0.000000,0.000300,0.001400,0.003400,0.005200,0.000000
928,0.771790,0.868700,0.884900,0.790100,1356.000000,921393270.000000,1396318376.000000,257409024.000000,239194112.000000,1618350080.000000,0.000000,0.000000,0.000500,0.000000,0.000000,0.000000,0.011300,0.000000,0.009900,0.000000,0.000000,0.000000,0.000400,0.001200,0.004400,0.005500,0.000000
929,0.772577,0.815299,0.816300,0.739000,1356.000000,921393270.000000,1396318376.000000,257409024.000000,239194112.000000,1618350080.000000,0.000000,0.000000,0.000600,0.000000,0.000000,0.000000,0.008600,0.000000,0.009100,0.000000,0.000000,0.000000,0.000300,0.001200,0.003200,0.005200,0.000000
930,0.773325,0.754202,0.753000,0.680500,1356.000000,921393270.000000,1396318376.000000,257409024.000000,239194112.000000,1618350080.000000,0.000000,0.000000,0.000500,0.000000,0.000000,0.000000,0.008200,0.000000,0.008500,0.000000,0.000000,0.000000,0.000200,0.001100,0.002700,0.004600,0.000000
931,0.774028,0.706895,0.707800,0.635000,1356.000000,921397366.000000,1396318376.000000,257409024.000000,239198208.000000,1618350080.000000,0.000000,0.000000,0.000600,0.000000,0.000000,0.000000,0.007700,0.000000,0.010900,0.000000,0.000000,0.000000,0.000200,0.001100,0.002800,0.004400,0.000000
932,0.775378,1.300000,1.281700,1.207800,1356.000000,921397406.000000,1396318376.000000,257409024.000000,239198208.000000,1618350080.000000,0.000000,0.000000,0.488400,0.031400,0.008800,0.144000,0.007700,0.016100,0.010500,0.010100,0.016700,0.011300,0.000200,0.001100,0.002500,0.004300,0.000000
933,0.776168,0.817602,0.824000,0.739100,1356.000000,921397334.000000,1396318376.000000,257409024.000000,239198208.000000,1618350080.000000,0.000000,0.000000,0.000600,0.000000,0.000000,0.000000,0.010600,0.000000,0.009900,0.000000,0.000000,0.000000,0.000800,0.001300,0.003200,0.005400,0.000000
934,0.776905,0.749199,0.754000,0.677300,1356.000000,921397334.000000,1396318376.000000,257409024.000000,239198208.000000,1618350080.000000,0.000000,0.000000,0.000500,0.000000,0.000000,0.000000,0.008200,0.000000,0.009300,0.000000,0.000000,0.000000,0.000600,0.001300,0.003100,0.004700,0.000000
935,0.777615,0.716001,0.712300,0.642600,1356.000000,921397334.000000,1396318376.000000,257409024.000000,239198208.000000,1618350080.000000,0.000000,0.000000,0.000400,0.000000,0.000000,0.000000,0.007600,0.000000,0.009000,0.000000,0.000000,0.000000,0.000400,0.001200,0.003000,0.004600,0.000000
936,0.778320,0.708000,0.710000,0.638000,1356.000000,921397334.000000,1396318376.000000,257409024.000000,239198208.000000,1618350080.000000,0.000000,0.000000,0.000400,0.000000,0.000000,0.000000,0.008300,0.000000,0.009600,0.000000,0.000000,0.000000,0.000300,0.001000,0.002700,0.004400,0.000000
937,0.779034,0.705499,0.701700,0.633500,1356.000000,921401430.000000,1396318376.000000,257409024.000000,239202304.000000,1618350080.000000,0.000000,0.000000,0.000300,0.000000,0.000000,0.000000,0.007700,0.000000,0.010000,0.000000,0.000000,0.000000,0.000200,0.001100,0.002800,0.004300,0.000000
938,0.779777,0.733099,0.730400,0.660800,1356.000000,921401430.000000,1396318376.000000,257409024.000000,239202304.000000,1618350080.000000,0.000000,0.000000,0.000500,0.000000,0.000000,0.000000,0.008400,0.000000,0.009600,0.000000,0.000000,0.000000,0.000300,0.001200,0.002500,0.004500,0.000000
939,0.780845,1.037500,1.015800,0.937600,1356.000000,921401430.000000,1396318376.000000,257409024.000000,239202304.000000,1618350080.000000,0.000000,0.000000,0.000500,0.000000,0.000000,0.000000,0.009800,0.000000,0.008400,0.000000,0.000000,0.000000,0.000300,0.001100,0.003000,0.006200,0.000000
940,0.781834,1.005102,1.007100,0.915700,1356.000000,921401430.000000,1396318376.000000,257409024.000000,239202304.000000,1618350080.000000,0.000000,0.000000,0.000600,0.000000,0.000000,0.000000,0.010800,0.000000,0.020400,0.000000,0.000000,0.000000,0.000500,0.001200,0.003500,0.005300,0.000000
941,0.782735,0.901098,0.904100,0.817300,1356.000000,921405526.000000,1396318376.000000,257409024.000000,239206400.000000,1618350080.000000,0.000000,0.000000,0.000500,0.000000,0.000000,0.000000,0.010000,0.000000,0.098700,0.000000,0.000000,0.000000,0.000500,0.001300,0.003000,0.005200,0.000000
942,0.783622,0.899199,0.901400,0.821400,1356.000000,921409622.000000,1396318376.000000,257409024.000000,239210496.000000,1618350080.000000,0.000000,0.000000,0.000500,0.000000,0.000000,0.000000,0.010000,0.000000,0.015500,0.000000,0.000000,0.000000,0.000400,0.002100,0.002900,0.005200,0.000000
943,0.784383,0.753005,0.750100,0.674200,1356.000000,921409622.000000,1396318376.000000,257409024.000000,239210496.000000,1618350080.000000,0.000000,0.000000,0.000500,0.000000,0.000000,0.000000,0.008700,0.000000,0.010000,0.000000,0.000000,0.000000,0.000500,0.001300,0.002900,0.004800,0.000000
944,0.785389,0.963797,0.945300,0.864000,1356.000000,921413718.000000,1396318376.000000,257409024.000000,239214592.000000,1618350080.000000,0.000000,0.000000,0.000400,0.000000,0.000000,0.000000,0.008400,0.000000,0.022100,0.000000,0.000000,0.000000,0.000300,0.001200,0.003100,0.004900,0.000000
945,0.786555,1.199001,1.202700,1.107600,1356.000000,921413718.000000,1396318376.000000,257409024.000000,239214592.000000,1618350080.000000,0.000000,0.000000,0.000500,0.000000,0.000000,0.000000,0.011400,0.000000,0.021900,0.000000,0.000000,0.000000,0.000800,0.001400,0.003800,0.006200,0.000000
946,0.787718,1.167198,1.164200,1.074300,1356.000000,921413718.000000,1396318376.000000,257409024.000000,239214592.000000,1618350080.000000,0.000000,0.000000,0.000600,0.000000,0.000000,0.000000,0.009600,0.000000,0.061800,0.000000,0.000000,0.000000,0.000600,0.001500,0.002900,0.005100,0.000000
947,0.788661,0.954401,0.959800,0.874200,1356.000000,921413718.000000,1396318376.000000,257409024.000000,239214592.000000,1618350080.000000,0.000000,0.000000,0.000500,0.000000,0.000000,0.000000,0.009400,0.000000,0.020400,0.000000,0.000000,0.000000,0.000400,0.001300,0.003000,0.005100,0.000000
948,0.789514,0.856902,0.859300,0.781500,1356.000000,921417814.000000,1396318376.000000,257409024.000000,239218688.000000,1618350080.000000,0.000000,0.000000,0.000400,0.000000,0.000000,0.000000,0.009100,0.000000,0.069000,0.000000,0.000000,0.000000,0.000400,0.001300,0.003000,0.004900,0.000000
949,0.790517,0.983397,0.970300,0.892000,1356.000000,921417814.000000,1396318376.000000,257409024.000000,239218688.000000,1618350080.000000,0.000000,0.000000,0.000500,0.000000,0.000000,0.000000,0.008400,0.000000,0.021000,0.000000,0.000000,0.000000,0.000500,0.001100,0.002900,0.004800,0.000000
950,0.791854,1.348101,1.354000,1.269100,1356.000000,921422014.000000,1396318376.000000,257409024.000000,239222784.000000,1618350080.000000,0.000000,0.000000,0.526500,0.033100,0.007400,0.163100,0.009500,0.018800,0.012200,0.010600,0.017400,0.015500,0.000300,0.001400,0.003100,0.005500,0.000000
951,0.792587,0.751800,0.753800,0.677600,1356.000000,921421942.000000,1396318376.000000,257409024.000000,239222784.000000,1618350080.000000,0.000000,0.000000,0.000500,0.000000,0.000000,0.000000,0.009900,0.000000,0.009800,0.000000,0.000000,0.000000,0.000400,0.001200,0.002900,0.004800,0.000000
952,0.793312,0.725000,0.724600,0.652900,1356.000000,921421942.000000,1396318376.000000,257409024.000000,239222784.000000,1618350080.000000,0.000000,0.000000,0.000400,0.000000,0.000000,0.000000,0.007900,0.000000,0.009200,0.000000,0.000000,0.000000,0.000300,0.001200,0.002600,0.004600,0.000000
953,0.794217,0.910998,0.909100,0.838700,1356.000000,921411142.000000,1396318376.000000,257409024.000000,239222784.000000,1618350080.000000,0.000000,0.000000,0.000400,0.000000,0.000000,0.000000,0.008000,0.000000,0.010000,0.000000,0.000000,0.000000,0.000400,0.001200,0.002800,0.004600,0.000000
954,0.794934,0.712705,0.710100,0.639900,1356.000000,921411142.000000,1396318376.000000,257409024.000000,239222784.000000,1618350080.000000,0.000000,0.000000,0.000400,0.000000,0.000000,0.000000,0.007600,0.000000,0.008900,0.000000,0.000000,0.000000,0.000200,0.001200,0.002600,0.004500,0.000000
955,0.795846,0.887698,0.877900,0.804500,1356.000000,921411142.000000,1396318376.000000,257409024.000000,239222784.000000,1618350080.000000,0.000000,0.000000,0.000400,0.000000,0.000000,0.000000,0.007900,0.000000,0.008500,0.000000,0.000000,0.000000,0.000200,0.001200,0.002700,0.004400,0.000000
956,0.796626,0.799298,0.802800,0.724200,1356.000000,921415238.000000,1396318376.000000,257409024.000000,239226880.000000,1618350080.000000,0.000000,0.000000,0.000500,0.000000,0.000000,0.000000,0.008900,0.000000,0.009500,0.000000,0.000000,0.000000,0.000300,0.001300,0.002900,0.005000,0.000000
957,0.797352,0.729599,0.729400,0.656400,1356.000000,921415238.000000,1396318376.000000,257409024.000000,239226880.000000,1618350080.000000,0.000000,0.000000,0.000400,0.000000,0.000000,0.000000,0.008000,0.000000,0.009200,0.000000,0.000000,0.000000,0.000200,0.001100,0.002800,0.004700,0.000000
958,0.798069,0.717602,0.712800,0.641600,1356.000000,921415238.000000,1396318376.000000,257409024.000000,239226880.000000,1618350080.000000,0.000000,0.000000,0.000400,0.000000,0.000000,0.000000,0.007700,0.000000,0.010000,0.000000,0.000000,0.000000,0.000300,0.001200,0.002700,0.004700,0.000000
959,0.798851,0.763202,0.706400,0.632800,1356.000000,921419334.000000,1396318376.000000,257409024.000000,239230976.000000,1618350080.000000,0.000000,0.000000,0.000400,0.000000,0.000000,0.000000,0.007600,0.000000,0.008700,0.000000,0.000000,0.000000,0.000300,0.001100,0.002500,0.004600,0.000000
960,0.799767,0.922102,0.973500,0.847100,1356.000000,921429086.000000,1396318376.000000,257409024.000000,239230976.000000,1618350080.000000,0.000000,0.000000,0.000400,0.000000,0.000000,0.000000,0.008900,0.000000,0.009400,0.000000,0.000000,0.000000,0.000400,0.001200,0.002700,0.005000,0.000000
961,0.800730,0.945500,0.935900,0.857100,1356.000000,921430134.000000,1396318376.000000,257409024.000000,239230976.000000,1618350080.000000,0.000000,0.000000,0.000400,0.000000,0.000000,0.000000,0.008300,0.000000,0.009400,0.000000,0.000000,0.000000,0.000300,0.001400,0.003100,0.004900,0.000000
962,0.801541,0.829698,0.832000,0.749700,1356.000000,921430134.000000,1396318376.000000,257409024.000000,239230976.000000,1618350080.000000,0.000000,0.000000,0.000500,0.000000,0.000000,0.000000,0.009900,0.000000,0.009900,0.000000,0.000000,0.000000,0.000400,0.001200,0.003100,0.005700,0.000000
963,0.802392,0.853295,0.854600,0.776800,1356.000000,921434230.000000,1396318376.000000,257409024.000000,239235072.000000,1618350080.000000,0.000000,0.000000,0.000500,0.000000,0.000000,0.000000,0.008500,0.000000,0.009500,0.000000,0.000000,0.000000,0.000200,0.001100,0.002900,0.004400,0.000000
964,0.803112,0.727204,0.727900,0.654100,1356.000000,921434230.000000,1396318376.000000,257409024.000000,239235072.000000,1618350080.000000,0.000000,0.000000,0.000500,0.000000,0.000000,0.000000,0.008700,0.000000,0.009400,0.000000,0.000000,0.000000,0.000400,0.001300,0.002900,0.004700,0.000000
965,0.803839,0.711699,0.710100,0.639600,1356.000000,921434230.000000,1396318376.000000,257409024.000000,239235072.000000,1618350080.000000,0.000000,0.000000,0.000500,0.000000,0.000000,0.000000,0.007900,0.000000,0.009100,0.000000,0.000000,0.000000,0.000200,0.001200,0.002800,0.004600,0.000000
966,0.804545,0.724298,0.724100,0.653700,1356.000000,921434230.000000,1396318376.000000,257409024.000000,239235072.000000,1618350080.000000,0.000000,0.000000,0.000500,0.000000,0.000000,0.000000,0.007800,0.000000,0.009000,0.000000,0.000000,0.000000,0.000300,0.001100,0.002700,0.004800,0.000000
967,0.805352,0.784899,0.772200,0.698000,1356.000000,921434230.000000,1396318376.000000,257409024.000000,239235072.000000,1618350080.000000,0.000000,0.000000,0.000400,0.000000,0.000000,0.000000,0.007800,0.000000,0.008400,0.000000,0.000000,0.000000,0.000200,0.001100,0.002900,0.004700,0.000000
968,0.806144,0.807504,0.809900,0.730900,1356.000000,921434230.000000,1396318376.000000,257409024.000000,239235072.000000,1618350080.000000,0.000000,0.000000,0.000400,0.000000,0.000000,0.000000,0.010200,0.000000,0.008700,0.000000,0.000000,0.000000,0.000300,0.001200,0.003000,0.005300,0.000000
969,0.806845,0.712302,0.714800,0.640000,1356.000000,921438326.000000,1396318376.000000,257409024.000000,239239168.000000,1618350080.000000,0.000000,0.000000,0.000500,0.000000,0.000000,0.000000,0.008100,0.000000,0.008300,0.000000,0.000000,0.000000,0.000300,0.001200,0.002800,0.004800,0.000000
970,0.807557,0.710197,0.707200,0.636000,1356.000000,921442422.000000,1396318376.000000,257409024.000000,239243264.000000,1618350080.000000,0.000000,0.000000,0.000400,0.000000,0.000000,0.000000,0.007800,0.000000,0.008800,0.000000,0.000000,0.000000,0.000300,0.001100,0.002700,0.004600,0.000000
971,0.809010,1.430598,1.423400,1.351500,1356.000000,921442462.000000,1396318376.000000,257409024.000000,239243264.000000,1618350080.000000,0.000000,0.000000,0.548600,0.033800,0.008700,0.193100,0.007700,0.016600,0.012000,0.010000,0.017300,0.017300,0.000300,0.001200,0.002800,0.004600,0.000000
972,0.809742,0.745103,0.745200,0.668900,1356.000000,921442390.000000,1396318376.000000,257409024.000000,239243264.000000,1618350080.000000,0.000000,0.000000,0.000500,0.000000,0.000000,0.000000,0.009600,0.000000,0.010200,0.000000,0.000000,0.000000,0.000300,0.001200,0.002800,0.004800,0.000000
973,0.810572,0.818098,0.808900,0.732500,1356.000000,921442390.000000,1396318376.000000,257409024.000000,239243264.000000,1618350080.000000,0.000000,0.000000,0.000400,0.000000,0.000000,0.000000,0.008100,0.000000,0.009100,0.000000,0.000000,0.000000,0.000200,0.001200,0.002700,0.004800,0.000000
974,0.811349,0.784701,0.789100,0.707500,1356.000000,921442390.000000,1396318376.000000,257409024.000000,239243264.000000,1618350080.000000,0.000000,0.000000,0.000400,0.000000,0.000000,0.000000,0.009400,0.000000,0.009700,0.000000,0.000000,0.000000,0.000400,0.001300,0.003100,0.004900,0.000000
975,0.812119,0.780102,0.778400,0.704000,1356.000000,921442390.000000,1396318376.000000,257409024.000000,239243264.000000,1618350080.000000,0.000000,0.000000,0.000400,0.000000,0.000000,0.000000,0.007900,0.000000,0.008900,0.000000,0.000000,0.000000,0.000200,0.001300,0.002700,0.004800,0.000000
976,0.812853,0.734396,0.735900,0.662100,1356.000000,921450582.000000,1396318376.000000,257409024.000000,239251456.000000,1618350080.000000,0.000000,0.000000,0.000400,0.000000,0.000000,0.000000,0.008100,0.000000,0.009200,0.000000,0.000000,0.000000,0.000300,0.001200,0.002600,0.004600,0.000000
977,0.813578,0.728302,0.715400,0.645400,1356.000000,921450582.000000,1396318376.000000,257409024.000000,239251456.000000,1618350080.000000,0.000000,0.000000,0.000300,0.000000,0.000000,0.000000,0.008000,0.000000,0.008700,0.000000,0.000000,0.000000,0.000300,0.001200,0.002800,0.004600,0.000000
978,0.814296,0.713499,0.721000,0.639600,1356.000000,921450582.000000,1396318376.000000,257409024.000000,239251456.000000,1618350080.000000,0.000000,0.000000,0.000400,0.000000,0.000000,0.000000,0.007800,0.000000,0.008800,0.000000,0.000000,0.000000,0.000300,0.001200,0.002800,0.004700,0.000000
979,0.815709,1.222598,1.074400,0.997000,1356.000000,921450582.000000,1396318376.000000,257409024.000000,239251456.000000,1618350080.000000,0.000000,0.000000,0.000500,0.000000,0.000000,0.000000,0.008000,0.000000,0.010100,0.000000,0.000000,0.000000,0.000300,0.001100,0.002900,0.004500,0.000000
980,0.816740,1.198399,1.333300,1.116000,1356.000000,921450582.000000,1396318376.000000,257409024.000000,239251456.000000,1618350080.000000,0.000000,0.000000,0.000600,0.000000,0.000000,0.000000,0.011800,0.000000,0.019000,0.000000,0.000000,0.000000,0.000800,0.001500,0.004500,0.007300,0.000000
981,0.817676,0.942304,0.943900,0.862600,1356.000000,921450582.000000,1396318376.000000,257409024.000000,239251456.000000,1618350080.000000,0.000000,0.000000,0.000600,0.000000,0.000000,0.000000,0.009500,0.000000,0.091200,0.000000,0.000000,0.000000,0.000500,0.001200,0.003000,0.005300,0.000000
982,0.818437,0.768899,0.768600,0.691500,1356.000000,921454678.000000,1396318376.000000,257409024.000000,239255552.000000,1618350080.000000,0.000000,0.000000,0.000400,0.000000,0.000000,0.000000,0.009000,0.000000,0.009300,0.000000,0.000000,0.000000,0.000500,0.001300,0.002900,0.004800,0.000000
983,0.819207,0.773101,0.770400,0.696200,1356.000000,921454678.000000,1396318376.000000,257409024.000000,239255552.000000,1618350080.000000,0.000000,0.000000,0.000500,0.000000,0.000000,0.000000,0.008600,0.000000,0.009300,0.000000,0.000000,0.000000,0.000400,0.001200,0.003000,0.004800,0.000000
984,0.820000,0.778699,0.774000,0.698700,1356.000000,921454678.000000,1396318376.000000,257409024.000000,239255552.000000,1618350080.000000,0.000000,0.000000,0.000400,0.000000,0.000000,0.000000,0.008300,0.000000,0.009100,0.000000,0.000000,0.000000,0.000400,0.001200,0.002600,0.004600,0.000000
985,0.821207,1.148902,1.144300,1.062300,1356.000000,921454678.000000,1396318376.000000,257409024.000000,239255552.000000,1618350080.000000,0.000000,0.000000,0.000500,0.000000,0.000000,0.000000,0.009000,0.000000,0.009200,0.000000,0.000000,0.000000,0.000400,0.001300,0.002600,0.004900,0.000000
986,0.822037,0.902601,0.893900,0.813600,1356.000000,921454678.000000,1396318376.000000,257409024.000000,239255552.000000,1618350080.000000,0.000000,0.000000,0.000500,0.000000,0.000000,0.000000,0.009300,0.000000,0.009600,0.000000,0.000000,0.000000,0.000500,0.001300,0.003700,0.005500,0.000000
987,0.822805,0.769296,0.781600,0.695300,1356.000000,921454678.000000,1396318376.000000,257409024.000000,239255552.000000,1618350080.000000,0.000000,0.000000,0.000500,0.000000,0.000000,0.000000,0.007900,0.000000,0.009300,0.000000,0.000000,0.000000,0.000300,0.001100,0.002800,0.004700,0.000000
988,0.823564,0.762706,0.738800,0.666500,1356.000000,921458774.000000,1396318376.000000,257409024.000000,239259648.000000,1618350080.000000,0.000000,0.000000,0.000400,0.000000,0.000000,0.000000,0.008000,0.000000,0.008600,0.000000,0.000000,0.000000,0.000300,0.001200,0.002800,0.004600,0.000000
989,0.824322,0.744593,0.766600,0.673400,1356.000000,921458774.000000,1396318376.000000,257409024.000000,239259648.000000,1618350080.000000,0.000000,0.000000,0.000500,0.000000,0.000000,0.000000,0.008200,0.000000,0.009000,0.000000,0.000000,0.000000,0.000200,0.001200,0.002600,0.004500,0.000000
990,0.826037,1.659503,1.608600,1.530000,1356.000000,921459230.000000,1396318376.000000,257409024.000000,239259648.000000,1618350080.000000,0.000000,0.000000,0.620200,0.032600,0.008500,0.162800,0.007800,0.016500,0.073500,0.010500,0.017000,0.010800,0.000200,0.001200,0.003100,0.005100,0.000000
991,0.827106,1.118502,1.152800,1.043300,1356.000000,921453870.000000,1396318376.000000,257409024.000000,239263744.000000,1618350080.000000,0.000000,0.000000,0.000500,0.000000,0.000000,0.000000,0.010300,0.000000,0.009400,0.000000,0.000000,0.000000,0.000500,0.001200,0.003800,0.004800,0.000000
992,0.827897,0.802898,0.810400,0.728200,1356.000000,921453870.000000,1396318376.000000,257409024.000000,239263744.000000,1618350080.000000,0.000000,0.000000,0.000400,0.000000,0.000000,0.000000,0.009000,0.000000,0.064200,0.000000,0.000000,0.000000,0.000300,0.001200,0.003300,0.005000,0.000000
993,0.828670,0.778104,0.777600,0.706000,1356.000000,921457966.000000,1396318376.000000,257409024.000000,239267840.000000,1618350080.000000,0.000000,0.000000,0.000400,0.000000,0.000000,0.000000,0.008100,0.000000,0.009700,0.000000,0.000000,0.000000,0.000400,0.001200,0.003000,0.004600,0.000000
994,0.829370,0.710197,0.704800,0.635100,1356.000000,921457966.000000,1396318376.000000,257409024.000000,239267840.000000,1618350080.000000,0.000000,0.000000,0.000400,0.000000,0.000000,0.000000,0.007700,0.000000,0.009200,0.000000,0.000000,0.000000,0.000300,0.001100,0.003000,0.004500,0.000000
995,0.830376,0.841298,0.837500,0.761400,1356.000000,921462062.000000,1396318376.000000,257409024.000000,239271936.000000,1618350080.000000,0.000000,0.000000,0.000300,0.000000,0.000000,0.000000,0.007600,0.000000,0.073200,0.000000,0.000000,0.000000,0.000400,0.001100,0.002500,0.004300,0.000000
996,0.831345,1.118098,1.118300,1.042400,1356.000000,921462062.000000,1396318376.000000,257409024.000000,239271936.000000,1618350080.000000,0.000000,0.000000,0.000500,0.000000,0.000000,0.000000,0.009100,0.000000,0.009400,0.000000,0.000000,0.000000,0.000500,0.001500,0.003900,0.005600,0.000000
997,0.832065,0.729004,0.729300,0.655800,1356.000000,921462062.000000,1396318376.000000,257409024.000000,239271936.000000,1618350080.000000,0.000000,0.000000,0.000400,0.000000,0.000000,0.000000,0.008400,0.000000,0.010000,0.000000,0.000000,0.000000,0.000400,0.001400,0.002700,0.004900,0.000000
998,0.833025,0.955499,0.950700,0.878900,1356.000000,921471798.000000,1396318376.000000,257409024.000000,239271936.000000,1618350080.000000,0.000000,0.000000,0.000500,0.000000,0.000000,0.000000,0.007500,0.000000,0.075900,0.000000,0.000000,0.000000,0.000300,0.001100,0.002600,0.004600,0.000000
999,0.833826,0.801601,0.800600,0.727200,1356.000000,921472846.000000,1396318376.000000,257409024.000000,239271936.000000,1618350080.000000,0.000000,0.000000,0.000500,0.000000,0.000000,0.000000,0.008400,0.000000,0.009400,0.000000,0.000000,0.000000,0.000300,0.001100,0.002600,0.004700,0.000000
1000,0.834565,0.741901,0.742700,0.670600,1356.000000,921472846.000000,1396318376.000000,257409024.000000,239271936.000000,1618350080.000000,0.000000,0.000000,0.000500,0.000000,0.000000,0.000000,0.008200,0.000000,0.014800,0.000000,0.000000,0.000000,0.000300,0.001100,0.002600,0.004700,0.000000
1001,0.835419,0.839796,0.830000,0.757300,1356.000000,921476942.000000,1396318376.000000,257409024.000000,239276032.000000,1618350080.000000,0.000000,0.000000,0.000400,0.000000,0.000000,0.000000,0.007500,0.000000,0.008300,0.000000,0.000000,0.000000,0.000200,0.001200,0.002600,0.004600,0.000000
1002,0.836447,1.038301,1.038500,0.960600,1356.000000,921476942.000000,1396318376.000000,257409024.000000,239276032.000000,1618350080.000000,0.000000,0.000000,0.000400,0.000000,0.000000,0.000000,0.008700,0.000000,0.008800,0.000000,0.000000,0.000000,0.000300,0.001200,0.003000,0.004800,0.000000
1003,0.837175,0.734403,0.737300,0.663200,1356.000000,921476942.000000,1396318376.000000,257409024.000000,239276032.000000,1618350080.000000,0.000000,0.000000,0.000500,0.000000,0.000000,0.000000,0.007900,0.000000,0.009900,0.000000,0.000000,0.000000,0.000400,0.001300,0.002800,0.004700,0.000000
1004,0.837884,0.704698,0.700500,0.631100,1356.000000,921476942.000000,1396318376.000000,257409024.000000,239276032.000000,1618350080.000000,0.000000,0.000000,0.000400,0.000000,0.000000,0.000000,0.007600,0.000000,0.008900,0.000000,0.000000,0.000000,0.000200,0.001100,0.002900,0.004300,0.000000
1005,0.838593,0.715101,0.716300,0.645100,1356.000000,921481038.000000,1396318376.000000,257409024.000000,239280128.000000,1618350080.000000,0.000000,0.000000,0.000400,0.000000,0.000000,0.000000,0.008100,0.000000,0.009200,0.000000,0.000000,0.000000,0.000400,0.001100,0.002700,0.004700,0.000000
1006,0.839281,0.690200,0.688400,0.620400,1356.000000,921481038.000000,1396318376.000000,257409024.000000,239280128.000000,1618350080.000000,0.000000,0.000000,0.000400,0.000000,0.000000,0.000000,0.007600,0.000000,0.010200,0.000000,0.000000,0.000000,0.000200,0.001000,0.002800,0.004600,0.000000
1007,0.840123,0.830804,0.819000,0.750000,1356.000000,921481086.000000,1396318376.000000,257409024.000000,239280128.000000,1618350080.000000,0.000000,0.000000,0.000500,0.000000,0.000000,0.000000,0.007400,0.000000,0.008200,0.000000,0.000000,0.000000,0.000300,0.001100,0.002600,0.004400,0.000000
1008,0.840910,0.794700,0.797900,0.720300,1356.000000,921485214.000000,1396318376.000000,257409024.000000,239284224.000000,1618350080.000000,0.000000,0.000000,0.000500,0.000000,0.000000,0.000000,0.008200,0.000000,0.008400,0.000000,0.000000,0.000000,0.000300,0.001500,0.002800,0.004700,0.000000
1009,0.842168,1.238797,1.236400,1.163000,1356.000000,921485406.000000,1396318376.000000,257409024.000000,239284224.000000,1618350080.000000,0.000000,0.000000,0.491200,0.032500,0.008300,0.140300,0.007400,0.015900,0.012200,0.009700,0.016400,0.017200,0.000300,0.001300,0.002600,0.004700,0.000000
1010,0.842895,0.745203,0.744000,0.670800,1356.000000,921489430.000000,1396318376.000000,257409024.000000,239288320.000000,1618350080.000000,0.000000,0.000000,0.000500,0.000000,0.000000,0.000000,0.009100,0.000000,0.009600,0.000000,0.000000,0.000000,0.000300,0.001100,0.002800,0.004600,0.000000
1011,0.843589,0.699001,0.697900,0.626800,1356.000000,921489430.000000,1396318376.000000,257409024.000000,239288320.000000,1618350080.000000,0.000000,0.000000,0.000500,0.000000,0.000000,0.000000,0.007900,0.000000,0.008700,0.000000,0.000000,0.000000,0.000300,0.001100,0.002600,0.004600,0.000000
1012,0.844291,0.685998,0.686000,0.615600,1356.000000,921493526.000000,1396318376.000000,257409024.000000,239292416.000000,1618350080.000000,0.000000,0.000000,0.000400,0.000000,0.000000,0.000000,0.007600,0.000000,0.008600,0.000000,0.000000,0.000000,0.000200,0.001000,0.002600,0.004400,0.000000
1013,0.845125,0.828600,0.822800,0.752800,1356.000000,921493526.000000,1396318376.000000,257409024.000000,239292416.000000,1618350080.000000,0.000000,0.000000,0.000400,0.000000,0.000000,0.000000,0.007600,0.000000,0.008400,0.000000,0.000000,0.000000,0.000200,0.001100,0.002600,0.004600,0.000000
1014,0.845955,0.847300,0.844800,0.771900,1356.000000,921497622.000000,1396318376.000000,257409024.000000,239296512.000000,1618350080.000000,0.000000,0.000000,0.000500,0.000000,0.000000,0.000000,0.008900,0.000000,0.009700,0.000000,0.000000,0.000000,0.000400,0.001300,0.003100,0.005400,0.000000
1015,0.846741,0.791801,0.794000,0.721700,1356.000000,921497622.000000,1396318376.000000,257409024.000000,239296512.000000,1618350080.000000,0.000000,0.000000,0.000500,0.000000,0.000000,0.000000,0.008100,0.000000,0.008600,0.000000,0.000000,0.000000,0.000300,0.001100,0.002800,0.004600,0.000000
1016,0.847490,0.751899,0.751800,0.684000,1356.000000,921497622.000000,1396318376.000000,257409024.000000,239296512.000000,1618350080.000000,0.000000,0.000000,0.000400,0.000000,0.000000,0.000000,0.007500,0.000000,0.008600,0.000000,0.000000,0.000000,0.000200,0.001200,0.002500,0.004600,0.000000
1017,0.848217,0.719799,0.712600,0.645500,1356.000000,921497622.000000,1396318376.000000,257409024.000000,239296512.000000,1618350080.000000,0.000000,0.000000,0.000400,0.000000,0.000000,0.000000,0.007300,0.000000,0.009300,0.000000,0.000000,0.000000,0.000300,0.001200,0.002500,0.004400,0.000000
1018,0.848967,0.752197,0.752200,0.680800,1356.000000,921497622.000000,1396318376.000000,257409024.000000,239296512.000000,1618350080.000000,0.000000,0.000000,0.000500,0.000000,0.000000,0.000000,0.008000,0.000000,0.008700,0.000000,0.000000,0.000000,0.000400,0.001100,0.002500,0.004400,0.000000
1019,0.849776,0.762004,0.747000,0.672500,1356.000000,921497622.000000,1396318376.000000,257409024.000000,239296512.000000,1618350080.000000,0.000000,0.000000,0.000400,0.000000,0.000000,0.000000,0.007700,0.000000,0.008800,0.000000,0.000000,0.000000,0.000300,0.001100,0.002600,0.004600,0.000000
1020,0.850883,1.113400,1.101000,1.012400,1356.000000,921501718.000000,1396318376.000000,257409024.000000,239300608.000000,1618350080.000000,0.000000,0.000000,0.000500,0.000000,0.000000,0.000000,0.009200,0.000000,0.009200,0.000000,0.000000,0.000000,0.000700,0.001600,0.003600,0.005800,0.000000
1021,0.851743,0.878997,0.890900,0.798000,1356.000000,921501718.000000,1396318376.000000,257409024.000000,239300608.000000,1618350080.000000,0.000000,0.000000,0.000500,0.000000,0.000000,0.000000,0.010000,0.000000,0.010200,0.000000,0.000000,0.000000,0.000600,0.001200,0.003200,0.005600,0.000000
1022,0.852501,0.770302,0.775300,0.697400,1356.000000,921501718.000000,1396318376.000000,257409024.000000,239300608.000000,1618350080.000000,0.000000,0.000000,0.000500,0.000000,0.000000,0.000000,0.009200,0.000000,0.010200,0.000000,0.000000,0.000000,0.000500,0.001200,0.002800,0.004700,0.000000
1023,0.853209,0.713903,0.714300,0.643800,1356.000000,921501718.000000,1396318376.000000,257409024.000000,239300608.000000,1618350080.000000,0.000000,0.000000,0.000400,0.000000,0.000000,0.000000,0.008000,0.000000,0.010100,0.000000,0.000000,0.000000,0.000400,0.001100,0.002800,0.004400,0.000000
1024,0.853901,0.692999,0.691300,0.622800,1356.000000,921501718.000000,1396318376.000000,257409024.000000,239300608.000000,1618350080.000000,0.000000,0.000000,0.000400,0.000000,0.000000,0.000000,0.007800,0.000000,0.008400,0.000000,0.000000,0.000000,0.000200,0.001200,0.002600,0.004500,0.000000
1025,0.854616,0.716596,0.707100,0.639100,1356.000000,921501718.000000,1396318376.000000,257409024.000000,239300608.000000,1618350080.000000,0.000000,0.000000,0.000500,0.000000,0.000000,0.000000,0.007700,0.000000,0.008400,0.000000,0.000000,0.000000,0.000200,0.001000,0.002700,0.004500,0.000000
1026,0.855589,0.939803,0.927100,0.845400,1356.000000,921501718.000000,1396318376.000000,257409024.000000,239300608.000000,1618350080.000000,0.000000,0.000000,0.000500,0.000000,0.000000,0.000000,0.007600,0.000000,0.098700,0.000000,0.000000,0.000000,0.000300,0.001000,0.002600,0.004700,0.000000
1027,0.856454,0.881597,0.889900,0.802400,1356.000000,921509910.000000,1396318376.000000,257409024.000000,239308800.000000,1618350080.000000,0.000000,0.000000,0.000400,0.000000,0.000000,0.000000,0.009500,0.000000,0.015800,0.000000,0.000000,0.000000,0.000400,0.001300,0.002900,0.005100,0.000000
1028,0.857268,0.813903,0.813100,0.736400,1356.000000,921509910.000000,1396318376.000000,257409024.000000,239308800.000000,1618350080.000000,0.000000,0.000000,0.000400,0.000000,0.000000,0.000000,0.008600,0.000000,0.061400,0.000000,0.000000,0.000000,0.000400,0.001200,0.002800,0.004800,0.000000
1029,0.858544,1.272300,1.271300,1.196700,1356.000000,921510294.000000,1396318376.000000,257409024.000000,239308800.000000,1618350080.000000,0.000000,0.000000,0.512700,0.034700,0.008300,0.164900,0.008600,0.015900,0.011200,0.009700,0.016300,0.017300,0.000400,0.001200,0.003000,0.004600,0.000000
1030,0.859262,0.729897,0.730400,0.657700,1356.000000,921511590.000000,1396318376.000000,257409024.000000,239308800.000000,1618350080.000000,0.000000,0.000000,0.000400,0.000000,0.000000,0.000000,0.009300,0.000000,0.009600,0.000000,0.000000,0.000000,0.000300,0.001100,0.002700,0.004500,0.000000
1031,0.860004,0.741001,0.738000,0.667200,1356.000000,921511622.000000,1396318376.000000,257409024.000000,239308800.000000,1618350080.000000,0.000000,0.000000,0.000500,0.000000,0.000000,0.000000,0.007900,0.000000,0.009200,0.000000,0.000000,0.000000,0.000400,0.001200,0.002700,0.004500,0.000000
1032,0.860997,0.971400,0.960400,0.885700,1356.000000,921511622.000000,1396318376.000000,257409024.000000,239308800.000000,1618350080.000000,0.000000,0.000000,0.000400,0.000000,0.000000,0.000000,0.008300,0.000000,0.010300,0.000000,0.000000,0.000000,0.000200,0.001200,0.002800,0.004900,0.000000
1033,0.861745,0.770500,0.776300,0.696200,1356.000000,921519814.000000,1396318376.000000,257409024.000000,239316992.000000,1618350080.000000,0.000000,0.000000,0.000500,0.000000,0.000000,0.000000,0.009300,0.000000,0.009200,0.000000,0.000000,0.000000,0.000300,0.001200,0.003300,0.005000,0.000000
1034,0.862440,0.704705,0.706100,0.634000,1356.000000,921519814.000000,1396318376.000000,257409024.000000,239316992.000000,1618350080.000000,0.000000,0.000000,0.000500,0.000000,0.000000,0.000000,0.008000,0.000000,0.009200,0.000000,0.000000,0.000000,0.000300,0.001200,0.002900,0.004700,0.000000
1035,0.863169,0.730598,0.728700,0.659600,1356.000000,921519814.000000,1396318376.000000,257409024.000000,239316992.000000,1618350080.000000,0.000000,0.000000,0.000400,0.000000,0.000000,0.000000,0.007900,0.000000,0.011300,0.000000,0.000000,0.000000,0.000200,0.001600,0.002700,0.004400,0.000000
1036,0.863918,0.728302,0.698100,0.629800,1356.000000,921519814.000000,1396318376.000000,257409024.000000,239316992.000000,1618350080.000000,0.000000,0.000000,0.000500,0.000000,0.000000,0.000000,0.007800,0.000000,0.009200,0.000000,0.000000,0.000000,0.000300,0.001100,0.002700,0.004500,0.000000
1037,0.864657,0.750397,0.768100,0.673000,1356.000000,921519814.000000,1396318376.000000,257409024.000000,239316992.000000,1618350080.000000,0.000000,0.000000,0.000400,0.000000,0.000000,0.000000,0.007800,0.000000,0.009000,0.000000,0.000000,0.000000,0.000400,0.001100,0.002500,0.004600,0.000000
1038,0.865618,0.879301,0.773600,0.695300,1356.000000,921519814.000000,1396318376.000000,257409024.000000,239316992.000000,1618350080.000000,0.000000,0.000000,0.000400,0.000000,0.000000,0.000000,0.008600,0.000000,0.008900,0.000000,0.000000,0.000000,0.000300,0.001200,0.002500,0.004500,0.000000
1039,0.866469,0.927402,1.029100,0.854200,1356.000000,921519814.000000,1396318376.000000,257409024.000000,239316992.000000,1618350080.000000,0.000000,0.000000,0.000400,0.000000,0.000000,0.000000,0.014600,0.000000,0.010200,0.000000,0.000000,0.000000,0.000400,0.001200,0.003300,0.005500,0.000000
1040,0.867226,0.764796,0.767200,0.690700,1356.000000,921523910.000000,1396318376.000000,257409024.000000,239321088.000000,1618350080.000000,0.000000,0.000000,0.000400,0.000000,0.000000,0.000000,0.008500,0.000000,0.008700,0.000000,0.000000,0.000000,0.000200,0.001000,0.002800,0.004600,0.000000
1041,0.868037,0.808298,0.809100,0.736300,1356.000000,921523958.000000,1396318376.000000,257409024.000000,239321088.000000,1618350080.000000,0.000000,0.000000,0.000400,0.000000,0.000000,0.000000,0.008000,0.000000,0.008800,0.000000,0.000000,0.000000,0.000300,0.001100,0.002800,0.004500,0.000000
1042,0.868742,0.711699,0.711500,0.642300,1356.000000,921523958.000000,1396318376.000000,257409024.000000,239321088.000000,1618350080.000000,0.000000,0.000000,0.000400,0.000000,0.000000,0.000000,0.007900,0.000000,0.009400,0.000000,0.000000,0.000000,0.000300,0.001100,0.002800,0.003900,0.000000
1043,0.869441,0.702402,0.700700,0.633700,1356.000000,921523958.000000,1396318376.000000,257409024.000000,239321088.000000,1618350080.000000,0.000000,0.000000,0.000500,0.000000,0.000000,0.000000,0.007500,0.000000,0.008700,0.000000,0.000000,0.000000,0.000200,0.001200,0.002700,0.004500,0.000000
1044,0.870211,0.747902,0.739600,0.671500,1356.000000,921528086.000000,1396318376.000000,257409024.000000,239325184.000000,1618350080.000000,0.000000,0.000000,0.000400,0.000000,0.000000,0.000000,0.007400,0.000000,0.008600,0.000000,0.000000,0.000000,0.000200,0.001100,0.002500,0.004400,0.000000
1045,0.871003,0.800595,0.796700,0.722200,1356.000000,921528086.000000,1396318376.000000,257409024.000000,239325184.000000,1618350080.000000,0.000000,0.000000,0.000500,0.000000,0.000000,0.000000,0.009000,0.000000,0.008500,0.000000,0.000000,0.000000,0.000400,0.001400,0.003200,0.004900,0.000000
1046,0.871714,0.727905,0.733900,0.659400,1356.000000,921532182.000000,1396318376.000000,257409024.000000,239329280.000000,1618350080.000000,0.000000,0.000000,0.000500,0.000000,0.000000,0.000000,0.008300,0.000000,0.008800,0.000000,0.000000,0.000000,0.000300,0.001200,0.002600,0.004500,0.000000
1047,0.872395,0.679500,0.676700,0.610200,1356.000000,921532182.000000,1396318376.000000,257409024.000000,239329280.000000,1618350080.000000,0.000000,0.000000,0.000400,0.000000,0.000000,0.000000,0.007600,0.000000,0.008600,0.000000,0.000000,0.000000,0.000300,0.001000,0.002300,0.004300,0.000000
1048,0.873099,0.699497,0.697200,0.628600,1356.000000,921532182.000000,1396318376.000000,257409024.000000,239329280.000000,1618350080.000000,0.000000,0.000000,0.000400,0.000000,0.000000,0.000000,0.007500,0.000000,0.009600,0.000000,0.000000,0.000000,0.000300,0.001000,0.002500,0.004300,0.000000
1049,0.873778,0.683099,0.681800,0.613900,1356.000000,921532182.000000,1396318376.000000,257409024.000000,239329280.000000,1618350080.000000,0.000000,0.000000,0.000400,0.000000,0.000000,0.000000,0.007700,0.000000,0.009700,0.000000,0.000000,0.000000,0.000200,0.001100,0.002500,0.004400,0.000000
1050,0.875165,1.341199,1.329300,1.257300,1356.000000,921532350.000000,1396318376.000000,257409024.000000,239329280.000000,1618350080.000000,0.000000,0.000000,0.486200,0.032800,0.008600,0.140200,0.007300,0.015400,0.010900,0.010200,0.016600,0.010200,0.000200,0.001100,0.002400,0.004200,0.000000
1051,0.876015,0.870103,0.867600,0.789000,1356.000000,921532278.000000,1396318376.000000,257409024.000000,239329280.000000,1618350080.000000,0.000000,0.000000,0.000400,0.000000,0.000000,0.000000,0.010400,0.000000,0.010600,0.000000,0.000000,0.000000,0.000600,0.001500,0.003200,0.005500,0.000000
1052,0.876742,0.743502,0.747600,0.670500,1356.000000,921536374.000000,1396318376.000000,257409024.000000,239333376.000000,1618350080.000000,0.000000,0.000000,0.000500,0.000000,0.000000,0.000000,0.008300,0.000000,0.009300,0.000000,0.000000,0.000000,0.000400,0.001200,0.003000,0.004700,0.000000
1053,0.877496,0.760799,0.761700,0.690600,1356.000000,921536374.000000,1396318376.000000,257409024.000000,239333376.000000,1618350080.000000,0.000000,0.000000,0.000400,0.000000,0.000000,0.000000,0.007700,0.000000,0.008400,0.000000,0.000000,0.000000,0.000300,0.001200,0.002800,0.004400,0.000000
1054,0.878186,0.689101,0.687700,0.619800,1356.000000,921536374.000000,1396318376.000000,257409024.000000,239333376.000000,1618350080.000000,0.000000,0.000000,0.000500,0.000000,0.000000,0.000000,0.007500,0.000000,0.008600,0.000000,0.000000,0.000000,0.000300,0.001100,0.002800,0.004400,0.000000
1055,0.878879,0.696499,0.695400,0.628300,1356.000000,921540470.000000,1396318376.000000,257409024.000000,239337472.000000,1618350080.000000,0.000000,0.000000,0.000400,0.000000,0.000000,0.000000,0.007500,0.000000,0.008800,0.000000,0.000000,0.000000,0.000300,0.001100,0.002600,0.004300,0.000000
1056,0.879571,0.682596,0.680200,0.614300,1356.000000,921540470.000000,1396318376.000000,257409024.000000,239337472.000000,1618350080.000000,0.000000,0.000000,0.000400,0.000000,0.000000,0.000000,0.007200,0.000000,0.009200,0.000000,0.000000,0.000000,0.000300,0.001100,0.002600,0.004400,0.000000
1057,0.880376,0.787004,0.774200,0.704300,1356.000000,921540470.000000,1396318376.000000,257409024.000000,239337472.000000,1618350080.000000,0.000000,0.000000,0.000400,0.000000,0.000000,0.000000,0.007500,0.000000,0.009600,0.000000,0.000000,0.000000,0.000300,0.001400,0.002800,0.004500,0.000000
1058,0.881139,0.780499,0.778900,0.700000,1356.000000,921540470.000000,1396318376.000000,257409024.000000,239337472.000000,1618350080.000000,0.000000,0.000000,0.000400,0.000000,0.000000,0.000000,0.009500,0.000000,0.009600,0.000000,0.000000,0.000000,0.000400,0.001300,0.002900,0.005200,0.000000
1059,0.881868,0.738896,0.747600,0.671100,1356.000000,921544566.000000,1396318376.000000,257409024.000000,239341568.000000,1618350080.000000,0.000000,0.000000,0.000500,0.000000,0.000000,0.000000,0.007900,0.000000,0.008500,0.000000,0.000000,0.000000,0.000300,0.001100,0.002800,0.004600,0.000000
1060,0.882589,0.719005,0.716000,0.649500,1356.000000,921544566.000000,1396318376.000000,257409024.000000,239341568.000000,1618350080.000000,0.000000,0.000000,0.000500,0.000000,0.000000,0.000000,0.007500,0.000000,0.008100,0.000000,0.000000,0.000000,0.000200,0.001000,0.002500,0.004300,0.000000
1061,0.883291,0.697796,0.693600,0.626000,1356.000000,921548662.000000,1396318376.000000,257409024.000000,239345664.000000,1618350080.000000,0.000000,0.000000,0.000400,0.000000,0.000000,0.000000,0.007400,0.000000,0.008400,0.000000,0.000000,0.000000,0.000200,0.001100,0.002500,0.004300,0.000000
1062,0.884000,0.698604,0.696600,0.627700,1356.000000,921548662.000000,1396318376.000000,257409024.000000,239345664.000000,1618350080.000000,0.000000,0.000000,0.000400,0.000000,0.000000,0.000000,0.007700,0.000000,0.008300,0.000000,0.000000,0.000000,0.000300,0.001000,0.002600,0.004500,0.000000
1063,0.884702,0.711196,0.706800,0.637800,1356.000000,921548662.000000,1396318376.000000,257409024.000000,239345664.000000,1618350080.000000,0.000000,0.000000,0.000500,0.000000,0.000000,0.000000,0.007500,0.000000,0.008700,0.000000,0.000000,0.000000,0.000300,0.001100,0.002600,0.004300,0.000000
1064,0.885623,0.887302,0.873200,0.796500,1356.000000,921548662.000000,1396318376.000000,257409024.000000,239345664.000000,1618350080.000000,0.000000,0.000000,0.000500,0.000000,0.000000,0.000000,0.007600,0.000000,0.008000,0.000000,0.000000,0.000000,0.000200,0.001200,0.002700,0.004400,0.000000
1065,0.886560,0.953600,0.959300,0.874700,1356.000000,921552758.000000,1396318376.000000,257409024.000000,239349760.000000,1618350080.000000,0.000000,0.000000,0.000500,0.000000,0.000000,0.000000,0.010200,0.000000,0.078500,0.000000,0.000000,0.000000,0.000600,0.001300,0.002800,0.005100,0.000000
1066,0.887296,0.748002,0.751700,0.675500,1356.000000,921552758.000000,1396318376.000000,257409024.000000,239349760.000000,1618350080.000000,0.000000,0.000000,0.000400,0.000000,0.000000,0.000000,0.008500,0.000000,0.010800,0.000000,0.000000,0.000000,0.000300,0.001100,0.002800,0.004900,0.000000
1067,0.888060,0.766794,0.765800,0.695700,1356.000000,921552758.000000,1396318376.000000,257409024.000000,239349760.000000,1618350080.000000,0.000000,0.000000,0.000400,0.000000,0.000000,0.000000,0.008300,0.000000,0.076400,0.000000,0.000000,0.000000,0.000300,0.001100,0.002600,0.004500,0.000000
1068,0.888840,0.774802,0.767700,0.698400,1356.000000,921552758.000000,1396318376.000000,257409024.000000,239349760.000000,1618350080.000000,0.000000,0.000000,0.000400,0.000000,0.000000,0.000000,0.008000,0.000000,0.009400,0.000000,0.000000,0.000000,0.000300,0.001200,0.002700,0.004600,0.000000
1069,0.889567,0.724100,0.725900,0.651900,1356.000000,921556854.000000,1396318376.000000,257409024.000000,239353856.000000,1618350080.000000,0.000000,0.000000,0.000500,0.000000,0.000000,0.000000,0.008600,0.000000,0.010000,0.000000,0.000000,0.000000,0.000500,0.001100,0.002600,0.004400,0.000000
1070,0.890618,1.026998,1.012600,0.937600,1356.000000,921546070.000000,1396318376.000000,257409024.000000,239353856.000000,1618350080.000000,0.000000,0.000000,0.000500,0.000000,0.000000,0.000000,0.008300,0.000000,0.037300,0.000000,0.000000,0.000000,0.000200,0.001200,0.002700,0.004800,0.000000
1071,0.891939,1.330804,1.328600,1.235300,1356.000000,921546214.000000,1396318376.000000,257409024.000000,239353856.000000,1618350080.000000,0.000000,0.000000,0.502200,0.032700,0.008900,0.145400,0.010300,0.016400,0.011400,0.010300,0.016300,0.016800,0.000400,0.001500,0.003200,0.005100,0.000000
1072,0.892686,0.766298,0.775700,0.693800,1356.000000,921550238.000000,1396318376.000000,257409024.000000,239357952.000000,1618350080.000000,0.000000,0.000000,0.000400,0.000000,0.000000,0.000000,0.009100,0.000000,0.009300,0.000000,0.000000,0.000000,0.000200,0.001100,0.003200,0.005000,0.000000
1073,0.893384,0.707901,0.707600,0.637200,1356.000000,921550238.000000,1396318376.000000,257409024.000000,239357952.000000,1618350080.000000,0.000000,0.000000,0.000400,0.000000,0.000000,0.000000,0.008300,0.000000,0.009900,0.000000,0.000000,0.000000,0.000400,0.001200,0.002500,0.004400,0.000000
1074,0.894072,0.687698,0.686400,0.618100,1356.000000,921550238.000000,1396318376.000000,257409024.000000,239357952.000000,1618350080.000000,0.000000,0.000000,0.000400,0.000000,0.000000,0.000000,0.007500,0.000000,0.009000,0.000000,0.000000,0.000000,0.000400,0.001100,0.002600,0.004500,0.000000
1075,0.894768,0.694799,0.692800,0.624900,1356.000000,921550238.000000,1396318376.000000,257409024.000000,239357952.000000,1618350080.000000,0.000000,0.000000,0.000400,0.000000,0.000000,0.000000,0.007400,0.000000,0.010000,0.000000,0.000000,0.000000,0.000200,0.001100,0.002800,0.004400,0.000000
1076,0.895638,0.843502,0.830700,0.757600,1356.000000,921554342.000000,1396318376.000000,257409024.000000,239362048.000000,1618350080.000000,0.000000,0.000000,0.000500,0.000000,0.000000,0.000000,0.007600,0.000000,0.009100,0.000000,0.000000,0.000000,0.000300,0.001600,0.002700,0.004400,0.000000
1077,0.896457,0.831902,0.836500,0.756600,1356.000000,921554342.000000,1396318376.000000,257409024.000000,239362048.000000,1618350080.000000,0.000000,0.000000,0.000400,0.000000,0.000000,0.000000,0.009300,0.000000,0.009400,0.000000,0.000000,0.000000,0.000600,0.001300,0.002900,0.005100,0.000000
1078,0.897165,0.720897,0.720700,0.648800,1356.000000,921562534.000000,1396318376.000000,257409024.000000,239370240.000000,1618350080.000000,0.000000,0.000000,0.000400,0.000000,0.000000,0.000000,0.007900,0.000000,0.009100,0.000000,0.000000,0.000000,0.000400,0.001400,0.002800,0.004700,0.000000
1079,0.897882,0.713804,0.712300,0.642400,1356.000000,921562686.000000,1396318376.000000,257409024.000000,239370240.000000,1618350080.000000,0.000000,0.000000,0.000400,0.000000,0.000000,0.000000,0.007700,0.000000,0.009200,0.000000,0.000000,0.000000,0.000200,0.001100,0.002600,0.004500,0.000000
1080,0.898587,0.708999,0.706700,0.637500,1356.000000,921563414.000000,1396318376.000000,257409024.000000,239370240.000000,1618350080.000000,0.000000,0.000000,0.000400,0.000000,0.000000,0.000000,0.007700,0.000000,0.009500,0.000000,0.000000,0.000000,0.000200,0.001200,0.002800,0.004600,0.000000
1081,0.899296,0.699702,0.696900,0.626800,1356.000000,921563414.000000,1396318376.000000,257409024.000000,239370240.000000,1618350080.000000,0.000000,0.000000,0.000400,0.000000,0.000000,0.000000,0.007400,0.000000,0.008700,0.000000,0.000000,0.000000,0.000200,0.001200,0.002900,0.004700,0.000000
1082,0.900092,0.789796,0.784700,0.713100,1356.000000,921563454.000000,1396318376.000000,257409024.000000,239370240.000000,1618350080.000000,0.000000,0.000000,0.000400,0.000000,0.000000,0.000000,0.007900,0.000000,0.008500,0.000000,0.000000,0.000000,0.000400,0.001000,0.002700,0.004500,0.000000
1083,0.900859,0.776098,0.774700,0.700100,1356.000000,921563454.000000,1396318376.000000,257409024.000000,239370240.000000,1618350080.000000,0.000000,0.000000,0.000500,0.000000,0.000000,0.000000,0.009100,0.000000,0.008900,0.000000,0.000000,0.000000,0.000400,0.001200,0.002900,0.005000,0.000000
1084,0.901577,0.723200,0.726200,0.653800,1356.000000,921567550.000000,1396318376.000000,257409024.000000,239374336.000000,1618350080.000000,0.000000,0.000000,0.000500,0.000000,0.000000,0.000000,0.007700,0.000000,0.008400,0.000000,0.000000,0.000000,0.000200,0.001100,0.002400,0.004700,0.000000
1085,0.902382,0.790299,0.708200,0.641100,1356.000000,921567550.000000,1396318376.000000,257409024.000000,239374336.000000,1618350080.000000,0.000000,0.000000,0.000500,0.000000,0.000000,0.000000,0.007600,0.000000,0.009100,0.000000,0.000000,0.000000,0.000200,0.001100,0.002500,0.004500,0.000000
1086,0.903172,0.796705,0.871000,0.724700,1356.000000,921567550.000000,1396318376.000000,257409024.000000,239374336.000000,1618350080.000000,0.000000,0.000000,0.000500,0.000000,0.000000,0.000000,0.009000,0.000000,0.008900,0.000000,0.000000,0.000000,0.000500,0.001200,0.002600,0.004500,0.000000
1087,0.903962,0.777501,0.776300,0.704500,1356.000000,921567550.000000,1396318376.000000,257409024.000000,239374336.000000,1618350080.000000,0.000000,0.000000,0.000400,0.000000,0.000000,0.000000,0.008300,0.000000,0.009000,0.000000,0.000000,0.000000,0.000400,0.001100,0.002900,0.004500,0.000000
1088,0.904900,0.893098,0.887000,0.813800,1356.000000,921567566.000000,1396318376.000000,257409024.000000,239374336.000000,1618350080.000000,0.000000,0.000000,0.000400,0.000000,0.000000,0.000000,0.008100,0.000000,0.008900,0.000000,0.000000,0.000000,0.000400,0.001200,0.002800,0.004900,0.000000
1089,0.906095,1.222902,1.198700,1.100800,1356.000000,921567574.000000,1396318376.000000,257409024.000000,239374336.000000,1618350080.000000,0.000000,0.000000,0.000400,0.000000,0.000000,0.000000,0.008600,0.000000,0.010300,0.000000,0.000000,0.000000,0.000700,0.001400,0.004100,0.006100,0.000000
1090,0.906907,0.823994,0.839700,0.746300,1356.000000,921567574.000000,1396318376.000000,257409024.000000,239374336.000000,1618350080.000000,0.000000,0.000000,0.000400,0.000000,0.000000,0.000000,0.010600,0.000000,0.009700,0.000000,0.000000,0.000000,0.000300,0.001300,0.002800,0.005000,0.000000
1091,0.907619,0.736806,0.741900,0.663900,1356.000000,921571670.000000,1396318376.000000,257409024.000000,239378432.000000,1618350080.000000,0.000000,0.000000,0.000400,0.000000,0.000000,0.000000,0.008300,0.000000,0.009700,0.000000,0.000000,0.000000,0.000300,0.001500,0.003200,0.005200,0.000000
1092,0.908834,1.204195,1.203600,1.133300,1356.000000,921571910.000000,1396318376.000000,257409024.000000,239378432.000000,1618350080.000000,0.000000,0.000000,0.481000,0.032200,0.009100,0.139000,0.007900,0.015000,0.010100,0.010100,0.016700,0.010200,0.000300,0.001100,0.002800,0.004400,0.000000
1093,0.909550,0.724001,0.722800,0.654200,1356.000000,921572574.000000,1396318376.000000,257409024.000000,239378432.000000,1618350080.000000,0.000000,0.000000,0.000500,0.000000,0.000000,0.000000,0.008300,0.000000,0.009500,0.000000,0.000000,0.000000,0.000300,0.001100,0.002800,0.004400,0.000000
1094,0.910312,0.742099,0.731600,0.661600,1356.000000,921572574.000000,1396318376.000000,257409024.000000,239378432.000000,1618350080.000000,0.000000,0.000000,0.000400,0.000000,0.000000,0.000000,0.007700,0.000000,0.009000,0.000000,0.000000,0.000000,0.000300,0.001100,0.002800,0.004600,0.000000
1095,0.911041,0.752601,0.758500,0.682600,1356.000000,921576670.000000,1396318376.000000,257409024.000000,239382528.000000,1618350080.000000,0.000000,0.000000,0.000500,0.000000,0.000000,0.000000,0.009400,0.000000,0.009000,0.000000,0.000000,0.000000,0.000400,0.001400,0.003000,0.004900,0.000000
1096,0.911750,0.705003,0.700300,0.631700,1356.000000,921576670.000000,1396318376.000000,257409024.000000,239382528.000000,1618350080.000000,0.000000,0.000000,0.000400,0.000000,0.000000,0.000000,0.007700,0.000000,0.009100,0.000000,0.000000,0.000000,0.000300,0.001200,0.002800,0.004500,0.000000
1097,0.912475,0.731300,0.728300,0.657600,1356.000000,921584862.000000,1396318376.000000,257409024.000000,239390720.000000,1618350080.000000,0.000000,0.000000,0.000400,0.000000,0.000000,0.000000,0.007800,0.000000,0.009200,0.000000,0.000000,0.000000,0.000300,0.001100,0.002600,0.004600,0.000000
1098,0.913302,0.827898,0.830400,0.758400,1356.000000,921594598.000000,1396318376.000000,257409024.000000,239390720.000000,1618350080.000000,0.000000,0.000000,0.000400,0.000000,0.000000,0.000000,0.007700,0.000000,0.009200,0.000000,0.000000,0.000000,0.000300,0.001100,0.002500,0.004500,0.000000
1099,0.914021,0.723200,0.711500,0.644200,1356.000000,921595646.000000,1396318376.000000,257409024.000000,239390720.000000,1618350080.000000,0.000000,0.000000,0.000500,0.000000,0.000000,0.000000,0.007500,0.000000,0.008300,0.000000,0.000000,0.000000,0.000200,0.001000,0.002900,0.004600,0.000000
1100,0.914757,0.713102,0.714200,0.636400,1356.000000,921595646.000000,1396318376.000000,257409024.000000,239390720.000000,1618350080.000000,0.000000,0.000000,0.000300,0.000000,0.000000,0.000000,0.007500,0.000000,0.008600,0.000000,0.000000,0.000000,0.000300,0.001100,0.002800,0.004500,0.000000
1101,0.915858,1.052898,1.004600,0.915500,1356.000000,921595646.000000,1396318376.000000,257409024.000000,239390720.000000,1618350080.000000,0.000000,0.000000,0.000500,0.000000,0.000000,0.000000,0.009200,0.000000,0.009200,0.000000,0.000000,0.000000,0.000400,0.001100,0.002600,0.004900,0.000000
1102,0.916648,0.836302,0.876300,0.759700,1356.000000,921595646.000000,1396318376.000000,257409024.000000,239390720.000000,1618350080.000000,0.000000,0.000000,0.000400,0.000000,0.000000,0.000000,0.011900,0.000000,0.010500,0.000000,0.000000,0.000000,0.000500,0.001400,0.003500,0.005600,0.000000
1103,0.917414,0.777296,0.780000,0.702600,1356.000000,921595646.000000,1396318376.000000,257409024.000000,239390720.000000,1618350080.000000,0.000000,0.000000,0.000500,0.000000,0.000000,0.000000,0.008600,0.000000,0.009100,0.000000,0.000000,0.000000,0.000400,0.001200,0.003000,0.004900,0.000000
1104,0.918142,0.733199,0.735400,0.662000,1356.000000,921599742.000000,1396318376.000000,257409024.000000,239394816.000000,1618350080.000000,0.000000,0.000000,0.000500,0.000000,0.000000,0.000000,0.008300,0.000000,0.010000,0.000000,0.000000,0.000000,0.000300,0.001100,0.002800,0.004800,0.000000
1105,0.918855,0.710700,0.707800,0.638400,1356.000000,921599742.000000,1396318376.000000,257409024.000000,239394816.000000,1618350080.000000,0.000000,0.000000,0.000400,0.000000,0.000000,0.000000,0.007900,0.000000,0.009100,0.000000,0.000000,0.000000,0.000300,0.001200,0.002600,0.004600,0.000000
1106,0.919560,0.707504,0.706500,0.636800,1356.000000,921599742.000000,1396318376.000000,257409024.000000,239394816.000000,1618350080.000000,0.000000,0.000000,0.000500,0.000000,0.000000,0.000000,0.008500,0.000000,0.009000,0.000000,0.000000,0.000000,0.000400,0.001100,0.002500,0.004400,0.000000
1107,0.920337,0.764101,0.755200,0.683300,1356.000000,921599742.000000,1396318376.000000,257409024.000000,239394816.000000,1618350080.000000,0.000000,0.000000,0.000400,0.000000,0.000000,0.000000,0.008300,0.000000,0.011300,0.000000,0.000000,0.000000,0.000200,0.001100,0.002800,0.004400,0.000000
1108,0.921106,0.774398,0.772000,0.695200,1356.000000,921602531.000000,1396318376.000000,257409024.000000,239394816.000000,1618350080.000000,0.000000,0.000000,0.000400,0.000000,0.000000,0.000000,0.009900,0.000000,0.008700,0.000000,0.000000,0.000000,0.000400,0.001200,0.002800,0.004900,0.000000
1109,0.921811,0.713102,0.719000,0.645200,1356.000000,921599742.000000,1396318376.000000,257409024.000000,239394816.000000,1618350080.000000,0.000000,0.000000,0.000500,0.000000,0.000000,0.000000,0.009000,0.000000,0.008100,0.000000,0.000000,0.000000,0.000500,0.001100,0.002900,0.004600,0.000000
1110,0.922545,0.728798,0.721000,0.652500,1356.000000,921603838.000000,1396318376.000000,257409024.000000,239398912.000000,1618350080.000000,0.000000,0.000000,0.000400,0.000000,0.000000,0.000000,0.007700,0.000000,0.009700,0.000000,0.000000,0.000000,0.000200,0.001100,0.002800,0.004400,0.000000
1111,0.923239,0.698101,0.699900,0.626500,1356.000000,921603838.000000,1396318376.000000,257409024.000000,239398912.000000,1618350080.000000,0.000000,0.000000,0.000500,0.000000,0.000000,0.000000,0.007800,0.000000,0.008800,0.000000,0.000000,0.000000,0.000300,0.001100,0.002800,0.004500,0.000000
1112,0.923967,0.712698,0.712600,0.643500,1356.000000,921607934.000000,1396318376.000000,257409024.000000,239403008.000000,1618350080.000000,0.000000,0.000000,0.000500,0.000000,0.000000,0.000000,0.007800,0.000000,0.008500,0.000000,0.000000,0.000000,0.000300,0.001200,0.002700,0.004600,0.000000
1113,0.925819,1.693700,1.668400,1.593400,1356.000000,921608038.000000,1396318376.000000,257409024.000000,239403008.000000,1618350080.000000,0.000000,0.000000,0.552600,0.045300,0.008400,0.199800,0.007600,0.018300,0.079500,0.009700,0.016200,0.019300,0.000200,0.001200,0.002800,0.004600,0.000000
1114,0.926731,1.061196,1.073400,0.982900,1356.000000,921607966.000000,1396318376.000000,257409024.000000,239403008.000000,1618350080.000000,0.000000,0.000000,0.000500,0.000000,0.000000,0.000000,0.013200,0.000000,0.009600,0.000000,0.000000,0.000000,0.000700,0.001400,0.003600,0.005800,0.000000
1115,0.927459,0.747406,0.751300,0.675500,1356.000000,921607966.000000,1396318376.000000,257409024.000000,239403008.000000,1618350080.000000,0.000000,0.000000,0.000400,0.000000,0.000000,0.000000,0.008500,0.000000,0.009400,0.000000,0.000000,0.000000,0.000600,0.001100,0.003200,0.004600,0.000000
1116,0.928263,0.798795,0.794700,0.724000,1356.000000,921612062.000000,1396318376.000000,257409024.000000,239407104.000000,1618350080.000000,0.000000,0.000000,0.000500,0.000000,0.000000,0.000000,0.008000,0.000000,0.018400,0.000000,0.000000,0.000000,0.000200,0.001100,0.002600,0.004600,0.000000
1117,0.929144,0.876701,0.873200,0.800300,1356.000000,921612062.000000,1396318376.000000,257409024.000000,239407104.000000,1618350080.000000,0.000000,0.000000,0.000400,0.000000,0.000000,0.000000,0.008600,0.000000,0.009300,0.000000,0.000000,0.000000,0.000500,0.001200,0.002800,0.004700,0.000000
1118,0.929933,0.789498,0.788100,0.713700,1356.000000,921616158.000000,1396318376.000000,257409024.000000,239411200.000000,1618350080.000000,0.000000,0.000000,0.000400,0.000000,0.000000,0.000000,0.009100,0.000000,0.009700,0.000000,0.000000,0.000000,0.000300,0.001100,0.002800,0.004900,0.000000
1119,0.931106,1.117205,1.058800,0.982700,1356.000000,921616158.000000,1396318376.000000,257409024.000000,239411200.000000,1618350080.000000,0.000000,0.000000,0.000400,0.000000,0.000000,0.000000,0.008700,0.000000,0.009200,0.000000,0.000000,0.000000,0.000400,0.001400,0.002900,0.004700,0.000000
1120,0.931890,0.839201,0.891200,0.762600,1356.000000,921616158.000000,1396318376.000000,257409024.000000,239411200.000000,1618350080.000000,0.000000,0.000000,0.000500,0.000000,0.000000,0.000000,0.009700,0.000000,0.009100,0.000000,0.000000,0.000000,0.000400,0.001400,0.003400,0.005500,0.000000
1121,0.932705,0.826098,0.823600,0.749600,1356.000000,921616158.000000,1396318376.000000,257409024.000000,239411200.000000,1618350080.000000,0.000000,0.000000,0.000400,0.000000,0.000000,0.000000,0.009200,0.000000,0.009200,0.000000,0.000000,0.000000,0.000400,0.001100,0.002700,0.004600,0.000000
1122,0.933455,0.752898,0.754700,0.680100,1356.000000,921616158.000000,1396318376.000000,257409024.000000,239411200.000000,1618350080.000000,0.000000,0.000000,0.000400,0.000000,0.000000,0.000000,0.008100,0.000000,0.008200,0.000000,0.000000,0.000000,0.000400,0.001200,0.002500,0.004600,0.000000
1123,0.934160,0.709403,0.710200,0.639100,1356.000000,921620254.000000,1396318376.000000,257409024.000000,239415296.000000,1618350080.000000,0.000000,0.000000,0.000400,0.000000,0.000000,0.000000,0.007700,0.000000,0.008500,0.000000,0.000000,0.000000,0.000300,0.001000,0.002700,0.004500,0.000000
1124,0.934860,0.695996,0.692300,0.623100,1356.000000,921620302.000000,1396318376.000000,257409024.000000,239415296.000000,1618350080.000000,0.000000,0.000000,0.000400,0.000000,0.000000,0.000000,0.007700,0.000000,0.009500,0.000000,0.000000,0.000000,0.000300,0.001100,0.002600,0.003800,0.000000
1125,0.935638,0.772903,0.768600,0.697500,1356.000000,921621142.000000,1396318376.000000,257409024.000000,239415296.000000,1618350080.000000,0.000000,0.000000,0.000500,0.000000,0.000000,0.000000,0.007500,0.000000,0.009200,0.000000,0.000000,0.000000,0.000400,0.001100,0.002900,0.004600,0.000000
1126,0.936451,0.824298,0.826000,0.754200,1356.000000,921621142.000000,1396318376.000000,257409024.000000,239415296.000000,1618350080.000000,0.000000,0.000000,0.000400,0.000000,0.000000,0.000000,0.008400,0.000000,0.008600,0.000000,0.000000,0.000000,0.000300,0.001000,0.002800,0.004600,0.000000
1127,0.937158,0.700900,0.697800,0.629700,1356.000000,921621166.000000,1396318376.000000,257409024.000000,239415296.000000,1618350080.000000,0.000000,0.000000,0.000400,0.000000,0.000000,0.000000,0.007400,0.000000,0.009500,0.000000,0.000000,0.000000,0.000300,0.001100,0.002600,0.004300,0.000000
1128,0.937872,0.713698,0.712200,0.643100,1356.000000,921621166.000000,1396318376.000000,257409024.000000,239415296.000000,1618350080.000000,0.000000,0.000000,0.000500,0.000000,0.000000,0.000000,0.007600,0.000000,0.008400,0.000000,0.000000,0.000000,0.012600,0.001100,0.003200,0.004900,0.000000
1129,0.938559,0.690299,0.687300,0.619000,1356.000000,921629358.000000,1396318376.000000,257409024.000000,239423488.000000,1618350080.000000,0.000000,0.000000,0.000400,0.000000,0.000000,0.000000,0.007400,0.000000,0.009000,0.000000,0.000000,0.000000,0.000200,0.001000,0.002400,0.004400,0.000000
1130,0.939227,0.673101,0.673800,0.604300,1356.000000,921629390.000000,1396318376.000000,257409024.000000,239423488.000000,1618350080.000000,0.000000,0.000000,0.000400,0.000000,0.000000,0.000000,0.007400,0.000000,0.008700,0.000000,0.000000,0.000000,0.000200,0.001000,0.002400,0.004200,0.000000
1131,0.939955,0.720401,0.716900,0.649800,1356.000000,921629390.000000,1396318376.000000,257409024.000000,239423488.000000,1618350080.000000,0.000000,0.000000,0.000400,0.000000,0.000000,0.000000,0.007400,0.000000,0.009100,0.000000,0.000000,0.000000,0.000200,0.001000,0.002400,0.004400,0.000000
1132,0.940799,0.827098,0.815100,0.744300,1356.000000,921629390.000000,1396318376.000000,257409024.000000,239423488.000000,1618350080.000000,0.000000,0.000000,0.000400,0.000000,0.000000,0.000000,0.008100,0.000000,0.008100,0.000000,0.000000,0.000000,0.000200,0.000900,0.002600,0.004800,0.000000
1133,0.942333,1.525305,1.525700,1.445500,1356.000000,921622934.000000,1396318376.000000,257409024.000000,239427584.000000,1618350080.000000,0.000000,0.000000,0.513100,0.032500,0.008900,0.155700,0.008900,0.019800,0.010900,0.010000,0.016600,0.016200,0.000400,0.001300,0.002800,0.005300,0.000000
1134,0.943122,0.813499,0.808200,0.732300,1356.000000,921623598.000000,1396318376.000000,257409024.000000,239427584.000000,1618350080.000000,0.000000,0.000000,0.000400,0.000000,0.000000,0.000000,0.009900,0.000000,0.008700,0.000000,0.000000,0.000000,0.000400,0.001200,0.002800,0.004800,0.000000
1135,0.943886,0.741901,0.741400,0.662400,1408.000000,921623598.000000,1396318376.000000,257409024.000000,239427584.000000,1618350080.000000,0.000000,0.000000,0.000400,0.000000,0.000000,0.000000,0.007500,0.000000,0.009600,0.000000,0.000000,0.000000,0.000400,0.001100,0.002500,0.004600,0.000000
1136,0.944642,0.743502,0.745400,0.667900,1356.000000,921627694.000000,1396318376.000000,257409024.000000,239431680.000000,1618350080.000000,0.000000,0.000000,0.000400,0.000000,0.000000,0.000000,0.008100,0.000000,0.009400,0.000000,0.000000,0.000000,0.000400,0.001000,0.002700,0.004700,0.000000
1137,0.945454,0.829897,0.821700,0.746000,1356.000000,921627694.000000,1396318376.000000,257409024.000000,239431680.000000,1618350080.000000,0.000000,0.000000,0.000500,0.000000,0.000000,0.000000,0.009600,0.000000,0.009300,0.000000,0.000000,0.000000,0.000400,0.001100,0.003500,0.006300,0.000000
1138,0.946195,0.752898,0.758700,0.678300,1356.000000,921627694.000000,1396318376.000000,257409024.000000,239431680.000000,1618350080.000000,0.000000,0.000000,0.000500,0.000000,0.000000,0.000000,0.009000,0.000000,0.009400,0.000000,0.000000,0.000000,0.000400,0.001100,0.002800,0.004900,0.000000
1139,0.946911,0.723802,0.725600,0.654300,1356.000000,921629813.000000,1396318376.000000,257409024.000000,239431680.000000,1618350080.000000,0.000000,0.000000,0.000500,0.000000,0.000000,0.000000,0.008000,0.000000,0.008500,0.000000,0.000000,0.000000,0.000300,0.001200,0.002900,0.004700,0.000000
1140,0.947623,0.703401,0.700800,0.632900,1356.000000,921631790.000000,1396318376.000000,257409024.000000,239435776.000000,1618350080.000000,0.000000,0.000000,0.000400,0.000000,0.000000,0.000000,0.007600,0.000000,0.008300,0.000000,0.000000,0.000000,0.000200,0.001100,0.002500,0.004600,0.000000
1141,0.948338,0.718998,0.717700,0.649800,1356.000000,921631790.000000,1396318376.000000,257409024.000000,239435776.000000,1618350080.000000,0.000000,0.000000,0.000400,0.000000,0.000000,0.000000,0.008000,0.000000,0.008900,0.000000,0.000000,0.000000,0.000300,0.001200,0.002700,0.004600,0.000000
1142,0.949028,0.695203,0.693700,0.626300,1356.000000,921635886.000000,1396318376.000000,257409024.000000,239439872.000000,1618350080.000000,0.000000,0.000000,0.000500,0.000000,0.000000,0.000000,0.007500,0.000000,0.008900,0.000000,0.000000,0.000000,0.000300,0.001100,0.002500,0.004500,0.000000
1143,0.949776,0.740497,0.737000,0.669800,1356.000000,921635886.000000,1396318376.000000,257409024.000000,239439872.000000,1618350080.000000,0.000000,0.000000,0.000500,0.000000,0.000000,0.000000,0.007500,0.000000,0.008700,0.000000,0.000000,0.000000,0.000200,0.001000,0.002500,0.004600,0.000000
1144,0.950544,0.763102,0.757400,0.686200,1356.000000,921635886.000000,1396318376.000000,257409024.000000,239439872.000000,1618350080.000000,0.000000,0.000000,0.000400,0.000000,0.000000,0.000000,0.007900,0.000000,0.008700,0.000000,0.000000,0.000000,0.000400,0.001100,0.002800,0.004300,0.000000
1145,0.951276,0.738499,0.741500,0.668700,1356.000000,921635886.000000,1396318376.000000,257409024.000000,239439872.000000,1618350080.000000,0.000000,0.000000,0.000500,0.000000,0.000000,0.000000,0.008500,0.000000,0.009100,0.000000,0.000000,0.000000,0.000400,0.001100,0.002800,0.004900,0.000000
1146,0.952044,0.775099,0.775000,0.708300,1356.000000,921639982.000000,1396318376.000000,257409024.000000,239443968.000000,1618350080.000000,0.000000,0.000000,0.000500,0.000000,0.000000,0.000000,0.007900,0.000000,0.008600,0.000000,0.000000,0.000000,0.000300,0.001000,0.002600,0.004500,0.000000
1147,0.952773,0.714803,0.710000,0.645200,1356.000000,921639982.000000,1396318376.000000,257409024.000000,239443968.000000,1618350080.000000,0.000000,0.000000,0.000500,0.000000,0.000000,0.000000,0.008100,0.000000,0.008500,0.000000,0.000000,0.000000,0.000200,0.001000,0.002400,0.004300,0.000000
1148,0.953512,0.740200,0.731600,0.662200,1356.000000,921644078.000000,1396318376.000000,257409024.000000,239448064.000000,1618350080.000000,0.000000,0.000000,0.000400,0.000000,0.000000,0.000000,0.007800,0.000000,0.009300,0.000000,0.000000,0.000000,0.000300,0.001100,0.002400,0.004400,0.000000
1149,0.954240,0.734198,0.737200,0.662300,1356.000000,921644078.000000,1396318376.000000,257409024.000000,239448064.000000,1618350080.000000,0.000000,0.000000,0.000500,0.000000,0.000000,0.000000,0.008200,0.000000,0.009600,0.000000,0.000000,0.000000,0.000300,0.001200,0.002900,0.004700,0.000000
1150,0.955051,0.796103,0.793200,0.722900,1356.000000,921644078.000000,1396318376.000000,257409024.000000,239448064.000000,1618350080.000000,0.000000,0.000000,0.000500,0.000000,0.000000,0.000000,0.007800,0.000000,0.009000,0.000000,0.000000,0.000000,0.000300,0.001200,0.002600,0.004500,0.000000
1151,0.955932,0.885395,0.881100,0.808500,1356.000000,921644078.000000,1396318376.000000,257409024.000000,239448064.000000,1618350080.000000,0.000000,0.000000,0.000500,0.000000,0.000000,0.000000,0.009600,0.000000,0.009300,0.000000,0.000000,0.000000,0.000400,0.001400,0.002900,0.005200,0.000000
1152,0.956716,0.789101,0.785000,0.711400,1356.000000,921644078.000000,1396318376.000000,257409024.000000,239448064.000000,1618350080.000000,0.000000,0.000000,0.000500,0.000000,0.000000,0.000000,0.008100,0.000000,0.009200,0.000000,0.000000,0.000000,0.000300,0.001400,0.003000,0.005000,0.000000
1153,0.957423,0.720203,0.724200,0.649400,1356.000000,921644078.000000,1396318376.000000,257409024.000000,239448064.000000,1618350080.000000,0.000000,0.000000,0.000400,0.000000,0.000000,0.000000,0.008200,0.000000,0.009800,0.000000,0.000000,0.000000,0.000200,0.001200,0.002700,0.004600,0.000000
1154,0.958750,1.283000,1.274400,1.203800,1356.000000,921644182.000000,1396318376.000000,257409024.000000,239448064.000000,1618350080.000000,0.000000,0.000000,0.539600,0.033200,0.009800,0.179800,0.008000,0.017000,0.012100,0.010700,0.016700,0.018400,0.000300,0.001200,0.002500,0.004600,0.000000
1155,0.959644,0.907093,0.903200,0.825800,1356.000000,921648206.000000,1396318376.000000,257409024.000000,239452160.000000,1618350080.000000,0.000000,0.000000,0.000500,0.000000,0.000000,0.000000,0.009600,0.000000,0.026500,0.000000,0.000000,0.000000,0.000400,0.001200,0.002800,0.004800,0.000000
1156,0.960556,0.908603,0.902900,0.823000,1356.000000,921648206.000000,1396318376.000000,257409024.000000,239452160.000000,1618350080.000000,0.000000,0.000000,0.000500,0.000000,0.000000,0.000000,0.009100,0.000000,0.065300,0.000000,0.000000,0.000000,0.000400,0.001400,0.002900,0.004900,0.000000
1157,0.961622,1.069700,1.069600,0.988000,1356.000000,921648238.000000,1396318376.000000,257409024.000000,239452160.000000,1618350080.000000,0.000000,0.000000,0.000500,0.000000,0.000000,0.000000,0.010000,0.000000,0.009000,0.000000,0.000000,0.000000,0.000400,0.001300,0.002800,0.005300,0.000000
1158,0.962439,0.829301,0.832100,0.753500,1356.000000,921648238.000000,1396318376.000000,257409024.000000,239452160.000000,1618350080.000000,0.000000,0.000000,0.000400,0.000000,0.000000,0.000000,0.009600,0.000000,0.009300,0.000000,0.000000,0.000000,0.000400,0.001200,0.003100,0.005100,0.000000
1159,0.963228,0.783900,0.780200,0.705300,1356.000000,921648238.000000,1396318376.000000,257409024.000000,239452160.000000,1618350080.000000,0.000000,0.000000,0.000500,0.000000,0.000000,0.000000,0.008600,0.000000,0.009600,0.000000,0.000000,0.000000,0.000400,0.001200,0.002800,0.004900,0.000000
1160,0.963992,0.754797,0.752300,0.677400,1356.000000,921648238.000000,1396318376.000000,257409024.000000,239452160.000000,1618350080.000000,0.000000,0.000000,0.000400,0.000000,0.000000,0.000000,0.009100,0.000000,0.010000,0.000000,0.000000,0.000000,0.000500,0.001200,0.003000,0.004600,0.000000
1161,0.964734,0.766702,0.752800,0.677000,1356.000000,921656430.000000,1396318376.000000,257409024.000000,239460352.000000,1618350080.000000,0.000000,0.000000,0.000400,0.000000,0.000000,0.000000,0.008100,0.000000,0.008000,0.000000,0.000000,0.000000,0.000300,0.001200,0.002700,0.004600,0.000000
1162,0.965649,0.853104,0.857300,0.767500,1356.000000,921656430.000000,1396318376.000000,257409024.000000,239460352.000000,1618350080.000000,0.000000,0.000000,0.000400,0.000000,0.000000,0.000000,0.007900,0.000000,0.009200,0.000000,0.000000,0.000000,0.000200,0.001100,0.002600,0.004800,0.000000
1163,0.967015,1.411898,1.411800,1.329100,1356.000000,921670246.000000,1396318376.000000,257409024.000000,239464448.000000,1618350080.000000,0.000000,0.000000,0.000400,0.000000,0.000000,0.000000,0.009800,0.000000,0.011900,0.000000,0.000000,0.000000,0.000800,0.001200,0.005100,0.006900,0.000000
1164,0.967779,0.778997,0.782400,0.704200,1356.000000,921671294.000000,1396318376.000000,257409024.000000,239464448.000000,1618350080.000000,0.000000,0.000000,0.000500,0.000000,0.000000,0.000000,0.008500,0.000000,0.010300,0.000000,0.000000,0.000000,0.000400,0.001200,0.003200,0.004800,0.000000
1165,0.968596,0.808100,0.802500,0.729400,1356.000000,921671294.000000,1396318376.000000,257409024.000000,239464448.000000,1618350080.000000,0.000000,0.000000,0.000400,0.000000,0.000000,0.000000,0.008200,0.000000,0.072000,0.000000,0.000000,0.000000,0.000300,0.001200,0.002800,0.004600,0.000000
1166,0.969402,0.806704,0.805400,0.728400,1356.000000,921671294.000000,1396318376.000000,257409024.000000,239464448.000000,1618350080.000000,0.000000,0.000000,0.000500,0.000000,0.000000,0.000000,0.008700,0.000000,0.009100,0.000000,0.000000,0.000000,0.000400,0.001300,0.002800,0.004700,0.000000
1167,0.970349,0.930697,0.919800,0.841700,1356.000000,921671294.000000,1396318376.000000,257409024.000000,239464448.000000,1618350080.000000,0.000000,0.000000,0.000500,0.000000,0.000000,0.000000,0.008300,0.000000,0.023600,0.000000,0.000000,0.000000,0.000400,0.001300,0.002700,0.005000,0.000000
1168,0.971267,0.924802,0.928600,0.843800,1356.000000,921675390.000000,1396318376.000000,257409024.000000,239468544.000000,1618350080.000000,0.000000,0.000000,0.000600,0.000000,0.000000,0.000000,0.009300,0.000000,0.009500,0.000000,0.000000,0.000000,0.000700,0.001400,0.004000,0.005600,0.000000
1169,0.972023,0.771400,0.774500,0.697000,1356.000000,921675390.000000,1396318376.000000,257409024.000000,239468544.000000,1618350080.000000,0.000000,0.000000,0.000500,0.000000,0.000000,0.000000,0.008900,0.000000,0.010100,0.000000,0.000000,0.000000,0.000500,0.001300,0.002800,0.005000,0.000000
1170,0.972737,0.715001,0.714200,0.641700,1356.000000,921675390.000000,1396318376.000000,257409024.000000,239468544.000000,1618350080.000000,0.000000,0.000000,0.000400,0.000000,0.000000,0.000000,0.008000,0.000000,0.009500,0.000000,0.000000,0.000000,0.000300,0.001300,0.002900,0.004700,0.000000
1171,0.973596,0.843998,0.837600,0.765500,1356.000000,921675390.000000,1396318376.000000,257409024.000000,239468544.000000,1618350080.000000,0.000000,0.000000,0.000400,0.000000,0.000000,0.000000,0.008400,0.000000,0.009100,0.000000,0.000000,0.000000,0.000300,0.001100,0.002700,0.004500,0.000000
1172,0.974490,0.900404,0.894900,0.819400,1356.000000,921675390.000000,1396318376.000000,257409024.000000,239468544.000000,1618350080.000000,0.000000,0.000000,0.000500,0.000000,0.000000,0.000000,0.008900,0.000000,0.011600,0.000000,0.000000,0.000000,0.000400,0.001300,0.002800,0.004900,0.000000
1173,0.976025,1.485594,1.470600,1.385200,1356.000000,921675494.000000,1396318376.000000,257409024.000000,239468544.000000,1618350080.000000,0.000000,0.000000,0.493900,0.031600,0.008900,0.145500,0.008500,0.018600,0.026400,0.010800,0.016900,0.010300,0.000500,0.001300,0.002700,0.005900,0.000000
1174,0.976897,0.909800,0.919100,0.826300,1356.000000,921679518.000000,1396318376.000000,257409024.000000,239472640.000000,1618350080.000000,0.000000,0.000000,0.000500,0.000000,0.000000,0.000000,0.010400,0.000000,0.009400,0.000000,0.000000,0.000000,0.000400,0.001200,0.003500,0.004800,0.000000
1175,0.977646,0.765001,0.770900,0.691900,1356.000000,921679518.000000,1396318376.000000,257409024.000000,239472640.000000,1618350080.000000,0.000000,0.000000,0.000500,0.000000,0.000000,0.000000,0.008800,0.000000,0.009300,0.000000,0.000000,0.000000,0.000300,0.001300,0.002800,0.004900,0.000000
1176,0.978365,0.722300,0.720900,0.649200,1356.000000,921679518.000000,1396318376.000000,257409024.000000,239472640.000000,1618350080.000000,0.000000,0.000000,0.000500,0.000000,0.000000,0.000000,0.007900,0.000000,0.009300,0.000000,0.000000,0.000000,0.000300,0.001100,0.002700,0.004900,0.000000
1177,0.979075,0.713903,0.712800,0.642100,1356.000000,921679518.000000,1396318376.000000,257409024.000000,239472640.000000,1618350080.000000,0.000000,0.000000,0.000500,0.000000,0.000000,0.000000,0.008000,0.000000,0.008800,0.000000,0.000000,0.000000,0.000200,0.001200,0.002800,0.004800,0.000000
1178,0.979838,0.744296,0.736500,0.665300,1356.000000,921679518.000000,1396318376.000000,257409024.000000,239472640.000000,1618350080.000000,0.000000,0.000000,0.000400,0.000000,0.000000,0.000000,0.007800,0.000000,0.009800,0.000000,0.000000,0.000000,0.000300,0.001200,0.002700,0.004700,0.000000
1179,0.980805,0.963003,0.954600,0.876000,1356.000000,921679518.000000,1396318376.000000,257409024.000000,239472640.000000,1618350080.000000,0.000000,0.000000,0.000500,0.000000,0.000000,0.000000,0.009200,0.000000,0.009500,0.000000,0.000000,0.000000,0.000500,0.001100,0.002800,0.004900,0.000000
1180,0.981656,0.861798,0.866500,0.783600,1356.000000,921687742.000000,1396318376.000000,257409024.000000,239480832.000000,1618350080.000000,0.000000,0.000000,0.000500,0.000000,0.000000,0.000000,0.009000,0.000000,0.010000,0.000000,0.000000,0.000000,0.000400,0.001200,0.003200,0.005300,0.000000
1181,0.982558,0.896301,0.883800,0.807900,1356.000000,921688566.000000,1396318376.000000,257409024.000000,239480832.000000,1618350080.000000,0.000000,0.000000,0.000400,0.000000,0.000000,0.000000,0.008800,0.000000,0.020200,0.000000,0.000000,0.000000,0.000400,0.001300,0.002700,0.004900,0.000000
1182,0.983343,0.800000,0.810700,0.725900,1356.000000,921692702.000000,1396318376.000000,257409024.000000,239484928.000000,1618350080.000000,0.000000,0.000000,0.000500,0.000000,0.000000,0.000000,0.009400,0.000000,0.009000,0.000000,0.000000,0.000000,0.000300,0.001300,0.002900,0.004900,0.000000
1183,0.984120,0.753501,0.749700,0.676500,1356.000000,921692726.000000,1396318376.000000,257409024.000000,239484928.000000,1618350080.000000,0.000000,0.000000,0.000400,0.000000,0.000000,0.000000,0.008200,0.000000,0.057900,0.000000,0.000000,0.000000,0.000400,0.001100,0.002800,0.004700,0.000000
1184,0.985026,0.904400,0.873100,0.797800,1356.000000,921692726.000000,1396318376.000000,257409024.000000,239484928.000000,1618350080.000000,0.000000,0.000000,0.000500,0.000000,0.000000,0.000000,0.008500,0.000000,0.009400,0.000000,0.000000,0.000000,0.000300,0.001200,0.002800,0.004900,0.000000
1185,0.986028,1.008496,1.027300,0.921300,1356.000000,921692726.000000,1396318376.000000,257409024.000000,239484928.000000,1618350080.000000,0.000000,0.000000,0.000500,0.000000,0.000000,0.000000,0.009600,0.000000,0.014600,0.000000,0.000000,0.000000,0.000400,0.001700,0.003400,0.005700,0.000000
1186,0.986899,0.880003,0.879200,0.796800,1356.000000,921692726.000000,1396318376.000000,257409024.000000,239484928.000000,1618350080.000000,0.000000,0.000000,0.000600,0.000000,0.000000,0.000000,0.009200,0.000000,0.020300,0.000000,0.000000,0.000000,0.000500,0.001400,0.003000,0.005300,0.000000
1187,0.987726,0.831597,0.835200,0.754400,1356.000000,921696822.000000,1396318376.000000,257409024.000000,239489024.000000,1618350080.000000,0.000000,0.000000,0.000500,0.000000,0.000000,0.000000,0.008900,0.000000,0.009200,0.000000,0.000000,0.000000,0.000700,0.001300,0.002600,0.004800,0.000000
1188,0.988492,0.759503,0.757300,0.682600,1356.000000,921696822.000000,1396318376.000000,257409024.000000,239489024.000000,1618350080.000000,0.000000,0.000000,0.000600,0.000000,0.000000,0.000000,0.008200,0.000000,0.009100,0.000000,0.000000,0.000000,0.000300,0.001200,0.002500,0.004800,0.000000
1189,0.989220,0.743601,0.745100,0.671600,1356.000000,921696822.000000,1396318376.000000,257409024.000000,239489024.000000,1618350080.000000,0.000000,0.000000,0.000500,0.000000,0.000000,0.000000,0.008400,0.000000,0.009600,0.000000,0.000000,0.000000,0.000400,0.001300,0.002900,0.004800,0.000000
1190,0.990171,0.920798,0.908500,0.835100,1356.000000,921696822.000000,1396318376.000000,257409024.000000,239489024.000000,1618350080.000000,0.000000,0.000000,0.000400,0.000000,0.000000,0.000000,0.007900,0.000000,0.008900,0.000000,0.000000,0.000000,0.000300,0.001100,0.002700,0.004500,0.000000
1191,0.991378,1.199603,1.191700,1.105100,1356.000000,921696894.000000,1396318376.000000,257409024.000000,239489024.000000,1618350080.000000,0.000000,0.000000,0.000400,0.000000,0.000000,0.000000,0.009400,0.000000,0.010700,0.000000,0.000000,0.000000,0.000700,0.002100,0.003200,0.005300,0.000000
1192,0.992735,1.365497,1.373700,1.286500,1356.000000,921697134.000000,1396318376.000000,257409024.000000,239489024.000000,1618350080.000000,0.000000,0.000000,0.532300,0.034300,0.008800,0.168700,0.009900,0.016700,0.012700,0.009900,0.016900,0.017900,0.000600,0.001400,0.003400,0.005300,0.000000
1193,0.993523,0.811097,0.810700,0.734400,1356.000000,921701894.000000,1396318376.000000,257409024.000000,239493120.000000,1618350080.000000,0.000000,0.000000,0.000400,0.000000,0.000000,0.000000,0.009400,0.000000,0.009900,0.000000,0.000000,0.000000,0.000300,0.001100,0.003000,0.008000,0.000000
1194,0.994514,0.987202,0.984000,0.909700,1356.000000,921691126.000000,1396318376.000000,257409024.000000,239493120.000000,1618350080.000000,0.000000,0.000000,0.000500,0.000000,0.000000,0.000000,0.008300,0.000000,0.077500,0.000000,0.000000,0.000000,0.000300,0.001200,0.002500,0.004500,0.000000
1195,0.995418,0.893304,0.884000,0.808100,1356.000000,921691126.000000,1396318376.000000,257409024.000000,239493120.000000,1618350080.000000,0.000000,0.000000,0.000500,0.000000,0.000000,0.000000,0.008500,0.000000,0.015800,0.000000,0.000000,0.000000,0.000400,0.001200,0.002900,0.004600,0.000000
1196,0.996384,0.919997,0.920700,0.837900,1356.000000,921691126.000000,1396318376.000000,257409024.000000,239493120.000000,1618350080.000000,0.000000,0.000000,0.000500,0.000000,0.000000,0.000000,0.009000,0.000000,0.008800,0.000000,0.000000,0.000000,0.000400,0.001200,0.002600,0.004800,0.000000
1197,0.997226,0.899298,0.903600,0.825400,1356.000000,921699318.000000,1396318376.000000,257409024.000000,239501312.000000,1618350080.000000,0.000000,0.000000,0.000500,0.000000,0.000000,0.000000,0.050800,0.000000,0.010200,0.000000,0.000000,0.000000,0.000400,0.001100,0.003100,0.004900,0.000000
1198,0.998043,0.815200,0.812600,0.740200,1356.000000,921699318.000000,1396318376.000000,257409024.000000,239501312.000000,1618350080.000000,0.000000,0.000000,0.000400,0.000000,0.000000,0.000000,0.009000,0.000000,0.010600,0.000000,0.000000,0.000000,0.000400,0.001100,0.002800,0.004500,0.000000
1199,0.998893,0.854103,0.771900,0.699700,1356.000000,921699318.000000,1396318376.000000,257409024.000000,239501312.000000,1618350080.000000,0.000000,0.000000,0.000400,0.000000,0.000000,0.000000,0.008700,0.000000,0.009100,0.000000,0.000000,0.000000,0.000400,0.001100,0.002700,0.004700,0.000000
1200,1.000346,1.194997,1.243300,1.066700,1356.000000,921703414.000000,1396318376.000000,257409024.000000,239505408.000000,1618350080.000000,0.000000,0.000000,0.000500,0.000000,0.000000,0.000000,0.008100,0.000000,0.009400,0.000000,0.000000,0.000000,0.000400,0.001100,0.002800,0.004800,0.000000
