frame,elapsed_seconds,delta_time_ms,main_thread_ms,player_loop_ms,gc_allocated_in_frame_bytes,total_used_memory_bytes,total_reserved_memory_bytes,gc_reserved_memory_bytes,system_used_memory_bytes,fixed_step_ms,belt_transfer_ms,belt_progress_ms,transfer_command_buffer_ms,item_pool_initialization_ms,item_visual_capture_ms,item_transform_presentation_ms,item_process_ms,item_port_adapter_ms,item_port_buffer_swap_ms,grid_placement_transform_ms,grid_build_ms,grid_occupancy_index_ms,belt_topology_visual_ms,wait_for_job_group_ms
0,0.005643,2.323902,2.393500,2.177700,1128.000000,850125672.000000,1324570160.000000,237035520.000000,1571012608.000000,0.977700,0.120300,0.041900,0.387100,0.013600,0.067900,0.011100,0.044400,0.065300,0.050200,0.005500,0.002600,0.003800,0.006900,0.000000
1,0.008370,2.723696,2.722500,2.573100,1076.000000,850120912.000000,1324570160.000000,237035520.000000,1571012608.000000,0.540100,0.035600,0.011200,0.182400,0.012900,0.032500,0.012000,0.019800,0.020500,0.092300,0.007100,0.003400,0.002600,0.011400,0.000000
2,0.009532,1.202204,1.223200,1.086300,1076.000000,850121080.000000,1324570160.000000,237035520.000000,1571012608.000000,0.000700,0.000000,0.000000,0.000000,0.013200,0.000000,0.012200,0.000000,0.000000,0.000000,0.005200,0.003200,0.003200,0.007700,0.000000
3,0.010552,1.038896,1.045900,0.937500,1076.000000,850135736.000000,1324570160.000000,237035520.000000,1571012608.000000,0.000700,0.000000,0.000000,0.000000,0.010000,0.000000,0.027200,0.000000,0.000000,0.000000,0.004200,0.001900,0.002300,0.006700,0.000000
4,0.011449,0.906002,0.907900,0.806700,1076.000000,850127864.000000,1324570160.000000,237035520.000000,1571012608.000000,0.000700,0.000000,0.000000,0.000000,0.009400,0.000000,0.011800,0.000000,0.000000,0.000000,0.003800,0.002400,0.002300,0.006600,0.000000
5,0.013234,1.514201,1.410400,1.274800,1076.000000,850124704.000000,1324570160.000000,237035520.000000,1571012608.000000,0.000800,0.000000,0.000000,0.000000,0.009300,0.000000,0.010800,0.000000,0.000000,0.000000,0.004100,0.002400,0.002500,0.006500,0.000000
6,0.014555,1.548200,1.633500,1.441900,1076.000000,850134496.000000,1324570160.000000,237035520.000000,1571147776.000000,0.001000,0.000000,0.000000,0.000000,0.021900,0.000000,0.011600,0.000000,0.000000,0.000000,0.009300,0.003200,0.004200,0.009300,0.000000
7,0.015470,0.964101,0.975400,0.866500,1076.000000,850136032.000000,1324570160.000000,237035520.000000,1571147776.000000,0.000700,0.000000,0.000000,0.000000,0.010900,0.000000,0.011100,0.000000,0.000000,0.000000,0.005200,0.003100,0.003200,0.008200,0.000000
8,0.016376,0.902997,0.874000,0.778600,1076.000000,850135616.000000,1324570160.000000,237035520.000000,1571147776.000000,0.000700,0.000000,0.000000,0.000000,0.008900,0.000000,0.009700,0.000000,0.000000,0.000000,0.003900,0.002500,0.002300,0.006300,0.000000
9,0.017414,0.994799,0.935000,0.814400,1076.000000,850135656.000000,1324570160.000000,237035520.000000,1571147776.000000,0.000600,0.000000,0.000000,0.000000,0.009200,0.000000,0.010100,0.000000,0.000000,0.000000,0.005000,0.001700,0.002100,0.005400,0.000000
10,0.018751,1.369104,1.446200,1.274900,1076.000000,850139768.000000,1324570160.000000,237035520.000000,1571147776.000000,0.000800,0.000000,0.000000,0.000000,0.010200,0.000000,0.106500,0.000000,0.000000,0.000000,0.004800,0.002100,0.002700,0.006800,0.000000
11,0.020012,1.276396,1.276700,1.176800,1076.000000,850140208.000000,1324570160.000000,237035520.000000,1571147776.000000,0.000700,0.000000,0.000000,0.000000,0.009300,0.000000,0.018200,0.000000,0.000000,0.000000,0.004500,0.001600,0.002200,0.006400,0.000000
12,0.021326,1.208801,1.173800,1.076800,1076.000000,850140656.000000,1324570160.000000,237035520.000000,1571147776.000000,0.000600,0.000000,0.000000,0.000000,0.009000,0.000000,0.028700,0.000000,0.000000,0.000000,0.004000,0.002400,0.002200,0.006700,0.000000
13,0.023110,1.775000,1.788100,1.659800,1076.000000,850144128.000000,1324570160.000000,237035520.000000,1571147776.000000,0.332400,0.039400,0.010800,0.127600,0.009400,0.017600,0.023000,0.013600,0.018900,0.012700,0.007000,0.002100,0.003100,0.004900,0.000000
14,0.024404,1.393098,1.398300,1.285100,1076.000000,850144576.000000,1324570160.000000,237035520.000000,1571147776.000000,0.000800,0.000000,0.000000,0.000000,0.012600,0.000000,0.041400,0.000000,0.000000,0.000000,0.006000,0.002100,0.002600,0.007100,0.000000
15,0.025758,1.301304,1.274900,1.171000,1076.000000,850144600.000000,1324570160.000000,237035520.000000,1571147776.000000,0.000700,0.000000,0.000000,0.000000,0.010200,0.000000,0.054500,0.000000,0.000000,0.000000,0.004200,0.002600,0.002500,0.006900,0.000000
16,0.027330,1.591801,1.598700,1.464700,1076.000000,850144200.000000,1324570160.000000,237035520.000000,1571147776.000000,0.000800,0.000000,0.000000,0.000000,0.009700,0.000000,0.104800,0.000000,0.000000,0.000000,0.006300,0.002000,0.002600,0.007600,0.000000
17,0.028781,1.463598,1.468900,1.348600,1076.000000,850148120.000000,1324570160.000000,237035520.000000,1571147776.000000,0.000700,0.000000,0.000000,0.000000,0.011700,0.000000,0.024500,0.000000,0.000000,0.000000,0.005200,0.003200,0.003100,0.008400,0.000000
18,0.030260,1.482200,1.480600,1.369200,1076.000000,850148144.000000,1324570160.000000,237035520.000000,1571147776.000000,0.000800,0.000000,0.000000,0.000000,0.010400,0.000000,0.022400,0.000000,0.000000,0.000000,0.004600,0.002200,0.002700,0.007200,0.000000
19,0.032015,1.737401,1.727500,1.615500,1076.000000,850162528.000000,1324570160.000000,237035520.000000,1571147776.000000,0.000700,0.000000,0.000000,0.000000,0.010400,0.000000,0.027800,0.000000,0.000000,0.000000,0.004700,0.002200,0.002700,0.007100,0.000000
20,0.033393,1.271095,1.179600,1.060400,1076.000000,850150432.000000,1324570160.000000,237035520.000000,1571147776.000000,0.000800,0.000000,0.000000,0.000000,0.010300,0.000000,0.012200,0.000000,0.000000,0.000000,0.005100,0.002500,0.003500,0.007600,0.000000
21,0.034619,1.343403,1.441300,1.247800,1076.000000,850147816.000000,1324570160.000000,237035520.000000,1571147776.000000,0.001000,0.000000,0.000000,0.000000,0.011400,0.000000,0.246700,0.000000,0.000000,0.000000,0.006100,0.002500,0.003300,0.007200,0.000000
22,0.035489,0.902700,0.907500,0.807500,1076.000000,850147856.000000,1324570160.000000,237035520.000000,1571147776.000000,0.000600,0.000000,0.000000,0.000000,0.009800,0.000000,0.010600,0.000000,0.000000,0.000000,0.004900,0.002800,0.002700,0.006900,0.000000
23,0.036378,0.891504,0.885900,0.791500,1076.000000,850152416.000000,1324570160.000000,237035520.000000,1571147776.000000,0.000600,0.000000,0.000000,0.000000,0.009100,0.000000,0.010000,0.000000,0.000000,0.000000,0.003900,0.001700,0.002200,0.006000,0.000000
24,0.037447,0.862599,0.863400,0.767300,1076.000000,850152000.000000,1324570160.000000,237035520.000000,1571147776.000000,0.000600,0.000000,0.000000,0.000000,0.009200,0.000000,0.010400,0.000000,0.000000,0.000000,0.004000,0.001600,0.002200,0.006200,0.000000
25,0.038864,1.491801,1.484400,1.391300,1076.000000,850152304.000000,1324570160.000000,237035520.000000,1571147776.000000,0.319300,0.041000,0.011400,0.102200,0.046400,0.017200,0.010100,0.013900,0.018800,0.011500,0.006900,0.002200,0.002800,0.005700,0.000000
26,0.039824,1.083999,1.078600,0.980200,1076.000000,850152336.000000,1324570160.000000,237035520.000000,1571147776.000000,0.000800,0.000000,0.000000,0.000000,0.010400,0.000000,0.010600,0.000000,0.000000,0.000000,0.007600,0.002100,0.003000,0.007800,0.000000
27,0.040738,0.913797,0.914800,0.814900,1076.000000,850152744.000000,1324570160.000000,237035520.000000,1571147776.000000,0.000800,0.000000,0.000000,0.000000,0.008900,0.000000,0.010700,0.000000,0.000000,0.000000,0.004000,0.001900,0.002400,0.006200,0.000000
28,0.042094,1.322803,1.305600,1.202900,1076.000000,850153616.000000,1324570160.000000,237035520.000000,1571147776.000000,0.000700,0.000000,0.000000,0.000000,0.009600,0.000000,0.012200,0.000000,0.000000,0.000000,0.018300,0.001700,0.002300,0.006000,0.000000
29,0.043255,1.182696,1.180100,1.066100,1076.000000,850152120.000000,1324570160.000000,237035520.000000,1571147776.000000,0.000900,0.000000,0.000000,0.000000,0.010900,0.000000,0.025000,0.000000,0.000000,0.000000,0.005200,0.002700,0.002900,0.007700,0.000000
30,0.044194,0.942503,0.950200,0.839600,1076.000000,850160336.000000,1324570160.000000,237035520.000000,1571147776.000000,0.000600,0.000000,0.000000,0.000000,0.010000,0.000000,0.024400,0.000000,0.000000,0.000000,0.004700,0.002200,0.002400,0.006500,0.000000
31,0.045104,0.929698,0.932800,0.833400,1076.000000,850160784.000000,1324570160.000000,237035520.000000,1571147776.000000,0.000800,0.000000,0.000000,0.000000,0.009800,0.000000,0.010800,0.000000,0.000000,0.000000,0.004400,0.001900,0.002600,0.006600,0.000000
32,0.046332,1.043998,0.986100,0.889600,1076.000000,850160384.000000,1324570160.000000,237035520.000000,1571147776.000000,0.000600,0.000000,0.000000,0.000000,0.008800,0.000000,0.024100,0.000000,0.000000,0.000000,0.004100,0.002700,0.002300,0.006300,0.000000
33,0.047601,1.379804,1.382400,1.222600,1076.000000,850160408.000000,1324570160.000000,237035520.000000,1571147776.000000,0.000800,0.000000,0.000000,0.000000,0.024500,0.000000,0.011700,0.000000,0.000000,0.000000,0.008300,0.002700,0.003400,0.008900,0.000000
34,0.048656,1.100397,1.131600,0.991300,1076.000000,850160432.000000,1324570160.000000,237035520.000000,1571147776.000000,0.000700,0.000000,0.000000,0.000000,0.016400,0.000000,0.011700,0.000000,0.000000,0.000000,0.005200,0.002400,0.003300,0.008600,0.000000
35,0.049904,1.158702,1.152100,1.038200,1076.000000,850174816.000000,1324570160.000000,237035520.000000,1571147776.000000,0.000800,0.000000,0.000000,0.000000,0.010500,0.000000,0.010600,0.000000,0.000000,0.000000,0.004500,0.002000,0.002700,0.007600,0.000000
36,0.050919,1.122399,1.126900,0.958700,1076.000000,850166944.000000,1324570160.000000,237035520.000000,1571147776.000000,0.000700,0.000000,0.000000,0.000000,0.010300,0.000000,0.012000,0.000000,0.000000,0.000000,0.004600,0.003000,0.003000,0.007700,0.000000
37,0.052187,1.246202,1.137500,1.034100,1076.000000,850164328.000000,1324570160.000000,237035520.000000,1571147776.000000,0.000700,0.000000,0.000000,0.000000,0.008800,0.000000,0.010900,0.000000,0.000000,0.000000,0.006100,0.001900,0.003200,0.007200,0.000000
38,0.053227,1.050099,1.127000,0.920700,1076.000000,850164368.000000,1324570160.000000,237035520.000000,1571147776.000000,0.000700,0.000000,0.000000,0.000000,0.010000,0.000000,0.010900,0.000000,0.000000,0.000000,0.004700,0.002200,0.002500,0.007100,0.000000
39,0.054250,1.011997,1.038600,0.858900,1076.000000,850164832.000000,1324570160.000000,237035520.000000,1571147776.000000,0.000600,0.000000,0.000000,0.000000,0.010000,0.000000,0.027400,0.000000,0.000000,0.000000,0.004900,0.001900,0.002300,0.006900,0.000000
40,0.055552,1.316801,1.315200,1.214200,1076.000000,850165120.000000,1324570160.000000,237035520.000000,1571147776.000000,0.301200,0.039200,0.010900,0.103100,0.008800,0.018200,0.010000,0.013300,0.019400,0.012000,0.004500,0.002000,0.002400,0.004600,0.000000
41,0.056848,1.261302,1.246100,1.142000,1076.000000,850165160.000000,1324570160.000000,237035520.000000,1571147776.000000,0.000700,0.000000,0.000000,0.000000,0.010800,0.000000,0.011300,0.000000,0.000000,0.000000,0.006300,0.001800,0.003000,0.006900,0.000000
42,0.058168,1.327601,1.316400,1.200300,1076.000000,850169696.000000,1324570160.000000,237035520.000000,1571213312.000000,0.000600,0.000000,0.000000,0.000000,0.010700,0.000000,0.012800,0.000000,0.000000,0.000000,0.005100,0.002200,0.003100,0.007000,0.000000
43,0.059213,1.059899,1.068900,0.947600,1076.000000,850169712.000000,1324570160.000000,237035520.000000,1571213312.000000,0.000800,0.000000,0.000000,0.000000,0.010700,0.000000,0.012400,0.000000,0.000000,0.000000,0.004300,0.002600,0.003000,0.006700,0.000000
44,0.060267,1.084800,1.094100,0.987300,1076.000000,850169456.000000,1324570160.000000,237035520.000000,1571213312.000000,0.000900,0.000000,0.000000,0.000000,0.010300,0.000000,0.010800,0.000000,0.000000,0.000000,0.004600,0.002600,0.003100,0.006600,0.000000
45,0.061207,0.879599,0.878200,0.782100,1076.000000,850168632.000000,1324570160.000000,237035520.000000,1571213312.000000,0.000600,0.000000,0.000000,0.000000,0.009000,0.000000,0.010100,0.000000,0.000000,0.000000,0.004200,0.002800,0.002200,0.006400,0.000000
46,0.062532,1.323902,1.291300,1.187700,1076.000000,850168656.000000,1324570160.000000,237035520.000000,1571213312.000000,0.000700,0.000000,0.000000,0.000000,0.009300,0.000000,0.010900,0.000000,0.000000,0.000000,0.005900,0.002900,0.002600,0.007800,0.000000
47,0.063591,1.093495,1.109000,0.984400,1076.000000,850173200.000000,1324570160.000000,237035520.000000,1571213312.000000,0.000700,0.000000,0.000000,0.000000,0.011600,0.000000,0.011600,0.000000,0.000000,0.000000,0.004900,0.003100,0.003400,0.008400,0.000000
48,0.064492,0.928401,0.936600,0.833500,1076.000000,850172800.000000,1324570160.000000,237035520.000000,1571213312.000000,0.000800,0.000000,0.000000,0.000000,0.010500,0.000000,0.010600,0.000000,0.000000,0.000000,0.004500,0.002600,0.002800,0.007100,0.000000
49,0.065302,0.813804,0.814500,0.720800,1076.000000,850176920.000000,1324570160.000000,237035520.000000,1571213312.000000,0.000500,0.000000,0.000000,0.000000,0.008900,0.000000,0.010700,0.000000,0.000000,0.000000,0.003700,0.001800,0.002200,0.006200,0.000000
50,0.066644,1.218197,1.137700,1.030500,1076.000000,850176944.000000,1324570160.000000,237035520.000000,1571213312.000000,0.000600,0.000000,0.000000,0.000000,0.008200,0.000000,0.061200,0.000000,0.000000,0.000000,0.003500,0.001800,0.002200,0.006200,0.000000
51,0.067828,1.269501,1.326200,1.161800,1076.000000,850195448.000000,1324570160.000000,237035520.000000,1571213312.000000,0.000800,0.000000,0.000000,0.000000,0.014800,0.000000,0.071200,0.000000,0.000000,0.000000,0.004500,0.002100,0.002900,0.007500,0.000000
52,0.068926,1.107497,1.074100,0.965500,1076.000000,850183352.000000,1324570160.000000,237035520.000000,1571213312.000000,0.000700,0.000000,0.000000,0.000000,0.010700,0.000000,0.012700,0.000000,0.000000,0.000000,0.004400,0.002100,0.002600,0.007000,0.000000
53,0.070123,1.205704,1.238200,1.103700,1076.000000,850180736.000000,1324570160.000000,237035520.000000,1571213312.000000,0.000600,0.000000,0.000000,0.000000,0.009400,0.000000,0.029800,0.000000,0.000000,0.000000,0.004100,0.001900,0.002300,0.005100,0.000000
54,0.071418,1.277799,1.156500,1.053500,1076.000000,850180776.000000,1324570160.000000,237035520.000000,1571213312.000000,0.000600,0.000000,0.000000,0.000000,0.009800,0.000000,0.015200,0.000000,0.000000,0.000000,0.004800,0.002700,0.002400,0.006900,0.000000
55,0.072986,1.572102,1.685800,1.469300,1076.000000,850186088.000000,1324570160.000000,237035520.000000,1571213312.000000,0.320200,0.039400,0.011100,0.107600,0.009700,0.017100,0.024800,0.014200,0.019000,0.012000,0.004500,0.002000,0.002300,0.004800,0.000000
56,0.074095,1.110899,1.116900,1.014200,1076.000000,850186096.000000,1324570160.000000,237035520.000000,1571213312.000000,0.000800,0.000000,0.000000,0.000000,0.011400,0.000000,0.024500,0.000000,0.000000,0.000000,0.004500,0.002000,0.002300,0.006400,0.000000
57,0.075247,1.163598,1.158300,1.062400,1076.000000,850185712.000000,1324570160.000000,237035520.000000,1571213312.000000,0.000600,0.000000,0.000000,0.000000,0.008900,0.000000,0.024400,0.000000,0.000000,0.000000,0.003800,0.001800,0.002200,0.006200,0.000000
58,0.076410,1.171698,1.170800,1.073800,1076.000000,850185728.000000,1324570160.000000,237035520.000000,1571213312.000000,0.000700,0.000000,0.000000,0.000000,0.009800,0.000000,0.023700,0.000000,0.000000,0.000000,0.004200,0.001800,0.002300,0.006600,0.000000
59,0.077888,1.404599,1.381200,1.277300,1076.000000,850185416.000000,1324570160.000000,237035520.000000,1571213312.000000,0.000700,0.000000,0.000000,0.000000,0.008800,0.000000,0.011600,0.000000,0.000000,0.000000,0.004200,0.002400,0.002500,0.006800,0.000000
60,0.079344,1.426006,1.364300,1.247400,1076.000000,850185864.000000,1324570160.000000,237035520.000000,1571213312.000000,0.001000,0.000000,0.000000,0.000000,0.012400,0.000000,0.024800,0.000000,0.000000,0.000000,0.005300,0.002200,0.002900,0.007400,0.000000
61,0.080729,1.425694,1.492200,1.319300,1076.000000,850189136.000000,1324570160.000000,237035520.000000,1571213312.000000,0.000800,0.000000,0.000000,0.000000,0.009300,0.000000,0.026900,0.000000,0.000000,0.000000,0.008400,0.002200,0.003100,0.008000,0.000000
62,0.082644,1.805400,1.720700,1.594900,1076.000000,850193256.000000,1324570160.000000,237035520.000000,1571213312.000000,0.000800,0.000000,0.000000,0.000000,0.009900,0.000000,0.027000,0.000000,0.000000,0.000000,0.004700,0.002000,0.002700,0.007200,0.000000
63,0.083917,1.422102,1.499300,1.325800,1076.000000,850193704.000000,1324570160.000000,237035520.000000,1571213312.000000,0.000800,0.000000,0.000000,0.000000,0.021100,0.000000,0.020500,0.000000,0.000000,0.000000,0.008600,0.002800,0.003900,0.010400,0.000000
64,0.085339,1.441001,1.441800,1.337700,1076.000000,850186576.000000,1324570160.000000,237035520.000000,1571213312.000000,0.000700,0.000000,0.000000,0.000000,0.010100,0.000000,0.030100,0.000000,0.000000,0.000000,0.004500,0.002900,0.002900,0.007000,0.000000
65,0.086618,1.286799,1.287800,1.187300,1076.000000,850186600.000000,1324570160.000000,237035520.000000,1571213312.000000,0.000600,0.000000,0.000000,0.000000,0.009400,0.000000,0.019700,0.000000,0.000000,0.000000,0.004500,0.002400,0.002400,0.006700,0.000000
66,0.088190,1.425999,1.367900,1.259000,1076.000000,850186624.000000,1324570160.000000,237035520.000000,1571213312.000000,0.000600,0.000000,0.000000,0.000000,0.009300,0.000000,0.023500,0.000000,0.000000,0.000000,0.003900,0.002700,0.002100,0.006600,0.000000
67,0.089774,1.710906,1.755900,1.610200,1076.000000,850201384.000000,1324570160.000000,237035520.000000,1571213312.000000,0.316000,0.041200,0.011200,0.106500,0.017800,0.017200,0.036400,0.013400,0.019000,0.012000,0.007900,0.001800,0.003200,0.005900,0.000000
68,0.090965,1.201998,1.201100,1.097500,1076.000000,850193384.000000,1324570160.000000,237035520.000000,1571213312.000000,0.000600,0.000000,0.000000,0.000000,0.011000,0.000000,0.030100,0.000000,0.000000,0.000000,0.003900,0.002400,0.002400,0.006900,0.000000
69,0.092353,1.366298,1.360200,1.257400,1076.000000,850190768.000000,1324570160.000000,237035520.000000,1571213312.000000,0.000700,0.000000,0.000000,0.000000,0.009900,0.000000,0.029100,0.000000,0.000000,0.000000,0.003900,0.002700,0.002400,0.006500,0.000000
70,0.093806,1.427204,1.424300,1.318900,1076.000000,850191232.000000,1324570160.000000,237035520.000000,1571213312.000000,0.000600,0.000000,0.000000,0.000000,0.010200,0.000000,0.034500,0.000000,0.000000,0.000000,0.004900,0.002400,0.002800,0.006700,0.000000
71,0.094946,1.189300,1.193100,1.090300,1076.000000,850190896.000000,1324570160.000000,237035520.000000,1571213312.000000,0.000800,0.000000,0.000000,0.000000,0.010000,0.000000,0.078000,0.000000,0.000000,0.000000,0.006900,0.002000,0.002900,0.007600,0.000000
72,0.096758,1.658000,1.143700,1.044400,1076.000000,850190480.000000,1324570160.000000,237035520.000000,1571213312.000000,0.000600,0.000000,0.000000,0.000000,0.009000,0.000000,0.022000,0.000000,0.000000,0.000000,0.004000,0.001800,0.002100,0.006100,0.000000
73,0.098875,2.196294,2.606200,1.995800,1076.000000,850190520.000000,1324570160.000000,237035520.000000,1571213312.000000,0.001100,0.000000,0.000000,0.000000,0.018500,0.000000,0.039500,0.000000,0.000000,0.000000,0.007400,0.004100,0.004500,0.011400,0.000000
74,0.100368,1.529606,1.600400,1.406600,1076.000000,850194632.000000,1324570160.000000,237035520.000000,1571213312.000000,0.000800,0.000000,0.000000,0.000000,0.012100,0.000000,0.033000,0.000000,0.000000,0.000000,0.005800,0.002600,0.003400,0.009200,0.000000
75,0.101745,1.386494,1.392700,1.268300,1076.000000,850195072.000000,1324570160.000000,237035520.000000,1571213312.000000,0.000700,0.000000,0.000000,0.000000,0.010500,0.000000,0.032000,0.000000,0.000000,0.000000,0.005200,0.002700,0.003400,0.008000,0.000000
76,0.103106,1.369806,1.368400,1.254500,1076.000000,850195520.000000,1324570160.000000,237035520.000000,1571213312.000000,0.000700,0.000000,0.000000,0.000000,0.009800,0.000000,0.038300,0.000000,0.000000,0.000000,0.005200,0.003000,0.002900,0.007300,0.000000
77,0.104337,1.255499,1.243200,1.134700,1076.000000,850194696.000000,1324570160.000000,237035520.000000,1571213312.000000,0.000700,0.000000,0.000000,0.000000,0.010400,0.000000,0.018200,0.000000,0.000000,0.000000,0.004900,0.003000,0.002700,0.007200,0.000000
78,0.105825,1.478600,1.493500,1.376200,1076.000000,850195144.000000,1324570160.000000,237035520.000000,1571213312.000000,0.315700,0.040900,0.011900,0.102700,0.009500,0.017800,0.031400,0.013500,0.019100,0.012700,0.004300,0.002300,0.002400,0.004600,0.000000
79,0.107145,1.315200,1.313200,1.212200,1076.000000,850195592.000000,1324570160.000000,237035520.000000,1571213312.000000,0.000800,0.000000,0.000000,0.000000,0.011700,0.000000,0.023700,0.000000,0.000000,0.000000,0.004400,0.002500,0.002500,0.006600,0.000000
80,0.108523,1.373597,1.360800,1.258500,1076.000000,850195192.000000,1324570160.000000,237035520.000000,1571213312.000000,0.000800,0.000000,0.000000,0.000000,0.009800,0.000000,0.030000,0.000000,0.000000,0.000000,0.004000,0.002100,0.002500,0.006500,0.000000
81,0.109788,1.270805,1.259900,1.150700,1076.000000,850203408.000000,1324570160.000000,237035520.000000,1571213312.000000,0.000700,0.000000,0.000000,0.000000,0.010000,0.000000,0.043900,0.000000,0.000000,0.000000,0.004200,0.002700,0.002400,0.007000,0.000000
82,0.110977,1.193899,1.190600,1.089700,1076.000000,850203008.000000,1324570160.000000,237035520.000000,1571213312.000000,0.000600,0.000000,0.000000,0.000000,0.010700,0.000000,0.039400,0.000000,0.000000,0.000000,0.004500,0.002100,0.002300,0.006400,0.000000
83,0.112811,1.588797,1.460300,1.338300,1076.000000,850217504.000000,1324570160.000000,237035520.000000,1571213312.000000,0.000600,0.000000,0.000000,0.000000,0.009500,0.000000,0.019700,0.000000,0.000000,0.000000,0.004100,0.001900,0.002200,0.006500,0.000000
84,0.114441,1.816199,1.926300,1.729400,1076.000000,850205832.000000,1324570160.000000,237035520.000000,1571213312.000000,0.000700,0.000000,0.000000,0.000000,0.013000,0.000000,0.125500,0.000000,0.000000,0.000000,0.047000,0.002800,0.004400,0.009200,0.000000
85,0.115795,1.397605,1.405100,1.293600,1076.000000,850202792.000000,1324570160.000000,237035520.000000,1571213312.000000,0.000800,0.000000,0.000000,0.000000,0.011400,0.000000,0.125000,0.000000,0.000000,0.000000,0.005400,0.002700,0.003700,0.008200,0.000000
86,0.117313,1.468197,1.453500,1.345400,1076.000000,850202832.000000,1324570160.000000,237035520.000000,1571213312.000000,0.000700,0.000000,0.000000,0.000000,0.010300,0.000000,0.038600,0.000000,0.000000,0.000000,0.005000,0.002400,0.003200,0.006700,0.000000
87,0.118433,1.173101,1.176000,1.062400,1076.000000,850207392.000000,1324570160.000000,237035520.000000,1571213312.000000,0.000700,0.000000,0.000000,0.000000,0.011400,0.000000,0.011900,0.000000,0.000000,0.000000,0.006500,0.002500,0.003300,0.007300,0.000000
88,0.119321,0.913102,0.922800,0.817700,1076.000000,850206976.000000,1324570160.000000,237035520.000000,1571213312.000000,0.000700,0.000000,0.000000,0.000000,0.010000,0.000000,0.010600,0.000000,0.000000,0.000000,0.004900,0.002800,0.003100,0.007000,0.000000
89,0.120168,0.846294,0.845900,0.753500,1076.000000,850207144.000000,1324570160.000000,237035520.000000,1571213312.000000,0.000600,0.000000,0.000000,0.000000,0.008100,0.000000,0.010600,0.000000,0.000000,0.000000,0.004000,0.002500,0.002600,0.006700,0.000000
90,0.120987,0.825206,0.821800,0.731400,1076.000000,850207160.000000,1324570160.000000,237035520.000000,1571213312.000000,0.000700,0.000000,0.000000,0.000000,0.007900,0.000000,0.010000,0.000000,0.000000,0.000000,0.003800,0.001700,0.002000,0.005700,0.000000
91,0.122567,1.524596,1.395200,1.298000,1076.000000,850209856.000000,1324570160.000000,237035520.000000,1571213312.000000,0.374700,0.039800,0.011500,0.116600,0.008000,0.016900,0.010100,0.021900,0.021800,0.011400,0.003500,0.001900,0.002000,0.004500,0.000000
92,0.123681,1.145805,1.253400,1.036900,1076.000000,850210304.000000,1324570160.000000,237035520.000000,1571213312.000000,0.000700,0.000000,0.000000,0.000000,0.012000,0.000000,0.011200,0.000000,0.000000,0.000000,0.004600,0.002100,0.003000,0.007400,0.000000
93,0.124615,0.943998,0.952900,0.845700,1076.000000,850209480.000000,1324570160.000000,237035520.000000,1571213312.000000,0.000700,0.000000,0.000000,0.000000,0.009400,0.000000,0.010300,0.000000,0.000000,0.000000,0.004100,0.002000,0.002500,0.006300,0.000000
94,0.125588,0.966298,0.962300,0.866000,1076.000000,850213600.000000,1324570160.000000,237035520.000000,1571213312.000000,0.000700,0.000000,0.000000,0.000000,0.009100,0.000000,0.024500,0.000000,0.000000,0.000000,0.004300,0.001900,0.002500,0.006000,0.000000
95,0.126465,0.887103,0.885300,0.788100,1076.000000,850211856.000000,1324570160.000000,237035520.000000,1571213312.000000,0.000700,0.000000,0.000000,0.000000,0.009500,0.000000,0.010700,0.000000,0.000000,0.000000,0.004300,0.002000,0.002300,0.006700,0.000000
96,0.127479,0.975397,0.966300,0.866800,1076.000000,850211456.000000,1324570160.000000,237035520.000000,1571213312.000000,0.000700,0.000000,0.000000,0.000000,0.009200,0.000000,0.010700,0.000000,0.000000,0.000000,0.003800,0.002100,0.002200,0.006200,0.000000
97,0.128504,1.047003,1.044800,0.940200,1076.000000,850211608.000000,1324570160.000000,237035520.000000,1571213312.000000,0.000600,0.000000,0.000000,0.000000,0.009800,0.000000,0.014300,0.000000,0.000000,0.000000,0.007500,0.002200,0.003000,0.007100,0.000000
98,0.129603,1.098398,1.094600,0.991600,1076.000000,850216152.000000,1324570160.000000,237035520.000000,1571213312.000000,0.000600,0.000000,0.000000,0.000000,0.009500,0.000000,0.012100,0.000000,0.000000,0.000000,0.003900,0.001900,0.002200,0.006000,0.000000
99,0.130546,0.955201,0.957300,0.855300,1076.000000,850230120.000000,1324570160.000000,237035520.000000,1571213312.000000,0.000800,0.000000,0.000000,0.000000,0.010100,0.000000,0.012100,0.000000,0.000000,0.000000,0.004600,0.001900,0.002500,0.006800,0.000000
100,0.131643,1.077501,1.065600,0.966500,1076.000000,850222120.000000,1324570160.000000,237035520.000000,1571213312.000000,0.000600,0.000000,0.000000,0.000000,0.009200,0.000000,0.011500,0.000000,0.000000,0.000000,0.004200,0.002200,0.002200,0.006900,0.000000
101,0.133181,1.442297,1.402900,1.290000,1076.000000,850219504.000000,1324570160.000000,237035520.000000,1571213312.000000,0.000900,0.000000,0.000000,0.000000,0.012600,0.000000,0.011100,0.000000,0.000000,0.000000,0.004300,0.002100,0.002400,0.007600,0.000000
102,0.134434,1.333099,1.358700,1.217800,1076.000000,850219544.000000,1324570160.000000,237035520.000000,1571213312.000000,0.001000,0.000000,0.000000,0.000000,0.011400,0.000000,0.012200,0.000000,0.000000,0.000000,0.007700,0.002500,0.003900,0.009200,0.000000
103,0.135488,1.091603,1.102300,0.990400,1076.000000,850229760.000000,1324570160.000000,237035520.000000,1571213312.000000,0.000800,0.000000,0.000000,0.000000,0.010100,0.000000,0.010900,0.000000,0.000000,0.000000,0.004300,0.002900,0.002800,0.007100,0.000000
104,0.136361,0.877296,0.879100,0.781200,1076.000000,850230416.000000,1324570160.000000,237035520.000000,1571213312.000000,0.000700,0.000000,0.000000,0.000000,0.008800,0.000000,0.010300,0.000000,0.000000,0.000000,0.003900,0.001700,0.002300,0.004400,0.000000
105,0.137322,0.935204,0.876900,0.781400,1076.000000,850230456.000000,1324570160.000000,237035520.000000,1571213312.000000,0.000700,0.000000,0.000000,0.000000,0.009100,0.000000,0.010200,0.000000,0.000000,0.000000,0.004100,0.001700,0.002100,0.006200,0.000000
106,0.138568,1.267099,1.315600,1.170400,1076.000000,850234848.000000,1324570160.000000,237035520.000000,1571278848.000000,0.332000,0.042900,0.011400,0.109200,0.009800,0.016900,0.015200,0.032600,0.018700,0.013800,0.004300,0.002100,0.002300,0.005300,0.000000
107,0.139465,0.904500,0.906600,0.808700,1076.000000,850235288.000000,1324570160.000000,237035520.000000,1571278848.000000,0.000700,0.000000,0.000000,0.000000,0.010400,0.000000,0.010300,0.000000,0.000000,0.000000,0.004200,0.001900,0.002200,0.005800,0.000000
108,0.140506,1.042800,0.927300,0.833200,1076.000000,850235736.000000,1324570160.000000,237035520.000000,1571278848.000000,0.000700,0.000000,0.000000,0.000000,0.008600,0.000000,0.010100,0.000000,0.000000,0.000000,0.003700,0.001800,0.002100,0.006000,0.000000
109,0.141614,1.082200,1.167800,0.960200,1076.000000,850234912.000000,1324570160.000000,237035520.000000,1571278848.000000,0.000600,0.000000,0.000000,0.000000,0.008600,0.000000,0.009800,0.000000,0.000000,0.000000,0.003900,0.002200,0.002000,0.006300,0.000000
110,0.142587,0.984198,0.996400,0.878800,1076.000000,850234816.000000,1324570160.000000,237035520.000000,1571278848.000000,0.000600,0.000000,0.000000,0.000000,0.010200,0.000000,0.010500,0.000000,0.000000,0.000000,0.004500,0.002100,0.002500,0.006800,0.000000
111,0.143443,0.869997,0.877200,0.775400,1076.000000,850235264.000000,1324570160.000000,237035520.000000,1571278848.000000,0.000700,0.000000,0.000000,0.000000,0.009500,0.000000,0.010500,0.000000,0.000000,0.000000,0.004200,0.002600,0.002100,0.006900,0.000000
112,0.144316,0.878302,0.871600,0.779200,1076.000000,850235288.000000,1324570160.000000,237035520.000000,1571278848.000000,0.000600,0.000000,0.000000,0.000000,0.009100,0.000000,0.011700,0.000000,0.000000,0.000000,0.003700,0.002500,0.002100,0.006500,0.000000
113,0.145277,0.961104,0.960900,0.864500,1076.000000,850239128.000000,1324570160.000000,237035520.000000,1571278848.000000,0.000600,0.000000,0.000000,0.000000,0.008400,0.000000,0.011100,0.000000,0.000000,0.000000,0.003600,0.002200,0.002200,0.006400,0.000000
114,0.146122,0.818899,0.815500,0.722400,1076.000000,850239136.000000,1324570160.000000,237035520.000000,1571278848.000000,0.000600,0.000000,0.000000,0.000000,0.008600,0.000000,0.010200,0.000000,0.000000,0.000000,0.003600,0.002300,0.002300,0.006200,0.000000
115,0.147782,1.592701,1.510800,1.303800,1076.000000,850261992.000000,1324570160.000000,237035520.000000,1571278848.000000,0.000700,0.000000,0.000000,0.000000,0.008200,0.000000,0.010200,0.000000,0.000000,0.000000,0.004600,0.001700,0.002200,0.006200,0.000000
116,0.148973,1.210296,1.239600,1.071100,1076.000000,850250008.000000,1324570160.000000,237035520.000000,1571278848.000000,0.000700,0.000000,0.000000,0.000000,0.014600,0.000000,0.013000,0.000000,0.000000,0.000000,0.005400,0.002700,0.003400,0.009300,0.000000
117,0.150304,1.362401,1.363600,1.224100,1076.000000,850247392.000000,1324570160.000000,237035520.000000,1571278848.000000,0.000700,0.000000,0.000000,0.000000,0.011100,0.000000,0.011900,0.000000,0.000000,0.000000,0.005900,0.002200,0.003100,0.008300,0.000000
118,0.151433,1.122102,1.155500,1.022600,1076.000000,850247432.000000,1324570160.000000,237035520.000000,1571278848.000000,0.000600,0.000000,0.000000,0.000000,0.010400,0.000000,0.011000,0.000000,0.000000,0.000000,0.004300,0.002900,0.002400,0.006900,0.000000
119,0.152695,1.275702,1.259900,1.156300,1076.000000,850251984.000000,1324570160.000000,237035520.000000,1571278848.000000,0.000700,0.000000,0.000000,0.000000,0.009900,0.000000,0.011000,0.000000,0.000000,0.000000,0.051300,0.002000,0.003000,0.007700,0.000000
120,0.153593,0.919196,0.930000,0.817600,1076.000000,850251568.000000,1324570160.000000,237035520.000000,1571278848.000000,0.000700,0.000000,0.000000,0.000000,0.010300,0.000000,0.010500,0.000000,0.000000,0.000000,0.004700,0.002200,0.003000,0.005900,0.000000
121,0.154510,0.908702,0.895600,0.798300,1076.000000,850251616.000000,1324570160.000000,237035520.000000,1571278848.000000,0.000600,0.000000,0.000000,0.000000,0.009700,0.000000,0.009900,0.000000,0.000000,0.000000,0.003900,0.001900,0.002200,0.005900,0.000000
122,0.155654,1.160799,1.174200,1.065600,1076.000000,850252288.000000,1324570160.000000,237035520.000000,1571278848.000000,0.311600,0.036500,0.011600,0.117100,0.008700,0.019000,0.009700,0.013500,0.019500,0.011700,0.004200,0.001900,0.002300,0.004400,0.000000
123,0.156816,1.142900,0.828600,0.736500,1076.000000,850252728.000000,1324570160.000000,237035520.000000,1571278848.000000,0.000700,0.000000,0.000000,0.000000,0.009900,0.000000,0.010200,0.000000,0.000000,0.000000,0.004000,0.001800,0.002100,0.005700,0.000000
124,0.157926,1.111097,1.410800,1.007100,1076.000000,850253176.000000,1324570160.000000,237035520.000000,1571278848.000000,0.000700,0.000000,0.000000,0.000000,0.009900,0.000000,0.010400,0.000000,0.000000,0.000000,0.004200,0.002700,0.002400,0.006500,0.000000
125,0.158852,0.940299,0.940700,0.838600,1076.000000,850252352.000000,1324570160.000000,237035520.000000,1571278848.000000,0.000600,0.000000,0.000000,0.000000,0.009900,0.000000,0.010800,0.000000,0.000000,0.000000,0.004400,0.002200,0.002600,0.006500,0.000000
126,0.159747,0.901304,0.906100,0.807600,1076.000000,850256272.000000,1324570160.000000,237035520.000000,1571278848.000000,0.000600,0.000000,0.000000,0.000000,0.008900,0.000000,0.011200,0.000000,0.000000,0.000000,0.004100,0.001700,0.002200,0.005900,0.000000
127,0.160573,0.833702,0.831700,0.740600,1076.000000,850256288.000000,1324570160.000000,237035520.000000,1571278848.000000,0.000600,0.000000,0.000000,0.000000,0.008600,0.000000,0.010800,0.000000,0.000000,0.000000,0.003900,0.001700,0.002200,0.005900,0.000000
128,0.161850,1.112897,1.095100,0.982100,1076.000000,850255888.000000,1324570160.000000,237035520.000000,1571278848.000000,0.000600,0.000000,0.000000,0.000000,0.008300,0.000000,0.009900,0.000000,0.000000,0.000000,0.003600,0.002400,0.002300,0.005900,0.000000
129,0.162977,1.253401,1.244500,1.136100,1076.000000,850255920.000000,1324570160.000000,237035520.000000,1571278848.000000,0.000800,0.000000,0.000000,0.000000,0.010600,0.000000,0.011100,0.000000,0.000000,0.000000,0.008200,0.002100,0.003200,0.008800,0.000000
130,0.164075,1.108603,1.095200,0.982500,1076.000000,850255944.000000,1324570160.000000,237035520.000000,1571278848.000000,0.000700,0.000000,0.000000,0.000000,0.010500,0.000000,0.010700,0.000000,0.000000,0.000000,0.004800,0.002200,0.002600,0.007900,0.000000
131,0.165143,0.994494,0.997200,0.877100,1076.000000,850270448.000000,1324570160.000000,237035520.000000,1571278848.000000,0.000700,0.000000,0.000000,0.000000,0.009900,0.000000,0.011000,0.000000,0.000000,0.000000,0.004300,0.002600,0.002400,0.006900,0.000000
132,0.166382,1.165802,1.063800,0.951200,1076.000000,850266544.000000,1324570160.000000,237035520.000000,1571278848.000000,0.000700,0.000000,0.000000,0.000000,0.009700,0.000000,0.012200,0.000000,0.000000,0.000000,0.008000,0.002200,0.003000,0.008200,0.000000
133,0.167827,1.440101,1.526100,1.276800,1076.000000,850263936.000000,1324570160.000000,237035520.000000,1571278848.000000,0.000800,0.000000,0.000000,0.000000,0.017400,0.000000,0.011300,0.000000,0.000000,0.000000,0.008500,0.002400,0.003300,0.010000,0.000000
134,0.169088,1.406300,1.420300,1.291100,1076.000000,850253152.000000,1324570160.000000,237035520.000000,1571278848.000000,0.000700,0.000000,0.000000,0.000000,0.026000,0.000000,0.011100,0.000000,0.000000,0.000000,0.005600,0.002600,0.003500,0.009200,0.000000
135,0.170003,0.941801,0.952300,0.843800,1076.000000,850253616.000000,1324570160.000000,237035520.000000,1571278848.000000,0.000700,0.000000,0.000000,0.000000,0.010500,0.000000,0.010700,0.000000,0.000000,0.000000,0.004600,0.002100,0.002900,0.006700,0.000000
136,0.170863,0.860700,0.861400,0.766000,1076.000000,850253200.000000,1324570160.000000,237035520.000000,1571278848.000000,0.000600,0.000000,0.000000,0.000000,0.008600,0.000000,0.009800,0.000000,0.000000,0.000000,0.003500,0.002200,0.002100,0.006500,0.000000
137,0.172486,1.579599,1.360300,1.263700,1076.000000,850253568.000000,1324570160.000000,237035520.000000,1571278848.000000,0.304400,0.042100,0.011700,0.101200,0.008700,0.017100,0.009900,0.013400,0.019500,0.012500,0.003400,0.001900,0.002000,0.004600,0.000000
138,0.173644,1.185601,1.389300,1.082300,1076.000000,850257696.000000,1324570160.000000,237035520.000000,1571278848.000000,0.000600,0.000000,0.000000,0.000000,0.012700,0.000000,0.010400,0.000000,0.000000,0.000000,0.009000,0.002600,0.002400,0.006300,0.000000
139,0.174564,0.916801,0.920200,0.819200,1076.000000,850258128.000000,1324570160.000000,237035520.000000,1571278848.000000,0.000700,0.000000,0.000000,0.000000,0.009200,0.000000,0.010400,0.000000,0.000000,0.000000,0.004100,0.001700,0.002400,0.006000,0.000000
140,0.175438,0.894898,0.897000,0.802300,1076.000000,850259000.000000,1324570160.000000,237035520.000000,1571278848.000000,0.000600,0.000000,0.000000,0.000000,0.008500,0.000000,0.011200,0.000000,0.000000,0.000000,0.004000,0.002100,0.002300,0.006300,0.000000
141,0.176439,0.997201,0.994100,0.903500,1076.000000,850257512.000000,1324570160.000000,237035520.000000,1571278848.000000,0.000600,0.000000,0.000000,0.000000,0.008500,0.000000,0.010400,0.000000,0.000000,0.000000,0.003800,0.002100,0.002300,0.005900,0.000000
142,0.177569,0.867397,0.862600,0.771900,1076.000000,850257536.000000,1324570160.000000,237035520.000000,1571278848.000000,0.000500,0.000000,0.000000,0.000000,0.008400,0.000000,0.009600,0.000000,0.000000,0.000000,0.003700,0.001700,0.002300,0.006100,0.000000
143,0.178505,1.192503,1.133300,1.040400,1076.000000,850257984.000000,1324570160.000000,237035520.000000,1571278848.000000,0.000700,0.000000,0.000000,0.000000,0.008600,0.000000,0.010100,0.000000,0.000000,0.000000,0.006500,0.001900,0.003000,0.007300,0.000000
144,0.179601,1.007703,0.946300,0.851500,1076.000000,850257584.000000,1324570160.000000,237035520.000000,1571278848.000000,0.000700,0.000000,0.000000,0.000000,0.008700,0.000000,0.010200,0.000000,0.000000,0.000000,0.004200,0.001700,0.002300,0.006300,0.000000
145,0.180800,1.287897,1.341300,1.189300,1076.000000,850261704.000000,1324570160.000000,237035520.000000,1571278848.000000,0.000700,0.000000,0.000000,0.000000,0.029700,0.000000,0.012400,0.000000,0.000000,0.000000,0.005600,0.001800,0.002400,0.006500,0.000000
146,0.181832,1.021499,1.020300,0.920100,1076.000000,850265824.000000,1324570160.000000,237035520.000000,1571278848.000000,0.000600,0.000000,0.000000,0.000000,0.008600,0.000000,0.010000,0.000000,0.000000,0.000000,0.003500,0.001900,0.002300,0.005600,0.000000
147,0.183135,1.224901,1.206800,1.104400,1076.000000,850280208.000000,1324570160.000000,237035520.000000,1571278848.000000,0.000800,0.000000,0.000000,0.000000,0.009100,0.000000,0.010500,0.000000,0.000000,0.000000,0.003700,0.002100,0.002500,0.006000,0.000000
148,0.184337,1.274398,1.272400,1.110300,1076.000000,850268112.000000,1324570160.000000,237035520.000000,1571278848.000000,0.000900,0.000000,0.000000,0.000000,0.010600,0.000000,0.012400,0.000000,0.000000,0.000000,0.005800,0.002600,0.003800,0.008500,0.000000
149,0.185266,0.948505,0.962600,0.855000,1076.000000,850269592.000000,1324570160.000000,237035520.000000,1571278848.000000,0.000700,0.000000,0.000000,0.000000,0.009400,0.000000,0.010000,0.000000,0.000000,0.000000,0.003900,0.002700,0.002800,0.006700,0.000000
150,0.186339,1.071599,1.069400,0.976900,1076.000000,850269632.000000,1324570160.000000,237035520.000000,1571278848.000000,0.000700,0.000000,0.000000,0.000000,0.008600,0.000000,0.010100,0.000000,0.000000,0.000000,0.003600,0.001800,0.002600,0.006100,0.000000
151,0.187513,1.164498,0.967400,0.873600,1076.000000,850274184.000000,1324570160.000000,237035520.000000,1571278848.000000,0.000600,0.000000,0.000000,0.000000,0.008200,0.000000,0.009700,0.000000,0.000000,0.000000,0.003500,0.001800,0.002400,0.006100,0.000000
152,0.188735,1.224901,1.226900,1.127000,1076.000000,850274512.000000,1324570160.000000,237035520.000000,1571278848.000000,0.305200,0.039900,0.012000,0.098200,0.009200,0.017900,0.010000,0.013600,0.018600,0.011600,0.004100,0.001900,0.002400,0.004700,0.000000
153,0.189584,0.860601,0.862600,0.768000,1076.000000,850274560.000000,1324570160.000000,237035520.000000,1571278848.000000,0.000600,0.000000,0.000000,0.000000,0.010800,0.000000,0.010100,0.000000,0.000000,0.000000,0.004300,0.002300,0.002000,0.006400,0.000000
154,0.190449,0.871797,0.872100,0.781900,1076.000000,850275000.000000,1324570160.000000,237035520.000000,1571278848.000000,0.000600,0.000000,0.000000,0.000000,0.008900,0.000000,0.011500,0.000000,0.000000,0.000000,0.003500,0.002100,0.002100,0.006500,0.000000
155,0.191242,0.789902,0.783000,0.696000,1076.000000,850275016.000000,1324570160.000000,237035520.000000,1571278848.000000,0.000700,0.000000,0.000000,0.000000,0.008200,0.000000,0.010900,0.000000,0.000000,0.000000,0.003500,0.002100,0.002000,0.006000,0.000000
156,0.192049,0.802303,0.801600,0.707200,1076.000000,850274760.000000,1324570160.000000,237035520.000000,1571278848.000000,0.000600,0.000000,0.000000,0.000000,0.007800,0.000000,0.009700,0.000000,0.000000,0.000000,0.003400,0.001700,0.002100,0.005700,0.000000
157,0.193411,1.336494,1.316600,1.221200,1076.000000,850273936.000000,1324570160.000000,237035520.000000,1571278848.000000,0.000700,0.000000,0.000000,0.000000,0.008500,0.000000,0.010100,0.000000,0.000000,0.000000,0.003700,0.001700,0.002300,0.005900,0.000000
158,0.194716,1.259205,1.253400,1.144900,1076.000000,850278056.000000,1324570160.000000,237035520.000000,1571278848.000000,0.000700,0.000000,0.000000,0.000000,0.009800,0.000000,0.028200,0.000000,0.000000,0.000000,0.004600,0.001900,0.002600,0.006200,0.000000
159,0.195938,1.225999,1.235000,1.133900,1076.000000,850278504.000000,1324570160.000000,237035520.000000,1571278848.000000,0.000700,0.000000,0.000000,0.000000,0.008500,0.000000,0.098400,0.000000,0.000000,0.000000,0.006700,0.001900,0.002700,0.007700,0.000000
160,0.198075,2.079599,2.042000,1.927400,1076.000000,850278104.000000,1324570160.000000,237035520.000000,1571278848.000000,0.000800,0.000000,0.000000,0.000000,0.009800,0.000000,0.051100,0.000000,0.000000,0.000000,0.006500,0.002100,0.002600,0.007100,0.000000
161,0.199884,1.856803,1.750500,1.612300,1076.000000,850278128.000000,1324570160.000000,237035520.000000,1571278848.000000,0.000700,0.000000,0.000000,0.000000,0.013600,0.000000,0.112200,0.000000,0.000000,0.000000,0.006400,0.002800,0.003900,0.010100,0.000000
162,0.201322,1.356994,1.484900,1.253100,1076.000000,850278152.000000,1324570160.000000,237035520.000000,1571278848.000000,0.000800,0.000000,0.000000,0.000000,0.010700,0.000000,0.049200,0.000000,0.000000,0.000000,0.005600,0.002700,0.003400,0.007700,0.000000
163,0.202970,1.751105,1.733600,1.620700,1076.000000,850292536.000000,1324570160.000000,237035520.000000,1571278848.000000,0.000800,0.000000,0.000000,0.000000,0.030200,0.000000,0.045800,0.000000,0.000000,0.000000,0.009300,0.002300,0.003700,0.008500,0.000000
164,0.204287,1.219395,1.215600,1.096500,1076.000000,850284536.000000,1324570160.000000,237035520.000000,1571278848.000000,0.000700,0.000000,0.000000,0.000000,0.011200,0.000000,0.077000,0.000000,0.000000,0.000000,0.004700,0.002100,0.003200,0.005600,0.000000
165,0.205749,1.587705,1.581800,1.462400,1128.000000,850282272.000000,1324570160.000000,237035520.000000,1571278848.000000,0.328300,0.041500,0.011300,0.103100,0.009400,0.016600,0.014700,0.013600,0.018800,0.041100,0.006500,0.002000,0.003100,0.005300,0.000000
166,0.207006,1.263499,1.280900,1.158800,1076.000000,850286408.000000,1324570160.000000,237035520.000000,1571278848.000000,0.000700,0.000000,0.000000,0.000000,0.010900,0.000000,0.084000,0.000000,0.000000,0.000000,0.004100,0.002200,0.002400,0.006900,0.000000
167,0.208406,1.401800,1.398400,1.295000,1076.000000,850286872.000000,1324570160.000000,237035520.000000,1571278848.000000,0.000700,0.000000,0.000000,0.000000,0.010100,0.000000,0.025400,0.000000,0.000000,0.000000,0.004900,0.002400,0.002300,0.006500,0.000000
168,0.209454,1.048696,1.049000,0.948400,1076.000000,850286880.000000,1324570160.000000,237035520.000000,1571278848.000000,0.000700,0.000000,0.000000,0.000000,0.009800,0.000000,0.017300,0.000000,0.000000,0.000000,0.004200,0.002300,0.002100,0.006500,0.000000
169,0.210589,1.128501,1.130300,1.033300,1076.000000,850286168.000000,1324570160.000000,237035520.000000,1571278848.000000,0.000700,0.000000,0.000000,0.000000,0.009200,0.000000,0.093700,0.000000,0.000000,0.000000,0.003900,0.002000,0.002300,0.006500,0.000000
170,0.211871,1.177601,1.169200,1.075500,1076.000000,850290280.000000,1324570160.000000,237035520.000000,1571344384.000000,0.000700,0.000000,0.000000,0.000000,0.009000,0.000000,0.023400,0.000000,0.000000,0.000000,0.003800,0.001700,0.002100,0.006500,0.000000
171,0.213705,1.903501,1.878200,1.769900,1076.000000,850290720.000000,1324570160.000000,237035520.000000,1571344384.000000,0.000800,0.000000,0.000000,0.000000,0.009600,0.000000,0.022000,0.000000,0.000000,0.000000,0.006700,0.003300,0.004200,0.010300,0.000000
172,0.214986,1.296903,1.309200,1.187500,1076.000000,850291168.000000,1324570160.000000,237035520.000000,1571344384.000000,0.000700,0.000000,0.000000,0.000000,0.011100,0.000000,0.017800,0.000000,0.000000,0.000000,0.005100,0.002400,0.003200,0.007000,0.000000
173,0.216478,1.500298,1.489900,1.379600,1076.000000,850290344.000000,1324570160.000000,237035520.000000,1571344384.000000,0.000700,0.000000,0.000000,0.000000,0.010100,0.000000,0.034000,0.000000,0.000000,0.000000,0.004800,0.002700,0.002600,0.006600,0.000000
174,0.218065,1.574398,1.547400,1.429800,1076.000000,850290376.000000,1324570160.000000,237035520.000000,1571344384.000000,0.001000,0.000000,0.000000,0.000000,0.009700,0.000000,0.106000,0.000000,0.000000,0.000000,0.003800,0.002200,0.003000,0.007000,0.000000
175,0.219514,1.457405,1.479600,1.271000,1076.000000,850290816.000000,1324570160.000000,237035520.000000,1571344384.000000,0.000800,0.000000,0.000000,0.000000,0.010300,0.000000,0.028600,0.000000,0.000000,0.000000,0.003900,0.002000,0.003000,0.007000,0.000000
176,0.220871,1.374100,1.373800,1.249800,1076.000000,850290416.000000,1324570160.000000,237035520.000000,1571344384.000000,0.000700,0.000000,0.000000,0.000000,0.010500,0.000000,0.025800,0.000000,0.000000,0.000000,0.005200,0.003000,0.002700,0.007000,0.000000
177,0.222534,1.652898,1.589300,1.476000,1076.000000,850294944.000000,1324570160.000000,237035520.000000,1571344384.000000,0.418600,0.043600,0.012500,0.105400,0.009900,0.017400,0.011200,0.015400,0.019400,0.012700,0.004300,0.002300,0.002700,0.005300,0.000000
178,0.223744,1.217900,1.272000,1.104100,1076.000000,850294968.000000,1324570160.000000,237035520.000000,1571344384.000000,0.000800,0.000000,0.000000,0.000000,0.011400,0.000000,0.019100,0.000000,0.000000,0.000000,0.004100,0.001900,0.002900,0.006700,0.000000
179,0.224987,1.259496,1.272600,1.163300,1076.000000,850313448.000000,1324570160.000000,237035520.000000,1571344384.000000,0.000700,0.000000,0.000000,0.000000,0.010500,0.000000,0.026900,0.000000,0.000000,0.000000,0.004600,0.002400,0.002500,0.006700,0.000000
180,0.226000,1.014002,1.010300,0.916400,1076.000000,850301352.000000,1324570160.000000,237035520.000000,1571344384.000000,0.000800,0.000000,0.000000,0.000000,0.008700,0.000000,0.027900,0.000000,0.000000,0.000000,0.003800,0.001900,0.002400,0.006100,0.000000
181,0.227308,1.185700,1.173400,1.076000,1076.000000,850298360.000000,1324570160.000000,237035520.000000,1571344384.000000,0.000600,0.000000,0.000000,0.000000,0.009200,0.000000,0.020200,0.000000,0.000000,0.000000,0.004700,0.002200,0.002200,0.006300,0.000000
182,0.228515,1.315802,1.322400,1.218800,1076.000000,850298824.000000,1324570160.000000,237035520.000000,1571344384.000000,0.000700,0.000000,0.000000,0.000000,0.021600,0.000000,0.172100,0.000000,0.000000,0.000000,0.006700,0.001700,0.003000,0.007500,0.000000
183,0.229730,1.220500,1.215700,1.119700,1076.000000,850307056.000000,1324570160.000000,237035520.000000,1571344384.000000,0.000700,0.000000,0.000000,0.000000,0.009200,0.000000,0.092300,0.000000,0.000000,0.000000,0.004300,0.001800,0.002300,0.006900,0.000000
184,0.231090,1.243502,1.237300,1.138300,1076.000000,850306640.000000,1324570160.000000,237035520.000000,1571344384.000000,0.000600,0.000000,0.000000,0.000000,0.009500,0.000000,0.117100,0.000000,0.000000,0.000000,0.004100,0.002400,0.002300,0.006500,0.000000
185,0.233378,2.159595,2.119100,2.001800,1076.000000,850306680.000000,1324570160.000000,237035520.000000,1571344384.000000,0.000700,0.000000,0.000000,0.000000,0.009300,0.000000,0.069100,0.000000,0.000000,0.000000,0.006600,0.002500,0.002800,0.007700,0.000000
186,0.234890,1.650404,1.661600,1.520200,1076.000000,850306696.000000,1324570160.000000,237035520.000000,1571344384.000000,0.000900,0.000000,0.000000,0.000000,0.022000,0.000000,0.056700,0.000000,0.000000,0.000000,0.006700,0.002900,0.004100,0.009100,0.000000
187,0.236175,1.276899,1.286900,1.162800,1076.000000,850307136.000000,1324570160.000000,237035520.000000,1571344384.000000,0.000800,0.000000,0.000000,0.000000,0.012800,0.000000,0.034100,0.000000,0.000000,0.000000,0.005700,0.002400,0.003400,0.007900,0.000000
188,0.237226,1.163102,1.162100,1.052000,1076.000000,850307608.000000,1324570160.000000,237035520.000000,1571344384.000000,0.000700,0.000000,0.000000,0.000000,0.009700,0.000000,0.010300,0.000000,0.000000,0.000000,0.006700,0.002000,0.003000,0.007800,0.000000
189,0.238546,1.314399,1.306800,1.198700,1076.000000,850307224.000000,1324570160.000000,237035520.000000,1571344384.000000,0.337100,0.043700,0.011900,0.110800,0.009500,0.020000,0.010600,0.013000,0.019400,0.024000,0.004000,0.002300,0.002500,0.005900,0.000000
190,0.239471,0.945600,0.952100,0.837900,1076.000000,850311344.000000,1324570160.000000,237035520.000000,1571344384.000000,0.000700,0.000000,0.000000,0.000000,0.010600,0.000000,0.017800,0.000000,0.000000,0.000000,0.008600,0.001900,0.002600,0.006400,0.000000
191,0.240339,0.865497,0.873600,0.770100,1076.000000,850311792.000000,1324570160.000000,237035520.000000,1571344384.000000,0.000500,0.000000,0.000000,0.000000,0.008600,0.000000,0.010500,0.000000,0.000000,0.000000,0.003600,0.002100,0.002000,0.005700,0.000000
192,0.241195,0.858999,0.856600,0.764900,1076.000000,850311392.000000,1324570160.000000,237035520.000000,1571344384.000000,0.000700,0.000000,0.000000,0.000000,0.008400,0.000000,0.009900,0.000000,0.000000,0.000000,0.003900,0.001700,0.002100,0.005400,0.000000
193,0.242096,0.897399,0.892500,0.799700,1076.000000,850310992.000000,1324570160.000000,237035520.000000,1571344384.000000,0.000700,0.000000,0.000000,0.000000,0.008300,0.000000,0.010200,0.000000,0.000000,0.000000,0.004500,0.002100,0.002400,0.006300,0.000000
194,0.242972,0.888102,0.888700,0.795200,1076.000000,850311016.000000,1324570160.000000,237035520.000000,1571344384.000000,0.000700,0.000000,0.000000,0.000000,0.008100,0.000000,0.009900,0.000000,0.000000,0.000000,0.004000,0.001700,0.002000,0.005900,0.000000
195,0.243837,0.859899,0.860100,0.770900,1076.000000,850325392.000000,1324570160.000000,237035520.000000,1571344384.000000,0.000700,0.000000,0.000000,0.000000,0.007800,0.000000,0.010400,0.000000,0.000000,0.000000,0.003600,0.002100,0.001900,0.005800,0.000000
196,0.244644,0.811798,0.809500,0.722200,1076.000000,850317816.000000,1324570160.000000,237035520.000000,1571344384.000000,0.000600,0.000000,0.000000,0.000000,0.007900,0.000000,0.011900,0.000000,0.000000,0.000000,0.003400,0.001700,0.001900,0.005700,0.000000
197,0.245487,0.836302,0.829000,0.740900,1076.000000,850314784.000000,1324570160.000000,237035520.000000,1571344384.000000,0.000700,0.000000,0.000000,0.000000,0.007600,0.000000,0.010600,0.000000,0.000000,0.000000,0.003500,0.001700,0.002000,0.005800,0.000000
198,0.246938,1.001701,0.881800,0.788900,1076.000000,850314824.000000,1324570160.000000,237035520.000000,1571344384.000000,0.000600,0.000000,0.000000,0.000000,0.008500,0.000000,0.009900,0.000000,0.000000,0.000000,0.003400,0.001600,0.002000,0.005700,0.000000
199,0.248441,1.891901,1.971000,1.755000,1076.000000,850315288.000000,1324570160.000000,237035520.000000,1571344384.000000,0.001100,0.000000,0.000000,0.000000,0.022200,0.000000,0.118500,0.000000,0.000000,0.000000,0.006800,0.002500,0.003600,0.010500,0.000000
200,0.250010,1.539895,1.542500,1.410200,1076.000000,850318968.000000,1324570160.000000,237035520.000000,1571344384.000000,0.000800,0.000000,0.000000,0.000000,0.010700,0.000000,0.046800,0.000000,0.000000,0.000000,0.004700,0.001900,0.002700,0.007000,0.000000
201,0.251369,1.398101,1.415600,1.295800,1076.000000,850319008.000000,1324570160.000000,237035520.000000,1571344384.000000,0.000800,0.000000,0.000000,0.000000,0.013200,0.000000,0.036700,0.000000,0.000000,0.000000,0.005900,0.002700,0.003100,0.007800,0.000000
202,0.252621,1.259899,1.246900,1.137100,1076.000000,850323120.000000,1324570160.000000,237035520.000000,1571344384.000000,0.000800,0.000000,0.000000,0.000000,0.009500,0.000000,0.065900,0.000000,0.000000,0.000000,0.005600,0.001800,0.002800,0.006800,0.000000
203,0.254259,1.558999,1.504200,1.378900,1076.000000,850323560.000000,1324570160.000000,237035520.000000,1571344384.000000,0.000800,0.000000,0.000000,0.000000,0.011300,0.000000,0.035900,0.000000,0.000000,0.000000,0.005000,0.002300,0.003000,0.007700,0.000000
204,0.255695,1.537606,1.596000,1.440500,1076.000000,850329312.000000,1324570160.000000,237035520.000000,1571344384.000000,0.378600,0.044400,0.014200,0.115300,0.015100,0.022600,0.011900,0.019000,0.022700,0.023100,0.005300,0.002500,0.002700,0.006300,0.000000
205,0.256819,1.125298,1.104900,1.004800,1076.000000,850328488.000000,1324570160.000000,237035520.000000,1571344384.000000,0.000500,0.000000,0.000000,0.000000,0.011000,0.000000,0.010500,0.000000,0.000000,0.000000,0.004400,0.001800,0.002400,0.005900,0.000000
206,0.258039,1.161699,1.146700,1.022300,1076.000000,850328512.000000,1324570160.000000,237035520.000000,1571344384.000000,0.000600,0.000000,0.000000,0.000000,0.009500,0.000000,0.010300,0.000000,0.000000,0.000000,0.004300,0.002000,0.002400,0.006200,0.000000
207,0.259170,1.136302,1.134700,1.005100,1076.000000,850328960.000000,1324570160.000000,237035520.000000,1571344384.000000,0.000700,0.000000,0.000000,0.000000,0.012500,0.000000,0.012000,0.000000,0.000000,0.000000,0.005300,0.002600,0.002600,0.007100,0.000000
208,0.260285,1.129500,1.122800,0.993500,1076.000000,850323256.000000,1324570160.000000,237035520.000000,1571344384.000000,0.000700,0.000000,0.000000,0.000000,0.011700,0.000000,0.011800,0.000000,0.000000,0.000000,0.005600,0.002200,0.002400,0.007100,0.000000
209,0.261383,1.087096,1.097300,0.967400,1076.000000,850327376.000000,1324570160.000000,237035520.000000,1571344384.000000,0.000700,0.000000,0.000000,0.000000,0.011800,0.000000,0.012100,0.000000,0.000000,0.000000,0.005200,0.002300,0.002500,0.006800,0.000000
210,0.262486,1.113705,1.096300,0.975200,1076.000000,850327824.000000,1324570160.000000,237035520.000000,1571344384.000000,0.000800,0.000000,0.000000,0.000000,0.011200,0.000000,0.012500,0.000000,0.000000,0.000000,0.007400,0.001900,0.002800,0.007700,0.000000
211,0.263586,1.128394,1.144700,1.016700,1076.000000,850341784.000000,1324570160.000000,237035520.000000,1571344384.000000,0.000700,0.000000,0.000000,0.000000,0.012600,0.000000,0.012900,0.000000,0.000000,0.000000,0.004700,0.001800,0.003100,0.005900,0.000000
212,0.264631,1.053401,1.021800,0.914600,1076.000000,850329688.000000,1324570160.000000,237035520.000000,1571344384.000000,0.000700,0.000000,0.000000,0.000000,0.009900,0.000000,0.012600,0.000000,0.000000,0.000000,0.004300,0.001900,0.002600,0.006000,0.000000
213,0.265501,0.883404,0.925800,0.790900,1076.000000,850327072.000000,1324570160.000000,237035520.000000,1571344384.000000,0.000700,0.000000,0.000000,0.000000,0.009300,0.000000,0.011400,0.000000,0.000000,0.000000,0.004400,0.002300,0.002400,0.006400,0.000000
214,0.266445,0.926495,0.919900,0.824200,1076.000000,850328911.000000,1324570160.000000,237035520.000000,1571344384.000000,0.000600,0.000000,0.000000,0.000000,0.008800,0.000000,0.010600,0.000000,0.000000,0.000000,0.003900,0.001700,0.002300,0.006200,0.000000
215,0.267431,0.990101,0.981800,0.880100,1076.000000,850331672.000000,1324570160.000000,237035520.000000,1571344384.000000,0.000900,0.000000,0.000000,0.000000,0.009500,0.000000,0.010300,0.000000,0.000000,0.000000,0.004200,0.002000,0.002500,0.006600,0.000000
216,0.268640,1.178699,1.007200,0.901700,1076.000000,850331256.000000,1324570160.000000,237035520.000000,1571344384.000000,0.000700,0.000000,0.000000,0.000000,0.010500,0.000000,0.010400,0.000000,0.000000,0.000000,0.004900,0.002200,0.002900,0.006800,0.000000
217,0.269888,1.273406,1.434200,1.164800,1076.000000,850335392.000000,1324570160.000000,237035520.000000,1571344384.000000,0.000800,0.000000,0.000000,0.000000,0.011300,0.000000,0.017600,0.000000,0.000000,0.000000,0.004400,0.002000,0.002500,0.007500,0.000000
218,0.271077,1.193098,1.193200,1.083800,1076.000000,850335408.000000,1324570160.000000,237035520.000000,1571344384.000000,0.000700,0.000000,0.000000,0.000000,0.009800,0.000000,0.117300,0.000000,0.000000,0.000000,0.003800,0.002000,0.002500,0.004800,0.000000
219,0.272765,1.660502,1.558700,1.448200,1076.000000,850335960.000000,1324570160.000000,237035520.000000,1571344384.000000,0.346900,0.040200,0.011500,0.107600,0.009900,0.016800,0.027200,0.014800,0.020000,0.011600,0.004500,0.002100,0.002900,0.005700,0.000000
220,0.274056,1.299199,1.396700,1.215100,1076.000000,850336408.000000,1324570160.000000,237035520.000000,1571344384.000000,0.000800,0.000000,0.000000,0.000000,0.012500,0.000000,0.040300,0.000000,0.000000,0.000000,0.004400,0.002000,0.002700,0.007000,0.000000
221,0.275127,1.104294,1.104700,1.000800,1076.000000,850335592.000000,1324570160.000000,237035520.000000,1571344384.000000,0.000700,0.000000,0.000000,0.000000,0.010000,0.000000,0.010300,0.000000,0.000000,0.000000,0.004500,0.001900,0.002600,0.006500,0.000000
222,0.276184,0.930804,0.934200,0.834500,1076.000000,850339712.000000,1324570160.000000,237035520.000000,1571344384.000000,0.000600,0.000000,0.000000,0.000000,0.009200,0.000000,0.011300,0.000000,0.000000,0.000000,0.004100,0.002400,0.002200,0.006700,0.000000
223,0.277146,1.082001,1.078000,0.983300,1076.000000,850340032.000000,1324570160.000000,237035520.000000,1571344384.000000,0.000800,0.000000,0.000000,0.000000,0.010600,0.000000,0.010900,0.000000,0.000000,0.000000,0.004100,0.002300,0.002600,0.006800,0.000000
224,0.278353,1.204301,1.191600,1.040200,1076.000000,850340056.000000,1324570160.000000,237035520.000000,1571344384.000000,0.000700,0.000000,0.000000,0.000000,0.008700,0.000000,0.012300,0.000000,0.000000,0.000000,0.004000,0.002000,0.002400,0.005900,0.000000
225,0.279578,1.195599,1.029500,0.904400,1076.000000,850339664.000000,1324570160.000000,237035520.000000,1571344384.000000,0.000800,0.000000,0.000000,0.000000,0.009300,0.000000,0.011700,0.000000,0.000000,0.000000,0.004400,0.002400,0.002400,0.006300,0.000000
226,0.280554,1.001198,1.165500,0.902000,1076.000000,850339688.000000,1324570160.000000,237035520.000000,1571344384.000000,0.000600,0.000000,0.000000,0.000000,0.009900,0.000000,0.011100,0.000000,0.000000,0.000000,0.004400,0.002100,0.002200,0.006700,0.000000
227,0.281550,0.996797,0.985100,0.883000,1076.000000,850354064.000000,1324570160.000000,237035520.000000,1571344384.000000,0.000700,0.000000,0.000000,0.000000,0.009500,0.000000,0.010700,0.000000,0.000000,0.000000,0.004400,0.001800,0.002300,0.006400,0.000000
228,0.282758,1.105201,1.035900,0.898300,1076.000000,850346064.000000,1324570160.000000,237035520.000000,1571344384.000000,0.000600,0.000000,0.000000,0.000000,0.009700,0.000000,0.011800,0.000000,0.000000,0.000000,0.004100,0.001800,0.002200,0.006700,0.000000
229,0.283792,1.126899,1.195100,1.028400,1076.000000,850343456.000000,1324570160.000000,237035520.000000,1571344384.000000,0.001000,0.000000,0.000000,0.000000,0.016800,0.000000,0.011200,0.000000,0.000000,0.000000,0.005100,0.002200,0.003200,0.008800,0.000000
230,0.284704,0.934205,0.934600,0.831200,1076.000000,850343496.000000,1324570160.000000,237035520.000000,1571344384.000000,0.000700,0.000000,0.000000,0.000000,0.010000,0.000000,0.010800,0.000000,0.000000,0.000000,0.004800,0.002100,0.002900,0.006900,0.000000
231,0.285599,0.895996,0.899700,0.799200,1076.000000,850348056.000000,1324570160.000000,237035520.000000,1571344384.000000,0.000700,0.000000,0.000000,0.000000,0.009100,0.000000,0.010400,0.000000,0.000000,0.000000,0.003900,0.002300,0.002700,0.006700,0.000000
232,0.286557,0.943304,0.935400,0.839800,1076.000000,850347640.000000,1324570160.000000,237035520.000000,1571344384.000000,0.000700,0.000000,0.000000,0.000000,0.008400,0.000000,0.010300,0.000000,0.000000,0.000000,0.003600,0.001800,0.002300,0.006300,0.000000
233,0.287648,1.072796,1.066200,0.963500,1076.000000,850347680.000000,1324570160.000000,237035520.000000,1571344384.000000,0.000600,0.000000,0.000000,0.000000,0.009700,0.000000,0.010500,0.000000,0.000000,0.000000,0.004200,0.001900,0.002400,0.006400,0.000000
234,0.288939,1.312500,1.311400,1.207500,1076.000000,850356088.000000,1324570160.000000,237035520.000000,1571409920.000000,0.323200,0.040300,0.010900,0.118100,0.010100,0.016900,0.010200,0.014000,0.019200,0.012100,0.004500,0.002100,0.002600,0.005700,0.000000
235,0.289835,0.909800,0.911800,0.812100,1076.000000,850356528.000000,1324570160.000000,237035520.000000,1571409920.000000,0.000900,0.000000,0.000000,0.000000,0.010700,0.000000,0.010500,0.000000,0.000000,0.000000,0.003400,0.002300,0.002500,0.006500,0.000000
236,0.290696,0.866504,0.866600,0.771900,1076.000000,850356976.000000,1324570160.000000,237035520.000000,1571409920.000000,0.000700,0.000000,0.000000,0.000000,0.008600,0.000000,0.009900,0.000000,0.000000,0.000000,0.003800,0.001700,0.002500,0.006000,0.000000
237,0.291523,0.826198,0.826400,0.733300,1076.000000,850356152.000000,1324570160.000000,237035520.000000,1571409920.000000,0.000700,0.000000,0.000000,0.000000,0.008200,0.000000,0.009800,0.000000,0.000000,0.000000,0.003700,0.001500,0.002200,0.006000,0.000000
238,0.292398,0.867000,0.863200,0.773000,1076.000000,850356400.000000,1324570160.000000,237035520.000000,1571409920.000000,0.000700,0.000000,0.000000,0.000000,0.008400,0.000000,0.011200,0.000000,0.000000,0.000000,0.003700,0.001600,0.002100,0.005800,0.000000
239,0.293297,0.905003,0.904000,0.813200,1076.000000,850356424.000000,1324570160.000000,237035520.000000,1571409920.000000,0.000700,0.000000,0.000000,0.000000,0.008900,0.000000,0.011100,0.000000,0.000000,0.000000,0.004000,0.001800,0.002000,0.006400,0.000000
240,0.294147,0.839101,0.834500,0.745300,1076.000000,850356024.000000,1324570160.000000,237035520.000000,1571409920.000000,0.000600,0.000000,0.000000,0.000000,0.008500,0.000000,0.009700,0.000000,0.000000,0.000000,0.003700,0.001700,0.002200,0.005800,0.000000
241,0.294968,0.844799,0.846300,0.754300,1076.000000,850360144.000000,1324570160.000000,237035520.000000,1571409920.000000,0.000600,0.000000,0.000000,0.000000,0.007800,0.000000,0.010100,0.000000,0.000000,0.000000,0.003800,0.002400,0.002100,0.006200,0.000000
242,0.295791,0.809495,0.802800,0.715100,1076.000000,850360168.000000,1324570160.000000,237035520.000000,1571409920.000000,0.000700,0.000000,0.000000,0.000000,0.008000,0.000000,0.010000,0.000000,0.000000,0.000000,0.003500,0.002300,0.002300,0.006000,0.000000
243,0.296691,0.902700,0.902100,0.807900,1076.000000,850378768.000000,1324570160.000000,237035520.000000,1571409920.000000,0.000700,0.000000,0.000000,0.000000,0.008300,0.000000,0.010700,0.000000,0.000000,0.000000,0.003600,0.001800,0.002200,0.006400,0.000000
244,0.297592,0.901701,0.898500,0.806500,1076.000000,850366672.000000,1324570160.000000,237035520.000000,1571409920.000000,0.000600,0.000000,0.000000,0.000000,0.008800,0.000000,0.011300,0.000000,0.000000,0.000000,0.003700,0.002400,0.002300,0.006400,0.000000
245,0.298448,0.862103,0.864300,0.773400,1076.000000,850364064.000000,1324570160.000000,237035520.000000,1571409920.000000,0.000600,0.000000,0.000000,0.000000,0.009200,0.000000,0.010100,0.000000,0.000000,0.000000,0.003300,0.002000,0.002000,0.006100,0.000000
246,0.299385,0.915497,0.907400,0.819600,1076.000000,850364104.000000,1324570160.000000,237035520.000000,1571409920.000000,0.000600,0.000000,0.000000,0.000000,0.008400,0.000000,0.010100,0.000000,0.000000,0.000000,0.003600,0.002200,0.002100,0.006200,0.000000
247,0.300451,0.957001,0.946000,0.850800,1076.000000,850368664.000000,1324570160.000000,237035520.000000,1571409920.000000,0.000600,0.000000,0.000000,0.000000,0.009100,0.000000,0.039900,0.000000,0.000000,0.000000,0.003900,0.001800,0.002300,0.006100,0.000000
248,0.301516,1.150602,1.121500,1.013200,1076.000000,850368248.000000,1324570160.000000,237035520.000000,1571409920.000000,0.000500,0.000000,0.000000,0.000000,0.009900,0.000000,0.010400,0.000000,0.000000,0.000000,0.007800,0.001900,0.003000,0.006900,0.000000
249,0.302608,1.079195,1.083700,0.954600,1076.000000,850368288.000000,1324570160.000000,237035520.000000,1571409920.000000,0.000900,0.000000,0.000000,0.000000,0.011900,0.000000,0.010700,0.000000,0.000000,0.000000,0.004000,0.001700,0.002200,0.005600,0.000000
250,0.303752,1.069806,1.065400,0.942900,1076.000000,850368304.000000,1324570160.000000,237035520.000000,1571409920.000000,0.000700,0.000000,0.000000,0.000000,0.011600,0.000000,0.011300,0.000000,0.000000,0.000000,0.004400,0.002500,0.002600,0.007000,0.000000
251,0.304759,1.117198,1.134000,1.014900,1076.000000,850372840.000000,1324570160.000000,237035520.000000,1571409920.000000,0.000800,0.000000,0.000000,0.000000,0.011600,0.000000,0.011000,0.000000,0.000000,0.000000,0.007500,0.002100,0.002800,0.007900,0.000000
252,0.306165,1.273200,1.273500,1.172800,1076.000000,850373960.000000,1324570160.000000,237035520.000000,1571409920.000000,0.306600,0.039900,0.013900,0.103500,0.009500,0.016800,0.011100,0.013700,0.019100,0.011700,0.004000,0.001800,0.002200,0.004600,0.000000
253,0.307364,1.322598,1.295700,1.196400,1076.000000,850372712.000000,1324570160.000000,237035520.000000,1571409920.000000,0.000700,0.000000,0.000000,0.000000,0.010600,0.000000,0.011000,0.000000,0.000000,0.000000,0.004400,0.001800,0.002300,0.006700,0.000000
254,0.308409,1.054400,1.071800,0.900900,1076.000000,850376832.000000,1324570160.000000,237035520.000000,1571409920.000000,0.000600,0.000000,0.000000,0.000000,0.013600,0.000000,0.010700,0.000000,0.000000,0.000000,0.004400,0.002100,0.002300,0.006400,0.000000
255,0.309356,0.952501,0.955300,0.855800,1076.000000,850377272.000000,1324570160.000000,237035520.000000,1571409920.000000,0.000600,0.000000,0.000000,0.000000,0.009100,0.000000,0.010800,0.000000,0.000000,0.000000,0.004000,0.001800,0.002300,0.006300,0.000000
256,0.310266,0.904797,0.897200,0.798800,1076.000000,850376624.000000,1324570160.000000,237035520.000000,1571409920.000000,0.000700,0.000000,0.000000,0.000000,0.008600,0.000000,0.009900,0.000000,0.000000,0.000000,0.003800,0.001800,0.002500,0.006000,0.000000
257,0.311205,0.921903,0.923300,0.824000,1076.000000,850376656.000000,1324570160.000000,237035520.000000,1571409920.000000,0.000700,0.000000,0.000000,0.000000,0.009200,0.000000,0.010900,0.000000,0.000000,0.000000,0.004600,0.002700,0.002200,0.006400,0.000000
258,0.312156,0.965101,0.957400,0.860400,1076.000000,850376680.000000,1324570160.000000,237035520.000000,1571409920.000000,0.000700,0.000000,0.000000,0.000000,0.008700,0.000000,0.010700,0.000000,0.000000,0.000000,0.005600,0.002000,0.002400,0.006900,0.000000
259,0.313635,1.358596,0.939800,0.836900,1076.000000,850391056.000000,1324570160.000000,237035520.000000,1571409920.000000,0.000600,0.000000,0.000000,0.000000,0.009800,0.000000,0.010600,0.000000,0.000000,0.000000,0.004100,0.001800,0.002400,0.006300,0.000000
260,0.314906,1.315505,1.709300,1.195800,1076.000000,850383056.000000,1324570160.000000,237035520.000000,1571409920.000000,0.000800,0.000000,0.000000,0.000000,0.017200,0.000000,0.020100,0.000000,0.000000,0.000000,0.006400,0.003700,0.003900,0.009900,0.000000
261,0.316042,1.178501,1.181500,1.059300,1076.000000,850380448.000000,1324570160.000000,237035520.000000,1571409920.000000,0.000700,0.000000,0.000000,0.000000,0.012200,0.000000,0.012300,0.000000,0.000000,0.000000,0.005200,0.002700,0.002500,0.007300,0.000000
262,0.317211,1.191199,1.196700,1.082100,1076.000000,850380488.000000,1324570160.000000,237035520.000000,1571409920.000000,0.000700,0.000000,0.000000,0.000000,0.010800,0.000000,0.037400,0.000000,0.000000,0.000000,0.005700,0.002300,0.002400,0.006400,0.000000
263,0.318282,1.062195,1.048100,0.937700,1076.000000,850380952.000000,1324570160.000000,237035520.000000,1571409920.000000,0.000600,0.000000,0.000000,0.000000,0.010300,0.000000,0.010400,0.000000,0.000000,0.000000,0.004100,0.001800,0.002000,0.006600,0.000000
264,0.319241,0.987706,0.993900,0.880300,1076.000000,850380536.000000,1324570160.000000,237035520.000000,1571409920.000000,0.000700,0.000000,0.000000,0.000000,0.009900,0.000000,0.010300,0.000000,0.000000,0.000000,0.004800,0.001900,0.002600,0.007000,0.000000
265,0.320198,0.952296,0.961300,0.855900,1076.000000,850380576.000000,1324570160.000000,237035520.000000,1571409920.000000,0.000700,0.000000,0.000000,0.000000,0.008800,0.000000,0.010900,0.000000,0.000000,0.000000,0.003900,0.001800,0.002300,0.006800,0.000000
266,0.321133,0.932001,0.930000,0.834600,1076.000000,850384688.000000,1324570160.000000,237035520.000000,1571409920.000000,0.000800,0.000000,0.000000,0.000000,0.008300,0.000000,0.010200,0.000000,0.000000,0.000000,0.004000,0.001800,0.002200,0.006300,0.000000
267,0.322513,1.372803,1.362000,1.264900,1076.000000,850386256.000000,1324570160.000000,237035520.000000,1571409920.000000,0.377300,0.039500,0.011600,0.161600,0.008300,0.019400,0.010100,0.014000,0.020200,0.014900,0.004000,0.001800,0.002000,0.005000,0.000000
268,0.323478,0.967595,0.965600,0.861000,1076.000000,850390800.000000,1324570160.000000,237035520.000000,1571409920.000000,0.000700,0.000000,0.000000,0.000000,0.010500,0.000000,0.009800,0.000000,0.000000,0.000000,0.003800,0.001900,0.002300,0.006300,0.000000
269,0.324456,0.980003,0.978500,0.876700,1076.000000,850389976.000000,1324570160.000000,237035520.000000,1571409920.000000,0.000700,0.000000,0.000000,0.000000,0.009900,0.000000,0.010600,0.000000,0.000000,0.000000,0.004100,0.002000,0.001900,0.006600,0.000000
270,0.325535,1.078897,1.080400,0.979300,1076.000000,850399752.000000,1324570160.000000,237035520.000000,1571409920.000000,0.000700,0.000000,0.000000,0.000000,0.010000,0.000000,0.010100,0.000000,0.000000,0.000000,0.004000,0.001900,0.002100,0.006300,0.000000
271,0.326522,0.998002,0.994500,0.897400,1076.000000,850400144.000000,1324570160.000000,237035520.000000,1571409920.000000,0.000700,0.000000,0.000000,0.000000,0.009100,0.000000,0.010200,0.000000,0.000000,0.000000,0.003700,0.002300,0.002100,0.006700,0.000000
272,0.327800,1.260998,1.245500,1.090900,1076.000000,850399768.000000,1324570160.000000,237035520.000000,1571409920.000000,0.000600,0.000000,0.000000,0.000000,0.009300,0.000000,0.010600,0.000000,0.000000,0.000000,0.004000,0.002300,0.002200,0.006500,0.000000
273,0.328878,1.059701,1.060000,0.948000,1076.000000,850403864.000000,1324570160.000000,237035520.000000,1571409920.000000,0.000800,0.000000,0.000000,0.000000,0.010300,0.000000,0.011200,0.000000,0.000000,0.000000,0.004400,0.002500,0.002300,0.007100,0.000000
274,0.329870,1.024603,1.030100,0.925700,1076.000000,850403888.000000,1324570160.000000,237035520.000000,1571409920.000000,0.000700,0.000000,0.000000,0.000000,0.009800,0.000000,0.010700,0.000000,0.000000,0.000000,0.007000,0.002000,0.002800,0.006600,0.000000
275,0.330863,0.992297,0.990700,0.893200,1076.000000,850418264.000000,1324570160.000000,237035520.000000,1571409920.000000,0.000600,0.000000,0.000000,0.000000,0.008900,0.000000,0.011000,0.000000,0.000000,0.000000,0.003900,0.002600,0.002400,0.006700,0.000000
276,0.332025,1.116100,1.105500,1.003400,1076.000000,850406296.000000,1324570160.000000,237035520.000000,1571409920.000000,0.000600,0.000000,0.000000,0.000000,0.009000,0.000000,0.012100,0.000000,0.000000,0.000000,0.003900,0.001800,0.002200,0.006500,0.000000
277,0.333980,1.799901,1.712000,1.586300,1076.000000,850403688.000000,1324570160.000000,237035520.000000,1571409920.000000,0.000700,0.000000,0.000000,0.000000,0.011100,0.000000,0.043400,0.000000,0.000000,0.000000,0.004700,0.002300,0.002600,0.007400,0.000000
278,0.335235,1.426502,1.501800,1.321000,1076.000000,850403728.000000,1324570160.000000,237035520.000000,1571409920.000000,0.000900,0.000000,0.000000,0.000000,0.020000,0.000000,0.031900,0.000000,0.000000,0.000000,0.007300,0.003800,0.004400,0.011400,0.000000
279,0.336580,1.355598,1.358600,1.247700,1076.000000,850408288.000000,1324570160.000000,237035520.000000,1571409920.000000,0.000700,0.000000,0.000000,0.000000,0.010700,0.000000,0.011900,0.000000,0.000000,0.000000,0.004600,0.002900,0.002600,0.008100,0.000000
280,0.338099,1.503699,1.489500,1.380300,1076.000000,850407872.000000,1324570160.000000,237035520.000000,1571409920.000000,0.000800,0.000000,0.000000,0.000000,0.010000,0.000000,0.099800,0.000000,0.000000,0.000000,0.004600,0.001900,0.002500,0.005300,0.000000
281,0.339611,1.525198,1.524500,1.408300,1076.000000,850409088.000000,1324570160.000000,237035520.000000,1571409920.000000,0.493000,0.043200,0.011700,0.127300,0.011000,0.023000,0.011900,0.018000,0.020800,0.026000,0.005000,0.002500,0.003000,0.006600,0.000000
282,0.340537,0.945401,0.957200,0.845200,1076.000000,850409104.000000,1324570160.000000,237035520.000000,1571409920.000000,0.000700,0.000000,0.000000,0.000000,0.011200,0.000000,0.010900,0.000000,0.000000,0.000000,0.004600,0.001800,0.002700,0.006400,0.000000
283,0.341539,0.976899,0.972600,0.875000,1076.000000,850409544.000000,1324570160.000000,237035520.000000,1571409920.000000,0.000600,0.000000,0.000000,0.000000,0.008900,0.000000,0.011100,0.000000,0.000000,0.000000,0.004100,0.001900,0.002100,0.006300,0.000000
284,0.342611,1.068105,1.056200,0.955200,1076.000000,850410080.000000,1324570160.000000,237035520.000000,1571409920.000000,0.000700,0.000000,0.000000,0.000000,0.009600,0.000000,0.010200,0.000000,0.000000,0.000000,0.003900,0.001900,0.002200,0.005800,0.000000
285,0.343596,0.999894,0.999800,0.890900,1076.000000,850412176.000000,1324570160.000000,237035520.000000,1571409920.000000,0.000700,0.000000,0.000000,0.000000,0.011200,0.000000,0.011200,0.000000,0.000000,0.000000,0.004500,0.002200,0.002500,0.007300,0.000000
286,0.344497,0.918105,0.922000,0.817400,1076.000000,850416296.000000,1324570160.000000,237035520.000000,1571409920.000000,0.000700,0.000000,0.000000,0.000000,0.010100,0.000000,0.010700,0.000000,0.000000,0.000000,0.003900,0.002100,0.002600,0.006800,0.000000
287,0.345386,0.894799,0.894800,0.796000,1076.000000,850416744.000000,1324570160.000000,237035520.000000,1571409920.000000,0.000700,0.000000,0.000000,0.000000,0.009000,0.000000,0.011100,0.000000,0.000000,0.000000,0.003900,0.002000,0.002300,0.006400,0.000000
288,0.346721,1.289002,0.914800,0.818800,1076.000000,850416368.000000,1324570160.000000,237035520.000000,1571409920.000000,0.000600,0.000000,0.000000,0.000000,0.008800,0.000000,0.010500,0.000000,0.000000,0.000000,0.003500,0.002500,0.002200,0.006700,0.000000
289,0.348011,1.284099,1.630000,1.159600,1076.000000,850416640.000000,1324570160.000000,237035520.000000,1571409920.000000,0.000800,0.000000,0.000000,0.000000,0.012600,0.000000,0.045800,0.000000,0.000000,0.000000,0.004800,0.002100,0.002500,0.005900,0.000000
290,0.349043,1.069700,1.082200,0.963100,1076.000000,850416648.000000,1324570160.000000,237035520.000000,1571409920.000000,0.000700,0.000000,0.000000,0.000000,0.012000,0.000000,0.011900,0.000000,0.000000,0.000000,0.005400,0.002700,0.003200,0.008300,0.000000
291,0.350008,0.970897,0.974600,0.872900,1076.000000,850431040.000000,1324570160.000000,237035520.000000,1571409920.000000,0.000700,0.000000,0.000000,0.000000,0.009900,0.000000,0.010800,0.000000,0.000000,0.000000,0.004600,0.002300,0.002100,0.006500,0.000000
292,0.350871,0.876601,0.877300,0.782400,1076.000000,850423024.000000,1324570160.000000,237035520.000000,1571409920.000000,0.000700,0.000000,0.000000,0.000000,0.009000,0.000000,0.011500,0.000000,0.000000,0.000000,0.003800,0.001500,0.002100,0.005900,0.000000
293,0.351738,0.866199,0.862800,0.771300,1076.000000,850420416.000000,1324570160.000000,237035520.000000,1571409920.000000,0.000600,0.000000,0.000000,0.000000,0.008600,0.000000,0.010300,0.000000,0.000000,0.000000,0.003700,0.001600,0.002100,0.005900,0.000000
294,0.352600,0.861104,0.855800,0.763100,1076.000000,850420456.000000,1324570160.000000,237035520.000000,1571409920.000000,0.000700,0.000000,0.000000,0.000000,0.008600,0.000000,0.009900,0.000000,0.000000,0.000000,0.003400,0.001600,0.002100,0.005900,0.000000
295,0.353462,0.857795,0.855900,0.760500,1076.000000,850420936.000000,1324570160.000000,237035520.000000,1571409920.000000,0.000600,0.000000,0.000000,0.000000,0.008300,0.000000,0.010600,0.000000,0.000000,0.000000,0.003700,0.001800,0.002000,0.006000,0.000000
296,0.354350,0.870706,0.870900,0.774400,1076.000000,850420928.000000,1324570160.000000,237035520.000000,1571409920.000000,0.000500,0.000000,0.000000,0.000000,0.009000,0.000000,0.011300,0.000000,0.000000,0.000000,0.003300,0.001700,0.002000,0.006000,0.000000
297,0.355509,1.175496,1.169200,1.077400,1076.000000,850420920.000000,1324570160.000000,237035520.000000,1571409920.000000,0.299800,0.039000,0.011800,0.101100,0.008600,0.016400,0.010200,0.013700,0.018800,0.012400,0.003800,0.001800,0.002200,0.004400,0.000000
298,0.356359,0.845904,0.848700,0.753300,1076.000000,850425032.000000,1324570160.000000,237035520.000000,1571409920.000000,0.000700,0.000000,0.000000,0.000000,0.010100,0.000000,0.009800,0.000000,0.000000,0.000000,0.003500,0.001800,0.002000,0.006000,0.000000
299,0.357357,0.911600,0.901400,0.809800,1076.000000,850425488.000000,1324570160.000000,237035520.000000,1571409920.000000,0.000700,0.000000,0.000000,0.000000,0.008100,0.000000,0.010100,0.000000,0.000000,0.000000,0.004800,0.001700,0.002400,0.006700,0.000000
300,0.358631,1.344593,1.310700,1.206700,1076.000000,850425920.000000,1324570160.000000,237035520.000000,1571409920.000000,0.000800,0.000000,0.000000,0.000000,0.009800,0.000000,0.013900,0.000000,0.000000,0.000000,0.008600,0.002100,0.003200,0.008600,0.000000
301,0.359675,1.047201,1.073500,0.945000,1076.000000,850424720.000000,1324570160.000000,237035520.000000,1571409920.000000,0.000600,0.000000,0.000000,0.000000,0.010300,0.000000,0.011700,0.000000,0.000000,0.000000,0.004400,0.002500,0.002400,0.006900,0.000000
302,0.360580,0.917000,0.917000,0.817200,1076.000000,850428840.000000,1324570160.000000,237035520.000000,1571409920.000000,0.000700,0.000000,0.000000,0.000000,0.009700,0.000000,0.010900,0.000000,0.000000,0.000000,0.004200,0.001900,0.002500,0.006500,0.000000
303,0.361702,1.091100,1.088700,0.992300,1076.000000,850429304.000000,1324570160.000000,237035520.000000,1571409920.000000,0.000600,0.000000,0.000000,0.000000,0.008700,0.000000,0.011200,0.000000,0.000000,0.000000,0.003900,0.001700,0.002300,0.006400,0.000000
304,0.362823,1.015901,0.998400,0.900700,1076.000000,850428912.000000,1324570160.000000,237035520.000000,1571409920.000000,0.000700,0.000000,0.000000,0.000000,0.009200,0.000000,0.010800,0.000000,0.000000,0.000000,0.005600,0.002000,0.002600,0.007300,0.000000
305,0.363918,1.218502,1.218000,1.104200,1076.000000,850433024.000000,1324570160.000000,237035520.000000,1571475456.000000,0.000600,0.000000,0.000000,0.000000,0.009800,0.000000,0.011000,0.000000,0.000000,0.000000,0.008300,0.002200,0.002900,0.007300,0.000000
306,0.364913,1.007100,1.003500,0.897600,1076.000000,850433032.000000,1324570160.000000,237035520.000000,1571475456.000000,0.000600,0.000000,0.000000,0.000000,0.010100,0.000000,0.011200,0.000000,0.000000,0.000000,0.004000,0.001800,0.002200,0.006400,0.000000
307,0.365868,0.952700,0.961100,0.854600,1076.000000,850451536.000000,1324570160.000000,237035520.000000,1571475456.000000,0.000600,0.000000,0.000000,0.000000,0.009000,0.000000,0.010700,0.000000,0.000000,0.000000,0.003800,0.001800,0.002100,0.006300,0.000000
308,0.367237,1.330697,1.311500,1.156400,1076.000000,850439424.000000,1324570160.000000,237035520.000000,1571475456.000000,0.000600,0.000000,0.000000,0.000000,0.009400,0.000000,0.012000,0.000000,0.000000,0.000000,0.007600,0.001900,0.002400,0.006400,0.000000
309,0.368391,1.180300,1.187100,1.026900,1076.000000,850436816.000000,1324570160.000000,237035520.000000,1571475456.000000,0.000800,0.000000,0.000000,0.000000,0.011400,0.000000,0.012100,0.000000,0.000000,0.000000,0.005000,0.002300,0.002900,0.007600,0.000000
310,0.369377,1.000000,1.004400,0.900800,1076.000000,850437280.000000,1324570160.000000,237035520.000000,1571475456.000000,0.000800,0.000000,0.000000,0.000000,0.009800,0.000000,0.011800,0.000000,0.000000,0.000000,0.004400,0.001900,0.002600,0.006800,0.000000
311,0.370322,0.947499,0.945600,0.848800,1076.000000,850441432.000000,1324570160.000000,237035520.000000,1571475456.000000,0.000700,0.000000,0.000000,0.000000,0.009100,0.000000,0.011900,0.000000,0.000000,0.000000,0.004000,0.002300,0.002300,0.006600,0.000000
312,0.371376,1.051304,1.049300,0.953400,1076.000000,850441000.000000,1324570160.000000,237035520.000000,1571475456.000000,0.000600,0.000000,0.000000,0.000000,0.008700,0.000000,0.010100,0.000000,0.000000,0.000000,0.003900,0.001700,0.002100,0.006500,0.000000
313,0.372766,1.378699,1.364300,1.217000,1076.000000,850441480.000000,1324570160.000000,237035520.000000,1571475456.000000,0.296800,0.038400,0.011700,0.100700,0.008800,0.017300,0.010300,0.013300,0.019200,0.012200,0.004400,0.002000,0.002200,0.005000,0.000000
314,0.373892,1.114498,1.116500,0.960000,1076.000000,850441496.000000,1324570160.000000,237035520.000000,1571475456.000000,0.000600,0.000000,0.000000,0.000000,0.011700,0.000000,0.010100,0.000000,0.000000,0.000000,0.004300,0.002000,0.002800,0.006800,0.000000
315,0.374864,0.996499,0.995200,0.895200,1076.000000,850441936.000000,1324570160.000000,237035520.000000,1571475456.000000,0.000700,0.000000,0.000000,0.000000,0.009400,0.000000,0.010300,0.000000,0.000000,0.000000,0.004000,0.001800,0.002600,0.006300,0.000000
316,0.375817,0.954705,0.958900,0.858700,1076.000000,850446480.000000,1324570160.000000,237035520.000000,1571475456.000000,0.000700,0.000000,0.000000,0.000000,0.009400,0.000000,0.010700,0.000000,0.000000,0.000000,0.003800,0.002300,0.002300,0.006600,0.000000
317,0.377422,1.508199,1.449300,1.340600,1076.000000,850434392.000000,1324570160.000000,237035520.000000,1571475456.000000,0.000600,0.000000,0.000000,0.000000,0.008900,0.000000,0.133800,0.000000,0.000000,0.000000,0.004100,0.001800,0.002200,0.006300,0.000000
318,0.378506,1.157299,1.198800,1.052600,1076.000000,850438512.000000,1324570160.000000,237035520.000000,1571475456.000000,0.000900,0.000000,0.000000,0.000000,0.014000,0.000000,0.013700,0.000000,0.000000,0.000000,0.007100,0.003000,0.003500,0.008500,0.000000
319,0.379446,0.955003,0.958100,0.854500,1076.000000,850443056.000000,1324570160.000000,237035520.000000,1571475456.000000,0.000800,0.000000,0.000000,0.000000,0.010300,0.000000,0.011300,0.000000,0.000000,0.000000,0.004800,0.002200,0.002700,0.007800,0.000000
320,0.380387,0.943197,0.940000,0.842100,1076.000000,850442656.000000,1324570160.000000,237035520.000000,1571475456.000000,0.000900,0.000000,0.000000,0.000000,0.009200,0.000000,0.010300,0.000000,0.000000,0.000000,0.004400,0.001800,0.002400,0.006400,0.000000
321,0.381271,0.892900,0.886700,0.789000,1076.000000,850442696.000000,1324570160.000000,237035520.000000,1571475456.000000,0.000600,0.000000,0.000000,0.000000,0.010200,0.000000,0.010700,0.000000,0.000000,0.000000,0.004400,0.001800,0.002300,0.006200,0.000000
322,0.382655,1.338698,1.319200,1.209700,1076.000000,850442704.000000,1324570160.000000,237035520.000000,1571475456.000000,0.000800,0.000000,0.000000,0.000000,0.008800,0.000000,0.010500,0.000000,0.000000,0.000000,0.003600,0.001700,0.002300,0.006200,0.000000
323,0.384043,1.398604,1.404400,1.284100,1076.000000,850457104.000000,1324570160.000000,237035520.000000,1571475456.000000,0.000800,0.000000,0.000000,0.000000,0.011600,0.000000,0.044000,0.000000,0.000000,0.000000,0.005100,0.002000,0.002700,0.007500,0.000000
324,0.385180,1.163400,1.168900,1.060100,1076.000000,850449512.000000,1324570160.000000,237035520.000000,1571475456.000000,0.000800,0.000000,0.000000,0.000000,0.010400,0.000000,0.077100,0.000000,0.000000,0.000000,0.004800,0.002000,0.002500,0.007100,0.000000
325,0.386291,1.098299,1.098600,0.999000,1076.000000,850446480.000000,1324570160.000000,237035520.000000,1571475456.000000,0.000700,0.000000,0.000000,0.000000,0.009400,0.000000,0.075200,0.000000,0.000000,0.000000,0.004400,0.002400,0.002300,0.006600,0.000000
326,0.387538,1.252700,1.233800,1.129100,1076.000000,850446520.000000,1324570160.000000,237035520.000000,1571475456.000000,0.000700,0.000000,0.000000,0.000000,0.008900,0.000000,0.040700,0.000000,0.000000,0.000000,0.004600,0.001800,0.002300,0.006500,0.000000
327,0.389109,1.561799,1.560400,1.446000,1076.000000,850449192.000000,1324570160.000000,237035520.000000,1571475456.000000,0.313300,0.040000,0.009900,0.102500,0.009600,0.015900,0.022600,0.017500,0.019900,0.010900,0.004300,0.002000,0.002300,0.005000,0.000000
328,0.390295,1.199603,1.209300,1.099000,1076.000000,850448776.000000,1324570160.000000,237035520.000000,1571475456.000000,0.000600,0.000000,0.000000,0.000000,0.012500,0.000000,0.044900,0.000000,0.000000,0.000000,0.004900,0.002400,0.002400,0.006600,0.000000
329,0.391536,1.223498,1.217600,1.116800,1076.000000,850448816.000000,1324570160.000000,237035520.000000,1571475456.000000,0.000600,0.000000,0.000000,0.000000,0.009500,0.000000,0.114300,0.000000,0.000000,0.000000,0.004100,0.002400,0.002300,0.006900,0.000000
330,0.392726,1.191298,1.187400,1.082500,1076.000000,850452928.000000,1324570160.000000,237035520.000000,1571475456.000000,0.000700,0.000000,0.000000,0.000000,0.010000,0.000000,0.114100,0.000000,0.000000,0.000000,0.005000,0.001800,0.002500,0.006500,0.000000
331,0.393918,1.112103,1.108800,1.002900,1076.000000,850451176.000000,1324570160.000000,237035520.000000,1571475456.000000,0.000600,0.000000,0.000000,0.000000,0.009900,0.000000,0.045300,0.000000,0.000000,0.000000,0.004800,0.002200,0.002900,0.007300,0.000000
332,0.395103,1.283000,1.285100,1.181900,1076.000000,850461360.000000,1324570160.000000,237035520.000000,1571475456.000000,0.000700,0.000000,0.000000,0.000000,0.010100,0.000000,0.087300,0.000000,0.000000,0.000000,0.005000,0.002400,0.002900,0.007400,0.000000
333,0.396928,1.599199,1.335000,1.235200,1076.000000,850461608.000000,1324570160.000000,237035520.000000,1571475456.000000,0.000700,0.000000,0.000000,0.000000,0.008900,0.000000,0.074000,0.000000,0.000000,0.000000,0.004300,0.001800,0.002400,0.006500,0.000000
334,0.398393,1.680896,1.927200,1.513700,1076.000000,850461632.000000,1324570160.000000,237035520.000000,1571475456.000000,0.000700,0.000000,0.000000,0.000000,0.161700,0.000000,0.012400,0.000000,0.000000,0.000000,0.006300,0.002600,0.002900,0.033700,0.000000
335,0.399788,1.381200,1.373600,1.259300,1076.000000,850462072.000000,1324570160.000000,237035520.000000,1571475456.000000,0.000700,0.000000,0.000000,0.000000,0.010100,0.000000,0.027600,0.000000,0.000000,0.000000,0.004300,0.002700,0.002800,0.006600,0.000000
336,0.400896,1.130102,1.137400,1.011600,1076.000000,850465768.000000,1324570160.000000,237035520.000000,1571475456.000000,0.000900,0.000000,0.000000,0.000000,0.010500,0.000000,0.011300,0.000000,0.000000,0.000000,0.004500,0.002500,0.003100,0.006400,0.000000
337,0.402239,1.332299,1.331500,1.225200,1076.000000,850469912.000000,1324570160.000000,237035520.000000,1571475456.000000,0.000600,0.000000,0.000000,0.000000,0.009000,0.000000,0.023000,0.000000,0.000000,0.000000,0.004200,0.002500,0.002300,0.126100,0.000000
338,0.403495,1.247300,1.244100,1.140000,1076.000000,850470344.000000,1324570160.000000,237035520.000000,1571475456.000000,0.000700,0.000000,0.000000,0.000000,0.009800,0.000000,0.029500,0.000000,0.000000,0.000000,0.005500,0.002700,0.002900,0.007000,0.000000
339,0.404699,1.216901,1.205800,1.102800,1076.000000,850484312.000000,1324570160.000000,237035520.000000,1571475456.000000,0.000800,0.000000,0.000000,0.000000,0.010200,0.000000,0.078600,0.000000,0.000000,0.000000,0.005500,0.002200,0.002600,0.005400,0.000000
340,0.406005,1.305605,1.311100,1.198600,1128.000000,850472320.000000,1324570160.000000,237035520.000000,1571475456.000000,0.326800,0.040700,0.012500,0.102100,0.009800,0.017300,0.015800,0.013000,0.036600,0.011900,0.004300,0.002000,0.002400,0.004800,0.000000
341,0.407295,1.269799,1.260200,1.152100,1076.000000,850469712.000000,1324570160.000000,237035520.000000,1571475456.000000,0.000600,0.000000,0.000000,0.000000,0.011700,0.000000,0.114500,0.000000,0.000000,0.000000,0.004900,0.002500,0.002500,0.006700,0.000000
342,0.408626,1.326998,1.321600,1.211500,1076.000000,850469752.000000,1324570160.000000,237035520.000000,1571475456.000000,0.000800,0.000000,0.000000,0.000000,0.010700,0.000000,0.035300,0.000000,0.000000,0.000000,0.005100,0.002100,0.003000,0.007800,0.000000
343,0.409714,1.129500,1.124400,1.015000,1076.000000,850474320.000000,1324570160.000000,237035520.000000,1571475456.000000,0.000700,0.000000,0.000000,0.000000,0.010100,0.000000,0.011400,0.000000,0.000000,0.000000,0.004800,0.001900,0.002400,0.005700,0.000000
344,0.410760,1.034602,1.043700,0.930800,1076.000000,850473768.000000,1324570160.000000,237035520.000000,1571475456.000000,0.000600,0.000000,0.000000,0.000000,0.009300,0.000000,0.044400,0.000000,0.000000,0.000000,0.004600,0.002100,0.002200,0.006500,0.000000
345,0.411935,1.165597,1.160900,1.058800,1076.000000,850473816.000000,1324570160.000000,237035520.000000,1571475456.000000,0.000600,0.000000,0.000000,0.000000,0.009900,0.000000,0.078500,0.000000,0.000000,0.000000,0.004200,0.002500,0.002300,0.006600,0.000000
346,0.413299,1.351899,1.334500,1.227500,1076.000000,850473832.000000,1324570160.000000,237035520.000000,1571475456.000000,0.000800,0.000000,0.000000,0.000000,0.010400,0.000000,0.124900,0.000000,0.000000,0.000000,0.004500,0.002700,0.002700,0.007600,0.000000
347,0.414411,1.106803,1.117100,1.000800,1076.000000,850474280.000000,1324570160.000000,237035520.000000,1571475456.000000,0.000800,0.000000,0.000000,0.000000,0.010200,0.000000,0.011300,0.000000,0.000000,0.000000,0.005000,0.002300,0.003000,0.007500,0.000000
348,0.415446,1.067099,1.068500,0.966500,1076.000000,850474712.000000,1324570160.000000,237035520.000000,1571475456.000000,0.000700,0.000000,0.000000,0.000000,0.010100,0.000000,0.010500,0.000000,0.000000,0.000000,0.005200,0.002900,0.002800,0.006700,0.000000
349,0.416870,1.382802,1.207100,1.105500,1076.000000,850473896.000000,1324570160.000000,237035520.000000,1571475456.000000,0.000700,0.000000,0.000000,0.000000,0.009600,0.000000,0.027400,0.000000,0.000000,0.000000,0.004200,0.002500,0.002200,0.006700,0.000000
350,0.418092,1.243296,1.407900,1.136900,1076.000000,850478016.000000,1324570160.000000,237035520.000000,1571475456.000000,0.000900,0.000000,0.000000,0.000000,0.011200,0.000000,0.093900,0.000000,0.000000,0.000000,0.005200,0.002400,0.003200,0.008500,0.000000
351,0.419256,1.175305,1.171600,1.066900,1076.000000,850478456.000000,1324570160.000000,237035520.000000,1571475456.000000,0.000800,0.000000,0.000000,0.000000,0.009300,0.000000,0.027000,0.000000,0.000000,0.000000,0.004300,0.002100,0.002800,0.006800,0.000000
352,0.420328,1.080499,1.086700,0.983200,1076.000000,850478480.000000,1324570160.000000,237035520.000000,1571475456.000000,0.000700,0.000000,0.000000,0.000000,0.009800,0.000000,0.023800,0.000000,0.000000,0.000000,0.004200,0.002400,0.002200,0.006800,0.000000
353,0.421555,1.162599,1.149400,1.046200,1076.000000,850482200.000000,1324570160.000000,237035520.000000,1571475456.000000,0.000600,0.000000,0.000000,0.000000,0.009100,0.000000,0.100400,0.000000,0.000000,0.000000,0.004000,0.002200,0.002400,0.006800,0.000000
354,0.423381,1.857703,1.847700,1.734900,1076.000000,850482832.000000,1324570160.000000,237035520.000000,1571475456.000000,0.414300,0.056100,0.013000,0.153200,0.009900,0.023800,0.100800,0.016000,0.023700,0.015600,0.006800,0.003100,0.002600,0.007600,0.000000
355,0.424522,1.166497,1.171900,1.058500,1076.000000,850497240.000000,1324570160.000000,237035520.000000,1571475456.000000,0.000700,0.000000,0.000000,0.000000,0.012900,0.000000,0.012600,0.000000,0.000000,0.000000,0.004300,0.002100,0.002900,0.006700,0.000000
356,0.425678,1.156200,1.156700,1.052000,1076.000000,850489224.000000,1324570160.000000,237035520.000000,1571475456.000000,0.000700,0.000000,0.000000,0.000000,0.009500,0.000000,0.023800,0.000000,0.000000,0.000000,0.003700,0.002800,0.002500,0.007200,0.000000
357,0.426903,1.219799,1.218400,1.116200,1076.000000,850486608.000000,1324570160.000000,237035520.000000,1571475456.000000,0.000600,0.000000,0.000000,0.000000,0.010000,0.000000,0.020900,0.000000,0.000000,0.000000,0.004500,0.002700,0.002500,0.007100,0.000000
358,0.428345,1.424603,1.410300,1.301700,1076.000000,850486024.000000,1324570160.000000,237035520.000000,1571475456.000000,0.000700,0.000000,0.000000,0.000000,0.009800,0.000000,0.130000,0.000000,0.000000,0.000000,0.005500,0.002500,0.002300,0.120300,0.000000
359,0.429495,1.170096,1.171100,1.059700,1076.000000,850486488.000000,1324570160.000000,237035520.000000,1571475456.000000,0.000700,0.000000,0.000000,0.000000,0.010600,0.000000,0.023400,0.000000,0.000000,0.000000,0.004600,0.002800,0.003000,0.007300,0.000000
360,0.430979,1.488804,1.491300,1.384000,1076.000000,850486072.000000,1324570160.000000,237035520.000000,1571475456.000000,0.000700,0.000000,0.000000,0.000000,0.009600,0.000000,0.028500,0.000000,0.000000,0.000000,0.004300,0.002800,0.002500,0.007400,0.000000
361,0.432467,1.241695,1.236200,1.132700,1076.000000,850486112.000000,1324570160.000000,237035520.000000,1571475456.000000,0.000700,0.000000,0.000000,0.000000,0.009500,0.000000,0.041500,0.000000,0.000000,0.000000,0.004400,0.002800,0.002300,0.006800,0.000000
362,0.433972,1.715802,1.705400,1.596200,1076.000000,850490224.000000,1324570160.000000,237035520.000000,1571475456.000000,0.000800,0.000000,0.000000,0.000000,0.010000,0.000000,0.098500,0.000000,0.000000,0.000000,0.005000,0.002200,0.002800,0.008500,0.000000
363,0.435258,1.326998,1.334800,1.224300,1076.000000,850479848.000000,1324570160.000000,237035520.000000,1571475456.000000,0.000700,0.000000,0.000000,0.000000,0.010100,0.000000,0.024600,0.000000,0.000000,0.000000,0.004800,0.002200,0.002600,0.006900,0.000000
364,0.436350,1.078904,1.075800,0.974400,1076.000000,850480280.000000,1324570160.000000,237035520.000000,1571475456.000000,0.000700,0.000000,0.000000,0.000000,0.009100,0.000000,0.017800,0.000000,0.000000,0.000000,0.004200,0.002600,0.002400,0.006400,0.000000
365,0.437540,1.193700,1.188700,1.085300,1076.000000,850479456.000000,1324570160.000000,237035520.000000,1571475456.000000,0.000600,0.000000,0.000000,0.000000,0.009900,0.000000,0.129000,0.000000,0.000000,0.000000,0.004100,0.001900,0.002200,0.006500,0.000000
366,0.439079,1.531200,1.523100,1.416800,1076.000000,850480152.000000,1324570160.000000,237035520.000000,1571475456.000000,0.347600,0.052000,0.012400,0.119600,0.009800,0.020600,0.042200,0.013400,0.021800,0.014700,0.004400,0.002600,0.002200,0.006700,0.000000
367,0.440151,1.083999,1.085900,0.978200,1076.000000,850480600.000000,1324570160.000000,237035520.000000,1571475456.000000,0.000700,0.000000,0.000000,0.000000,0.011700,0.000000,0.056200,0.000000,0.000000,0.000000,0.004300,0.001900,0.002500,0.006300,0.000000
368,0.441248,1.095196,1.090100,0.987100,1076.000000,850480200.000000,1324570160.000000,237035520.000000,1571475456.000000,0.000600,0.000000,0.000000,0.000000,0.009600,0.000000,0.108500,0.000000,0.000000,0.000000,0.004300,0.002400,0.002200,0.006500,0.000000
369,0.442299,1.043601,1.031600,0.925400,1076.000000,850484336.000000,1324570160.000000,237035520.000000,1571475456.000000,0.000600,0.000000,0.000000,0.000000,0.009300,0.000000,0.027000,0.000000,0.000000,0.000000,0.004000,0.001800,0.002300,0.006300,0.000000
370,0.443775,1.480400,1.350100,1.233300,1076.000000,850487768.000000,1324570160.000000,237035520.000000,1571540992.000000,0.000600,0.000000,0.000000,0.000000,0.009200,0.000000,0.098700,0.000000,0.000000,0.000000,0.004000,0.002400,0.002200,0.006600,0.000000
371,0.444954,1.183702,1.324400,1.084000,1076.000000,850506272.000000,1324570160.000000,237035520.000000,1571540992.000000,0.000700,0.000000,0.000000,0.000000,0.009900,0.000000,0.055900,0.000000,0.000000,0.000000,0.004500,0.002500,0.002300,0.006600,0.000000
372,0.446167,1.214902,1.199400,1.100700,1076.000000,850503920.000000,1324570160.000000,237035520.000000,1571540992.000000,0.000700,0.000000,0.000000,0.000000,0.009400,0.000000,0.027600,0.000000,0.000000,0.000000,0.004200,0.001900,0.002200,0.006200,0.000000
373,0.447659,1.463095,1.459900,1.342500,1076.000000,850502376.000000,1324570160.000000,237035520.000000,1571540992.000000,0.000700,0.000000,0.000000,0.000000,0.008700,0.000000,0.168600,0.000000,0.000000,0.000000,0.003700,0.001700,0.002100,0.006400,0.000000
374,0.448740,1.102799,1.109400,0.998300,1076.000000,850502416.000000,1324570160.000000,237035520.000000,1571540992.000000,0.000800,0.000000,0.000000,0.000000,0.010500,0.000000,0.050300,0.000000,0.000000,0.000000,0.004800,0.002000,0.002700,0.007200,0.000000
375,0.449937,1.191504,1.184600,1.081600,1076.000000,850506976.000000,1324570160.000000,237035520.000000,1571540992.000000,0.000700,0.000000,0.000000,0.000000,0.009500,0.000000,0.122600,0.000000,0.000000,0.000000,0.004000,0.001700,0.002500,0.006500,0.000000
376,0.450969,1.037302,1.033600,0.927000,1076.000000,850506560.000000,1324570160.000000,237035520.000000,1571540992.000000,0.000600,0.000000,0.000000,0.000000,0.010100,0.000000,0.010800,0.000000,0.000000,0.000000,0.004400,0.002000,0.002500,0.006700,0.000000
377,0.452129,1.167297,1.173100,1.067100,1076.000000,850506600.000000,1324570160.000000,237035520.000000,1571540992.000000,0.000800,0.000000,0.000000,0.000000,0.009800,0.000000,0.133400,0.000000,0.000000,0.000000,0.004400,0.002100,0.002500,0.006800,0.000000
378,0.453180,1.061097,1.059700,0.963000,1076.000000,850506616.000000,1324570160.000000,237035520.000000,1571540992.000000,0.000600,0.000000,0.000000,0.000000,0.009800,0.000000,0.026900,0.000000,0.000000,0.000000,0.004200,0.001800,0.002400,0.006300,0.000000
379,0.454381,1.164300,1.155600,1.058600,1076.000000,850507072.000000,1324570160.000000,237035520.000000,1571540992.000000,0.000600,0.000000,0.000000,0.000000,0.008800,0.000000,0.036600,0.000000,0.000000,0.000000,0.003700,0.002500,0.002200,0.006300,0.000000
380,0.455719,1.353302,1.350600,1.247700,1076.000000,850508632.000000,1324570160.000000,237035520.000000,1571540992.000000,0.316100,0.043500,0.011300,0.103400,0.009600,0.016900,0.014900,0.013800,0.019900,0.011700,0.004200,0.001900,0.002400,0.004900,0.000000
381,0.457033,1.305301,1.170000,1.064400,1076.000000,850507808.000000,1324570160.000000,237035520.000000,1571540992.000000,0.000700,0.000000,0.000000,0.000000,0.011200,0.000000,0.078700,0.000000,0.000000,0.000000,0.004100,0.002000,0.002300,0.006500,0.000000
382,0.458362,1.273399,1.367200,1.135300,1076.000000,850511928.000000,1324570160.000000,237035520.000000,1571540992.000000,0.000600,0.000000,0.000000,0.000000,0.010300,0.000000,0.153700,0.000000,0.000000,0.000000,0.004700,0.002600,0.002600,0.007600,0.000000
383,0.459530,1.240001,1.271600,1.138500,1076.000000,850512368.000000,1324570160.000000,237035520.000000,1571540992.000000,0.000700,0.000000,0.000000,0.000000,0.013200,0.000000,0.041800,0.000000,0.000000,0.000000,0.006400,0.002700,0.002700,0.007800,0.000000
384,0.460788,1.203104,1.183200,1.081800,1076.000000,850510840.000000,1324570160.000000,237035520.000000,1571540992.000000,0.000700,0.000000,0.000000,0.000000,0.009600,0.000000,0.099700,0.000000,0.000000,0.000000,0.004500,0.002400,0.002300,0.006600,0.000000
385,0.462215,1.442397,1.424800,1.297700,1076.000000,850510888.000000,1324570160.000000,237035520.000000,1571540992.000000,0.000800,0.000000,0.000000,0.000000,0.010100,0.000000,0.058200,0.000000,0.000000,0.000000,0.006000,0.002500,0.002600,0.007200,0.000000
386,0.463809,1.614598,1.636600,1.450900,1076.000000,850510896.000000,1324570160.000000,237035520.000000,1571540992.000000,0.000700,0.000000,0.000000,0.000000,0.012900,0.000000,0.102600,0.000000,0.000000,0.000000,0.005000,0.002100,0.002800,0.006600,0.000000
387,0.464924,1.134701,1.140400,1.033200,1076.000000,850529392.000000,1324570160.000000,237035520.000000,1571540992.000000,0.000700,0.000000,0.000000,0.000000,0.010400,0.000000,0.074700,0.000000,0.000000,0.000000,0.004400,0.001900,0.002800,0.006600,0.000000
388,0.465993,1.070302,1.066200,0.967600,1076.000000,850521376.000000,1324570160.000000,237035520.000000,1571540992.000000,0.000600,0.000000,0.000000,0.000000,0.009400,0.000000,0.093800,0.000000,0.000000,0.000000,0.004300,0.002600,0.002500,0.007000,0.000000
389,0.467393,1.309602,1.298100,1.194300,1076.000000,850518760.000000,1324570160.000000,237035520.000000,1571540992.000000,0.000600,0.000000,0.000000,0.000000,0.009500,0.000000,0.106400,0.000000,0.000000,0.000000,0.004300,0.002500,0.002300,0.006700,0.000000
390,0.468614,1.305400,1.305800,1.197600,1076.000000,850518800.000000,1324570160.000000,237035520.000000,1571540992.000000,0.000900,0.000000,0.000000,0.000000,0.010500,0.000000,0.019800,0.000000,0.000000,0.000000,0.007300,0.003100,0.003300,0.019800,0.000000
391,0.469620,1.013499,1.018300,0.914500,1076.000000,850519264.000000,1324570160.000000,237035520.000000,1571540992.000000,0.000600,0.000000,0.000000,0.000000,0.009900,0.000000,0.078700,0.000000,0.000000,0.000000,0.004600,0.002600,0.002700,0.006900,0.000000
392,0.470759,1.119303,1.115500,1.018300,1076.000000,850518848.000000,1324570160.000000,237035520.000000,1571540992.000000,0.000800,0.000000,0.000000,0.000000,0.009200,0.000000,0.011000,0.000000,0.000000,0.000000,0.005300,0.001900,0.002500,0.005300,0.000000
393,0.472482,1.674199,1.644900,1.539700,1076.000000,850519640.000000,1324570160.000000,237035520.000000,1571540992.000000,0.434100,0.151000,0.011500,0.111500,0.009100,0.019700,0.107400,0.013500,0.019300,0.014400,0.005000,0.001900,0.002500,0.004800,0.000000
394,0.473673,1.241298,1.254200,1.128600,1076.000000,850523752.000000,1324570160.000000,237035520.000000,1571540992.000000,0.000600,0.000000,0.000000,0.000000,0.016200,0.000000,0.026900,0.000000,0.000000,0.000000,0.005200,0.001900,0.003100,0.007000,0.000000
395,0.474978,1.291702,1.293800,1.183800,1076.000000,850524184.000000,1324570160.000000,237035520.000000,1571540992.000000,0.000700,0.000000,0.000000,0.000000,0.010600,0.000000,0.051100,0.000000,0.000000,0.000000,0.004800,0.002600,0.002700,0.007100,0.000000
396,0.476398,1.416901,1.163800,1.060200,1076.000000,850524632.000000,1324570160.000000,237035520.000000,1571540992.000000,0.000700,0.000000,0.000000,0.000000,0.009500,0.000000,0.030100,0.000000,0.000000,0.000000,0.005000,0.002000,0.002700,0.006600,0.000000
397,0.477425,1.020798,1.264800,0.911600,1076.000000,850523104.000000,1324570160.000000,237035520.000000,1571540992.000000,0.000600,0.000000,0.000000,0.000000,0.010100,0.000000,0.011300,0.000000,0.000000,0.000000,0.004700,0.002100,0.003000,0.006000,0.000000
398,0.478365,0.992000,1.000300,0.894500,1076.000000,850523128.000000,1324570160.000000,237035520.000000,1571540992.000000,0.000700,0.000000,0.000000,0.000000,0.010700,0.000000,0.011000,0.000000,0.000000,0.000000,0.005600,0.002200,0.002800,0.007900,0.000000
399,0.479297,0.937401,0.935900,0.841700,1076.000000,850523536.000000,1324570160.000000,237035520.000000,1571540992.000000,0.000600,0.000000,0.000000,0.000000,0.008800,0.000000,0.010500,0.000000,0.000000,0.000000,0.004000,0.002300,0.002200,0.006400,0.000000
400,0.480206,0.906300,0.896000,0.803300,1076.000000,850523136.000000,1324570160.000000,237035520.000000,1571540992.000000,0.000600,0.000000,0.000000,0.000000,0.008400,0.000000,0.010000,0.000000,0.000000,0.000000,0.004300,0.002300,0.002300,0.006400,0.000000
401,0.481083,0.878897,0.887200,0.786300,1076.000000,850531368.000000,1324570160.000000,237035520.000000,1571540992.000000,0.000600,0.000000,0.000000,0.000000,0.008200,0.000000,0.009900,0.000000,0.000000,0.000000,0.004100,0.001800,0.002100,0.006000,0.000000
402,0.481953,0.862004,0.857600,0.767500,1076.000000,850531376.000000,1324570160.000000,237035520.000000,1571540992.000000,0.000600,0.000000,0.000000,0.000000,0.008400,0.000000,0.010000,0.000000,0.000000,0.000000,0.003800,0.001700,0.002200,0.005900,0.000000
403,0.482890,0.933496,0.922500,0.829900,1076.000000,850545776.000000,1324570160.000000,237035520.000000,1571540992.000000,0.000700,0.000000,0.000000,0.000000,0.008500,0.000000,0.010300,0.000000,0.000000,0.000000,0.003900,0.001700,0.002200,0.005900,0.000000
404,0.484072,1.168403,1.158500,1.054300,1076.000000,850537760.000000,1324570160.000000,237035520.000000,1571540992.000000,0.000700,0.000000,0.000000,0.000000,0.008500,0.000000,0.011100,0.000000,0.000000,0.000000,0.003600,0.001700,0.002100,0.006100,0.000000
405,0.485014,0.957001,0.948800,0.841400,1076.000000,850535144.000000,1324570160.000000,237035520.000000,1571540992.000000,0.000800,0.000000,0.000000,0.000000,0.009400,0.000000,0.011100,0.000000,0.000000,0.000000,0.004400,0.001800,0.002300,0.005500,0.000000
406,0.485957,0.925397,0.940800,0.830700,1076.000000,850535184.000000,1324570160.000000,237035520.000000,1571540992.000000,0.000700,0.000000,0.000000,0.000000,0.008900,0.000000,0.010100,0.000000,0.000000,0.000000,0.004300,0.001600,0.002100,0.005200,0.000000
407,0.486915,0.946301,0.940700,0.846000,1076.000000,850539744.000000,1324570160.000000,237035520.000000,1571540992.000000,0.000600,0.000000,0.000000,0.000000,0.008900,0.000000,0.010500,0.000000,0.000000,0.000000,0.003500,0.001700,0.002100,0.006100,0.000000
408,0.487925,1.019402,1.016000,0.918000,1076.000000,850539752.000000,1324570160.000000,237035520.000000,1571540992.000000,0.000500,0.000000,0.000000,0.000000,0.008700,0.000000,0.012600,0.000000,0.000000,0.000000,0.004600,0.001900,0.002200,0.005900,0.000000
409,0.489264,1.346995,1.340000,1.240100,1076.000000,850540056.000000,1324570160.000000,237035520.000000,1571540992.000000,0.335100,0.039600,0.010900,0.121900,0.009400,0.020600,0.011300,0.012600,0.018700,0.024200,0.003700,0.002200,0.002300,0.005800,0.000000
410,0.490504,1.233900,0.930000,0.829000,1076.000000,850540072.000000,1324570160.000000,237035520.000000,1571540992.000000,0.000600,0.000000,0.000000,0.000000,0.011000,0.000000,0.010900,0.000000,0.000000,0.000000,0.004000,0.002500,0.002400,0.006400,0.000000
411,0.491928,1.415504,1.695800,1.293000,1076.000000,850540512.000000,1324570160.000000,237035520.000000,1571540992.000000,0.000700,0.000000,0.000000,0.000000,0.009900,0.000000,0.107200,0.000000,0.000000,0.000000,0.004200,0.002700,0.002400,0.007400,0.000000
412,0.493087,1.167694,1.177600,1.055600,1076.000000,850540960.000000,1324570160.000000,237035520.000000,1571540992.000000,0.000900,0.000000,0.000000,0.000000,0.010500,0.000000,0.046700,0.000000,0.000000,0.000000,0.004800,0.002500,0.002900,0.006400,0.000000
413,0.494788,1.633100,1.623200,1.511700,1076.000000,850539760.000000,1324570160.000000,237035520.000000,1571540992.000000,0.000700,0.000000,0.000000,0.000000,0.009900,0.000000,0.095300,0.000000,0.000000,0.000000,0.005100,0.003000,0.002500,0.007200,0.000000
414,0.495861,1.154401,1.166700,1.053700,1076.000000,850543880.000000,1324570160.000000,237035520.000000,1571540992.000000,0.000800,0.000000,0.000000,0.000000,0.012500,0.000000,0.056900,0.000000,0.000000,0.000000,0.006400,0.002500,0.003000,0.007900,0.000000
415,0.497217,1.309403,1.292600,1.188600,1076.000000,850544328.000000,1324570160.000000,237035520.000000,1571540992.000000,0.000600,0.000000,0.000000,0.000000,0.009500,0.000000,0.118400,0.000000,0.000000,0.000000,0.004200,0.002500,0.002600,0.006600,0.000000
416,0.498292,1.119997,1.133200,1.020300,1076.000000,850543928.000000,1324570160.000000,237035520.000000,1571540992.000000,0.000800,0.000000,0.000000,0.000000,0.010800,0.000000,0.033600,0.000000,0.000000,0.000000,0.006200,0.002100,0.003400,0.007500,0.000000
417,0.499244,0.962500,0.962100,0.865000,1076.000000,850543968.000000,1324570160.000000,237035520.000000,1571540992.000000,0.000700,0.000000,0.000000,0.000000,0.009100,0.000000,0.094100,0.000000,0.000000,0.000000,0.004400,0.002100,0.002600,0.006300,0.000000
418,0.500366,1.112401,1.104400,1.008200,1076.000000,850543976.000000,1324570160.000000,237035520.000000,1571540992.000000,0.000600,0.000000,0.000000,0.000000,0.008700,0.000000,0.099000,0.000000,0.000000,0.000000,0.004100,0.002300,0.002300,0.006200,0.000000
419,0.501364,0.996103,0.999500,0.899400,1076.000000,850558376.000000,1324570160.000000,237035520.000000,1571540992.000000,0.000600,0.000000,0.000000,0.000000,0.009800,0.000000,0.011100,0.000000,0.000000,0.000000,0.004300,0.002300,0.002300,0.006800,0.000000
420,0.502624,1.248399,1.121100,1.023000,1076.000000,850550360.000000,1324570160.000000,237035520.000000,1571540992.000000,0.000700,0.000000,0.000000,0.000000,0.008700,0.000000,0.012000,0.000000,0.000000,0.000000,0.004000,0.001800,0.002500,0.005900,0.000000
421,0.503588,0.984899,1.092300,0.877200,1076.000000,850551840.000000,1324570160.000000,237035520.000000,1571540992.000000,0.000800,0.000000,0.000000,0.000000,0.009400,0.000000,0.011100,0.000000,0.000000,0.000000,0.004200,0.001700,0.002700,0.005800,0.000000
422,0.504563,0.985601,0.994100,0.887700,1076.000000,850552432.000000,1324570160.000000,237035520.000000,1571540992.000000,0.000800,0.000000,0.000000,0.000000,0.009500,0.000000,0.011900,0.000000,0.000000,0.000000,0.003800,0.001700,0.002500,0.005900,0.000000
423,0.505745,1.180003,1.181200,1.086200,1076.000000,850552912.000000,1324570160.000000,237035520.000000,1571540992.000000,0.315800,0.039800,0.012000,0.101900,0.008500,0.016600,0.010600,0.013900,0.019000,0.012000,0.003800,0.001700,0.002100,0.004200,0.000000
424,0.506589,0.843594,0.841500,0.750400,1076.000000,850552496.000000,1324570160.000000,237035520.000000,1571540992.000000,0.000700,0.000000,0.000000,0.000000,0.009700,0.000000,0.011000,0.000000,0.000000,0.000000,0.003600,0.001700,0.002200,0.005800,0.000000
425,0.507565,0.953203,0.942300,0.848500,1076.000000,850552536.000000,1324570160.000000,237035520.000000,1571540992.000000,0.000600,0.000000,0.000000,0.000000,0.008600,0.000000,0.009400,0.000000,0.000000,0.000000,0.003600,0.001600,0.002000,0.006000,0.000000
426,0.508447,0.897300,0.900000,0.801800,1076.000000,850556648.000000,1324570160.000000,237035520.000000,1571540992.000000,0.000600,0.000000,0.000000,0.000000,0.011100,0.000000,0.010500,0.000000,0.000000,0.000000,0.003500,0.001800,0.002200,0.007100,0.000000
427,0.509314,0.877197,0.878900,0.786000,1076.000000,850556664.000000,1324570160.000000,237035520.000000,1571540992.000000,0.000700,0.000000,0.000000,0.000000,0.009100,0.000000,0.010500,0.000000,0.000000,0.000000,0.004000,0.002300,0.002200,0.006800,0.000000
428,0.510145,0.835906,0.834500,0.745800,1076.000000,850557096.000000,1324570160.000000,237035520.000000,1571540992.000000,0.000600,0.000000,0.000000,0.000000,0.008600,0.000000,0.009700,0.000000,0.000000,0.000000,0.003500,0.002200,0.002100,0.006000,0.000000
429,0.511250,1.089994,1.064200,0.971600,1076.000000,850545440.000000,1324570160.000000,237035520.000000,1571540992.000000,0.000600,0.000000,0.000000,0.000000,0.008200,0.000000,0.009800,0.000000,0.000000,0.000000,0.003200,0.002100,0.002000,0.006000,0.000000
430,0.512222,0.923002,0.938000,0.825600,1076.000000,850545464.000000,1324570160.000000,237035520.000000,1571540992.000000,0.000600,0.000000,0.000000,0.000000,0.008900,0.000000,0.010600,0.000000,0.000000,0.000000,0.003100,0.001700,0.002200,0.006100,0.000000
431,0.513826,1.545805,1.351400,1.251100,1076.000000,850545912.000000,1324570160.000000,237035520.000000,1571540992.000000,0.000800,0.000000,0.000000,0.000000,0.008300,0.000000,0.104400,0.000000,0.000000,0.000000,0.008000,0.002200,0.003100,0.008500,0.000000
432,0.515055,1.317099,1.491600,1.205500,1076.000000,850545536.000000,1324570160.000000,237035520.000000,1571540992.000000,0.000800,0.000000,0.000000,0.000000,0.010500,0.000000,0.104900,0.000000,0.000000,0.000000,0.005200,0.002100,0.002900,0.007700,0.000000
433,0.516120,1.073895,1.082000,0.971900,1076.000000,850549648.000000,1324570160.000000,237035520.000000,1571540992.000000,0.000700,0.000000,0.000000,0.000000,0.010000,0.000000,0.030600,0.000000,0.000000,0.000000,0.004500,0.002400,0.002500,0.006600,0.000000
434,0.517287,1.160006,1.141900,1.042000,1076.000000,850549656.000000,1324570160.000000,237035520.000000,1571540992.000000,0.000700,0.000000,0.000000,0.000000,0.009400,0.000000,0.101500,0.000000,0.000000,0.000000,0.004400,0.002500,0.002500,0.006500,0.000000
435,0.518430,1.153897,1.168900,1.057100,1076.000000,850568152.000000,1324570160.000000,237035520.000000,1571606528.000000,0.000600,0.000000,0.000000,0.000000,0.009500,0.000000,0.123200,0.000000,0.000000,0.000000,0.004600,0.001900,0.002300,0.006500,0.000000
436,0.519405,0.986203,0.987600,0.893900,1076.000000,850556464.000000,1324570160.000000,237035520.000000,1571606528.000000,0.000700,0.000000,0.000000,0.000000,0.009100,0.000000,0.029100,0.000000,0.000000,0.000000,0.004100,0.001900,0.002100,0.006200,0.000000
437,0.520475,1.050198,1.038300,0.944800,1076.000000,850553424.000000,1324570160.000000,237035520.000000,1571606528.000000,0.000600,0.000000,0.000000,0.000000,0.008300,0.000000,0.011200,0.000000,0.000000,0.000000,0.003700,0.001800,0.002000,0.006100,0.000000
438,0.521909,1.430499,1.426900,1.324300,1076.000000,850562880.000000,1324570160.000000,237035520.000000,1571606528.000000,0.389800,0.044600,0.012600,0.133600,0.009800,0.022800,0.010900,0.029900,0.021500,0.022600,0.004300,0.002100,0.002200,0.005200,0.000000
439,0.522852,0.956399,0.955900,0.853500,1076.000000,850567440.000000,1324570160.000000,237035520.000000,1571606528.000000,0.000700,0.000000,0.000000,0.000000,0.011900,0.000000,0.011100,0.000000,0.000000,0.000000,0.004000,0.002500,0.002200,0.006400,0.000000
440,0.524186,1.311898,1.078400,0.979900,1076.000000,850567024.000000,1324570160.000000,237035520.000000,1571606528.000000,0.000600,0.000000,0.000000,0.000000,0.008900,0.000000,0.011000,0.000000,0.000000,0.000000,0.004000,0.001800,0.002000,0.006300,0.000000
441,0.525167,0.998604,1.223700,0.897000,1076.000000,850567064.000000,1324570160.000000,237035520.000000,1571606528.000000,0.000600,0.000000,0.000000,0.000000,0.009500,0.000000,0.010300,0.000000,0.000000,0.000000,0.005200,0.002100,0.002200,0.006400,0.000000
442,0.526080,0.923200,0.930300,0.828800,1076.000000,850561760.000000,1324570160.000000,237035520.000000,1571606528.000000,0.000600,0.000000,0.000000,0.000000,0.009400,0.000000,0.011200,0.000000,0.000000,0.000000,0.003800,0.001700,0.002500,0.006800,0.000000
443,0.527106,1.007901,0.999600,0.905800,1076.000000,850562216.000000,1324570160.000000,237035520.000000,1571606528.000000,0.000700,0.000000,0.000000,0.000000,0.008300,0.000000,0.124400,0.000000,0.000000,0.000000,0.004600,0.002200,0.002400,0.007300,0.000000
444,0.528213,1.101998,1.039700,0.941000,1076.000000,850562648.000000,1324570160.000000,237035520.000000,1571606528.000000,0.000600,0.000000,0.000000,0.000000,0.008700,0.000000,0.024300,0.000000,0.000000,0.000000,0.004500,0.002300,0.002400,0.006800,0.000000
445,0.529348,1.142503,1.118300,0.963300,1076.000000,850561824.000000,1324570160.000000,237035520.000000,1571606528.000000,0.000600,0.000000,0.000000,0.000000,0.009600,0.000000,0.010600,0.000000,0.000000,0.000000,0.004400,0.002900,0.002700,0.007400,0.000000
446,0.530844,1.302799,1.377100,1.198500,1076.000000,850565944.000000,1324570160.000000,237035520.000000,1571606528.000000,0.044300,0.000000,0.000000,0.000000,0.009200,0.000000,0.011900,0.000000,0.000000,0.000000,0.004100,0.001800,0.002400,0.006800,0.000000
447,0.532556,1.757200,1.304800,1.200700,1076.000000,850566392.000000,1324570160.000000,237035520.000000,1571606528.000000,0.000700,0.000000,0.000000,0.000000,0.010900,0.000000,0.015400,0.000000,0.000000,0.000000,0.004300,0.002100,0.002500,0.007100,0.000000
448,0.533973,1.529096,1.941500,1.388700,1076.000000,850566016.000000,1324570160.000000,237035520.000000,1571606528.000000,0.000900,0.000000,0.000000,0.000000,0.019400,0.000000,0.018000,0.000000,0.000000,0.000000,0.007100,0.003900,0.004400,0.011000,0.000000
449,0.534920,0.991801,1.027200,0.897600,1076.000000,850566032.000000,1324570160.000000,237035520.000000,1571606528.000000,0.000900,0.000000,0.000000,0.000000,0.010600,0.000000,0.011300,0.000000,0.000000,0.000000,0.004800,0.002700,0.002700,0.007100,0.000000
450,0.535810,0.893502,0.890600,0.795400,1076.000000,850566464.000000,1324570160.000000,237035520.000000,1571606528.000000,0.000600,0.000000,0.000000,0.000000,0.009100,0.000000,0.012400,0.000000,0.000000,0.000000,0.004300,0.002400,0.002400,0.006500,0.000000
451,0.536914,1.078897,1.076000,0.979500,1076.000000,850580592.000000,1324570160.000000,237035520.000000,1571606528.000000,0.000600,0.000000,0.000000,0.000000,0.008900,0.000000,0.011200,0.000000,0.000000,0.000000,0.003700,0.001600,0.002100,0.004600,0.000000
452,0.537810,0.923299,0.920200,0.823800,1076.000000,850572576.000000,1324570160.000000,237035520.000000,1571606528.000000,0.000600,0.000000,0.000000,0.000000,0.009700,0.000000,0.012300,0.000000,0.000000,0.000000,0.004000,0.001800,0.002600,0.005700,0.000000
453,0.539009,1.194402,1.190700,1.093400,1076.000000,850570080.000000,1324570160.000000,237035520.000000,1571606528.000000,0.293100,0.038700,0.010600,0.104800,0.009000,0.016400,0.011300,0.013500,0.018900,0.008600,0.003400,0.001800,0.002400,0.004800,0.000000
454,0.539857,0.855300,0.856400,0.760200,1076.000000,850570120.000000,1324570160.000000,237035520.000000,1571606528.000000,0.000700,0.000000,0.000000,0.000000,0.009800,0.000000,0.010100,0.000000,0.000000,0.000000,0.003500,0.001600,0.002400,0.006200,0.000000
455,0.540774,0.863301,0.858500,0.765900,1076.000000,850574680.000000,1324570160.000000,237035520.000000,1571606528.000000,0.000700,0.000000,0.000000,0.000000,0.008400,0.000000,0.009900,0.000000,0.000000,0.000000,0.003500,0.002100,0.002200,0.006400,0.000000
456,0.541739,1.008702,1.001800,0.905300,1076.000000,850574264.000000,1324570160.000000,237035520.000000,1571606528.000000,0.000800,0.000000,0.000000,0.000000,0.008000,0.000000,0.010900,0.000000,0.000000,0.000000,0.007700,0.001900,0.003000,0.007600,0.000000
457,0.542651,0.917900,0.918400,0.819200,1076.000000,850574184.000000,1324570160.000000,237035520.000000,1571606528.000000,0.000600,0.000000,0.000000,0.000000,0.009400,0.000000,0.010500,0.000000,0.000000,0.000000,0.003900,0.002300,0.002100,0.006600,0.000000
458,0.543535,0.886097,0.883000,0.786600,1076.000000,850578296.000000,1324570160.000000,237035520.000000,1571606528.000000,0.000700,0.000000,0.000000,0.000000,0.008700,0.000000,0.010800,0.000000,0.000000,0.000000,0.003900,0.002400,0.002200,0.006500,0.000000
459,0.544412,0.876601,0.877300,0.780900,1076.000000,850578752.000000,1324570160.000000,237035520.000000,1571606528.000000,0.000600,0.000000,0.000000,0.000000,0.009300,0.000000,0.010800,0.000000,0.000000,0.000000,0.004300,0.002400,0.002300,0.006600,0.000000
460,0.545281,0.870302,0.867500,0.774700,1076.000000,850579184.000000,1324570160.000000,237035520.000000,1571606528.000000,0.000600,0.000000,0.000000,0.000000,0.008700,0.000000,0.010100,0.000000,0.000000,0.000000,0.003800,0.001700,0.002100,0.006000,0.000000
461,0.546292,0.976701,0.856200,0.763300,1076.000000,850578360.000000,1324570160.000000,237035520.000000,1571606528.000000,0.000600,0.000000,0.000000,0.000000,0.008400,0.000000,0.010000,0.000000,0.000000,0.000000,0.004100,0.001600,0.002100,0.006000,0.000000
462,0.547563,1.274695,1.376600,1.166600,1076.000000,850578384.000000,1324570160.000000,237035520.000000,1571606528.000000,0.000600,0.000000,0.000000,0.000000,0.009900,0.000000,0.011800,0.000000,0.000000,0.000000,0.004400,0.001700,0.002500,0.007000,0.000000
463,0.548528,0.978203,0.977800,0.870400,1076.000000,850578832.000000,1324570160.000000,237035520.000000,1571606528.000000,0.000600,0.000000,0.000000,0.000000,0.010700,0.000000,0.011000,0.000000,0.000000,0.000000,0.004800,0.002000,0.002500,0.006700,0.000000
464,0.549434,0.911600,0.909400,0.804900,1076.000000,850578856.000000,1324570160.000000,237035520.000000,1571606528.000000,0.000700,0.000000,0.000000,0.000000,0.010000,0.000000,0.012200,0.000000,0.000000,0.000000,0.003800,0.001800,0.002500,0.006500,0.000000
465,0.550486,1.062897,1.067200,0.961500,1076.000000,850592320.000000,1324570160.000000,237035520.000000,1571606528.000000,0.000800,0.000000,0.000000,0.000000,0.009700,0.000000,0.011600,0.000000,0.000000,0.000000,0.004100,0.001800,0.002200,0.006500,0.000000
466,0.551418,0.924802,0.916700,0.820400,1076.000000,850593400.000000,1324570160.000000,237035520.000000,1571606528.000000,0.000700,0.000000,0.000000,0.000000,0.009000,0.000000,0.010600,0.000000,0.000000,0.000000,0.004100,0.002100,0.002300,0.006300,0.000000
467,0.552356,0.942900,0.950500,0.849000,1076.000000,850607800.000000,1324570160.000000,237035520.000000,1571606528.000000,0.000600,0.000000,0.000000,0.000000,0.011100,0.000000,0.010300,0.000000,0.000000,0.000000,0.003900,0.002300,0.002200,0.006100,0.000000
468,0.553233,0.878203,0.872700,0.779900,1076.000000,850595688.000000,1324570160.000000,237035520.000000,1571606528.000000,0.000600,0.000000,0.000000,0.000000,0.008700,0.000000,0.011200,0.000000,0.000000,0.000000,0.003500,0.001700,0.002200,0.005900,0.000000
469,0.554127,0.882200,0.881100,0.787100,1076.000000,850593072.000000,1324570160.000000,237035520.000000,1571606528.000000,0.000700,0.000000,0.000000,0.000000,0.009100,0.000000,0.010900,0.000000,0.000000,0.000000,0.003700,0.001700,0.002400,0.006000,0.000000
470,0.555283,1.169395,1.167600,1.074600,1076.000000,850593312.000000,1324570160.000000,237035520.000000,1571606528.000000,0.315400,0.039000,0.011700,0.115700,0.008400,0.016500,0.010100,0.013800,0.019600,0.012100,0.003800,0.001800,0.002200,0.004300,0.000000
471,0.556103,0.826006,0.827400,0.735900,1076.000000,850597872.000000,1324570160.000000,237035520.000000,1571606528.000000,0.000700,0.000000,0.000000,0.000000,0.009300,0.000000,0.010100,0.000000,0.000000,0.000000,0.003900,0.001600,0.002100,0.005900,0.000000
472,0.556964,0.862599,0.853800,0.764100,1076.000000,850601552.000000,1324570160.000000,237035520.000000,1571606528.000000,0.000800,0.000000,0.000000,0.000000,0.007900,0.000000,0.010800,0.000000,0.000000,0.000000,0.004500,0.001600,0.002200,0.005400,0.000000
473,0.557857,0.879599,0.876500,0.780700,1076.000000,850601592.000000,1324570160.000000,237035520.000000,1571606528.000000,0.000700,0.000000,0.000000,0.000000,0.008000,0.000000,0.010100,0.000000,0.000000,0.000000,0.003300,0.001600,0.002000,0.005700,0.000000
474,0.558722,0.874901,0.877000,0.781700,1076.000000,850601408.000000,1324570160.000000,237035520.000000,1571606528.000000,0.000600,0.000000,0.000000,0.000000,0.008600,0.000000,0.010300,0.000000,0.000000,0.000000,0.003900,0.001600,0.002000,0.006200,0.000000
475,0.559551,0.836402,0.834700,0.744700,1076.000000,850601864.000000,1324570160.000000,237035520.000000,1571606528.000000,0.000700,0.000000,0.000000,0.000000,0.008100,0.000000,0.010100,0.000000,0.000000,0.000000,0.004000,0.001700,0.002000,0.005800,0.000000
476,0.560329,0.778394,0.777600,0.687900,1076.000000,850602296.000000,1324570160.000000,237035520.000000,1571606528.000000,0.000700,0.000000,0.000000,0.000000,0.007800,0.000000,0.010000,0.000000,0.000000,0.000000,0.003600,0.002400,0.001900,0.006100,0.000000
477,0.561169,0.834205,0.824300,0.734800,1076.000000,850601472.000000,1324570160.000000,237035520.000000,1571606528.000000,0.000600,0.000000,0.000000,0.000000,0.008000,0.000000,0.009900,0.000000,0.000000,0.000000,0.003100,0.001700,0.002100,0.005800,0.000000
478,0.562078,0.908099,0.892900,0.794200,1076.000000,850606016.000000,1324570160.000000,237035520.000000,1571606528.000000,0.000600,0.000000,0.000000,0.000000,0.008400,0.000000,0.012300,0.000000,0.000000,0.000000,0.003700,0.001700,0.002200,0.005900,0.000000
479,0.563454,1.333397,0.882600,0.773800,1076.000000,850606040.000000,1324570160.000000,237035520.000000,1571606528.000000,0.000700,0.000000,0.000000,0.000000,0.008600,0.000000,0.010900,0.000000,0.000000,0.000000,0.003700,0.001600,0.002400,0.005500,0.000000
480,0.564783,1.254599,1.648900,1.092800,1076.000000,850605640.000000,1324570160.000000,237035520.000000,1571606528.000000,0.000900,0.000000,0.000000,0.000000,0.009700,0.000000,0.092500,0.000000,0.000000,0.000000,0.008500,0.002100,0.003500,0.008400,0.000000
481,0.566025,1.299802,1.342800,1.198500,1076.000000,850605680.000000,1324570160.000000,237035520.000000,1571606528.000000,0.000800,0.000000,0.000000,0.000000,0.016900,0.000000,0.084400,0.000000,0.000000,0.000000,0.006100,0.003400,0.003500,0.009400,0.000000
482,0.567589,1.547201,1.512500,1.395300,1076.000000,850605688.000000,1324570160.000000,237035520.000000,1571606528.000000,0.000800,0.000000,0.000000,0.000000,0.012500,0.000000,0.218000,0.000000,0.000000,0.000000,0.004700,0.002000,0.002600,0.006400,0.000000
483,0.568740,1.185700,1.206900,1.073300,1076.000000,850620088.000000,1324570160.000000,237035520.000000,1571606528.000000,0.000800,0.000000,0.000000,0.000000,0.012700,0.000000,0.093400,0.000000,0.000000,0.000000,0.005300,0.002600,0.003300,0.007000,0.000000
484,0.569842,1.118800,1.124200,1.015800,1076.000000,850612072.000000,1324570160.000000,237035520.000000,1571606528.000000,0.000800,0.000000,0.000000,0.000000,0.010300,0.000000,0.012100,0.000000,0.000000,0.000000,0.004700,0.002400,0.003000,0.007100,0.000000
485,0.570846,1.014002,1.009700,0.909100,1076.000000,850609456.000000,1324570160.000000,237035520.000000,1571606528.000000,0.000700,0.000000,0.000000,0.000000,0.009700,0.000000,0.030500,0.000000,0.000000,0.000000,0.004300,0.002100,0.002300,0.006500,0.000000
486,0.572143,1.295699,1.295600,1.193200,1076.000000,850613840.000000,1324570160.000000,237035520.000000,1571606528.000000,0.307400,0.040100,0.010800,0.103700,0.009700,0.016500,0.021200,0.013900,0.019500,0.012000,0.004100,0.002100,0.002200,0.004800,0.000000
487,0.573245,1.105896,1.102700,1.003600,1076.000000,850614320.000000,1324570160.000000,237035520.000000,1571606528.000000,0.000700,0.000000,0.000000,0.000000,0.011100,0.000000,0.069700,0.000000,0.000000,0.000000,0.004200,0.002100,0.002300,0.005700,0.000000
488,0.574235,0.961005,0.956000,0.856400,1076.000000,850613888.000000,1324570160.000000,237035520.000000,1571606528.000000,0.000600,0.000000,0.000000,0.000000,0.009400,0.000000,0.084000,0.000000,0.000000,0.000000,0.003900,0.002500,0.002200,0.006700,0.000000
489,0.575376,1.155598,1.153000,1.050500,1076.000000,850618008.000000,1324570160.000000,237035520.000000,1571606528.000000,0.000700,0.000000,0.000000,0.000000,0.009200,0.000000,0.075900,0.000000,0.000000,0.000000,0.004800,0.002300,0.002400,0.007000,0.000000
490,0.576412,1.037599,1.034300,0.932600,1076.000000,850621888.000000,1324570160.000000,237035520.000000,1571606528.000000,0.000800,0.000000,0.000000,0.000000,0.010000,0.000000,0.022800,0.000000,0.000000,0.000000,0.004400,0.002800,0.002500,0.006700,0.000000
491,0.577435,1.030903,1.029700,0.928100,1076.000000,850622344.000000,1324570160.000000,237035520.000000,1571606528.000000,0.000700,0.000000,0.000000,0.000000,0.009900,0.000000,0.011100,0.000000,0.000000,0.000000,0.004800,0.002100,0.002500,0.006400,0.000000
492,0.578497,1.065200,1.060400,0.960800,1076.000000,850623200.000000,1324570160.000000,237035520.000000,1571606528.000000,0.000700,0.000000,0.000000,0.000000,0.009800,0.000000,0.027700,0.000000,0.000000,0.000000,0.004200,0.002500,0.002500,0.006700,0.000000
493,0.580004,1.491901,1.187700,1.085500,1076.000000,850621952.000000,1324570160.000000,237035520.000000,1571606528.000000,0.000600,0.000000,0.000000,0.000000,0.009700,0.000000,0.111900,0.000000,0.000000,0.000000,0.004300,0.002300,0.002300,0.006600,0.000000
494,0.581233,1.231895,1.529000,1.129400,1076.000000,850621976.000000,1324570160.000000,237035520.000000,1571606528.000000,0.000600,0.000000,0.000000,0.000000,0.009800,0.000000,0.024200,0.000000,0.000000,0.000000,0.004700,0.002000,0.002600,0.006500,0.000000
495,0.582729,1.408603,1.365800,1.251300,1076.000000,850622424.000000,1324570160.000000,237035520.000000,1571606528.000000,0.000600,0.000000,0.000000,0.000000,0.009500,0.000000,0.104200,0.000000,0.000000,0.000000,0.005100,0.002100,0.002500,0.007100,0.000000
496,0.584120,1.474802,1.469700,1.329100,1076.000000,850622024.000000,1324570160.000000,237035520.000000,1571606528.000000,0.000900,0.000000,0.000000,0.000000,0.013800,0.000000,0.033200,0.000000,0.000000,0.000000,0.005700,0.003400,0.003500,0.007700,0.000000
497,0.585194,1.077601,1.113100,0.966900,1076.000000,850626160.000000,1324570160.000000,237035520.000000,1571606528.000000,0.000700,0.000000,0.000000,0.000000,0.009900,0.000000,0.027800,0.000000,0.000000,0.000000,0.004500,0.002100,0.002600,0.007200,0.000000
498,0.586254,1.065398,1.055000,0.949000,1076.000000,850626168.000000,1324570160.000000,237035520.000000,1571606528.000000,0.000700,0.000000,0.000000,0.000000,0.010600,0.000000,0.038600,0.000000,0.000000,0.000000,0.004500,0.002600,0.002600,0.006900,0.000000
499,0.587420,1.157398,1.159500,1.043300,1076.000000,850644664.000000,1324570160.000000,237035520.000000,1571672064.000000,0.000700,0.000000,0.000000,0.000000,0.009600,0.000000,0.042000,0.000000,0.000000,0.000000,0.004900,0.002800,0.002400,0.026200,0.000000
500,0.588958,1.538598,1.537800,1.427900,1076.000000,850633256.000000,1324570160.000000,237035520.000000,1571672064.000000,0.320300,0.040600,0.011000,0.104000,0.010600,0.018300,0.031400,0.014500,0.019900,0.012100,0.005000,0.002200,0.002500,0.005600,0.000000
501,0.589991,1.050801,1.055800,0.949700,1076.000000,850630640.000000,1324570160.000000,237035520.000000,1571672064.000000,0.000600,0.000000,0.000000,0.000000,0.011200,0.000000,0.017900,0.000000,0.000000,0.000000,0.004000,0.002000,0.002600,0.006600,0.000000
502,0.590981,0.980903,0.978100,0.880600,1076.000000,850630680.000000,1324570160.000000,237035520.000000,1571672064.000000,0.000600,0.000000,0.000000,0.000000,0.008700,0.000000,0.010900,0.000000,0.000000,0.000000,0.004100,0.002500,0.002500,0.006800,0.000000
503,0.592690,1.416497,1.379400,1.270700,1076.000000,850635256.000000,1324570160.000000,237035520.000000,1571672064.000000,0.000600,0.000000,0.000000,0.000000,0.009200,0.000000,0.020100,0.000000,0.000000,0.000000,0.004100,0.001900,0.002100,0.006300,0.000000
504,0.593803,1.384503,1.413300,1.286100,1076.000000,850634120.000000,1324570160.000000,237035520.000000,1571672064.000000,0.000700,0.000000,0.000000,0.000000,0.013800,0.000000,0.027400,0.000000,0.000000,0.000000,0.008100,0.002200,0.002900,0.007400,0.000000
505,0.594790,1.010402,1.009600,0.910800,1076.000000,850634160.000000,1324570160.000000,237035520.000000,1571672064.000000,0.000700,0.000000,0.000000,0.000000,0.009100,0.000000,0.011000,0.000000,0.000000,0.000000,0.004200,0.001900,0.002400,0.006500,0.000000
506,0.595821,1.044296,1.042300,0.944300,1076.000000,850638696.000000,1324570160.000000,237035520.000000,1571672064.000000,0.000600,0.000000,0.000000,0.000000,0.009500,0.000000,0.024200,0.000000,0.000000,0.000000,0.004800,0.002700,0.002100,0.006200,0.000000
507,0.597076,1.212599,1.200100,1.100800,1076.000000,850638720.000000,1324570160.000000,237035520.000000,1571672064.000000,0.000800,0.000000,0.000000,0.000000,0.008800,0.000000,0.042800,0.000000,0.000000,0.000000,0.003600,0.002200,0.002300,0.006600,0.000000
508,0.598087,1.032603,1.034000,0.926900,1076.000000,850639152.000000,1324570160.000000,237035520.000000,1571672064.000000,0.000900,0.000000,0.000000,0.000000,0.010000,0.000000,0.011000,0.000000,0.000000,0.000000,0.004800,0.002100,0.003200,0.006900,0.000000
509,0.599020,0.951899,0.947100,0.845300,1076.000000,850638336.000000,1324570160.000000,237035520.000000,1571672064.000000,0.000800,0.000000,0.000000,0.000000,0.009600,0.000000,0.010200,0.000000,0.000000,0.000000,0.004400,0.002000,0.002900,0.005600,0.000000
510,0.599891,0.869501,0.874100,0.770900,1076.000000,850642456.000000,1324570160.000000,237035520.000000,1571672064.000000,0.000600,0.000000,0.000000,0.000000,0.008900,0.000000,0.010100,0.000000,0.000000,0.000000,0.003900,0.002000,0.002200,0.006700,0.000000
511,0.600777,0.890001,0.892400,0.796300,1076.000000,850642904.000000,1324570160.000000,237035520.000000,1571672064.000000,0.000600,0.000000,0.000000,0.000000,0.007900,0.000000,0.010300,0.000000,0.000000,0.000000,0.003800,0.001700,0.002300,0.006200,0.000000
512,0.602193,1.372697,1.354000,1.257900,1076.000000,850642504.000000,1324570160.000000,237035520.000000,1571672064.000000,0.000500,0.000000,0.000000,0.000000,0.008100,0.000000,0.010200,0.000000,0.000000,0.000000,0.003800,0.001700,0.002000,0.005900,0.000000
513,0.603446,1.267099,1.267800,1.160400,1076.000000,850642544.000000,1324570160.000000,237035520.000000,1571672064.000000,0.000700,0.000000,0.000000,0.000000,0.010800,0.000000,0.022900,0.000000,0.000000,0.000000,0.004600,0.002000,0.002500,0.005200,0.000000
514,0.604872,1.439102,1.429000,1.323600,1076.000000,850631728.000000,1324570160.000000,237035520.000000,1571672064.000000,0.001000,0.000000,0.000000,0.000000,0.010400,0.000000,0.099800,0.000000,0.000000,0.000000,0.004400,0.002000,0.002900,0.006200,0.000000
515,0.606251,1.371903,1.379300,1.266600,1128.000000,850646872.000000,1324570160.000000,237035520.000000,1571672064.000000,0.307100,0.041700,0.011700,0.101400,0.009100,0.017200,0.021900,0.013800,0.019400,0.011900,0.004500,0.001800,0.002600,0.004900,0.000000
516,0.607319,1.071301,1.068600,0.965500,1076.000000,850638872.000000,1324570160.000000,237035520.000000,1571672064.000000,0.000700,0.000000,0.000000,0.000000,0.011100,0.000000,0.109300,0.000000,0.000000,0.000000,0.004500,0.001900,0.002500,0.006800,0.000000
517,0.608381,1.056895,1.050900,0.947100,1076.000000,850636264.000000,1324570160.000000,237035520.000000,1571672064.000000,0.000700,0.000000,0.000000,0.000000,0.010100,0.000000,0.010800,0.000000,0.000000,0.000000,0.004600,0.002600,0.002200,0.006600,0.000000
518,0.609452,1.055300,1.053000,0.948900,1076.000000,850636304.000000,1324570160.000000,237035520.000000,1571672064.000000,0.000700,0.000000,0.000000,0.000000,0.010300,0.000000,0.020400,0.000000,0.000000,0.000000,0.004400,0.001900,0.002300,0.006900,0.000000
519,0.610442,1.026701,1.030100,0.927200,1076.000000,850636000.000000,1324570160.000000,237035520.000000,1571672064.000000,0.000700,0.000000,0.000000,0.000000,0.009600,0.000000,0.024500,0.000000,0.000000,0.000000,0.005400,0.002500,0.002500,0.007300,0.000000
520,0.611463,1.004797,0.997600,0.898900,1076.000000,850636008.000000,1324570160.000000,237035520.000000,1571672064.000000,0.000700,0.000000,0.000000,0.000000,0.009200,0.000000,0.044900,0.000000,0.000000,0.000000,0.003900,0.002200,0.002200,0.006200,0.000000
521,0.613235,1.736806,1.385000,1.264700,1076.000000,850635624.000000,1324570160.000000,237035520.000000,1571672064.000000,0.000600,0.000000,0.000000,0.000000,0.009400,0.000000,0.022800,0.000000,0.000000,0.000000,0.004500,0.001900,0.002200,0.005700,0.000000
522,0.614447,1.217198,1.560900,1.118800,1076.000000,850639736.000000,1324570160.000000,237035520.000000,1571672064.000000,0.000600,0.000000,0.000000,0.000000,0.010900,0.000000,0.043600,0.000000,0.000000,0.000000,0.004900,0.001900,0.002700,0.007900,0.000000
523,0.615497,1.076701,1.077900,0.976900,1076.000000,850644288.000000,1324570160.000000,237035520.000000,1571672064.000000,0.000700,0.000000,0.000000,0.000000,0.010600,0.000000,0.042900,0.000000,0.000000,0.000000,0.004700,0.002900,0.002600,0.007000,0.000000
524,0.616784,1.283900,1.273400,1.171200,1076.000000,850644720.000000,1324570160.000000,237035520.000000,1571672064.000000,0.000600,0.000000,0.000000,0.000000,0.009000,0.000000,0.025200,0.000000,0.000000,0.000000,0.004900,0.002500,0.002300,0.006400,0.000000
525,0.618114,1.330400,1.330100,1.222000,1076.000000,850643896.000000,1324570160.000000,237035520.000000,1571672064.000000,0.000700,0.000000,0.000000,0.000000,0.010800,0.000000,0.100700,0.000000,0.000000,0.000000,0.005000,0.002100,0.002900,0.007600,0.000000
526,0.619321,1.209999,1.210500,1.106100,1076.000000,850643920.000000,1324570160.000000,237035520.000000,1571672064.000000,0.000800,0.000000,0.000000,0.000000,0.010800,0.000000,0.030500,0.000000,0.000000,0.000000,0.004900,0.002000,0.002700,0.007400,0.000000
527,0.620324,1.022399,1.021100,0.921400,1076.000000,850644368.000000,1324570160.000000,237035520.000000,1571672064.000000,0.000700,0.000000,0.000000,0.000000,0.009800,0.000000,0.025800,0.000000,0.000000,0.000000,0.004600,0.002000,0.002600,0.006500,0.000000
528,0.621407,1.071103,1.064400,0.961000,1076.000000,850643968.000000,1324570160.000000,237035520.000000,1571672064.000000,0.000700,0.000000,0.000000,0.000000,0.009400,0.000000,0.022000,0.000000,0.000000,0.000000,0.004200,0.002500,0.002400,0.006600,0.000000
529,0.622836,1.427601,1.424100,1.316600,1076.000000,850648512.000000,1324570160.000000,237035520.000000,1571672064.000000,0.319500,0.041200,0.011500,0.103500,0.009900,0.017500,0.038900,0.014300,0.019800,0.012300,0.004800,0.002200,0.002500,0.005000,0.000000
530,0.623851,1.028394,1.031200,0.928500,1076.000000,850648520.000000,1324570160.000000,237035520.000000,1571672064.000000,0.000800,0.000000,0.000000,0.000000,0.011200,0.000000,0.011500,0.000000,0.000000,0.000000,0.004600,0.001900,0.002500,0.006800,0.000000
531,0.624766,0.922201,0.923000,0.826400,1076.000000,850662960.000000,1324570160.000000,237035520.000000,1571672064.000000,0.000800,0.000000,0.000000,0.000000,0.009100,0.000000,0.060500,0.000000,0.000000,0.000000,0.004300,0.002500,0.002600,0.006400,0.000000
532,0.625810,1.021499,1.009900,0.914500,1076.000000,850650848.000000,1324570160.000000,237035520.000000,1571672064.000000,0.000700,0.000000,0.000000,0.000000,0.008400,0.000000,0.011300,0.000000,0.000000,0.000000,0.003800,0.002600,0.002300,0.006600,0.000000
533,0.626862,1.073406,1.079200,0.977700,1076.000000,850647856.000000,1324570160.000000,237035520.000000,1571672064.000000,0.000700,0.000000,0.000000,0.000000,0.009600,0.000000,0.033000,0.000000,0.000000,0.000000,0.004500,0.002100,0.002300,0.006400,0.000000
534,0.627892,1.013400,1.007700,0.912800,1076.000000,850648320.000000,1324570160.000000,237035520.000000,1571672064.000000,0.000700,0.000000,0.000000,0.000000,0.008200,0.000000,0.011400,0.000000,0.000000,0.000000,0.004500,0.002500,0.002000,0.006400,0.000000
535,0.628958,1.076098,1.078500,0.981900,1076.000000,850652472.000000,1324570160.000000,237035520.000000,1571672064.000000,0.000600,0.000000,0.000000,0.000000,0.009800,0.000000,0.103000,0.000000,0.000000,0.000000,0.003600,0.002500,0.002300,0.006400,0.000000
536,0.629964,1.002296,0.995500,0.902800,1076.000000,850652040.000000,1324570160.000000,237035520.000000,1571672064.000000,0.000700,0.000000,0.000000,0.000000,0.008600,0.000000,0.010600,0.000000,0.000000,0.000000,0.003800,0.001800,0.002100,0.005900,0.000000
537,0.631087,1.111706,1.103700,1.006200,1076.000000,850652080.000000,1324570160.000000,237035520.000000,1571672064.000000,0.000700,0.000000,0.000000,0.000000,0.009000,0.000000,0.080200,0.000000,0.000000,0.000000,0.003900,0.001800,0.002100,0.006100,0.000000
538,0.632182,1.082894,1.077000,0.973100,1076.000000,850652096.000000,1324570160.000000,237035520.000000,1571672064.000000,0.000700,0.000000,0.000000,0.000000,0.009700,0.000000,0.011300,0.000000,0.000000,0.000000,0.004300,0.001900,0.002200,0.006400,0.000000
539,0.633535,1.349306,1.342700,1.235000,1076.000000,850652552.000000,1324570160.000000,237035520.000000,1571672064.000000,0.000700,0.000000,0.000000,0.000000,0.010000,0.000000,0.041600,0.000000,0.000000,0.000000,0.004400,0.001900,0.002700,0.006800,0.000000
540,0.634605,1.065299,1.068300,0.959300,1076.000000,850657080.000000,1324570160.000000,237035520.000000,1571672064.000000,0.000700,0.000000,0.000000,0.000000,0.010200,0.000000,0.031700,0.000000,0.000000,0.000000,0.004600,0.002300,0.002400,0.008100,0.000000
541,0.635715,1.133595,1.130000,1.026600,1076.000000,850656256.000000,1324570160.000000,237035520.000000,1571672064.000000,0.000800,0.000000,0.000000,0.000000,0.009900,0.000000,0.039400,0.000000,0.000000,0.000000,0.004600,0.001900,0.002500,0.006800,0.000000
542,0.636868,1.150404,1.150400,1.045600,1076.000000,850660376.000000,1324570160.000000,237035520.000000,1571672064.000000,0.000700,0.000000,0.000000,0.000000,0.009500,0.000000,0.028200,0.000000,0.000000,0.000000,0.004400,0.002000,0.002100,0.006400,0.000000
543,0.638104,1.238598,1.236100,1.134200,1076.000000,850660824.000000,1324570160.000000,237035520.000000,1571672064.000000,0.000600,0.000000,0.000000,0.000000,0.009700,0.000000,0.062100,0.000000,0.000000,0.000000,0.004000,0.001900,0.002400,0.006000,0.000000
544,0.639767,1.650801,1.643900,1.542200,1116.000000,850665528.000000,1324570160.000000,237035520.000000,1571672064.000000,0.420500,0.131500,0.011000,0.218100,0.009700,0.018000,0.091300,0.012800,0.019400,0.012700,0.004400,0.002600,0.002400,0.006000,0.000000
545,0.640881,1.131399,1.135400,1.031700,1076.000000,850665552.000000,1324570160.000000,237035520.000000,1571672064.000000,0.000700,0.000000,0.000000,0.000000,0.011900,0.000000,0.027000,0.000000,0.000000,0.000000,0.004000,0.002800,0.002600,0.008600,0.000000
546,0.641954,1.061501,1.048800,0.948800,1076.000000,850665576.000000,1324570160.000000,237035520.000000,1571672064.000000,0.000700,0.000000,0.000000,0.000000,0.009700,0.000000,0.104100,0.000000,0.000000,0.000000,0.003700,0.002300,0.002300,0.006400,0.000000
547,0.643040,1.093800,1.098100,0.991900,1076.000000,850665616.000000,1324570160.000000,237035520.000000,1571672064.000000,0.000700,0.000000,0.000000,0.000000,0.009900,0.000000,0.037800,0.000000,0.000000,0.000000,0.004300,0.002900,0.002600,0.006600,0.000000
548,0.644009,0.975801,0.975200,0.876200,1076.000000,850670192.000000,1324570160.000000,237035520.000000,1571672064.000000,0.000600,0.000000,0.000000,0.000000,0.009300,0.000000,0.010200,0.000000,0.000000,0.000000,0.004500,0.002700,0.002500,0.006800,0.000000
549,0.645078,1.063903,1.061100,0.963800,1076.000000,850669760.000000,1324570160.000000,237035520.000000,1571672064.000000,0.000700,0.000000,0.000000,0.000000,0.009500,0.000000,0.023700,0.000000,0.000000,0.000000,0.003900,0.002500,0.002300,0.006400,0.000000
550,0.646214,1.123399,1.063100,0.966600,1076.000000,850669800.000000,1324570160.000000,237035520.000000,1571672064.000000,0.000700,0.000000,0.000000,0.000000,0.009200,0.000000,0.087900,0.000000,0.000000,0.000000,0.004300,0.001800,0.002200,0.006000,0.000000
551,0.647911,1.670096,1.703000,1.543400,1076.000000,850669816.000000,1324570160.000000,237035520.000000,1571672064.000000,0.000600,0.000000,0.000000,0.000000,0.011100,0.000000,0.127500,0.000000,0.000000,0.000000,0.004500,0.001900,0.002200,0.005800,0.000000
552,0.649003,1.117503,1.124300,1.003700,1076.000000,850670272.000000,1324570160.000000,237035520.000000,1571672064.000000,0.000700,0.000000,0.000000,0.000000,0.011300,0.000000,0.076100,0.000000,0.000000,0.000000,0.004300,0.002300,0.003500,0.007100,0.000000
553,0.650277,1.279996,1.284900,1.176300,1076.000000,850670704.000000,1324570160.000000,237035520.000000,1571672064.000000,0.000600,0.000000,0.000000,0.000000,0.010100,0.000000,0.098500,0.000000,0.000000,0.000000,0.004400,0.002700,0.002700,0.007200,0.000000
554,0.651351,1.075503,1.075600,0.974100,1076.000000,850673976.000000,1324570160.000000,237035520.000000,1571672064.000000,0.000700,0.000000,0.000000,0.000000,0.009200,0.000000,0.046600,0.000000,0.000000,0.000000,0.004300,0.001900,0.002600,0.006800,0.000000
555,0.652527,1.174702,1.163300,1.062700,1076.000000,850674000.000000,1324570160.000000,237035520.000000,1571672064.000000,0.000600,0.000000,0.000000,0.000000,0.009300,0.000000,0.035100,0.000000,0.000000,0.000000,0.004000,0.002100,0.002500,0.006600,0.000000
556,0.653878,1.328600,1.328900,1.222100,1076.000000,850674448.000000,1324570160.000000,237035520.000000,1571672064.000000,0.000900,0.000000,0.000000,0.000000,0.009900,0.000000,0.095300,0.000000,0.000000,0.000000,0.004900,0.002500,0.002400,0.007000,0.000000
557,0.655175,1.331200,1.335000,1.231400,1076.000000,850678216.000000,1324570160.000000,237035520.000000,1571672064.000000,0.314500,0.040700,0.010300,0.105700,0.009500,0.017100,0.041200,0.013500,0.021100,0.011500,0.005100,0.001900,0.002800,0.005100,0.000000
558,0.656388,1.216397,1.216700,1.120900,1076.000000,850678256.000000,1324570160.000000,237035520.000000,1571672064.000000,0.000700,0.000000,0.000000,0.000000,0.010800,0.000000,0.103700,0.000000,0.000000,0.000000,0.004300,0.002400,0.002700,0.006300,0.000000
559,0.657593,1.193304,1.182800,1.088000,1076.000000,850678688.000000,1324570160.000000,237035520.000000,1571672064.000000,0.000700,0.000000,0.000000,0.000000,0.008900,0.000000,0.024900,0.000000,0.000000,0.000000,0.004000,0.001900,0.002300,0.006400,0.000000
560,0.658760,1.165299,1.156900,1.054800,1076.000000,850692808.000000,1324570160.000000,237035520.000000,1571672064.000000,0.000600,0.000000,0.000000,0.000000,0.009600,0.000000,0.117000,0.000000,0.000000,0.000000,0.004400,0.002700,0.002500,0.006800,0.000000
561,0.659773,1.028997,1.035500,0.930000,1076.000000,850684720.000000,1324570160.000000,237035520.000000,1571672064.000000,0.000600,0.000000,0.000000,0.000000,0.009700,0.000000,0.012100,0.000000,0.000000,0.000000,0.004600,0.002800,0.002400,0.006800,0.000000
562,0.660847,1.058199,1.048600,0.950600,1076.000000,850682104.000000,1324570160.000000,237035520.000000,1571672064.000000,0.000700,0.000000,0.000000,0.000000,0.008700,0.000000,0.022900,0.000000,0.000000,0.000000,0.004400,0.002200,0.002200,0.006400,0.000000
563,0.661986,1.137401,1.134200,1.029300,1076.000000,850686240.000000,1324570160.000000,237035520.000000,1571672064.000000,0.000700,0.000000,0.000000,0.000000,0.009900,0.000000,0.010500,0.000000,0.000000,0.000000,0.004100,0.001900,0.002300,0.006500,0.000000
564,0.663443,1.272803,1.178400,1.071900,1076.000000,850686720.000000,1324570160.000000,237035520.000000,1571672064.000000,0.000700,0.000000,0.000000,0.000000,0.009800,0.000000,0.099900,0.000000,0.000000,0.000000,0.004600,0.002400,0.002700,0.007200,0.000000
565,0.664678,1.423902,1.510200,1.265400,1076.000000,850686288.000000,1324570160.000000,237035520.000000,1571672064.000000,0.000800,0.000000,0.000000,0.000000,0.010700,0.000000,0.026800,0.000000,0.000000,0.000000,0.006500,0.002600,0.002800,0.007300,0.000000
566,0.665817,1.119898,1.119900,1.014300,1076.000000,850686328.000000,1324570160.000000,237035520.000000,1571672064.000000,0.000800,0.000000,0.000000,0.000000,0.009900,0.000000,0.085000,0.000000,0.000000,0.000000,0.004300,0.002400,0.002400,0.007000,0.000000
567,0.667105,1.289300,1.280800,1.174400,1076.000000,850690440.000000,1324570160.000000,237035520.000000,1571737600.000000,0.000700,0.000000,0.000000,0.000000,0.010300,0.000000,0.108400,0.000000,0.000000,0.000000,0.004300,0.002100,0.002400,0.007000,0.000000
568,0.668368,1.266596,1.266600,1.156400,1076.000000,850690896.000000,1324570160.000000,237035520.000000,1571737600.000000,0.000700,0.000000,0.000000,0.000000,0.010200,0.000000,0.110900,0.000000,0.000000,0.000000,0.004800,0.002600,0.002800,0.007100,0.000000
569,0.669515,1.173406,1.174200,1.070000,1076.000000,850691328.000000,1324570160.000000,237035520.000000,1571737600.000000,0.000700,0.000000,0.000000,0.000000,0.009600,0.000000,0.092000,0.000000,0.000000,0.000000,0.004900,0.002000,0.002300,0.005600,0.000000
570,0.670644,1.114895,1.110400,1.007100,1076.000000,850694600.000000,1324570160.000000,237035520.000000,1571737600.000000,0.000700,0.000000,0.000000,0.000000,0.009000,0.000000,0.103600,0.000000,0.000000,0.000000,0.004000,0.002200,0.002300,0.006100,0.000000
571,0.672636,1.902005,1.883000,1.773100,1116.000000,850698424.000000,1324570160.000000,237035520.000000,1571737600.000000,0.445400,0.143400,0.011800,0.225600,0.009400,0.022400,0.011500,0.014700,0.019700,0.013800,0.004500,0.003200,0.002300,0.007400,0.000000
572,0.673820,1.237798,1.240300,1.117900,1076.000000,850698448.000000,1324570160.000000,237035520.000000,1571737600.000000,0.000900,0.000000,0.000000,0.000000,0.014400,0.000000,0.093500,0.000000,0.000000,0.000000,0.005900,0.002500,0.003500,0.008800,0.000000
573,0.675083,1.293800,1.298700,1.185500,1076.000000,850708232.000000,1324570160.000000,237035520.000000,1571737600.000000,0.000700,0.000000,0.000000,0.000000,0.009800,0.000000,0.033300,0.000000,0.000000,0.000000,0.004600,0.002800,0.003100,0.006600,0.000000
574,0.676097,1.032001,1.039500,0.935600,1076.000000,850717536.000000,1324570160.000000,237035520.000000,1571737600.000000,0.000800,0.000000,0.000000,0.000000,0.009700,0.000000,0.029500,0.000000,0.000000,0.000000,0.004100,0.001900,0.002600,0.006800,0.000000
575,0.677219,1.018098,1.016300,0.921600,1076.000000,850718016.000000,1324570160.000000,237035520.000000,1571737600.000000,0.000700,0.000000,0.000000,0.000000,0.008800,0.000000,0.011000,0.000000,0.000000,0.000000,0.003700,0.001800,0.002200,0.006500,0.000000
576,0.678278,1.146797,1.134500,1.037400,1076.000000,850717584.000000,1324570160.000000,237035520.000000,1571737600.000000,0.000800,0.000000,0.000000,0.000000,0.008900,0.000000,0.010600,0.000000,0.000000,0.000000,0.008000,0.002100,0.002800,0.007000,0.000000
577,0.679563,1.190901,1.003300,0.898300,1076.000000,850717624.000000,1324570160.000000,237035520.000000,1571737600.000000,0.000600,0.000000,0.000000,0.000000,0.009800,0.000000,0.011200,0.000000,0.000000,0.000000,0.004000,0.002100,0.002300,0.006200,0.000000
578,0.680877,1.402601,1.549600,1.264300,1076.000000,850717752.000000,1324570160.000000,237035520.000000,1571737600.000000,0.000800,0.000000,0.000000,0.000000,0.010600,0.000000,0.011000,0.000000,0.000000,0.000000,0.006400,0.002100,0.002600,0.007300,0.000000
579,0.682306,1.420004,1.447800,1.308400,1076.000000,850718208.000000,1324570160.000000,237035520.000000,1571737600.000000,0.000700,0.000000,0.000000,0.000000,0.010100,0.000000,0.060700,0.000000,0.000000,0.000000,0.004300,0.002000,0.002500,0.007000,0.000000
580,0.683511,1.221400,1.221100,1.111600,1076.000000,850722736.000000,1324570160.000000,237035520.000000,1571737600.000000,0.000800,0.000000,0.000000,0.000000,0.010000,0.000000,0.033400,0.000000,0.000000,0.000000,0.004700,0.002800,0.002600,0.007900,0.000000
581,0.684569,1.069600,1.072600,0.969000,1076.000000,850721912.000000,1324570160.000000,237035520.000000,1571737600.000000,0.000900,0.000000,0.000000,0.000000,0.009800,0.000000,0.010600,0.000000,0.000000,0.000000,0.004300,0.002500,0.002600,0.006900,0.000000
582,0.685814,1.236395,1.231400,1.131800,1076.000000,850721936.000000,1324570160.000000,237035520.000000,1571737600.000000,0.000600,0.000000,0.000000,0.000000,0.008800,0.000000,0.035200,0.000000,0.000000,0.000000,0.003900,0.001900,0.002200,0.006400,0.000000
583,0.686963,1.143403,1.138900,1.036100,1076.000000,850722384.000000,1324570160.000000,237035520.000000,1571737600.000000,0.000700,0.000000,0.000000,0.000000,0.009800,0.000000,0.013400,0.000000,0.000000,0.000000,0.004200,0.002500,0.002400,0.006500,0.000000
584,0.688190,1.217701,1.209400,1.104400,1076.000000,850721984.000000,1324570160.000000,237035520.000000,1571737600.000000,0.000700,0.000000,0.000000,0.000000,0.010200,0.000000,0.028600,0.000000,0.000000,0.000000,0.004300,0.002800,0.002500,0.007300,0.000000
585,0.689987,1.721896,1.722300,1.603800,1076.000000,850722376.000000,1324570160.000000,237035520.000000,1571737600.000000,0.414300,0.123500,0.007500,0.208800,0.010600,0.018400,0.027600,0.013400,0.020100,0.011600,0.004700,0.002200,0.002500,0.006300,0.000000
586,0.691060,1.157703,1.157200,1.052100,1076.000000,850726496.000000,1324570160.000000,237035520.000000,1571737600.000000,0.000800,0.000000,0.000000,0.000000,0.014400,0.000000,0.012300,0.000000,0.000000,0.000000,0.006800,0.002300,0.002800,0.009400,0.000000
587,0.692192,1.122697,1.116500,1.012300,1076.000000,850726520.000000,1324570160.000000,237035520.000000,1571737600.000000,0.000700,0.000000,0.000000,0.000000,0.009800,0.000000,0.113800,0.000000,0.000000,0.000000,0.004100,0.002200,0.002200,0.006500,0.000000
588,0.693192,1.010601,1.009800,0.903400,1076.000000,850726568.000000,1324570160.000000,237035520.000000,1571737600.000000,0.000800,0.000000,0.000000,0.000000,0.012300,0.000000,0.049500,0.000000,0.000000,0.000000,0.004400,0.002100,0.002400,0.006000,0.000000
589,0.694262,1.068601,1.073700,0.971800,1076.000000,850727128.000000,1324570160.000000,237035520.000000,1571737600.000000,0.000700,0.000000,0.000000,0.000000,0.010100,0.000000,0.067900,0.000000,0.000000,0.000000,0.005300,0.002500,0.002500,0.007100,0.000000
590,0.695271,1.029401,1.025700,0.932400,1076.000000,850726696.000000,1324570160.000000,237035520.000000,1571737600.000000,0.000700,0.000000,0.000000,0.000000,0.009200,0.000000,0.049400,0.000000,0.000000,0.000000,0.004200,0.002500,0.002200,0.006600,0.000000
591,0.696350,1.066901,1.062600,0.966600,1076.000000,850730832.000000,1324570160.000000,237035520.000000,1571737600.000000,0.000700,0.000000,0.000000,0.000000,0.008400,0.000000,0.020400,0.000000,0.000000,0.000000,0.003700,0.001900,0.002100,0.006300,0.000000
592,0.697646,1.263598,1.183000,1.068800,1076.000000,850730848.000000,1324570160.000000,237035520.000000,1571737600.000000,0.000600,0.000000,0.000000,0.000000,0.009300,0.000000,0.037400,0.000000,0.000000,0.000000,0.004100,0.002000,0.002200,0.006400,0.000000
593,0.698861,1.224802,1.283700,1.112100,1076.000000,850735400.000000,1324570160.000000,237035520.000000,1571737600.000000,0.000700,0.000000,0.000000,0.000000,0.010500,0.000000,0.036100,0.000000,0.000000,0.000000,0.005200,0.002300,0.003000,0.007200,0.000000
594,0.700084,1.124199,1.130900,1.019000,1076.000000,850735832.000000,1324570160.000000,237035520.000000,1571737600.000000,0.000700,0.000000,0.000000,0.000000,0.010200,0.000000,0.020100,0.000000,0.000000,0.000000,0.005000,0.002300,0.002600,0.006700,0.000000
595,0.701169,1.173002,1.170800,1.067400,1076.000000,850735008.000000,1324570160.000000,237035520.000000,1571737600.000000,0.000800,0.000000,0.000000,0.000000,0.009700,0.000000,0.011000,0.000000,0.000000,0.000000,0.007200,0.002400,0.003000,0.007600,0.000000
596,0.702370,1.211395,1.198300,1.088800,1076.000000,850735032.000000,1324570160.000000,237035520.000000,1571737600.000000,0.000900,0.000000,0.000000,0.000000,0.010000,0.000000,0.036600,0.000000,0.000000,0.000000,0.005200,0.002300,0.002500,0.006000,0.000000
597,0.703459,1.113506,1.120700,1.010600,1076.000000,850735480.000000,1324570160.000000,237035520.000000,1571737600.000000,0.000700,0.000000,0.000000,0.000000,0.010500,0.000000,0.045100,0.000000,0.000000,0.000000,0.005000,0.002300,0.002600,0.006800,0.000000
598,0.704584,1.126899,1.127500,1.025800,1076.000000,850735080.000000,1324570160.000000,237035520.000000,1571737600.000000,0.000700,0.000000,0.000000,0.000000,0.009300,0.000000,0.096000,0.000000,0.000000,0.000000,0.004100,0.002700,0.002400,0.006800,0.000000
599,0.705964,1.368197,1.359400,1.260300,1076.000000,850739288.000000,1324570160.000000,237035520.000000,1571737600.000000,0.335000,0.038800,0.011200,0.129900,0.009300,0.018300,0.054200,0.014500,0.020800,0.012300,0.003800,0.002200,0.002500,0.004800,0.000000
600,0.707394,1.397300,1.386700,1.278300,1076.000000,850739744.000000,1324570160.000000,237035520.000000,1571737600.000000,0.000900,0.000000,0.000000,0.000000,0.012200,0.000000,0.048100,0.000000,0.000000,0.000000,0.004700,0.002500,0.002500,0.006900,0.000000
601,0.708761,1.400404,1.400300,1.287000,1076.000000,850753808.000000,1324570160.000000,237035520.000000,1571737600.000000,0.000700,0.000000,0.000000,0.000000,0.011200,0.000000,0.045800,0.000000,0.000000,0.000000,0.005600,0.002200,0.002700,0.007200,0.000000
602,0.709864,1.097194,1.098600,0.988200,1076.000000,850741696.000000,1324570160.000000,237035520.000000,1571737600.000000,0.000600,0.000000,0.000000,0.000000,0.010500,0.000000,0.070300,0.000000,0.000000,0.000000,0.004900,0.002600,0.002700,0.007100,0.000000
603,0.710885,1.036706,1.041500,0.937900,1076.000000,850739008.000000,1324570160.000000,237035520.000000,1571737600.000000,0.000700,0.000000,0.000000,0.000000,0.010200,0.000000,0.072400,0.000000,0.000000,0.000000,0.004300,0.002100,0.002300,0.007100,0.000000
604,0.712121,1.220600,1.209600,1.111500,1076.000000,850739056.000000,1324570160.000000,237035520.000000,1571737600.000000,0.000600,0.000000,0.000000,0.000000,0.009700,0.000000,0.033900,0.000000,0.000000,0.000000,0.004200,0.002600,0.002400,0.006600,0.000000
605,0.713252,1.133298,1.111000,1.007400,1076.000000,850739528.000000,1324570160.000000,237035520.000000,1571737600.000000,0.000800,0.000000,0.000000,0.000000,0.009900,0.000000,0.010600,0.000000,0.000000,0.000000,0.004700,0.002200,0.002700,0.007900,0.000000
606,0.714288,1.027197,1.047800,0.925600,1076.000000,850743192.000000,1324570160.000000,237035520.000000,1571737600.000000,0.000700,0.000000,0.000000,0.000000,0.009400,0.000000,0.040000,0.000000,0.000000,0.000000,0.004300,0.002500,0.002500,0.006900,0.000000
607,0.715313,1.058305,1.063300,0.965900,1076.000000,850743232.000000,1324570160.000000,237035520.000000,1571737600.000000,0.000600,0.000000,0.000000,0.000000,0.009700,0.000000,0.010600,0.000000,0.000000,0.000000,0.004400,0.002800,0.002600,0.007000,0.000000
608,0.716954,1.466298,1.373600,1.256200,1076.000000,850747344.000000,1324570160.000000,237035520.000000,1571737600.000000,0.000600,0.000000,0.000000,0.000000,0.008700,0.000000,0.176900,0.000000,0.000000,0.000000,0.003900,0.002300,0.002300,0.006300,0.000000
609,0.718262,1.442701,1.510900,1.334100,1076.000000,850747800.000000,1324570160.000000,237035520.000000,1571737600.000000,0.001000,0.000000,0.000000,0.000000,0.019800,0.000000,0.012200,0.000000,0.000000,0.000000,0.009800,0.002800,0.003900,0.009600,0.000000
610,0.719857,1.604096,1.605100,1.493600,1076.000000,850748232.000000,1324570160.000000,237035520.000000,1571737600.000000,0.000900,0.000000,0.000000,0.000000,0.010600,0.000000,0.055000,0.000000,0.000000,0.000000,0.004800,0.002500,0.003100,0.007500,0.000000
611,0.721042,1.190299,1.190500,1.084000,1076.000000,850747408.000000,1324570160.000000,237035520.000000,1571737600.000000,0.000700,0.000000,0.000000,0.000000,0.010000,0.000000,0.128100,0.000000,0.000000,0.000000,0.004700,0.002400,0.002700,0.006900,0.000000
612,0.722512,1.435303,1.420500,1.313300,1076.000000,850751648.000000,1324570160.000000,237035520.000000,1571737600.000000,0.346000,0.039800,0.011400,0.122300,0.009500,0.020600,0.011600,0.013900,0.019700,0.023600,0.004300,0.002600,0.002500,0.005900,0.000000
613,0.723589,1.103401,1.105900,0.990200,1076.000000,850752096.000000,1324570160.000000,237035520.000000,1571737600.000000,0.000800,0.000000,0.000000,0.000000,0.011400,0.000000,0.012000,0.000000,0.000000,0.000000,0.005200,0.003100,0.002800,0.007600,0.000000
614,0.724623,1.043601,1.043400,0.934800,1076.000000,850752160.000000,1324570160.000000,237035520.000000,1571737600.000000,0.000700,0.000000,0.000000,0.000000,0.010200,0.000000,0.013300,0.000000,0.000000,0.000000,0.004500,0.002300,0.003100,0.007600,0.000000
615,0.725566,0.958695,0.963200,0.857600,1076.000000,850751736.000000,1324570160.000000,237035520.000000,1571737600.000000,0.000700,0.000000,0.000000,0.000000,0.009400,0.000000,0.012400,0.000000,0.000000,0.000000,0.004000,0.001800,0.002600,0.006500,0.000000
616,0.726751,1.143403,1.005300,0.905100,1076.000000,850751648.000000,1324570160.000000,237035520.000000,1571737600.000000,0.000700,0.000000,0.000000,0.000000,0.008700,0.000000,0.010900,0.000000,0.000000,0.000000,0.003700,0.002600,0.002600,0.006400,0.000000
617,0.727966,1.216801,1.325800,1.086600,1076.000000,850766024.000000,1324570160.000000,237035520.000000,1571737600.000000,0.001000,0.000000,0.000000,0.000000,0.010300,0.000000,0.012500,0.000000,0.000000,0.000000,0.004700,0.002400,0.002900,0.007700,0.000000
618,0.729044,1.109800,1.121400,0.998500,1076.000000,850758136.000000,1324570160.000000,237035520.000000,1571737600.000000,0.000800,0.000000,0.000000,0.000000,0.011300,0.000000,0.012700,0.000000,0.000000,0.000000,0.004200,0.002200,0.002700,0.007300,0.000000
619,0.730300,1.245996,1.245600,1.137300,1076.000000,850744688.000000,1324570160.000000,237035520.000000,1571737600.000000,0.000700,0.000000,0.000000,0.000000,0.009700,0.000000,0.010800,0.000000,0.000000,0.000000,0.004200,0.002700,0.002800,0.006700,0.000000
620,0.731370,1.066901,1.069600,0.965300,1076.000000,850744736.000000,1324570160.000000,237035520.000000,1571737600.000000,0.000700,0.000000,0.000000,0.000000,0.010000,0.000000,0.011500,0.000000,0.000000,0.000000,0.003900,0.001900,0.002400,0.007000,0.000000
621,0.732438,1.070103,1.061600,0.961600,1076.000000,850745208.000000,1324570160.000000,237035520.000000,1571737600.000000,0.000700,0.000000,0.000000,0.000000,0.012200,0.000000,0.011800,0.000000,0.000000,0.000000,0.003600,0.001900,0.002400,0.007100,0.000000
622,0.733549,1.108695,1.102500,0.993600,1076.000000,850744776.000000,1324570160.000000,237035520.000000,1571737600.000000,0.000700,0.000000,0.000000,0.000000,0.009200,0.000000,0.011300,0.000000,0.000000,0.000000,0.004200,0.002100,0.002400,0.006700,0.000000
623,0.734569,1.016603,1.022800,0.915700,1076.000000,850744816.000000,1324570160.000000,237035520.000000,1571737600.000000,0.000900,0.000000,0.000000,0.000000,0.009700,0.000000,0.011500,0.000000,0.000000,0.000000,0.004500,0.001900,0.002600,0.006800,0.000000
624,0.735809,1.254400,1.243700,1.144200,1076.000000,850744832.000000,1324570160.000000,237035520.000000,1571737600.000000,0.000700,0.000000,0.000000,0.000000,0.008700,0.000000,0.010700,0.000000,0.000000,0.000000,0.004100,0.002100,0.002300,0.004500,0.000000
625,0.737021,1.188903,1.184700,1.076700,1076.000000,850753608.000000,1324570160.000000,237035520.000000,1571737600.000000,0.000700,0.000000,0.000000,0.000000,0.009600,0.000000,0.011700,0.000000,0.000000,0.000000,0.004400,0.002600,0.002500,0.006800,0.000000
626,0.738059,1.054294,1.050000,0.941700,1076.000000,850754040.000000,1324570160.000000,237035520.000000,1571737600.000000,0.000600,0.000000,0.000000,0.000000,0.010300,0.000000,0.011000,0.000000,0.000000,0.000000,0.004700,0.002100,0.002400,0.006800,0.000000
627,0.739423,1.368204,1.369300,1.257400,1076.000000,850757512.000000,1324570160.000000,237035520.000000,1571737600.000000,0.354300,0.039600,0.012300,0.126500,0.009800,0.019400,0.011400,0.014500,0.019600,0.025000,0.004400,0.002200,0.002400,0.005700,0.000000
628,0.740413,1.000702,1.003400,0.898400,1076.000000,850757960.000000,1324570160.000000,237035520.000000,1571737600.000000,0.000700,0.000000,0.000000,0.000000,0.010900,0.000000,0.013000,0.000000,0.000000,0.000000,0.004000,0.002300,0.002500,0.006400,0.000000
629,0.741412,0.988896,0.985300,0.885400,1076.000000,850757984.000000,1324570160.000000,237035520.000000,1571737600.000000,0.000600,0.000000,0.000000,0.000000,0.009200,0.000000,0.012200,0.000000,0.000000,0.000000,0.003800,0.002100,0.002600,0.006800,0.000000
630,0.742362,0.956300,0.958600,0.858100,1076.000000,850757584.000000,1324570160.000000,237035520.000000,1571737600.000000,0.000700,0.000000,0.000000,0.000000,0.009700,0.000000,0.009900,0.000000,0.000000,0.000000,0.004000,0.001700,0.002300,0.006300,0.000000
631,0.743295,0.947003,0.946200,0.850900,1076.000000,850761520.000000,1324570160.000000,237035520.000000,1571803136.000000,0.000800,0.000000,0.000000,0.000000,0.008700,0.000000,0.010500,0.000000,0.000000,0.000000,0.003700,0.002200,0.002200,0.006400,0.000000
632,0.744219,0.924100,0.923300,0.830900,1076.000000,850761552.000000,1324570160.000000,237035520.000000,1571803136.000000,0.000600,0.000000,0.000000,0.000000,0.008200,0.000000,0.010400,0.000000,0.000000,0.000000,0.003800,0.001600,0.002100,0.006300,0.000000
633,0.745149,0.932596,0.929000,0.837600,1076.000000,850775928.000000,1324570160.000000,237035520.000000,1571803136.000000,0.000600,0.000000,0.000000,0.000000,0.008600,0.000000,0.010400,0.000000,0.000000,0.000000,0.003800,0.001700,0.002100,0.006300,0.000000
634,0.746279,1.118700,1.103800,1.009200,1076.000000,850773576.000000,1324570160.000000,237035520.000000,1571803136.000000,0.000700,0.000000,0.000000,0.000000,0.008200,0.000000,0.011200,0.000000,0.000000,0.000000,0.003700,0.001700,0.002200,0.006500,0.000000
635,0.747360,1.074901,1.074000,0.967800,1076.000000,850772032.000000,1324570160.000000,237035520.000000,1571803136.000000,0.000700,0.000000,0.000000,0.000000,0.009600,0.000000,0.012300,0.000000,0.000000,0.000000,0.004000,0.002500,0.002400,0.007000,0.000000
636,0.748319,0.968098,0.972000,0.869900,1076.000000,850772080.000000,1324570160.000000,237035520.000000,1571803136.000000,0.000700,0.000000,0.000000,0.000000,0.009100,0.000000,0.010300,0.000000,0.000000,0.000000,0.003700,0.001900,0.002400,0.006600,0.000000
637,0.749261,0.940802,0.937600,0.841700,1076.000000,850772552.000000,1324570160.000000,237035520.000000,1571803136.000000,0.000700,0.000000,0.000000,0.000000,0.009200,0.000000,0.010600,0.000000,0.000000,0.000000,0.004000,0.001800,0.002400,0.006200,0.000000
638,0.750224,0.965200,0.963400,0.863500,1076.000000,850776216.000000,1324570160.000000,237035520.000000,1571803136.000000,0.000800,0.000000,0.000000,0.000000,0.008800,0.000000,0.010100,0.000000,0.000000,0.000000,0.003800,0.001800,0.002200,0.006300,0.000000
639,0.751136,0.918304,0.920400,0.824200,1076.000000,850776256.000000,1324570160.000000,237035520.000000,1571803136.000000,0.000700,0.000000,0.000000,0.000000,0.009200,0.000000,0.011000,0.000000,0.000000,0.000000,0.003600,0.002800,0.002100,0.006300,0.000000
640,0.752092,0.947895,0.938600,0.845300,1076.000000,850776272.000000,1324570160.000000,237035520.000000,1571803136.000000,0.000700,0.000000,0.000000,0.000000,0.008600,0.000000,0.010400,0.000000,0.000000,0.000000,0.003600,0.002400,0.002100,0.006600,0.000000
641,0.753022,0.928203,0.929500,0.829900,1076.000000,850776728.000000,1324570160.000000,237035520.000000,1571803136.000000,0.000600,0.000000,0.000000,0.000000,0.009400,0.000000,0.010300,0.000000,0.000000,0.000000,0.003700,0.001700,0.002100,0.006400,0.000000
642,0.753984,0.945302,0.939600,0.843300,1076.000000,850781256.000000,1324570160.000000,237035520.000000,1571803136.000000,0.000600,0.000000,0.000000,0.000000,0.008600,0.000000,0.010600,0.000000,0.000000,0.000000,0.003500,0.001800,0.002000,0.006600,0.000000
643,0.755327,1.354294,1.347500,1.249000,1076.000000,850781104.000000,1324570160.000000,237035520.000000,1571803136.000000,0.307900,0.040200,0.011900,0.100800,0.008900,0.019700,0.065600,0.014900,0.019400,0.011500,0.003800,0.001900,0.002200,0.004600,0.000000
644,0.756395,1.061905,1.061800,0.958900,1076.000000,850785224.000000,1324570160.000000,237035520.000000,1571803136.000000,0.000600,0.000000,0.000000,0.000000,0.011500,0.000000,0.119400,0.000000,0.000000,0.000000,0.004200,0.002500,0.002100,0.006700,0.000000
645,0.757785,1.359899,1.226100,1.123800,1076.000000,850785672.000000,1324570160.000000,237035520.000000,1571803136.000000,0.000600,0.000000,0.000000,0.000000,0.010000,0.000000,0.096000,0.000000,0.000000,0.000000,0.004500,0.002400,0.002600,0.007100,0.000000
646,0.758867,1.111196,1.232900,1.124700,1076.000000,850785272.000000,1324570160.000000,237035520.000000,1571803136.000000,0.000700,0.000000,0.000000,0.000000,0.010800,0.000000,0.026300,0.000000,0.000000,0.000000,0.005100,0.002000,0.002500,0.006900,0.000000
647,0.759962,1.081505,1.086700,0.981900,1076.000000,850784640.000000,1324570160.000000,237035520.000000,1571803136.000000,0.000700,0.000000,0.000000,0.000000,0.010000,0.000000,0.039100,0.000000,0.000000,0.000000,0.004300,0.002900,0.002400,0.006900,0.000000
648,0.761082,1.139201,1.135200,1.036800,1076.000000,850784672.000000,1324570160.000000,237035520.000000,1571803136.000000,0.000800,0.000000,0.000000,0.000000,0.009100,0.000000,0.118400,0.000000,0.000000,0.000000,0.005100,0.001900,0.002500,0.006700,0.000000
649,0.762499,1.401694,1.392600,1.284000,1076.000000,850799048.000000,1324570160.000000,237035520.000000,1571803136.000000,0.000700,0.000000,0.000000,0.000000,0.009600,0.000000,0.025100,0.000000,0.000000,0.000000,0.004200,0.002700,0.002300,0.006800,0.000000
650,0.763705,1.213003,1.101100,0.994300,1076.000000,850791032.000000,1324570160.000000,237035520.000000,1571803136.000000,0.000800,0.000000,0.000000,0.000000,0.010000,0.000000,0.024500,0.000000,0.000000,0.000000,0.003800,0.001900,0.002600,0.006900,0.000000
651,0.764662,0.969799,1.082900,0.872500,1076.000000,850788416.000000,1324570160.000000,237035520.000000,1571803136.000000,0.000800,0.000000,0.000000,0.000000,0.010000,0.000000,0.011400,0.000000,0.000000,0.000000,0.004400,0.001900,0.002600,0.005900,0.000000
652,0.765949,1.168098,1.152800,1.053300,1076.000000,850788464.000000,1324570160.000000,237035520.000000,1571803136.000000,0.000800,0.000000,0.000000,0.000000,0.009200,0.000000,0.094500,0.000000,0.000000,0.000000,0.004200,0.002900,0.002400,0.007100,0.000000
653,0.767177,1.333107,1.331600,1.217500,1076.000000,850788936.000000,1324570160.000000,237035520.000000,1571803136.000000,0.000900,0.000000,0.000000,0.000000,0.009600,0.000000,0.042400,0.000000,0.000000,0.000000,0.007600,0.001900,0.002600,0.006900,0.000000
654,0.768234,1.071698,1.080400,0.970000,1076.000000,850792600.000000,1324570160.000000,237035520.000000,1571803136.000000,0.000700,0.000000,0.000000,0.000000,0.009700,0.000000,0.021400,0.000000,0.000000,0.000000,0.003900,0.002400,0.002400,0.007300,0.000000
655,0.769299,1.054096,1.042200,0.941600,1076.000000,850792640.000000,1324570160.000000,237035520.000000,1571803136.000000,0.000700,0.000000,0.000000,0.000000,0.008900,0.000000,0.034600,0.000000,0.000000,0.000000,0.003400,0.001900,0.002200,0.006300,0.000000
656,0.770386,1.093601,1.093800,0.987500,1076.000000,850792656.000000,1324570160.000000,237035520.000000,1571803136.000000,0.000700,0.000000,0.000000,0.000000,0.010000,0.000000,0.041700,0.000000,0.000000,0.000000,0.004600,0.002500,0.002400,0.007100,0.000000
657,0.771848,1.451800,1.450000,1.345100,1076.000000,850798336.000000,1324570160.000000,237035520.000000,1571803136.000000,0.328600,0.040200,0.012500,0.117000,0.009500,0.018800,0.011200,0.014100,0.019200,0.012600,0.004500,0.001900,0.002200,0.005000,0.000000
658,0.773088,1.232100,1.226300,1.123200,1076.000000,850798784.000000,1324570160.000000,237035520.000000,1571803136.000000,0.000700,0.000000,0.000000,0.000000,0.011900,0.000000,0.053600,0.000000,0.000000,0.000000,0.004000,0.002900,0.002400,0.007100,0.000000
659,0.774334,1.238499,1.237200,1.132400,1076.000000,850802056.000000,1324570160.000000,237035520.000000,1571803136.000000,0.000700,0.000000,0.000000,0.000000,0.009700,0.000000,0.037500,0.000000,0.000000,0.000000,0.004100,0.001900,0.002400,0.006500,0.000000
660,0.775507,1.195706,1.196500,1.093000,1076.000000,850802080.000000,1324570160.000000,237035520.000000,1571803136.000000,0.000700,0.000000,0.000000,0.000000,0.010000,0.000000,0.040300,0.000000,0.000000,0.000000,0.004700,0.002500,0.002400,0.006900,0.000000
661,0.776790,1.267793,1.256300,1.153500,1076.000000,850801400.000000,1324570160.000000,237035520.000000,1571803136.000000,0.000700,0.000000,0.000000,0.000000,0.009500,0.000000,0.059300,0.000000,0.000000,0.000000,0.004300,0.001900,0.002300,0.006400,0.000000
662,0.778326,1.520004,1.515400,1.404400,1076.000000,850800984.000000,1324570160.000000,237035520.000000,1571803136.000000,0.000800,0.000000,0.000000,0.000000,0.010300,0.000000,0.030700,0.000000,0.000000,0.000000,0.004800,0.002100,0.002700,0.006900,0.000000
663,0.779481,1.175801,1.174900,1.064700,1076.000000,850805120.000000,1324570160.000000,237035520.000000,1571803136.000000,0.000800,0.000000,0.000000,0.000000,0.011600,0.000000,0.044600,0.000000,0.000000,0.000000,0.005200,0.002200,0.003000,0.007400,0.000000
664,0.780690,1.215200,1.215100,1.106400,1076.000000,850805152.000000,1324570160.000000,237035520.000000,1571803136.000000,0.000800,0.000000,0.000000,0.000000,0.009700,0.000000,0.039900,0.000000,0.000000,0.000000,0.004600,0.002100,0.002800,0.006600,0.000000
665,0.782088,1.367397,1.346700,1.233400,1076.000000,850819528.000000,1324570160.000000,237035520.000000,1571803136.000000,0.000700,0.000000,0.000000,0.000000,0.010000,0.000000,0.011400,0.000000,0.000000,0.000000,0.004600,0.002700,0.002600,0.006700,0.000000
666,0.783480,1.351800,1.330700,1.202900,1076.000000,850807416.000000,1324570160.000000,237035520.000000,1571803136.000000,0.000600,0.000000,0.000000,0.000000,0.011500,0.000000,0.033600,0.000000,0.000000,0.000000,0.005300,0.002300,0.003500,0.006700,0.000000
667,0.784570,1.158503,1.188200,1.051900,1076.000000,850804800.000000,1324570160.000000,237035520.000000,1571803136.000000,0.000900,0.000000,0.000000,0.000000,0.013800,0.000000,0.035700,0.000000,0.000000,0.000000,0.006100,0.002700,0.003300,0.008000,0.000000
668,0.785565,1.001601,1.005000,0.899400,1076.000000,850804848.000000,1324570160.000000,237035520.000000,1571803136.000000,0.000700,0.000000,0.000000,0.000000,0.010100,0.000000,0.011200,0.000000,0.000000,0.000000,0.005000,0.002500,0.002500,0.007000,0.000000
669,0.786684,1.105995,1.099100,0.998200,1076.000000,850805320.000000,1324570160.000000,237035520.000000,1571803136.000000,0.000700,0.000000,0.000000,0.000000,0.009900,0.000000,0.010900,0.000000,0.000000,0.000000,0.004400,0.002100,0.002300,0.006500,0.000000
670,0.787737,1.069600,1.067500,0.961100,1076.000000,850808984.000000,1324570160.000000,237035520.000000,1571803136.000000,0.000700,0.000000,0.000000,0.000000,0.009700,0.000000,0.040000,0.000000,0.000000,0.000000,0.004300,0.002000,0.002400,0.006500,0.000000
671,0.788973,1.237103,1.236100,1.137300,1076.000000,850810216.000000,1324570160.000000,237035520.000000,1571803136.000000,0.313800,0.041000,0.011700,0.101000,0.009800,0.018500,0.010400,0.014100,0.018500,0.011600,0.004500,0.002000,0.002300,0.004800,0.000000
672,0.790179,1.155697,1.124700,1.020600,1076.000000,850810232.000000,1324570160.000000,237035520.000000,1571803136.000000,0.000600,0.000000,0.000000,0.000000,0.011200,0.000000,0.024500,0.000000,0.000000,0.000000,0.003700,0.001900,0.002300,0.006600,0.000000
673,0.791225,1.066199,1.083400,0.963100,1076.000000,850810672.000000,1324570160.000000,237035520.000000,1571803136.000000,0.000700,0.000000,0.000000,0.000000,0.011900,0.000000,0.087300,0.000000,0.000000,0.000000,0.005700,0.002600,0.002500,0.007300,0.000000
674,0.792249,1.046301,1.047200,0.943600,1076.000000,850811120.000000,1324570160.000000,237035520.000000,1571803136.000000,0.000800,0.000000,0.000000,0.000000,0.009200,0.000000,0.009600,0.000000,0.000000,0.000000,0.004900,0.001800,0.002200,0.006600,0.000000
675,0.793541,1.291603,1.268400,1.161200,1076.000000,850809104.000000,1324570160.000000,237035520.000000,1571803136.000000,0.000700,0.000000,0.000000,0.000000,0.009900,0.000000,0.034400,0.000000,0.000000,0.000000,0.004300,0.001900,0.002400,0.006200,0.000000
676,0.794599,1.041298,1.061100,0.942300,1076.000000,850817320.000000,1324570160.000000,237035520.000000,1571803136.000000,0.000700,0.000000,0.000000,0.000000,0.009300,0.000000,0.035400,0.000000,0.000000,0.000000,0.004100,0.001900,0.002300,0.006400,0.000000
677,0.795642,1.044600,1.040900,0.942500,1076.000000,850817768.000000,1324570160.000000,237035520.000000,1571803136.000000,0.000700,0.000000,0.000000,0.000000,0.009800,0.000000,0.010900,0.000000,0.000000,0.000000,0.004500,0.001900,0.002300,0.006500,0.000000
678,0.796933,1.236600,1.217100,1.112500,1076.000000,850817368.000000,1324570160.000000,237035520.000000,1571803136.000000,0.000700,0.000000,0.000000,0.000000,0.009800,0.000000,0.010500,0.000000,0.000000,0.000000,0.004700,0.001800,0.002400,0.006100,0.000000
679,0.798066,1.188499,1.192700,1.076000,1076.000000,850817408.000000,1324570160.000000,237035520.000000,1571803136.000000,0.000800,0.000000,0.000000,0.000000,0.010500,0.000000,0.013500,0.000000,0.000000,0.000000,0.005900,0.003200,0.003200,0.008000,0.000000
680,0.799091,1.036501,1.041400,0.930600,1076.000000,850817440.000000,1324570160.000000,237035520.000000,1571803136.000000,0.000800,0.000000,0.000000,0.000000,0.010000,0.000000,0.023200,0.000000,0.000000,0.000000,0.004600,0.002200,0.002800,0.006300,0.000000
681,0.800159,1.075900,1.071600,0.969400,1076.000000,850831816.000000,1324570160.000000,237035520.000000,1571803136.000000,0.000900,0.000000,0.000000,0.000000,0.009400,0.000000,0.011400,0.000000,0.000000,0.000000,0.004300,0.002100,0.002500,0.006200,0.000000
682,0.801412,1.251701,1.215200,1.110700,1076.000000,850812976.000000,1324570160.000000,237035520.000000,1571803136.000000,0.000700,0.000000,0.000000,0.000000,0.009200,0.000000,0.011800,0.000000,0.000000,0.000000,0.004000,0.001800,0.002200,0.006400,0.000000
683,0.802396,0.986402,1.020600,0.882400,1076.000000,850810360.000000,1324570160.000000,237035520.000000,1571803136.000000,0.000800,0.000000,0.000000,0.000000,0.009700,0.000000,0.010500,0.000000,0.000000,0.000000,0.003900,0.001900,0.002500,0.004900,0.000000
684,0.803339,0.951800,0.953500,0.854900,1076.000000,850810408.000000,1324570160.000000,237035520.000000,1571803136.000000,0.000800,0.000000,0.000000,0.000000,0.009700,0.000000,0.010500,0.000000,0.000000,0.000000,0.004200,0.002000,0.002200,0.006200,0.000000
685,0.804251,0.920798,0.920200,0.826400,1076.000000,850810880.000000,1324570160.000000,237035520.000000,1571803136.000000,0.000700,0.000000,0.000000,0.000000,0.008500,0.000000,0.010500,0.000000,0.000000,0.000000,0.003700,0.001900,0.002200,0.006300,0.000000
686,0.805532,1.254202,1.229800,1.134600,1076.000000,850811248.000000,1324570160.000000,237035520.000000,1571803136.000000,0.319400,0.040900,0.011100,0.121700,0.008400,0.019100,0.010000,0.013500,0.019600,0.012400,0.003700,0.001800,0.002100,0.004400,0.000000
687,0.806500,0.986097,0.988100,0.878900,1128.000000,850811288.000000,1324570160.000000,237035520.000000,1571803136.000000,0.000800,0.000000,0.000000,0.000000,0.010500,0.000000,0.010900,0.000000,0.000000,0.000000,0.005100,0.002500,0.002300,0.006700,0.000000
688,0.807535,1.025999,1.029200,0.919800,1076.000000,850811304.000000,1324570160.000000,237035520.000000,1571803136.000000,0.000600,0.000000,0.000000,0.000000,0.009100,0.000000,0.010900,0.000000,0.000000,0.000000,0.003800,0.002300,0.002500,0.006300,0.000000
689,0.808518,0.992404,0.998500,0.894800,1076.000000,850815856.000000,1324570160.000000,237035520.000000,1571803136.000000,0.000600,0.000000,0.000000,0.000000,0.009400,0.000000,0.010800,0.000000,0.000000,0.000000,0.003800,0.001600,0.002700,0.006400,0.000000
690,0.809454,0.935998,0.928600,0.833700,1076.000000,850815488.000000,1324570160.000000,237035520.000000,1571803136.000000,0.000700,0.000000,0.000000,0.000000,0.008700,0.000000,0.010000,0.000000,0.000000,0.000000,0.003500,0.001600,0.002500,0.006800,0.000000
691,0.810366,0.916397,0.916800,0.817300,1076.000000,850818760.000000,1324570160.000000,237035520.000000,1571803136.000000,0.000700,0.000000,0.000000,0.000000,0.009300,0.000000,0.010800,0.000000,0.000000,0.000000,0.003900,0.003200,0.002300,0.006700,0.000000
692,0.811332,0.917503,0.917300,0.821100,1076.000000,850818784.000000,1324570160.000000,237035520.000000,1571803136.000000,0.000600,0.000000,0.000000,0.000000,0.008300,0.000000,0.011100,0.000000,0.000000,0.000000,0.004100,0.002300,0.002200,0.006400,0.000000
693,0.812914,1.469501,1.004700,0.905000,1076.000000,850823328.000000,1324570160.000000,237035520.000000,1571803136.000000,0.000700,0.000000,0.000000,0.000000,0.012000,0.000000,0.010900,0.000000,0.000000,0.000000,0.003800,0.002300,0.002100,0.006400,0.000000
694,0.814463,1.556597,1.936600,1.379100,1076.000000,850822928.000000,1324570160.000000,237035520.000000,1571803136.000000,0.000900,0.000000,0.000000,0.000000,0.018700,0.000000,0.018500,0.000000,0.000000,0.000000,0.007600,0.003500,0.004300,0.010600,0.000000
695,0.815853,1.432603,1.456400,1.279200,1076.000000,850827064.000000,1324570160.000000,237035520.000000,1571807232.000000,0.000800,0.000000,0.000000,0.000000,0.016400,0.000000,0.017500,0.000000,0.000000,0.000000,0.006500,0.003200,0.003300,0.009500,0.000000
696,0.817327,1.464201,1.453300,1.300700,1076.000000,850827096.000000,1324570160.000000,237035520.000000,1571807232.000000,0.000800,0.000000,0.000000,0.000000,0.017200,0.000000,0.018200,0.000000,0.000000,0.000000,0.009500,0.003300,0.003300,0.009700,0.000000
697,0.818757,1.450000,1.458100,1.301800,1076.000000,850841472.000000,1324570160.000000,237035520.000000,1571807232.000000,0.000800,0.000000,0.000000,0.000000,0.017400,0.000000,0.018500,0.000000,0.000000,0.000000,0.006300,0.003100,0.003800,0.009900,0.000000
698,0.820065,1.312698,1.310700,1.165800,1076.000000,850829360.000000,1324570160.000000,237035520.000000,1571807232.000000,0.000800,0.000000,0.000000,0.000000,0.016200,0.000000,0.018800,0.000000,0.000000,0.000000,0.006100,0.003000,0.003200,0.009400,0.000000
699,0.821361,1.368601,1.398700,1.264700,1076.000000,850826744.000000,1324570160.000000,237035520.000000,1571807232.000000,0.000700,0.000000,0.000000,0.000000,0.016500,0.000000,0.017500,0.000000,0.000000,0.000000,0.005900,0.002800,0.003200,0.009100,0.000000
700,0.822629,1.284701,1.289500,1.186200,1076.000000,850827776.000000,1324570160.000000,237035520.000000,1571807232.000000,0.308800,0.042600,0.011000,0.103300,0.010500,0.016400,0.010200,0.013300,0.019100,0.012300,0.004300,0.002000,0.002100,0.005100,0.000000
701,0.823577,0.951899,0.942400,0.845400,1076.000000,850828360.000000,1324570160.000000,237035520.000000,1571807232.000000,0.000600,0.000000,0.000000,0.000000,0.010600,0.000000,0.011000,0.000000,0.000000,0.000000,0.003600,0.002400,0.002200,0.006400,0.000000
702,0.824515,0.941596,0.948500,0.842800,1076.000000,850832040.000000,1324570160.000000,237035520.000000,1571811328.000000,0.000900,0.000000,0.000000,0.000000,0.008900,0.000000,0.010600,0.000000,0.000000,0.000000,0.003800,0.001700,0.002100,0.006300,0.000000
703,0.825440,0.899001,0.898800,0.804200,1076.000000,850832080.000000,1324570160.000000,237035520.000000,1571811328.000000,0.000700,0.000000,0.000000,0.000000,0.008700,0.000000,0.010200,0.000000,0.000000,0.000000,0.003700,0.001700,0.002100,0.006100,0.000000
704,0.826361,0.936798,0.935900,0.844400,1076.000000,850831232.000000,1324570160.000000,237035520.000000,1571811328.000000,0.000700,0.000000,0.000000,0.000000,0.011300,0.000000,0.010500,0.000000,0.000000,0.000000,0.003900,0.001800,0.002000,0.006100,0.000000
705,0.827359,0.998703,0.987300,0.896300,1076.000000,850831688.000000,1324570160.000000,237035520.000000,1571811328.000000,0.000700,0.000000,0.000000,0.000000,0.008700,0.000000,0.010300,0.000000,0.000000,0.000000,0.003800,0.001800,0.002100,0.006300,0.000000
706,0.828278,0.926899,0.926900,0.828400,1076.000000,850832120.000000,1324570160.000000,237035520.000000,1571811328.000000,0.000600,0.000000,0.000000,0.000000,0.009200,0.000000,0.010400,0.000000,0.000000,0.000000,0.003700,0.001800,0.002100,0.006000,0.000000
707,0.829250,0.961898,0.961700,0.865500,1076.000000,850831296.000000,1324570160.000000,237035520.000000,1571811328.000000,0.000700,0.000000,0.000000,0.000000,0.008800,0.000000,0.010300,0.000000,0.000000,0.000000,0.003600,0.001700,0.002200,0.005700,0.000000
708,0.830267,1.013003,1.010400,0.916300,1076.000000,850835416.000000,1324570160.000000,237035520.000000,1571815424.000000,0.000600,0.000000,0.000000,0.000000,0.008900,0.000000,0.011500,0.000000,0.000000,0.000000,0.004300,0.002100,0.002300,0.005800,0.000000
709,0.831386,1.092602,1.077400,0.982800,1076.000000,850835864.000000,1324570160.000000,237035520.000000,1571815424.000000,0.000700,0.000000,0.000000,0.000000,0.008500,0.000000,0.012000,0.000000,0.000000,0.000000,0.004700,0.002200,0.002400,0.006400,0.000000
710,0.832463,1.082200,1.071900,0.963900,1076.000000,850839560.000000,1324570160.000000,237035520.000000,1571819520.000000,0.000700,0.000000,0.000000,0.000000,0.009600,0.000000,0.010700,0.000000,0.000000,0.000000,0.005100,0.002200,0.002300,0.006800,0.000000
711,0.833632,1.157596,1.154400,1.034600,1076.000000,850839600.000000,1324570160.000000,237035520.000000,1571819520.000000,0.000900,0.000000,0.000000,0.000000,0.010300,0.000000,0.013000,0.000000,0.000000,0.000000,0.004500,0.002500,0.003200,0.006800,0.000000
712,0.834877,1.221599,1.226000,1.110700,1076.000000,850839632.000000,1324570160.000000,237035520.000000,1571819520.000000,0.000800,0.000000,0.000000,0.000000,0.010200,0.000000,0.012800,0.000000,0.000000,0.000000,0.005800,0.002800,0.002900,0.008200,0.000000
713,0.836185,1.229804,1.176900,1.068500,1076.000000,850854008.000000,1324570160.000000,237035520.000000,1571819520.000000,0.000900,0.000000,0.000000,0.000000,0.012500,0.000000,0.011500,0.000000,0.000000,0.000000,0.005400,0.002800,0.002800,0.007600,0.000000
714,0.837283,1.219501,1.268500,1.108900,1076.000000,850846416.000000,1324570160.000000,237035520.000000,1571823616.000000,0.000800,0.000000,0.000000,0.000000,0.121000,0.000000,0.014200,0.000000,0.000000,0.000000,0.004600,0.002400,0.002900,0.007900,0.000000
715,0.838696,1.418197,1.413000,1.306600,1076.000000,850845736.000000,1324570160.000000,237035520.000000,1571823616.000000,0.381300,0.041700,0.012700,0.123300,0.010200,0.020400,0.012700,0.019600,0.025200,0.037400,0.004100,0.002500,0.002500,0.005600,0.000000
716,0.839662,0.975000,0.979600,0.871600,1076.000000,850845784.000000,1324570160.000000,237035520.000000,1571823616.000000,0.000600,0.000000,0.000000,0.000000,0.011700,0.000000,0.011300,0.000000,0.000000,0.000000,0.004300,0.002300,0.002400,0.006800,0.000000
717,0.840594,0.934999,0.933000,0.832600,1076.000000,850846240.000000,1324570160.000000,237035520.000000,1571823616.000000,0.000700,0.000000,0.000000,0.000000,0.009600,0.000000,0.010600,0.000000,0.000000,0.000000,0.003900,0.001800,0.002400,0.006100,0.000000
718,0.841563,0.969600,0.965500,0.867900,1076.000000,850845824.000000,1324570160.000000,237035520.000000,1571823616.000000,0.000700,0.000000,0.000000,0.000000,0.009800,0.000000,0.010200,0.000000,0.000000,0.000000,0.004100,0.001800,0.002100,0.006300,0.000000
719,0.842512,0.952898,0.953900,0.853400,1076.000000,850843656.000000,1324570160.000000,237035520.000000,1571823616.000000,0.000700,0.000000,0.000000,0.000000,0.009500,0.000000,0.010100,0.000000,0.000000,0.000000,0.004100,0.002400,0.002200,0.006500,0.000000
720,0.843554,1.033603,1.019700,0.922100,1076.000000,850843672.000000,1324570160.000000,237035520.000000,1571823616.000000,0.000600,0.000000,0.000000,0.000000,0.009200,0.000000,0.010200,0.000000,0.000000,0.000000,0.004200,0.001800,0.002000,0.006200,0.000000
721,0.844755,1.202997,0.989100,0.881300,1076.000000,850848224.000000,1324570160.000000,237035520.000000,1571827712.000000,0.000700,0.000000,0.000000,0.000000,0.009900,0.000000,0.011400,0.000000,0.000000,0.000000,0.004200,0.002800,0.002400,0.006700,0.000000
722,0.845763,0.998703,1.180300,0.862900,1076.000000,850848656.000000,1324570160.000000,237035520.000000,1571827712.000000,0.000700,0.000000,0.000000,0.000000,0.009400,0.000000,0.010500,0.000000,0.000000,0.000000,0.004000,0.001900,0.002200,0.006300,0.000000
723,0.846897,1.114498,1.137900,1.004700,1076.000000,850847832.000000,1324570160.000000,237035520.000000,1571827712.000000,0.000700,0.000000,0.000000,0.000000,0.009700,0.000000,0.011100,0.000000,0.000000,0.000000,0.004500,0.002000,0.002600,0.007200,0.000000
724,0.847914,1.044905,1.049500,0.941100,1076.000000,850847856.000000,1324570160.000000,237035520.000000,1571827712.000000,0.000800,0.000000,0.000000,0.000000,0.010600,0.000000,0.011200,0.000000,0.000000,0.000000,0.004600,0.002100,0.002800,0.007000,0.000000
725,0.848975,1.010799,0.979800,0.879500,1076.000000,850848320.000000,1324570160.000000,237035520.000000,1571827712.000000,0.000700,0.000000,0.000000,0.000000,0.009500,0.000000,0.010700,0.000000,0.000000,0.000000,0.004100,0.002500,0.002500,0.006600,0.000000
726,0.850004,1.059999,1.084200,0.958100,1076.000000,850847904.000000,1324570160.000000,237035520.000000,1571827712.000000,0.001000,0.000000,0.000000,0.000000,0.009300,0.000000,0.011200,0.000000,0.000000,0.000000,0.008300,0.002000,0.003000,0.007000,0.000000
727,0.850984,1.005697,1.007200,0.891300,1076.000000,850856136.000000,1324570160.000000,237035520.000000,1571835904.000000,0.000700,0.000000,0.000000,0.000000,0.009800,0.000000,0.011400,0.000000,0.000000,0.000000,0.003900,0.001800,0.002400,0.006200,0.000000
728,0.852013,1.014498,1.005700,0.905700,1076.000000,850856592.000000,1324570160.000000,237035520.000000,1571835904.000000,0.000600,0.000000,0.000000,0.000000,0.008700,0.000000,0.012900,0.000000,0.000000,0.000000,0.004200,0.002800,0.002300,0.006700,0.000000
729,0.853027,1.023002,1.025400,0.920900,1076.000000,850870544.000000,1324570160.000000,237035520.000000,1571835904.000000,0.000600,0.000000,0.000000,0.000000,0.009700,0.000000,0.012000,0.000000,0.000000,0.000000,0.004500,0.002800,0.002500,0.006900,0.000000
730,0.854013,0.975305,0.976200,0.878300,1076.000000,850858432.000000,1324570160.000000,237035520.000000,1571835904.000000,0.000800,0.000000,0.000000,0.000000,0.009800,0.000000,0.011700,0.000000,0.000000,0.000000,0.004000,0.002100,0.002400,0.006600,0.000000
731,0.855213,1.224199,1.223100,1.129200,1076.000000,850855976.000000,1324570160.000000,237035520.000000,1571835904.000000,0.300800,0.039900,0.012100,0.100100,0.008400,0.016900,0.010400,0.013300,0.019400,0.011300,0.004000,0.002100,0.002300,0.004500,0.000000
732,0.856143,0.928295,0.923500,0.829600,1076.000000,850856024.000000,1324570160.000000,237035520.000000,1571835904.000000,0.000700,0.000000,0.000000,0.000000,0.009600,0.000000,0.010200,0.000000,0.000000,0.000000,0.004100,0.002700,0.002200,0.006400,0.000000
733,0.857175,1.014101,0.981400,0.869400,1076.000000,850856496.000000,1324570160.000000,237035520.000000,1571835904.000000,0.000700,0.000000,0.000000,0.000000,0.009100,0.000000,0.010300,0.000000,0.000000,0.000000,0.004000,0.002200,0.002200,0.006400,0.000000
734,0.858122,0.962599,0.988700,0.865100,1076.000000,850860160.000000,1324570160.000000,237035520.000000,1571840000.000000,0.000800,0.000000,0.000000,0.000000,0.009800,0.000000,0.011100,0.000000,0.000000,0.000000,0.003900,0.001800,0.002200,0.006200,0.000000
735,0.859023,0.897399,0.896400,0.801200,1076.000000,850860080.000000,1324570160.000000,237035520.000000,1571840000.000000,0.000700,0.000000,0.000000,0.000000,0.008900,0.000000,0.010100,0.000000,0.000000,0.000000,0.003900,0.002100,0.002100,0.006100,0.000000
736,0.859963,0.944700,0.944100,0.850500,1076.000000,850860096.000000,1324570160.000000,237035520.000000,1571840000.000000,0.000700,0.000000,0.000000,0.000000,0.009300,0.000000,0.010600,0.000000,0.000000,0.000000,0.003600,0.001600,0.002100,0.006100,0.000000
737,0.860911,0.940802,0.933000,0.839900,1076.000000,850860552.000000,1324570160.000000,237035520.000000,1571840000.000000,0.000600,0.000000,0.000000,0.000000,0.009100,0.000000,0.010800,0.000000,0.000000,0.000000,0.003200,0.001700,0.002200,0.006300,0.000000
738,0.861864,0.950198,0.939100,0.841500,1076.000000,850860984.000000,1324570160.000000,237035520.000000,1571840000.000000,0.000600,0.000000,0.000000,0.000000,0.009700,0.000000,0.010600,0.000000,0.000000,0.000000,0.004400,0.002600,0.002200,0.006400,0.000000
739,0.862765,0.899001,0.901700,0.796100,1076.000000,850864256.000000,1324570160.000000,237035520.000000,1571844096.000000,0.000700,0.000000,0.000000,0.000000,0.009100,0.000000,0.010300,0.000000,0.000000,0.000000,0.004200,0.001600,0.002100,0.006200,0.000000
740,0.863656,0.911798,0.918000,0.818500,1076.000000,850868376.000000,1324570160.000000,237035520.000000,1571848192.000000,0.000600,0.000000,0.000000,0.000000,0.008800,0.000000,0.010200,0.000000,0.000000,0.000000,0.003700,0.001800,0.002300,0.006400,0.000000
741,0.864532,0.875900,0.856200,0.765800,1076.000000,850868840.000000,1324570160.000000,237035520.000000,1571848192.000000,0.000600,0.000000,0.000000,0.000000,0.008600,0.000000,0.010400,0.000000,0.000000,0.000000,0.003900,0.002300,0.002200,0.006300,0.000000
742,0.865385,0.851800,0.866800,0.760100,1076.000000,850868848.000000,1324570160.000000,237035520.000000,1571848192.000000,0.000600,0.000000,0.000000,0.000000,0.008400,0.000000,0.011500,0.000000,0.000000,0.000000,0.003900,0.001800,0.002000,0.005700,0.000000
743,0.866366,0.957603,0.946800,0.854700,1076.000000,850868464.000000,1324570160.000000,237035520.000000,1571848192.000000,0.000600,0.000000,0.000000,0.000000,0.008500,0.000000,0.010900,0.000000,0.000000,0.000000,0.003900,0.001700,0.002000,0.005600,0.000000
744,0.867702,1.298696,1.276300,1.168600,1076.000000,850872568.000000,1324570160.000000,237035520.000000,1571852288.000000,0.000700,0.000000,0.000000,0.000000,0.008800,0.000000,0.013700,0.000000,0.000000,0.000000,0.004200,0.002600,0.002200,0.006900,0.000000
745,0.868782,1.104606,1.114300,0.995300,1076.000000,850886968.000000,1324570160.000000,237035520.000000,1571852288.000000,0.000800,0.000000,0.000000,0.000000,0.010900,0.000000,0.012300,0.000000,0.000000,0.000000,0.004800,0.002200,0.002700,0.005600,0.000000
746,0.869762,1.008298,1.013600,0.908700,1076.000000,850878952.000000,1324570160.000000,237035520.000000,1571856384.000000,0.000900,0.000000,0.000000,0.000000,0.009900,0.000000,0.012500,0.000000,0.000000,0.000000,0.004300,0.001900,0.002500,0.006700,0.000000
747,0.870996,1.208199,1.045100,0.939300,1076.000000,850876336.000000,1324570160.000000,237035520.000000,1571856384.000000,0.000600,0.000000,0.000000,0.000000,0.008900,0.000000,0.011300,0.000000,0.000000,0.000000,0.004200,0.002500,0.002300,0.006600,0.000000
748,0.872396,1.399100,1.546700,1.288300,1076.000000,850877048.000000,1324570160.000000,237035520.000000,1571856384.000000,0.357000,0.058000,0.014000,0.108300,0.010300,0.019300,0.011100,0.014300,0.023900,0.012800,0.004100,0.002300,0.002600,0.005300,0.000000
749,0.873406,1.028699,1.028100,0.920700,1076.000000,850877488.000000,1324570160.000000,237035520.000000,1571856384.000000,0.000900,0.000000,0.000000,0.000000,0.011900,0.000000,0.011200,0.000000,0.000000,0.000000,0.004800,0.002100,0.002300,0.006700,0.000000
750,0.874373,0.952601,0.954600,0.850600,1076.000000,850877088.000000,1324570160.000000,237035520.000000,1571856384.000000,0.000800,0.000000,0.000000,0.000000,0.009700,0.000000,0.010200,0.000000,0.000000,0.000000,0.003900,0.002500,0.002500,0.006600,0.000000
751,0.875334,0.975900,0.950600,0.851400,1076.000000,850877128.000000,1324570160.000000,237035520.000000,1571856384.000000,0.000700,0.000000,0.000000,0.000000,0.009200,0.000000,0.010300,0.000000,0.000000,0.000000,0.004100,0.002100,0.002400,0.006600,0.000000
752,0.876298,0.954004,0.960800,0.839300,1076.000000,850876504.000000,1324570160.000000,237035520.000000,1571856384.000000,0.000700,0.000000,0.000000,0.000000,0.009100,0.000000,0.010300,0.000000,0.000000,0.000000,0.003800,0.001700,0.002200,0.006500,0.000000
753,0.877294,1.009595,1.022700,0.911400,1076.000000,850881056.000000,1324570160.000000,237035520.000000,1571860480.000000,0.000600,0.000000,0.000000,0.000000,0.009100,0.000000,0.011700,0.000000,0.000000,0.000000,0.004000,0.001800,0.002300,0.006300,0.000000
754,0.878226,0.932901,0.924100,0.826800,1076.000000,850881488.000000,1324570160.000000,237035520.000000,1571860480.000000,0.000700,0.000000,0.000000,0.000000,0.009500,0.000000,0.010700,0.000000,0.000000,0.000000,0.003400,0.002400,0.002400,0.006600,0.000000
755,0.879280,0.917304,0.921400,0.818900,1076.000000,850884760.000000,1324570160.000000,237035520.000000,1571864576.000000,0.000700,0.000000,0.000000,0.000000,0.008900,0.000000,0.010400,0.000000,0.000000,0.000000,0.003800,0.001600,0.002200,0.006300,0.000000
756,0.880214,1.069799,1.068100,0.973200,1076.000000,850885208.000000,1324570160.000000,237035520.000000,1571864576.000000,0.000800,0.000000,0.000000,0.000000,0.008900,0.000000,0.012400,0.000000,0.000000,0.000000,0.005700,0.001700,0.002600,0.007000,0.000000
757,0.881169,0.949001,0.947100,0.852800,1076.000000,850885248.000000,1324570160.000000,237035520.000000,1571864576.000000,0.000600,0.000000,0.000000,0.000000,0.009100,0.000000,0.012100,0.000000,0.000000,0.000000,0.003700,0.001700,0.002300,0.006100,0.000000
758,0.882175,0.986699,0.976300,0.879300,1076.000000,850884832.000000,1324570160.000000,237035520.000000,1571864576.000000,0.000700,0.000000,0.000000,0.000000,0.009000,0.000000,0.010400,0.000000,0.000000,0.000000,0.004100,0.001800,0.002700,0.005600,0.000000
759,0.883208,1.052098,1.051600,0.946700,1076.000000,850888968.000000,1324570160.000000,237035520.000000,1571868672.000000,0.000700,0.000000,0.000000,0.000000,0.009500,0.000000,0.010600,0.000000,0.000000,0.000000,0.003800,0.001600,0.002100,0.006700,0.000000
760,0.884152,0.938903,0.937700,0.837500,1076.000000,850889000.000000,1324570160.000000,237035520.000000,1571868672.000000,0.000700,0.000000,0.000000,0.000000,0.009700,0.000000,0.010400,0.000000,0.000000,0.000000,0.003800,0.002700,0.002300,0.006500,0.000000
761,0.885112,0.966695,0.970700,0.873200,1076.000000,850907472.000000,1324570160.000000,237035520.000000,1571934208.000000,0.000600,0.000000,0.000000,0.000000,0.008700,0.000000,0.010300,0.000000,0.000000,0.000000,0.003700,0.001700,0.002300,0.006500,0.000000
762,0.886042,0.935204,0.930800,0.837700,1076.000000,850895360.000000,1324570160.000000,237035520.000000,1571934208.000000,0.000700,0.000000,0.000000,0.000000,0.008700,0.000000,0.010600,0.000000,0.000000,0.000000,0.003700,0.001700,0.001900,0.006200,0.000000
763,0.887105,1.043601,0.993300,0.898200,1076.000000,850892744.000000,1324570160.000000,237035520.000000,1571934208.000000,0.000700,0.000000,0.000000,0.000000,0.009100,0.000000,0.010600,0.000000,0.000000,0.000000,0.003700,0.001700,0.002300,0.006200,0.000000
764,0.888617,1.511097,1.544000,1.399600,1076.000000,850893072.000000,1324570160.000000,237035520.000000,1571934208.000000,0.325700,0.041100,0.012100,0.123000,0.009900,0.017700,0.010300,0.014100,0.019800,0.013100,0.003800,0.001700,0.002600,0.005300,0.000000
765,0.889610,1.004103,1.002100,0.895000,1076.000000,850893544.000000,1324570160.000000,237035520.000000,1571934208.000000,0.000600,0.000000,0.000000,0.000000,0.010700,0.000000,0.010700,0.000000,0.000000,0.000000,0.003700,0.001900,0.002400,0.006700,0.000000
766,0.890701,1.098101,1.101600,0.995900,1076.000000,850906960.000000,1324570160.000000,237035520.000000,1571934208.000000,0.000700,0.000000,0.000000,0.000000,0.009200,0.000000,0.010600,0.000000,0.000000,0.000000,0.003800,0.001900,0.002400,0.006500,0.000000
767,0.891787,0.980499,0.981600,0.884500,1076.000000,850908056.000000,1324570160.000000,237035520.000000,1571934208.000000,0.000600,0.000000,0.000000,0.000000,0.008900,0.000000,0.010400,0.000000,0.000000,0.000000,0.003900,0.001700,0.002400,0.005900,0.000000
768,0.892743,1.066397,1.063500,0.967900,1076.000000,850907840.000000,1324570160.000000,237035520.000000,1571934208.000000,0.000700,0.000000,0.000000,0.000000,0.008500,0.000000,0.010200,0.000000,0.000000,0.000000,0.005600,0.001700,0.002600,0.006600,0.000000
769,0.893685,0.935998,0.932400,0.836500,1076.000000,850908296.000000,1324570160.000000,237035520.000000,1571934208.000000,0.000600,0.000000,0.000000,0.000000,0.008700,0.000000,0.010100,0.000000,0.000000,0.000000,0.003800,0.001700,0.002300,0.006300,0.000000
770,0.894625,0.924504,0.921200,0.825100,1076.000000,850909152.000000,1324570160.000000,237035520.000000,1571934208.000000,0.000700,0.000000,0.000000,0.000000,0.009200,0.000000,0.013000,0.000000,0.000000,0.000000,0.003800,0.001900,0.002200,0.006600,0.000000
771,0.895586,0.913400,0.915400,0.818700,1076.000000,850907904.000000,1324570160.000000,237035520.000000,1571934208.000000,0.000700,0.000000,0.000000,0.000000,0.008500,0.000000,0.011200,0.000000,0.000000,0.000000,0.004000,0.001900,0.002200,0.006600,0.000000
772,0.896580,1.045401,1.030500,0.936200,1076.000000,850912024.000000,1324570160.000000,237035520.000000,1571934208.000000,0.000900,0.000000,0.000000,0.000000,0.008500,0.000000,0.011000,0.000000,0.000000,0.000000,0.007300,0.002500,0.002800,0.007200,0.000000
773,0.897622,1.045599,1.048700,0.944600,1076.000000,850912488.000000,1324570160.000000,237035520.000000,1571934208.000000,0.000700,0.000000,0.000000,0.000000,0.009400,0.000000,0.010700,0.000000,0.000000,0.000000,0.004200,0.001700,0.002200,0.006300,0.000000
774,0.898602,0.961295,0.961300,0.863300,1076.000000,850912072.000000,1324570160.000000,237035520.000000,1571934208.000000,0.000700,0.000000,0.000000,0.000000,0.009000,0.000000,0.010100,0.000000,0.000000,0.000000,0.004800,0.002000,0.002600,0.007000,0.000000
775,0.899501,0.939505,0.939000,0.845300,1076.000000,850912112.000000,1324570160.000000,237035520.000000,1571934208.000000,0.000600,0.000000,0.000000,0.000000,0.011000,0.000000,0.010200,0.000000,0.000000,0.000000,0.004200,0.001800,0.002100,0.006100,0.000000
776,0.900519,0.994501,0.985300,0.890100,1076.000000,850912144.000000,1324570160.000000,237035520.000000,1571934208.000000,0.000600,0.000000,0.000000,0.000000,0.008100,0.000000,0.010100,0.000000,0.000000,0.000000,0.003800,0.002300,0.002000,0.006300,0.000000
777,0.901600,1.072697,1.067500,0.965900,1076.000000,850926520.000000,1324570160.000000,237035520.000000,1571934208.000000,0.000700,0.000000,0.000000,0.000000,0.009500,0.000000,0.011600,0.000000,0.000000,0.000000,0.004300,0.001900,0.002200,0.006300,0.000000
778,0.902618,1.034800,1.033500,0.929800,1076.000000,850922600.000000,1324570160.000000,237035520.000000,1571934208.000000,0.000700,0.000000,0.000000,0.000000,0.010000,0.000000,0.012600,0.000000,0.000000,0.000000,0.004400,0.001800,0.002200,0.006700,0.000000
779,0.903564,0.949497,0.948600,0.847800,1076.000000,850919984.000000,1324570160.000000,237035520.000000,1571934208.000000,0.000700,0.000000,0.000000,0.000000,0.009400,0.000000,0.011900,0.000000,0.000000,0.000000,0.004000,0.002400,0.002200,0.006500,0.000000
780,0.904577,1.005300,1.002300,0.903400,1076.000000,850920032.000000,1324570160.000000,237035520.000000,1571934208.000000,0.000800,0.000000,0.000000,0.000000,0.008800,0.000000,0.010900,0.000000,0.000000,0.000000,0.004100,0.001900,0.002300,0.006600,0.000000
781,0.905907,1.333099,1.327100,1.226400,1076.000000,850921248.000000,1324570160.000000,237035520.000000,1571934208.000000,0.327700,0.041500,0.012300,0.116400,0.009100,0.017700,0.010200,0.014300,0.019900,0.012000,0.004300,0.002000,0.002500,0.004800,0.000000
782,0.906979,0.976906,0.977700,0.875000,1076.000000,850920832.000000,1324570160.000000,237035520.000000,1571934208.000000,0.000700,0.000000,0.000000,0.000000,0.010600,0.000000,0.010600,0.000000,0.000000,0.000000,0.004300,0.002500,0.002200,0.006600,0.000000
783,0.907953,1.073299,1.072100,0.973600,1076.000000,850920872.000000,1324570160.000000,237035520.000000,1571934208.000000,0.000700,0.000000,0.000000,0.000000,0.009200,0.000000,0.010200,0.000000,0.000000,0.000000,0.005300,0.001900,0.002600,0.006400,0.000000
784,0.908914,0.963797,0.958000,0.861700,1076.000000,850921312.000000,1324570160.000000,237035520.000000,1571934208.000000,0.000700,0.000000,0.000000,0.000000,0.009400,0.000000,0.012000,0.000000,0.000000,0.000000,0.004200,0.002200,0.002500,0.006500,0.000000
785,0.909950,1.031101,1.030500,0.929900,1076.000000,850924720.000000,1324570160.000000,237035520.000000,1571934208.000000,0.000700,0.000000,0.000000,0.000000,0.008800,0.000000,0.011500,0.000000,0.000000,0.000000,0.004200,0.001700,0.002300,0.006300,0.000000
786,0.910887,0.941596,0.940000,0.841500,1076.000000,850925152.000000,1324570160.000000,237035520.000000,1571934208.000000,0.000700,0.000000,0.000000,0.000000,0.009000,0.000000,0.010400,0.000000,0.000000,0.000000,0.004100,0.002400,0.002300,0.006600,0.000000
787,0.911875,0.985502,0.982400,0.885200,1076.000000,850924456.000000,1324570160.000000,237035520.000000,1571934208.000000,0.000700,0.000000,0.000000,0.000000,0.008900,0.000000,0.010600,0.000000,0.000000,0.000000,0.004200,0.002500,0.002400,0.006800,0.000000
788,0.912968,1.073101,0.987800,0.887800,1076.000000,850924480.000000,1324570160.000000,237035520.000000,1571934208.000000,0.000700,0.000000,0.000000,0.000000,0.009400,0.000000,0.011000,0.000000,0.000000,0.000000,0.004000,0.002300,0.002300,0.006600,0.000000
789,0.914474,1.477799,1.467600,1.289300,1076.000000,850924944.000000,1324570160.000000,237035520.000000,1571934208.000000,0.000700,0.000000,0.000000,0.000000,0.009800,0.000000,0.011300,0.000000,0.000000,0.000000,0.004500,0.001900,0.002600,0.006900,0.000000
790,0.915711,1.277601,1.344100,1.158100,1076.000000,850924528.000000,1324570160.000000,237035520.000000,1571934208.000000,0.000800,0.000000,0.000000,0.000000,0.010000,0.000000,0.040200,0.000000,0.000000,0.000000,0.005100,0.002100,0.002400,0.006900,0.000000
791,0.917130,1.275801,1.278700,1.158100,1076.000000,850928664.000000,1324570160.000000,237035520.000000,1571934208.000000,0.000800,0.000000,0.000000,0.000000,0.009400,0.000000,0.106200,0.000000,0.000000,0.000000,0.004100,0.002600,0.002400,0.006900,0.000000
792,0.918374,1.376403,1.378600,1.264200,1076.000000,850928696.000000,1324570160.000000,237035520.000000,1571934208.000000,0.000800,0.000000,0.000000,0.000000,0.010000,0.000000,0.011500,0.000000,0.000000,0.000000,0.007800,0.002500,0.003300,0.008200,0.000000
793,0.919587,1.220699,1.218300,1.110100,1076.000000,850943072.000000,1324570160.000000,237035520.000000,1571934208.000000,0.000700,0.000000,0.000000,0.000000,0.009800,0.000000,0.040500,0.000000,0.000000,0.000000,0.004700,0.002900,0.002500,0.006900,0.000000
794,0.920698,1.109701,1.111100,1.005100,1076.000000,850930960.000000,1324570160.000000,237035520.000000,1571934208.000000,0.000800,0.000000,0.000000,0.000000,0.009800,0.000000,0.024900,0.000000,0.000000,0.000000,0.004600,0.002300,0.002200,0.006600,0.000000
795,0.922209,1.493998,1.482600,1.374100,1076.000000,850932792.000000,1324570160.000000,237035520.000000,1571934208.000000,0.311100,0.041100,0.011500,0.104000,0.009700,0.017000,0.010500,0.012900,0.020000,0.012800,0.004200,0.001900,0.002300,0.004900,0.000000
796,0.923282,1.072003,1.069100,0.957700,1076.000000,850932840.000000,1324570160.000000,237035520.000000,1571934208.000000,0.000700,0.000000,0.000000,0.000000,0.012400,0.000000,0.010600,0.000000,0.000000,0.000000,0.005200,0.002600,0.002900,0.006900,0.000000
797,0.924380,1.116001,1.117800,1.009500,1076.000000,850933312.000000,1324570160.000000,237035520.000000,1571934208.000000,0.000700,0.000000,0.000000,0.000000,0.011900,0.000000,0.010800,0.000000,0.000000,0.000000,0.004500,0.002000,0.002500,0.005300,0.000000
798,0.925518,1.122598,1.121600,1.014000,1076.000000,850937400.000000,1324570160.000000,237035520.000000,1571934208.000000,0.000800,0.000000,0.000000,0.000000,0.010000,0.000000,0.030600,0.000000,0.000000,0.000000,0.004500,0.001900,0.002600,0.006300,0.000000
799,0.926604,1.095302,1.092000,0.987800,1076.000000,850938487.000000,1324570160.000000,237035520.000000,1571934208.000000,0.000800,0.000000,0.000000,0.000000,0.009800,0.000000,0.030800,0.000000,0.000000,0.000000,0.005500,0.002600,0.002600,0.007600,0.000000
800,0.927699,1.096797,1.087900,0.983200,1076.000000,850936704.000000,1324570160.000000,237035520.000000,1571934208.000000,0.000800,0.000000,0.000000,0.000000,0.009600,0.000000,0.031100,0.000000,0.000000,0.000000,0.004600,0.002000,0.002400,0.006700,0.000000
801,0.928783,1.089002,1.093600,0.983800,1076.000000,850937160.000000,1324570160.000000,237035520.000000,1571934208.000000,0.000700,0.000000,0.000000,0.000000,0.009300,0.000000,0.035000,0.000000,0.000000,0.000000,0.004700,0.001900,0.002400,0.007100,0.000000
802,0.929850,1.058298,1.050900,0.949000,1076.000000,850937592.000000,1324570160.000000,237035520.000000,1571934208.000000,0.000600,0.000000,0.000000,0.000000,0.009800,0.000000,0.100000,0.000000,0.000000,0.000000,0.004300,0.002600,0.002300,0.006800,0.000000
803,0.930898,1.061302,1.065000,0.961300,1076.000000,850936768.000000,1324570160.000000,237035520.000000,1571934208.000000,0.000800,0.000000,0.000000,0.000000,0.012100,0.000000,0.011300,0.000000,0.000000,0.000000,0.004600,0.002100,0.002300,0.007000,0.000000
804,0.932169,1.219296,1.197100,1.091800,1076.000000,850940888.000000,1324570160.000000,237035520.000000,1571934208.000000,0.000700,0.000000,0.000000,0.000000,0.009400,0.000000,0.087100,0.000000,0.000000,0.000000,0.004200,0.002500,0.002400,0.006700,0.000000
805,0.933361,1.230598,1.238100,1.118100,1076.000000,850941352.000000,1324570160.000000,237035520.000000,1571934208.000000,0.000800,0.000000,0.000000,0.000000,0.011600,0.000000,0.011500,0.000000,0.000000,0.000000,0.005500,0.002300,0.002700,0.007100,0.000000
806,0.934430,1.063202,1.068500,0.959500,1076.000000,850940936.000000,1324570160.000000,237035520.000000,1571934208.000000,0.000700,0.000000,0.000000,0.000000,0.009900,0.000000,0.010600,0.000000,0.000000,0.000000,0.004500,0.002500,0.002900,0.007200,0.000000
807,0.935598,1.108503,1.080700,0.974200,1076.000000,850940976.000000,1324570160.000000,237035520.000000,1571934208.000000,0.000600,0.000000,0.000000,0.000000,0.009000,0.000000,0.037700,0.000000,0.000000,0.000000,0.004300,0.001900,0.002500,0.005000,0.000000
808,0.936797,1.278699,1.301900,1.181300,1076.000000,850941008.000000,1324570160.000000,237035520.000000,1571934208.000000,0.000700,0.000000,0.000000,0.000000,0.011600,0.000000,0.078300,0.000000,0.000000,0.000000,0.006900,0.002000,0.002600,0.007700,0.000000
809,0.937938,1.124603,1.109500,1.009800,1076.000000,850955384.000000,1324570160.000000,237035520.000000,1571934208.000000,0.000800,0.000000,0.000000,0.000000,0.009600,0.000000,0.011100,0.000000,0.000000,0.000000,0.004000,0.002100,0.002400,0.010700,0.000000
810,0.939393,1.435495,1.437700,1.326500,1076.000000,850947904.000000,1324570160.000000,237035520.000000,1571934208.000000,0.365200,0.043300,0.012100,0.133300,0.009800,0.018500,0.012000,0.014300,0.020300,0.027200,0.004600,0.002300,0.002300,0.006100,0.000000
811,0.940538,1.131399,1.109400,0.998300,1076.000000,850945288.000000,1324570160.000000,237035520.000000,1571934208.000000,0.000800,0.000000,0.000000,0.000000,0.011000,0.000000,0.012800,0.000000,0.000000,0.000000,0.005400,0.002400,0.002600,0.007200,0.000000
812,0.941739,1.209007,1.207400,1.067900,1076.000000,850949856.000000,1324570160.000000,237035520.000000,1571934208.000000,0.000600,0.000000,0.000000,0.000000,0.012000,0.000000,0.014700,0.000000,0.000000,0.000000,0.005200,0.002500,0.002400,0.006600,0.000000
813,0.942765,1.065094,1.086200,0.966100,1076.000000,850949904.000000,1324570160.000000,237035520.000000,1571934208.000000,0.000700,0.000000,0.000000,0.000000,0.011100,0.000000,0.012300,0.000000,0.000000,0.000000,0.006000,0.002400,0.002300,0.006600,0.000000
814,0.943707,0.947102,0.944200,0.846900,1076.000000,850949096.000000,1324570160.000000,237035520.000000,1571934208.000000,0.000700,0.000000,0.000000,0.000000,0.012600,0.000000,0.010700,0.000000,0.000000,0.000000,0.004300,0.002000,0.002200,0.006300,0.000000
815,0.944612,0.911302,0.913000,0.816400,1076.000000,850949136.000000,1324570160.000000,237035520.000000,1571934208.000000,0.000700,0.000000,0.000000,0.000000,0.009000,0.000000,0.010500,0.000000,0.000000,0.000000,0.003900,0.001700,0.002100,0.006200,0.000000
816,0.945556,0.905796,0.899800,0.807100,1076.000000,850949152.000000,1324570160.000000,237035520.000000,1571934208.000000,0.000700,0.000000,0.000000,0.000000,0.008400,0.000000,0.010400,0.000000,0.000000,0.000000,0.003800,0.001800,0.002000,0.006100,0.000000
817,0.947323,1.776304,1.717600,1.531100,1076.000000,850953704.000000,1324570160.000000,237035520.000000,1571934208.000000,0.000800,0.000000,0.000000,0.000000,0.008400,0.000000,0.011600,0.000000,0.000000,0.000000,0.007300,0.002000,0.002900,0.006800,0.000000
818,0.948364,1.056002,1.096800,0.893000,1076.000000,850954136.000000,1324570160.000000,237035520.000000,1571934208.000000,0.000800,0.000000,0.000000,0.000000,0.010200,0.000000,0.010900,0.000000,0.000000,0.000000,0.004900,0.002500,0.002300,0.007500,0.000000
819,0.949451,1.082497,1.086100,0.977000,1076.000000,850957408.000000,1324570160.000000,237035520.000000,1571934208.000000,0.000700,0.000000,0.000000,0.000000,0.009700,0.000000,0.010600,0.000000,0.000000,0.000000,0.004000,0.002200,0.002400,0.006600,0.000000
820,0.950653,1.202898,1.173300,1.068900,1076.000000,850957432.000000,1324570160.000000,237035520.000000,1571934208.000000,0.000900,0.000000,0.000000,0.000000,0.010800,0.000000,0.040300,0.000000,0.000000,0.000000,0.004300,0.002200,0.002500,0.006100,0.000000
821,0.951792,1.147598,1.174700,1.049000,1076.000000,850957896.000000,1324570160.000000,237035520.000000,1571934208.000000,0.000700,0.000000,0.000000,0.000000,0.009500,0.000000,0.011100,0.000000,0.000000,0.000000,0.004200,0.002200,0.002400,0.006800,0.000000
822,0.952878,1.064704,1.056100,0.954800,1076.000000,850957480.000000,1324570160.000000,237035520.000000,1571934208.000000,0.000600,0.000000,0.000000,0.000000,0.009300,0.000000,0.010600,0.000000,0.000000,0.000000,0.003700,0.002300,0.002200,0.006600,0.000000
823,0.953917,1.027601,1.024200,0.919500,1076.000000,850961616.000000,1324570160.000000,237035520.000000,1571934208.000000,0.000800,0.000000,0.000000,0.000000,0.009800,0.000000,0.013700,0.000000,0.000000,0.000000,0.004900,0.001900,0.002500,0.006700,0.000000
824,0.955183,1.296499,1.301700,1.196400,1076.000000,850966176.000000,1324570160.000000,237035520.000000,1571934208.000000,0.318400,0.042600,0.012300,0.104400,0.010000,0.018100,0.011100,0.014300,0.020300,0.012300,0.004200,0.002000,0.002500,0.004700,0.000000
825,0.956670,1.463698,0.968400,0.871400,1076.000000,850980576.000000,1324570160.000000,237035520.000000,1571934208.000000,0.000700,0.000000,0.000000,0.000000,0.010600,0.000000,0.010900,0.000000,0.000000,0.000000,0.004300,0.001800,0.002300,0.006200,0.000000
826,0.957797,1.138301,1.617000,1.029000,1076.000000,850968888.000000,1324570160.000000,237035520.000000,1571934208.000000,0.000600,0.000000,0.000000,0.000000,0.011000,0.000000,0.014900,0.000000,0.000000,0.000000,0.005100,0.001900,0.002800,0.007400,0.000000
827,0.958770,0.992900,0.997800,0.889700,1076.000000,850965848.000000,1324570160.000000,237035520.000000,1571934208.000000,0.000700,0.000000,0.000000,0.000000,0.009700,0.000000,0.011800,0.000000,0.000000,0.000000,0.004500,0.002200,0.002400,0.006600,0.000000
828,0.959738,0.950801,0.950900,0.850300,1076.000000,850965472.000000,1324570160.000000,237035520.000000,1571934208.000000,0.000800,0.000000,0.000000,0.000000,0.009200,0.000000,0.010900,0.000000,0.000000,0.000000,0.003900,0.002500,0.002400,0.006300,0.000000
829,0.960686,0.956101,0.947700,0.850200,1076.000000,850970040.000000,1324570160.000000,237035520.000000,1571999744.000000,0.000700,0.000000,0.000000,0.000000,0.009100,0.000000,0.010700,0.000000,0.000000,0.000000,0.004100,0.001800,0.002400,0.006200,0.000000
830,0.962089,1.391001,1.384900,1.278300,1076.000000,850972632.000000,1324570160.000000,237035520.000000,1571999744.000000,0.000700,0.000000,0.000000,0.000000,0.009500,0.000000,0.011200,0.000000,0.000000,0.000000,0.004300,0.001900,0.002300,0.006400,0.000000
831,0.963134,1.065001,1.065200,0.960200,1076.000000,850973744.000000,1324570160.000000,237035520.000000,1571999744.000000,0.000700,0.000000,0.000000,0.000000,0.010100,0.000000,0.011600,0.000000,0.000000,0.000000,0.004400,0.002000,0.002700,0.007100,0.000000
832,0.964326,1.180896,1.178700,1.075900,1076.000000,850973760.000000,1324570160.000000,237035520.000000,1571999744.000000,0.000600,0.000000,0.000000,0.000000,0.009500,0.000000,0.010600,0.000000,0.000000,0.000000,0.004200,0.002400,0.002500,0.006800,0.000000
833,0.965330,1.003401,1.004300,0.902700,1076.000000,850974216.000000,1324570160.000000,237035520.000000,1571999744.000000,0.000700,0.000000,0.000000,0.000000,0.009500,0.000000,0.011500,0.000000,0.000000,0.000000,0.004500,0.001800,0.002400,0.005600,0.000000
834,0.966404,1.040703,1.000800,0.903100,1076.000000,850974648.000000,1324570160.000000,237035520.000000,1571999744.000000,0.000900,0.000000,0.000000,0.000000,0.009000,0.000000,0.010100,0.000000,0.000000,0.000000,0.003900,0.001800,0.002300,0.005700,0.000000
835,0.967461,1.071896,1.084700,0.950200,1076.000000,850973824.000000,1324570160.000000,237035520.000000,1571999744.000000,0.000700,0.000000,0.000000,0.000000,0.011500,0.000000,0.011900,0.000000,0.000000,0.000000,0.005200,0.002400,0.002400,0.006600,0.000000
836,0.968649,1.191702,1.057400,0.937300,1076.000000,850977944.000000,1324570160.000000,237035520.000000,1571999744.000000,0.000600,0.000000,0.000000,0.000000,0.010000,0.000000,0.010900,0.000000,0.000000,0.000000,0.004500,0.002100,0.002700,0.006500,0.000000
837,0.969645,1.014002,1.159800,0.912500,1076.000000,850978408.000000,1324570160.000000,237035520.000000,1571999744.000000,0.000700,0.000000,0.000000,0.000000,0.010100,0.000000,0.011500,0.000000,0.000000,0.000000,0.004400,0.002000,0.002700,0.006600,0.000000
838,0.970557,0.924497,0.926100,0.824600,1076.000000,850977992.000000,1324570160.000000,237035520.000000,1571999744.000000,0.000600,0.000000,0.000000,0.000000,0.010200,0.000000,0.010400,0.000000,0.000000,0.000000,0.003900,0.002300,0.002300,0.006700,0.000000
839,0.971972,1.389002,1.379400,1.280800,1076.000000,850983336.000000,1324570160.000000,237035520.000000,1571999744.000000,0.371000,0.043900,0.013600,0.120200,0.008800,0.024700,0.010800,0.019300,0.024400,0.023300,0.003800,0.002100,0.002200,0.005500,0.000000
840,0.972991,1.033298,1.032400,0.928600,1076.000000,850983784.000000,1324570160.000000,237035520.000000,1571999744.000000,0.000800,0.000000,0.000000,0.000000,0.011600,0.000000,0.013800,0.000000,0.000000,0.000000,0.004300,0.001900,0.002400,0.006800,0.000000
841,0.974240,1.094600,1.004700,0.903000,1076.000000,850997744.000000,1324570160.000000,237035520.000000,1571999744.000000,0.000800,0.000000,0.000000,0.000000,0.009900,0.000000,0.012400,0.000000,0.000000,0.000000,0.004100,0.001900,0.002200,0.006400,0.000000
842,0.975479,1.329698,1.383700,1.196800,1076.000000,850989744.000000,1324570160.000000,237035520.000000,1571999744.000000,0.000800,0.000000,0.000000,0.000000,0.017700,0.000000,0.013300,0.000000,0.000000,0.000000,0.007100,0.003300,0.003600,0.033700,0.000000
843,0.976579,1.157802,1.182600,1.053100,1076.000000,850981808.000000,1324570160.000000,237035520.000000,1571999744.000000,0.000700,0.000000,0.000000,0.000000,0.012200,0.000000,0.013300,0.000000,0.000000,0.000000,0.005400,0.002300,0.002900,0.007000,0.000000
844,0.977583,1.008801,1.010200,0.906000,1076.000000,850981856.000000,1324570160.000000,237035520.000000,1571999744.000000,0.000700,0.000000,0.000000,0.000000,0.009800,0.000000,0.011700,0.000000,0.000000,0.000000,0.004500,0.002100,0.002600,0.007100,0.000000
845,0.978547,0.962401,0.961300,0.862200,1076.000000,850982328.000000,1324570160.000000,237035520.000000,1571999744.000000,0.000700,0.000000,0.000000,0.000000,0.009800,0.000000,0.010500,0.000000,0.000000,0.000000,0.004200,0.001800,0.002300,0.006400,0.000000
846,0.979487,0.952799,0.951400,0.853900,1076.000000,850985992.000000,1324570160.000000,237035520.000000,1571999744.000000,0.000600,0.000000,0.000000,0.000000,0.008900,0.000000,0.010400,0.000000,0.000000,0.000000,0.004000,0.001800,0.002200,0.006300,0.000000
847,0.980387,0.905499,0.902300,0.806700,1076.000000,850986032.000000,1324570160.000000,237035520.000000,1571999744.000000,0.000700,0.000000,0.000000,0.000000,0.009100,0.000000,0.010100,0.000000,0.000000,0.000000,0.004000,0.001800,0.002100,0.006300,0.000000
848,0.981393,0.997300,0.954300,0.857700,1076.000000,850986048.000000,1324570160.000000,237035520.000000,1571999744.000000,0.000700,0.000000,0.000000,0.000000,0.008700,0.000000,0.010700,0.000000,0.000000,0.000000,0.004100,0.002300,0.002100,0.006300,0.000000
849,0.982388,0.984396,1.014800,0.878900,1076.000000,850990600.000000,1324570160.000000,237035520.000000,1571999744.000000,0.000600,0.000000,0.000000,0.000000,0.009200,0.000000,0.010800,0.000000,0.000000,0.000000,0.004100,0.002300,0.002100,0.006500,0.000000
850,0.983401,1.024901,1.025500,0.921600,1076.000000,850991032.000000,1324570160.000000,237035520.000000,1571999744.000000,0.000700,0.000000,0.000000,0.000000,0.009500,0.000000,0.010200,0.000000,0.000000,0.000000,0.004100,0.001800,0.002400,0.006100,0.000000
851,0.984351,0.951800,0.954800,0.854500,1076.000000,850990208.000000,1324570160.000000,237035520.000000,1571999744.000000,0.000700,0.000000,0.000000,0.000000,0.008600,0.000000,0.010700,0.000000,0.000000,0.000000,0.003700,0.002100,0.002300,0.006300,0.000000
852,0.985250,0.900999,0.900200,0.805500,1076.000000,850990232.000000,1324570160.000000,237035520.000000,1571999744.000000,0.000900,0.000000,0.000000,0.000000,0.008800,0.000000,0.010300,0.000000,0.000000,0.000000,0.003500,0.001600,0.002200,0.006200,0.000000
853,0.986216,0.948306,0.939600,0.846600,1076.000000,850990696.000000,1324570160.000000,237035520.000000,1571999744.000000,0.000700,0.000000,0.000000,0.000000,0.008700,0.000000,0.011600,0.000000,0.000000,0.000000,0.003500,0.001900,0.002200,0.006500,0.000000
854,0.987153,0.948200,0.948600,0.849700,1076.000000,850990280.000000,1324570160.000000,237035520.000000,1571999744.000000,0.000800,0.000000,0.000000,0.000000,0.009500,0.000000,0.010100,0.000000,0.000000,0.000000,0.004600,0.002200,0.002200,0.007000,0.000000
855,0.988844,1.654797,1.273700,1.176300,1076.000000,850994960.000000,1324570160.000000,237035520.000000,1571999744.000000,0.309100,0.039800,0.011700,0.103500,0.009100,0.019000,0.009900,0.014000,0.019500,0.011700,0.004000,0.001800,0.002100,0.004400,0.000000
856,0.989819,1.006597,1.378300,0.908500,1076.000000,850995008.000000,1324570160.000000,237035520.000000,1571999744.000000,0.000700,0.000000,0.000000,0.000000,0.012400,0.000000,0.011900,0.000000,0.000000,0.000000,0.004600,0.002100,0.002800,0.006800,0.000000
857,0.990766,0.956704,0.952400,0.852100,1076.000000,851009368.000000,1324570160.000000,237035520.000000,1571999744.000000,0.000700,0.000000,0.000000,0.000000,0.009600,0.000000,0.011700,0.000000,0.000000,0.000000,0.004300,0.001800,0.002200,0.006300,0.000000
858,0.991842,1.049001,1.043400,0.939600,1076.000000,850997272.000000,1324570160.000000,237035520.000000,1571999744.000000,0.000600,0.000000,0.000000,0.000000,0.009000,0.000000,0.011300,0.000000,0.000000,0.000000,0.003900,0.002600,0.002300,0.006500,0.000000
859,0.992987,1.143700,1.137900,1.032200,1076.000000,850994096.000000,1324570160.000000,237035520.000000,1571999744.000000,0.000600,0.000000,0.000000,0.000000,0.010100,0.000000,0.028900,0.000000,0.000000,0.000000,0.004400,0.001900,0.002500,0.006600,0.000000
860,0.993989,0.999695,1.003600,0.898100,1076.000000,850994144.000000,1324570160.000000,237035520.000000,1571999744.000000,0.000700,0.000000,0.000000,0.000000,0.010200,0.000000,0.011000,0.000000,0.000000,0.000000,0.004600,0.002100,0.002300,0.006700,0.000000
861,0.995102,1.129705,1.121600,1.020700,1076.000000,850994616.000000,1324570160.000000,237035520.000000,1571999744.000000,0.000700,0.000000,0.000000,0.000000,0.009300,0.000000,0.010600,0.000000,0.000000,0.000000,0.004000,0.001900,0.002300,0.006500,0.000000
862,0.996501,1.329500,1.311000,1.200400,1076.000000,850998280.000000,1324570160.000000,237035520.000000,1571999744.000000,0.000700,0.000000,0.000000,0.000000,0.010000,0.000000,0.038800,0.000000,0.000000,0.000000,0.004800,0.002600,0.002500,0.006900,0.000000
863,0.997852,1.339895,1.317200,1.185800,1076.000000,851002416.000000,1324570160.000000,237035520.000000,1571999744.000000,0.000900,0.000000,0.000000,0.000000,0.012100,0.000000,0.029200,0.000000,0.000000,0.000000,0.006700,0.002800,0.002800,0.008400,0.000000
864,0.999133,1.335700,1.358500,1.218600,1076.000000,851002432.000000,1324570160.000000,237035520.000000,1571999744.000000,0.000800,0.000000,0.000000,0.000000,0.014500,0.000000,0.035900,0.000000,0.000000,0.000000,0.006400,0.002800,0.003200,0.008500,0.000000
865,1.000262,1.142205,1.145400,1.029800,1076.000000,851002888.000000,1324570160.000000,237035520.000000,1571999744.000000,0.000800,0.000000,0.000000,0.000000,0.011000,0.000000,0.078300,0.000000,0.000000,0.000000,0.005800,0.002400,0.002900,0.006500,0.000000
866,1.001842,1.537394,1.074900,0.967500,1076.000000,851003320.000000,1324570160.000000,237035520.000000,1571999744.000000,0.000800,0.000000,0.000000,0.000000,0.011000,0.000000,0.028400,0.000000,0.000000,0.000000,0.004600,0.002000,0.002500,0.007200,0.000000
867,1.002970,1.171903,1.633200,1.070300,1076.000000,851002496.000000,1324570160.000000,237035520.000000,1571999744.000000,0.000700,0.000000,0.000000,0.000000,0.010200,0.000000,0.011000,0.000000,0.000000,0.000000,0.007900,0.002100,0.003300,0.005600,0.000000
868,1.004156,1.150801,1.121100,1.011700,1076.000000,851006616.000000,1324570160.000000,237035520.000000,1571999744.000000,0.000700,0.000000,0.000000,0.000000,0.010300,0.000000,0.011300,0.000000,0.000000,0.000000,0.004300,0.002100,0.002400,0.006900,0.000000
869,1.005610,1.477700,1.487900,1.343400,1076.000000,851007688.000000,1324570160.000000,237035520.000000,1571999744.000000,0.377200,0.053100,0.011900,0.132900,0.012300,0.022300,0.063200,0.016100,0.021400,0.015900,0.006300,0.002700,0.002800,0.006500,0.000000
870,1.006659,1.072697,1.084500,0.969300,1128.000000,851007288.000000,1324570160.000000,237035520.000000,1571999744.000000,0.000700,0.000000,0.000000,0.000000,0.011200,0.000000,0.012400,0.000000,0.000000,0.000000,0.004800,0.002400,0.002300,0.007000,0.000000
871,1.007777,1.091199,1.083300,0.981700,1076.000000,851007328.000000,1324570160.000000,237035520.000000,1571999744.000000,0.000600,0.000000,0.000000,0.000000,0.010100,0.000000,0.028200,0.000000,0.000000,0.000000,0.004200,0.002400,0.002300,0.006900,0.000000
872,1.008765,1.022704,1.026600,0.922400,1076.000000,851007336.000000,1324570160.000000,237035520.000000,1571999744.000000,0.000700,0.000000,0.000000,0.000000,0.009700,0.000000,0.011000,0.000000,0.000000,0.000000,0.005600,0.002100,0.002900,0.007100,0.000000
873,1.009855,1.077799,1.071400,0.971300,1076.000000,851021112.000000,1324570160.000000,237035520.000000,1571999744.000000,0.000600,0.000000,0.000000,0.000000,0.009300,0.000000,0.010400,0.000000,0.000000,0.000000,0.003900,0.001700,0.002300,0.005900,0.000000
874,1.011339,1.419303,1.311100,1.099600,1076.000000,851013096.000000,1324570160.000000,237035520.000000,1571999744.000000,0.000700,0.000000,0.000000,0.000000,0.009900,0.000000,0.012500,0.000000,0.000000,0.000000,0.004800,0.002500,0.002400,0.006600,0.000000
875,1.012737,1.433801,1.517400,1.305500,1076.000000,851010480.000000,1324570160.000000,237035520.000000,1571999744.000000,0.000700,0.000000,0.000000,0.000000,0.011500,0.000000,0.047000,0.000000,0.000000,0.000000,0.004700,0.001900,0.002800,0.006900,0.000000
876,1.014229,1.492297,1.501200,1.377200,1076.000000,851010528.000000,1324570160.000000,237035520.000000,1571999744.000000,0.000700,0.000000,0.000000,0.000000,0.011700,0.000000,0.025800,0.000000,0.000000,0.000000,0.004600,0.002200,0.002800,0.007000,0.000000
877,1.015337,1.132200,1.135800,1.026000,1076.000000,851011000.000000,1324570160.000000,237035520.000000,1571999744.000000,0.000600,0.000000,0.000000,0.000000,0.010400,0.000000,0.097900,0.000000,0.000000,0.000000,0.004600,0.002600,0.002800,0.007200,0.000000
878,1.016826,1.480796,1.449400,1.342600,1076.000000,850999792.000000,1324570160.000000,237035520.000000,1571999744.000000,0.000700,0.000000,0.000000,0.000000,0.010200,0.000000,0.011300,0.000000,0.000000,0.000000,0.004300,0.002100,0.002600,0.006700,0.000000
879,1.018031,1.213705,1.233700,1.101900,1076.000000,850999832.000000,1324570160.000000,237035520.000000,1571999744.000000,0.000700,0.000000,0.000000,0.000000,0.011300,0.000000,0.051100,0.000000,0.000000,0.000000,0.004500,0.002100,0.002800,0.008200,0.000000
880,1.019258,1.222300,1.217000,1.107500,1076.000000,851003944.000000,1324570160.000000,237035520.000000,1571999744.000000,0.000700,0.000000,0.000000,0.000000,0.010400,0.000000,0.027600,0.000000,0.000000,0.000000,0.004500,0.002700,0.002600,0.007400,0.000000
881,1.020463,1.215597,1.044100,0.934700,1076.000000,851008496.000000,1324570160.000000,237035520.000000,1571999744.000000,0.000600,0.000000,0.000000,0.000000,0.010000,0.000000,0.024600,0.000000,0.000000,0.000000,0.004300,0.001800,0.002400,0.006800,0.000000
882,1.021854,1.386798,1.543800,1.266200,1076.000000,851009600.000000,1324570160.000000,237035520.000000,1571999744.000000,0.312200,0.041000,0.010800,0.107300,0.009900,0.016300,0.012200,0.012900,0.019000,0.011700,0.004300,0.001800,0.002400,0.004800,0.000000
883,1.022918,1.066901,1.075100,0.958800,1076.000000,851012448.000000,1324570160.000000,237035520.000000,1571999744.000000,0.000900,0.000000,0.000000,0.000000,0.010900,0.000000,0.011500,0.000000,0.000000,0.000000,0.003800,0.001800,0.002500,0.005700,0.000000
884,1.023984,1.051701,1.057400,0.949800,1076.000000,851012472.000000,1324570160.000000,237035520.000000,1571999744.000000,0.000800,0.000000,0.000000,0.000000,0.010000,0.000000,0.038300,0.000000,0.000000,0.000000,0.004500,0.001900,0.002500,0.006500,0.000000
885,1.025012,1.043304,1.037300,0.937800,1076.000000,851012936.000000,1324570160.000000,237035520.000000,1571999744.000000,0.000700,0.000000,0.000000,0.000000,0.009200,0.000000,0.010700,0.000000,0.000000,0.000000,0.005000,0.001900,0.002300,0.006700,0.000000
886,1.025997,0.988896,0.986900,0.885000,1076.000000,851012272.000000,1324570160.000000,237035520.000000,1571999744.000000,0.000800,0.000000,0.000000,0.000000,0.010400,0.000000,0.011000,0.000000,0.000000,0.000000,0.004400,0.002700,0.002600,0.007200,0.000000
887,1.027081,1.058099,1.054600,0.953700,1076.000000,851016408.000000,1324570160.000000,237035520.000000,1571999744.000000,0.000800,0.000000,0.000000,0.000000,0.009600,0.000000,0.010700,0.000000,0.000000,0.000000,0.004600,0.002700,0.002300,0.007000,0.000000
888,1.028236,1.179804,1.173400,1.072000,1076.000000,851016440.000000,1324570160.000000,237035520.000000,1571999744.000000,0.000700,0.000000,0.000000,0.000000,0.009500,0.000000,0.094700,0.000000,0.000000,0.000000,0.004900,0.001900,0.002300,0.006400,0.000000
889,1.029309,1.080499,1.084000,0.978600,1076.000000,851030824.000000,1324570160.000000,237035520.000000,1571999744.000000,0.000700,0.000000,0.000000,0.000000,0.009000,0.000000,0.032700,0.000000,0.000000,0.000000,0.004300,0.001700,0.002300,0.006500,0.000000
890,1.030643,1.295096,1.259000,1.153000,1076.000000,851018712.000000,1324570160.000000,237035520.000000,1571999744.000000,0.000700,0.000000,0.000000,0.000000,0.009700,0.000000,0.083200,0.000000,0.000000,0.000000,0.003900,0.002500,0.002200,0.006700,0.000000
891,1.031905,1.275900,1.295400,1.166300,1076.000000,851016096.000000,1324570160.000000,237035520.000000,1571999744.000000,0.000800,0.000000,0.000000,0.000000,0.012400,0.000000,0.093600,0.000000,0.000000,0.000000,0.004600,0.002100,0.002400,0.006700,0.000000
892,1.033126,1.214605,1.202900,1.088400,1076.000000,851016144.000000,1324570160.000000,237035520.000000,1571999744.000000,0.000800,0.000000,0.000000,0.000000,0.009900,0.000000,0.039000,0.000000,0.000000,0.000000,0.004700,0.002400,0.002900,0.007200,0.000000
893,1.034425,1.277700,1.274500,1.154200,1076.000000,851016616.000000,1324570160.000000,237035520.000000,1571999744.000000,0.001000,0.000000,0.000000,0.000000,0.010400,0.000000,0.031100,0.000000,0.000000,0.000000,0.004500,0.002500,0.003100,0.007100,0.000000
894,1.035950,1.509198,1.497600,1.373300,1076.000000,851020280.000000,1324570160.000000,237035520.000000,1571999744.000000,0.000800,0.000000,0.000000,0.000000,0.010800,0.000000,0.041900,0.000000,0.000000,0.000000,0.005100,0.002500,0.003100,0.007300,0.000000
895,1.037065,1.164803,1.184800,1.061900,1076.000000,851020320.000000,1324570160.000000,237035520.000000,1571999744.000000,0.001100,0.000000,0.000000,0.000000,0.013200,0.000000,0.119300,0.000000,0.000000,0.000000,0.006600,0.002800,0.002900,0.007700,0.000000
896,1.038548,1.449298,1.437900,1.333300,1076.000000,851021480.000000,1324570160.000000,237035520.000000,1571999744.000000,0.333200,0.041100,0.011900,0.120500,0.010100,0.017700,0.103800,0.014100,0.020800,0.013100,0.004700,0.002000,0.002900,0.005100,0.000000
897,1.039525,1.034800,1.045200,0.935600,1076.000000,851025592.000000,1324570160.000000,237035520.000000,1572065280.000000,0.000700,0.000000,0.000000,0.000000,0.012000,0.000000,0.012700,0.000000,0.000000,0.000000,0.005200,0.002100,0.002600,0.006900,0.000000
898,1.040510,0.977402,0.971100,0.872400,1076.000000,851026040.000000,1324570160.000000,237035520.000000,1572065280.000000,0.000500,0.000000,0.000000,0.000000,0.008900,0.000000,0.010600,0.000000,0.000000,0.000000,0.004200,0.002400,0.002200,0.006200,0.000000
899,1.041527,1.008900,1.006500,0.905300,1076.000000,851025216.000000,1324570160.000000,237035520.000000,1572065280.000000,0.000600,0.000000,0.000000,0.000000,0.009500,0.000000,0.011000,0.000000,0.000000,0.000000,0.004400,0.002500,0.002400,0.006600,0.000000
900,1.042518,1.000595,0.999200,0.899400,1076.000000,851028616.000000,1324570160.000000,237035520.000000,1572065280.000000,0.000600,0.000000,0.000000,0.000000,0.009800,0.000000,0.090500,0.000000,0.000000,0.000000,0.003700,0.002400,0.002000,0.006700,0.000000
901,1.043487,0.971705,0.967300,0.868600,1076.000000,851029064.000000,1324570160.000000,237035520.000000,1572065280.000000,0.000700,0.000000,0.000000,0.000000,0.009100,0.000000,0.010700,0.000000,0.000000,0.000000,0.004200,0.002000,0.002300,0.006300,0.000000
902,1.044545,0.998498,0.994300,0.893200,1076.000000,851028664.000000,1324570160.000000,237035520.000000,1572065280.000000,0.000700,0.000000,0.000000,0.000000,0.008500,0.000000,0.010500,0.000000,0.000000,0.000000,0.004100,0.001700,0.002200,0.006400,0.000000
903,1.045660,1.156200,1.154800,1.052900,1076.000000,851028704.000000,1324570160.000000,237035520.000000,1572065280.000000,0.000700,0.000000,0.000000,0.000000,0.010000,0.000000,0.034700,0.000000,0.000000,0.000000,0.009000,0.002700,0.002900,0.008600,0.000000
904,1.046885,1.217397,1.202200,1.099200,1076.000000,851028736.000000,1324570160.000000,237035520.000000,1572065280.000000,0.000600,0.000000,0.000000,0.000000,0.011500,0.000000,0.032400,0.000000,0.000000,0.000000,0.004600,0.001700,0.002200,0.006200,0.000000
905,1.048120,1.236806,1.241200,1.129100,1076.000000,851043264.000000,1324570160.000000,237035520.000000,1572065280.000000,0.000800,0.000000,0.000000,0.000000,0.010600,0.000000,0.011500,0.000000,0.000000,0.000000,0.004400,0.002000,0.002900,0.006500,0.000000
906,1.049135,1.030796,1.034700,0.930900,1076.000000,851035376.000000,1324570160.000000,237035520.000000,1572065280.000000,0.000800,0.000000,0.000000,0.000000,0.010000,0.000000,0.012800,0.000000,0.000000,0.000000,0.005000,0.002000,0.002600,0.006800,0.000000
907,1.050097,0.972697,0.972200,0.874300,1076.000000,851032760.000000,1324570160.000000,237035520.000000,1572065280.000000,0.000600,0.000000,0.000000,0.000000,0.009400,0.000000,0.010700,0.000000,0.000000,0.000000,0.003600,0.002000,0.002700,0.006100,0.000000
908,1.050997,0.904804,0.901500,0.805800,1076.000000,851032808.000000,1324570160.000000,237035520.000000,1572065280.000000,0.000600,0.000000,0.000000,0.000000,0.008800,0.000000,0.010200,0.000000,0.000000,0.000000,0.003400,0.001800,0.002100,0.006200,0.000000
909,1.051991,0.905300,0.904000,0.806600,1076.000000,851037376.000000,1324570160.000000,237035520.000000,1572065280.000000,0.000600,0.000000,0.000000,0.000000,0.008600,0.000000,0.010300,0.000000,0.000000,0.000000,0.003300,0.001900,0.002300,0.006000,0.000000
910,1.052998,1.079797,1.065600,0.967300,1076.000000,851036944.000000,1324570160.000000,237035520.000000,1572065280.000000,0.000700,0.000000,0.000000,0.000000,0.008900,0.000000,0.010700,0.000000,0.000000,0.000000,0.007500,0.001900,0.002800,0.007300,0.000000
911,1.053953,0.945500,0.951300,0.846000,1076.000000,851036984.000000,1324570160.000000,237035520.000000,1572065280.000000,0.000800,0.000000,0.000000,0.000000,0.009900,0.000000,0.011000,0.000000,0.000000,0.000000,0.004200,0.002400,0.002000,0.006500,0.000000
912,1.055303,1.347102,1.340500,1.241500,1076.000000,851038192.000000,1324570160.000000,237035520.000000,1572065280.000000,0.332400,0.043400,0.010500,0.118700,0.008900,0.017300,0.010800,0.013300,0.019300,0.022900,0.004000,0.002100,0.002200,0.005300,0.000000
913,1.056344,0.995500,0.987400,0.880100,1076.000000,851042728.000000,1324570160.000000,237035520.000000,1572065280.000000,0.000700,0.000000,0.000000,0.000000,0.010800,0.000000,0.011100,0.000000,0.000000,0.000000,0.003800,0.001700,0.002400,0.006700,0.000000
914,1.057425,1.093998,1.093100,0.983400,1076.000000,851047272.000000,1324570160.000000,237035520.000000,1572065280.000000,0.000700,0.000000,0.000000,0.000000,0.012500,0.000000,0.011000,0.000000,0.000000,0.000000,0.005500,0.001800,0.002700,0.006300,0.000000
915,1.058600,1.213903,1.210600,1.106000,1076.000000,851046448.000000,1324570160.000000,237035520.000000,1572065280.000000,0.000700,0.000000,0.000000,0.000000,0.009600,0.000000,0.010800,0.000000,0.000000,0.000000,0.007500,0.002500,0.002900,0.007600,0.000000
916,1.059509,0.926396,0.932600,0.829300,1076.000000,851045280.000000,1324570160.000000,237035520.000000,1572065280.000000,0.000700,0.000000,0.000000,0.000000,0.010300,0.000000,0.010800,0.000000,0.000000,0.000000,0.004500,0.002000,0.002400,0.006200,0.000000
917,1.060416,0.909899,0.909000,0.814800,1076.000000,851045728.000000,1324570160.000000,237035520.000000,1572065280.000000,0.000600,0.000000,0.000000,0.000000,0.009300,0.000000,0.011100,0.000000,0.000000,0.000000,0.003700,0.002200,0.002200,0.006100,0.000000
918,1.061355,0.924901,0.917100,0.823700,1076.000000,851045328.000000,1324570160.000000,237035520.000000,1572065280.000000,0.000600,0.000000,0.000000,0.000000,0.008700,0.000000,0.010400,0.000000,0.000000,0.000000,0.003500,0.001700,0.002100,0.006000,0.000000
919,1.062251,0.911699,0.912200,0.812900,1076.000000,851049464.000000,1324570160.000000,237035520.000000,1572065280.000000,0.000600,0.000000,0.000000,0.000000,0.009100,0.000000,0.010000,0.000000,0.000000,0.000000,0.004000,0.001800,0.002100,0.006100,0.000000
920,1.063218,0.953904,0.951900,0.855800,1076.000000,851049496.000000,1324570160.000000,237035520.000000,1572065280.000000,0.000700,0.000000,0.000000,0.000000,0.008900,0.000000,0.010700,0.000000,0.000000,0.000000,0.004200,0.002600,0.002100,0.006600,0.000000
921,1.064126,0.928394,0.926100,0.832600,1076.000000,851063872.000000,1324570160.000000,237035520.000000,1572065280.000000,0.000700,0.000000,0.000000,0.000000,0.008800,0.000000,0.010500,0.000000,0.000000,0.000000,0.004200,0.001800,0.002200,0.006000,0.000000
922,1.065063,0.934602,0.933700,0.840600,1076.000000,851051760.000000,1324570160.000000,237035520.000000,1572065280.000000,0.000800,0.000000,0.000000,0.000000,0.008300,0.000000,0.011200,0.000000,0.000000,0.000000,0.003600,0.002300,0.002200,0.006000,0.000000
923,1.065938,0.873200,0.871000,0.779600,1076.000000,851049144.000000,1324570160.000000,237035520.000000,1572065280.000000,0.000600,0.000000,0.000000,0.000000,0.008200,0.000000,0.010100,0.000000,0.000000,0.000000,0.003700,0.001800,0.002100,0.006400,0.000000
924,1.067017,1.045302,1.009600,0.910800,1076.000000,851049192.000000,1324570160.000000,237035520.000000,1572065280.000000,0.000600,0.000000,0.000000,0.000000,0.008300,0.000000,0.009900,0.000000,0.000000,0.000000,0.006800,0.001800,0.002300,0.006400,0.000000
925,1.068055,1.048101,1.060500,0.936400,1076.000000,851049664.000000,1324570160.000000,237035520.000000,1572065280.000000,0.000700,0.000000,0.000000,0.000000,0.010600,0.000000,0.011100,0.000000,0.000000,0.000000,0.003500,0.001900,0.002900,0.006300,0.000000
926,1.068979,0.950000,0.962500,0.852300,1076.000000,851053752.000000,1324570160.000000,237035520.000000,1572065280.000000,0.000600,0.000000,0.000000,0.000000,0.009800,0.000000,0.011900,0.000000,0.000000,0.000000,0.004100,0.001900,0.003000,0.005000,0.000000
927,1.069872,0.898101,0.898200,0.804500,1076.000000,851053368.000000,1324570160.000000,237035520.000000,1572065280.000000,0.000500,0.000000,0.000000,0.000000,0.008300,0.000000,0.010400,0.000000,0.000000,0.000000,0.003600,0.002500,0.006400,0.006300,0.000000
928,1.070900,1.020996,1.017500,0.925500,1076.000000,851063088.000000,1324570160.000000,237035520.000000,1572098048.000000,0.000500,0.000000,0.000000,0.000000,0.008400,0.000000,0.009800,0.000000,0.000000,0.000000,0.003500,0.002500,0.002300,0.006400,0.000000
929,1.072161,1.253904,1.249200,1.156000,1076.000000,851064976.000000,1324570160.000000,237035520.000000,1572098048.000000,0.328200,0.041300,0.011600,0.113800,0.008700,0.016900,0.010200,0.015200,0.019200,0.012500,0.003500,0.001800,0.002400,0.004500,0.000000
930,1.073093,0.934297,0.934200,0.841800,1076.000000,851065424.000000,1324570160.000000,237035520.000000,1572098048.000000,0.000800,0.000000,0.000000,0.000000,0.009600,0.000000,0.010000,0.000000,0.000000,0.000000,0.003500,0.001700,0.002300,0.006100,0.000000
931,1.074047,0.936203,0.932300,0.833000,1076.000000,851068696.000000,1324570160.000000,237035520.000000,1572098048.000000,0.000700,0.000000,0.000000,0.000000,0.008300,0.000000,0.011700,0.000000,0.000000,0.000000,0.003800,0.001800,0.002300,0.006300,0.000000
932,1.075020,0.922796,0.919100,0.827000,1076.000000,851072816.000000,1324570160.000000,237035520.000000,1572098048.000000,0.000500,0.000000,0.000000,0.000000,0.008600,0.000000,0.010500,0.000000,0.000000,0.000000,0.003700,0.002000,0.002200,0.006300,0.000000
933,1.075988,1.012698,1.007300,0.912000,1076.000000,851072888.000000,1324570160.000000,237035520.000000,1572098048.000000,0.000900,0.000000,0.000000,0.000000,0.010500,0.000000,0.010900,0.000000,0.000000,0.000000,0.004400,0.001900,0.002200,0.005600,0.000000
934,1.077172,1.177303,1.101900,1.002400,1076.000000,851072488.000000,1324570160.000000,237035520.000000,1572098048.000000,0.000500,0.000000,0.000000,0.000000,0.009400,0.000000,0.028500,0.000000,0.000000,0.000000,0.005400,0.002600,0.002600,0.007200,0.000000
935,1.078145,0.994097,1.064500,0.900300,1076.000000,851072528.000000,1324570160.000000,237035520.000000,1572098048.000000,0.000800,0.000000,0.000000,0.000000,0.010100,0.000000,0.068700,0.000000,0.000000,0.000000,0.004400,0.001900,0.002400,0.005800,0.000000
936,1.079343,1.087500,1.083900,0.986700,1076.000000,851072560.000000,1324570160.000000,237035520.000000,1572098048.000000,0.000700,0.000000,0.000000,0.000000,0.008600,0.000000,0.010300,0.000000,0.000000,0.000000,0.004100,0.001900,0.002300,0.006300,0.000000
937,1.080599,1.336905,1.326600,1.226300,1076.000000,851086936.000000,1324570160.000000,237035520.000000,1572098048.000000,0.001000,0.000000,0.000000,0.000000,0.009400,0.000000,0.135400,0.000000,0.000000,0.000000,0.007800,0.002000,0.002500,0.006400,0.000000
938,1.081775,1.181498,1.174300,1.064500,1076.000000,851078920.000000,1324570160.000000,237035520.000000,1572098048.000000,0.000900,0.000000,0.000000,0.000000,0.010400,0.000000,0.024600,0.000000,0.000000,0.000000,0.004600,0.002100,0.002700,0.007400,0.000000
939,1.083494,1.637500,1.531900,1.413500,1076.000000,851076304.000000,1324570160.000000,237035520.000000,1572098048.000000,0.000800,0.000000,0.000000,0.000000,0.010200,0.000000,0.042500,0.000000,0.000000,0.000000,0.004900,0.002800,0.002600,0.007200,0.000000
940,1.084791,1.350496,1.440500,1.266000,1076.000000,851076776.000000,1324570160.000000,237035520.000000,1572098048.000000,0.000900,0.000000,0.000000,0.000000,0.049400,0.000000,0.040600,0.000000,0.000000,0.000000,0.006800,0.002700,0.003500,0.009300,0.000000
941,1.085993,1.225602,1.236000,1.117300,1076.000000,851076824.000000,1324570160.000000,237035520.000000,1572098048.000000,0.001000,0.000000,0.000000,0.000000,0.010900,0.000000,0.028200,0.000000,0.000000,0.000000,0.006600,0.002200,0.003100,0.008300,0.000000
942,1.087341,1.351800,1.343000,1.232500,1076.000000,851076392.000000,1324570160.000000,237035520.000000,1572098048.000000,0.000900,0.000000,0.000000,0.000000,0.010100,0.000000,0.010900,0.000000,0.000000,0.000000,0.006000,0.002000,0.002900,0.007600,0.000000
943,1.088968,1.639201,1.641100,1.529100,1076.000000,851076872.000000,1324570160.000000,237035520.000000,1572098048.000000,0.550700,0.044400,0.012100,0.138300,0.010900,0.022100,0.010900,0.017600,0.020300,0.023900,0.005000,0.002700,0.003000,0.006200,0.000000
944,1.089934,0.979599,0.980600,0.874400,1076.000000,851076888.000000,1324570160.000000,237035520.000000,1572098048.000000,0.000700,0.000000,0.000000,0.000000,0.011600,0.000000,0.010900,0.000000,0.000000,0.000000,0.004200,0.002100,0.002800,0.006600,0.000000
945,1.090876,0.941504,0.943800,0.841800,1076.000000,851081424.000000,1324570160.000000,237035520.000000,1572098048.000000,0.000600,0.000000,0.000000,0.000000,0.009700,0.000000,0.011600,0.000000,0.000000,0.000000,0.003900,0.002700,0.002100,0.006600,0.000000
946,1.091904,1.018700,1.014600,0.916500,1076.000000,851081872.000000,1324570160.000000,237035520.000000,1572098048.000000,0.000700,0.000000,0.000000,0.000000,0.009000,0.000000,0.010300,0.000000,0.000000,0.000000,0.003800,0.001800,0.002100,0.006400,0.000000
947,1.092894,0.964994,0.957200,0.858500,1076.000000,851084704.000000,1324570160.000000,237035520.000000,1572098048.000000,0.000700,0.000000,0.000000,0.000000,0.009000,0.000000,0.010600,0.000000,0.000000,0.000000,0.003800,0.001800,0.002100,0.006600,0.000000
948,1.093890,1.009106,1.011300,0.908500,1076.000000,851088824.000000,1324570160.000000,237035520.000000,1572098048.000000,0.000700,0.000000,0.000000,0.000000,0.010900,0.000000,0.011900,0.000000,0.000000,0.000000,0.004300,0.002400,0.002100,0.006400,0.000000
949,1.094792,0.934198,0.934200,0.836300,1076.000000,851089400.000000,1324570160.000000,237035520.000000,1572098048.000000,0.000600,0.000000,0.000000,0.000000,0.009100,0.000000,0.010800,0.000000,0.000000,0.000000,0.004400,0.001700,0.002100,0.006300,0.000000
950,1.095745,0.950397,0.903600,0.807600,1076.000000,851089000.000000,1324570160.000000,237035520.000000,1572098048.000000,0.000600,0.000000,0.000000,0.000000,0.008800,0.000000,0.010500,0.000000,0.000000,0.000000,0.004000,0.002500,0.002000,0.006400,0.000000
951,1.097658,1.641199,1.140300,0.998300,1076.000000,851093136.000000,1324570160.000000,237035520.000000,1572098048.000000,0.000700,0.000000,0.000000,0.000000,0.009000,0.000000,0.010200,0.000000,0.000000,0.000000,0.003900,0.002400,0.002100,0.006600,0.000000
952,1.098869,1.440101,1.957600,1.327100,1076.000000,851093168.000000,1324570160.000000,237035520.000000,1572098048.000000,0.000900,0.000000,0.000000,0.000000,0.021000,0.000000,0.013200,0.000000,0.000000,0.000000,0.010500,0.004000,0.004500,0.011800,0.000000
953,1.099936,1.092701,1.099000,0.979300,1076.000000,851107696.000000,1324570160.000000,237035520.000000,1572098048.000000,0.001000,0.000000,0.000000,0.000000,0.011300,0.000000,0.012300,0.000000,0.000000,0.000000,0.004600,0.002600,0.003000,0.007400,0.000000
954,1.100932,0.990604,0.992800,0.884600,1076.000000,851096008.000000,1324570160.000000,237035520.000000,1572098048.000000,0.000700,0.000000,0.000000,0.000000,0.009900,0.000000,0.014400,0.000000,0.000000,0.000000,0.004300,0.002200,0.002500,0.007200,0.000000
955,1.102117,1.181498,1.176700,1.072700,1076.000000,851092968.000000,1324570160.000000,237035520.000000,1572098048.000000,0.000700,0.000000,0.000000,0.000000,0.010900,0.000000,0.011200,0.000000,0.000000,0.000000,0.004800,0.001800,0.002500,0.006400,0.000000
956,1.103107,1.004202,1.006900,0.901300,1076.000000,851093016.000000,1324570160.000000,237035520.000000,1572098048.000000,0.000600,0.000000,0.000000,0.000000,0.010000,0.000000,0.011200,0.000000,0.000000,0.000000,0.004500,0.002100,0.002800,0.006700,0.000000
957,1.104100,0.999398,0.993400,0.893400,1076.000000,851093488.000000,1324570160.000000,237035520.000000,1572098048.000000,0.000700,0.000000,0.000000,0.000000,0.009900,0.000000,0.011000,0.000000,0.000000,0.000000,0.004500,0.002100,0.002300,0.006200,0.000000
958,1.105459,1.342198,1.337600,1.232300,1076.000000,851099344.000000,1324570160.000000,237035520.000000,1572098048.000000,0.370600,0.043300,0.012000,0.127200,0.009500,0.019400,0.010600,0.020100,0.024600,0.024000,0.004500,0.002300,0.002300,0.005600,0.000000
959,1.106805,1.353600,1.351200,1.244800,1076.000000,851098312.000000,1324570160.000000,237035520.000000,1572098048.000000,0.000700,0.000000,0.000000,0.000000,0.011100,0.000000,0.010800,0.000000,0.000000,0.000000,0.004700,0.001800,0.002400,0.006700,0.000000
960,1.107868,1.061699,1.054700,0.950500,1076.000000,851099400.000000,1324570160.000000,237035520.000000,1572098048.000000,0.000700,0.000000,0.000000,0.000000,0.009800,0.000000,0.010800,0.000000,0.000000,0.000000,0.003900,0.002700,0.002400,0.007100,0.000000
961,1.108846,0.985502,0.993100,0.887300,1076.000000,851099856.000000,1324570160.000000,237035520.000000,1572098048.000000,0.000500,0.000000,0.000000,0.000000,0.009300,0.000000,0.010700,0.000000,0.000000,0.000000,0.003700,0.002100,0.002500,0.007000,0.000000
962,1.109965,1.104202,0.953000,0.856200,1076.000000,851098224.000000,1324570160.000000,237035520.000000,1572098048.000000,0.000500,0.000000,0.000000,0.000000,0.009100,0.000000,0.010500,0.000000,0.000000,0.000000,0.003700,0.001900,0.002300,0.006500,0.000000
963,1.110969,1.003501,1.146000,0.904400,1076.000000,851097400.000000,1324570160.000000,237035520.000000,1572098048.000000,0.000600,0.000000,0.000000,0.000000,0.010800,0.000000,0.011200,0.000000,0.000000,0.000000,0.004500,0.002100,0.002400,0.007500,0.000000
964,1.111967,1.003798,0.998900,0.896800,1076.000000,851101520.000000,1324570160.000000,237035520.000000,1572163584.000000,0.000700,0.000000,0.000000,0.000000,0.009100,0.000000,0.010900,0.000000,0.000000,0.000000,0.004200,0.002000,0.002100,0.006500,0.000000
965,1.112963,1.004202,1.000200,0.896900,1076.000000,851106064.000000,1324570160.000000,237035520.000000,1572163584.000000,0.000700,0.000000,0.000000,0.000000,0.009800,0.000000,0.011400,0.000000,0.000000,0.000000,0.003900,0.002300,0.002300,0.006800,0.000000
966,1.113989,1.007596,1.009600,0.906500,1076.000000,851105664.000000,1324570160.000000,237035520.000000,1572163584.000000,0.000800,0.000000,0.000000,0.000000,0.009500,0.000000,0.011100,0.000000,0.000000,0.000000,0.004000,0.002500,0.002600,0.006900,0.000000
967,1.114961,1.000404,0.999500,0.902000,1076.000000,851105704.000000,1324570160.000000,237035520.000000,1572163584.000000,0.000700,0.000000,0.000000,0.000000,0.009200,0.000000,0.010700,0.000000,0.000000,0.000000,0.004200,0.001700,0.002400,0.006500,0.000000
968,1.115900,0.931498,0.930300,0.833800,1076.000000,851106160.000000,1324570160.000000,237035520.000000,1572163584.000000,0.000600,0.000000,0.000000,0.000000,0.008800,0.000000,0.012400,0.000000,0.000000,0.000000,0.003900,0.002400,0.002400,0.006500,0.000000
969,1.117060,1.129698,1.093300,0.993100,1076.000000,851120128.000000,1324570160.000000,237035520.000000,1572163584.000000,0.000700,0.000000,0.000000,0.000000,0.008700,0.000000,0.012700,0.000000,0.000000,0.000000,0.003700,0.001800,0.002100,0.006500,0.000000
970,1.118077,1.041603,1.064400,0.936900,1076.000000,851112128.000000,1324570160.000000,237035520.000000,1572163584.000000,0.000700,0.000000,0.000000,0.000000,0.010600,0.000000,0.012300,0.000000,0.000000,0.000000,0.004700,0.002200,0.002700,0.006600,0.000000
971,1.119032,0.962500,0.966300,0.863600,1076.000000,851109512.000000,1324570160.000000,237035520.000000,1572163584.000000,0.000500,0.000000,0.000000,0.000000,0.009900,0.000000,0.011100,0.000000,0.000000,0.000000,0.004200,0.001900,0.002500,0.006300,0.000000
972,1.119972,0.944402,0.942200,0.847000,1076.000000,851109560.000000,1324570160.000000,237035520.000000,1572163584.000000,0.000700,0.000000,0.000000,0.000000,0.009400,0.000000,0.010700,0.000000,0.000000,0.000000,0.004000,0.001700,0.002100,0.006100,0.000000
973,1.120896,0.930598,0.929000,0.821900,1076.000000,851110016.000000,1324570160.000000,237035520.000000,1572163584.000000,0.000600,0.000000,0.000000,0.000000,0.009000,0.000000,0.010500,0.000000,0.000000,0.000000,0.003900,0.001800,0.002000,0.006200,0.000000
974,1.122152,1.238598,1.232000,1.136500,1076.000000,851109720.000000,1324570160.000000,237035520.000000,1572163584.000000,0.302700,0.040300,0.011200,0.101000,0.008600,0.016800,0.010000,0.014000,0.019600,0.011600,0.003900,0.001900,0.002200,0.004300,0.000000
975,1.123065,0.922598,0.925600,0.828000,1076.000000,851109760.000000,1324570160.000000,237035520.000000,1572163584.000000,0.000700,0.000000,0.000000,0.000000,0.010200,0.000000,0.010300,0.000000,0.000000,0.000000,0.003800,0.001800,0.002500,0.006300,0.000000
976,1.123985,0.926006,0.919400,0.826300,1076.000000,851109776.000000,1324570160.000000,237035520.000000,1572163584.000000,0.000800,0.000000,0.000000,0.000000,0.008700,0.000000,0.009700,0.000000,0.000000,0.000000,0.003600,0.001800,0.002400,0.006100,0.000000
977,1.124891,0.897194,0.896800,0.800000,1076.000000,851114312.000000,1324570160.000000,237035520.000000,1572163584.000000,0.000600,0.000000,0.000000,0.000000,0.008500,0.000000,0.010200,0.000000,0.000000,0.000000,0.005100,0.001800,0.002200,0.006400,0.000000
978,1.125820,0.934602,0.925900,0.830400,1076.000000,851114640.000000,1324570160.000000,237035520.000000,1572163584.000000,0.000800,0.000000,0.000000,0.000000,0.009300,0.000000,0.010000,0.000000,0.000000,0.000000,0.003600,0.001600,0.002100,0.006100,0.000000
979,1.126693,0.875999,0.883700,0.784100,1076.000000,851113816.000000,1324570160.000000,237035520.000000,1572163584.000000,0.000600,0.000000,0.000000,0.000000,0.008600,0.000000,0.010300,0.000000,0.000000,0.000000,0.003800,0.001800,0.002100,0.006100,0.000000
980,1.127574,0.882901,0.880800,0.791400,1076.000000,851113840.000000,1324570160.000000,237035520.000000,1572163584.000000,0.000700,0.000000,0.000000,0.000000,0.008300,0.000000,0.009700,0.000000,0.000000,0.000000,0.003900,0.001700,0.002000,0.006200,0.000000
981,1.128435,0.860899,0.845500,0.756200,1076.000000,851114288.000000,1324570160.000000,237035520.000000,1572163584.000000,0.000600,0.000000,0.000000,0.000000,0.008300,0.000000,0.010600,0.000000,0.000000,0.000000,0.003600,0.001700,0.002100,0.006100,0.000000
982,1.130052,1.445805,1.408000,1.149100,1076.000000,851118432.000000,1324570160.000000,237035520.000000,1572163584.000000,0.000600,0.000000,0.000000,0.000000,0.008000,0.000000,0.090200,0.000000,0.000000,0.000000,0.003500,0.002000,0.002000,0.006100,0.000000
983,1.131437,1.537599,1.552500,1.401900,1076.000000,851122104.000000,1324570160.000000,237035520.000000,1572163584.000000,0.073700,0.000000,0.000000,0.000000,0.010200,0.000000,0.098000,0.000000,0.000000,0.000000,0.005800,0.001900,0.002900,0.006900,0.000000
984,1.132777,1.304599,1.310600,1.185400,1076.000000,851122152.000000,1324570160.000000,237035520.000000,1572163584.000000,0.000600,0.000000,0.000000,0.000000,0.009500,0.000000,0.011300,0.000000,0.000000,0.000000,0.004300,0.001900,0.002500,0.006900,0.000000
985,1.134048,1.268800,1.270400,1.155400,1076.000000,851136512.000000,1324570160.000000,237035520.000000,1572163584.000000,0.000800,0.000000,0.000000,0.000000,0.011300,0.000000,0.037000,0.000000,0.000000,0.000000,0.004700,0.002400,0.003100,0.007500,0.000000
986,1.135250,1.242198,1.203100,1.095400,1076.000000,851124416.000000,1324570160.000000,237035520.000000,1572163584.000000,0.000900,0.000000,0.000000,0.000000,0.010100,0.000000,0.013000,0.000000,0.000000,0.000000,0.004600,0.002100,0.002700,0.007000,0.000000
987,1.136355,1.091901,1.115700,0.967800,1076.000000,851121800.000000,1324570160.000000,237035520.000000,1572163584.000000,0.000700,0.000000,0.000000,0.000000,0.009400,0.000000,0.010700,0.000000,0.000000,0.000000,0.004300,0.001900,0.002600,0.005000,0.000000
988,1.137425,1.077700,1.085600,0.969000,1076.000000,851121848.000000,1324570160.000000,237035520.000000,1572163584.000000,0.000600,0.000000,0.000000,0.000000,0.010000,0.000000,0.023900,0.000000,0.000000,0.000000,0.005100,0.002700,0.002800,0.007300,0.000000
989,1.138908,1.476098,1.458300,1.344800,1076.000000,851122960.000000,1324570160.000000,237035520.000000,1572163584.000000,0.311900,0.041600,0.011900,0.100500,0.010000,0.018700,0.060200,0.014200,0.019400,0.012100,0.004200,0.002100,0.002500,0.005200,0.000000
990,1.140219,1.308603,1.319500,1.198900,1076.000000,851115880.000000,1324570160.000000,237035520.000000,1572163584.000000,0.000600,0.000000,0.000000,0.000000,0.012400,0.000000,0.063600,0.000000,0.000000,0.000000,0.004400,0.002500,0.002300,0.006900,0.000000
991,1.141380,1.161699,1.158700,1.051900,1076.000000,851115920.000000,1324570160.000000,237035520.000000,1572163584.000000,0.000700,0.000000,0.000000,0.000000,0.010100,0.000000,0.036200,0.000000,0.000000,0.000000,0.004700,0.002600,0.002500,0.006900,0.000000
992,1.142737,1.299001,1.267300,1.153400,1076.000000,851115936.000000,1324570160.000000,237035520.000000,1572163584.000000,0.000700,0.000000,0.000000,0.000000,0.010300,0.000000,0.047700,0.000000,0.000000,0.000000,0.004500,0.001900,0.002500,0.006800,0.000000
993,1.143811,1.133999,1.157800,1.027900,1076.000000,851115752.000000,1324570160.000000,237035520.000000,1572163584.000000,0.000700,0.000000,0.000000,0.000000,0.014000,0.000000,0.013100,0.000000,0.000000,0.000000,0.005900,0.002700,0.002700,0.007200,0.000000
994,1.144995,1.190398,1.190500,1.083000,1076.000000,851120296.000000,1324570160.000000,237035520.000000,1572163584.000000,0.000700,0.000000,0.000000,0.000000,0.010100,0.000000,0.023600,0.000000,0.000000,0.000000,0.005000,0.002000,0.002100,0.006600,0.000000
995,1.146565,1.541100,1.147200,1.041700,1076.000000,851119472.000000,1324570160.000000,237035520.000000,1572163584.000000,0.000700,0.000000,0.000000,0.000000,0.010100,0.000000,0.083000,0.000000,0.000000,0.000000,0.004400,0.002700,0.002600,0.007000,0.000000
996,1.147882,1.319501,1.695800,1.201300,1076.000000,851124016.000000,1324570160.000000,237035520.000000,1572163584.000000,0.000600,0.000000,0.000000,0.000000,0.010200,0.000000,0.024600,0.000000,0.000000,0.000000,0.004700,0.002100,0.002600,0.007900,0.000000
997,1.149012,1.094104,1.096800,0.981200,1076.000000,851124040.000000,1324570160.000000,237035520.000000,1572163584.000000,0.000700,0.000000,0.000000,0.000000,0.011200,0.000000,0.107400,0.000000,0.000000,0.000000,0.004900,0.002200,0.003000,0.007200,0.000000
998,1.150125,1.155400,1.152600,1.040000,1076.000000,851123640.000000,1324570160.000000,237035520.000000,1572163584.000000,0.000500,0.000000,0.000000,0.000000,0.010100,0.000000,0.010700,0.000000,0.000000,0.000000,0.006700,0.002200,0.003200,0.006900,0.000000
999,1.151287,1.148498,1.137300,1.026700,1076.000000,851127760.000000,1324570160.000000,237035520.000000,1572163584.000000,0.000700,0.000000,0.000000,0.000000,0.010300,0.000000,0.048500,0.000000,0.000000,0.000000,0.004500,0.002100,0.002500,0.007300,0.000000
1000,1.152834,1.486799,1.473300,1.347900,1076.000000,851127808.000000,1324570160.000000,237035520.000000,1572163584.000000,0.000700,0.000000,0.000000,0.000000,0.012800,0.000000,0.091400,0.000000,0.000000,0.000000,0.005400,0.002900,0.002800,0.007800,0.000000
1001,1.154531,1.719700,1.716800,1.581300,1076.000000,851142296.000000,1324570160.000000,237035520.000000,1572163584.000000,0.000900,0.000000,0.000000,0.000000,0.012100,0.000000,0.031800,0.000000,0.000000,0.000000,0.012500,0.004800,0.006200,0.013900,0.000000
1002,1.156150,1.651602,1.656700,1.524200,1076.000000,851134576.000000,1324570160.000000,237035520.000000,1572163584.000000,0.350100,0.044300,0.012600,0.118900,0.011800,0.020300,0.012900,0.014500,0.020400,0.015600,0.005000,0.002700,0.003500,0.006900,0.000000
1003,1.157477,1.332802,1.323600,1.196800,1076.000000,851131960.000000,1324570160.000000,237035520.000000,1572163584.000000,0.000900,0.000000,0.000000,0.000000,0.012300,0.000000,0.112700,0.000000,0.000000,0.000000,0.004700,0.002300,0.003200,0.006500,0.000000
1004,1.158877,1.367000,1.341000,1.204500,1076.000000,851132008.000000,1324570160.000000,237035520.000000,1572163584.000000,0.000700,0.000000,0.000000,0.000000,0.011400,0.000000,0.033900,0.000000,0.000000,0.000000,0.005000,0.002500,0.003300,0.007900,0.000000
1005,1.160229,1.350099,1.352100,1.201100,1076.000000,851132464.000000,1324570160.000000,237035520.000000,1572163584.000000,0.000700,0.000000,0.000000,0.000000,0.013800,0.000000,0.010900,0.000000,0.000000,0.000000,0.005300,0.002500,0.003400,0.007900,0.000000
1006,1.161430,1.248498,1.258100,1.116300,1076.000000,851131800.000000,1324570160.000000,237035520.000000,1572163584.000000,0.000800,0.000000,0.000000,0.000000,0.013300,0.000000,0.043200,0.000000,0.000000,0.000000,0.005800,0.003100,0.003200,0.007400,0.000000
1007,1.162673,1.262302,1.254400,1.123300,1076.000000,851131840.000000,1324570160.000000,237035520.000000,1572163584.000000,0.000800,0.000000,0.000000,0.000000,0.009900,0.000000,0.011200,0.000000,0.000000,0.000000,0.004900,0.002500,0.003200,0.007100,0.000000
1008,1.163868,1.178097,1.174100,1.039400,1076.000000,851131856.000000,1324570160.000000,237035520.000000,1572163584.000000,0.000700,0.000000,0.000000,0.000000,0.009300,0.000000,0.028300,0.000000,0.000000,0.000000,0.003900,0.002000,0.003200,0.007300,0.000000
1009,1.164944,1.089505,1.116800,0.982100,1076.000000,851136392.000000,1324570160.000000,237035520.000000,1572163584.000000,0.000700,0.000000,0.000000,0.000000,0.010000,0.000000,0.041000,0.000000,0.000000,0.000000,0.004800,0.002000,0.002500,0.007100,0.000000
1010,1.166366,1.336395,1.291400,1.178200,1076.000000,851137392.000000,1324570160.000000,237035520.000000,1572163584.000000,0.000800,0.000000,0.000000,0.000000,0.009600,0.000000,0.013100,0.000000,0.000000,0.000000,0.004400,0.002000,0.002600,0.006600,0.000000
1011,1.167842,1.462606,1.463900,1.315700,1076.000000,851140240.000000,1324570160.000000,237035520.000000,1572163584.000000,0.000700,0.000000,0.000000,0.000000,0.013500,0.000000,0.027700,0.000000,0.000000,0.000000,0.007400,0.002900,0.003100,0.008300,0.000000
1012,1.168975,1.234198,1.258400,1.118600,1076.000000,851140264.000000,1324570160.000000,237035520.000000,1572163584.000000,0.001000,0.000000,0.000000,0.000000,0.010500,0.000000,0.063100,0.000000,0.000000,0.000000,0.008500,0.002500,0.003200,0.008400,0.000000
1013,1.170084,1.107200,1.116500,1.002800,1076.000000,851140712.000000,1324570160.000000,237035520.000000,1572163584.000000,0.000700,0.000000,0.000000,0.000000,0.009600,0.000000,0.026200,0.000000,0.000000,0.000000,0.004300,0.002100,0.002200,0.006300,0.000000
1014,1.171151,1.068998,1.063800,0.962800,1076.000000,851140312.000000,1324570160.000000,237035520.000000,1572163584.000000,0.000700,0.000000,0.000000,0.000000,0.009800,0.000000,0.040500,0.000000,0.000000,0.000000,0.004500,0.001900,0.002400,0.006400,0.000000
1015,1.172676,1.489002,1.470400,1.360300,1076.000000,851145176.000000,1324570160.000000,237035520.000000,1572163584.000000,0.412000,0.044300,0.011700,0.180500,0.009500,0.018900,0.010700,0.014700,0.020300,0.021400,0.004500,0.002300,0.002400,0.005700,0.000000
1016,1.173766,1.090200,1.098900,0.976600,1076.000000,851149296.000000,1324570160.000000,237035520.000000,1572163584.000000,0.000700,0.000000,0.000000,0.000000,0.015100,0.000000,0.011500,0.000000,0.000000,0.000000,0.004300,0.002000,0.003000,0.007000,0.000000
1017,1.174801,1.075503,1.081000,0.974900,1076.000000,851163680.000000,1324570160.000000,237035520.000000,1572163584.000000,0.000700,0.000000,0.000000,0.000000,0.010000,0.000000,0.012000,0.000000,0.000000,0.000000,0.004700,0.001900,0.002300,0.007000,0.000000
1018,1.175737,0.948895,0.950200,0.852400,1076.000000,851151584.000000,1324570160.000000,237035520.000000,1572163584.000000,0.000800,0.000000,0.000000,0.000000,0.009500,0.000000,0.011800,0.000000,0.000000,0.000000,0.004100,0.001800,0.002200,0.006000,0.000000
1019,1.176915,1.154103,1.120900,1.024500,1076.000000,851148264.000000,1324570160.000000,237035520.000000,1572163584.000000,0.000700,0.000000,0.000000,0.000000,0.008400,0.000000,0.010900,0.000000,0.000000,0.000000,0.003900,0.002500,0.002400,0.006400,0.000000
1020,1.178021,1.111898,1.132000,1.006600,1076.000000,851148312.000000,1324570160.000000,237035520.000000,1572163584.000000,0.000700,0.000000,0.000000,0.000000,0.010300,0.000000,0.010600,0.000000,0.000000,0.000000,0.004400,0.002500,0.002900,0.006900,0.000000
1021,1.179104,1.071003,1.014900,0.912200,1076.000000,851148768.000000,1324570160.000000,237035520.000000,1572163584.000000,0.000700,0.000000,0.000000,0.000000,0.009800,0.000000,0.011300,0.000000,0.000000,0.000000,0.004100,0.001900,0.002600,0.006900,0.000000
1022,1.181050,1.832901,1.875000,1.584100,1076.000000,851152448.000000,1324570160.000000,237035520.000000,1572163584.000000,0.000700,0.000000,0.000000,0.000000,0.010200,0.000000,0.011100,0.000000,0.000000,0.000000,0.004600,0.002200,0.002300,0.006800,0.000000
1023,1.182287,1.229500,1.227600,1.116400,1076.000000,851152488.000000,1324570160.000000,237035520.000000,1572163584.000000,0.000800,0.000000,0.000000,0.000000,0.010100,0.000000,0.011100,0.000000,0.000000,0.000000,0.006600,0.002100,0.002600,0.007800,0.000000
1024,1.183690,1.511898,1.415200,1.303600,1076.000000,851152928.000000,1324570160.000000,237035520.000000,1572163584.000000,0.000700,0.000000,0.000000,0.000000,0.063100,0.000000,0.023500,0.000000,0.000000,0.000000,0.005000,0.002000,0.002700,0.007500,0.000000
1025,1.184801,1.140597,1.195400,0.994900,1076.000000,851152944.000000,1324570160.000000,237035520.000000,1572163584.000000,0.000700,0.000000,0.000000,0.000000,0.010400,0.000000,0.012800,0.000000,0.000000,0.000000,0.005100,0.001900,0.002700,0.006600,0.000000
1026,1.185819,1.022300,1.069000,0.924600,1076.000000,851153392.000000,1324570160.000000,237035520.000000,1572163584.000000,0.000700,0.000000,0.000000,0.000000,0.009600,0.000000,0.010700,0.000000,0.000000,0.000000,0.003900,0.002400,0.002500,0.006600,0.000000
1027,1.186939,1.087401,1.076200,0.980400,1076.000000,851152568.000000,1324570160.000000,237035520.000000,1572163584.000000,0.000700,0.000000,0.000000,0.000000,0.008900,0.000000,0.020300,0.000000,0.000000,0.000000,0.003500,0.001800,0.002400,0.006300,0.000000
1028,1.188014,1.094402,1.093300,0.989000,1076.000000,851156688.000000,1324570160.000000,237035520.000000,1572233216.000000,0.000700,0.000000,0.000000,0.000000,0.009900,0.000000,0.011300,0.000000,0.000000,0.000000,0.004300,0.002500,0.002500,0.007200,0.000000
1029,1.189409,1.397102,1.396000,1.293400,1076.000000,851157488.000000,1324570160.000000,237035520.000000,1572233216.000000,0.358800,0.041700,0.012500,0.134700,0.010200,0.020300,0.012200,0.014600,0.019600,0.025900,0.004000,0.002300,0.002800,0.005700,0.000000
1030,1.190387,0.981796,0.978500,0.879600,1076.000000,851157088.000000,1324570160.000000,237035520.000000,1572233216.000000,0.000600,0.000000,0.000000,0.000000,0.011100,0.000000,0.011200,0.000000,0.000000,0.000000,0.004400,0.002000,0.002400,0.006300,0.000000
1031,1.191385,0.960204,0.953500,0.853600,1076.000000,851157112.000000,1324570160.000000,237035520.000000,1572233216.000000,0.000600,0.000000,0.000000,0.000000,0.009500,0.000000,0.010900,0.000000,0.000000,0.000000,0.004300,0.001700,0.002500,0.006400,0.000000
1032,1.192424,1.055896,1.056200,0.953400,1076.000000,851157136.000000,1324570160.000000,237035520.000000,1572233216.000000,0.000800,0.000000,0.000000,0.000000,0.011900,0.000000,0.011100,0.000000,0.000000,0.000000,0.005400,0.002400,0.002600,0.007500,0.000000
1033,1.193438,1.040405,1.041700,0.940400,1076.000000,851175288.000000,1324570160.000000,237035520.000000,1572233216.000000,0.000700,0.000000,0.000000,0.000000,0.011700,0.000000,0.011300,0.000000,0.000000,0.000000,0.004200,0.002000,0.002200,0.006800,0.000000
1034,1.194459,0.990200,0.988300,0.893100,1076.000000,851167288.000000,1324570160.000000,237035520.000000,1572233216.000000,0.000700,0.000000,0.000000,0.000000,0.009200,0.000000,0.011200,0.000000,0.000000,0.000000,0.004000,0.001700,0.002300,0.006300,0.000000
1035,1.195431,1.013995,1.012000,0.916500,1076.000000,851164672.000000,1324570160.000000,237035520.000000,1572233216.000000,0.000600,0.000000,0.000000,0.000000,0.008600,0.000000,0.010200,0.000000,0.000000,0.000000,0.004400,0.001700,0.002200,0.006500,0.000000
1036,1.196759,1.275602,0.967700,0.865300,1076.000000,851164720.000000,1324570160.000000,237035520.000000,1572233216.000000,0.000700,0.000000,0.000000,0.000000,0.008600,0.000000,0.010100,0.000000,0.000000,0.000000,0.003600,0.001700,0.002200,0.006300,0.000000
1037,1.198431,1.668502,1.945300,1.544500,1076.000000,851174880.000000,1324570160.000000,237035520.000000,1572233216.000000,0.000900,0.000000,0.000000,0.000000,0.011600,0.000000,0.012600,0.000000,0.000000,0.000000,0.004900,0.002200,0.002500,0.007200,0.000000
1038,1.199560,1.160998,1.169500,1.050000,1076.000000,851175960.000000,1324570160.000000,237035520.000000,1572233216.000000,0.000700,0.000000,0.000000,0.000000,0.011200,0.000000,0.013500,0.000000,0.000000,0.000000,0.006900,0.003000,0.003700,0.008000,0.000000
1039,1.200544,0.994799,0.999800,0.890700,1076.000000,851175576.000000,1324570160.000000,237035520.000000,1572233216.000000,0.000600,0.000000,0.000000,0.000000,0.010200,0.000000,0.012600,0.000000,0.000000,0.000000,0.004000,0.002200,0.003200,0.006900,0.000000
1040,1.201500,0.961302,0.957400,0.857700,1076.000000,851175592.000000,1324570160.000000,237035520.000000,1572233216.000000,0.000600,0.000000,0.000000,0.000000,0.009000,0.000000,0.010900,0.000000,0.000000,0.000000,0.003500,0.001900,0.002300,0.006700,0.000000
1041,1.202483,0.988896,0.989500,0.888600,1076.000000,851180128.000000,1324570160.000000,237035520.000000,1572233216.000000,0.000600,0.000000,0.000000,0.000000,0.008700,0.000000,0.011000,0.000000,0.000000,0.000000,0.003600,0.001800,0.002200,0.004900,0.000000
1042,1.203437,0.957901,0.954800,0.857500,1076.000000,851180576.000000,1324570160.000000,237035520.000000,1572233216.000000,0.000500,0.000000,0.000000,0.000000,0.008800,0.000000,0.009700,0.000000,0.000000,0.000000,0.003400,0.002400,0.002200,0.006600,0.000000
1043,1.204408,0.932405,0.935000,0.837200,1076.000000,851179752.000000,1324570160.000000,237035520.000000,1572233216.000000,0.000500,0.000000,0.000000,0.000000,0.008400,0.000000,0.010200,0.000000,0.000000,0.000000,0.003700,0.002700,0.002300,0.006300,0.000000
1044,1.205908,1.521195,1.499000,1.403100,1076.000000,851180192.000000,1324570160.000000,237035520.000000,1572233216.000000,0.394800,0.054300,0.013000,0.155300,0.009500,0.019700,0.011000,0.015600,0.023900,0.013600,0.004600,0.002400,0.002200,0.006300,0.000000
1045,1.206927,1.000602,1.013300,0.900300,1128.000000,851180640.000000,1324570160.000000,237035520.000000,1572233216.000000,0.000600,0.000000,0.000000,0.000000,0.010300,0.000000,0.011600,0.000000,0.000000,0.000000,0.003500,0.002100,0.002200,0.006900,0.000000
1046,1.207910,0.995897,0.992900,0.894600,1076.000000,851180240.000000,1324570160.000000,237035520.000000,1572233216.000000,0.000600,0.000000,0.000000,0.000000,0.011500,0.000000,0.010800,0.000000,0.000000,0.000000,0.004100,0.002000,0.002200,0.006400,0.000000
1047,1.209127,1.210105,1.000600,0.903400,1076.000000,851184360.000000,1324570160.000000,237035520.000000,1572233216.000000,0.000700,0.000000,0.000000,0.000000,0.009700,0.000000,0.011400,0.000000,0.000000,0.000000,0.004600,0.001800,0.002400,0.006800,0.000000
1048,1.210126,1.012996,1.214200,0.914300,1076.000000,851184032.000000,1324570160.000000,237035520.000000,1572233216.000000,0.000800,0.000000,0.000000,0.000000,0.010000,0.000000,0.011900,0.000000,0.000000,0.000000,0.004400,0.002100,0.002600,0.006800,0.000000
1049,1.211118,0.991001,0.989600,0.889500,1076.000000,851198536.000000,1324570160.000000,237035520.000000,1572233216.000000,0.000700,0.000000,0.000000,0.000000,0.009400,0.000000,0.011500,0.000000,0.000000,0.000000,0.004200,0.002300,0.002400,0.006700,0.000000
1050,1.212232,1.056300,1.044300,0.941000,1076.000000,851190536.000000,1324570160.000000,237035520.000000,1572233216.000000,0.000800,0.000000,0.000000,0.000000,0.009100,0.000000,0.011800,0.000000,0.000000,0.000000,0.004400,0.001800,0.002400,0.005900,0.000000
1051,1.213399,1.197605,1.181800,1.068200,1076.000000,851187920.000000,1324570160.000000,237035520.000000,1572233216.000000,0.000900,0.000000,0.000000,0.000000,0.010300,0.000000,0.011800,0.000000,0.000000,0.000000,0.008700,0.002200,0.003400,0.008200,0.000000
1052,1.214414,1.019997,1.032000,0.911000,1076.000000,851188392.000000,1324570160.000000,237035520.000000,1572233216.000000,0.000800,0.000000,0.000000,0.000000,0.011400,0.000000,0.013500,0.000000,0.000000,0.000000,0.005300,0.002000,0.003400,0.007100,0.000000
1053,1.215703,1.309701,1.304800,1.198900,1076.000000,851188424.000000,1324570160.000000,237035520.000000,1572233216.000000,0.000600,0.000000,0.000000,0.000000,0.009700,0.000000,0.011700,0.000000,0.000000,0.000000,0.004600,0.002600,0.002600,0.007000,0.000000
1054,1.216828,1.126396,1.128300,1.018500,1076.000000,851192104.000000,1324570160.000000,237035520.000000,1572233216.000000,0.000700,0.000000,0.000000,0.000000,0.009700,0.000000,0.011000,0.000000,0.000000,0.000000,0.004300,0.002500,0.002200,0.006500,0.000000
1055,1.217859,1.034106,1.021000,0.919500,1076.000000,851192144.000000,1324570160.000000,237035520.000000,1572233216.000000,0.000700,0.000000,0.000000,0.000000,0.010000,0.000000,0.010500,0.000000,0.000000,0.000000,0.004000,0.002400,0.002700,0.006900,0.000000
1056,1.218884,1.029500,1.041400,0.928800,1076.000000,851192160.000000,1324570160.000000,237035520.000000,1572233216.000000,0.000700,0.000000,0.000000,0.000000,0.009400,0.000000,0.012000,0.000000,0.000000,0.000000,0.004900,0.002400,0.002900,0.006900,0.000000
1057,1.219866,0.984899,0.983300,0.886000,1076.000000,851192600.000000,1324570160.000000,237035520.000000,1572233216.000000,0.000600,0.000000,0.000000,0.000000,0.009100,0.000000,0.010700,0.000000,0.000000,0.000000,0.003700,0.001900,0.002400,0.006400,0.000000
1058,1.220815,0.946995,0.943800,0.847400,1076.000000,851193048.000000,1324570160.000000,237035520.000000,1572233216.000000,0.000700,0.000000,0.000000,0.000000,0.008800,0.000000,0.010700,0.000000,0.000000,0.000000,0.003700,0.001700,0.002200,0.006400,0.000000
1059,1.222090,1.264201,1.259900,1.162400,1076.000000,851192648.000000,1324570160.000000,237035520.000000,1572233216.000000,0.316500,0.041600,0.012900,0.105500,0.009400,0.017700,0.010100,0.013800,0.019800,0.013000,0.003800,0.001900,0.002100,0.005200,0.000000
1060,1.223173,1.055400,1.037100,0.935100,1076.000000,851196768.000000,1324570160.000000,237035520.000000,1572233216.000000,0.000700,0.000000,0.000000,0.000000,0.010300,0.000000,0.010700,0.000000,0.000000,0.000000,0.004100,0.001700,0.002400,0.006500,0.000000
1061,1.224210,1.067999,1.067700,0.955700,1076.000000,851197216.000000,1324570160.000000,237035520.000000,1572233216.000000,0.000600,0.000000,0.000000,0.000000,0.010900,0.000000,0.011900,0.000000,0.000000,0.000000,0.005400,0.002300,0.002400,0.007300,0.000000
1062,1.225156,0.951205,0.962500,0.855900,1076.000000,851196816.000000,1324570160.000000,237035520.000000,1572233216.000000,0.000600,0.000000,0.000000,0.000000,0.009000,0.000000,0.010600,0.000000,0.000000,0.000000,0.003900,0.002600,0.002200,0.006500,0.000000
1063,1.226268,1.078501,0.991500,0.894800,1076.000000,851196416.000000,1324570160.000000,237035520.000000,1572233216.000000,0.000600,0.000000,0.000000,0.000000,0.008800,0.000000,0.010700,0.000000,0.000000,0.000000,0.004800,0.002300,0.002400,0.006800,0.000000
1064,1.227486,1.227097,1.294500,1.114400,1076.000000,851196464.000000,1324570160.000000,237035520.000000,1572233216.000000,0.000700,0.000000,0.000000,0.000000,0.012200,0.000000,0.011500,0.000000,0.000000,0.000000,0.004400,0.002000,0.002300,0.006900,0.000000
1065,1.228528,1.053600,1.054400,0.941800,1076.000000,851210824.000000,1324570160.000000,237035520.000000,1572233216.000000,0.000800,0.000000,0.000000,0.000000,0.010200,0.000000,0.011600,0.000000,0.000000,0.000000,0.004600,0.002700,0.002600,0.007400,0.000000
1066,1.229638,1.099100,0.982900,0.875600,1076.000000,851203248.000000,1324570160.000000,237035520.000000,1572233216.000000,0.000800,0.000000,0.000000,0.000000,0.009400,0.000000,0.013200,0.000000,0.000000,0.000000,0.004000,0.002500,0.002400,0.006600,0.000000
1067,1.231168,1.344501,1.415600,1.152900,1076.000000,851204304.000000,1324570160.000000,237035520.000000,1572233216.000000,0.000700,0.000000,0.000000,0.000000,0.010100,0.000000,0.025700,0.000000,0.000000,0.000000,0.004600,0.002000,0.002300,0.006700,0.000000
1068,1.232488,1.490200,1.512400,1.362200,1076.000000,851204352.000000,1324570160.000000,237035520.000000,1572233216.000000,0.000700,0.000000,0.000000,0.000000,0.010400,0.000000,0.053000,0.000000,0.000000,0.000000,0.006700,0.002400,0.002900,0.008000,0.000000
1069,1.233667,1.190200,1.172500,1.048200,1076.000000,851204808.000000,1324570160.000000,237035520.000000,1572233216.000000,0.000700,0.000000,0.000000,0.000000,0.011000,0.000000,0.014100,0.000000,0.000000,0.000000,0.004600,0.002500,0.002700,0.006800,0.000000
1070,1.234938,1.258702,1.280500,1.145800,1076.000000,851204392.000000,1324570160.000000,237035520.000000,1572233216.000000,0.000700,0.000000,0.000000,0.000000,0.010500,0.000000,0.107600,0.000000,0.000000,0.000000,0.004900,0.003000,0.002700,0.006800,0.000000
1071,1.236080,1.176602,1.181300,1.072000,1076.000000,851204432.000000,1324570160.000000,237035520.000000,1572233216.000000,0.000700,0.000000,0.000000,0.000000,0.010500,0.000000,0.035200,0.000000,0.000000,0.000000,0.004500,0.002700,0.002700,0.006800,0.000000
1072,1.237671,1.464697,1.066300,0.963600,1076.000000,851204448.000000,1324570160.000000,237035520.000000,1572233216.000000,0.000700,0.000000,0.000000,0.000000,0.010000,0.000000,0.025700,0.000000,0.000000,0.000000,0.004100,0.002400,0.002800,0.006800,0.000000
1073,1.239303,1.737302,2.124600,1.636800,1076.000000,851214288.000000,1324570160.000000,237035520.000000,1572233216.000000,0.511300,0.069200,0.019100,0.126100,0.017800,0.024800,0.011100,0.028500,0.036100,0.023200,0.006400,0.002300,0.003800,0.005600,0.000000
1074,1.240315,1.039598,1.026100,0.915900,1076.000000,851214736.000000,1324570160.000000,237035520.000000,1572233216.000000,0.000700,0.000000,0.000000,0.000000,0.011600,0.000000,0.014800,0.000000,0.000000,0.000000,0.005600,0.002100,0.002900,0.007500,0.000000
1075,1.241302,0.988301,1.003300,0.888000,1076.000000,851218008.000000,1324570160.000000,237035520.000000,1572233216.000000,0.000600,0.000000,0.000000,0.000000,0.009400,0.000000,0.010300,0.000000,0.000000,0.000000,0.004000,0.002400,0.002500,0.006700,0.000000
1076,1.242276,0.966801,0.965800,0.866800,1076.000000,851218032.000000,1324570160.000000,237035520.000000,1572233216.000000,0.000700,0.000000,0.000000,0.000000,0.009400,0.000000,0.010700,0.000000,0.000000,0.000000,0.003800,0.001800,0.002400,0.006300,0.000000
1077,1.243212,0.944402,0.944100,0.847300,1076.000000,851213176.000000,1324570160.000000,237035520.000000,1572233216.000000,0.000700,0.000000,0.000000,0.000000,0.009100,0.000000,0.010600,0.000000,0.000000,0.000000,0.003800,0.001800,0.002400,0.006200,0.000000
1078,1.244150,0.939994,0.933100,0.838700,1076.000000,851212776.000000,1324570160.000000,237035520.000000,1572233216.000000,0.000600,0.000000,0.000000,0.000000,0.009400,0.000000,0.010100,0.000000,0.000000,0.000000,0.003900,0.001800,0.002300,0.006100,0.000000
1079,1.245234,1.074306,1.063100,0.956900,1076.000000,851220992.000000,1324570160.000000,237035520.000000,1572233216.000000,0.000700,0.000000,0.000000,0.000000,0.009300,0.000000,0.010200,0.000000,0.000000,0.000000,0.003800,0.002200,0.002200,0.006300,0.000000
1080,1.246615,1.237295,0.992700,0.885700,1076.000000,851221464.000000,1324570160.000000,237035520.000000,1572233216.000000,0.000700,0.000000,0.000000,0.000000,0.009900,0.000000,0.012900,0.000000,0.000000,0.000000,0.004400,0.002700,0.002100,0.006500,0.000000
1081,1.248402,1.809602,1.994000,1.637300,1076.000000,851235432.000000,1324570160.000000,237035520.000000,1572233216.000000,0.000800,0.000000,0.000000,0.000000,0.018400,0.000000,0.024100,0.000000,0.000000,0.000000,0.008100,0.003600,0.004300,0.011600,0.000000
1082,1.249574,1.267999,1.308200,1.150000,1076.000000,851223336.000000,1324570160.000000,237035520.000000,1572233216.000000,0.001000,0.000000,0.000000,0.000000,0.015400,0.000000,0.014200,0.000000,0.000000,0.000000,0.007500,0.003300,0.003700,0.008800,0.000000
1083,1.250943,1.393204,1.404100,1.285900,1076.000000,851219648.000000,1324570160.000000,237035520.000000,1572233216.000000,0.000800,0.000000,0.000000,0.000000,0.010700,0.000000,0.011400,0.000000,0.000000,0.000000,0.004600,0.002700,0.003100,0.006700,0.000000
1084,1.252007,1.059297,1.056500,0.950900,1076.000000,851224864.000000,1324570160.000000,237035520.000000,1572233216.000000,0.000700,0.000000,0.000000,0.000000,0.009200,0.000000,0.011100,0.000000,0.000000,0.000000,0.004100,0.002800,0.002600,0.006400,0.000000
1085,1.252985,0.986600,0.986400,0.882800,1076.000000,851225320.000000,1324570160.000000,237035520.000000,1572233216.000000,0.000700,0.000000,0.000000,0.000000,0.009800,0.000000,0.010300,0.000000,0.000000,0.000000,0.004000,0.001900,0.002500,0.006200,0.000000
1086,1.253963,0.959602,0.959800,0.859500,1076.000000,851229000.000000,1324570160.000000,237035520.000000,1572233216.000000,0.000600,0.000000,0.000000,0.000000,0.009200,0.000000,0.010200,0.000000,0.000000,0.000000,0.003900,0.001800,0.002300,0.006100,0.000000
1087,1.255192,1.252700,1.251000,1.153100,1076.000000,851229160.000000,1324570160.000000,237035520.000000,1572233216.000000,0.310800,0.039800,0.012600,0.103600,0.008900,0.017800,0.010100,0.014400,0.019300,0.012300,0.003900,0.002000,0.002300,0.004700,0.000000
1088,1.256121,0.934602,0.926700,0.830900,1076.000000,851229176.000000,1324570160.000000,237035520.000000,1572233216.000000,0.000700,0.000000,0.000000,0.000000,0.010100,0.000000,0.010600,0.000000,0.000000,0.000000,0.003500,0.001800,0.002200,0.006100,0.000000
1089,1.257103,0.981597,0.984400,0.881800,1076.000000,851229616.000000,1324570160.000000,237035520.000000,1572233216.000000,0.000700,0.000000,0.000000,0.000000,0.008700,0.000000,0.011400,0.000000,0.000000,0.000000,0.004200,0.002500,0.002200,0.006600,0.000000
1090,1.258077,0.971301,0.966800,0.870600,1076.000000,851230064.000000,1324570160.000000,237035520.000000,1572233216.000000,0.000600,0.000000,0.000000,0.000000,0.009500,0.000000,0.010200,0.000000,0.000000,0.000000,0.003400,0.002500,0.002100,0.006500,0.000000
1091,1.259053,0.965802,0.967400,0.870200,1076.000000,851229136.000000,1324570160.000000,237035520.000000,1572233216.000000,0.000500,0.000000,0.000000,0.000000,0.009500,0.000000,0.009900,0.000000,0.000000,0.000000,0.003500,0.001900,0.002200,0.006300,0.000000
1092,1.259989,0.949596,0.945500,0.852500,1076.000000,851233240.000000,1324570160.000000,237035520.000000,1572298752.000000,0.000700,0.000000,0.000000,0.000000,0.008700,0.000000,0.010400,0.000000,0.000000,0.000000,0.003700,0.001800,0.002200,0.006200,0.000000
1093,1.260936,0.948703,0.947000,0.852300,1076.000000,851233688.000000,1324570160.000000,237035520.000000,1572298752.000000,0.000600,0.000000,0.000000,0.000000,0.008500,0.000000,0.010700,0.000000,0.000000,0.000000,0.004000,0.001800,0.002300,0.005900,0.000000
1094,1.261854,0.903997,0.900900,0.807000,1076.000000,851233712.000000,1324570160.000000,237035520.000000,1572298752.000000,0.000600,0.000000,0.000000,0.000000,0.008600,0.000000,0.011800,0.000000,0.000000,0.000000,0.003400,0.001800,0.002300,0.006200,0.000000
1095,1.262921,1.051198,1.010400,0.916000,1076.000000,851233312.000000,1324570160.000000,237035520.000000,1572298752.000000,0.000600,0.000000,0.000000,0.000000,0.009300,0.000000,0.011700,0.000000,0.000000,0.000000,0.003700,0.002000,0.002200,0.006500,0.000000
1096,1.264086,1.123200,1.142900,1.006800,1076.000000,851233360.000000,1324570160.000000,237035520.000000,1572298752.000000,0.000700,0.000000,0.000000,0.000000,0.010400,0.000000,0.089500,0.000000,0.000000,0.000000,0.005000,0.002100,0.002400,0.007000,0.000000
1097,1.265193,1.154202,1.160700,1.053600,1076.000000,851247848.000000,1324570160.000000,237035520.000000,1572298752.000000,0.000700,0.000000,0.000000,0.000000,0.012400,0.000000,0.013400,0.000000,0.000000,0.000000,0.006600,0.006500,0.002500,0.007300,0.000000
1098,1.266318,1.102898,1.084900,0.982200,1076.000000,851239848.000000,1324570160.000000,237035520.000000,1572298752.000000,0.000500,0.000000,0.000000,0.000000,0.009800,0.000000,0.013800,0.000000,0.000000,0.000000,0.004600,0.002000,0.002300,0.005600,0.000000
1099,1.267531,1.202204,1.191700,1.072600,1076.000000,851237232.000000,1324570160.000000,237035520.000000,1572298752.000000,0.000800,0.000000,0.000000,0.000000,0.010700,0.000000,0.033300,0.000000,0.000000,0.000000,0.004900,0.002200,0.002800,0.006700,0.000000
1100,1.268684,1.167999,1.124000,1.002900,1076.000000,851237280.000000,1324570160.000000,237035520.000000,1572298752.000000,0.000500,0.000000,0.000000,0.000000,0.010900,0.000000,0.036100,0.000000,0.000000,0.000000,0.004400,0.003800,0.002400,0.005200,0.000000
1101,1.269769,1.108397,1.160900,1.003900,1076.000000,851241832.000000,1324570160.000000,237035520.000000,1572298752.000000,0.000700,0.000000,0.000000,0.000000,0.013300,0.000000,0.010900,0.000000,0.000000,0.000000,0.004400,0.002100,0.002300,0.006600,0.000000
1102,1.271225,1.218601,1.193400,1.079800,1076.000000,851241416.000000,1324570160.000000,237035520.000000,1572298752.000000,0.000700,0.000000,0.000000,0.000000,0.009500,0.000000,0.010800,0.000000,0.000000,0.000000,0.004000,0.001900,0.002500,0.006900,0.000000
1103,1.272850,1.834503,1.848800,1.717500,1076.000000,851241656.000000,1324570160.000000,237035520.000000,1572298752.000000,0.396200,0.053700,0.012600,0.138100,0.012600,0.019900,0.024300,0.016500,0.022900,0.016900,0.006900,0.002900,0.003000,0.006600,0.000000
1104,1.273912,1.069799,1.072900,0.960500,1076.000000,851241672.000000,1324570160.000000,237035520.000000,1572298752.000000,0.000700,0.000000,0.000000,0.000000,0.013100,0.000000,0.011200,0.000000,0.000000,0.000000,0.004600,0.002300,0.002500,0.006200,0.000000
1105,1.274918,1.024100,1.027600,0.920900,1076.000000,851246208.000000,1324570160.000000,237035520.000000,1572298752.000000,0.000700,0.000000,0.000000,0.000000,0.009800,0.000000,0.010900,0.000000,0.000000,0.000000,0.004200,0.002600,0.002300,0.006500,0.000000
1106,1.275866,0.953897,0.952500,0.851800,1076.000000,851246656.000000,1324570160.000000,237035520.000000,1572298752.000000,0.000700,0.000000,0.000000,0.000000,0.009900,0.000000,0.035600,0.000000,0.000000,0.000000,0.004100,0.002000,0.002100,0.006500,0.000000
1107,1.276866,1.007901,1.003100,0.904800,1076.000000,851245632.000000,1324570160.000000,237035520.000000,1572298752.000000,0.000700,0.000000,0.000000,0.000000,0.008900,0.000000,0.010400,0.000000,0.000000,0.000000,0.003900,0.001900,0.002200,0.006400,0.000000
1108,1.278022,1.148002,1.147700,1.047200,1076.000000,851246080.000000,1324570160.000000,237035520.000000,1572298752.000000,0.000700,0.000000,0.000000,0.000000,0.008800,0.000000,0.011900,0.000000,0.000000,0.000000,0.003600,0.001900,0.002400,0.005400,0.000000
1109,1.279195,1.168403,1.163300,1.064200,1076.000000,851246104.000000,1324570160.000000,237035520.000000,1572298752.000000,0.000700,0.000000,0.000000,0.000000,0.009400,0.000000,0.035400,0.000000,0.000000,0.000000,0.004400,0.002400,0.002200,0.006800,0.000000
1110,1.280374,1.173299,1.171900,1.070600,1076.000000,851245704.000000,1324570160.000000,237035520.000000,1572298752.000000,0.000700,0.000000,0.000000,0.000000,0.010200,0.000000,0.032300,0.000000,0.000000,0.000000,0.004600,0.002500,0.002400,0.006500,0.000000
1111,1.281388,1.017800,1.014200,0.914200,1076.000000,851249824.000000,1324570160.000000,237035520.000000,1572298752.000000,0.000700,0.000000,0.000000,0.000000,0.009500,0.000000,0.034200,0.000000,0.000000,0.000000,0.004400,0.002000,0.002200,0.006500,0.000000
1112,1.282892,1.462698,1.224800,1.120400,1076.000000,851249872.000000,1324570160.000000,237035520.000000,1572298752.000000,0.000600,0.000000,0.000000,0.000000,0.009700,0.000000,0.011400,0.000000,0.000000,0.000000,0.004100,0.002200,0.002300,0.006600,0.000000
1113,1.284056,1.204103,1.433600,1.104000,1076.000000,851264248.000000,1324570160.000000,237035520.000000,1572298752.000000,0.000800,0.000000,0.000000,0.000000,0.011300,0.000000,0.036500,0.000000,0.000000,0.000000,0.005400,0.002100,0.002800,0.007400,0.000000
1114,1.285009,0.966893,0.971400,0.867600,1076.000000,851252152.000000,1324570160.000000,237035520.000000,1572298752.000000,0.000600,0.000000,0.000000,0.000000,0.009600,0.000000,0.012000,0.000000,0.000000,0.000000,0.004700,0.002500,0.002600,0.006600,0.000000
1115,1.286312,1.252601,1.095500,0.998200,1076.000000,851249536.000000,1324570160.000000,237035520.000000,1572298752.000000,0.000700,0.000000,0.000000,0.000000,0.009200,0.000000,0.011000,0.000000,0.000000,0.000000,0.004100,0.001900,0.002400,0.006200,0.000000
1116,1.287465,1.181300,1.318100,1.073200,1076.000000,851249576.000000,1324570160.000000,237035520.000000,1572298752.000000,0.000700,0.000000,0.000000,0.000000,0.012300,0.000000,0.036300,0.000000,0.000000,0.000000,0.004500,0.001900,0.002800,0.007400,0.000000
1117,1.288939,1.473505,1.449900,1.334100,1076.000000,851250288.000000,1324570160.000000,237035520.000000,1572298752.000000,0.309600,0.039000,0.011200,0.104400,0.010200,0.015800,0.010700,0.013300,0.018500,0.011700,0.004300,0.002100,0.002600,0.005100,0.000000
1118,1.290038,1.101297,1.128100,1.002300,1076.000000,851258064.000000,1324570160.000000,237035520.000000,1572298752.000000,0.000700,0.000000,0.000000,0.000000,0.012300,0.000000,0.032500,0.000000,0.000000,0.000000,0.004600,0.002100,0.002500,0.007000,0.000000
1119,1.291035,1.020203,1.019800,0.919700,1076.000000,851258088.000000,1324570160.000000,237035520.000000,1572298752.000000,0.000700,0.000000,0.000000,0.000000,0.009300,0.000000,0.010500,0.000000,0.000000,0.000000,0.004500,0.002000,0.002400,0.005700,0.000000
1120,1.292052,1.000000,0.995300,0.897500,1076.000000,851258120.000000,1324570160.000000,237035520.000000,1572298752.000000,0.000600,0.000000,0.000000,0.000000,0.008700,0.000000,0.010500,0.000000,0.000000,0.000000,0.003900,0.002700,0.002300,0.006500,0.000000
1121,1.293131,1.085395,1.083300,0.982700,1076.000000,851258312.000000,1324570160.000000,237035520.000000,1572298752.000000,0.000700,0.000000,0.000000,0.000000,0.009900,0.000000,0.011400,0.000000,0.000000,0.000000,0.004000,0.001800,0.002500,0.006200,0.000000
1122,1.294209,1.056704,1.055100,0.957100,1076.000000,851259184.000000,1324570160.000000,237035520.000000,1572298752.000000,0.000700,0.000000,0.000000,0.000000,0.009700,0.000000,0.056100,0.000000,0.000000,0.000000,0.004400,0.002600,0.002200,0.006500,0.000000
1123,1.295185,0.988903,0.950100,0.853700,1076.000000,851257936.000000,1324570160.000000,237035520.000000,1572298752.000000,0.000700,0.000000,0.000000,0.000000,0.009300,0.000000,0.011400,0.000000,0.000000,0.000000,0.004500,0.002000,0.002400,0.006400,0.000000
1124,1.296291,1.111295,1.137000,1.006800,1076.000000,851262056.000000,1324570160.000000,237035520.000000,1572298752.000000,0.000700,0.000000,0.000000,0.000000,0.009200,0.000000,0.036500,0.000000,0.000000,0.000000,0.003900,0.002000,0.002200,0.006300,0.000000
1125,1.297596,1.284701,1.274100,1.163300,1076.000000,851262504.000000,1324570160.000000,237035520.000000,1572298752.000000,0.000700,0.000000,0.000000,0.000000,0.009500,0.000000,0.088600,0.000000,0.000000,0.000000,0.004500,0.002400,0.002700,0.007200,0.000000
1126,1.298719,1.135799,1.136900,1.023900,1076.000000,851262104.000000,1324570160.000000,237035520.000000,1572298752.000000,0.000900,0.000000,0.000000,0.000000,0.010400,0.000000,0.105000,0.000000,0.000000,0.000000,0.004700,0.002000,0.002900,0.007600,0.000000
1127,1.299905,1.179599,1.178700,1.067900,1076.000000,851262128.000000,1324570160.000000,237035520.000000,1572298752.000000,0.000700,0.000000,0.000000,0.000000,0.009400,0.000000,0.010600,0.000000,0.000000,0.000000,0.005100,0.002500,0.002600,0.006800,0.000000
1128,1.301003,1.043105,1.042900,0.935400,1076.000000,851262176.000000,1324570160.000000,237035520.000000,1572298752.000000,0.000800,0.000000,0.000000,0.000000,0.010300,0.000000,0.011700,0.000000,0.000000,0.000000,0.004300,0.002800,0.002900,0.006500,0.000000
1129,1.302202,1.245196,1.186800,1.080000,1076.000000,851276664.000000,1324570160.000000,237035520.000000,1572298752.000000,0.000900,0.000000,0.000000,0.000000,0.009300,0.000000,0.012000,0.000000,0.000000,0.000000,0.006200,0.001900,0.003100,0.007100,0.000000
1130,1.303219,1.040604,1.094700,0.939300,1076.000000,851268792.000000,1324570160.000000,237035520.000000,1572298752.000000,0.000800,0.000000,0.000000,0.000000,0.010900,0.000000,0.011900,0.000000,0.000000,0.000000,0.004100,0.002300,0.002900,0.006300,0.000000
1131,1.304184,0.975099,0.977000,0.876500,1076.000000,851266176.000000,1324570160.000000,237035520.000000,1572298752.000000,0.000700,0.000000,0.000000,0.000000,0.009900,0.000000,0.011100,0.000000,0.000000,0.000000,0.003500,0.001900,0.002500,0.006200,0.000000
1132,1.305430,1.242297,1.238000,1.141200,1076.000000,851266920.000000,1324570160.000000,237035520.000000,1572298752.000000,0.317400,0.039600,0.010800,0.117200,0.009000,0.017100,0.010300,0.012900,0.018900,0.011800,0.004000,0.001900,0.002300,0.004800,0.000000
1133,1.306359,0.937004,0.937200,0.840300,1076.000000,851267384.000000,1324570160.000000,237035520.000000,1572298752.000000,0.000700,0.000000,0.000000,0.000000,0.010300,0.000000,0.010500,0.000000,0.000000,0.000000,0.003900,0.002500,0.002200,0.006200,0.000000
1134,1.307355,0.985799,0.980200,0.885100,1076.000000,851266968.000000,1324570160.000000,237035520.000000,1572298752.000000,0.000700,0.000000,0.000000,0.000000,0.009000,0.000000,0.010100,0.000000,0.000000,0.000000,0.004100,0.001700,0.002400,0.006200,0.000000
1135,1.308577,1.165696,1.131600,1.027000,1076.000000,851271104.000000,1324570160.000000,237035520.000000,1572298752.000000,0.000700,0.000000,0.000000,0.000000,0.009000,0.000000,0.009600,0.000000,0.000000,0.000000,0.004000,0.002400,0.002000,0.006300,0.000000
1136,1.309682,1.118800,1.121300,0.991700,1076.000000,851270968.000000,1324570160.000000,237035520.000000,1572298752.000000,0.000700,0.000000,0.000000,0.000000,0.012000,0.000000,0.014600,0.000000,0.000000,0.000000,0.005400,0.002300,0.002400,0.007600,0.000000
1137,1.310784,1.106505,1.109300,0.985300,1076.000000,851275080.000000,1324570160.000000,237035520.000000,1572298752.000000,0.000800,0.000000,0.000000,0.000000,0.011300,0.000000,0.014200,0.000000,0.000000,0.000000,0.005800,0.002400,0.002400,0.007200,0.000000
1138,1.311929,1.139399,1.131100,1.011600,1076.000000,851275528.000000,1324570160.000000,237035520.000000,1572298752.000000,0.000900,0.000000,0.000000,0.000000,0.010900,0.000000,0.012000,0.000000,0.000000,0.000000,0.004800,0.002100,0.002300,0.006800,0.000000
1139,1.313173,1.241001,1.240600,1.114600,1076.000000,851278800.000000,1324570160.000000,237035520.000000,1572298752.000000,0.000700,0.000000,0.000000,0.000000,0.012000,0.000000,0.011500,0.000000,0.000000,0.000000,0.005400,0.002500,0.002500,0.006900,0.000000
1140,1.314386,1.134899,1.139200,1.020000,1076.000000,851278824.000000,1324570160.000000,237035520.000000,1572298752.000000,0.000700,0.000000,0.000000,0.000000,0.011100,0.000000,0.010800,0.000000,0.000000,0.000000,0.005300,0.002400,0.002500,0.006800,0.000000
1141,1.315342,1.083900,1.094100,0.984700,1076.000000,851279272.000000,1324570160.000000,237035520.000000,1572298752.000000,0.000800,0.000000,0.000000,0.000000,0.010500,0.000000,0.011000,0.000000,0.000000,0.000000,0.007000,0.001800,0.002500,0.006500,0.000000
1142,1.316349,0.941199,0.937400,0.840000,1076.000000,851278872.000000,1324570160.000000,237035520.000000,1572298752.000000,0.000700,0.000000,0.000000,0.000000,0.009300,0.000000,0.010300,0.000000,0.000000,0.000000,0.003600,0.002300,0.002000,0.006500,0.000000
1143,1.317366,1.075702,1.068500,0.968800,1076.000000,851282992.000000,1324570160.000000,237035520.000000,1572298752.000000,0.001000,0.000000,0.000000,0.000000,0.011700,0.000000,0.010300,0.000000,0.000000,0.000000,0.006700,0.002700,0.003000,0.007900,0.000000
1144,1.318334,0.974695,0.977500,0.874300,1076.000000,851283040.000000,1324570160.000000,237035520.000000,1572298752.000000,0.000600,0.000000,0.000000,0.000000,0.009900,0.000000,0.010300,0.000000,0.000000,0.000000,0.004200,0.002300,0.002500,0.006500,0.000000
1145,1.319311,0.985006,0.967900,0.870800,1076.000000,851297688.000000,1324570160.000000,237035520.000000,1572298752.000000,0.000600,0.000000,0.000000,0.000000,0.009500,0.000000,0.011800,0.000000,0.000000,0.000000,0.003700,0.001900,0.002400,0.006200,0.000000
1146,1.320250,0.930400,0.942200,0.829800,1076.000000,851285720.000000,1324570160.000000,237035520.000000,1572298752.000000,0.000600,0.000000,0.000000,0.000000,0.008900,0.000000,0.011100,0.000000,0.000000,0.000000,0.003900,0.001600,0.002300,0.006200,0.000000
1147,1.321201,0.957100,0.951900,0.854600,1076.000000,851283104.000000,1324570160.000000,237035520.000000,1572298752.000000,0.000600,0.000000,0.000000,0.000000,0.009400,0.000000,0.009900,0.000000,0.000000,0.000000,0.003900,0.001800,0.002300,0.006100,0.000000
1148,1.322726,1.499199,1.492700,1.388600,1076.000000,851273120.000000,1324570160.000000,237035520.000000,1572298752.000000,0.308000,0.041000,0.010900,0.103400,0.008900,0.016700,0.009800,0.013900,0.019200,0.012100,0.003800,0.001800,0.002300,0.004700,0.000000
1149,1.323686,0.982696,0.985100,0.881200,1076.000000,851273584.000000,1324570160.000000,237035520.000000,1572298752.000000,0.000700,0.000000,0.000000,0.000000,0.012000,0.000000,0.009900,0.000000,0.000000,0.000000,0.004300,0.001900,0.002600,0.007000,0.000000
1150,1.324932,1.249298,1.250700,1.151400,1076.000000,851277688.000000,1324570160.000000,237035520.000000,1572298752.000000,0.000700,0.000000,0.000000,0.000000,0.009000,0.000000,0.011200,0.000000,0.000000,0.000000,0.004000,0.001600,0.002300,0.006200,0.000000
1151,1.325840,0.904400,0.902000,0.807600,1076.000000,851277304.000000,1324570160.000000,237035520.000000,1572298752.000000,0.000700,0.000000,0.000000,0.000000,0.009200,0.000000,0.011700,0.000000,0.000000,0.000000,0.003800,0.002300,0.002200,0.006200,0.000000
1152,1.326770,0.938903,0.938500,0.844000,1076.000000,851280664.000000,1324570160.000000,237035520.000000,1572298752.000000,0.000700,0.000000,0.000000,0.000000,0.008400,0.000000,0.010000,0.000000,0.000000,0.000000,0.003500,0.002000,0.002200,0.006600,0.000000
1153,1.327677,0.901998,0.894400,0.803500,1076.000000,851281104.000000,1324570160.000000,237035520.000000,1572298752.000000,0.000600,0.000000,0.000000,0.000000,0.008400,0.000000,0.010200,0.000000,0.000000,0.000000,0.003300,0.001800,0.002100,0.006400,0.000000
1154,1.328623,0.945600,0.944800,0.848400,1076.000000,851281680.000000,1324570160.000000,237035520.000000,1572298752.000000,0.000700,0.000000,0.000000,0.000000,0.008800,0.000000,0.010600,0.000000,0.000000,0.000000,0.004000,0.002200,0.002000,0.006600,0.000000
1155,1.330225,1.483305,1.028700,0.876700,1076.000000,851280856.000000,1324570160.000000,237035520.000000,1572298752.000000,0.000600,0.000000,0.000000,0.000000,0.008600,0.000000,0.010300,0.000000,0.000000,0.000000,0.003800,0.001900,0.002300,0.006600,0.000000
1156,1.331692,1.563194,1.981800,1.437400,1076.000000,851284976.000000,1324570160.000000,237035520.000000,1572298752.000000,0.000700,0.000000,0.000000,0.000000,0.016100,0.000000,0.018500,0.000000,0.000000,0.000000,0.006500,0.003200,0.003300,0.009800,0.000000
1157,1.332919,1.163202,1.153700,1.019800,1076.000000,851285424.000000,1324570160.000000,237035520.000000,1572298752.000000,0.000600,0.000000,0.000000,0.000000,0.010400,0.000000,0.011500,0.000000,0.000000,0.000000,0.004700,0.003100,0.002500,0.007100,0.000000
1158,1.334252,1.321499,1.319200,1.186700,1076.000000,851285024.000000,1324570160.000000,237035520.000000,1572298752.000000,0.000800,0.000000,0.000000,0.000000,0.013900,0.000000,0.012100,0.000000,0.000000,0.000000,0.005700,0.002800,0.003000,0.008500,0.000000
1159,1.335284,1.123902,1.150400,1.023400,1076.000000,851285048.000000,1324570160.000000,237035520.000000,1572298752.000000,0.000700,0.000000,0.000000,0.000000,0.013200,0.000000,0.012200,0.000000,0.000000,0.000000,0.006500,0.002800,0.003000,0.006000,0.000000
1160,1.336267,0.976198,0.971500,0.870700,1076.000000,851285072.000000,1324570160.000000,237035520.000000,1572298752.000000,0.000600,0.000000,0.000000,0.000000,0.009300,0.000000,0.010900,0.000000,0.000000,0.000000,0.004100,0.002600,0.002400,0.006900,0.000000
1161,1.337283,1.012500,1.014800,0.911600,1076.000000,851299456.000000,1324570160.000000,237035520.000000,1572298752.000000,0.000700,0.000000,0.000000,0.000000,0.010600,0.000000,0.011200,0.000000,0.000000,0.000000,0.004100,0.001900,0.002600,0.006600,0.000000
1162,1.338644,1.355003,1.346600,1.246600,1076.000000,851291832.000000,1324570160.000000,237035520.000000,1572364288.000000,0.351100,0.039000,0.012000,0.130900,0.009200,0.024500,0.012000,0.014200,0.019600,0.025700,0.004100,0.002200,0.002400,0.005700,0.000000
1163,1.339662,1.026800,1.024400,0.917800,1076.000000,851289216.000000,1324570160.000000,237035520.000000,1572364288.000000,0.000600,0.000000,0.000000,0.000000,0.011600,0.000000,0.033500,0.000000,0.000000,0.000000,0.004500,0.001700,0.002300,0.006100,0.000000
1164,1.340614,0.961898,0.964700,0.862500,1076.000000,851293776.000000,1324570160.000000,237035520.000000,1572364288.000000,0.000700,0.000000,0.000000,0.000000,0.009500,0.000000,0.012300,0.000000,0.000000,0.000000,0.003900,0.001800,0.002300,0.006200,0.000000
1165,1.341533,0.926098,0.927100,0.830400,1076.000000,851293816.000000,1324570160.000000,237035520.000000,1572364288.000000,0.000700,0.000000,0.000000,0.000000,0.008700,0.000000,0.012000,0.000000,0.000000,0.000000,0.003800,0.001800,0.002100,0.005900,0.000000
1166,1.342415,0.883702,0.882800,0.790300,1076.000000,851293024.000000,1324570160.000000,237035520.000000,1572364288.000000,0.000600,0.000000,0.000000,0.000000,0.008900,0.000000,0.009800,0.000000,0.000000,0.000000,0.003600,0.002400,0.002000,0.006500,0.000000
1167,1.343297,0.882603,0.880600,0.789700,1076.000000,851293064.000000,1324570160.000000,237035520.000000,1572364288.000000,0.000600,0.000000,0.000000,0.000000,0.008400,0.000000,0.009800,0.000000,0.000000,0.000000,0.003400,0.001800,0.002000,0.006100,0.000000
1168,1.344170,0.873597,0.868900,0.778700,1076.000000,851293080.000000,1324570160.000000,237035520.000000,1572364288.000000,0.000600,0.000000,0.000000,0.000000,0.008200,0.000000,0.010000,0.000000,0.000000,0.000000,0.003400,0.001700,0.002000,0.006000,0.000000
1169,1.345073,0.897399,0.894900,0.801500,1076.000000,851301712.000000,1324570160.000000,237035520.000000,1572364288.000000,0.000700,0.000000,0.000000,0.000000,0.008400,0.000000,0.010200,0.000000,0.000000,0.000000,0.003400,0.001700,0.002000,0.006000,0.000000
1170,1.346004,0.850305,0.848100,0.755600,1076.000000,851302160.000000,1324570160.000000,237035520.000000,1572364288.000000,0.000700,0.000000,0.000000,0.000000,0.008800,0.000000,0.010300,0.000000,0.000000,0.000000,0.003900,0.002400,0.002100,0.006500,0.000000
1171,1.347062,1.120996,1.110500,1.014600,1076.000000,851301336.000000,1324570160.000000,237035520.000000,1572364288.000000,0.000700,0.000000,0.000000,0.000000,0.008700,0.000000,0.010500,0.000000,0.000000,0.000000,0.006500,0.001900,0.002500,0.006400,0.000000
1172,1.348011,0.961798,0.964100,0.863300,1076.000000,851301360.000000,1324570160.000000,237035520.000000,1572364288.000000,0.000600,0.000000,0.000000,0.000000,0.009800,0.000000,0.011200,0.000000,0.000000,0.000000,0.004500,0.001800,0.002300,0.006400,0.000000
1173,1.348919,0.908702,0.906600,0.811400,1076.000000,851301808.000000,1324570160.000000,237035520.000000,1572364288.000000,0.000600,0.000000,0.000000,0.000000,0.008900,0.000000,0.010600,0.000000,0.000000,0.000000,0.003900,0.001700,0.002300,0.005900,0.000000
1174,1.349865,0.943304,0.939800,0.844200,1076.000000,851301408.000000,1324570160.000000,237035520.000000,1572364288.000000,0.000700,0.000000,0.000000,0.000000,0.008700,0.000000,0.010500,0.000000,0.000000,0.000000,0.003700,0.001600,0.002200,0.006300,0.000000
1175,1.350800,0.944600,0.941700,0.845200,1076.000000,851305528.000000,1324570160.000000,237035520.000000,1572364288.000000,0.000700,0.000000,0.000000,0.000000,0.008500,0.000000,0.010700,0.000000,0.000000,0.000000,0.003900,0.001600,0.001900,0.006300,0.000000
1176,1.351700,0.901396,0.902200,0.806400,1076.000000,851305552.000000,1324570160.000000,237035520.000000,1572364288.000000,0.000700,0.000000,0.000000,0.000000,0.008500,0.000000,0.010500,0.000000,0.000000,0.000000,0.003600,0.001700,0.002000,0.006000,0.000000
1177,1.352640,0.940703,0.938600,0.845700,1076.000000,851319936.000000,1324570160.000000,237035520.000000,1572364288.000000,0.000600,0.000000,0.000000,0.000000,0.008300,0.000000,0.010200,0.000000,0.000000,0.000000,0.004100,0.002400,0.002200,0.006400,0.000000
1178,1.353603,0.956399,0.950900,0.857100,1076.000000,851307840.000000,1324570160.000000,237035520.000000,1572364288.000000,0.000700,0.000000,0.000000,0.000000,0.008400,0.000000,0.012100,0.000000,0.000000,0.000000,0.003800,0.002100,0.002100,0.006300,0.000000
1179,1.354537,0.921499,0.920000,0.822900,1076.000000,851305224.000000,1324570160.000000,237035520.000000,1572364288.000000,0.000700,0.000000,0.000000,0.000000,0.009100,0.000000,0.010000,0.000000,0.000000,0.000000,0.003900,0.001600,0.002400,0.006500,0.000000
1180,1.355761,1.247499,1.245400,1.151900,1076.000000,851306224.000000,1324570160.000000,237035520.000000,1572364288.000000,0.302300,0.041600,0.012100,0.100200,0.008300,0.016700,0.009700,0.012800,0.019000,0.012000,0.003800,0.001700,0.002500,0.004600,0.000000
1181,1.357390,1.470904,1.382000,1.270800,1076.000000,851306688.000000,1324570160.000000,237035520.000000,1572364288.000000,0.000600,0.000000,0.000000,0.000000,0.009600,0.000000,0.010200,0.000000,0.000000,0.000000,0.003700,0.002300,0.002300,0.006200,0.000000
1182,1.358603,1.340795,1.411100,1.238000,1076.000000,851310368.000000,1324570160.000000,237035520.000000,1572368384.000000,0.000800,0.000000,0.000000,0.000000,0.019000,0.000000,0.018900,0.000000,0.000000,0.000000,0.006900,0.003700,0.004300,0.010200,0.000000
1183,1.359593,1.007001,1.013300,0.908300,1076.000000,851310408.000000,1324570160.000000,237035520.000000,1572368384.000000,0.000600,0.000000,0.000000,0.000000,0.010300,0.000000,0.011200,0.000000,0.000000,0.000000,0.004800,0.001900,0.002600,0.007100,0.000000
1184,1.360517,0.929004,0.929300,0.833900,1076.000000,851309576.000000,1324570160.000000,237035520.000000,1572368384.000000,0.000600,0.000000,0.000000,0.000000,0.008800,0.000000,0.011000,0.000000,0.000000,0.000000,0.003900,0.002400,0.002200,0.006300,0.000000
1185,1.361448,0.923895,0.917500,0.824500,1076.000000,851310016.000000,1324570160.000000,237035520.000000,1572368384.000000,0.000600,0.000000,0.000000,0.000000,0.009000,0.000000,0.011100,0.000000,0.000000,0.000000,0.003800,0.002300,0.002100,0.006300,0.000000
1186,1.362453,0.985700,0.939600,0.842600,1076.000000,851314560.000000,1324570160.000000,237035520.000000,1572368384.000000,0.000700,0.000000,0.000000,0.000000,0.008800,0.000000,0.010400,0.000000,0.000000,0.000000,0.003800,0.001700,0.002100,0.006100,0.000000
1187,1.363449,1.015901,1.057400,0.921000,1076.000000,851313736.000000,1324570160.000000,237035520.000000,1572368384.000000,0.000700,0.000000,0.000000,0.000000,0.009600,0.000000,0.010700,0.000000,0.000000,0.000000,0.004200,0.001900,0.002300,0.006700,0.000000
1188,1.364413,0.965802,0.964200,0.869300,1076.000000,851317856.000000,1324570160.000000,237035520.000000,1572368384.000000,0.000600,0.000000,0.000000,0.000000,0.009200,0.000000,0.011000,0.000000,0.000000,0.000000,0.003900,0.002600,0.002300,0.006200,0.000000
1189,1.365326,0.903302,0.902600,0.808500,1076.000000,851318304.000000,1324570160.000000,237035520.000000,1572368384.000000,0.000700,0.000000,0.000000,0.000000,0.009000,0.000000,0.010900,0.000000,0.000000,0.000000,0.003800,0.001700,0.002200,0.006200,0.000000
1190,1.366272,0.947598,0.935300,0.843200,1076.000000,851317904.000000,1324570160.000000,237035520.000000,1572368384.000000,0.000600,0.000000,0.000000,0.000000,0.008800,0.000000,0.010000,0.000000,0.000000,0.000000,0.003500,0.001700,0.002300,0.006100,0.000000
1191,1.367294,1.023498,1.023600,0.920900,1076.000000,851317928.000000,1324570160.000000,237035520.000000,1572368384.000000,0.000700,0.000000,0.000000,0.000000,0.009000,0.000000,0.010600,0.000000,0.000000,0.000000,0.004200,0.001700,0.002200,0.006100,0.000000
1192,1.368351,1.058099,1.054500,0.953600,1076.000000,851317952.000000,1324570160.000000,237035520.000000,1572368384.000000,0.000600,0.000000,0.000000,0.000000,0.009300,0.000000,0.010700,0.000000,0.000000,0.000000,0.004300,0.002200,0.002500,0.006800,0.000000
1193,1.369306,0.957200,0.958600,0.859800,1076.000000,851332336.000000,1324570160.000000,237035520.000000,1572368384.000000,0.000700,0.000000,0.000000,0.000000,0.008800,0.000000,0.010600,0.000000,0.000000,0.000000,0.003700,0.002100,0.002300,0.005800,0.000000
1194,1.370269,0.950305,0.937500,0.842300,1076.000000,851324760.000000,1324570160.000000,237035520.000000,1572368384.000000,0.000600,0.000000,0.000000,0.000000,0.009000,0.000000,0.013400,0.000000,0.000000,0.000000,0.003900,0.002100,0.002400,0.005900,0.000000
1195,1.371204,0.944395,0.952100,0.846500,1076.000000,851321720.000000,1324570160.000000,237035520.000000,1572368384.000000,0.000700,0.000000,0.000000,0.000000,0.009900,0.000000,0.010700,0.000000,0.000000,0.000000,0.004100,0.001700,0.002200,0.005500,0.000000
1196,1.372549,1.340101,1.327900,1.227700,1076.000000,851323984.000000,1324570160.000000,237035520.000000,1572368384.000000,0.323000,0.042900,0.011200,0.102100,0.008100,0.015300,0.010000,0.019300,0.021800,0.011800,0.004400,0.001800,0.002600,0.004600,0.000000
1197,1.373563,1.000702,1.003800,0.897300,1076.000000,851324448.000000,1324570160.000000,237035520.000000,1572368384.000000,0.000700,0.000000,0.000000,0.000000,0.010800,0.000000,0.010200,0.000000,0.000000,0.000000,0.003900,0.001800,0.002500,0.006200,0.000000
1198,1.374523,0.962698,0.965500,0.866300,1076.000000,851324032.000000,1324570160.000000,237035520.000000,1572368384.000000,0.000700,0.000000,0.000000,0.000000,0.009900,0.000000,0.010100,0.000000,0.000000,0.000000,0.005100,0.001900,0.002600,0.006300,0.000000
1199,1.375450,0.936402,0.936600,0.842500,1076.000000,851324072.000000,1324570160.000000,237035520.000000,1572368384.000000,0.000700,0.000000,0.000000,0.000000,0.008900,0.000000,0.010700,0.000000,0.000000,0.000000,0.004100,0.001800,0.002100,0.006200,0.000000
1200,1.376877,1.415299,0.920700,0.823600,1076.000000,851321896.000000,1324570160.000000,237035520.000000,1572368384.000000,0.000600,0.000000,0.000000,0.000000,0.008200,0.000000,0.010500,0.000000,0.000000,0.000000,0.004400,0.001900,0.002200,0.006500,0.000000
1201,1.377990,1.122598,1.599700,1.016700,1076.000000,851326432.000000,1324570160.000000,237035520.000000,1572368384.000000,0.000700,0.000000,0.000000,0.000000,0.010400,0.000000,0.043600,0.000000,0.000000,0.000000,0.004200,0.002000,0.002100,0.006400,0.000000
1202,1.379141,1.152707,1.148500,1.044300,1076.000000,851326880.000000,1324570160.000000,237035520.000000,1572368384.000000,0.000700,0.000000,0.000000,0.000000,0.009400,0.000000,0.042300,0.000000,0.000000,0.000000,0.004500,0.002100,0.002400,0.007200,0.000000
1203,1.380356,1.141199,1.124200,1.016400,1076.000000,851334248.000000,1324570160.000000,237035520.000000,1572368384.000000,0.000800,0.000000,0.000000,0.000000,0.009400,0.000000,0.046200,0.000000,0.000000,0.000000,0.004400,0.002400,0.002300,0.006300,0.000000
1204,1.381418,1.145996,1.163100,1.047300,1076.000000,851334272.000000,1324570160.000000,237035520.000000,1572368384.000000,0.000800,0.000000,0.000000,0.000000,0.010400,0.000000,0.011700,0.000000,0.000000,0.000000,0.004700,0.002400,0.002300,0.006900,0.000000
1205,1.382692,1.260502,1.247600,1.146900,1076.000000,851334720.000000,1324570160.000000,237035520.000000,1572368384.000000,0.000700,0.000000,0.000000,0.000000,0.009200,0.000000,0.033200,0.000000,0.000000,0.000000,0.004200,0.002600,0.002200,0.006400,0.000000
1206,1.383702,1.008298,1.011600,0.903200,1076.000000,851334320.000000,1324570160.000000,237035520.000000,1572368384.000000,0.000800,0.000000,0.000000,0.000000,0.009400,0.000000,0.041600,0.000000,0.000000,0.000000,0.004500,0.002600,0.002200,0.006600,0.000000
1207,1.384720,1.029301,1.029800,0.928900,1076.000000,851338440.000000,1324570160.000000,237035520.000000,1572368384.000000,0.000800,0.000000,0.000000,0.000000,0.009600,0.000000,0.010800,0.000000,0.000000,0.000000,0.004100,0.002300,0.002200,0.006400,0.000000
1208,1.385793,1.069997,1.065000,0.965200,1076.000000,851338888.000000,1324570160.000000,237035520.000000,1572368384.000000,0.000600,0.000000,0.000000,0.000000,0.009000,0.000000,0.013100,0.000000,0.000000,0.000000,0.004100,0.001800,0.002200,0.006400,0.000000
1209,1.387059,1.223200,1.201100,1.094400,1076.000000,851352976.000000,1324570160.000000,237035520.000000,1572368384.000000,0.000700,0.000000,0.000000,0.000000,0.010100,0.000000,0.012100,0.000000,0.000000,0.000000,0.004100,0.002600,0.002300,0.006600,0.000000
1210,1.388354,1.310502,1.321600,1.201800,1076.000000,851340880.000000,1324570160.000000,237035520.000000,1572368384.000000,0.000700,0.000000,0.000000,0.000000,0.012000,0.000000,0.029400,0.000000,0.000000,0.000000,0.005000,0.002300,0.002300,0.006600,0.000000
1211,1.389796,1.463598,1.461000,1.354300,1076.000000,851338440.000000,1324570160.000000,237035520.000000,1572368384.000000,0.352400,0.045900,0.012700,0.103900,0.009700,0.017200,0.076000,0.016700,0.023100,0.012400,0.005500,0.002000,0.002500,0.005200,0.000000
1212,1.390845,1.055903,1.057600,0.953900,1076.000000,851338480.000000,1324570160.000000,237035520.000000,1572368384.000000,0.000700,0.000000,0.000000,0.000000,0.010600,0.000000,0.034900,0.000000,0.000000,0.000000,0.003800,0.002000,0.002300,0.007100,0.000000
1213,1.392015,1.161302,1.134300,1.031500,1076.000000,851338944.000000,1324570160.000000,237035520.000000,1572368384.000000,0.000700,0.000000,0.000000,0.000000,0.009500,0.000000,0.044700,0.000000,0.000000,0.000000,0.003900,0.001900,0.002300,0.006500,0.000000
1214,1.393076,1.069097,1.074400,0.964500,1076.000000,851342624.000000,1324570160.000000,237035520.000000,1572368384.000000,0.000800,0.000000,0.000000,0.000000,0.009600,0.000000,0.030900,0.000000,0.000000,0.000000,0.004200,0.002400,0.002400,0.006900,0.000000
1215,1.394118,1.017198,1.014800,0.911300,1076.000000,851342672.000000,1324570160.000000,237035520.000000,1572368384.000000,0.000700,0.000000,0.000000,0.000000,0.009900,0.000000,0.058900,0.000000,0.000000,0.000000,0.004000,0.002300,0.002500,0.007000,0.000000
1216,1.395320,1.178904,1.177600,1.074100,1076.000000,851342688.000000,1324570160.000000,237035520.000000,1572368384.000000,0.000900,0.000000,0.000000,0.000000,0.009500,0.000000,0.027800,0.000000,0.000000,0.000000,0.004700,0.002100,0.002500,0.006500,0.000000
1217,1.396472,1.198299,1.123700,1.023400,1076.000000,851343128.000000,1324570160.000000,237035520.000000,1572368384.000000,0.000700,0.000000,0.000000,0.000000,0.012500,0.000000,0.011400,0.000000,0.000000,0.000000,0.004300,0.002000,0.002600,0.007000,0.000000
1218,1.397614,1.140696,1.205900,1.036200,1076.000000,851343576.000000,1324570160.000000,237035520.000000,1572368384.000000,0.000700,0.000000,0.000000,0.000000,0.009400,0.000000,0.034800,0.000000,0.000000,0.000000,0.004000,0.002100,0.002700,0.007000,0.000000
1219,1.398655,1.024001,1.024500,0.921500,1076.000000,851342752.000000,1324570160.000000,237035520.000000,1572368384.000000,0.000800,0.000000,0.000000,0.000000,0.009600,0.000000,0.044300,0.000000,0.000000,0.000000,0.004200,0.002400,0.002800,0.007300,0.000000
1220,1.399700,1.049298,1.047500,0.947600,1076.000000,851350968.000000,1324570160.000000,237035520.000000,1572368384.000000,0.000800,0.000000,0.000000,0.000000,0.009700,0.000000,0.011100,0.000000,0.000000,0.000000,0.005000,0.001900,0.002900,0.006800,0.000000
1221,1.400784,1.107001,1.102100,1.003600,1076.000000,851351416.000000,1324570160.000000,237035520.000000,1572368384.000000,0.000700,0.000000,0.000000,0.000000,0.009700,0.000000,0.045700,0.000000,0.000000,0.000000,0.004300,0.001900,0.002700,0.006300,0.000000
1222,1.401934,1.147803,1.149200,1.048500,1076.000000,851351440.000000,1324570160.000000,237035520.000000,1572368384.000000,0.000800,0.000000,0.000000,0.000000,0.009300,0.000000,0.012000,0.000000,0.000000,0.000000,0.004100,0.002000,0.002100,0.005100,0.000000
1223,1.403251,1.238896,1.209600,1.106000,1076.000000,851351040.000000,1324570160.000000,237035520.000000,1572368384.000000,0.000700,0.000000,0.000000,0.000000,0.009300,0.000000,0.011700,0.000000,0.000000,0.000000,0.004300,0.002100,0.002200,0.006100,0.000000
1224,1.404222,1.038705,1.061900,0.943100,1076.000000,851351064.000000,1324570160.000000,237035520.000000,1572368384.000000,0.000800,0.000000,0.000000,0.000000,0.011900,0.000000,0.011800,0.000000,0.000000,0.000000,0.006900,0.002600,0.002700,0.007600,0.000000
1225,1.405560,1.328295,1.322300,1.225200,1076.000000,851366072.000000,1324570160.000000,237035520.000000,1572368384.000000,0.307600,0.041300,0.011000,0.101700,0.009100,0.018800,0.011200,0.013700,0.019200,0.012200,0.004700,0.001900,0.002300,0.004900,0.000000
1226,1.406620,1.077204,1.062400,0.959600,1076.000000,851358072.000000,1324570160.000000,237035520.000000,1572433920.000000,0.000700,0.000000,0.000000,0.000000,0.010900,0.000000,0.011900,0.000000,0.000000,0.000000,0.004600,0.002500,0.002400,0.007000,0.000000
1227,1.407732,1.091497,1.094800,0.979800,1128.000000,851355456.000000,1324570160.000000,237035520.000000,1572433920.000000,0.000800,0.000000,0.000000,0.000000,0.009500,0.000000,0.038700,0.000000,0.000000,0.000000,0.004400,0.001900,0.002300,0.006400,0.000000
1228,1.408938,1.186203,1.175300,1.068400,1076.000000,851355496.000000,1324570160.000000,237035520.000000,1572433920.000000,0.000800,0.000000,0.000000,0.000000,0.010300,0.000000,0.028500,0.000000,0.000000,0.000000,0.004800,0.002200,0.002600,0.007500,0.000000
1229,1.410076,1.174497,1.182000,1.070900,1076.000000,851355336.000000,1324570160.000000,237035520.000000,1572433920.000000,0.000700,0.000000,0.000000,0.000000,0.009700,0.000000,0.011300,0.000000,0.000000,0.000000,0.004800,0.002500,0.002000,0.006600,0.000000
1230,1.411159,1.084800,1.085000,0.982400,1076.000000,851354920.000000,1324570160.000000,237035520.000000,1572433920.000000,0.000700,0.000000,0.000000,0.000000,0.009600,0.000000,0.032500,0.000000,0.000000,0.000000,0.004400,0.002500,0.002400,0.006900,0.000000
1231,1.412297,1.117000,1.105400,1.001400,1076.000000,851354960.000000,1324570160.000000,237035520.000000,1572433920.000000,0.000700,0.000000,0.000000,0.000000,0.009700,0.000000,0.010700,0.000000,0.000000,0.000000,0.004300,0.002900,0.002400,0.006900,0.000000
1232,1.413688,1.405605,1.399700,1.288800,1076.000000,851364680.000000,1324570160.000000,237035520.000000,1572433920.000000,0.000700,0.000000,0.000000,0.000000,0.010900,0.000000,0.049800,0.000000,0.000000,0.000000,0.004100,0.002900,0.002800,0.007200,0.000000
1233,1.414757,1.059396,1.069200,0.957700,1076.000000,851370288.000000,1324570160.000000,237035520.000000,1572433920.000000,0.000700,0.000000,0.000000,0.000000,0.010200,0.000000,0.011100,0.000000,0.000000,0.000000,0.004600,0.002400,0.002400,0.006800,0.000000
1234,1.415682,0.955704,0.957300,0.860100,1076.000000,851370736.000000,1324570160.000000,237035520.000000,1572433920.000000,0.000700,0.000000,0.000000,0.000000,0.009500,0.000000,0.011000,0.000000,0.000000,0.000000,0.004300,0.002500,0.002300,0.006500,0.000000
1235,1.416869,1.179897,1.174000,1.078200,1076.000000,851369912.000000,1324570160.000000,237035520.000000,1572433920.000000,0.000700,0.000000,0.000000,0.000000,0.008700,0.000000,0.010400,0.000000,0.000000,0.000000,0.003700,0.002500,0.002200,0.006200,0.000000
1236,1.417986,1.077204,0.998300,0.901100,1076.000000,851370360.000000,1324570160.000000,237035520.000000,1572433920.000000,0.000700,0.000000,0.000000,0.000000,0.009400,0.000000,0.011700,0.000000,0.000000,0.000000,0.004600,0.002700,0.002400,0.006900,0.000000
1237,1.418940,0.995996,1.071700,0.900700,1076.000000,851374480.000000,1324570160.000000,237035520.000000,1572433920.000000,0.000800,0.000000,0.000000,0.000000,0.009200,0.000000,0.012400,0.000000,0.000000,0.000000,0.004800,0.002100,0.002400,0.007000,0.000000
1238,1.419887,0.940901,0.937300,0.842000,1076.000000,851374080.000000,1324570160.000000,237035520.000000,1572433920.000000,0.000800,0.000000,0.000000,0.000000,0.008800,0.000000,0.010400,0.000000,0.000000,0.000000,0.004000,0.002900,0.002700,0.006400,0.000000
1239,1.420816,0.945500,0.929400,0.833600,1076.000000,851378200.000000,1324570160.000000,237035520.000000,1572433920.000000,0.000700,0.000000,0.000000,0.000000,0.009400,0.000000,0.011300,0.000000,0.000000,0.000000,0.003900,0.002100,0.002300,0.006500,0.000000
1240,1.422464,1.600999,1.385000,1.266600,1076.000000,851378472.000000,1324570160.000000,237035520.000000,1572433920.000000,0.339700,0.038900,0.012300,0.119500,0.008800,0.017900,0.011700,0.013600,0.019000,0.023700,0.003800,0.001900,0.002200,0.005200,0.000000
1241,1.423510,1.069402,1.288400,0.969000,1076.000000,851392856.000000,1324570160.000000,237035520.000000,1572433920.000000,0.000700,0.000000,0.000000,0.000000,0.012800,0.000000,0.011300,0.000000,0.000000,0.000000,0.004800,0.001900,0.002500,0.006400,0.000000
1242,1.424457,0.961501,0.962400,0.861900,1076.000000,851380760.000000,1324570160.000000,237035520.000000,1572433920.000000,0.000700,0.000000,0.000000,0.000000,0.009900,0.000000,0.011700,0.000000,0.000000,0.000000,0.004100,0.002000,0.002100,0.006500,0.000000
1243,1.425389,0.938995,0.940500,0.843700,1076.000000,851378144.000000,1324570160.000000,237035520.000000,1572433920.000000,0.000600,0.000000,0.000000,0.000000,0.008400,0.000000,0.011100,0.000000,0.000000,0.000000,0.003500,0.001800,0.002200,0.006000,0.000000
1244,1.426319,0.927700,0.923400,0.829200,1076.000000,851377936.000000,1324570160.000000,237035520.000000,1572433920.000000,0.000700,0.000000,0.000000,0.000000,0.008700,0.000000,0.009800,0.000000,0.000000,0.000000,0.004100,0.002400,0.002000,0.006300,0.000000
1245,1.427258,0.926304,0.920300,0.825700,1076.000000,851378400.000000,1324570160.000000,237035520.000000,1572433920.000000,0.000700,0.000000,0.000000,0.000000,0.008500,0.000000,0.010200,0.000000,0.000000,0.000000,0.003700,0.001700,0.001900,0.005900,0.000000
1246,1.428210,0.940497,0.942000,0.843600,1076.000000,851382080.000000,1324570160.000000,237035520.000000,1572433920.000000,0.000700,0.000000,0.000000,0.000000,0.010600,0.000000,0.010200,0.000000,0.000000,0.000000,0.003700,0.001600,0.002200,0.006500,0.000000
1247,1.429173,0.987904,0.983000,0.889100,1076.000000,851382120.000000,1324570160.000000,237035520.000000,1572433920.000000,0.000600,0.000000,0.000000,0.000000,0.008500,0.000000,0.009900,0.000000,0.000000,0.000000,0.004500,0.001700,0.002400,0.006400,0.000000
1248,1.430037,0.865993,0.864500,0.769300,1076.000000,851382136.000000,1324570160.000000,237035520.000000,1572433920.000000,0.000600,0.000000,0.000000,0.000000,0.009000,0.000000,0.010100,0.000000,0.000000,0.000000,0.003400,0.001600,0.002100,0.005900,0.000000
1249,1.430967,0.935806,0.936600,0.842200,1076.000000,851386672.000000,1324570160.000000,237035520.000000,1572433920.000000,0.000600,0.000000,0.000000,0.000000,0.008000,0.000000,0.010500,0.000000,0.000000,0.000000,0.003700,0.001600,0.002100,0.006000,0.000000
1250,1.431917,0.934198,0.927600,0.835300,1076.000000,851387672.000000,1324570160.000000,237035520.000000,1572433920.000000,0.000600,0.000000,0.000000,0.000000,0.008200,0.000000,0.010900,0.000000,0.000000,0.000000,0.003700,0.002000,0.002000,0.005600,0.000000
1251,1.432940,0.996499,0.986100,0.885500,1076.000000,851386424.000000,1324570160.000000,237035520.000000,1572433920.000000,0.000700,0.000000,0.000000,0.000000,0.009300,0.000000,0.011000,0.000000,0.000000,0.000000,0.004100,0.002700,0.002200,0.006300,0.000000
1252,1.433971,1.030697,1.031600,0.927600,1076.000000,851390544.000000,1324570160.000000,237035520.000000,1572433920.000000,0.000700,0.000000,0.000000,0.000000,0.009300,0.000000,0.010700,0.000000,0.000000,0.000000,0.004100,0.002200,0.002400,0.006500,0.000000
1253,1.434951,1.007299,1.006300,0.907100,1076.000000,851390992.000000,1324570160.000000,237035520.000000,1572433920.000000,0.000800,0.000000,0.000000,0.000000,0.009100,0.000000,0.010400,0.000000,0.000000,0.000000,0.004200,0.001900,0.002600,0.006100,0.000000
1254,1.435887,0.941603,0.942100,0.844000,1076.000000,851394688.000000,1324570160.000000,237035520.000000,1572433920.000000,0.000700,0.000000,0.000000,0.000000,0.008800,0.000000,0.010100,0.000000,0.000000,0.000000,0.003800,0.001900,0.002300,0.006900,0.000000
1255,1.437424,1.375702,1.310700,1.201200,1076.000000,851394712.000000,1324570160.000000,237035520.000000,1572433920.000000,0.000600,0.000000,0.000000,0.000000,0.008300,0.000000,0.010000,0.000000,0.000000,0.000000,0.003500,0.001800,0.002200,0.006200,0.000000
1256,1.439025,1.730400,1.776300,1.625400,1076.000000,851395440.000000,1324570160.000000,237035520.000000,1572433920.000000,0.345900,0.044100,0.012500,0.118900,0.017900,0.018200,0.011500,0.015100,0.020900,0.012900,0.008500,0.001900,0.003300,0.005600,0.000000
1257,1.440167,1.145897,1.147600,1.039100,1076.000000,851409832.000000,1324570160.000000,237035520.000000,1572433920.000000,0.000600,0.000000,0.000000,0.000000,0.011500,0.000000,0.042200,0.000000,0.000000,0.000000,0.004900,0.002100,0.002500,0.006800,0.000000
1258,1.441263,1.100099,1.095200,0.991400,1076.000000,851401832.000000,1324570160.000000,237035520.000000,1572433920.000000,0.000700,0.000000,0.000000,0.000000,0.010400,0.000000,0.012700,0.000000,0.000000,0.000000,0.004600,0.002000,0.002400,0.006600,0.000000
1259,1.442467,1.202005,1.199100,1.089500,1076.000000,851399216.000000,1324570160.000000,237035520.000000,1572433920.000000,0.000700,0.000000,0.000000,0.000000,0.010300,0.000000,0.026100,0.000000,0.000000,0.000000,0.004800,0.002000,0.002300,0.006600,0.000000
1260,1.443569,1.081498,1.077600,0.973500,1076.000000,851398552.000000,1324570160.000000,237035520.000000,1572433920.000000,0.000700,0.000000,0.000000,0.000000,0.010100,0.000000,0.023900,0.000000,0.000000,0.000000,0.004500,0.002400,0.002400,0.007300,0.000000
1261,1.444612,1.063400,1.058300,0.953100,1076.000000,851399016.000000,1324570160.000000,237035520.000000,1572433920.000000,0.000700,0.000000,0.000000,0.000000,0.012400,0.000000,0.010900,0.000000,0.000000,0.000000,0.004700,0.002100,0.002300,0.007000,0.000000
1262,1.445751,1.148398,1.140500,1.031600,1076.000000,851398600.000000,1324570160.000000,237035520.000000,1572433920.000000,0.000600,0.000000,0.000000,0.000000,0.010800,0.000000,0.009600,0.000000,0.000000,0.000000,0.004300,0.002400,0.002000,0.005700,0.000000
1263,1.446931,1.176899,1.181100,1.069700,1076.000000,851398640.000000,1324570160.000000,237035520.000000,1572433920.000000,0.000600,0.000000,0.000000,0.000000,0.009000,0.000000,0.010400,0.000000,0.000000,0.000000,0.004000,0.002300,0.002300,0.006700,0.000000
1264,1.448279,1.328600,1.314800,1.206200,1076.000000,851399080.000000,1324570160.000000,237035520.000000,1572433920.000000,0.000700,0.000000,0.000000,0.000000,0.009600,0.000000,0.012400,0.000000,0.000000,0.000000,0.004600,0.001900,0.002700,0.007500,0.000000
1265,1.449484,1.205102,1.202200,1.084700,1076.000000,851403192.000000,1324570160.000000,237035520.000000,1572433920.000000,0.000700,0.000000,0.000000,0.000000,0.010900,0.000000,0.029500,0.000000,0.000000,0.000000,0.004400,0.002100,0.002400,0.006900,0.000000
1266,1.450721,1.249702,1.249100,1.081500,1076.000000,851403640.000000,1324570160.000000,237035520.000000,1572433920.000000,0.000700,0.000000,0.000000,0.000000,0.011300,0.000000,0.010900,0.000000,0.000000,0.000000,0.004600,0.002100,0.002600,0.006800,0.000000
1267,1.451949,1.230095,1.234500,1.122800,1076.000000,851406912.000000,1324570160.000000,237035520.000000,1572433920.000000,0.000700,0.000000,0.000000,0.000000,0.010700,0.000000,0.028000,0.000000,0.000000,0.000000,0.004900,0.002600,0.002300,0.007200,0.000000
1268,1.452968,1.026701,1.026100,0.921900,1076.000000,851406936.000000,1324570160.000000,237035520.000000,1572433920.000000,0.000700,0.000000,0.000000,0.000000,0.010300,0.000000,0.011700,0.000000,0.000000,0.000000,0.004700,0.002100,0.002600,0.007000,0.000000
1269,1.454134,1.150702,1.151200,1.048700,1076.000000,851407384.000000,1324570160.000000,237035520.000000,1572433920.000000,0.000700,0.000000,0.000000,0.000000,0.009600,0.000000,0.011400,0.000000,0.000000,0.000000,0.004700,0.002800,0.002600,0.007000,0.000000
1270,1.455496,1.371804,1.366400,1.267100,1076.000000,851407312.000000,1324570160.000000,237035520.000000,1572433920.000000,0.319000,0.042400,0.012400,0.104300,0.009000,0.018900,0.036700,0.014200,0.020200,0.012900,0.004300,0.002200,0.002200,0.004900,0.000000
1271,1.456567,1.066100,1.055400,0.953300,1076.000000,851415528.000000,1324570160.000000,237035520.000000,1572433920.000000,0.000600,0.000000,0.000000,0.000000,0.011100,0.000000,0.099700,0.000000,0.000000,0.000000,0.004500,0.002900,0.002500,0.006800,0.000000
1272,1.457756,1.197399,1.196700,1.083300,1076.000000,851415552.000000,1324570160.000000,237035520.000000,1572433920.000000,0.000700,0.000000,0.000000,0.000000,0.010400,0.000000,0.011100,0.000000,0.000000,0.000000,0.004500,0.002200,0.002500,0.006600,0.000000
1273,1.458934,1.171096,1.171300,1.066300,1076.000000,851430064.000000,1324570160.000000,237035520.000000,1572433920.000000,0.000700,0.000000,0.000000,0.000000,0.010400,0.000000,0.037900,0.000000,0.000000,0.000000,0.004500,0.002700,0.002600,0.007100,0.000000
1274,1.459991,1.059403,1.059000,0.955900,1076.000000,851417640.000000,1324570160.000000,237035520.000000,1572433920.000000,0.000700,0.000000,0.000000,0.000000,0.010000,0.000000,0.012300,0.000000,0.000000,0.000000,0.004500,0.002000,0.002300,0.006500,0.000000
1275,1.460997,1.019296,1.016900,0.916000,1076.000000,851415024.000000,1324570160.000000,237035520.000000,1572433920.000000,0.000700,0.000000,0.000000,0.000000,0.011100,0.000000,0.011200,0.000000,0.000000,0.000000,0.004100,0.001900,0.002500,0.006400,0.000000
1276,1.462227,1.205704,1.197300,1.094000,1076.000000,851415064.000000,1324570160.000000,237035520.000000,1572433920.000000,0.000700,0.000000,0.000000,0.000000,0.009200,0.000000,0.095200,0.000000,0.000000,0.000000,0.003900,0.002800,0.002300,0.006900,0.000000
1277,1.463625,1.392701,1.380800,1.271000,1076.000000,851415528.000000,1324570160.000000,237035520.000000,1572433920.000000,0.000700,0.000000,0.000000,0.000000,0.010500,0.000000,0.045400,0.000000,0.000000,0.000000,0.004400,0.002100,0.002600,0.007200,0.000000
1278,1.465007,1.344600,1.322900,1.199000,1076.000000,851419632.000000,1324570160.000000,237035520.000000,1572433920.000000,0.000800,0.000000,0.000000,0.000000,0.010600,0.000000,0.039600,0.000000,0.000000,0.000000,0.004800,0.002300,0.002500,0.007800,0.000000
1279,1.466300,1.237798,1.249200,1.121000,1076.000000,851419248.000000,1324570160.000000,237035520.000000,1572433920.000000,0.000700,0.000000,0.000000,0.000000,0.012800,0.000000,0.029200,0.000000,0.000000,0.000000,0.007100,0.002900,0.002700,0.008000,0.000000
1280,1.467359,1.158801,1.161400,1.044000,1076.000000,851419264.000000,1324570160.000000,237035520.000000,1572433920.000000,0.001000,0.000000,0.000000,0.000000,0.024000,0.000000,0.011300,0.000000,0.000000,0.000000,0.008300,0.002200,0.003100,0.007500,0.000000
1281,1.468340,0.999398,1.006600,0.894000,1076.000000,851419704.000000,1324570160.000000,237035520.000000,1572433920.000000,0.000700,0.000000,0.000000,0.000000,0.010500,0.000000,0.010900,0.000000,0.000000,0.000000,0.004500,0.002000,0.002500,0.005200,0.000000
1282,1.469547,1.191702,0.955000,0.854600,1076.000000,851420160.000000,1324570160.000000,237035520.000000,1572433920.000000,0.000500,0.000000,0.000000,0.000000,0.010000,0.000000,0.011200,0.000000,0.000000,0.000000,0.004400,0.002300,0.002400,0.006900,0.000000
1283,1.470524,0.988095,1.220800,0.889900,1076.000000,851419328.000000,1324570160.000000,237035520.000000,1572433920.000000,0.000600,0.000000,0.000000,0.000000,0.010700,0.000000,0.011200,0.000000,0.000000,0.000000,0.004300,0.002000,0.002400,0.006500,0.000000
1284,1.471881,1.352905,1.329900,1.228500,1076.000000,851423824.000000,1324570160.000000,237035520.000000,1572433920.000000,0.323900,0.041400,0.011400,0.119800,0.009500,0.017300,0.010500,0.014300,0.020200,0.012800,0.004400,0.002000,0.002200,0.004500,0.000000
1285,1.472894,1.022201,1.035900,0.914900,1076.000000,851424272.000000,1324570160.000000,237035520.000000,1572433920.000000,0.000700,0.000000,0.000000,0.000000,0.011400,0.000000,0.011900,0.000000,0.000000,0.000000,0.004200,0.001700,0.002500,0.006900,0.000000
1286,1.473891,0.979400,0.981400,0.878200,1076.000000,851423872.000000,1324570160.000000,237035520.000000,1572433920.000000,0.000600,0.000000,0.000000,0.000000,0.009400,0.000000,0.011000,0.000000,0.000000,0.000000,0.004000,0.002600,0.002400,0.006700,0.000000
1287,1.474840,0.965696,0.964600,0.866700,1076.000000,851423896.000000,1324570160.000000,237035520.000000,1572433920.000000,0.000600,0.000000,0.000000,0.000000,0.009000,0.000000,0.010900,0.000000,0.000000,0.000000,0.004000,0.001900,0.002500,0.006500,0.000000
1288,1.475781,0.950404,0.950300,0.853300,1076.000000,851427640.000000,1324570160.000000,237035520.000000,1572433920.000000,0.000600,0.000000,0.000000,0.000000,0.008500,0.000000,0.011000,0.000000,0.000000,0.000000,0.003400,0.001900,0.002500,0.006400,0.000000
1289,1.476914,1.122499,1.114900,1.018800,1076.000000,851442024.000000,1324570160.000000,237035520.000000,1572433920.000000,0.000700,0.000000,0.000000,0.000000,0.008400,0.000000,0.010600,0.000000,0.000000,0.000000,0.003500,0.001900,0.002300,0.006400,0.000000
1290,1.477876,0.950298,0.948200,0.848100,1076.000000,851434024.000000,1324570160.000000,237035520.000000,1572499456.000000,0.000700,0.000000,0.000000,0.000000,0.009100,0.000000,0.012700,0.000000,0.000000,0.000000,0.003600,0.002800,0.002300,0.006600,0.000000
1291,1.478913,1.056399,1.055100,0.953800,1076.000000,851431408.000000,1324570160.000000,237035520.000000,1572499456.000000,0.000700,0.000000,0.000000,0.000000,0.009100,0.000000,0.011100,0.000000,0.000000,0.000000,0.004600,0.001900,0.002300,0.006400,0.000000
1292,1.480038,1.112805,1.091100,0.988800,1076.000000,851431872.000000,1324570160.000000,237035520.000000,1572499456.000000,0.000600,0.000000,0.000000,0.000000,0.009100,0.000000,0.012200,0.000000,0.000000,0.000000,0.004300,0.002500,0.002500,0.006600,0.000000
1293,1.481080,1.035799,1.050200,0.933600,1076.000000,851431912.000000,1324570160.000000,237035520.000000,1572499456.000000,0.000700,0.000000,0.000000,0.000000,0.010200,0.000000,0.012200,0.000000,0.000000,0.000000,0.004700,0.001900,0.002500,0.007300,0.000000
1294,1.482493,1.390398,1.345000,1.233200,1076.000000,851420720.000000,1324570160.000000,237035520.000000,1572499456.000000,0.000800,0.000000,0.000000,0.000000,0.009900,0.000000,0.010900,0.000000,0.000000,0.000000,0.004800,0.002000,0.002500,0.006500,0.000000
1295,1.483693,1.224901,1.257400,1.117800,1076.000000,851420760.000000,1324570160.000000,237035520.000000,1572499456.000000,0.000700,0.000000,0.000000,0.000000,0.011700,0.000000,0.011200,0.000000,0.000000,0.000000,0.004500,0.002600,0.002800,0.007600,0.000000
1296,1.484682,1.001899,1.002300,0.896700,1076.000000,851420776.000000,1324570160.000000,237035520.000000,1572499456.000000,0.000700,0.000000,0.000000,0.000000,0.010200,0.000000,0.011000,0.000000,0.000000,0.000000,0.004400,0.002200,0.002600,0.007100,0.000000
1297,1.485604,0.927303,0.931600,0.828800,1076.000000,851425312.000000,1324570160.000000,237035520.000000,1572499456.000000,0.000600,0.000000,0.000000,0.000000,0.009500,0.000000,0.010700,0.000000,0.000000,0.000000,0.004200,0.002000,0.002200,0.005800,0.000000
1298,1.486560,0.956796,0.952200,0.856900,1076.000000,851425768.000000,1324570160.000000,237035520.000000,1572499456.000000,0.000600,0.000000,0.000000,0.000000,0.008700,0.000000,0.009600,0.000000,0.000000,0.000000,0.003500,0.001700,0.002300,0.005700,0.000000
1299,1.487513,0.953401,0.951300,0.851700,1076.000000,851424936.000000,1324570160.000000,237035520.000000,1572499456.000000,0.000600,0.000000,0.000000,0.000000,0.008900,0.000000,0.011000,0.000000,0.000000,0.000000,0.003500,0.001800,0.002300,0.005300,0.000000
1300,1.488812,1.295798,1.288200,1.190800,1076.000000,851425384.000000,1324570160.000000,237035520.000000,1572499456.000000,0.308800,0.042900,0.012000,0.105300,0.008700,0.016900,0.010500,0.015000,0.019200,0.012300,0.003600,0.001800,0.002200,0.004900,0.000000
1301,1.489744,0.938102,0.941000,0.840300,1076.000000,851425832.000000,1324570160.000000,237035520.000000,1572499456.000000,0.000700,0.000000,0.000000,0.000000,0.010400,0.000000,0.011000,0.000000,0.000000,0.000000,0.003900,0.001800,0.002300,0.006500,0.000000
1302,1.490811,1.049596,1.042200,0.944400,1076.000000,851425432.000000,1324570160.000000,237035520.000000,1572499456.000000,0.000700,0.000000,0.000000,0.000000,0.008800,0.000000,0.010000,0.000000,0.000000,0.000000,0.003700,0.001600,0.002100,0.005400,0.000000
1303,1.491965,1.139300,1.133100,1.029800,1076.000000,851429552.000000,1324570160.000000,237035520.000000,1572499456.000000,0.000700,0.000000,0.000000,0.000000,0.010100,0.000000,0.010800,0.000000,0.000000,0.000000,0.004700,0.002700,0.002300,0.006600,0.000000
1304,1.493096,1.134906,1.130500,1.023200,1076.000000,851429152.000000,1324570160.000000,237035520.000000,1572499456.000000,0.000700,0.000000,0.000000,0.000000,0.010200,0.000000,0.039600,0.000000,0.000000,0.000000,0.004800,0.002000,0.002700,0.007000,0.000000
1305,1.494247,1.132696,1.133100,1.026400,1076.000000,851447632.000000,1324570160.000000,237035520.000000,1572499456.000000,0.000800,0.000000,0.000000,0.000000,0.010200,0.000000,0.056800,0.000000,0.000000,0.000000,0.004600,0.002300,0.002500,0.007200,0.000000
1306,1.495273,1.058404,1.057700,0.955700,1076.000000,851435960.000000,1324570160.000000,237035520.000000,1572499456.000000,0.000700,0.000000,0.000000,0.000000,0.012300,0.000000,0.015400,0.000000,0.000000,0.000000,0.004900,0.002000,0.002600,0.006900,0.000000
1307,1.496356,1.073399,1.066800,0.966300,1076.000000,851432920.000000,1324570160.000000,237035520.000000,1572499456.000000,0.000700,0.000000,0.000000,0.000000,0.009500,0.000000,0.025000,0.000000,0.000000,0.000000,0.004000,0.001900,0.002400,0.006700,0.000000
1308,1.497694,1.317999,1.296800,1.185800,1076.000000,851432960.000000,1324570160.000000,237035520.000000,1572499456.000000,0.000600,0.000000,0.000000,0.000000,0.010400,0.000000,0.010600,0.000000,0.000000,0.000000,0.004900,0.002700,0.002500,0.007600,0.000000
1309,1.498970,1.234899,1.218100,1.094500,1076.000000,851433424.000000,1324570160.000000,237035520.000000,1572499456.000000,0.000800,0.000000,0.000000,0.000000,0.010600,0.000000,0.050400,0.000000,0.000000,0.000000,0.005200,0.002200,0.002700,0.007400,0.000000
1310,1.500077,1.174298,1.193400,1.062300,1076.000000,851437104.000000,1324570160.000000,237035520.000000,1572499456.000000,0.000800,0.000000,0.000000,0.000000,0.013700,0.000000,0.033700,0.000000,0.000000,0.000000,0.005800,0.002100,0.003100,0.007000,0.000000
1311,1.501147,1.063499,1.069300,0.956200,1076.000000,851437144.000000,1324570160.000000,237035520.000000,1572499456.000000,0.000700,0.000000,0.000000,0.000000,0.009200,0.000000,0.011100,0.000000,0.000000,0.000000,0.004400,0.002700,0.002300,0.006800,0.000000
1312,1.502417,1.231604,1.209900,1.099700,1076.000000,851437160.000000,1324570160.000000,237035520.000000,1572499456.000000,0.000800,0.000000,0.000000,0.000000,0.009600,0.000000,0.041200,0.000000,0.000000,0.000000,0.004500,0.002100,0.002700,0.006700,0.000000
1313,1.503606,1.197697,1.189800,1.064600,1076.000000,851437600.000000,1324570160.000000,237035520.000000,1572499456.000000,0.000800,0.000000,0.000000,0.000000,0.012300,0.000000,0.013100,0.000000,0.000000,0.000000,0.005200,0.002500,0.002500,0.007000,0.000000
1314,1.504663,1.098802,1.119900,0.996500,1076.000000,851438056.000000,1324570160.000000,237035520.000000,1572499456.000000,0.000700,0.000000,0.000000,0.000000,0.012200,0.000000,0.011800,0.000000,0.000000,0.000000,0.005200,0.002500,0.002500,0.006900,0.000000
1315,1.505995,1.309800,1.307200,1.204300,1076.000000,851442528.000000,1324570160.000000,237035520.000000,1572499456.000000,0.358900,0.043900,0.013700,0.113800,0.009500,0.023000,0.014200,0.019100,0.025400,0.019500,0.004300,0.002200,0.002200,0.005400,0.000000
1316,1.506972,0.989902,0.982700,0.881100,1076.000000,851446648.000000,1324570160.000000,237035520.000000,1572499456.000000,0.000700,0.000000,0.000000,0.000000,0.010200,0.000000,0.011200,0.000000,0.000000,0.000000,0.004200,0.001800,0.002600,0.005500,0.000000
1317,1.507995,1.011898,1.012900,0.905400,1076.000000,851447096.000000,1324570160.000000,237035520.000000,1572499456.000000,0.000900,0.000000,0.000000,0.000000,0.009200,0.000000,0.011300,0.000000,0.000000,0.000000,0.004200,0.001900,0.002300,0.005600,0.000000
1318,1.509027,0.998200,0.994000,0.890700,1076.000000,851446696.000000,1324570160.000000,237035520.000000,1572499456.000000,0.000700,0.000000,0.000000,0.000000,0.009000,0.000000,0.010800,0.000000,0.000000,0.000000,0.004000,0.001900,0.002100,0.005700,0.000000
1319,1.510194,1.194296,1.165800,1.054700,1076.000000,851441416.000000,1324570160.000000,237035520.000000,1572499456.000000,0.000800,0.000000,0.000000,0.000000,0.012400,0.000000,0.032000,0.000000,0.000000,0.000000,0.005100,0.002200,0.002500,0.006900,0.000000
1320,1.511201,0.995004,1.022100,0.897200,1076.000000,851441864.000000,1324570160.000000,237035520.000000,1572499456.000000,0.000700,0.000000,0.000000,0.000000,0.012300,0.000000,0.013400,0.000000,0.000000,0.000000,0.004600,0.002100,0.002500,0.007200,0.000000
1321,1.512343,1.127700,1.109300,1.006300,1076.000000,851455824.000000,1324570160.000000,237035520.000000,1572499456.000000,0.000700,0.000000,0.000000,0.000000,0.012000,0.000000,0.012200,0.000000,0.000000,0.000000,0.005600,0.002000,0.002500,0.007700,0.000000
1322,1.513412,1.113499,1.121000,1.006500,1076.000000,851451920.000000,1324570160.000000,237035520.000000,1572499456.000000,0.000800,0.000000,0.000000,0.000000,0.011200,0.000000,0.012700,0.000000,0.000000,0.000000,0.006100,0.002800,0.003200,0.008100,0.000000
1323,1.514413,0.992999,0.994200,0.889900,1076.000000,851449304.000000,1324570160.000000,237035520.000000,1572499456.000000,0.000700,0.000000,0.000000,0.000000,0.009500,0.000000,0.011500,0.000000,0.000000,0.000000,0.004200,0.002200,0.002900,0.006300,0.000000
1324,1.515371,0.973498,0.972800,0.873400,1076.000000,851449344.000000,1324570160.000000,237035520.000000,1572499456.000000,0.000600,0.000000,0.000000,0.000000,0.008800,0.000000,0.010900,0.000000,0.000000,0.000000,0.004100,0.001800,0.002400,0.006800,0.000000
1325,1.517057,1.639406,0.966900,0.869100,1076.000000,851449808.000000,1324570160.000000,237035520.000000,1572499456.000000,0.000700,0.000000,0.000000,0.000000,0.010400,0.000000,0.010600,0.000000,0.000000,0.000000,0.003800,0.001800,0.002200,0.006200,0.000000
1326,1.518147,1.129096,1.790600,1.023400,1076.000000,851449392.000000,1324570160.000000,237035520.000000,1572499456.000000,0.001000,0.000000,0.000000,0.000000,0.012300,0.000000,0.011700,0.000000,0.000000,0.000000,0.004700,0.002000,0.003100,0.006800,0.000000
1327,1.519151,1.017900,1.020400,0.916300,1076.000000,851449432.000000,1324570160.000000,237035520.000000,1572499456.000000,0.000700,0.000000,0.000000,0.000000,0.010000,0.000000,0.010800,0.000000,0.000000,0.000000,0.004300,0.002100,0.002600,0.006600,0.000000
1328,1.520068,0.914803,0.911400,0.812300,1076.000000,851449448.000000,1324570160.000000,237035520.000000,1572499456.000000,0.000700,0.000000,0.000000,0.000000,0.008700,0.000000,0.011400,0.000000,0.000000,0.000000,0.003700,0.001900,0.002400,0.006700,0.000000
1329,1.520998,0.941298,0.943300,0.844200,1076.000000,851453984.000000,1324570160.000000,237035520.000000,1572499456.000000,0.000700,0.000000,0.000000,0.000000,0.009200,0.000000,0.011200,0.000000,0.000000,0.000000,0.004300,0.001700,0.002600,0.006500,0.000000
1330,1.522281,1.277997,1.246100,1.150900,1076.000000,851454560.000000,1324570160.000000,237035520.000000,1572499456.000000,0.310900,0.040400,0.011800,0.107400,0.008600,0.017600,0.009800,0.014900,0.020400,0.012700,0.003900,0.001900,0.002300,0.004700,0.000000
1331,1.523286,0.985303,0.950700,0.827500,1076.000000,851457824.000000,1324570160.000000,237035520.000000,1572503552.000000,0.000700,0.000000,0.000000,0.000000,0.010000,0.000000,0.010300,0.000000,0.000000,0.000000,0.004100,0.001900,0.002300,0.006400,0.000000
1332,1.524261,0.990703,1.043600,0.891200,1076.000000,851457848.000000,1324570160.000000,237035520.000000,1572503552.000000,0.000700,0.000000,0.000000,0.000000,0.009900,0.000000,0.012300,0.000000,0.000000,0.000000,0.004800,0.002000,0.002500,0.007000,0.000000
1333,1.525218,0.951694,0.947900,0.847800,1076.000000,851458296.000000,1324570160.000000,237035520.000000,1572503552.000000,0.000600,0.000000,0.000000,0.000000,0.009100,0.000000,0.011400,0.000000,0.000000,0.000000,0.003900,0.002300,0.002200,0.006300,0.000000
1334,1.526191,0.975305,0.977300,0.875300,1076.000000,851462296.000000,1324570160.000000,237035520.000000,1572503552.000000,0.000600,0.000000,0.000000,0.000000,0.009600,0.000000,0.012900,0.000000,0.000000,0.000000,0.004000,0.001800,0.002100,0.006300,0.000000
1335,1.527147,0.961997,0.958200,0.861900,1076.000000,851465992.000000,1324570160.000000,237035520.000000,1572503552.000000,0.000700,0.000000,0.000000,0.000000,0.008900,0.000000,0.011700,0.000000,0.000000,0.000000,0.004000,0.001700,0.002100,0.006100,0.000000
1336,1.528120,0.961302,0.957300,0.859600,1076.000000,851466016.000000,1324570160.000000,237035520.000000,1572503552.000000,0.000700,0.000000,0.000000,0.000000,0.008900,0.000000,0.011300,0.000000,0.000000,0.000000,0.003800,0.001800,0.002200,0.006100,0.000000
1337,1.529127,1.017701,1.017400,0.918900,1076.000000,851480400.000000,1324570160.000000,237035520.000000,1572503552.000000,0.000700,0.000000,0.000000,0.000000,0.009100,0.000000,0.011400,0.000000,0.000000,0.000000,0.004400,0.001800,0.002400,0.005800,0.000000
1338,1.530107,0.967000,0.956900,0.859800,1076.000000,851468416.000000,1324570160.000000,237035520.000000,1572503552.000000,0.000700,0.000000,0.000000,0.000000,0.008800,0.000000,0.011700,0.000000,0.000000,0.000000,0.003600,0.001800,0.002600,0.006100,0.000000
1339,1.531085,0.992496,0.996900,0.894000,1076.000000,851469896.000000,1324570160.000000,237035520.000000,1572503552.000000,0.000600,0.000000,0.000000,0.000000,0.009500,0.000000,0.010900,0.000000,0.000000,0.000000,0.004100,0.002100,0.002500,0.006300,0.000000
1340,1.532070,0.968403,0.958900,0.860000,1076.000000,851469944.000000,1324570160.000000,237035520.000000,1572503552.000000,0.000800,0.000000,0.000000,0.000000,0.009400,0.000000,0.010400,0.000000,0.000000,0.000000,0.004000,0.002600,0.002300,0.007200,0.000000
1341,1.533137,1.067396,1.061600,0.956100,1076.000000,851470400.000000,1324570160.000000,237035520.000000,1572503552.000000,0.000900,0.000000,0.000000,0.000000,0.010300,0.000000,0.011300,0.000000,0.000000,0.000000,0.004200,0.002000,0.002600,0.006600,0.000000
1342,1.534181,1.015405,1.017600,0.908900,1076.000000,851474080.000000,1324570160.000000,237035520.000000,1572503552.000000,0.000900,0.000000,0.000000,0.000000,0.010100,0.000000,0.010600,0.000000,0.000000,0.000000,0.003800,0.001800,0.002500,0.006700,0.000000
1343,1.535161,1.021499,1.023700,0.923000,1076.000000,851474120.000000,1324570160.000000,237035520.000000,1572503552.000000,0.000900,0.000000,0.000000,0.000000,0.010100,0.000000,0.011100,0.000000,0.000000,0.000000,0.004400,0.002000,0.002600,0.004700,0.000000
1344,1.536270,1.100900,1.090500,0.993500,1076.000000,851483840.000000,1324570160.000000,237035520.000000,1572503552.000000,0.000800,0.000000,0.000000,0.000000,0.008800,0.000000,0.010900,0.000000,0.000000,0.000000,0.003800,0.001700,0.002300,0.006300,0.000000
1345,1.537250,0.983496,0.985200,0.881200,1076.000000,851485352.000000,1324570160.000000,237035520.000000,1572503552.000000,0.000600,0.000000,0.000000,0.000000,0.008600,0.000000,0.010700,0.000000,0.000000,0.000000,0.004300,0.002000,0.002300,0.006100,0.000000
1346,1.538753,1.453501,1.444400,1.341700,1076.000000,851486000.000000,1324570160.000000,237035520.000000,1572503552.000000,0.321100,0.041000,0.012700,0.112400,0.009300,0.018200,0.010300,0.014600,0.021200,0.012200,0.004100,0.002400,0.002300,0.004800,0.000000
1347,1.539865,1.140200,1.138100,1.030900,1076.000000,851485176.000000,1324570160.000000,237035520.000000,1572503552.000000,0.000700,0.000000,0.000000,0.000000,0.011100,0.000000,0.010900,0.000000,0.000000,0.000000,0.004200,0.002000,0.002400,0.006400,0.000000
1348,1.541170,1.240703,1.179300,1.068800,1076.000000,851489720.000000,1324570160.000000,237035520.000000,1572503552.000000,0.000800,0.000000,0.000000,0.000000,0.009900,0.000000,0.088200,0.000000,0.000000,0.000000,0.004900,0.002000,0.002300,0.006700,0.000000
1349,1.542192,1.110799,1.174300,1.025400,1076.000000,851489744.000000,1324570160.000000,237035520.000000,1572503552.000000,0.000800,0.000000,0.000000,0.000000,0.013000,0.000000,0.013900,0.000000,0.000000,0.000000,0.007100,0.002600,0.002800,0.008400,0.000000
1350,1.543238,1.039002,1.033900,0.935800,1076.000000,851489144.000000,1324570160.000000,237035520.000000,1572503552.000000,0.000600,0.000000,0.000000,0.000000,0.009300,0.000000,0.010500,0.000000,0.000000,0.000000,0.004300,0.002300,0.002200,0.006500,0.000000
1351,1.544314,1.073795,1.069400,0.968800,1076.000000,851489168.000000,1324570160.000000,237035520.000000,1572503552.000000,0.000700,0.000000,0.000000,0.000000,0.009900,0.000000,0.034700,0.000000,0.000000,0.000000,0.004000,0.001900,0.002100,0.006300,0.000000
1352,1.545302,0.996301,0.997400,0.897900,1076.000000,851489192.000000,1324570160.000000,237035520.000000,1572503552.000000,0.000600,0.000000,0.000000,0.000000,0.009600,0.000000,0.034500,0.000000,0.000000,0.000000,0.004700,0.001900,0.002300,0.006200,0.000000
1353,1.546405,1.099802,1.093800,0.997700,1076.000000,851503584.000000,1324570160.000000,237035520.000000,1572503552.000000,0.000800,0.000000,0.000000,0.000000,0.009300,0.000000,0.030700,0.000000,0.000000,0.000000,0.004000,0.001600,0.001900,0.006200,0.000000
1354,1.547688,1.271400,1.261200,1.157000,1076.000000,851495584.000000,1324570160.000000,237035520.000000,1572503552.000000,0.000900,0.000000,0.000000,0.000000,0.009400,0.000000,0.048400,0.000000,0.000000,0.000000,0.003900,0.001800,0.002300,0.006400,0.000000
1355,1.549139,1.405499,1.360500,1.244100,1076.000000,851492968.000000,1324570160.000000,237035520.000000,1572503552.000000,0.000900,0.000000,0.000000,0.000000,0.010200,0.000000,0.035500,0.000000,0.000000,0.000000,0.004400,0.002700,0.002200,0.006800,0.000000
1356,1.550352,1.243197,1.282700,1.137600,1076.000000,851497112.000000,1324570160.000000,237035520.000000,1572569088.000000,0.000700,0.000000,0.000000,0.000000,0.012400,0.000000,0.031800,0.000000,0.000000,0.000000,0.005300,0.002100,0.002700,0.007700,0.000000
1357,1.551530,1.144700,1.139400,1.029700,1076.000000,851497568.000000,1324570160.000000,237035520.000000,1572569088.000000,0.000800,0.000000,0.000000,0.000000,0.011100,0.000000,0.012100,0.000000,0.000000,0.000000,0.005000,0.002500,0.002700,0.006700,0.000000
1358,1.552711,1.214902,1.206700,1.093500,1076.000000,851497152.000000,1324570160.000000,237035520.000000,1572569088.000000,0.000800,0.000000,0.000000,0.000000,0.010400,0.000000,0.033700,0.000000,0.000000,0.000000,0.005600,0.002500,0.002700,0.007300,0.000000
1359,1.553955,1.224504,1.225300,1.106500,1076.000000,851497192.000000,1324570160.000000,237035520.000000,1572569088.000000,0.000800,0.000000,0.000000,0.000000,0.009800,0.000000,0.037500,0.000000,0.000000,0.000000,0.004700,0.002400,0.002700,0.007100,0.000000
1360,1.555329,1.418594,1.422700,1.312200,1076.000000,851497440.000000,1324570160.000000,237035520.000000,1572569088.000000,0.319900,0.040700,0.011900,0.105400,0.010500,0.017900,0.025400,0.013600,0.019800,0.012400,0.004900,0.002200,0.002700,0.005100,0.000000
1361,1.556607,1.248101,1.234500,1.125900,1076.000000,851501976.000000,1324570160.000000,237035520.000000,1572569088.000000,0.000700,0.000000,0.000000,0.000000,0.010800,0.000000,0.025500,0.000000,0.000000,0.000000,0.004100,0.002800,0.002400,0.006500,0.000000
1362,1.557840,1.224001,1.234900,1.121000,1076.000000,851502848.000000,1324570160.000000,237035520.000000,1572569088.000000,0.000700,0.000000,0.000000,0.000000,0.011200,0.000000,0.027400,0.000000,0.000000,0.000000,0.004900,0.002500,0.002700,0.006700,0.000000
1363,1.558823,1.027799,1.028100,0.927300,1076.000000,851501600.000000,1324570160.000000,237035520.000000,1572569088.000000,0.000800,0.000000,0.000000,0.000000,0.011700,0.000000,0.040700,0.000000,0.000000,0.000000,0.005300,0.001700,0.002700,0.007200,0.000000
1364,1.559896,1.071103,1.067400,0.969900,1076.000000,851501392.000000,1324570160.000000,237035520.000000,1572569088.000000,0.000700,0.000000,0.000000,0.000000,0.009100,0.000000,0.036100,0.000000,0.000000,0.000000,0.004300,0.002500,0.002300,0.006400,0.000000
1365,1.560811,0.924603,0.924800,0.827600,1076.000000,851501840.000000,1324570160.000000,237035520.000000,1572569088.000000,0.000700,0.000000,0.000000,0.000000,0.009400,0.000000,0.011400,0.000000,0.000000,0.000000,0.004300,0.002600,0.002400,0.006400,0.000000
1366,1.562082,1.171698,1.160100,1.063600,1076.000000,851501440.000000,1324570160.000000,237035520.000000,1572569088.000000,0.000500,0.000000,0.000000,0.000000,0.008700,0.000000,0.010600,0.000000,0.000000,0.000000,0.004000,0.002300,0.002200,0.006500,0.000000
1367,1.563222,1.221797,1.221600,1.117600,1076.000000,851505560.000000,1324570160.000000,237035520.000000,1572569088.000000,0.000800,0.000000,0.000000,0.000000,0.009500,0.000000,0.033700,0.000000,0.000000,0.000000,0.006400,0.002200,0.003200,0.007900,0.000000
1368,1.564287,0.998299,0.998900,0.898200,1076.000000,851505584.000000,1324570160.000000,237035520.000000,1572569088.000000,0.000600,0.000000,0.000000,0.000000,0.009600,0.000000,0.010900,0.000000,0.000000,0.000000,0.004500,0.002000,0.002400,0.007500,0.000000
1369,1.565321,1.103600,1.100300,1.002200,1076.000000,851519968.000000,1324570160.000000,237035520.000000,1572569088.000000,0.000700,0.000000,0.000000,0.000000,0.009100,0.000000,0.011200,0.000000,0.000000,0.000000,0.007400,0.001900,0.003000,0.006800,0.000000
1370,1.566285,0.964101,0.957500,0.859300,1076.000000,851507872.000000,1324570160.000000,237035520.000000,1572569088.000000,0.000700,0.000000,0.000000,0.000000,0.009600,0.000000,0.011400,0.000000,0.000000,0.000000,0.004200,0.001800,0.002200,0.006300,0.000000
1371,1.567290,1.002799,1.001700,0.898400,1076.000000,851505256.000000,1324570160.000000,237035520.000000,1572569088.000000,0.000700,0.000000,0.000000,0.000000,0.010000,0.000000,0.010900,0.000000,0.000000,0.000000,0.004100,0.001800,0.002100,0.006400,0.000000
1372,1.568286,0.995699,0.993000,0.892700,1076.000000,851505304.000000,1324570160.000000,237035520.000000,1572569088.000000,0.000700,0.000000,0.000000,0.000000,0.010200,0.000000,0.011000,0.000000,0.000000,0.000000,0.004000,0.002100,0.002800,0.007000,0.000000
1373,1.569243,0.961806,0.958200,0.859400,1076.000000,851509856.000000,1324570160.000000,237035520.000000,1572569088.000000,0.000600,0.000000,0.000000,0.000000,0.009200,0.000000,0.010900,0.000000,0.000000,0.000000,0.003900,0.002000,0.002700,0.006300,0.000000
1374,1.570157,0.929797,0.931600,0.832100,1076.000000,851513536.000000,1324570160.000000,237035520.000000,1572569088.000000,0.000800,0.000000,0.000000,0.000000,0.009300,0.000000,0.010200,0.000000,0.000000,0.000000,0.003500,0.001700,0.002200,0.006700,0.000000
1375,1.571425,1.264803,1.262100,1.165600,1076.000000,851512504.000000,1324570160.000000,237035520.000000,1572569088.000000,0.000800,0.000000,0.000000,0.000000,0.008800,0.000000,0.010200,0.000000,0.000000,0.000000,0.003800,0.002200,0.002200,0.006400,0.000000
1376,1.572691,1.266199,1.247100,1.150500,1076.000000,851514720.000000,1324570160.000000,237035520.000000,1572569088.000000,0.315800,0.039800,0.011400,0.112300,0.009200,0.017200,0.011500,0.013600,0.018900,0.012100,0.003900,0.002000,0.002500,0.004800,0.000000
1377,1.573596,0.900801,0.915400,0.803100,1076.000000,851514736.000000,1324570160.000000,237035520.000000,1572569088.000000,0.000800,0.000000,0.000000,0.000000,0.009700,0.000000,0.011200,0.000000,0.000000,0.000000,0.003700,0.001900,0.002300,0.006200,0.000000
1378,1.574594,0.952799,0.941300,0.844300,1076.000000,851515184.000000,1324570160.000000,237035520.000000,1572569088.000000,0.000700,0.000000,0.000000,0.000000,0.008800,0.000000,0.009800,0.000000,0.000000,0.000000,0.003700,0.001600,0.002200,0.006100,0.000000
1379,1.575506,0.955102,0.960500,0.860500,1076.000000,851514360.000000,1324570160.000000,237035520.000000,1572569088.000000,0.000600,0.000000,0.000000,0.000000,0.009700,0.000000,0.012100,0.000000,0.000000,0.000000,0.003800,0.002200,0.002100,0.008300,0.000000
1380,1.576409,0.914895,0.910200,0.814100,1076.000000,851517776.000000,1324570160.000000,237035520.000000,1572569088.000000,0.000600,0.000000,0.000000,0.000000,0.008000,0.000000,0.010400,0.000000,0.000000,0.000000,0.004100,0.001600,0.002300,0.006300,0.000000
1381,1.577302,0.891404,0.893200,0.795500,1076.000000,851518224.000000,1324570160.000000,237035520.000000,1572569088.000000,0.000600,0.000000,0.000000,0.000000,0.008000,0.000000,0.012500,0.000000,0.000000,0.000000,0.003700,0.002500,0.002100,0.006300,0.000000
1382,1.578279,0.878600,0.879000,0.786800,1076.000000,851517824.000000,1324570160.000000,237035520.000000,1572569088.000000,0.000600,0.000000,0.000000,0.000000,0.008500,0.000000,0.010300,0.000000,0.000000,0.000000,0.003400,0.002100,0.002500,0.006300,0.000000
1383,1.579310,1.109800,1.100000,1.007800,1076.000000,851517848.000000,1324570160.000000,237035520.000000,1572569088.000000,0.000700,0.000000,0.000000,0.000000,0.008400,0.000000,0.010700,0.000000,0.000000,0.000000,0.007300,0.001900,0.002600,0.006500,0.000000
1384,1.580301,1.000999,1.000600,0.902900,1076.000000,851517872.000000,1324570160.000000,237035520.000000,1572569088.000000,0.000700,0.000000,0.000000,0.000000,0.009700,0.000000,0.011000,0.000000,0.000000,0.000000,0.004100,0.001700,0.002400,0.006300,0.000000
1385,1.581252,0.945096,0.938300,0.843400,1076.000000,851532264.000000,1324570160.000000,237035520.000000,1572569088.000000,0.000700,0.000000,0.000000,0.000000,0.008900,0.000000,0.010500,0.000000,0.000000,0.000000,0.003500,0.001700,0.002500,0.006000,0.000000
1386,1.582276,0.990398,0.986900,0.885800,1076.000000,851524408.000000,1324570160.000000,237035520.000000,1572569088.000000,0.000600,0.000000,0.000000,0.000000,0.009100,0.000000,0.012000,0.000000,0.000000,0.000000,0.003500,0.002700,0.002300,0.006700,0.000000
1387,1.583282,1.039505,1.033600,0.933300,1076.000000,851521792.000000,1324570160.000000,237035520.000000,1572569088.000000,0.000600,0.000000,0.000000,0.000000,0.009400,0.000000,0.012200,0.000000,0.000000,0.000000,0.005800,0.002200,0.002800,0.007800,0.000000
1388,1.584290,1.012096,1.016600,0.913700,1076.000000,851521840.000000,1324570160.000000,237035520.000000,1572569088.000000,0.000600,0.000000,0.000000,0.000000,0.009900,0.000000,0.010600,0.000000,0.000000,0.000000,0.004200,0.002500,0.002700,0.006200,0.000000
1389,1.585218,0.920904,0.918200,0.822400,1076.000000,851522296.000000,1324570160.000000,237035520.000000,1572569088.000000,0.000700,0.000000,0.000000,0.000000,0.009000,0.000000,0.010600,0.000000,0.000000,0.000000,0.003900,0.001900,0.002300,0.005800,0.000000
1390,1.586174,0.965101,0.964300,0.868200,1076.000000,851525976.000000,1324570160.000000,237035520.000000,1572569088.000000,0.000600,0.000000,0.000000,0.000000,0.009500,0.000000,0.010700,0.000000,0.000000,0.000000,0.003600,0.001900,0.002100,0.006300,0.000000
1391,1.587141,0.965094,0.960400,0.866100,1076.000000,851526016.000000,1324570160.000000,237035520.000000,1572569088.000000,0.000600,0.000000,0.000000,0.000000,0.009100,0.000000,0.010500,0.000000,0.000000,0.000000,0.003600,0.001800,0.002000,0.006300,0.000000
1392,1.588662,1.482001,1.465000,1.364400,1076.000000,851527208.000000,1324570160.000000,237035520.000000,1572569088.000000,0.357100,0.045800,0.011900,0.124200,0.009000,0.019400,0.010900,0.013900,0.020500,0.025700,0.004100,0.002300,0.002200,0.005900,0.000000
1393,1.590049,1.413903,1.419300,1.307500,1076.000000,851531744.000000,1324570160.000000,237035520.000000,1572569088.000000,0.000700,0.000000,0.000000,0.000000,0.012000,0.000000,0.011400,0.000000,0.000000,0.000000,0.004400,0.002100,0.002200,0.006700,0.000000
1394,1.591331,1.235998,1.077000,0.969400,1076.000000,851532192.000000,1324570160.000000,237035520.000000,1572569088.000000,0.000700,0.000000,0.000000,0.000000,0.009400,0.000000,0.011200,0.000000,0.000000,0.000000,0.004100,0.001900,0.002200,0.006700,0.000000
1395,1.592331,1.053104,1.201800,0.946200,1076.000000,851535464.000000,1324570160.000000,237035520.000000,1572569088.000000,0.000700,0.000000,0.000000,0.000000,0.013100,0.000000,0.012100,0.000000,0.000000,0.000000,0.004500,0.002200,0.002400,0.007300,0.000000
1396,1.593295,0.976998,0.981500,0.876800,1076.000000,851534312.000000,1324570160.000000,237035520.000000,1572569088.000000,0.000700,0.000000,0.000000,0.000000,0.009700,0.000000,0.010900,0.000000,0.000000,0.000000,0.004500,0.002500,0.002100,0.007000,0.000000
1397,1.594282,0.914598,0.918200,0.820000,1076.000000,851534760.000000,1324570160.000000,237035520.000000,1572569088.000000,0.000600,0.000000,0.000000,0.000000,0.008700,0.000000,0.010500,0.000000,0.000000,0.000000,0.004000,0.002400,0.002300,0.006300,0.000000
1398,1.595243,1.020103,1.011800,0.917900,1076.000000,851534360.000000,1324570160.000000,237035520.000000,1572569088.000000,0.000700,0.000000,0.000000,0.000000,0.008400,0.000000,0.010200,0.000000,0.000000,0.000000,0.007400,0.001700,0.002600,0.007200,0.000000
1399,1.596153,0.900999,0.903700,0.805900,1076.000000,851538480.000000,1324570160.000000,237035520.000000,1572569088.000000,0.000500,0.000000,0.000000,0.000000,0.008900,0.000000,0.010600,0.000000,0.000000,0.000000,0.003600,0.001700,0.002000,0.006000,0.000000
1400,1.597221,1.064697,1.054600,0.958900,1076.000000,851538504.000000,1324570160.000000,237035520.000000,1572569088.000000,0.000700,0.000000,0.000000,0.000000,0.008300,0.000000,0.010500,0.000000,0.000000,0.000000,0.007100,0.001700,0.002700,0.006400,0.000000
1401,1.598199,0.998604,1.002700,0.902600,1076.000000,851552888.000000,1324570160.000000,237035520.000000,1572569088.000000,0.000700,0.000000,0.000000,0.000000,0.008600,0.000000,0.010700,0.000000,0.000000,0.000000,0.004200,0.002000,0.002600,0.006100,0.000000
1402,1.599179,0.972102,0.965900,0.870500,1076.000000,851540792.000000,1324570160.000000,237035520.000000,1572569088.000000,0.000600,0.000000,0.000000,0.000000,0.008700,0.000000,0.012200,0.000000,0.000000,0.000000,0.003900,0.001800,0.002500,0.006100,0.000000
1403,1.600163,0.990696,0.990200,0.892500,1076.000000,851538176.000000,1324570160.000000,237035520.000000,1572569088.000000,0.000800,0.000000,0.000000,0.000000,0.009000,0.000000,0.010700,0.000000,0.000000,0.000000,0.003600,0.001900,0.002400,0.005700,0.000000
1404,1.601099,0.940901,0.940900,0.845900,1076.000000,851538224.000000,1324570160.000000,237035520.000000,1572569088.000000,0.000600,0.000000,0.000000,0.000000,0.008700,0.000000,0.010100,0.000000,0.000000,0.000000,0.003400,0.001600,0.002200,0.006200,0.000000
1405,1.602081,0.970897,0.958100,0.864000,1076.000000,851538680.000000,1324570160.000000,237035520.000000,1572569088.000000,0.000600,0.000000,0.000000,0.000000,0.008300,0.000000,0.010200,0.000000,0.000000,0.000000,0.003600,0.001800,0.002000,0.004500,0.000000
1406,1.603260,1.176502,1.177900,1.074900,1076.000000,851531952.000000,1324570160.000000,237035520.000000,1572569088.000000,0.000800,0.000000,0.000000,0.000000,0.009400,0.000000,0.011100,0.000000,0.000000,0.000000,0.004400,0.001700,0.002400,0.006200,0.000000
1407,1.604192,0.946202,0.946700,0.848800,1076.000000,851535664.000000,1324570160.000000,237035520.000000,1572569088.000000,0.000900,0.000000,0.000000,0.000000,0.008900,0.000000,0.010200,0.000000,0.000000,0.000000,0.003800,0.001800,0.002400,0.006100,0.000000
1408,1.605416,1.221400,1.222400,1.127700,1076.000000,851536056.000000,1324570160.000000,237035520.000000,1572569088.000000,0.315200,0.039900,0.011400,0.115100,0.008600,0.017100,0.009800,0.013700,0.018700,0.012700,0.003500,0.001800,0.002300,0.004400,0.000000
1409,1.606333,0.915696,0.912200,0.820800,1076.000000,851536496.000000,1324570160.000000,237035520.000000,1572569088.000000,0.000700,0.000000,0.000000,0.000000,0.009900,0.000000,0.013500,0.000000,0.000000,0.000000,0.003400,0.001800,0.002200,0.006000,0.000000
1410,1.607285,0.956902,0.939100,0.846300,1076.000000,851536944.000000,1324570160.000000,237035520.000000,1572569088.000000,0.000700,0.000000,0.000000,0.000000,0.009500,0.000000,0.010600,0.000000,0.000000,0.000000,0.003300,0.001700,0.002000,0.006400,0.000000
1411,1.608193,0.910998,0.925800,0.820100,1128.000000,851536120.000000,1324570160.000000,237035520.000000,1572569088.000000,0.000600,0.000000,0.000000,0.000000,0.008700,0.000000,0.009500,0.000000,0.000000,0.000000,0.003200,0.002000,0.001900,0.006200,0.000000
1412,1.609075,0.885006,0.881200,0.792500,1076.000000,851539864.000000,1324570160.000000,237035520.000000,1572569088.000000,0.000600,0.000000,0.000000,0.000000,0.008100,0.000000,0.010200,0.000000,0.000000,0.000000,0.003400,0.002100,0.001800,0.006200,0.000000
1413,1.609967,0.882497,0.878000,0.786700,1076.000000,851540312.000000,1324570160.000000,237035520.000000,1572569088.000000,0.000700,0.000000,0.000000,0.000000,0.008000,0.000000,0.010200,0.000000,0.000000,0.000000,0.003100,0.001700,0.001900,0.006400,0.000000
1414,1.611279,1.293296,0.868700,0.776100,1076.000000,851539912.000000,1324570160.000000,237035520.000000,1572569088.000000,0.000700,0.000000,0.000000,0.000000,0.008600,0.000000,0.010500,0.000000,0.000000,0.000000,0.003500,0.001800,0.001900,0.006500,0.000000
1415,1.612564,1.259304,1.440700,0.924900,1076.000000,851539936.000000,1324570160.000000,237035520.000000,1572569088.000000,0.000600,0.000000,0.000000,0.000000,0.009400,0.000000,0.011400,0.000000,0.000000,0.000000,0.003900,0.001900,0.002500,0.006900,0.000000
1416,1.613790,1.206498,1.422100,1.091300,1076.000000,851539960.000000,1324570160.000000,237035520.000000,1572569088.000000,0.000600,0.000000,0.000000,0.000000,0.011000,0.000000,0.047100,0.000000,0.000000,0.000000,0.004400,0.002300,0.002900,0.007400,0.000000
1417,1.614833,1.092999,1.099900,0.987400,1076.000000,851554344.000000,1324570160.000000,237035520.000000,1572569088.000000,0.000500,0.000000,0.000000,0.000000,0.009900,0.000000,0.011200,0.000000,0.000000,0.000000,0.005600,0.002100,0.003000,0.006200,0.000000
1418,1.615877,1.049504,1.049900,0.947400,1076.000000,851546344.000000,1324570160.000000,237035520.000000,1572569088.000000,0.000700,0.000000,0.000000,0.000000,0.009400,0.000000,0.046400,0.000000,0.000000,0.000000,0.004700,0.002400,0.002300,0.006600,0.000000
1419,1.617207,1.288995,1.259300,1.128100,1076.000000,851547824.000000,1324570160.000000,237035520.000000,1572569088.000000,0.000600,0.000000,0.000000,0.000000,0.008500,0.000000,0.049900,0.000000,0.000000,0.000000,0.004000,0.002700,0.002300,0.006600,0.000000
1420,1.618310,1.130506,1.149100,1.021700,1076.000000,851548296.000000,1324570160.000000,237035520.000000,1572569088.000000,0.000800,0.000000,0.000000,0.000000,0.011300,0.000000,0.042700,0.000000,0.000000,0.000000,0.005200,0.002100,0.002600,0.006600,0.000000
1421,1.619497,1.142496,1.117500,1.004700,1076.000000,851548328.000000,1324570160.000000,237035520.000000,1572569088.000000,0.000700,0.000000,0.000000,0.000000,0.010000,0.000000,0.093400,0.000000,0.000000,0.000000,0.004500,0.002700,0.002400,0.006900,0.000000
1422,1.620625,1.179500,1.203900,1.080700,1076.000000,851547912.000000,1324570160.000000,237035520.000000,1572569088.000000,0.000600,0.000000,0.000000,0.000000,0.012700,0.000000,0.034200,0.000000,0.000000,0.000000,0.006200,0.002600,0.002700,0.007200,0.000000
1423,1.622074,1.408305,1.393100,1.287700,1076.000000,851548376.000000,1324570160.000000,237035520.000000,1572569088.000000,0.296500,0.040600,0.011700,0.100200,0.009500,0.016300,0.027600,0.013300,0.018800,0.012300,0.004300,0.001900,0.002300,0.004900,0.000000
1424,1.623185,1.153600,1.132300,1.020600,1076.000000,851552488.000000,1324570160.000000,237035520.000000,1572634624.000000,0.000800,0.000000,0.000000,0.000000,0.011900,0.000000,0.023000,0.000000,0.000000,0.000000,0.006300,0.002700,0.003000,0.007200,0.000000
1425,1.624383,1.196896,1.223200,1.093800,1076.000000,851566776.000000,1324570160.000000,237035520.000000,1572634624.000000,0.000700,0.000000,0.000000,0.000000,0.009900,0.000000,0.062800,0.000000,0.000000,0.000000,0.004300,0.002000,0.002300,0.006700,0.000000
1426,1.625481,1.091801,1.088200,0.988100,1076.000000,851568296.000000,1324570160.000000,237035520.000000,1572634624.000000,0.000700,0.000000,0.000000,0.000000,0.009400,0.000000,0.010600,0.000000,0.000000,0.000000,0.004300,0.001900,0.002500,0.006300,0.000000
1427,1.626587,1.123200,1.086500,0.984500,1076.000000,851567048.000000,1324570160.000000,237035520.000000,1572634624.000000,0.000600,0.000000,0.000000,0.000000,0.009100,0.000000,0.011300,0.000000,0.000000,0.000000,0.005700,0.002400,0.002400,0.006800,0.000000
1428,1.627619,1.023597,1.056300,0.923800,1076.000000,851567072.000000,1324570160.000000,237035520.000000,1572634624.000000,0.000600,0.000000,0.000000,0.000000,0.008800,0.000000,0.010800,0.000000,0.000000,0.000000,0.003900,0.002100,0.002400,0.007000,0.000000
1429,1.628691,1.076502,1.076500,0.976900,1076.000000,851567520.000000,1324570160.000000,237035520.000000,1572634624.000000,0.000600,0.000000,0.000000,0.000000,0.009200,0.000000,0.035100,0.000000,0.000000,0.000000,0.003700,0.001900,0.002200,0.006400,0.000000
1430,1.630015,1.262599,1.227100,1.121800,1076.000000,851567120.000000,1324570160.000000,237035520.000000,1572634624.000000,0.000600,0.000000,0.000000,0.000000,0.009300,0.000000,0.033400,0.000000,0.000000,0.000000,0.004000,0.002000,0.002100,0.006300,0.000000
1431,1.631168,1.208999,1.233600,1.108400,1076.000000,851571240.000000,1324570160.000000,237035520.000000,1572634624.000000,0.000800,0.000000,0.000000,0.000000,0.012700,0.000000,0.022900,0.000000,0.000000,0.000000,0.005200,0.002600,0.002600,0.007100,0.000000
1432,1.632417,1.195805,1.170500,1.061500,1076.000000,851571264.000000,1324570160.000000,237035520.000000,1572634624.000000,0.000700,0.000000,0.000000,0.000000,0.009800,0.000000,0.125800,0.000000,0.000000,0.000000,0.004200,0.002800,0.002300,0.006900,0.000000
1433,1.633807,1.358794,1.369600,1.246400,1076.000000,851585656.000000,1324570160.000000,237035520.000000,1572634624.000000,0.000700,0.000000,0.000000,0.000000,0.012700,0.000000,0.089000,0.000000,0.000000,0.000000,0.005500,0.002500,0.002700,0.007300,0.000000
1434,1.634898,1.168304,1.171600,1.060600,1076.000000,851573984.000000,1324570160.000000,237035520.000000,1572634624.000000,0.000800,0.000000,0.000000,0.000000,0.014000,0.000000,0.101200,0.000000,0.000000,0.000000,0.005400,0.001900,0.002700,0.006400,0.000000
1435,1.635904,1.018998,1.017300,0.914200,1076.000000,851570944.000000,1324570160.000000,237035520.000000,1572634624.000000,0.000900,0.000000,0.000000,0.000000,0.009700,0.000000,0.011500,0.000000,0.000000,0.000000,0.004600,0.002100,0.002300,0.006200,0.000000
1436,1.636943,1.031002,1.028900,0.926200,1076.000000,851570992.000000,1324570160.000000,237035520.000000,1572634624.000000,0.000600,0.000000,0.000000,0.000000,0.009600,0.000000,0.111800,0.000000,0.000000,0.000000,0.004500,0.002500,0.002400,0.006600,0.000000
1437,1.638211,1.272697,1.267500,1.165800,1076.000000,851571448.000000,1324570160.000000,237035520.000000,1572634624.000000,0.000800,0.000000,0.000000,0.000000,0.010000,0.000000,0.037300,0.000000,0.000000,0.000000,0.004400,0.002600,0.002500,0.006800,0.000000
1438,1.639591,1.372399,1.371500,1.266800,1076.000000,851577320.000000,1324570160.000000,237035520.000000,1572634624.000000,0.320500,0.038200,0.011700,0.105900,0.009200,0.016800,0.072700,0.018900,0.024600,0.012000,0.004500,0.002100,0.002500,0.005000,0.000000
1439,1.640693,1.109800,1.108100,1.000000,1076.000000,851577360.000000,1324570160.000000,237035520.000000,1572634624.000000,0.000700,0.000000,0.000000,0.000000,0.010600,0.000000,0.021700,0.000000,0.000000,0.000000,0.004400,0.001900,0.002400,0.006300,0.000000
1440,1.641689,0.993601,0.991300,0.890700,1076.000000,851577376.000000,1324570160.000000,237035520.000000,1572634624.000000,0.000700,0.000000,0.000000,0.000000,0.009500,0.000000,0.011000,0.000000,0.000000,0.000000,0.004100,0.002000,0.002400,0.006200,0.000000
1441,1.642735,1.047903,1.045500,0.946200,1076.000000,851581912.000000,1324570160.000000,237035520.000000,1572634624.000000,0.000700,0.000000,0.000000,0.000000,0.009800,0.000000,0.010600,0.000000,0.000000,0.000000,0.004000,0.002400,0.002200,0.006700,0.000000
1442,1.643690,0.961097,0.960200,0.862100,1076.000000,851580312.000000,1324570160.000000,237035520.000000,1572634624.000000,0.000700,0.000000,0.000000,0.000000,0.009600,0.000000,0.010700,0.000000,0.000000,0.000000,0.004200,0.002100,0.002500,0.006400,0.000000
1443,1.644657,0.965604,0.963400,0.867400,1076.000000,851579488.000000,1324570160.000000,237035520.000000,1572634624.000000,0.000800,0.000000,0.000000,0.000000,0.009400,0.000000,0.010100,0.000000,0.000000,0.000000,0.004300,0.002000,0.002300,0.006300,0.000000
1444,1.645774,1.099901,1.053600,0.873500,1076.000000,851583608.000000,1324570160.000000,237035520.000000,1572634624.000000,0.000700,0.000000,0.000000,0.000000,0.009000,0.000000,0.010800,0.000000,0.000000,0.000000,0.004300,0.001700,0.002300,0.006300,0.000000
1445,1.646916,1.139598,1.169900,1.047900,1076.000000,851584184.000000,1324570160.000000,237035520.000000,1572634624.000000,0.000600,0.000000,0.000000,0.000000,0.011300,0.000000,0.011000,0.000000,0.000000,0.000000,0.004100,0.001700,0.002400,0.005500,0.000000
1446,1.648107,1.197803,1.198300,1.090300,1076.000000,851583784.000000,1324570160.000000,237035520.000000,1572634624.000000,0.000800,0.000000,0.000000,0.000000,0.009700,0.000000,0.011500,0.000000,0.000000,0.000000,0.004800,0.001900,0.002500,0.006100,0.000000
1447,1.649230,1.119296,1.116400,1.011000,1076.000000,851583808.000000,1324570160.000000,237035520.000000,1572634624.000000,0.000600,0.000000,0.000000,0.000000,0.009700,0.000000,0.011400,0.000000,0.000000,0.000000,0.004700,0.002400,0.002500,0.006800,0.000000
1448,1.650410,1.177799,1.173900,1.069500,1076.000000,851584256.000000,1324570160.000000,237035520.000000,1572634624.000000,0.000700,0.000000,0.000000,0.000000,0.010200,0.000000,0.030300,0.000000,0.000000,0.000000,0.004800,0.002900,0.002900,0.006700,0.000000
1449,1.651735,1.274702,1.254700,1.140200,1076.000000,851598216.000000,1324570160.000000,237035520.000000,1572634624.000000,0.000700,0.000000,0.000000,0.000000,0.010300,0.000000,0.011900,0.000000,0.000000,0.000000,0.004000,0.002100,0.002300,0.006600,0.000000
1450,1.652980,1.275900,1.277900,1.152500,1076.000000,851590216.000000,1324570160.000000,237035520.000000,1572634624.000000,0.000800,0.000000,0.000000,0.000000,0.010400,0.000000,0.014000,0.000000,0.000000,0.000000,0.004600,0.002100,0.002800,0.007900,0.000000
1451,1.654063,1.081399,1.084900,0.968300,1076.000000,851587600.000000,1324570160.000000,237035520.000000,1572634624.000000,0.000800,0.000000,0.000000,0.000000,0.011600,0.000000,0.042200,0.000000,0.000000,0.000000,0.004900,0.002200,0.002700,0.008100,0.000000
1452,1.655710,1.667297,1.669500,1.559500,1116.000000,851589536.000000,1324570160.000000,237035520.000000,1572634624.000000,0.418600,0.123300,0.011600,0.208300,0.010400,0.017800,0.064300,0.014300,0.019200,0.012900,0.004800,0.002200,0.005000,0.006200,0.000000
1453,1.656969,1.234304,1.228700,1.122500,1076.000000,851589560.000000,1324570160.000000,237035520.000000,1572634624.000000,0.000700,0.000000,0.000000,0.000000,0.011000,0.000000,0.012200,0.000000,0.000000,0.000000,0.003800,0.002100,0.002400,0.007000,0.000000
1454,1.658098,1.149596,1.146400,1.036600,1076.000000,851589584.000000,1324570160.000000,237035520.000000,1572634624.000000,0.000800,0.000000,0.000000,0.000000,0.010100,0.000000,0.011200,0.000000,0.000000,0.000000,0.004600,0.002300,0.002900,0.007400,0.000000
1455,1.659087,1.011806,1.016500,0.910300,1076.000000,851589632.000000,1324570160.000000,237035520.000000,1572634624.000000,0.000700,0.000000,0.000000,0.000000,0.010900,0.000000,0.011500,0.000000,0.000000,0.000000,0.004600,0.002200,0.002700,0.006800,0.000000
1456,1.660052,0.971599,0.967600,0.868500,1076.000000,851590088.000000,1324570160.000000,237035520.000000,1572634624.000000,0.000700,0.000000,0.000000,0.000000,0.009400,0.000000,0.010700,0.000000,0.000000,0.000000,0.004000,0.002800,0.002400,0.006700,0.000000
1457,1.660999,0.942297,0.943700,0.843200,1076.000000,851593768.000000,1324570160.000000,237035520.000000,1572634624.000000,0.000800,0.000000,0.000000,0.000000,0.008900,0.000000,0.009800,0.000000,0.000000,0.000000,0.003700,0.002600,0.002400,0.006500,0.000000
1458,1.661962,0.951502,0.945300,0.848500,1076.000000,851597904.000000,1324570160.000000,237035520.000000,1572634624.000000,0.000600,0.000000,0.000000,0.000000,0.008700,0.000000,0.010800,0.000000,0.000000,0.000000,0.003900,0.002000,0.002100,0.006300,0.000000
1459,1.662954,1.003997,1.003300,0.902800,1076.000000,851602016.000000,1324570160.000000,237035520.000000,1572634624.000000,0.000700,0.000000,0.000000,0.000000,0.009900,0.000000,0.010800,0.000000,0.000000,0.000000,0.004300,0.001900,0.002200,0.006900,0.000000
1460,1.664110,1.146400,1.139300,1.023200,1076.000000,851602456.000000,1324570160.000000,237035520.000000,1572634624.000000,0.000800,0.000000,0.000000,0.000000,0.008700,0.000000,0.010700,0.000000,0.000000,0.000000,0.004300,0.001900,0.002300,0.006700,0.000000
1461,1.665065,0.965802,0.967500,0.866000,1076.000000,851602904.000000,1324570160.000000,237035520.000000,1572634624.000000,0.000700,0.000000,0.000000,0.000000,0.009600,0.000000,0.010600,0.000000,0.000000,0.000000,0.004300,0.002600,0.002500,0.006900,0.000000
1462,1.666040,0.972300,0.972600,0.875500,1076.000000,851602080.000000,1324570160.000000,237035520.000000,1572634624.000000,0.000700,0.000000,0.000000,0.000000,0.009500,0.000000,0.010400,0.000000,0.000000,0.000000,0.003800,0.002800,0.002100,0.006500,0.000000
1463,1.667108,1.030598,1.018100,0.921800,1076.000000,851606200.000000,1324570160.000000,237035520.000000,1572634624.000000,0.000500,0.000000,0.000000,0.000000,0.009300,0.000000,0.011600,0.000000,0.000000,0.000000,0.003800,0.002600,0.002600,0.006400,0.000000
1464,1.668131,1.059899,1.059800,0.953800,1076.000000,851606648.000000,1324570160.000000,237035520.000000,1572634624.000000,0.000800,0.000000,0.000000,0.000000,0.012200,0.000000,0.011600,0.000000,0.000000,0.000000,0.004200,0.002000,0.002300,0.004800,0.000000
1465,1.669133,1.008100,1.012100,0.910100,1076.000000,851606248.000000,1324570160.000000,237035520.000000,1572634624.000000,0.000800,0.000000,0.000000,0.000000,0.009200,0.000000,0.010400,0.000000,0.000000,0.000000,0.003700,0.001900,0.002200,0.006100,0.000000
1466,1.670252,1.041404,1.038200,0.941700,1076.000000,851606272.000000,1324570160.000000,237035520.000000,1572634624.000000,0.000600,0.000000,0.000000,0.000000,0.009500,0.000000,0.010700,0.000000,0.000000,0.000000,0.003700,0.002500,0.002200,0.006300,0.000000
1467,1.671467,1.228897,1.198300,1.093400,1076.000000,851606304.000000,1324570160.000000,237035520.000000,1572634624.000000,0.000700,0.000000,0.000000,0.000000,0.009700,0.000000,0.011700,0.000000,0.000000,0.000000,0.007800,0.001900,0.003000,0.007200,0.000000
1468,1.673288,1.804004,1.752000,1.614400,1076.000000,851621320.000000,1324570160.000000,237035520.000000,1572634624.000000,0.414800,0.057900,0.013100,0.145100,0.012200,0.024600,0.013600,0.018000,0.029300,0.017400,0.005500,0.002600,0.002700,0.007200,0.000000
1469,1.674447,1.198795,1.257100,1.087800,1076.000000,851609352.000000,1324570160.000000,237035520.000000,1572634624.000000,0.000800,0.000000,0.000000,0.000000,0.016300,0.000000,0.012900,0.000000,0.000000,0.000000,0.004300,0.002200,0.003400,0.008200,0.000000
1470,1.675448,1.030102,1.037800,0.926700,1076.000000,851610832.000000,1324570160.000000,237035520.000000,1572634624.000000,0.000800,0.000000,0.000000,0.000000,0.009900,0.000000,0.011300,0.000000,0.000000,0.000000,0.004100,0.002200,0.002700,0.010100,0.000000
1471,1.676841,1.389704,0.948800,0.847300,1076.000000,851610880.000000,1324570160.000000,237035520.000000,1572634624.000000,0.000600,0.000000,0.000000,0.000000,0.010000,0.000000,0.010500,0.000000,0.000000,0.000000,0.004000,0.001800,0.002500,0.006400,0.000000
1472,1.677832,0.998994,1.431500,0.896300,1076.000000,851610840.000000,1324570160.000000,237035520.000000,1572634624.000000,0.000600,0.000000,0.000000,0.000000,0.009400,0.000000,0.011500,0.000000,0.000000,0.000000,0.003700,0.001800,0.002400,0.006900,0.000000
1473,1.679129,1.286302,1.187200,1.083100,1076.000000,851610424.000000,1324570160.000000,237035520.000000,1572634624.000000,0.000700,0.000000,0.000000,0.000000,0.009200,0.000000,0.010400,0.000000,0.000000,0.000000,0.003900,0.001700,0.002300,0.006600,0.000000
1474,1.680147,1.022697,1.119500,0.922500,1076.000000,851610464.000000,1324570160.000000,237035520.000000,1572634624.000000,0.000700,0.000000,0.000000,0.000000,0.009500,0.000000,0.011000,0.000000,0.000000,0.000000,0.004400,0.002400,0.002400,0.007100,0.000000
1475,1.681152,1.008702,1.010000,0.910300,1076.000000,851614576.000000,1324570160.000000,237035520.000000,1572634624.000000,0.000600,0.000000,0.000000,0.000000,0.009000,0.000000,0.010800,0.000000,0.000000,0.000000,0.003600,0.002000,0.002500,0.006400,0.000000
1476,1.682528,1.331002,1.278800,1.126300,1076.000000,851619112.000000,1324570160.000000,237035520.000000,1572634624.000000,0.000700,0.000000,0.000000,0.000000,0.008800,0.000000,0.011200,0.000000,0.000000,0.000000,0.003900,0.001800,0.002600,0.006000,0.000000
1477,1.683927,1.417999,1.445500,1.296800,1076.000000,851619560.000000,1324570160.000000,237035520.000000,1572634624.000000,0.000800,0.000000,0.000000,0.000000,0.012000,0.000000,0.020400,0.000000,0.000000,0.000000,0.005100,0.002300,0.003500,0.008500,0.000000
1478,1.685019,1.105697,1.071500,0.958500,1076.000000,851618736.000000,1324570160.000000,237035520.000000,1572634624.000000,0.000800,0.000000,0.000000,0.000000,0.010100,0.000000,0.012100,0.000000,0.000000,0.000000,0.004800,0.002300,0.002900,0.006700,0.000000
1479,1.686280,1.261905,1.183300,1.037800,1076.000000,851618760.000000,1324570160.000000,237035520.000000,1572634624.000000,0.000700,0.000000,0.000000,0.000000,0.009500,0.000000,0.025400,0.000000,0.000000,0.000000,0.004700,0.001900,0.002300,0.006400,0.000000
1480,1.687606,1.308099,1.418700,1.195500,1076.000000,851619208.000000,1324570160.000000,237035520.000000,1572634624.000000,0.000600,0.000000,0.000000,0.000000,0.010100,0.000000,0.011400,0.000000,0.000000,0.000000,0.004500,0.001900,0.002300,0.007000,0.000000
1481,1.689299,1.681597,1.518600,1.352900,1076.000000,851619352.000000,1324570160.000000,237035520.000000,1572634624.000000,0.317900,0.042400,0.011800,0.104300,0.010700,0.017100,0.174200,0.013900,0.019200,0.012200,0.005300,0.002000,0.002500,0.005400,0.000000
1482,1.690338,1.068502,1.229300,0.967300,1076.000000,851623048.000000,1324570160.000000,237035520.000000,1572638720.000000,0.000700,0.000000,0.000000,0.000000,0.012700,0.000000,0.012500,0.000000,0.000000,0.000000,0.004800,0.002300,0.002600,0.007300,0.000000
1483,1.691375,1.045302,1.041000,0.938000,1076.000000,851623072.000000,1324570160.000000,237035520.000000,1572638720.000000,0.000700,0.000000,0.000000,0.000000,0.010100,0.000000,0.013300,0.000000,0.000000,0.000000,0.004400,0.001900,0.002300,0.006500,0.000000
1484,1.692436,1.058397,1.059900,0.955200,1076.000000,851637608.000000,1324570160.000000,237035520.000000,1572638720.000000,0.000600,0.000000,0.000000,0.000000,0.009300,0.000000,0.012200,0.000000,0.000000,0.000000,0.004000,0.001900,0.002700,0.006300,0.000000
1485,1.693460,1.036501,1.036300,0.936000,1076.000000,851625392.000000,1324570160.000000,237035520.000000,1572642816.000000,0.000700,0.000000,0.000000,0.000000,0.009700,0.000000,0.011700,0.000000,0.000000,0.000000,0.004500,0.002300,0.002400,0.006600,0.000000
1486,1.694669,1.180400,1.177000,1.079300,1076.000000,851612000.000000,1324570160.000000,237035520.000000,1572642816.000000,0.000600,0.000000,0.000000,0.000000,0.008900,0.000000,0.010500,0.000000,0.000000,0.000000,0.003900,0.002400,0.002200,0.006400,0.000000
1487,1.695608,0.972598,0.973100,0.875400,1076.000000,851612048.000000,1324570160.000000,237035520.000000,1572642816.000000,0.000700,0.000000,0.000000,0.000000,0.009100,0.000000,0.010900,0.000000,0.000000,0.000000,0.004200,0.001800,0.002100,0.006500,0.000000
1488,1.696577,0.964605,0.955600,0.860600,1076.000000,851612504.000000,1324570160.000000,237035520.000000,1572642816.000000,0.000600,0.000000,0.000000,0.000000,0.008600,0.000000,0.010500,0.000000,0.000000,0.000000,0.003700,0.002100,0.002200,0.006200,0.000000
1489,1.697820,1.220600,1.214000,1.108700,1076.000000,851616184.000000,1324570160.000000,237035520.000000,1572642816.000000,0.000700,0.000000,0.000000,0.000000,0.009300,0.000000,0.010000,0.000000,0.000000,0.000000,0.004200,0.002700,0.002500,0.006200,0.000000
1490,1.698814,1.004096,1.005200,0.899600,1076.000000,851616224.000000,1324570160.000000,237035520.000000,1572642816.000000,0.000700,0.000000,0.000000,0.000000,0.010600,0.000000,0.011200,0.000000,0.000000,0.000000,0.004400,0.002000,0.002400,0.006500,0.000000
1491,1.699828,1.006902,1.002900,0.901400,1076.000000,851616240.000000,1324570160.000000,237035520.000000,1572642816.000000,0.000800,0.000000,0.000000,0.000000,0.010100,0.000000,0.011100,0.000000,0.000000,0.000000,0.004200,0.001900,0.002200,0.006400,0.000000
1492,1.700786,0.981399,0.985600,0.883800,1076.000000,851620776.000000,1324570160.000000,237035520.000000,1572708352.000000,0.000700,0.000000,0.000000,0.000000,0.009000,0.000000,0.011000,0.000000,0.000000,0.000000,0.003900,0.002400,0.002500,0.006400,0.000000
1493,1.701777,0.990299,0.987300,0.892800,1076.000000,851621224.000000,1324570160.000000,237035520.000000,1572708352.000000,0.000600,0.000000,0.000000,0.000000,0.008800,0.000000,0.010800,0.000000,0.000000,0.000000,0.003500,0.002200,0.002100,0.006600,0.000000
1494,1.702740,0.955102,0.953100,0.857400,1076.000000,851620400.000000,1324570160.000000,237035520.000000,1572708352.000000,0.000600,0.000000,0.000000,0.000000,0.008800,0.000000,0.010700,0.000000,0.000000,0.000000,0.003700,0.002500,0.002300,0.006600,0.000000
1495,1.703753,1.008702,1.002400,0.905400,1076.000000,851624520.000000,1324570160.000000,237035520.000000,1572708352.000000,0.000600,0.000000,0.000000,0.000000,0.008900,0.000000,0.011100,0.000000,0.000000,0.000000,0.003800,0.001700,0.002500,0.006300,0.000000
1496,1.705613,1.845302,1.836300,1.732000,1076.000000,851624528.000000,1324570160.000000,237035520.000000,1572712448.000000,0.445300,0.139500,0.011400,0.230700,0.009400,0.021100,0.011400,0.013200,0.019400,0.020400,0.003600,0.002600,0.002300,0.006400,0.000000
1497,1.706616,0.996095,0.996500,0.888600,1076.000000,851624552.000000,1324570160.000000,237035520.000000,1572712448.000000,0.000600,0.000000,0.000000,0.000000,0.011500,0.000000,0.013000,0.000000,0.000000,0.000000,0.004200,0.002800,0.002400,0.008500,0.000000
1498,1.707659,1.055903,1.050500,0.944800,1076.000000,851624576.000000,1324570160.000000,237035520.000000,1572712448.000000,0.000700,0.000000,0.000000,0.000000,0.010100,0.000000,0.010700,0.000000,0.000000,0.000000,0.004200,0.001800,0.002500,0.006700,0.000000
1499,1.708924,1.272102,1.266000,1.160300,1076.000000,851624624.000000,1324570160.000000,237035520.000000,1572712448.000000,0.000700,0.000000,0.000000,0.000000,0.009900,0.000000,0.010900,0.000000,0.000000,0.000000,0.004200,0.002100,0.002500,0.007100,0.000000
1500,1.710009,1.072598,1.028800,0.920000,1076.000000,851625080.000000,1324570160.000000,237035520.000000,1572712448.000000,0.000800,0.000000,0.000000,0.000000,0.009300,0.000000,0.036100,0.000000,0.000000,0.000000,0.004000,0.001900,0.002500,0.006800,0.000000
1501,1.710997,1.009198,1.054300,0.908200,1076.000000,851624664.000000,1324570160.000000,237035520.000000,1572712448.000000,0.000800,0.000000,0.000000,0.000000,0.010200,0.000000,0.011000,0.000000,0.000000,0.000000,0.004600,0.002100,0.002300,0.006400,0.000000
1502,1.712147,1.131604,1.121200,1.018200,1076.000000,851628800.000000,1324570160.000000,237035520.000000,1572712448.000000,0.000700,0.000000,0.000000,0.000000,0.009200,0.000000,0.010300,0.000000,0.000000,0.000000,0.004000,0.002300,0.002300,0.006600,0.000000
1503,1.713283,1.118197,1.115600,1.003900,1076.000000,851632912.000000,1324570160.000000,237035520.000000,1572712448.000000,0.000800,0.000000,0.000000,0.000000,0.010200,0.000000,0.010700,0.000000,0.000000,0.000000,0.004500,0.003000,0.002700,0.007400,0.000000
1504,1.714405,1.120500,1.106500,0.994800,1076.000000,851633352.000000,1324570160.000000,237035520.000000,1572712448.000000,0.000800,0.000000,0.000000,0.000000,0.009800,0.000000,0.010700,0.000000,0.000000,0.000000,0.004500,0.001900,0.002600,0.006300,0.000000
1505,1.715453,1.038598,1.048000,0.933200,1076.000000,851633800.000000,1324570160.000000,237035520.000000,1572712448.000000,0.000700,0.000000,0.000000,0.000000,0.010000,0.000000,0.017900,0.000000,0.000000,0.000000,0.004900,0.002300,0.002500,0.007100,0.000000
1506,1.716836,1.399802,1.387500,1.279900,1076.000000,851632976.000000,1324570160.000000,237035520.000000,1572712448.000000,0.000700,0.000000,0.000000,0.000000,0.011600,0.000000,0.010900,0.000000,0.000000,0.000000,0.005100,0.002200,0.002600,0.007400,0.000000
1507,1.717998,1.114803,1.120900,1.006700,1076.000000,851633000.000000,1324570160.000000,237035520.000000,1572712448.000000,0.000800,0.000000,0.000000,0.000000,0.010500,0.000000,0.033500,0.000000,0.000000,0.000000,0.004700,0.002300,0.002700,0.007600,0.000000
1508,1.719066,1.111600,1.108100,1.002900,1076.000000,851637544.000000,1324570160.000000,237035520.000000,1572712448.000000,0.000900,0.000000,0.000000,0.000000,0.010000,0.000000,0.011200,0.000000,0.000000,0.000000,0.005000,0.002700,0.002500,0.007800,0.000000
1509,1.720115,1.069296,1.064800,0.960400,1076.000000,851641240.000000,1324570160.000000,237035520.000000,1572712448.000000,0.000700,0.000000,0.000000,0.000000,0.012500,0.000000,0.011000,0.000000,0.000000,0.000000,0.004800,0.002000,0.002300,0.006700,0.000000
1510,1.721281,1.134503,1.132700,1.026300,1076.000000,851641264.000000,1324570160.000000,237035520.000000,1572712448.000000,0.000600,0.000000,0.000000,0.000000,0.010100,0.000000,0.010800,0.000000,0.000000,0.000000,0.004700,0.002800,0.002300,0.007000,0.000000
1511,1.722715,1.440001,1.429000,1.320900,1076.000000,851641816.000000,1324570160.000000,237035520.000000,1572712448.000000,0.362400,0.040500,0.010700,0.132000,0.009400,0.017000,0.035800,0.017300,0.020000,0.014800,0.006200,0.002500,0.002600,0.006200,0.000000
1512,1.723961,1.276396,1.069900,0.958000,1076.000000,851655808.000000,1324570160.000000,237035520.000000,1572712448.000000,0.000800,0.000000,0.000000,0.000000,0.014500,0.000000,0.012400,0.000000,0.000000,0.000000,0.004700,0.002000,0.002300,0.006800,0.000000
1513,1.724954,0.983000,1.196700,0.882800,1076.000000,851643712.000000,1324570160.000000,237035520.000000,1572712448.000000,0.000600,0.000000,0.000000,0.000000,0.009800,0.000000,0.011800,0.000000,0.000000,0.000000,0.004000,0.002000,0.002400,0.007100,0.000000
1514,1.725929,0.984403,0.977600,0.874600,1076.000000,851645192.000000,1324570160.000000,237035520.000000,1572712448.000000,0.000700,0.000000,0.000000,0.000000,0.011300,0.000000,0.011300,0.000000,0.000000,0.000000,0.004300,0.001700,0.002300,0.006300,0.000000
1515,1.726962,1.034099,1.033000,0.928200,1076.000000,851645168.000000,1324570160.000000,237035520.000000,1572712448.000000,0.000800,0.000000,0.000000,0.000000,0.008700,0.000000,0.011300,0.000000,0.000000,0.000000,0.004800,0.002300,0.002500,0.006800,0.000000
1516,1.727919,0.963698,0.967900,0.868000,1076.000000,851645624.000000,1324570160.000000,237035520.000000,1572712448.000000,0.000600,0.000000,0.000000,0.000000,0.011000,0.000000,0.010500,0.000000,0.000000,0.000000,0.003900,0.002300,0.002500,0.006700,0.000000
1517,1.728984,1.054904,1.046300,0.949600,1076.000000,851645208.000000,1324570160.000000,237035520.000000,1572712448.000000,0.000700,0.000000,0.000000,0.000000,0.008300,0.000000,0.011200,0.000000,0.000000,0.000000,0.004000,0.002200,0.002200,0.006300,0.000000
1518,1.729953,0.969799,0.969500,0.869100,1076.000000,851645248.000000,1324570160.000000,237035520.000000,1572716544.000000,0.000700,0.000000,0.000000,0.000000,0.009400,0.000000,0.010500,0.000000,0.000000,0.000000,0.003700,0.001800,0.002400,0.006500,0.000000
1519,1.730913,0.976998,0.974000,0.876000,1076.000000,851645264.000000,1324570160.000000,237035520.000000,1572716544.000000,0.000800,0.000000,0.000000,0.000000,0.010700,0.000000,0.011200,0.000000,0.000000,0.000000,0.003900,0.002000,0.002300,0.007100,0.000000
1520,1.731931,0.988804,0.981400,0.883200,1076.000000,851645704.000000,1324570160.000000,237035520.000000,1572720640.000000,0.000600,0.000000,0.000000,0.000000,0.008800,0.000000,0.010600,0.000000,0.000000,0.000000,0.003700,0.002500,0.002100,0.006600,0.000000
1521,1.733626,1.601396,1.509600,1.397700,1076.000000,851650248.000000,1324570160.000000,237035520.000000,1572720640.000000,0.000600,0.000000,0.000000,0.000000,0.011200,0.000000,0.010100,0.000000,0.000000,0.000000,0.004300,0.001700,0.002200,0.005900,0.000000
1522,1.734896,1.286203,1.361100,1.114300,1076.000000,851649424.000000,1324570160.000000,237035520.000000,1572720640.000000,0.000900,0.000000,0.000000,0.000000,0.011600,0.000000,0.012300,0.000000,0.000000,0.000000,0.005500,0.002400,0.003200,0.005600,0.000000
1523,1.736426,1.160495,1.170900,1.058500,1076.000000,851653544.000000,1324570160.000000,237035520.000000,1572720640.000000,0.000800,0.000000,0.000000,0.000000,0.010000,0.000000,0.011100,0.000000,0.000000,0.000000,0.005700,0.002100,0.002900,0.007400,0.000000
1524,1.737659,1.658000,1.628800,1.521000,1076.000000,851653992.000000,1324570160.000000,237035520.000000,1572720640.000000,0.000900,0.000000,0.000000,0.000000,0.012100,0.000000,0.011100,0.000000,0.000000,0.000000,0.008300,0.002400,0.003100,0.007700,0.000000
1525,1.739384,1.711699,1.713800,1.580400,1076.000000,851653248.000000,1324570160.000000,237035520.000000,1572720640.000000,0.477500,0.159200,0.012300,0.252500,0.012700,0.019800,0.011600,0.015800,0.024100,0.016900,0.004200,0.002700,0.002400,0.007800,0.000000
1526,1.740426,1.080704,1.088200,0.966700,1076.000000,851657368.000000,1324570160.000000,237035520.000000,1572720640.000000,0.000700,0.000000,0.000000,0.000000,0.012800,0.000000,0.012900,0.000000,0.000000,0.000000,0.004400,0.002300,0.002600,0.008800,0.000000
1527,1.741423,0.991596,0.985400,0.876000,1076.000000,851661504.000000,1324570160.000000,237035520.000000,1572720640.000000,0.000700,0.000000,0.000000,0.000000,0.009700,0.000000,0.011100,0.000000,0.000000,0.000000,0.003800,0.001900,0.002400,0.006300,0.000000
1528,1.743649,2.232703,2.235600,2.119800,1076.000000,851661552.000000,1324570160.000000,237035520.000000,1572720640.000000,0.000700,0.000000,0.000000,0.000000,0.011100,0.000000,0.011300,0.000000,0.000000,0.000000,0.003800,0.002000,0.002500,0.006500,0.000000
1529,1.744681,1.043800,1.045400,0.937800,1076.000000,851661992.000000,1324570160.000000,237035520.000000,1572720640.000000,0.000700,0.000000,0.000000,0.000000,0.010300,0.000000,0.012300,0.000000,0.000000,0.000000,0.004100,0.002500,0.002700,0.007000,0.000000
1530,1.745626,0.947803,0.949500,0.846500,1076.000000,851661576.000000,1324570160.000000,237035520.000000,1572720640.000000,0.000800,0.000000,0.000000,0.000000,0.009200,0.000000,0.010700,0.000000,0.000000,0.000000,0.004300,0.002300,0.002400,0.007200,0.000000
1531,1.746847,1.201098,1.191000,1.089400,1076.000000,851661632.000000,1324570160.000000,237035520.000000,1572720640.000000,0.000600,0.000000,0.000000,0.000000,0.009200,0.000000,0.011300,0.000000,0.000000,0.000000,0.003700,0.001800,0.002500,0.006300,0.000000
1532,1.747839,1.003501,0.999400,0.892300,1076.000000,851661648.000000,1324570160.000000,237035520.000000,1572720640.000000,0.000700,0.000000,0.000000,0.000000,0.010200,0.000000,0.010800,0.000000,0.000000,0.000000,0.004300,0.002700,0.002700,0.007200,0.000000
1533,1.748911,0.960502,0.961600,0.855600,1076.000000,851662072.000000,1324570160.000000,237035520.000000,1572720640.000000,0.000700,0.000000,0.000000,0.000000,0.009700,0.000000,0.011000,0.000000,0.000000,0.000000,0.003800,0.002200,0.002600,0.006600,0.000000
1534,1.749904,1.108999,1.105400,1.000200,1076.000000,851666616.000000,1324570160.000000,237035520.000000,1572720640.000000,0.000800,0.000000,0.000000,0.000000,0.009700,0.000000,0.010300,0.000000,0.000000,0.000000,0.006300,0.002000,0.002900,0.007400,0.000000
1535,1.750858,0.946698,0.944600,0.840100,1076.000000,851665792.000000,1324570160.000000,237035520.000000,1572720640.000000,0.000700,0.000000,0.000000,0.000000,0.009200,0.000000,0.010600,0.000000,0.000000,0.000000,0.004000,0.002300,0.002500,0.006400,0.000000
1536,1.751933,1.079301,1.075400,0.972300,1076.000000,851665816.000000,1324570160.000000,237035520.000000,1572720640.000000,0.000600,0.000000,0.000000,0.000000,0.009800,0.000000,0.011600,0.000000,0.000000,0.000000,0.004400,0.001800,0.002400,0.006500,0.000000
1537,1.752894,0.966900,0.970900,0.867700,1076.000000,851666264.000000,1324570160.000000,237035520.000000,1572724736.000000,0.000700,0.000000,0.000000,0.000000,0.009200,0.000000,0.011100,0.000000,0.000000,0.000000,0.004100,0.001900,0.002200,0.006600,0.000000
1538,1.753842,0.924298,0.921900,0.826600,1076.000000,851665864.000000,1324570160.000000,237035520.000000,1572724736.000000,0.000600,0.000000,0.000000,0.000000,0.008600,0.000000,0.010700,0.000000,0.000000,0.000000,0.004100,0.001800,0.002300,0.006500,0.000000
1539,1.755628,1.761302,1.750700,1.652200,1076.000000,851667759.000000,1324570160.000000,237035520.000000,1572724736.000000,0.318100,0.041300,0.011100,0.108200,0.008600,0.017700,0.010700,0.014900,0.020400,0.012300,0.004300,0.001900,0.002400,0.004500,0.000000
1540,1.757273,1.536395,1.116100,1.010300,1076.000000,851670504.000000,1324570160.000000,237035520.000000,1572728832.000000,0.000800,0.000000,0.000000,0.000000,0.011100,0.000000,0.013800,0.000000,0.000000,0.000000,0.005400,0.002500,0.002600,0.007100,0.000000
1541,1.758896,1.666801,2.026800,1.504000,1076.000000,851684760.000000,1324570160.000000,237035520.000000,1572728832.000000,0.000800,0.000000,0.000000,0.000000,0.018200,0.000000,0.022700,0.000000,0.000000,0.000000,0.007100,0.003700,0.004300,0.011100,0.000000
1542,1.760320,1.428798,1.435200,1.274100,1076.000000,851672664.000000,1324570160.000000,237035520.000000,1572728832.000000,0.000900,0.000000,0.000000,0.000000,0.017300,0.000000,0.020100,0.000000,0.000000,0.000000,0.006400,0.003200,0.003500,0.010200,0.000000
1543,1.761880,1.634205,1.662400,1.516800,1076.000000,851674072.000000,1324570160.000000,237035520.000000,1572728832.000000,0.000900,0.000000,0.000000,0.000000,0.016500,0.000000,0.018800,0.000000,0.000000,0.000000,0.006200,0.003300,0.003500,0.010300,0.000000
1544,1.762929,1.076396,1.080900,0.967600,1076.000000,851674120.000000,1324570160.000000,237035520.000000,1572728832.000000,0.000600,0.000000,0.000000,0.000000,0.011000,0.000000,0.012100,0.000000,0.000000,0.000000,0.004700,0.002400,0.002800,0.009800,0.000000
1545,1.764073,1.150602,1.152500,1.043900,1076.000000,851684288.000000,1324570160.000000,237035520.000000,1572728832.000000,0.001100,0.000000,0.000000,0.000000,0.009400,0.000000,0.011500,0.000000,0.000000,0.000000,0.004300,0.002300,0.002400,0.005700,0.000000
1546,1.765027,0.961501,0.957700,0.856200,1076.000000,851689040.000000,1324570160.000000,237035520.000000,1572728832.000000,0.000600,0.000000,0.000000,0.000000,0.009400,0.000000,0.010200,0.000000,0.000000,0.000000,0.004000,0.001800,0.002300,0.006300,0.000000
1547,1.765985,0.929096,0.927500,0.825000,1076.000000,851689080.000000,1324570160.000000,237035520.000000,1572728832.000000,0.000600,0.000000,0.000000,0.000000,0.009000,0.000000,0.010200,0.000000,0.000000,0.000000,0.003700,0.001900,0.002300,0.006400,0.000000
1548,1.767088,1.106200,1.100400,0.996500,1076.000000,851689096.000000,1324570160.000000,237035520.000000,1572728832.000000,0.000500,0.000000,0.000000,0.000000,0.009000,0.000000,0.009900,0.000000,0.000000,0.000000,0.005100,0.001900,0.002600,0.006000,0.000000
1549,1.768109,1.029103,1.025800,0.918400,1076.000000,851689536.000000,1324570160.000000,237035520.000000,1572728832.000000,0.000800,0.000000,0.000000,0.000000,0.010200,0.000000,0.011700,0.000000,0.000000,0.000000,0.004700,0.002100,0.002500,0.007300,0.000000
1550,1.769083,0.978501,0.983100,0.877500,1076.000000,851689984.000000,1324570160.000000,237035520.000000,1572728832.000000,0.000600,0.000000,0.000000,0.000000,0.009400,0.000000,0.010500,0.000000,0.000000,0.000000,0.004500,0.001900,0.002400,0.006600,0.000000
1551,1.770046,0.972796,0.972800,0.875100,1076.000000,851689176.000000,1324570160.000000,237035520.000000,1572728832.000000,0.000700,0.000000,0.000000,0.000000,0.009100,0.000000,0.010900,0.000000,0.000000,0.000000,0.003700,0.001900,0.002200,0.006200,0.000000
1552,1.770984,0.933702,0.925100,0.829500,1076.000000,851689200.000000,1324570160.000000,237035520.000000,1572728832.000000,0.000600,0.000000,0.000000,0.000000,0.008900,0.000000,0.010800,0.000000,0.000000,0.000000,0.004000,0.001900,0.002300,0.006200,0.000000
1553,1.772267,1.276205,1.274200,1.170900,1076.000000,851693848.000000,1324570160.000000,237035520.000000,1572728832.000000,0.307700,0.038900,0.011500,0.106700,0.009400,0.017400,0.010900,0.014400,0.019900,0.012500,0.004000,0.002000,0.002200,0.005000,0.000000
1554,1.773266,1.000999,0.994200,0.891100,1076.000000,851693872.000000,1324570160.000000,237035520.000000,1572728832.000000,0.000800,0.000000,0.000000,0.000000,0.011000,0.000000,0.012600,0.000000,0.000000,0.000000,0.004500,0.002600,0.002300,0.006700,0.000000
1555,1.774252,0.979996,0.968700,0.863200,1076.000000,851693488.000000,1324570160.000000,237035520.000000,1572728832.000000,0.000800,0.000000,0.000000,0.000000,0.009300,0.000000,0.012500,0.000000,0.000000,0.000000,0.003900,0.001900,0.002300,0.006600,0.000000
1556,1.775187,0.952303,0.968000,0.854700,1076.000000,851693512.000000,1324570160.000000,237035520.000000,1572728832.000000,0.000700,0.000000,0.000000,0.000000,0.009600,0.000000,0.010600,0.000000,0.000000,0.000000,0.003900,0.002200,0.002600,0.006600,0.000000
1557,1.776135,0.949695,0.948700,0.853800,1076.000000,851707760.000000,1324570160.000000,237035520.000000,1572728832.000000,0.000800,0.000000,0.000000,0.000000,0.008800,0.000000,0.010400,0.000000,0.000000,0.000000,0.003600,0.001700,0.002100,0.006200,0.000000
1558,1.777055,0.907802,0.902300,0.808200,1076.000000,851695664.000000,1324570160.000000,237035520.000000,1572728832.000000,0.000600,0.000000,0.000000,0.000000,0.008900,0.000000,0.011900,0.000000,0.000000,0.000000,0.003900,0.001700,0.002200,0.006000,0.000000
1559,1.777967,0.926205,0.925000,0.827700,1076.000000,851697144.000000,1324570160.000000,237035520.000000,1572794368.000000,0.000600,0.000000,0.000000,0.000000,0.009100,0.000000,0.010500,0.000000,0.000000,0.000000,0.003800,0.001600,0.002200,0.006200,0.000000
1560,1.778935,0.968197,0.966100,0.869500,1076.000000,851701288.000000,1324570160.000000,237035520.000000,1572794368.000000,0.000700,0.000000,0.000000,0.000000,0.008800,0.000000,0.010300,0.000000,0.000000,0.000000,0.003600,0.002200,0.002200,0.006500,0.000000
1561,1.779833,0.898597,0.897900,0.803300,1076.000000,851701744.000000,1324570160.000000,237035520.000000,1572794368.000000,0.000800,0.000000,0.000000,0.000000,0.008600,0.000000,0.010400,0.000000,0.000000,0.000000,0.003900,0.001700,0.002300,0.006300,0.000000
1562,1.781051,1.200602,1.191100,1.096100,1076.000000,851701328.000000,1324570160.000000,237035520.000000,1572794368.000000,0.000800,0.000000,0.000000,0.000000,0.008600,0.000000,0.010400,0.000000,0.000000,0.000000,0.003900,0.001800,0.002400,0.006000,0.000000
1563,1.782378,1.237103,1.219300,1.117400,1076.000000,851701496.000000,1324570160.000000,237035520.000000,1572794368.000000,0.000600,0.000000,0.000000,0.000000,0.009500,0.000000,0.011600,0.000000,0.000000,0.000000,0.004200,0.002000,0.002500,0.006600,0.000000
1564,1.783576,1.267000,1.224400,1.107600,1076.000000,851701512.000000,1324570160.000000,237035520.000000,1572794368.000000,0.000700,0.000000,0.000000,0.000000,0.012700,0.000000,0.011600,0.000000,0.000000,0.000000,0.005700,0.002200,0.002900,0.006900,0.000000
1565,1.784686,1.130499,1.174900,1.024400,1076.000000,851701952.000000,1324570160.000000,237035520.000000,1572794368.000000,0.000700,0.000000,0.000000,0.000000,0.010500,0.000000,0.051000,0.000000,0.000000,0.000000,0.005200,0.002000,0.002800,0.006800,0.000000
1566,1.785733,1.035899,1.032600,0.923800,1076.000000,851706496.000000,1324570160.000000,237035520.000000,1572794368.000000,0.000700,0.000000,0.000000,0.000000,0.010200,0.000000,0.042800,0.000000,0.000000,0.000000,0.004700,0.002800,0.002400,0.006800,0.000000
1567,1.787069,1.332100,1.328700,1.219400,1076.000000,851705672.000000,1324570160.000000,237035520.000000,1572794368.000000,0.000700,0.000000,0.000000,0.000000,0.010300,0.000000,0.012200,0.000000,0.000000,0.000000,0.004500,0.002300,0.002400,0.006700,0.000000
1568,1.788486,1.418700,1.415200,1.305000,1076.000000,851706320.000000,1324570160.000000,237035520.000000,1572794368.000000,0.351100,0.044500,0.012400,0.124400,0.010200,0.018600,0.014100,0.015300,0.021500,0.013200,0.004900,0.002200,0.002800,0.005300,0.000000
1569,1.789503,1.033199,1.035700,0.927100,1076.000000,851706344.000000,1324570160.000000,237035520.000000,1572794368.000000,0.000800,0.000000,0.000000,0.000000,0.012400,0.000000,0.012300,0.000000,0.000000,0.000000,0.004200,0.002900,0.002600,0.007000,0.000000
1570,1.790488,0.982703,0.981900,0.878700,1076.000000,851705944.000000,1324570160.000000,237035520.000000,1572794368.000000,0.000800,0.000000,0.000000,0.000000,0.009500,0.000000,0.010700,0.000000,0.000000,0.000000,0.004000,0.002600,0.002300,0.006800,0.000000
1571,1.791472,0.977197,0.974700,0.873200,1076.000000,851705968.000000,1324570160.000000,237035520.000000,1572794368.000000,0.000700,0.000000,0.000000,0.000000,0.009600,0.000000,0.010900,0.000000,0.000000,0.000000,0.003900,0.001800,0.002400,0.006600,0.000000
1572,1.792507,1.036600,1.031300,0.930100,1076.000000,851709888.000000,1324570160.000000,237035520.000000,1572794368.000000,0.000700,0.000000,0.000000,0.000000,0.009600,0.000000,0.011000,0.000000,0.000000,0.000000,0.004300,0.001900,0.002300,0.007000,0.000000
1573,1.793907,1.305598,1.260900,1.147100,1076.000000,851724272.000000,1324570160.000000,237035520.000000,1572794368.000000,0.000700,0.000000,0.000000,0.000000,0.010000,0.000000,0.012500,0.000000,0.000000,0.000000,0.004200,0.001800,0.002300,0.006900,0.000000
1574,1.795030,1.215504,1.251900,1.113800,1076.000000,851712176.000000,1324570160.000000,237035520.000000,1572794368.000000,0.000700,0.000000,0.000000,0.000000,0.013900,0.000000,0.015300,0.000000,0.000000,0.000000,0.006200,0.002700,0.002900,0.008100,0.000000
1575,1.796112,1.053501,1.047200,0.943100,1076.000000,851709560.000000,1324570160.000000,237035520.000000,1572794368.000000,0.000700,0.000000,0.000000,0.000000,0.010100,0.000000,0.011900,0.000000,0.000000,0.000000,0.004900,0.001900,0.002400,0.006900,0.000000
1576,1.797350,1.218601,1.186400,1.075100,1076.000000,851709608.000000,1324570160.000000,237035520.000000,1572794368.000000,0.000800,0.000000,0.000000,0.000000,0.012900,0.000000,0.012300,0.000000,0.000000,0.000000,0.005000,0.002600,0.002400,0.007300,0.000000
1577,1.798406,1.098200,1.126500,1.003000,1076.000000,851714160.000000,1324570160.000000,237035520.000000,1572794368.000000,0.000900,0.000000,0.000000,0.000000,0.014000,0.000000,0.011400,0.000000,0.000000,0.000000,0.005300,0.002300,0.002800,0.007100,0.000000
1578,1.799541,1.131498,1.121300,1.014400,1076.000000,851717840.000000,1324570160.000000,237035520.000000,1572794368.000000,0.000700,0.000000,0.000000,0.000000,0.010000,0.000000,0.011100,0.000000,0.000000,0.000000,0.004600,0.002300,0.002300,0.006100,0.000000
1579,1.800556,1.029096,1.032800,0.924000,1076.000000,851717896.000000,1324570160.000000,237035520.000000,1572794368.000000,0.000800,0.000000,0.000000,0.000000,0.010800,0.000000,0.012100,0.000000,0.000000,0.000000,0.004600,0.002700,0.002700,0.007000,0.000000
1580,1.801586,1.037500,1.036700,0.933300,1076.000000,851717912.000000,1324570160.000000,237035520.000000,1572794368.000000,0.000600,0.000000,0.000000,0.000000,0.009900,0.000000,0.011700,0.000000,0.000000,0.000000,0.004200,0.001900,0.002300,0.005000,0.000000
1581,1.802556,0.973306,0.971000,0.871600,1076.000000,851718336.000000,1324570160.000000,237035520.000000,1572794368.000000,0.000800,0.000000,0.000000,0.000000,0.009400,0.000000,0.011600,0.000000,0.000000,0.000000,0.004300,0.002400,0.002600,0.007100,0.000000
1582,1.803953,1.361097,0.955000,0.855300,1076.000000,851718784.000000,1324570160.000000,237035520.000000,1572794368.000000,0.000700,0.000000,0.000000,0.000000,0.009500,0.000000,0.010700,0.000000,0.000000,0.000000,0.004300,0.002400,0.002400,0.006900,0.000000
1583,1.805396,1.460799,1.848500,1.350000,1076.000000,851718632.000000,1324570160.000000,237035520.000000,1572794368.000000,0.349300,0.039700,0.012800,0.130700,0.010900,0.019700,0.011400,0.015500,0.020100,0.013100,0.005000,0.002000,0.002800,0.005500,0.000000
1584,1.806584,1.190604,1.190600,1.078400,1076.000000,851718656.000000,1324570160.000000,237035520.000000,1572794368.000000,0.000800,0.000000,0.000000,0.000000,0.011600,0.000000,0.011500,0.000000,0.000000,0.000000,0.004200,0.002600,0.002500,0.007100,0.000000
1585,1.807832,1.244296,1.231200,1.120000,1076.000000,851723200.000000,1324570160.000000,237035520.000000,1572794368.000000,0.000700,0.000000,0.000000,0.000000,0.010000,0.000000,0.011200,0.000000,0.000000,0.000000,0.004300,0.002100,0.002400,0.006600,0.000000
1586,1.808869,1.045599,1.057800,0.940000,1128.000000,851722800.000000,1324570160.000000,237035520.000000,1572794368.000000,0.000700,0.000000,0.000000,0.000000,0.009900,0.000000,0.011900,0.000000,0.000000,0.000000,0.004500,0.001900,0.002400,0.007000,0.000000
1587,1.809845,0.982703,0.981000,0.877500,1076.000000,851726248.000000,1324570160.000000,237035520.000000,1572794368.000000,0.000800,0.000000,0.000000,0.000000,0.009700,0.000000,0.011300,0.000000,0.000000,0.000000,0.004000,0.002100,0.002300,0.006700,0.000000
1588,1.810825,0.986402,0.987500,0.885100,1076.000000,851730368.000000,1324570160.000000,237035520.000000,1572794368.000000,0.000700,0.000000,0.000000,0.000000,0.009100,0.000000,0.011000,0.000000,0.000000,0.000000,0.004200,0.001800,0.002100,0.006500,0.000000
1589,1.811907,1.064194,1.058500,0.957000,1076.000000,851744752.000000,1324570160.000000,237035520.000000,1572794368.000000,0.000700,0.000000,0.000000,0.000000,0.009200,0.000000,0.011100,0.000000,0.000000,0.000000,0.003700,0.002500,0.002100,0.006700,0.000000
1590,1.813182,1.230605,1.098800,0.992700,1076.000000,851732784.000000,1324570160.000000,237035520.000000,1572794368.000000,0.000700,0.000000,0.000000,0.000000,0.010100,0.000000,0.013200,0.000000,0.000000,0.000000,0.003900,0.002100,0.003300,0.006900,0.000000
1591,1.814438,1.267198,1.386000,1.157800,1076.000000,851734264.000000,1324570160.000000,237035520.000000,1572794368.000000,0.000800,0.000000,0.000000,0.000000,0.011700,0.000000,0.012500,0.000000,0.000000,0.000000,0.005000,0.002400,0.003000,0.007200,0.000000
1592,1.815429,1.033900,1.032800,0.923800,1076.000000,851734312.000000,1324570160.000000,237035520.000000,1572794368.000000,0.000800,0.000000,0.000000,0.000000,0.010400,0.000000,0.012100,0.000000,0.000000,0.000000,0.004700,0.002300,0.003100,0.006600,0.000000
1593,1.816416,0.983099,0.986000,0.879700,1076.000000,851734768.000000,1324570160.000000,237035520.000000,1572794368.000000,0.000700,0.000000,0.000000,0.000000,0.009800,0.000000,0.011500,0.000000,0.000000,0.000000,0.004400,0.002800,0.002600,0.006800,0.000000
1594,1.817404,0.989498,0.986800,0.884000,1076.000000,851738448.000000,1324570160.000000,237035520.000000,1572794368.000000,0.000700,0.000000,0.000000,0.000000,0.009800,0.000000,0.010400,0.000000,0.000000,0.000000,0.004300,0.002200,0.003000,0.007100,0.000000
1595,1.818377,0.980903,0.980900,0.879600,1076.000000,851738488.000000,1324570160.000000,237035520.000000,1572794368.000000,0.000700,0.000000,0.000000,0.000000,0.009300,0.000000,0.010800,0.000000,0.000000,0.000000,0.004100,0.001900,0.002600,0.006500,0.000000
1596,1.819331,0.950000,0.945300,0.846000,1076.000000,851738504.000000,1324570160.000000,237035520.000000,1572794368.000000,0.000800,0.000000,0.000000,0.000000,0.008600,0.000000,0.011200,0.000000,0.000000,0.000000,0.004100,0.001900,0.002500,0.006500,0.000000
1597,1.820458,1.102501,0.967300,0.866900,1076.000000,851738944.000000,1324570160.000000,237035520.000000,1572794368.000000,0.000900,0.000000,0.000000,0.000000,0.009800,0.000000,0.011900,0.000000,0.000000,0.000000,0.004400,0.002600,0.002500,0.007300,0.000000
1598,1.821771,1.333199,1.458700,1.230200,1076.000000,851744616.000000,1324570160.000000,237035520.000000,1572794368.000000,0.333000,0.040900,0.012900,0.120200,0.009600,0.018000,0.010400,0.014000,0.019800,0.012500,0.004400,0.002000,0.002800,0.005300,0.000000
1599,1.822781,1.013102,1.014400,0.909200,1076.000000,851743792.000000,1324570160.000000,237035520.000000,1572794368.000000,0.000700,0.000000,0.000000,0.000000,0.011400,0.000000,0.010800,0.000000,0.000000,0.000000,0.004800,0.002500,0.002500,0.007000,0.000000
1600,1.823978,1.184396,1.175000,1.072300,1076.000000,851743816.000000,1324570160.000000,237035520.000000,1572794368.000000,0.000800,0.000000,0.000000,0.000000,0.009400,0.000000,0.011500,0.000000,0.000000,0.000000,0.004600,0.001900,0.002700,0.006700,0.000000
1601,1.824963,1.004797,0.993000,0.886700,1076.000000,851744264.000000,1324570160.000000,237035520.000000,1572794368.000000,0.000700,0.000000,0.000000,0.000000,0.010300,0.000000,0.011700,0.000000,0.000000,0.000000,0.004400,0.002600,0.002400,0.007100,0.000000
1602,1.825915,0.954103,0.966300,0.851600,1076.000000,851742736.000000,1324570160.000000,237035520.000000,1572794368.000000,0.000600,0.000000,0.000000,0.000000,0.009400,0.000000,0.010100,0.000000,0.000000,0.000000,0.004100,0.002300,0.002300,0.006400,0.000000
1603,1.826884,0.957100,0.956700,0.857000,1076.000000,851742760.000000,1324570160.000000,237035520.000000,1572794368.000000,0.000600,0.000000,0.000000,0.000000,0.008700,0.000000,0.010700,0.000000,0.000000,0.000000,0.004100,0.002200,0.002200,0.006300,0.000000
1604,1.827898,1.013598,1.007400,0.908500,1076.000000,851746880.000000,1324570160.000000,237035520.000000,1572794368.000000,0.000700,0.000000,0.000000,0.000000,0.009400,0.000000,0.010500,0.000000,0.000000,0.000000,0.004200,0.001900,0.002300,0.006600,0.000000
1605,1.828915,1.019799,1.019800,0.918900,1076.000000,851761400.000000,1324570160.000000,237035520.000000,1572794368.000000,0.000700,0.000000,0.000000,0.000000,0.009300,0.000000,0.010900,0.000000,0.000000,0.000000,0.004200,0.001800,0.002400,0.006300,0.000000
1606,1.829955,1.037805,1.033000,0.933200,1076.000000,851749432.000000,1324570160.000000,237035520.000000,1572794368.000000,0.000700,0.000000,0.000000,0.000000,0.009500,0.000000,0.011900,0.000000,0.000000,0.000000,0.004000,0.001700,0.002400,0.006300,0.000000
1607,1.830922,0.975702,0.974700,0.873800,1076.000000,851746816.000000,1324570160.000000,237035520.000000,1572794368.000000,0.000700,0.000000,0.000000,0.000000,0.009700,0.000000,0.010200,0.000000,0.000000,0.000000,0.004000,0.001800,0.002400,0.006800,0.000000
1608,1.832203,1.253600,1.241000,1.138900,1076.000000,851736040.000000,1324570160.000000,237035520.000000,1572794368.000000,0.000700,0.000000,0.000000,0.000000,0.009500,0.000000,0.010200,0.000000,0.000000,0.000000,0.004300,0.002500,0.002300,0.006600,0.000000
1609,1.833236,1.038896,1.039400,0.929800,1076.000000,851736496.000000,1324570160.000000,237035520.000000,1572794368.000000,0.001000,0.000000,0.000000,0.000000,0.010600,0.000000,0.011500,0.000000,0.000000,0.000000,0.005300,0.002300,0.002800,0.008000,0.000000
1610,1.834255,1.001098,1.005700,0.900300,1076.000000,851740176.000000,1324570160.000000,237035520.000000,1572794368.000000,0.000700,0.000000,0.000000,0.000000,0.010500,0.000000,0.011400,0.000000,0.000000,0.000000,0.004400,0.002800,0.002400,0.007200,0.000000
1611,1.835216,0.997003,0.996700,0.899300,1076.000000,851744312.000000,1324570160.000000,237035520.000000,1572794368.000000,0.000700,0.000000,0.000000,0.000000,0.010000,0.000000,0.010400,0.000000,0.000000,0.000000,0.004200,0.001900,0.002800,0.006600,0.000000
1612,1.836251,0.932200,0.925200,0.830600,1076.000000,851744752.000000,1324570160.000000,237035520.000000,1572794368.000000,0.000700,0.000000,0.000000,0.000000,0.009400,0.000000,0.013000,0.000000,0.000000,0.000000,0.003600,0.002100,0.002200,0.006300,0.000000
1613,1.837255,1.095500,1.089500,0.989300,1076.000000,851744768.000000,1324570160.000000,237035520.000000,1572794368.000000,0.000800,0.000000,0.000000,0.000000,0.011200,0.000000,0.012400,0.000000,0.000000,0.000000,0.007700,0.002100,0.002800,0.007200,0.000000
1614,1.838535,1.288102,1.288800,1.186100,1076.000000,851745968.000000,1324570160.000000,237035520.000000,1572794368.000000,0.314900,0.042200,0.012000,0.107800,0.009300,0.017900,0.010600,0.014000,0.020100,0.012600,0.004100,0.002000,0.002400,0.005100,0.000000
1615,1.839478,0.956796,0.956500,0.857700,1076.000000,851745144.000000,1324570160.000000,237035520.000000,1572794368.000000,0.000700,0.000000,0.000000,0.000000,0.010600,0.000000,0.010800,0.000000,0.000000,0.000000,0.003900,0.001800,0.002200,0.006100,0.000000
1616,1.840367,0.886905,0.883300,0.787300,1076.000000,851745168.000000,1324570160.000000,237035520.000000,1572794368.000000,0.000700,0.000000,0.000000,0.000000,0.009400,0.000000,0.011300,0.000000,0.000000,0.000000,0.003800,0.002300,0.002200,0.006300,0.000000
1617,1.841273,0.908298,0.910400,0.812600,1076.000000,851749712.000000,1324570160.000000,237035520.000000,1572794368.000000,0.000600,0.000000,0.000000,0.000000,0.008800,0.000000,0.011000,0.000000,0.000000,0.000000,0.003800,0.001800,0.002300,0.006300,0.000000
1618,1.842167,0.894700,0.890900,0.797500,1076.000000,851748560.000000,1324570160.000000,237035520.000000,1572794368.000000,0.000600,0.000000,0.000000,0.000000,0.008800,0.000000,0.010500,0.000000,0.000000,0.000000,0.003700,0.002500,0.002300,0.006100,0.000000
1619,1.843051,0.881803,0.881600,0.787300,1076.000000,851748584.000000,1324570160.000000,237035520.000000,1572794368.000000,0.000700,0.000000,0.000000,0.000000,0.008400,0.000000,0.011100,0.000000,0.000000,0.000000,0.003500,0.001700,0.002300,0.006300,0.000000
1620,1.843964,0.910098,0.903600,0.811300,1076.000000,851748608.000000,1324570160.000000,237035520.000000,1572794368.000000,0.000700,0.000000,0.000000,0.000000,0.008500,0.000000,0.010900,0.000000,0.000000,0.000000,0.003300,0.001800,0.002200,0.006400,0.000000
1621,1.844931,0.976601,0.975400,0.879700,1076.000000,851762992.000000,1324570160.000000,237035520.000000,1572794368.000000,0.000700,0.000000,0.000000,0.000000,0.009000,0.000000,0.010700,0.000000,0.000000,0.000000,0.003700,0.001800,0.002100,0.006100,0.000000
1622,1.845842,0.897300,0.895800,0.802200,1076.000000,851751024.000000,1324570160.000000,237035520.000000,1572794368.000000,0.000600,0.000000,0.000000,0.000000,0.008700,0.000000,0.012900,0.000000,0.000000,0.000000,0.003600,0.002300,0.002300,0.006500,0.000000
1623,1.847737,1.704698,0.997300,0.900400,1076.000000,851752504.000000,1324570160.000000,237035520.000000,1572859904.000000,0.000600,0.000000,0.000000,0.000000,0.008500,0.000000,0.010800,0.000000,0.000000,0.000000,0.003400,0.002100,0.002400,0.006500,0.000000
1624,1.849248,1.646797,2.318700,1.514700,1076.000000,851752552.000000,1324570160.000000,237035520.000000,1572859904.000000,0.000600,0.000000,0.000000,0.000000,0.014200,0.000000,0.012900,0.000000,0.000000,0.000000,0.009500,0.003100,0.005100,0.010000,0.000000
1625,1.850390,1.182802,1.197300,1.070000,1076.000000,851753008.000000,1324570160.000000,237035520.000000,1572859904.000000,0.000800,0.000000,0.000000,0.000000,0.011900,0.000000,0.012300,0.000000,0.000000,0.000000,0.005700,0.003700,0.003800,0.008900,0.000000
1626,1.851353,0.975198,0.977300,0.870100,1076.000000,851753016.000000,1324570160.000000,237035520.000000,1572859904.000000,0.000700,0.000000,0.000000,0.000000,0.010100,0.000000,0.012200,0.000000,0.000000,0.000000,0.004700,0.002600,0.003100,0.007000,0.000000
1627,1.852282,0.933000,0.935100,0.835500,1076.000000,851752632.000000,1324570160.000000,237035520.000000,1572859904.000000,0.000600,0.000000,0.000000,0.000000,0.009700,0.000000,0.011400,0.000000,0.000000,0.000000,0.004200,0.002300,0.002400,0.006600,0.000000
1628,1.853167,0.890001,0.888900,0.794100,1076.000000,851756744.000000,1324570160.000000,237035520.000000,1572859904.000000,0.000600,0.000000,0.000000,0.000000,0.008900,0.000000,0.010800,0.000000,0.000000,0.000000,0.003800,0.002600,0.002300,0.006500,0.000000
1629,1.854133,0.933000,0.914200,0.819600,1076.000000,851757184.000000,1324570160.000000,237035520.000000,1572859904.000000,0.000600,0.000000,0.000000,0.000000,0.008400,0.000000,0.010600,0.000000,0.000000,0.000000,0.003900,0.002300,0.002200,0.006500,0.000000
1630,1.855550,1.445401,1.454000,1.343700,1076.000000,851771856.000000,1324570160.000000,237035520.000000,1572864000.000000,0.329900,0.041900,0.011600,0.105600,0.009200,0.018400,0.010100,0.014400,0.019500,0.012600,0.004300,0.001900,0.002500,0.005200,0.000000
1631,1.856483,0.934099,0.934700,0.837300,1076.000000,851772104.000000,1324570160.000000,237035520.000000,1572864000.000000,0.000700,0.000000,0.000000,0.000000,0.010400,0.000000,0.010300,0.000000,0.000000,0.000000,0.003900,0.002300,0.002400,0.006600,0.000000
1632,1.857369,0.894700,0.887000,0.792900,1076.000000,851772128.000000,1324570160.000000,237035520.000000,1572864000.000000,0.000700,0.000000,0.000000,0.000000,0.008800,0.000000,0.010700,0.000000,0.000000,0.000000,0.003800,0.001800,0.002300,0.006300,0.000000
1633,1.858280,0.900900,0.901800,0.801500,1076.000000,851772576.000000,1324570160.000000,237035520.000000,1572864000.000000,0.000600,0.000000,0.000000,0.000000,0.008700,0.000000,0.010400,0.000000,0.000000,0.000000,0.004000,0.002500,0.002400,0.006300,0.000000
1634,1.859176,0.897201,0.896400,0.800200,1076.000000,851771800.000000,1324570160.000000,237035520.000000,1572864000.000000,0.000700,0.000000,0.000000,0.000000,0.009000,0.000000,0.010700,0.000000,0.000000,0.000000,0.004100,0.002300,0.002400,0.006500,0.000000
1635,1.860082,0.902501,0.901700,0.807300,1076.000000,851771824.000000,1324570160.000000,237035520.000000,1572864000.000000,0.000800,0.000000,0.000000,0.000000,0.008800,0.000000,0.010600,0.000000,0.000000,0.000000,0.004000,0.001800,0.002200,0.006400,0.000000
1636,1.860956,0.882696,0.879100,0.786900,1076.000000,851775944.000000,1324570160.000000,237035520.000000,1572864000.000000,0.000700,0.000000,0.000000,0.000000,0.008700,0.000000,0.010700,0.000000,0.000000,0.000000,0.003800,0.001800,0.002300,0.006100,0.000000
1637,1.861910,0.951304,0.950900,0.857700,1076.000000,851790328.000000,1324570160.000000,237035520.000000,1572864000.000000,0.000800,0.000000,0.000000,0.000000,0.008800,0.000000,0.010800,0.000000,0.000000,0.000000,0.003800,0.001900,0.002100,0.006300,0.000000
1638,1.863014,1.084297,1.070500,0.976400,1076.000000,851778232.000000,1324570160.000000,237035520.000000,1572864000.000000,0.000700,0.000000,0.000000,0.000000,0.008500,0.000000,0.011100,0.000000,0.000000,0.000000,0.003800,0.001900,0.002400,0.006200,0.000000
1639,1.864132,1.122704,1.121700,1.018100,1076.000000,851775616.000000,1324570160.000000,237035520.000000,1572864000.000000,0.000700,0.000000,0.000000,0.000000,0.009800,0.000000,0.010900,0.000000,0.000000,0.000000,0.004500,0.002700,0.002500,0.006900,0.000000
1640,1.865106,0.982696,0.982900,0.881800,1076.000000,851776088.000000,1324570160.000000,237035520.000000,1572864000.000000,0.000700,0.000000,0.000000,0.000000,0.009600,0.000000,0.012600,0.000000,0.000000,0.000000,0.006200,0.003200,0.002700,0.007100,0.000000
1641,1.866064,0.950205,0.947200,0.849400,1076.000000,851776120.000000,1324570160.000000,237035520.000000,1572864000.000000,0.000700,0.000000,0.000000,0.000000,0.009200,0.000000,0.011600,0.000000,0.000000,0.000000,0.004200,0.002200,0.002400,0.006500,0.000000
1642,1.867153,1.079401,1.036800,0.924700,1076.000000,851779800.000000,1324570160.000000,237035520.000000,1572864000.000000,0.000700,0.000000,0.000000,0.000000,0.009300,0.000000,0.010500,0.000000,0.000000,0.000000,0.003800,0.001900,0.002300,0.006300,0.000000
1643,1.868121,0.982696,1.014400,0.878600,1076.000000,851779840.000000,1324570160.000000,237035520.000000,1572864000.000000,0.000900,0.000000,0.000000,0.000000,0.010200,0.000000,0.011100,0.000000,0.000000,0.000000,0.004000,0.001800,0.002400,0.004900,0.000000
1644,1.869091,0.965001,0.965300,0.864800,1076.000000,851779856.000000,1324570160.000000,237035520.000000,1572864000.000000,0.000700,0.000000,0.000000,0.000000,0.008800,0.000000,0.010700,0.000000,0.000000,0.000000,0.003800,0.001800,0.002300,0.006300,0.000000
1645,1.870027,0.945600,0.944800,0.847400,1076.000000,851784392.000000,1324570160.000000,237035520.000000,1572864000.000000,0.000700,0.000000,0.000000,0.000000,0.009400,0.000000,0.010800,0.000000,0.000000,0.000000,0.003900,0.002400,0.002300,0.006800,0.000000
1646,1.870975,0.949001,0.946300,0.850800,1076.000000,851784840.000000,1324570160.000000,237035520.000000,1572864000.000000,0.000700,0.000000,0.000000,0.000000,0.009000,0.000000,0.010700,0.000000,0.000000,0.000000,0.003700,0.002500,0.002400,0.006800,0.000000
1647,1.872284,1.293601,1.285600,1.187200,1076.000000,851784472.000000,1324570160.000000,237035520.000000,1572864000.000000,0.331000,0.052000,0.011600,0.118500,0.008500,0.017700,0.009800,0.012400,0.018700,0.012400,0.004000,0.002000,0.002100,0.005200,0.000000
1648,1.873299,1.015200,1.008700,0.906400,1076.000000,851784496.000000,1324570160.000000,237035520.000000,1572864000.000000,0.000800,0.000000,0.000000,0.000000,0.010800,0.000000,0.010300,0.000000,0.000000,0.000000,0.003700,0.001700,0.002700,0.006500,0.000000
1649,1.874326,0.976098,0.981000,0.875500,1076.000000,851789040.000000,1324570160.000000,237035520.000000,1572864000.000000,0.000700,0.000000,0.000000,0.000000,0.009500,0.000000,0.011000,0.000000,0.000000,0.000000,0.003900,0.001800,0.002300,0.006400,0.000000
1650,1.875254,0.994898,0.975900,0.878500,1076.000000,851788640.000000,1324570160.000000,237035520.000000,1572864000.000000,0.000700,0.000000,0.000000,0.000000,0.008700,0.000000,0.011300,0.000000,0.000000,0.000000,0.004200,0.001900,0.002200,0.006200,0.000000
1651,1.876148,0.892999,0.909500,0.795800,1076.000000,851792336.000000,1324570160.000000,237035520.000000,1572864000.000000,0.000700,0.000000,0.000000,0.000000,0.008700,0.000000,0.011000,0.000000,0.000000,0.000000,0.003700,0.001700,0.002300,0.006100,0.000000
1652,1.877153,0.993601,0.962400,0.840100,1076.000000,851792360.000000,1324570160.000000,237035520.000000,1572864000.000000,0.000700,0.000000,0.000000,0.000000,0.008400,0.000000,0.010800,0.000000,0.000000,0.000000,0.003900,0.001600,0.002100,0.006400,0.000000
1653,1.878680,1.485502,1.259400,1.132100,1076.000000,851806744.000000,1324570160.000000,237035520.000000,1572864000.000000,0.000700,0.000000,0.000000,0.000000,0.009700,0.000000,0.011500,0.000000,0.000000,0.000000,0.004000,0.001800,0.002300,0.006200,0.000000
1654,1.879875,1.230400,1.469200,1.121100,1076.000000,851795072.000000,1324570160.000000,237035520.000000,1572864000.000000,0.000700,0.000000,0.000000,0.000000,0.011500,0.000000,0.014700,0.000000,0.000000,0.000000,0.004900,0.002000,0.002500,0.006800,0.000000
1655,1.880930,1.069303,1.071200,0.966500,1076.000000,851796128.000000,1324570160.000000,237035520.000000,1572864000.000000,0.000700,0.000000,0.000000,0.000000,0.010200,0.000000,0.111400,0.000000,0.000000,0.000000,0.004400,0.002600,0.002400,0.006700,0.000000
1656,1.882078,1.111600,1.100700,0.997700,1076.000000,851796176.000000,1324570160.000000,237035520.000000,1572864000.000000,0.000700,0.000000,0.000000,0.000000,0.009500,0.000000,0.031200,0.000000,0.000000,0.000000,0.003900,0.002700,0.002400,0.006700,0.000000
1657,1.883265,1.204996,1.200300,1.088100,1076.000000,851796632.000000,1324570160.000000,237035520.000000,1572864000.000000,0.000800,0.000000,0.000000,0.000000,0.010600,0.000000,0.052300,0.000000,0.000000,0.000000,0.004700,0.002200,0.002700,0.006900,0.000000
1658,1.884461,1.203401,1.204000,1.093900,1076.000000,851796216.000000,1324570160.000000,237035520.000000,1572864000.000000,0.000800,0.000000,0.000000,0.000000,0.009900,0.000000,0.037200,0.000000,0.000000,0.000000,0.004200,0.002600,0.002600,0.007100,0.000000
1659,1.885556,1.105003,1.110200,1.004800,1076.000000,851796256.000000,1324570160.000000,237035520.000000,1572864000.000000,0.000600,0.000000,0.000000,0.000000,0.010600,0.000000,0.066500,0.000000,0.000000,0.000000,0.004800,0.002600,0.002500,0.006700,0.000000
1660,1.886612,1.040597,1.029400,0.929600,1076.000000,851796272.000000,1324570160.000000,237035520.000000,1572864000.000000,0.000700,0.000000,0.000000,0.000000,0.009000,0.000000,0.052300,0.000000,0.000000,0.000000,0.004200,0.002000,0.002300,0.006600,0.000000
1661,1.889050,2.365505,1.691400,1.568100,1076.000000,851785928.000000,1324570160.000000,237035520.000000,1572864000.000000,0.000800,0.000000,0.000000,0.000000,0.010900,0.000000,0.011300,0.000000,0.000000,0.000000,0.004600,0.002100,0.002800,0.007200,0.000000
1662,1.890643,1.646096,2.301300,1.529700,1076.000000,851796792.000000,1324570160.000000,237035520.000000,1572864000.000000,0.352400,0.044400,0.012200,0.106700,0.013700,0.017700,0.026900,0.020400,0.022200,0.011800,0.006300,0.002500,0.003600,0.007000,0.000000
1663,1.891830,1.220302,1.234900,1.117300,1076.000000,851795968.000000,1324570160.000000,237035520.000000,1572864000.000000,0.000800,0.000000,0.000000,0.000000,0.012600,0.000000,0.011500,0.000000,0.000000,0.000000,0.004700,0.002300,0.002900,0.007100,0.000000
1664,1.892765,0.942900,0.942700,0.843800,1076.000000,851795992.000000,1324570160.000000,237035520.000000,1572864000.000000,0.000500,0.000000,0.000000,0.000000,0.009200,0.000000,0.011300,0.000000,0.000000,0.000000,0.004600,0.002700,0.002400,0.006800,0.000000
1665,1.893682,0.912897,0.910400,0.815300,1076.000000,851796440.000000,1324570160.000000,237035520.000000,1572864000.000000,0.000600,0.000000,0.000000,0.000000,0.009300,0.000000,0.010900,0.000000,0.000000,0.000000,0.004000,0.002500,0.002100,0.006600,0.000000
1666,1.894591,0.889902,0.889500,0.794500,1076.000000,851793848.000000,1324570160.000000,237035520.000000,1572864000.000000,0.000700,0.000000,0.000000,0.000000,0.008800,0.000000,0.010500,0.000000,0.000000,0.000000,0.003700,0.001700,0.002200,0.006500,0.000000
1667,1.895502,0.932299,0.929400,0.835900,1076.000000,851793872.000000,1324570160.000000,237035520.000000,1572864000.000000,0.000600,0.000000,0.000000,0.000000,0.010600,0.000000,0.011000,0.000000,0.000000,0.000000,0.004000,0.001700,0.002300,0.006900,0.000000
1668,1.896615,1.096499,0.941900,0.845300,1076.000000,851798416.000000,1324570160.000000,237035520.000000,1572864000.000000,0.000700,0.000000,0.000000,0.000000,0.008600,0.000000,0.012200,0.000000,0.000000,0.000000,0.003600,0.002100,0.002000,0.006300,0.000000
1669,1.897750,1.124901,1.257500,1.010800,1076.000000,851812512.000000,1324570160.000000,237035520.000000,1572864000.000000,0.000700,0.000000,0.000000,0.000000,0.009600,0.000000,0.012200,0.000000,0.000000,0.000000,0.004500,0.002000,0.002500,0.006600,0.000000
1670,1.898722,0.989704,0.997200,0.886600,1076.000000,851800416.000000,1324570160.000000,237035520.000000,1572864000.000000,0.000700,0.000000,0.000000,0.000000,0.010300,0.000000,0.012600,0.000000,0.000000,0.000000,0.004600,0.002100,0.002500,0.006800,0.000000
1671,1.899696,0.974100,0.972900,0.873200,1076.000000,851797800.000000,1324570160.000000,237035520.000000,1572864000.000000,0.000800,0.000000,0.000000,0.000000,0.009400,0.000000,0.010900,0.000000,0.000000,0.000000,0.003800,0.002000,0.002600,0.006100,0.000000
1672,1.900669,0.979301,0.970900,0.873500,1076.000000,851797848.000000,1324570160.000000,237035520.000000,1572864000.000000,0.000600,0.000000,0.000000,0.000000,0.009400,0.000000,0.010500,0.000000,0.000000,0.000000,0.003900,0.001700,0.002400,0.006400,0.000000
1673,1.901884,1.192694,1.187600,1.080800,1076.000000,851802400.000000,1324570160.000000,237035520.000000,1572864000.000000,0.000700,0.000000,0.000000,0.000000,0.009300,0.000000,0.011000,0.000000,0.000000,0.000000,0.003600,0.001800,0.002200,0.006400,0.000000
1674,1.902860,0.990604,0.992500,0.886900,1076.000000,851806080.000000,1324570160.000000,237035520.000000,1572864000.000000,0.000700,0.000000,0.000000,0.000000,0.010800,0.000000,0.011400,0.000000,0.000000,0.000000,0.004900,0.002700,0.002400,0.007300,0.000000
1675,1.903861,1.001098,0.997700,0.896100,1076.000000,851806120.000000,1324570160.000000,237035520.000000,1572864000.000000,0.000700,0.000000,0.000000,0.000000,0.010200,0.000000,0.011200,0.000000,0.000000,0.000000,0.004600,0.002500,0.002400,0.006300,0.000000
1676,1.905126,1.267900,1.267300,1.165800,1076.000000,851806312.000000,1324570160.000000,237035520.000000,1572864000.000000,0.307700,0.042400,0.011900,0.106000,0.009200,0.017300,0.011000,0.013800,0.019100,0.012000,0.003900,0.001900,0.002200,0.004900,0.000000
1677,1.906082,0.954401,0.952500,0.854000,1076.000000,851806752.000000,1324570160.000000,237035520.000000,1572864000.000000,0.000700,0.000000,0.000000,0.000000,0.010200,0.000000,0.011000,0.000000,0.000000,0.000000,0.020200,0.002200,0.002800,0.007800,0.000000
1678,1.907150,1.068304,1.038500,0.914600,1076.000000,851807200.000000,1324570160.000000,237035520.000000,1572864000.000000,0.000700,0.000000,0.000000,0.000000,0.008900,0.000000,0.010700,0.000000,0.000000,0.000000,0.004300,0.001800,0.002200,0.006300,0.000000
1679,1.908124,0.977700,1.001300,0.879200,1076.000000,851810472.000000,1324570160.000000,237035520.000000,1572864000.000000,0.000600,0.000000,0.000000,0.000000,0.009900,0.000000,0.010800,0.000000,0.000000,0.000000,0.003800,0.002200,0.002100,0.006500,0.000000
1680,1.909038,0.917198,0.913400,0.815600,1076.000000,851810376.000000,1324570160.000000,237035520.000000,1572864000.000000,0.000700,0.000000,0.000000,0.000000,0.009400,0.000000,0.010300,0.000000,0.000000,0.000000,0.003700,0.001700,0.002500,0.006500,0.000000
1681,1.910050,0.905598,0.907100,0.807700,1076.000000,851814920.000000,1324570160.000000,237035520.000000,1572864000.000000,0.000700,0.000000,0.000000,0.000000,0.008800,0.000000,0.010800,0.000000,0.000000,0.000000,0.003700,0.001700,0.002200,0.006400,0.000000
1682,1.911016,1.069501,1.059500,0.963300,1076.000000,851814944.000000,1324570160.000000,237035520.000000,1572864000.000000,0.000600,0.000000,0.000000,0.000000,0.008800,0.000000,0.012500,0.000000,0.000000,0.000000,0.007800,0.001900,0.002600,0.007100,0.000000
1683,1.912076,1.033397,1.024600,0.920300,1076.000000,851814544.000000,1324570160.000000,237035520.000000,1572864000.000000,0.000600,0.000000,0.000000,0.000000,0.009500,0.000000,0.011300,0.000000,0.000000,0.000000,0.004400,0.002200,0.002300,0.006300,0.000000
1684,1.913095,1.027005,1.019300,0.910000,1076.000000,851814568.000000,1324570160.000000,237035520.000000,1572864000.000000,0.000700,0.000000,0.000000,0.000000,0.010700,0.000000,0.011600,0.000000,0.000000,0.000000,0.003900,0.001800,0.002600,0.005900,0.000000
1685,1.914196,1.077898,1.087800,0.976900,1076.000000,851828952.000000,1324570160.000000,237035520.000000,1572864000.000000,0.000700,0.000000,0.000000,0.000000,0.009500,0.000000,0.011800,0.000000,0.000000,0.000000,0.004300,0.001800,0.002300,0.006400,0.000000
1686,1.915204,1.025496,1.026200,0.926300,1076.000000,851816856.000000,1324570160.000000,237035520.000000,1572864000.000000,0.000600,0.000000,0.000000,0.000000,0.009300,0.000000,0.012000,0.000000,0.000000,0.000000,0.005600,0.002000,0.002500,0.005800,0.000000
1687,1.916368,1.001800,0.988400,0.890100,1076.000000,851818336.000000,1324570160.000000,237035520.000000,1572929536.000000,0.000800,0.000000,0.000000,0.000000,0.008800,0.000000,0.011100,0.000000,0.000000,0.000000,0.004600,0.001900,0.002500,0.006700,0.000000
1688,1.917510,1.322300,1.322900,1.213600,1076.000000,851818384.000000,1324570160.000000,237035520.000000,1572929536.000000,0.000800,0.000000,0.000000,0.000000,0.011900,0.000000,0.018300,0.000000,0.000000,0.000000,0.010900,0.003500,0.004700,0.012200,0.000000
1689,1.918614,1.071301,1.069600,0.963600,1076.000000,851818840.000000,1324570160.000000,237035520.000000,1572929536.000000,0.000800,0.000000,0.000000,0.000000,0.009400,0.000000,0.011100,0.000000,0.000000,0.000000,0.004300,0.002600,0.002600,0.006900,0.000000
1690,1.919640,1.049001,1.045700,0.941100,1076.000000,851818424.000000,1324570160.000000,237035520.000000,1572929536.000000,0.000900,0.000000,0.000000,0.000000,0.009800,0.000000,0.011900,0.000000,0.000000,0.000000,0.008500,0.002000,0.003400,0.007400,0.000000
1691,1.920594,0.970500,0.972800,0.869100,1076.000000,851818464.000000,1324570160.000000,237035520.000000,1572929536.000000,0.000600,0.000000,0.000000,0.000000,0.009800,0.000000,0.010800,0.000000,0.000000,0.000000,0.003700,0.001800,0.002500,0.007000,0.000000
1692,1.922001,1.394600,1.384400,1.283600,1076.000000,851819112.000000,1324570160.000000,237035520.000000,1572929536.000000,0.341600,0.040500,0.012100,0.127100,0.009300,0.019200,0.010000,0.014300,0.020400,0.014200,0.003800,0.001900,0.002300,0.004800,0.000000
1693,1.922968,0.980598,0.978200,0.869800,1076.000000,851819552.000000,1324570160.000000,237035520.000000,1572929536.000000,0.000700,0.000000,0.000000,0.000000,0.011400,0.000000,0.010400,0.000000,0.000000,0.000000,0.004300,0.001900,0.002600,0.007000,0.000000
1694,1.923952,0.974504,0.975500,0.868600,1076.000000,851824096.000000,1324570160.000000,237035520.000000,1572929536.000000,0.000700,0.000000,0.000000,0.000000,0.009400,0.000000,0.030600,0.000000,0.000000,0.000000,0.003800,0.002300,0.002500,0.006300,0.000000
1695,1.924904,0.951495,0.951100,0.849400,1076.000000,851823272.000000,1324570160.000000,237035520.000000,1572929536.000000,0.000700,0.000000,0.000000,0.000000,0.009700,0.000000,0.010800,0.000000,0.000000,0.000000,0.004300,0.002400,0.002500,0.007100,0.000000
1696,1.925837,0.948902,0.934600,0.835000,1076.000000,851827192.000000,1324570160.000000,237035520.000000,1572929536.000000,0.000700,0.000000,0.000000,0.000000,0.009400,0.000000,0.012300,0.000000,0.000000,0.000000,0.004200,0.002500,0.002500,0.006800,0.000000
1697,1.926854,1.004500,1.015400,0.904400,1076.000000,851827344.000000,1324570160.000000,237035520.000000,1572929536.000000,0.000700,0.000000,0.000000,0.000000,0.009400,0.000000,0.012000,0.000000,0.000000,0.000000,0.004200,0.002300,0.002300,0.006600,0.000000
1698,1.927893,0.995104,0.951200,0.853700,1076.000000,851826944.000000,1324570160.000000,237035520.000000,1572929536.000000,0.000600,0.000000,0.000000,0.000000,0.009000,0.000000,0.010800,0.000000,0.000000,0.000000,0.003800,0.001700,0.002400,0.005900,0.000000
1699,1.928904,1.053798,1.085700,0.951700,1076.000000,851826968.000000,1324570160.000000,237035520.000000,1572929536.000000,0.000900,0.000000,0.000000,0.000000,0.010300,0.000000,0.011000,0.000000,0.000000,0.000000,0.005600,0.002000,0.002600,0.007300,0.000000
1700,1.929879,0.980300,0.980000,0.875900,1076.000000,851831088.000000,1324570160.000000,237035520.000000,1572929536.000000,0.000700,0.000000,0.000000,0.000000,0.009500,0.000000,0.011200,0.000000,0.000000,0.000000,0.004400,0.002700,0.002300,0.007100,0.000000
1701,1.930890,1.010197,1.007900,0.905600,1076.000000,851845472.000000,1324570160.000000,237035520.000000,1572929536.000000,0.000700,0.000000,0.000000,0.000000,0.008900,0.000000,0.011200,0.000000,0.000000,0.000000,0.003900,0.001800,0.002100,0.006500,0.000000
1702,1.931920,1.014902,1.005900,0.902900,1076.000000,851833376.000000,1324570160.000000,237035520.000000,1572929536.000000,0.000700,0.000000,0.000000,0.000000,0.009400,0.000000,0.012600,0.000000,0.000000,0.000000,0.003600,0.002500,0.002300,0.006500,0.000000
1703,1.932970,1.056002,1.045700,0.938200,1076.000000,851830760.000000,1324570160.000000,237035520.000000,1572929536.000000,0.000700,0.000000,0.000000,0.000000,0.009900,0.000000,0.012300,0.000000,0.000000,0.000000,0.004400,0.002100,0.002600,0.006700,0.000000
1704,1.934194,1.203699,1.212900,1.099600,1076.000000,851830808.000000,1324570160.000000,237035520.000000,1572929536.000000,0.000900,0.000000,0.000000,0.000000,0.009500,0.000000,0.011100,0.000000,0.000000,0.000000,0.004300,0.001900,0.002700,0.006800,0.000000
1705,1.935289,1.114902,1.110700,1.006900,1076.000000,851831264.000000,1324570160.000000,237035520.000000,1572929536.000000,0.000800,0.000000,0.000000,0.000000,0.011000,0.000000,0.038300,0.000000,0.000000,0.000000,0.004200,0.002000,0.002600,0.004800,0.000000
1706,1.936588,1.283199,1.275800,1.168600,1076.000000,851834944.000000,1324570160.000000,237035520.000000,1572929536.000000,0.000800,0.000000,0.000000,0.000000,0.009600,0.000000,0.011100,0.000000,0.000000,0.000000,0.004400,0.002700,0.002400,0.007300,0.000000
1707,1.938425,1.711798,1.231200,1.120900,1076.000000,851834984.000000,1324570160.000000,237035520.000000,1572929536.000000,0.000700,0.000000,0.000000,0.000000,0.010600,0.000000,0.037700,0.000000,0.000000,0.000000,0.004700,0.002700,0.002400,0.008000,0.000000
1708,1.940462,2.099802,2.536800,1.874700,1076.000000,851835272.000000,1324570160.000000,237035520.000000,1572929536.000000,0.479100,0.064700,0.018000,0.151300,0.018000,0.025000,0.032200,0.021400,0.028400,0.019500,0.007500,0.003900,0.004100,0.010200,0.000000
1709,1.941615,1.225496,1.259400,1.117600,1076.000000,851835712.000000,1324570160.000000,237035520.000000,1572929536.000000,0.000900,0.000000,0.000000,0.000000,0.016500,0.000000,0.026400,0.000000,0.000000,0.000000,0.007300,0.002500,0.003100,0.008400,0.000000
1710,1.942883,1.215200,1.181400,1.065300,1076.000000,851836584.000000,1324570160.000000,237035520.000000,1572929536.000000,0.000600,0.000000,0.000000,0.000000,0.010400,0.000000,0.029300,0.000000,0.000000,0.000000,0.004300,0.002300,0.002300,0.006900,0.000000
1711,1.944104,1.277402,1.306600,1.171700,1076.000000,851845040.000000,1324570160.000000,237035520.000000,1572929536.000000,0.000700,0.000000,0.000000,0.000000,0.013100,0.000000,0.094700,0.000000,0.000000,0.000000,0.005800,0.002600,0.002700,0.007500,0.000000
1712,1.945123,1.028699,1.029000,0.924600,1076.000000,851845904.000000,1324570160.000000,237035520.000000,1572929536.000000,0.000700,0.000000,0.000000,0.000000,0.011400,0.000000,0.011400,0.000000,0.000000,0.000000,0.004400,0.002000,0.002300,0.006700,0.000000
1713,1.946322,1.185899,0.968500,0.865300,1076.000000,851854544.000000,1324570160.000000,237035520.000000,1572929536.000000,0.000700,0.000000,0.000000,0.000000,0.008800,0.000000,0.010800,0.000000,0.000000,0.000000,0.004000,0.001700,0.002200,0.006600,0.000000
1714,1.947366,1.056200,1.260200,0.943500,1076.000000,851854144.000000,1324570160.000000,237035520.000000,1572929536.000000,0.000700,0.000000,0.000000,0.000000,0.010200,0.000000,0.031600,0.000000,0.000000,0.000000,0.004300,0.002100,0.002500,0.007000,0.000000
1715,1.948615,1.201701,1.184800,1.067400,1076.000000,851858264.000000,1324570160.000000,237035520.000000,1572929536.000000,0.000700,0.000000,0.000000,0.000000,0.009900,0.000000,0.011000,0.000000,0.000000,0.000000,0.004500,0.002700,0.002200,0.006700,0.000000
1716,1.949930,1.288705,1.297400,1.172200,1076.000000,851858288.000000,1324570160.000000,237035520.000000,1572929536.000000,0.000700,0.000000,0.000000,0.000000,0.012300,0.000000,0.084500,0.000000,0.000000,0.000000,0.005300,0.002400,0.002500,0.007300,0.000000
1717,1.951241,1.355796,1.355300,1.243500,1076.000000,851872680.000000,1324570160.000000,237035520.000000,1572929536.000000,0.000900,0.000000,0.000000,0.000000,0.010800,0.000000,0.031400,0.000000,0.000000,0.000000,0.006800,0.002900,0.003100,0.141400,0.000000
1718,1.952442,1.208702,1.208300,1.098700,1076.000000,851860584.000000,1324570160.000000,237035520.000000,1572929536.000000,0.000700,0.000000,0.000000,0.000000,0.009900,0.000000,0.013000,0.000000,0.000000,0.000000,0.005200,0.002500,0.002400,0.006800,0.000000
1719,1.953668,1.225702,1.217100,1.107700,1076.000000,851862064.000000,1324570160.000000,237035520.000000,1572929536.000000,0.000700,0.000000,0.000000,0.000000,0.009900,0.000000,0.011900,0.000000,0.000000,0.000000,0.004500,0.002500,0.002400,0.007300,0.000000
1720,1.954723,1.053501,1.054600,0.945200,1076.000000,851862112.000000,1324570160.000000,237035520.000000,1572929536.000000,0.000800,0.000000,0.000000,0.000000,0.010200,0.000000,0.011400,0.000000,0.000000,0.000000,0.004600,0.002000,0.002300,0.006900,0.000000
1721,1.956115,1.400397,1.405200,1.297400,1076.000000,851863296.000000,1324570160.000000,237035520.000000,1572929536.000000,0.334400,0.043800,0.011900,0.119600,0.009500,0.017100,0.012400,0.014900,0.019400,0.012500,0.004400,0.002800,0.002500,0.006200,0.000000
1722,1.957331,1.212401,1.202200,1.098000,1076.000000,851862880.000000,1324570160.000000,237035520.000000,1572929536.000000,0.000700,0.000000,0.000000,0.000000,0.010500,0.000000,0.107500,0.000000,0.000000,0.000000,0.004000,0.002100,0.002600,0.006300,0.000000
1723,1.958410,1.087401,1.085600,0.977700,1076.000000,851862920.000000,1324570160.000000,237035520.000000,1572929536.000000,0.000700,0.000000,0.000000,0.000000,0.010700,0.000000,0.027300,0.000000,0.000000,0.000000,0.004700,0.002700,0.002500,0.007200,0.000000
1724,1.959687,1.241801,1.216200,1.102900,1076.000000,851863360.000000,1324570160.000000,237035520.000000,1572929536.000000,0.000700,0.000000,0.000000,0.000000,0.009800,0.000000,0.047400,0.000000,0.000000,0.000000,0.004300,0.002200,0.002200,0.006800,0.000000
1725,1.960680,1.040299,1.060000,0.935200,1076.000000,851862672.000000,1324570160.000000,237035520.000000,1572929536.000000,0.000700,0.000000,0.000000,0.000000,0.012000,0.000000,0.027500,0.000000,0.000000,0.000000,0.005000,0.002000,0.002500,0.006700,0.000000
1726,1.961818,1.133000,1.134800,1.027700,1076.000000,851867216.000000,1324570160.000000,237035520.000000,1572929536.000000,0.000600,0.000000,0.000000,0.000000,0.009200,0.000000,0.010800,0.000000,0.000000,0.000000,0.004000,0.002800,0.002200,0.006600,0.000000
1727,1.963117,1.266794,1.261000,1.158200,1076.000000,851866392.000000,1324570160.000000,237035520.000000,1572929536.000000,0.000600,0.000000,0.000000,0.000000,0.009500,0.000000,0.048600,0.000000,0.000000,0.000000,0.004400,0.002500,0.002600,0.006900,0.000000
1728,1.964156,1.038301,1.038400,0.934700,1076.000000,851866416.000000,1324570160.000000,237035520.000000,1572929536.000000,0.000700,0.000000,0.000000,0.000000,0.009900,0.000000,0.011600,0.000000,0.000000,0.000000,0.004800,0.002100,0.002400,0.007700,0.000000
1729,1.965150,1.020706,1.013000,0.912300,1076.000000,851866880.000000,1324570160.000000,237035520.000000,1572929536.000000,0.000800,0.000000,0.000000,0.000000,0.010200,0.000000,0.011200,0.000000,0.000000,0.000000,0.004900,0.001800,0.002300,0.006400,0.000000
1730,1.966388,1.223597,1.147200,1.039700,1076.000000,851870584.000000,1324570160.000000,237035520.000000,1572929536.000000,0.000700,0.000000,0.000000,0.000000,0.009600,0.000000,0.011000,0.000000,0.000000,0.000000,0.004500,0.001800,0.002200,0.006500,0.000000
1731,1.967505,1.116100,1.182500,1.062900,1076.000000,851870584.000000,1324570160.000000,237035520.000000,1572929536.000000,0.000800,0.000000,0.000000,0.000000,0.010000,0.000000,0.028300,0.000000,0.000000,0.000000,0.004800,0.002300,0.002600,0.007300,0.000000
1732,1.968699,1.208000,1.208700,1.097800,1076.000000,851874704.000000,1324570160.000000,237035520.000000,1572929536.000000,0.000800,0.000000,0.000000,0.000000,0.010200,0.000000,0.036200,0.000000,0.000000,0.000000,0.004800,0.002000,0.002500,0.007000,0.000000
1733,1.969835,1.138400,1.134800,1.022000,1076.000000,851889088.000000,1324570160.000000,237035520.000000,1572929536.000000,0.000600,0.000000,0.000000,0.000000,0.010300,0.000000,0.012200,0.000000,0.000000,0.000000,0.004300,0.002500,0.002600,0.006800,0.000000
1734,1.971076,1.111501,1.110700,1.004300,1076.000000,851876992.000000,1324570160.000000,237035520.000000,1572929536.000000,0.000700,0.000000,0.000000,0.000000,0.009800,0.000000,0.080300,0.000000,0.000000,0.000000,0.004200,0.002000,0.002300,0.006100,0.000000
1735,1.972494,1.545699,1.540300,1.434200,1076.000000,851874744.000000,1324570160.000000,237035520.000000,1572929536.000000,0.333800,0.040400,0.012500,0.124900,0.009900,0.017200,0.038000,0.014100,0.020300,0.013000,0.005900,0.002200,0.002900,0.005800,0.000000
1736,1.973547,1.059602,1.060800,0.955600,1076.000000,851874792.000000,1324570160.000000,237035520.000000,1572929536.000000,0.000700,0.000000,0.000000,0.000000,0.011200,0.000000,0.011000,0.000000,0.000000,0.000000,0.004200,0.002700,0.002300,0.006900,0.000000
1737,1.974718,1.138995,1.135300,1.032300,1076.000000,851875248.000000,1324570160.000000,237035520.000000,1572929536.000000,0.000700,0.000000,0.000000,0.000000,0.009500,0.000000,0.010900,0.000000,0.000000,0.000000,0.004200,0.002300,0.002400,0.006900,0.000000
1738,1.975747,1.064300,1.059300,0.956400,1076.000000,851879352.000000,1324570160.000000,237035520.000000,1572929536.000000,0.000700,0.000000,0.000000,0.000000,0.009800,0.000000,0.012900,0.000000,0.000000,0.000000,0.004500,0.002000,0.002500,0.006800,0.000000
1739,1.976899,1.158404,1.141400,1.036200,1076.000000,851878640.000000,1324570160.000000,237035520.000000,1572929536.000000,0.000700,0.000000,0.000000,0.000000,0.009100,0.000000,0.030000,0.000000,0.000000,0.000000,0.004200,0.002800,0.002500,0.006600,0.000000
1740,1.977977,1.068800,1.082600,0.962600,1076.000000,851878656.000000,1324570160.000000,237035520.000000,1572929536.000000,0.000800,0.000000,0.000000,0.000000,0.009400,0.000000,0.011100,0.000000,0.000000,0.000000,0.004000,0.002800,0.002400,0.007000,0.000000
1741,1.979222,1.141298,1.127200,1.018100,1076.000000,851879096.000000,1324570160.000000,237035520.000000,1572929536.000000,0.000600,0.000000,0.000000,0.000000,0.009700,0.000000,0.031600,0.000000,0.000000,0.000000,0.004300,0.002600,0.002500,0.006800,0.000000
1742,1.980596,1.478699,1.488500,1.377700,1076.000000,851868720.000000,1324570160.000000,237035520.000000,1572929536.000000,0.000800,0.000000,0.000000,0.000000,0.010200,0.000000,0.109800,0.000000,0.000000,0.000000,0.006400,0.002000,0.002700,0.007800,0.000000
1743,1.981654,1.062599,1.061200,0.960700,1076.000000,851867896.000000,1324570160.000000,237035520.000000,1572929536.000000,0.000700,0.000000,0.000000,0.000000,0.009500,0.000000,0.027000,0.000000,0.000000,0.000000,0.004100,0.001900,0.002200,0.006200,0.000000
1744,1.982897,1.179507,1.162500,1.061000,1076.000000,851867920.000000,1324570160.000000,237035520.000000,1572929536.000000,0.000600,0.000000,0.000000,0.000000,0.009200,0.000000,0.035100,0.000000,0.000000,0.000000,0.003800,0.002000,0.002500,0.006000,0.000000
1745,1.984043,1.189895,1.194700,1.083100,1076.000000,851872464.000000,1324570160.000000,237035520.000000,1572929536.000000,0.000800,0.000000,0.000000,0.000000,0.011900,0.000000,0.024900,0.000000,0.000000,0.000000,0.006600,0.002400,0.002500,0.008100,0.000000
1746,1.985000,0.967602,0.967200,0.862500,1076.000000,851872088.000000,1324570160.000000,237035520.000000,1572929536.000000,0.000600,0.000000,0.000000,0.000000,0.010300,0.000000,0.017800,0.000000,0.000000,0.000000,0.004800,0.002000,0.002300,0.005800,0.000000
1747,1.985979,0.983801,0.977100,0.874800,1076.000000,851876184.000000,1324570160.000000,237035520.000000,1572929536.000000,0.000700,0.000000,0.000000,0.000000,0.010000,0.000000,0.011400,0.000000,0.000000,0.000000,0.004300,0.002500,0.002300,0.006800,0.000000
1748,1.987216,1.109899,1.098100,0.989900,1076.000000,851876208.000000,1324570160.000000,237035520.000000,1572929536.000000,0.000600,0.000000,0.000000,0.000000,0.009600,0.000000,0.011700,0.000000,0.000000,0.000000,0.004300,0.002600,0.002200,0.006700,0.000000
1749,1.988837,1.724199,1.723900,1.608700,1076.000000,851890992.000000,1324570160.000000,237035520.000000,1572929536.000000,0.346800,0.040000,0.012000,0.129700,0.013300,0.017600,0.011100,0.014200,0.019300,0.012500,0.007600,0.002100,0.002800,0.005300,0.000000
1750,1.989852,1.040802,1.047600,0.936600,1076.000000,851878896.000000,1324570160.000000,237035520.000000,1572929536.000000,0.000600,0.000000,0.000000,0.000000,0.012800,0.000000,0.012900,0.000000,0.000000,0.000000,0.005000,0.002000,0.002600,0.007200,0.000000
1751,1.990810,0.960899,0.962100,0.860600,1076.000000,851880376.000000,1324570160.000000,237035520.000000,1572929536.000000,0.000600,0.000000,0.000000,0.000000,0.009500,0.000000,0.011400,0.000000,0.000000,0.000000,0.003900,0.002700,0.002200,0.006600,0.000000
1752,1.992017,1.198101,1.192000,1.092400,1076.000000,851880848.000000,1324570160.000000,237035520.000000,1572929536.000000,0.000800,0.000000,0.000000,0.000000,0.009300,0.000000,0.012600,0.000000,0.000000,0.000000,0.003900,0.001800,0.002100,0.005800,0.000000
1753,1.993090,1.020600,0.973100,0.872100,1076.000000,851880504.000000,1324570160.000000,237035520.000000,1572929536.000000,0.000600,0.000000,0.000000,0.000000,0.009300,0.000000,0.011700,0.000000,0.000000,0.000000,0.004000,0.001900,0.002400,0.006500,0.000000
1754,1.994160,1.091001,1.126700,0.986700,1076.000000,851880088.000000,1324570160.000000,237035520.000000,1572929536.000000,0.000600,0.000000,0.000000,0.000000,0.013300,0.000000,0.011200,0.000000,0.000000,0.000000,0.005800,0.002000,0.002500,0.006200,0.000000
1755,1.995296,1.172697,1.176600,1.070800,1076.000000,851889888.000000,1324570160.000000,237035520.000000,1572929536.000000,0.000700,0.000000,0.000000,0.000000,0.012100,0.000000,0.010900,0.000000,0.000000,0.000000,0.004300,0.001900,0.002600,0.006400,0.000000
1756,1.996302,0.998604,0.990300,0.890100,1076.000000,851890976.000000,1324570160.000000,237035520.000000,1572929536.000000,0.000600,0.000000,0.000000,0.000000,0.009200,0.000000,0.011200,0.000000,0.000000,0.000000,0.003800,0.001800,0.002400,0.005500,0.000000
1757,1.997705,1.385395,1.359600,1.248500,1076.000000,851891416.000000,1324570160.000000,237035520.000000,1572929536.000000,0.000500,0.000000,0.000000,0.000000,0.009200,0.000000,0.010500,0.000000,0.000000,0.000000,0.004600,0.002300,0.002700,0.006800,0.000000
1758,1.998707,1.022102,1.045500,0.915700,1076.000000,851900080.000000,1324570160.000000,237035520.000000,1572995072.000000,0.000800,0.000000,0.000000,0.000000,0.011700,0.000000,0.011700,0.000000,0.000000,0.000000,0.005200,0.002600,0.002900,0.007100,0.000000
1759,1.999684,0.981902,0.978600,0.875700,1076.000000,851899232.000000,1324570160.000000,237035520.000000,1572995072.000000,0.000700,0.000000,0.000000,0.000000,0.010200,0.000000,0.011400,0.000000,0.000000,0.000000,0.004300,0.001900,0.002400,0.006700,0.000000
1760,2.000651,0.973696,0.976300,0.872900,1076.000000,851899256.000000,1324570160.000000,237035520.000000,1572995072.000000,0.000800,0.000000,0.000000,0.000000,0.009700,0.000000,0.010900,0.000000,0.000000,0.000000,0.004100,0.001800,0.002600,0.006100,0.000000
1761,2.001589,0.937805,0.936600,0.838300,1076.000000,851899704.000000,1324570160.000000,237035520.000000,1572995072.000000,0.000700,0.000000,0.000000,0.000000,0.009500,0.000000,0.010800,0.000000,0.000000,0.000000,0.003900,0.001800,0.002300,0.004800,0.000000
1762,2.002501,0.922194,0.921400,0.825800,1076.000000,851899328.000000,1324570160.000000,237035520.000000,1572995072.000000,0.000700,0.000000,0.000000,0.000000,0.009100,0.000000,0.010500,0.000000,0.000000,0.000000,0.003900,0.001900,0.002200,0.006200,0.000000
1763,2.003436,0.912904,0.907600,0.813200,1076.000000,851899328.000000,1324570160.000000,237035520.000000,1572995072.000000,0.000600,0.000000,0.000000,0.000000,0.008500,0.000000,0.010600,0.000000,0.000000,0.000000,0.003500,0.002500,0.002200,0.006300,0.000000
1764,2.004383,0.958900,0.956700,0.859600,1076.000000,851907544.000000,1324570160.000000,237035520.000000,1572995072.000000,0.000800,0.000000,0.000000,0.000000,0.009500,0.000000,0.011000,0.000000,0.000000,0.000000,0.004700,0.001900,0.002100,0.006600,0.000000
1765,2.005789,1.393502,1.383400,1.283400,1076.000000,851922384.000000,1324570160.000000,237035520.000000,1572995072.000000,0.345200,0.041900,0.011900,0.121200,0.009000,0.019800,0.012300,0.013900,0.019900,0.025800,0.003800,0.002300,0.002100,0.005600,0.000000
1766,2.006969,1.177799,1.172100,1.065700,1076.000000,851910712.000000,1324570160.000000,237035520.000000,1572995072.000000,0.000800,0.000000,0.000000,0.000000,0.011400,0.000000,0.044000,0.000000,0.000000,0.000000,0.004100,0.002500,0.002400,0.006900,0.000000
1767,2.008182,1.196095,1.182300,1.072000,1076.000000,851907672.000000,1324570160.000000,237035520.000000,1572995072.000000,0.000700,0.000000,0.000000,0.000000,0.009700,0.000000,0.044100,0.000000,0.000000,0.000000,0.004600,0.002400,0.002500,0.006600,0.000000
1768,2.009215,1.051701,1.059400,0.942200,1128.000000,851907720.000000,1324570160.000000,237035520.000000,1572995072.000000,0.000700,0.000000,0.000000,0.000000,0.010500,0.000000,0.028300,0.000000,0.000000,0.000000,0.005100,0.002100,0.002400,0.006200,0.000000
1769,2.010279,1.051601,1.035100,0.924200,1076.000000,851907752.000000,1324570160.000000,237035520.000000,1572995072.000000,0.000700,0.000000,0.000000,0.000000,0.009500,0.000000,0.037200,0.000000,0.000000,0.000000,0.004200,0.002600,0.002400,0.006700,0.000000
1770,2.011359,1.088499,1.104800,0.983500,1076.000000,851911432.000000,1324570160.000000,237035520.000000,1572995072.000000,0.000700,0.000000,0.000000,0.000000,0.010000,0.000000,0.103600,0.000000,0.000000,0.000000,0.004500,0.001900,0.002400,0.006700,0.000000
1771,2.012859,1.483702,1.466500,1.359500,1076.000000,851911472.000000,1324570160.000000,237035520.000000,1572995072.000000,0.000700,0.000000,0.000000,0.000000,0.009800,0.000000,0.047500,0.000000,0.000000,0.000000,0.004300,0.001900,0.002500,0.006100,0.000000
1772,2.013916,1.058900,1.069000,0.953700,1076.000000,851911488.000000,1324570160.000000,237035520.000000,1572995072.000000,0.000800,0.000000,0.000000,0.000000,0.011200,0.000000,0.011500,0.000000,0.000000,0.000000,0.005000,0.002100,0.003300,0.007500,0.000000
1773,2.014885,0.999298,0.999300,0.897400,1076.000000,851911944.000000,1324570160.000000,237035520.000000,1572995072.000000,0.000700,0.000000,0.000000,0.000000,0.009900,0.000000,0.011500,0.000000,0.000000,0.000000,0.004000,0.002000,0.002500,0.006400,0.000000
1774,2.015797,0.917198,0.917100,0.818600,1076.000000,851912376.000000,1324570160.000000,237035520.000000,1572995072.000000,0.000800,0.000000,0.000000,0.000000,0.009400,0.000000,0.010400,0.000000,0.000000,0.000000,0.004100,0.002500,0.002000,0.006500,0.000000
1775,2.017062,1.241504,1.225600,1.124900,1076.000000,851911552.000000,1324570160.000000,237035520.000000,1572995072.000000,0.000600,0.000000,0.000000,0.000000,0.008900,0.000000,0.010400,0.000000,0.000000,0.000000,0.003700,0.002500,0.002200,0.006400,0.000000
1776,2.018203,1.028196,1.029700,0.918700,1076.000000,851911576.000000,1324570160.000000,237035520.000000,1572995072.000000,0.000700,0.000000,0.000000,0.000000,0.009800,0.000000,0.012500,0.000000,0.000000,0.000000,0.004500,0.002700,0.002700,0.007300,0.000000
1777,2.019203,1.123703,1.123800,1.016800,1076.000000,851916120.000000,1324570160.000000,237035520.000000,1572995072.000000,0.001000,0.000000,0.000000,0.000000,0.009700,0.000000,0.011100,0.000000,0.000000,0.000000,0.007800,0.002000,0.003300,0.007100,0.000000
1778,2.020157,0.963301,0.961400,0.858900,1076.000000,851915744.000000,1324570160.000000,237035520.000000,1572995072.000000,0.000600,0.000000,0.000000,0.000000,0.009400,0.000000,0.010500,0.000000,0.000000,0.000000,0.003900,0.002500,0.002300,0.006400,0.000000
1779,2.021141,0.933298,0.936100,0.834300,1076.000000,851919840.000000,1324570160.000000,237035520.000000,1572995072.000000,0.000700,0.000000,0.000000,0.000000,0.008800,0.000000,0.011000,0.000000,0.000000,0.000000,0.003900,0.002600,0.002300,0.006400,0.000000
1780,2.022584,1.451502,1.437000,1.336000,1076.000000,851925840.000000,1324570160.000000,237035520.000000,1572995072.000000,0.374700,0.044600,0.013500,0.139700,0.011000,0.022400,0.011700,0.017300,0.022300,0.013000,0.005100,0.002000,0.002500,0.005600,0.000000
1781,2.023599,1.054897,1.058600,0.949900,1076.000000,851943896.000000,1324570160.000000,237035520.000000,1572999168.000000,0.001000,0.000000,0.000000,0.000000,0.011200,0.000000,0.012600,0.000000,0.000000,0.000000,0.004900,0.002200,0.002500,0.007400,0.000000
1782,2.024535,0.938705,0.941200,0.840900,1076.000000,851931800.000000,1324570160.000000,237035520.000000,1572999168.000000,0.000700,0.000000,0.000000,0.000000,0.009100,0.000000,0.012000,0.000000,0.000000,0.000000,0.003900,0.001800,0.002100,0.006400,0.000000
1783,2.025474,0.937798,0.927600,0.832100,1076.000000,851933280.000000,1324570160.000000,237035520.000000,1572999168.000000,0.000700,0.000000,0.000000,0.000000,0.008800,0.000000,0.010900,0.000000,0.000000,0.000000,0.003900,0.001800,0.002000,0.006300,0.000000
1784,2.026416,0.930804,0.936000,0.833900,1076.000000,851928024.000000,1324570160.000000,237035520.000000,1572999168.000000,0.000700,0.000000,0.000000,0.000000,0.008700,0.000000,0.010400,0.000000,0.000000,0.000000,0.004000,0.001800,0.001900,0.006300,0.000000
1785,2.027563,1.095493,1.052000,0.953100,1076.000000,851928480.000000,1324570160.000000,237035520.000000,1572999168.000000,0.000700,0.000000,0.000000,0.000000,0.008700,0.000000,0.011000,0.000000,0.000000,0.000000,0.005100,0.002000,0.002300,0.006900,0.000000
1786,2.028918,1.406803,1.434600,1.299800,1076.000000,851926992.000000,1324570160.000000,237035520.000000,1572999168.000000,0.000700,0.000000,0.000000,0.000000,0.011800,0.000000,0.011100,0.000000,0.000000,0.000000,0.005600,0.002600,0.003000,0.008100,0.000000
1787,2.029928,1.011699,1.014900,0.909200,1076.000000,851928104.000000,1324570160.000000,237035520.000000,1572999168.000000,0.000700,0.000000,0.000000,0.000000,0.008900,0.000000,0.010500,0.000000,0.000000,0.000000,0.003900,0.002200,0.002600,0.006700,0.000000
1788,2.030894,0.971400,0.970700,0.871200,1076.000000,851928120.000000,1324570160.000000,237035520.000000,1572999168.000000,0.000700,0.000000,0.000000,0.000000,0.008800,0.000000,0.010400,0.000000,0.000000,0.000000,0.004900,0.001900,0.002800,0.006600,0.000000
1789,2.032092,1.150602,1.134200,1.035500,1076.000000,851928576.000000,1324570160.000000,237035520.000000,1572999168.000000,0.000600,0.000000,0.000000,0.000000,0.009100,0.000000,0.010900,0.000000,0.000000,0.000000,0.003900,0.001800,0.002400,0.006700,0.000000
1790,2.033180,1.101396,1.098800,0.989900,1076.000000,851933104.000000,1324570160.000000,237035520.000000,1572999168.000000,0.000600,0.000000,0.000000,0.000000,0.012000,0.000000,0.011800,0.000000,0.000000,0.000000,0.005900,0.002200,0.002700,0.006800,0.000000
1791,2.034165,1.002204,1.011700,0.903300,1076.000000,851932280.000000,1324570160.000000,237035520.000000,1572999168.000000,0.000800,0.000000,0.000000,0.000000,0.011400,0.000000,0.010900,0.000000,0.000000,0.000000,0.003800,0.002200,0.002700,0.006700,0.000000
1792,2.035091,0.951098,0.952200,0.854300,1076.000000,851932304.000000,1324570160.000000,237035520.000000,1572999168.000000,0.000700,0.000000,0.000000,0.000000,0.008600,0.000000,0.010700,0.000000,0.000000,0.000000,0.003700,0.001900,0.002300,0.006300,0.000000
1793,2.036035,0.915901,0.911800,0.817000,1076.000000,851932768.000000,1324570160.000000,237035520.000000,1572999168.000000,0.000700,0.000000,0.000000,0.000000,0.008800,0.000000,0.010900,0.000000,0.000000,0.000000,0.003900,0.001700,0.002100,0.006200,0.000000
1794,2.037023,1.006399,1.003400,0.907700,1076.000000,851932376.000000,1324570160.000000,237035520.000000,1572999168.000000,0.000800,0.000000,0.000000,0.000000,0.011300,0.000000,0.010500,0.000000,0.000000,0.000000,0.005000,0.001800,0.002300,0.006700,0.000000
1795,2.038538,1.470203,1.142600,1.037100,1076.000000,851932376.000000,1324570160.000000,237035520.000000,1572999168.000000,0.000700,0.000000,0.000000,0.000000,0.008800,0.000000,0.011400,0.000000,0.000000,0.000000,0.004400,0.002300,0.002500,0.006400,0.000000
1796,2.039896,1.387599,1.700900,1.284900,1076.000000,851937040.000000,1324570160.000000,237035520.000000,1572999168.000000,0.340600,0.047100,0.011600,0.111500,0.011100,0.019300,0.012500,0.013600,0.019100,0.023300,0.005100,0.002400,0.002700,0.005900,0.000000
1797,2.041060,1.124298,1.104500,0.994700,1076.000000,851951424.000000,1324570160.000000,237035520.000000,1572999168.000000,0.000500,0.000000,0.000000,0.000000,0.011000,0.000000,0.011300,0.000000,0.000000,0.000000,0.005200,0.001800,0.002700,0.005700,0.000000
1798,2.042043,1.024802,1.041500,0.922100,1076.000000,851943424.000000,1324570160.000000,237035520.000000,1572999168.000000,0.000800,0.000000,0.000000,0.000000,0.012000,0.000000,0.024800,0.000000,0.000000,0.000000,0.005400,0.002300,0.002500,0.006900,0.000000
1799,2.043003,0.974398,0.974300,0.872500,1076.000000,851940808.000000,1324570160.000000,237035520.000000,1572999168.000000,0.000600,0.000000,0.000000,0.000000,0.009700,0.000000,0.011300,0.000000,0.000000,0.000000,0.004300,0.002000,0.002200,0.007100,0.000000
1800,2.044053,0.964002,0.962100,0.863000,1076.000000,851940456.000000,1324570160.000000,237035520.000000,1572999168.000000,0.000700,0.000000,0.000000,0.000000,0.008800,0.000000,0.010300,0.000000,0.000000,0.000000,0.004100,0.002500,0.002300,0.006500,0.000000
1801,2.045040,1.064498,1.054900,0.955800,1076.000000,851940912.000000,1324570160.000000,237035520.000000,1572999168.000000,0.000800,0.000000,0.000000,0.000000,0.008500,0.000000,0.011200,0.000000,0.000000,0.000000,0.007700,0.001900,0.002900,0.007300,0.000000
1802,2.045991,0.959800,0.958300,0.855000,1076.000000,851944592.000000,1324570160.000000,237035520.000000,1572999168.000000,0.000700,0.000000,0.000000,0.000000,0.009600,0.000000,0.010100,0.000000,0.000000,0.000000,0.004000,0.002500,0.002300,0.006700,0.000000
1803,2.046935,0.938400,0.937800,0.833300,1076.000000,851944632.000000,1324570160.000000,237035520.000000,1572999168.000000,0.000600,0.000000,0.000000,0.000000,0.009200,0.000000,0.010500,0.000000,0.000000,0.000000,0.003400,0.001700,0.002400,0.006200,0.000000
1804,2.047966,1.023902,1.017100,0.915900,1076.000000,851944648.000000,1324570160.000000,237035520.000000,1572999168.000000,0.000800,0.000000,0.000000,0.000000,0.009600,0.000000,0.010800,0.000000,0.000000,0.000000,0.004600,0.001900,0.002300,0.006200,0.000000
1805,2.048915,0.962500,0.961800,0.856300,1076.000000,851945088.000000,1324570160.000000,237035520.000000,1572999168.000000,0.000700,0.000000,0.000000,0.000000,0.009800,0.000000,0.011800,0.000000,0.000000,0.000000,0.004400,0.001900,0.002400,0.006900,0.000000
1806,2.049905,0.991497,0.990500,0.888300,1076.000000,851945536.000000,1324570160.000000,237035520.000000,1572999168.000000,0.000600,0.000000,0.000000,0.000000,0.009200,0.000000,0.010800,0.000000,0.000000,0.000000,0.004200,0.001900,0.002400,0.006800,0.000000
1807,2.050897,0.983000,0.983300,0.883100,1076.000000,851944712.000000,1324570160.000000,237035520.000000,1572999168.000000,0.000700,0.000000,0.000000,0.000000,0.009400,0.000000,0.011200,0.000000,0.000000,0.000000,0.004500,0.002400,0.002400,0.006700,0.000000
1808,2.051923,1.033099,1.027400,0.930300,1076.000000,851944736.000000,1324570160.000000,237035520.000000,1572999168.000000,0.000700,0.000000,0.000000,0.000000,0.008800,0.000000,0.011000,0.000000,0.000000,0.000000,0.005100,0.002000,0.002400,0.007100,0.000000
1809,2.052906,0.975000,0.972600,0.870800,1076.000000,851949296.000000,1324570160.000000,237035520.000000,1572999168.000000,0.000800,0.000000,0.000000,0.000000,0.009200,0.000000,0.011100,0.000000,0.000000,0.000000,0.004100,0.001900,0.002300,0.005600,0.000000
1810,2.053900,0.985303,0.984100,0.884500,1076.000000,851949328.000000,1324570160.000000,237035520.000000,1572999168.000000,0.000600,0.000000,0.000000,0.000000,0.009900,0.000000,0.012800,0.000000,0.000000,0.000000,0.003700,0.002300,0.002700,0.006700,0.000000
1811,2.055298,1.400000,1.391800,1.290900,1076.000000,851949104.000000,1324570160.000000,237035520.000000,1572999168.000000,0.327400,0.040900,0.011600,0.117600,0.009200,0.018200,0.010800,0.014900,0.019900,0.012600,0.003900,0.001900,0.002300,0.004500,0.000000
1812,2.056554,1.197796,1.161300,1.048400,1076.000000,851949128.000000,1324570160.000000,237035520.000000,1572999168.000000,0.000700,0.000000,0.000000,0.000000,0.011400,0.000000,0.011100,0.000000,0.000000,0.000000,0.004100,0.002700,0.002300,0.006800,0.000000
1813,2.057837,1.321705,1.338400,1.202200,1076.000000,851963624.000000,1324570160.000000,237035520.000000,1572999168.000000,0.000700,0.000000,0.000000,0.000000,0.014000,0.000000,0.012300,0.000000,0.000000,0.000000,0.005300,0.002800,0.002700,0.008100,0.000000
1814,2.058867,1.051495,1.063200,0.946300,1076.000000,851951528.000000,1324570160.000000,237035520.000000,1572999168.000000,0.000700,0.000000,0.000000,0.000000,0.011000,0.000000,0.013400,0.000000,0.000000,0.000000,0.005100,0.002300,0.002800,0.007600,0.000000
1815,2.059930,1.072605,1.067500,0.964800,1076.000000,851956904.000000,1324570160.000000,237035520.000000,1572999168.000000,0.000700,0.000000,0.000000,0.000000,0.009700,0.000000,0.011200,0.000000,0.000000,0.000000,0.004600,0.002400,0.002300,0.006600,0.000000
1816,2.060876,0.945196,0.943000,0.839100,1076.000000,851956952.000000,1324570160.000000,237035520.000000,1572999168.000000,0.000800,0.000000,0.000000,0.000000,0.009400,0.000000,0.011500,0.000000,0.000000,0.000000,0.004300,0.001800,0.002200,0.006700,0.000000
1817,2.062223,1.340001,1.330600,1.225800,1076.000000,851956336.000000,1324570160.000000,237035520.000000,1572999168.000000,0.000600,0.000000,0.000000,0.000000,0.009100,0.000000,0.011300,0.000000,0.000000,0.000000,0.003600,0.001800,0.002300,0.006600,0.000000
1818,2.063241,1.026304,1.033400,0.924200,1076.000000,851956992.000000,1324570160.000000,237035520.000000,1572999168.000000,0.000800,0.000000,0.000000,0.000000,0.009400,0.000000,0.010500,0.000000,0.000000,0.000000,0.004300,0.001900,0.002300,0.006500,0.000000
1819,2.064152,0.916596,0.917900,0.819100,1076.000000,851957032.000000,1324570160.000000,237035520.000000,1572999168.000000,0.000500,0.000000,0.000000,0.000000,0.008800,0.000000,0.010300,0.000000,0.000000,0.000000,0.004100,0.001800,0.002300,0.006600,0.000000
1820,2.065081,0.935799,0.931800,0.835700,1076.000000,851957048.000000,1324570160.000000,237035520.000000,1572999168.000000,0.000700,0.000000,0.000000,0.000000,0.008900,0.000000,0.010500,0.000000,0.000000,0.000000,0.003900,0.001700,0.002200,0.006400,0.000000
1821,2.066059,0.955499,0.939100,0.842200,1076.000000,851957488.000000,1324570160.000000,237035520.000000,1572999168.000000,0.000600,0.000000,0.000000,0.000000,0.008800,0.000000,0.010100,0.000000,0.000000,0.000000,0.003900,0.002400,0.002400,0.006400,0.000000
1822,2.067042,0.990306,0.996400,0.883500,1076.000000,851962032.000000,1324570160.000000,237035520.000000,1573064704.000000,0.000700,0.000000,0.000000,0.000000,0.009300,0.000000,0.010300,0.000000,0.000000,0.000000,0.003800,0.001700,0.002300,0.006300,0.000000
1823,2.068050,1.015994,1.014200,0.911400,1076.000000,851961208.000000,1324570160.000000,237035520.000000,1573064704.000000,0.000600,0.000000,0.000000,0.000000,0.009800,0.000000,0.010500,0.000000,0.000000,0.000000,0.003700,0.001800,0.002400,0.005100,0.000000
1824,2.068963,0.924901,0.927800,0.827700,1076.000000,851961656.000000,1324570160.000000,237035520.000000,1573064704.000000,0.000700,0.000000,0.000000,0.000000,0.009500,0.000000,0.012400,0.000000,0.000000,0.000000,0.003900,0.002500,0.002400,0.006300,0.000000
1825,2.069879,0.900702,0.897300,0.801900,1076.000000,851961696.000000,1324570160.000000,237035520.000000,1573064704.000000,0.000600,0.000000,0.000000,0.000000,0.008900,0.000000,0.011100,0.000000,0.000000,0.000000,0.004100,0.002300,0.002200,0.006100,0.000000
1826,2.070787,0.922003,0.918100,0.822200,1076.000000,851961304.000000,1324570160.000000,237035520.000000,1573064704.000000,0.000700,0.000000,0.000000,0.000000,0.009300,0.000000,0.010800,0.000000,0.000000,0.000000,0.003700,0.001800,0.002200,0.006700,0.000000
1827,2.072070,1.259800,1.253900,1.154000,1076.000000,851961552.000000,1324570160.000000,237035520.000000,1573064704.000000,0.318400,0.037100,0.012600,0.111300,0.008500,0.018500,0.010800,0.014700,0.019900,0.013100,0.003600,0.001900,0.001900,0.004400,0.000000
1828,2.073176,0.938797,0.941900,0.841800,1076.000000,851965672.000000,1324570160.000000,237035520.000000,1573064704.000000,0.000700,0.000000,0.000000,0.000000,0.010500,0.000000,0.011200,0.000000,0.000000,0.000000,0.003900,0.001900,0.002300,0.006300,0.000000
1829,2.074543,1.449100,1.411900,1.304400,1076.000000,851980056.000000,1324570160.000000,237035520.000000,1573064704.000000,0.000800,0.000000,0.000000,0.000000,0.009200,0.000000,0.132500,0.000000,0.000000,0.000000,0.007800,0.003200,0.003000,0.008400,0.000000
1830,2.075642,1.171301,1.193000,1.065000,1076.000000,851967960.000000,1324570160.000000,237035520.000000,1573064704.000000,0.000700,0.000000,0.000000,0.000000,0.013300,0.000000,0.037000,0.000000,0.000000,0.000000,0.006600,0.002500,0.002400,0.007300,0.000000
1831,2.076824,1.187500,1.171100,1.064600,1076.000000,851965096.000000,1324570160.000000,237035520.000000,1573064704.000000,0.000800,0.000000,0.000000,0.000000,0.010100,0.000000,0.101100,0.000000,0.000000,0.000000,0.004500,0.001800,0.002400,0.006600,0.000000
1832,2.077950,1.133503,1.126900,1.006800,1076.000000,851969240.000000,1324570160.000000,237035520.000000,1573064704.000000,0.000700,0.000000,0.000000,0.000000,0.010700,0.000000,0.043500,0.000000,0.000000,0.000000,0.004000,0.002600,0.002600,0.006800,0.000000
1833,2.079153,1.115894,1.080600,0.957200,1076.000000,851969696.000000,1324570160.000000,237035520.000000,1573064704.000000,0.000700,0.000000,0.000000,0.000000,0.009600,0.000000,0.041900,0.000000,0.000000,0.000000,0.004200,0.002900,0.002600,0.006900,0.000000
1834,2.080372,1.308206,1.355500,1.206500,1076.000000,851973376.000000,1324570160.000000,237035520.000000,1573064704.000000,0.000700,0.000000,0.000000,0.000000,0.010300,0.000000,0.021500,0.000000,0.000000,0.000000,0.004800,0.002500,0.002700,0.068900,0.000000
1835,2.082006,1.477494,1.070100,0.966000,1076.000000,851973416.000000,1324570160.000000,237035520.000000,1573064704.000000,0.000800,0.000000,0.000000,0.000000,0.009800,0.000000,0.045700,0.000000,0.000000,0.000000,0.004100,0.003000,0.002300,0.007100,0.000000
1836,2.083558,1.620904,1.908500,1.397200,1076.000000,851973432.000000,1324570160.000000,237035520.000000,1573064704.000000,0.000600,0.000000,0.000000,0.000000,0.018500,0.000000,0.022500,0.000000,0.000000,0.000000,0.008800,0.002500,0.003300,0.008700,0.000000
1837,2.084658,1.179195,1.285400,1.069100,1076.000000,851973872.000000,1324570160.000000,237035520.000000,1573064704.000000,0.000700,0.000000,0.000000,0.000000,0.011000,0.000000,0.022100,0.000000,0.000000,0.000000,0.005400,0.002800,0.002700,0.007900,0.000000
1838,2.085835,1.179705,1.180300,1.072100,1076.000000,851974744.000000,1324570160.000000,237035520.000000,1573064704.000000,0.000700,0.000000,0.000000,0.000000,0.009700,0.000000,0.092900,0.000000,0.000000,0.000000,0.004700,0.002300,0.002500,0.006500,0.000000
1839,2.087893,1.874100,1.270600,1.156600,1076.000000,851973496.000000,1324570160.000000,237035520.000000,1573064704.000000,0.000800,0.000000,0.000000,0.000000,0.009400,0.000000,0.093800,0.000000,0.000000,0.000000,0.004900,0.002000,0.002300,0.007000,0.000000
1840,2.090085,2.210197,2.415000,1.707800,1076.000000,851974224.000000,1324570160.000000,237035520.000000,1573064704.000000,0.347900,0.041200,0.012200,0.108700,0.013400,0.018100,0.012100,0.014300,0.020300,0.012900,0.010300,0.002900,0.004700,0.007500,0.000000
1841,2.091599,1.611302,1.970900,1.478800,1076.000000,851978768.000000,1324570160.000000,237035520.000000,1573064704.000000,0.000800,0.000000,0.000000,0.000000,0.023800,0.000000,0.061600,0.000000,0.000000,0.000000,0.007900,0.004300,0.005000,0.012300,0.000000
1842,2.093044,1.353196,1.359900,1.227200,1076.000000,851978392.000000,1324570160.000000,237035520.000000,1573064704.000000,0.000800,0.000000,0.000000,0.000000,0.013400,0.000000,0.032100,0.000000,0.000000,0.000000,0.006900,0.003100,0.003300,0.007900,0.000000
1843,2.094202,1.296301,1.309800,1.187200,1076.000000,851986584.000000,1324570160.000000,237035520.000000,1573064704.000000,0.000900,0.000000,0.000000,0.000000,0.010900,0.000000,0.056200,0.000000,0.000000,0.000000,0.004700,0.002800,0.003000,0.007900,0.000000
1844,2.095272,1.101098,1.102400,0.997900,1076.000000,851985904.000000,1324570160.000000,237035520.000000,1573064704.000000,0.000600,0.000000,0.000000,0.000000,0.009900,0.000000,0.049900,0.000000,0.000000,0.000000,0.005000,0.002300,0.002800,0.006900,0.000000
1845,2.096963,1.624504,1.438500,1.324700,1076.000000,852000288.000000,1324570160.000000,237035520.000000,1573064704.000000,0.000700,0.000000,0.000000,0.000000,0.009700,0.000000,0.011300,0.000000,0.000000,0.000000,0.004300,0.002700,0.002800,0.007100,0.000000
1846,2.098378,1.435601,1.599300,1.320200,1076.000000,851988192.000000,1324570160.000000,237035520.000000,1573064704.000000,0.000800,0.000000,0.000000,0.000000,0.012400,0.000000,0.037400,0.000000,0.000000,0.000000,0.005900,0.003300,0.004400,0.009000,0.000000
1847,2.099514,1.171096,1.171100,1.053300,1076.000000,851989672.000000,1324570160.000000,237035520.000000,1573064704.000000,0.001000,0.000000,0.000000,0.000000,0.010900,0.000000,0.031400,0.000000,0.000000,0.000000,0.005500,0.002600,0.003200,0.007100,0.000000
1848,2.100593,1.082200,1.086300,0.974100,1076.000000,851989720.000000,1324570160.000000,237035520.000000,1573064704.000000,0.000800,0.000000,0.000000,0.000000,0.010300,0.000000,0.012000,0.000000,0.000000,0.000000,0.004700,0.002600,0.003000,0.006900,0.000000
1849,2.101763,1.173200,1.172000,1.066900,1076.000000,851994272.000000,1324570160.000000,237035520.000000,1573064704.000000,0.000700,0.000000,0.000000,0.000000,0.009600,0.000000,0.011800,0.000000,0.000000,0.000000,0.004500,0.002200,0.002700,0.006300,0.000000
1850,2.103014,1.240200,1.184100,1.077900,1076.000000,851993856.000000,1324570160.000000,237035520.000000,1573064704.000000,0.000600,0.000000,0.000000,0.000000,0.010300,0.000000,0.061000,0.000000,0.000000,0.000000,0.004600,0.002900,0.002200,0.007100,0.000000
1851,2.104179,1.156505,1.150200,0.988100,1076.000000,851993896.000000,1324570160.000000,237035520.000000,1573064704.000000,0.000800,0.000000,0.000000,0.000000,0.010200,0.000000,0.089600,0.000000,0.000000,0.000000,0.004400,0.002900,0.002500,0.007300,0.000000
1852,2.105906,1.731597,1.434000,1.282600,1076.000000,851995088.000000,1324570160.000000,237035520.000000,1573064704.000000,0.344300,0.043700,0.011300,0.113900,0.010200,0.017800,0.011200,0.014300,0.019900,0.020300,0.005300,0.002400,0.002700,0.005800,0.000000
1853,2.107080,1.080102,1.399400,0.949400,1076.000000,851995528.000000,1324570160.000000,237035520.000000,1573064704.000000,0.000700,0.000000,0.000000,0.000000,0.012000,0.000000,0.011500,0.000000,0.000000,0.000000,0.004900,0.002100,0.002500,0.007300,0.000000
1854,2.108260,1.277501,1.272300,1.157300,1076.000000,852000072.000000,1324570160.000000,237035520.000000,1573064704.000000,0.000900,0.000000,0.000000,0.000000,0.094500,0.000000,0.027300,0.000000,0.000000,0.000000,0.005900,0.002300,0.003000,0.007400,0.000000
1855,2.109273,1.028295,1.035000,0.921400,1076.000000,851999248.000000,1324570160.000000,237035520.000000,1573064704.000000,0.000600,0.000000,0.000000,0.000000,0.010100,0.000000,0.011600,0.000000,0.000000,0.000000,0.004500,0.002800,0.002600,0.007500,0.000000
1856,2.110202,0.937805,0.941300,0.838700,1076.000000,851998096.000000,1324570160.000000,237035520.000000,1573064704.000000,0.000600,0.000000,0.000000,0.000000,0.009400,0.000000,0.010500,0.000000,0.000000,0.000000,0.004500,0.002500,0.002300,0.006400,0.000000
1857,2.111138,0.937195,0.935600,0.838300,1076.000000,851998560.000000,1324570160.000000,237035520.000000,1573064704.000000,0.000700,0.000000,0.000000,0.000000,0.008900,0.000000,0.010600,0.000000,0.000000,0.000000,0.003700,0.001700,0.002100,0.006100,0.000000
1858,2.112122,0.972704,0.967100,0.868200,1076.000000,851998168.000000,1324570160.000000,237035520.000000,1573064704.000000,0.000700,0.000000,0.000000,0.000000,0.008700,0.000000,0.010400,0.000000,0.000000,0.000000,0.003700,0.001800,0.002200,0.006200,0.000000
1859,2.113263,1.076297,0.985600,0.883900,1076.000000,851998168.000000,1324570160.000000,237035520.000000,1573064704.000000,0.000700,0.000000,0.000000,0.000000,0.009600,0.000000,0.010600,0.000000,0.000000,0.000000,0.003700,0.001800,0.002500,0.006100,0.000000
1860,2.114340,1.115200,1.194300,1.010200,1076.000000,852002288.000000,1324570160.000000,237035520.000000,1573064704.000000,0.000700,0.000000,0.000000,0.000000,0.013600,0.000000,0.011400,0.000000,0.000000,0.000000,0.005700,0.002300,0.003000,0.007300,0.000000
1861,2.115311,0.997803,0.994000,0.888900,1076.000000,852016672.000000,1324570160.000000,237035520.000000,1573064704.000000,0.000600,0.000000,0.000000,0.000000,0.009700,0.000000,0.011200,0.000000,0.000000,0.000000,0.004000,0.002100,0.002500,0.006800,0.000000
1862,2.116296,0.983000,0.985300,0.879300,1076.000000,852004576.000000,1324570160.000000,237035520.000000,1573064704.000000,0.000600,0.000000,0.000000,0.000000,0.009300,0.000000,0.012400,0.000000,0.000000,0.000000,0.003800,0.002100,0.002200,0.006200,0.000000
1863,2.117267,0.981597,0.982200,0.882000,1076.000000,852001960.000000,1324570160.000000,237035520.000000,1573064704.000000,0.000700,0.000000,0.000000,0.000000,0.009000,0.000000,0.011500,0.000000,0.000000,0.000000,0.004400,0.001700,0.002600,0.006000,0.000000
1864,2.118208,0.940001,0.931100,0.834700,1076.000000,852002008.000000,1324570160.000000,237035520.000000,1573064704.000000,0.000600,0.000000,0.000000,0.000000,0.008800,0.000000,0.011000,0.000000,0.000000,0.000000,0.003700,0.001800,0.002200,0.006400,0.000000
1865,2.119143,0.932200,0.937500,0.837700,1076.000000,852002464.000000,1324570160.000000,237035520.000000,1573064704.000000,0.000600,0.000000,0.000000,0.000000,0.008700,0.000000,0.011100,0.000000,0.000000,0.000000,0.003500,0.001800,0.002300,0.005900,0.000000
1866,2.120070,0.935998,0.933700,0.839100,1076.000000,852010664.000000,1324570160.000000,237035520.000000,1573064704.000000,0.000700,0.000000,0.000000,0.000000,0.008500,0.000000,0.012500,0.000000,0.000000,0.000000,0.004000,0.001800,0.002200,0.006200,0.000000
1867,2.121154,0.908900,0.908500,0.814600,1076.000000,852010280.000000,1324570160.000000,237035520.000000,1573064704.000000,0.000600,0.000000,0.000000,0.000000,0.008200,0.000000,0.011100,0.000000,0.000000,0.000000,0.003700,0.001800,0.002100,0.006100,0.000000
1868,2.122546,1.537599,1.518200,1.418900,1076.000000,852010688.000000,1324570160.000000,237035520.000000,1573064704.000000,0.327200,0.041200,0.011200,0.110000,0.008500,0.018100,0.011100,0.014200,0.019700,0.015000,0.028800,0.002100,0.003300,0.005500,0.000000
1869,2.123568,1.036905,1.037900,0.927400,1076.000000,852011128.000000,1324570160.000000,237035520.000000,1573064704.000000,0.000700,0.000000,0.000000,0.000000,0.011000,0.000000,0.010700,0.000000,0.000000,0.000000,0.003900,0.002200,0.002500,0.006800,0.000000
1870,2.124548,0.982696,0.986900,0.881400,1076.000000,852011576.000000,1324570160.000000,237035520.000000,1573064704.000000,0.000700,0.000000,0.000000,0.000000,0.009600,0.000000,0.010700,0.000000,0.000000,0.000000,0.004600,0.002600,0.002600,0.007000,0.000000
1871,2.125489,0.948002,0.946800,0.848400,1076.000000,852010752.000000,1324570160.000000,237035520.000000,1573064704.000000,0.000700,0.000000,0.000000,0.000000,0.009600,0.000000,0.010800,0.000000,0.000000,0.000000,0.004300,0.002000,0.002300,0.006400,0.000000
1872,2.126673,1.133702,0.970500,0.873400,1076.000000,852010384.000000,1324570160.000000,237035520.000000,1573064704.000000,0.000800,0.000000,0.000000,0.000000,0.009000,0.000000,0.010800,0.000000,0.000000,0.000000,0.003900,0.002200,0.002100,0.006800,0.000000
1873,2.127775,1.123902,1.271100,1.014800,1076.000000,852014944.000000,1324570160.000000,237035520.000000,1573064704.000000,0.000700,0.000000,0.000000,0.000000,0.011200,0.000000,0.011800,0.000000,0.000000,0.000000,0.005000,0.001900,0.002700,0.007400,0.000000
1874,2.128823,1.071400,1.057200,0.947400,1076.000000,852014552.000000,1324570160.000000,237035520.000000,1573064704.000000,0.000700,0.000000,0.000000,0.000000,0.010600,0.000000,0.011300,0.000000,0.000000,0.000000,0.004500,0.001900,0.002700,0.007300,0.000000
1875,2.130049,1.200900,1.043800,0.924200,1076.000000,852014552.000000,1324570160.000000,237035520.000000,1573064704.000000,0.000700,0.000000,0.000000,0.000000,0.010000,0.000000,0.011600,0.000000,0.000000,0.000000,0.004200,0.002100,0.002600,0.006700,0.000000
1876,2.131158,1.120295,1.287100,1.017300,1076.000000,852014576.000000,1324570160.000000,237035520.000000,1573064704.000000,0.000700,0.000000,0.000000,0.000000,0.010100,0.000000,0.011800,0.000000,0.000000,0.000000,0.004700,0.002100,0.002200,0.006900,0.000000
1877,2.132207,1.041404,1.036400,0.931000,1076.000000,852028960.000000,1324570160.000000,237035520.000000,1573064704.000000,0.000700,0.000000,0.000000,0.000000,0.009700,0.000000,0.011200,0.000000,0.000000,0.000000,0.004700,0.002000,0.002600,0.007000,0.000000
1878,2.133262,1.062302,1.058800,0.952600,1076.000000,852016864.000000,1324570160.000000,237035520.000000,1573064704.000000,0.000800,0.000000,0.000000,0.000000,0.011600,0.000000,0.012300,0.000000,0.000000,0.000000,0.004500,0.002200,0.002700,0.006900,0.000000
1879,2.134270,0.997598,0.996800,0.889900,1076.000000,852018344.000000,1324570160.000000,237035520.000000,1573064704.000000,0.000700,0.000000,0.000000,0.000000,0.009700,0.000000,0.011200,0.000000,0.000000,0.000000,0.004300,0.002100,0.002300,0.005400,0.000000
1880,2.135604,1.354996,1.354300,1.250200,1076.000000,852018816.000000,1324570160.000000,237035520.000000,1573064704.000000,0.000700,0.000000,0.000000,0.000000,0.009800,0.000000,0.012200,0.000000,0.000000,0.000000,0.004400,0.002700,0.002200,0.006700,0.000000
1881,2.136517,0.921705,0.923200,0.821600,1076.000000,852018848.000000,1324570160.000000,237035520.000000,1573064704.000000,0.000700,0.000000,0.000000,0.000000,0.009800,0.000000,0.012600,0.000000,0.000000,0.000000,0.004100,0.002600,0.002400,0.007300,0.000000
1882,2.137901,1.352898,0.936700,0.839700,1076.000000,852018432.000000,1324570160.000000,237035520.000000,1573064704.000000,0.000700,0.000000,0.000000,0.000000,0.009300,0.000000,0.010900,0.000000,0.000000,0.000000,0.004300,0.002500,0.002000,0.006400,0.000000
1883,2.139191,1.311600,1.719500,1.213200,1076.000000,852022992.000000,1324570160.000000,237035520.000000,1573064704.000000,0.314700,0.041600,0.011100,0.105800,0.010200,0.018200,0.010200,0.013100,0.019800,0.012600,0.004500,0.002100,0.002400,0.004900,0.000000
1884,2.140107,0.922803,0.923700,0.823900,1076.000000,852023008.000000,1324570160.000000,237035520.000000,1573064704.000000,0.000500,0.000000,0.000000,0.000000,0.011300,0.000000,0.010800,0.000000,0.000000,0.000000,0.003600,0.001900,0.002400,0.006600,0.000000
1885,2.141068,0.960998,0.945700,0.848300,1076.000000,852023448.000000,1324570160.000000,237035520.000000,1573064704.000000,0.000700,0.000000,0.000000,0.000000,0.008600,0.000000,0.011300,0.000000,0.000000,0.000000,0.003500,0.001900,0.002100,0.006400,0.000000
1886,2.142065,0.995996,1.003500,0.893400,1076.000000,852027992.000000,1324570160.000000,237035520.000000,1573130240.000000,0.000700,0.000000,0.000000,0.000000,0.008600,0.000000,0.010600,0.000000,0.000000,0.000000,0.003900,0.001800,0.002300,0.006600,0.000000
1887,2.143119,1.057200,1.054000,0.955100,1076.000000,852026744.000000,1324570160.000000,237035520.000000,1573130240.000000,0.000600,0.000000,0.000000,0.000000,0.009000,0.000000,0.010200,0.000000,0.000000,0.000000,0.003700,0.001700,0.002200,0.006400,0.000000
1888,2.144236,1.084701,0.965800,0.867000,1076.000000,852026768.000000,1324570160.000000,237035520.000000,1573130240.000000,0.000600,0.000000,0.000000,0.000000,0.008300,0.000000,0.010500,0.000000,0.000000,0.000000,0.003500,0.001700,0.002200,0.006300,0.000000
1889,2.145529,1.175602,1.096800,0.887500,1076.000000,852027232.000000,1324570160.000000,237035520.000000,1573130240.000000,0.000900,0.000000,0.000000,0.000000,0.010600,0.000000,0.012000,0.000000,0.000000,0.000000,0.004100,0.002600,0.002300,0.006600,0.000000
1890,2.147669,2.206300,2.221000,1.876600,1076.000000,852026840.000000,1324570160.000000,237035520.000000,1573130240.000000,0.000600,0.000000,0.000000,0.000000,0.009800,0.000000,0.011300,0.000000,0.000000,0.000000,0.008300,0.002100,0.002900,0.007300,0.000000
1891,2.149259,1.209800,1.364200,1.134800,1076.000000,852026840.000000,1324570160.000000,237035520.000000,1573130240.000000,0.000800,0.000000,0.000000,0.000000,0.013500,0.000000,0.013100,0.000000,0.000000,0.000000,0.005800,0.002600,0.004000,0.009400,0.000000
1892,2.150802,1.978302,1.919000,1.797800,1076.000000,852020184.000000,1324570160.000000,237035520.000000,1573130240.000000,0.000800,0.000000,0.000000,0.000000,0.014200,0.000000,0.012300,0.000000,0.000000,0.000000,0.007400,0.003000,0.004400,0.008100,0.000000
1893,2.152269,1.468297,1.522400,1.294100,1076.000000,852034568.000000,1324570160.000000,237035520.000000,1573130240.000000,0.000800,0.000000,0.000000,0.000000,0.009900,0.000000,0.020400,0.000000,0.000000,0.000000,0.005100,0.002700,0.003000,0.007700,0.000000
1894,2.153847,1.557802,1.254100,1.015600,1076.000000,852023024.000000,1324570160.000000,237035520.000000,1573130240.000000,0.000800,0.000000,0.000000,0.000000,0.011000,0.000000,0.014500,0.000000,0.000000,0.000000,0.004500,0.002900,0.003100,0.007100,0.000000
1895,2.155221,1.410502,1.721000,1.310700,1076.000000,852022176.000000,1324570160.000000,237035520.000000,1573130240.000000,0.378500,0.039400,0.012400,0.119800,0.011300,0.018800,0.011500,0.032400,0.024900,0.023900,0.004600,0.002300,0.002500,0.006000,0.000000
1896,2.156133,0.923895,0.923900,0.824500,1076.000000,852022224.000000,1324570160.000000,237035520.000000,1573130240.000000,0.000600,0.000000,0.000000,0.000000,0.010400,0.000000,0.010300,0.000000,0.000000,0.000000,0.004200,0.001800,0.002200,0.006100,0.000000
1897,2.157177,1.023604,1.017100,0.919000,1076.000000,852022680.000000,1324570160.000000,237035520.000000,1573130240.000000,0.000600,0.000000,0.000000,0.000000,0.009300,0.000000,0.012300,0.000000,0.000000,0.000000,0.003900,0.001700,0.002200,0.006100,0.000000
1898,2.158178,1.016801,1.017100,0.914600,1076.000000,852026360.000000,1324570160.000000,237035520.000000,1573130240.000000,0.000700,0.000000,0.000000,0.000000,0.012400,0.000000,0.010800,0.000000,0.000000,0.000000,0.003900,0.001700,0.002400,0.006600,0.000000
1899,2.159141,0.945996,0.948000,0.850200,1076.000000,852024208.000000,1324570160.000000,237035520.000000,1573130240.000000,0.000600,0.000000,0.000000,0.000000,0.009600,0.000000,0.010700,0.000000,0.000000,0.000000,0.003900,0.002400,0.002200,0.006400,0.000000
1900,2.160059,0.942701,0.938600,0.845300,1076.000000,852028320.000000,1324570160.000000,237035520.000000,1573130240.000000,0.000700,0.000000,0.000000,0.000000,0.008700,0.000000,0.010500,0.000000,0.000000,0.000000,0.004200,0.001700,0.002200,0.006300,0.000000
1901,2.160985,0.932001,0.930900,0.836800,1076.000000,852028760.000000,1324570160.000000,237035520.000000,1573130240.000000,0.000700,0.000000,0.000000,0.000000,0.009000,0.000000,0.010500,0.000000,0.000000,0.000000,0.003900,0.001700,0.002300,0.005900,0.000000
1902,2.162107,1.074901,1.055300,0.959300,1076.000000,852029208.000000,1324570160.000000,237035520.000000,1573130240.000000,0.000700,0.000000,0.000000,0.000000,0.008500,0.000000,0.010900,0.000000,0.000000,0.000000,0.003700,0.002300,0.002200,0.006200,0.000000
1903,2.163137,1.052700,1.056600,0.946000,1076.000000,852028384.000000,1324570160.000000,237035520.000000,1573130240.000000,0.000700,0.000000,0.000000,0.000000,0.011300,0.000000,0.011900,0.000000,0.000000,0.000000,0.004900,0.002200,0.002700,0.007000,0.000000
1904,2.164132,1.004996,1.002300,0.899300,1076.000000,852028408.000000,1324570160.000000,237035520.000000,1573130240.000000,0.000600,0.000000,0.000000,0.000000,0.009200,0.000000,0.011700,0.000000,0.000000,0.000000,0.004300,0.002000,0.002600,0.006500,0.000000
1905,2.165074,0.944806,0.947900,0.844700,1076.000000,852032968.000000,1324570160.000000,237035520.000000,1573130240.000000,0.000600,0.000000,0.000000,0.000000,0.009900,0.000000,0.011800,0.000000,0.000000,0.000000,0.003900,0.002300,0.002200,0.006500,0.000000
1906,2.166022,0.949398,0.941500,0.845100,1076.000000,852032576.000000,1324570160.000000,237035520.000000,1573130240.000000,0.000700,0.000000,0.000000,0.000000,0.009300,0.000000,0.010700,0.000000,0.000000,0.000000,0.003900,0.001900,0.002200,0.006400,0.000000
1907,2.167023,0.994799,0.988100,0.882500,1076.000000,852036672.000000,1324570160.000000,237035520.000000,1573130240.000000,0.000900,0.000000,0.000000,0.000000,0.008900,0.000000,0.010700,0.000000,0.000000,0.000000,0.003500,0.001900,0.002300,0.006400,0.000000
1908,2.168034,1.001800,1.001300,0.894600,1076.000000,852037120.000000,1324570160.000000,237035520.000000,1573130240.000000,0.000600,0.000000,0.000000,0.000000,0.009000,0.000000,0.013300,0.000000,0.000000,0.000000,0.004400,0.002700,0.002500,0.006600,0.000000
1909,2.169191,1.030598,1.031600,0.928500,1076.000000,852051080.000000,1324570160.000000,237035520.000000,1573130240.000000,0.000700,0.000000,0.000000,0.000000,0.009800,0.000000,0.012200,0.000000,0.000000,0.000000,0.003800,0.001800,0.002400,0.006600,0.000000
1910,2.170485,1.399702,1.317500,1.215400,1076.000000,852048688.000000,1324570160.000000,237035520.000000,1573130240.000000,0.000800,0.000000,0.000000,0.000000,0.009300,0.000000,0.012600,0.000000,0.000000,0.000000,0.008100,0.002100,0.003100,0.008200,0.000000
1911,2.171928,1.370798,1.444500,1.269900,1076.000000,852051360.000000,1324570160.000000,237035520.000000,1573130240.000000,0.312000,0.041100,0.012700,0.103200,0.010100,0.017100,0.010600,0.013800,0.018800,0.012100,0.004500,0.002100,0.002400,0.004900,0.000000
1912,2.173025,1.190200,1.182800,1.077800,1076.000000,852051408.000000,1324570160.000000,237035520.000000,1573130240.000000,0.000900,0.000000,0.000000,0.000000,0.010700,0.000000,0.011100,0.000000,0.000000,0.000000,0.007700,0.002000,0.002700,0.007300,0.000000
1913,2.174120,1.086501,1.091100,0.984400,1076.000000,852051864.000000,1324570160.000000,237035520.000000,1573130240.000000,0.000600,0.000000,0.000000,0.000000,0.010300,0.000000,0.011200,0.000000,0.000000,0.000000,0.004200,0.002400,0.002500,0.006800,0.000000
1914,2.175049,0.952601,0.953000,0.855000,1076.000000,852051448.000000,1324570160.000000,237035520.000000,1573130240.000000,0.000600,0.000000,0.000000,0.000000,0.009100,0.000000,0.010200,0.000000,0.000000,0.000000,0.004300,0.002400,0.002400,0.006500,0.000000
1915,2.175977,0.930499,0.926700,0.831500,1076.000000,852051368.000000,1324570160.000000,237035520.000000,1573130240.000000,0.000700,0.000000,0.000000,0.000000,0.008700,0.000000,0.010000,0.000000,0.000000,0.000000,0.004000,0.001700,0.002600,0.006000,0.000000
1916,2.176942,0.955605,0.951500,0.854300,1076.000000,852051384.000000,1324570160.000000,237035520.000000,1573130240.000000,0.000700,0.000000,0.000000,0.000000,0.008700,0.000000,0.010600,0.000000,0.000000,0.000000,0.003600,0.001800,0.002200,0.006200,0.000000
1917,2.178076,1.111196,0.982000,0.881600,1076.000000,852055920.000000,1324570160.000000,237035520.000000,1573130240.000000,0.000800,0.000000,0.000000,0.000000,0.009400,0.000000,0.010700,0.000000,0.000000,0.000000,0.004200,0.002500,0.002300,0.006800,0.000000
1918,2.179345,1.140398,1.241900,1.020500,1076.000000,852060464.000000,1324570160.000000,237035520.000000,1573130240.000000,0.000800,0.000000,0.000000,0.000000,0.010400,0.000000,0.010700,0.000000,0.000000,0.000000,0.004800,0.002800,0.002500,0.007100,0.000000
1919,2.180699,1.498802,1.511500,1.388600,1076.000000,852059640.000000,1324570160.000000,237035520.000000,1573130240.000000,0.000700,0.000000,0.000000,0.000000,0.076900,0.000000,0.010900,0.000000,0.000000,0.000000,0.006000,0.002000,0.002600,0.007600,0.000000
1920,2.181866,1.162202,1.158500,1.050900,1076.000000,852059664.000000,1324570160.000000,237035520.000000,1573130240.000000,0.000600,0.000000,0.000000,0.000000,0.009700,0.000000,0.010900,0.000000,0.000000,0.000000,0.004100,0.001900,0.002300,0.006500,0.000000
1921,2.183419,1.391497,1.377900,1.239700,1076.000000,852060128.000000,1324570160.000000,237035520.000000,1573130240.000000,0.000700,0.000000,0.000000,0.000000,0.009900,0.000000,0.029500,0.000000,0.000000,0.000000,0.004700,0.002100,0.002600,0.007100,0.000000
1922,2.184660,1.406101,1.411100,1.293500,1076.000000,852060160.000000,1324570160.000000,237035520.000000,1573130240.000000,0.001100,0.000000,0.000000,0.000000,0.013700,0.000000,0.013600,0.000000,0.000000,0.000000,0.007600,0.002100,0.003300,0.008500,0.000000
1923,2.185806,1.133603,1.097100,0.989100,1076.000000,852059736.000000,1324570160.000000,237035520.000000,1573130240.000000,0.000700,0.000000,0.000000,0.000000,0.009800,0.000000,0.012500,0.000000,0.000000,0.000000,0.004000,0.002600,0.002500,0.007200,0.000000
1924,2.186900,1.087295,1.115200,0.976000,1076.000000,852063856.000000,1324570160.000000,237035520.000000,1573130240.000000,0.000600,0.000000,0.000000,0.000000,0.010100,0.000000,0.011600,0.000000,0.000000,0.000000,0.004700,0.002200,0.002600,0.007000,0.000000
1925,2.188040,1.153600,1.147700,1.035000,1076.000000,852078240.000000,1324570160.000000,237035520.000000,1573130240.000000,0.000800,0.000000,0.000000,0.000000,0.011300,0.000000,0.012100,0.000000,0.000000,0.000000,0.004500,0.001900,0.002700,0.006700,0.000000
1926,2.189470,1.433702,1.438700,1.325300,1076.000000,852066768.000000,1324570160.000000,237035520.000000,1573130240.000000,0.341500,0.040200,0.012400,0.124700,0.010400,0.017800,0.011500,0.013600,0.022700,0.014900,0.004200,0.002200,0.002600,0.005500,0.000000
1927,2.190451,0.995699,0.994100,0.889800,1076.000000,852064152.000000,1324570160.000000,237035520.000000,1573130240.000000,0.000700,0.000000,0.000000,0.000000,0.011000,0.000000,0.011400,0.000000,0.000000,0.000000,0.003900,0.001800,0.002600,0.006600,0.000000
1928,2.191381,0.932001,0.935300,0.832500,1076.000000,852068296.000000,1324570160.000000,237035520.000000,1573130240.000000,0.000600,0.000000,0.000000,0.000000,0.009200,0.000000,0.010400,0.000000,0.000000,0.000000,0.004000,0.001600,0.002300,0.006400,0.000000
1929,2.192340,0.945699,0.942100,0.844500,1076.000000,852068736.000000,1324570160.000000,237035520.000000,1573130240.000000,0.000600,0.000000,0.000000,0.000000,0.009200,0.000000,0.010800,0.000000,0.000000,0.000000,0.003800,0.002000,0.002300,0.006800,0.000000
1930,2.193601,1.240802,1.019900,0.921900,1076.000000,852071808.000000,1324570160.000000,237035520.000000,1573130240.000000,0.000600,0.000000,0.000000,0.000000,0.009200,0.000000,0.010700,0.000000,0.000000,0.000000,0.003900,0.001700,0.002400,0.006300,0.000000
1931,2.194596,1.003104,1.216700,0.906400,1076.000000,852071848.000000,1324570160.000000,237035520.000000,1573130240.000000,0.000700,0.000000,0.000000,0.000000,0.010100,0.000000,0.010300,0.000000,0.000000,0.000000,0.004200,0.001900,0.002300,0.005900,0.000000
1932,2.195573,1.005400,0.984000,0.884400,1076.000000,852071864.000000,1324570160.000000,237035520.000000,1573130240.000000,0.000700,0.000000,0.000000,0.000000,0.009400,0.000000,0.010500,0.000000,0.000000,0.000000,0.004400,0.001700,0.002400,0.005700,0.000000
1933,2.196771,1.118297,1.112200,0.987300,1076.000000,852072304.000000,1324570160.000000,237035520.000000,1573130240.000000,0.000600,0.000000,0.000000,0.000000,0.009100,0.000000,0.011500,0.000000,0.000000,0.000000,0.003800,0.001800,0.002400,0.006500,0.000000
1934,2.198107,1.366603,1.364500,1.241300,1076.000000,852076848.000000,1324570160.000000,237035520.000000,1573134336.000000,0.000800,0.000000,0.000000,0.000000,0.012700,0.000000,0.011600,0.000000,0.000000,0.000000,0.006000,0.002000,0.003000,0.007800,0.000000
1935,2.199136,1.052494,1.062900,0.944900,1076.000000,852076024.000000,1324570160.000000,237035520.000000,1573134336.000000,0.000800,0.000000,0.000000,0.000000,0.013100,0.000000,0.011200,0.000000,0.000000,0.000000,0.004700,0.001800,0.002800,0.006500,0.000000
1936,2.200176,1.048406,1.046600,0.938400,1076.000000,852076472.000000,1324570160.000000,237035520.000000,1573134336.000000,0.000800,0.000000,0.000000,0.000000,0.010000,0.000000,0.012700,0.000000,0.000000,0.000000,0.004400,0.002000,0.002900,0.006600,0.000000
1937,2.201709,1.371096,1.034400,0.926900,1076.000000,852080608.000000,1324570160.000000,237035520.000000,1573134336.000000,0.000600,0.000000,0.000000,0.000000,0.009900,0.000000,0.013000,0.000000,0.000000,0.000000,0.004000,0.002100,0.002600,0.005800,0.000000
1938,2.202826,1.276701,1.610100,1.171800,1076.000000,852080216.000000,1324570160.000000,237035520.000000,1573134336.000000,0.000900,0.000000,0.000000,0.000000,0.013800,0.000000,0.012500,0.000000,0.000000,0.000000,0.008800,0.002600,0.003600,0.064200,0.000000
1939,2.203874,0.973200,0.976500,0.873000,1076.000000,852080216.000000,1324570160.000000,237035520.000000,1573134336.000000,0.000700,0.000000,0.000000,0.000000,0.009700,0.000000,0.010800,0.000000,0.000000,0.000000,0.004400,0.002300,0.002800,0.006900,0.000000
1940,2.205341,1.499603,1.469000,1.364300,1076.000000,852080488.000000,1324570160.000000,237035520.000000,1573134336.000000,0.356200,0.043800,0.012000,0.119000,0.008400,0.023500,0.013200,0.014500,0.019200,0.028400,0.007000,0.002500,0.002900,0.006500,0.000000
1941,2.206615,1.320996,1.337000,1.214100,1076.000000,852084096.000000,1324570160.000000,237035520.000000,1573134336.000000,0.000800,0.000000,0.000000,0.000000,0.014400,0.000000,0.011100,0.000000,0.000000,0.000000,0.004900,0.002100,0.002300,0.007200,0.000000
1942,2.207632,1.008100,1.008400,0.903400,1076.000000,852072000.000000,1324570160.000000,237035520.000000,1573134336.000000,0.000700,0.000000,0.000000,0.000000,0.009800,0.000000,0.012300,0.000000,0.000000,0.000000,0.004100,0.002800,0.002400,0.007000,0.000000
1943,2.208645,1.025602,1.011900,0.908300,1076.000000,852073480.000000,1324570160.000000,237035520.000000,1573134336.000000,0.000700,0.000000,0.000000,0.000000,0.009700,0.000000,0.010500,0.000000,0.000000,0.000000,0.003600,0.001800,0.002600,0.006600,0.000000
1944,2.209878,1.216397,1.153400,1.039500,1128.000000,852073408.000000,1324570160.000000,237035520.000000,1573134336.000000,0.000700,0.000000,0.000000,0.000000,0.008800,0.000000,0.010700,0.000000,0.000000,0.000000,0.004200,0.001900,0.002500,0.006300,0.000000
1945,2.210835,0.979400,1.052600,0.883600,1076.000000,852073864.000000,1324570160.000000,237035520.000000,1573134336.000000,0.000600,0.000000,0.000000,0.000000,0.010200,0.000000,0.011300,0.000000,0.000000,0.000000,0.004400,0.001900,0.002400,0.006100,0.000000
1946,2.211864,1.002601,0.984600,0.885100,1076.000000,852073448.000000,1324570160.000000,237035520.000000,1573134336.000000,0.000600,0.000000,0.000000,0.000000,0.009400,0.000000,0.010800,0.000000,0.000000,0.000000,0.004100,0.001700,0.002200,0.005800,0.000000
1947,2.213031,1.150999,1.111100,0.996000,1076.000000,852073488.000000,1324570160.000000,237035520.000000,1573134336.000000,0.000700,0.000000,0.000000,0.000000,0.010400,0.000000,0.011100,0.000000,0.000000,0.000000,0.004400,0.002300,0.002700,0.006500,0.000000
1948,2.214079,1.059800,1.104000,0.958700,1076.000000,852073504.000000,1324570160.000000,237035520.000000,1573134336.000000,0.000800,0.000000,0.000000,0.000000,0.012400,0.000000,0.011600,0.000000,0.000000,0.000000,0.004700,0.002800,0.003000,0.007400,0.000000
1949,2.215066,1.016603,1.014000,0.912900,1076.000000,852073944.000000,1324570160.000000,237035520.000000,1573134336.000000,0.000700,0.000000,0.000000,0.000000,0.009600,0.000000,0.011600,0.000000,0.000000,0.000000,0.004100,0.002900,0.002300,0.006700,0.000000
1950,2.216158,1.014101,0.993500,0.884600,1076.000000,852078912.000000,1324570160.000000,237035520.000000,1573134336.000000,0.000700,0.000000,0.000000,0.000000,0.008900,0.000000,0.012400,0.000000,0.000000,0.000000,0.003800,0.001900,0.002100,0.006300,0.000000
1951,2.217957,1.707497,1.219000,1.098700,1076.000000,852081760.000000,1324570160.000000,237035520.000000,1573199872.000000,0.000700,0.000000,0.000000,0.000000,0.012200,0.000000,0.013400,0.000000,0.000000,0.000000,0.005400,0.002600,0.002800,0.007400,0.000000
1952,2.219580,1.665101,2.097300,1.490000,1076.000000,852081784.000000,1324570160.000000,237035520.000000,1573199872.000000,0.001000,0.000000,0.000000,0.000000,0.020700,0.000000,0.020300,0.000000,0.000000,0.000000,0.007600,0.003900,0.004300,0.011300,0.000000
1953,2.221037,1.475298,1.490700,1.318100,1076.000000,852082248.000000,1324570160.000000,237035520.000000,1573199872.000000,0.000900,0.000000,0.000000,0.000000,0.018100,0.000000,0.018200,0.000000,0.000000,0.000000,0.006600,0.003400,0.004400,0.010200,0.000000
1954,2.223015,1.958603,1.937500,1.778600,1076.000000,852082632.000000,1324570160.000000,237035520.000000,1573199872.000000,0.464100,0.069300,0.017300,0.155500,0.017500,0.023800,0.020300,0.019900,0.027500,0.018600,0.006300,0.003300,0.003500,0.009300,0.000000
1955,2.224423,1.432299,1.446500,1.278700,1076.000000,852082632.000000,1324570160.000000,237035520.000000,1573199872.000000,0.000900,0.000000,0.000000,0.000000,0.021200,0.000000,0.018500,0.000000,0.000000,0.000000,0.006200,0.003300,0.003600,0.010000,0.000000
1956,2.225828,1.487302,1.395600,1.244500,1076.000000,852086752.000000,1324570160.000000,237035520.000000,1573199872.000000,0.000900,0.000000,0.000000,0.000000,0.017300,0.000000,0.018600,0.000000,0.000000,0.000000,0.006100,0.003200,0.003300,0.010100,0.000000
1957,2.227071,1.241199,1.230500,1.001000,1076.000000,852101136.000000,1324570160.000000,237035520.000000,1573199872.000000,0.000700,0.000000,0.000000,0.000000,0.012100,0.000000,0.011600,0.000000,0.000000,0.000000,0.003900,0.002300,0.002600,0.008000,0.000000
1958,2.228133,1.067503,1.201600,0.960200,1076.000000,852088336.000000,1324570160.000000,237035520.000000,1573199872.000000,0.000700,0.000000,0.000000,0.000000,0.010200,0.000000,0.013300,0.000000,0.000000,0.000000,0.005000,0.002100,0.002800,0.007600,0.000000
1959,2.229107,0.996797,1.000800,0.896300,1076.000000,852085720.000000,1324570160.000000,237035520.000000,1573199872.000000,0.000600,0.000000,0.000000,0.000000,0.009500,0.000000,0.011400,0.000000,0.000000,0.000000,0.004200,0.001800,0.002700,0.006000,0.000000
1960,2.230047,0.944501,0.926900,0.828100,1076.000000,852085768.000000,1324570160.000000,237035520.000000,1573199872.000000,0.000800,0.000000,0.000000,0.000000,0.009000,0.000000,0.010500,0.000000,0.000000,0.000000,0.004400,0.002200,0.002100,0.007100,0.000000
1961,2.230963,0.912599,0.928700,0.815600,1076.000000,852086224.000000,1324570160.000000,237035520.000000,1573199872.000000,0.000600,0.000000,0.000000,0.000000,0.008600,0.000000,0.010500,0.000000,0.000000,0.000000,0.003900,0.001700,0.002200,0.006200,0.000000
1962,2.231916,0.952098,0.944800,0.849000,1076.000000,852089904.000000,1324570160.000000,237035520.000000,1573199872.000000,0.000700,0.000000,0.000000,0.000000,0.008700,0.000000,0.010500,0.000000,0.000000,0.000000,0.004100,0.002400,0.002300,0.006700,0.000000
1963,2.232911,0.961905,0.958600,0.858300,1076.000000,852089944.000000,1324570160.000000,237035520.000000,1573199872.000000,0.000700,0.000000,0.000000,0.000000,0.009000,0.000000,0.010300,0.000000,0.000000,0.000000,0.004000,0.001900,0.002300,0.006600,0.000000
1964,2.234361,1.400801,1.076400,0.972700,1076.000000,852090384.000000,1324570160.000000,237035520.000000,1573199872.000000,0.000900,0.000000,0.000000,0.000000,0.010700,0.000000,0.013600,0.000000,0.000000,0.000000,0.005200,0.003100,0.003000,0.007500,0.000000
1965,2.235470,1.166397,1.462800,1.044300,1076.000000,852090400.000000,1324570160.000000,237035520.000000,1573199872.000000,0.000800,0.000000,0.000000,0.000000,0.011900,0.000000,0.013100,0.000000,0.000000,0.000000,0.005200,0.002100,0.002600,0.006700,0.000000
1966,2.237060,1.471400,1.047800,0.925400,1076.000000,852090848.000000,1324570160.000000,237035520.000000,1573199872.000000,0.000600,0.000000,0.000000,0.000000,0.010200,0.000000,0.010700,0.000000,0.000000,0.000000,0.004600,0.002200,0.002500,0.006800,0.000000
1967,2.238350,1.373299,1.810000,1.279200,1076.000000,852090024.000000,1324570160.000000,237035520.000000,1573199872.000000,0.000800,0.000000,0.000000,0.000000,0.018500,0.000000,0.019100,0.000000,0.000000,0.000000,0.007100,0.003300,0.003500,0.010000,0.000000
1968,2.239820,1.449100,1.429800,1.322000,1076.000000,852094496.000000,1324570160.000000,237035520.000000,1573199872.000000,0.347300,0.052900,0.012600,0.105400,0.030700,0.025200,0.015900,0.016700,0.024300,0.013900,0.005000,0.002000,0.002600,0.006100,0.000000
1969,2.240825,1.079797,1.096600,0.980600,1076.000000,852099056.000000,1324570160.000000,237035520.000000,1573199872.000000,0.000600,0.000000,0.000000,0.000000,0.013700,0.000000,0.011100,0.000000,0.000000,0.000000,0.006300,0.001800,0.002400,0.006200,0.000000
1970,2.242045,1.176304,1.004300,0.902600,1076.000000,852098640.000000,1324570160.000000,237035520.000000,1573199872.000000,0.000600,0.000000,0.000000,0.000000,0.009100,0.000000,0.010000,0.000000,0.000000,0.000000,0.003900,0.001800,0.002200,0.006000,0.000000
1971,2.243002,1.001502,1.169900,0.907800,1076.000000,852102760.000000,1324570160.000000,237035520.000000,1573199872.000000,0.000600,0.000000,0.000000,0.000000,0.010100,0.000000,0.011300,0.000000,0.000000,0.000000,0.005900,0.002000,0.003000,0.006300,0.000000
1972,2.243898,0.903097,0.902600,0.806100,1076.000000,852102456.000000,1324570160.000000,237035520.000000,1573199872.000000,0.000700,0.000000,0.000000,0.000000,0.008900,0.000000,0.011000,0.000000,0.000000,0.000000,0.003500,0.001800,0.002300,0.005400,0.000000
1973,2.244805,0.915497,0.915300,0.821200,1076.000000,852116840.000000,1324570160.000000,237035520.000000,1573199872.000000,0.000700,0.000000,0.000000,0.000000,0.008300,0.000000,0.010600,0.000000,0.000000,0.000000,0.003300,0.001700,0.002100,0.005600,0.000000
1974,2.245750,0.931406,0.899100,0.807900,1076.000000,852104744.000000,1324570160.000000,237035520.000000,1573199872.000000,0.000600,0.000000,0.000000,0.000000,0.008500,0.000000,0.012000,0.000000,0.000000,0.000000,0.003200,0.001600,0.001900,0.005800,0.000000
1975,2.247034,1.201198,1.188900,1.061100,1076.000000,852106224.000000,1324570160.000000,237035520.000000,1573199872.000000,0.000600,0.000000,0.000000,0.000000,0.009000,0.000000,0.010400,0.000000,0.000000,0.000000,0.004100,0.002500,0.002200,0.006100,0.000000
1976,2.248123,1.141801,1.162900,1.035800,1076.000000,852106272.000000,1324570160.000000,237035520.000000,1573199872.000000,0.000700,0.000000,0.000000,0.000000,0.014000,0.000000,0.011600,0.000000,0.000000,0.000000,0.006100,0.002600,0.003200,0.009200,0.000000
1977,2.249138,0.965398,0.970800,0.865600,1076.000000,852106728.000000,1324570160.000000,237035520.000000,1573199872.000000,0.000800,0.000000,0.000000,0.000000,0.009400,0.000000,0.010700,0.000000,0.000000,0.000000,0.005400,0.001800,0.002700,0.007600,0.000000
1978,2.250166,1.089902,1.084700,0.985300,1076.000000,852106736.000000,1324570160.000000,237035520.000000,1573199872.000000,0.000600,0.000000,0.000000,0.000000,0.009200,0.000000,0.012400,0.000000,0.000000,0.000000,0.008000,0.001900,0.003200,0.007000,0.000000
1979,2.251098,0.950198,0.949800,0.850200,1076.000000,852106352.000000,1324570160.000000,237035520.000000,1573199872.000000,0.000700,0.000000,0.000000,0.000000,0.009800,0.000000,0.011400,0.000000,0.000000,0.000000,0.004300,0.001900,0.002600,0.006400,0.000000
1980,2.252449,1.307703,0.980100,0.878800,1076.000000,852106368.000000,1324570160.000000,237035520.000000,1573199872.000000,0.000700,0.000000,0.000000,0.000000,0.008900,0.000000,0.010200,0.000000,0.000000,0.000000,0.003900,0.001900,0.002400,0.006500,0.000000
1981,2.253612,1.145600,1.444600,1.025700,1076.000000,852106808.000000,1324570160.000000,237035520.000000,1573199872.000000,0.000700,0.000000,0.000000,0.000000,0.011600,0.000000,0.012100,0.000000,0.000000,0.000000,0.004500,0.002400,0.002700,0.008000,0.000000
1982,2.254664,1.067999,1.086000,0.968400,1076.000000,852111352.000000,1324570160.000000,237035520.000000,1573199872.000000,0.000700,0.000000,0.000000,0.000000,0.012700,0.000000,0.011200,0.000000,0.000000,0.000000,0.004900,0.002800,0.002500,0.023000,0.000000
1983,2.255868,1.250496,1.249300,1.149900,1076.000000,852110960.000000,1324570160.000000,237035520.000000,1573199872.000000,0.295600,0.041600,0.012600,0.100800,0.009700,0.015700,0.010100,0.012800,0.018800,0.012100,0.005000,0.002100,0.002400,0.004600,0.000000
1984,2.256882,1.002303,0.995900,0.897200,1076.000000,852110984.000000,1324570160.000000,237035520.000000,1573199872.000000,0.000700,0.000000,0.000000,0.000000,0.010200,0.000000,0.010400,0.000000,0.000000,0.000000,0.003800,0.001700,0.002500,0.006100,0.000000
1985,2.257935,1.044799,1.040500,0.936900,1076.000000,852115528.000000,1324570160.000000,237035520.000000,1573199872.000000,0.000600,0.000000,0.000000,0.000000,0.009700,0.000000,0.010300,0.000000,0.000000,0.000000,0.004100,0.002300,0.002300,0.006400,0.000000
1986,2.258947,1.027402,1.031300,0.925100,1076.000000,852115128.000000,1324570160.000000,237035520.000000,1573199872.000000,0.000700,0.000000,0.000000,0.000000,0.010200,0.000000,0.011200,0.000000,0.000000,0.000000,0.004900,0.002700,0.002400,0.006700,0.000000
1987,2.260041,1.091695,1.081900,0.984600,1076.000000,852124464.000000,1324570160.000000,237035520.000000,1573199872.000000,0.000600,0.000000,0.000000,0.000000,0.009200,0.000000,0.011000,0.000000,0.000000,0.000000,0.004000,0.001800,0.002300,0.006200,0.000000
1988,2.260983,0.950702,0.954400,0.851100,1076.000000,852129656.000000,1324570160.000000,237035520.000000,1573199872.000000,0.000700,0.000000,0.000000,0.000000,0.008500,0.000000,0.011100,0.000000,0.000000,0.000000,0.003900,0.002100,0.002400,0.006200,0.000000
1989,2.261998,1.000503,0.991300,0.892800,1076.000000,852144040.000000,1324570160.000000,237035520.000000,1573199872.000000,0.000600,0.000000,0.000000,0.000000,0.008800,0.000000,0.011600,0.000000,0.000000,0.000000,0.004200,0.001700,0.002000,0.006200,0.000000
1990,2.262960,0.973002,0.976600,0.872200,1076.000000,852131944.000000,1324570160.000000,237035520.000000,1573199872.000000,0.000700,0.000000,0.000000,0.000000,0.009200,0.000000,0.011800,0.000000,0.000000,0.000000,0.004100,0.001900,0.002100,0.006300,0.000000
1991,2.263950,0.991893,0.990800,0.892700,1076.000000,852129328.000000,1324570160.000000,237035520.000000,1573199872.000000,0.000800,0.000000,0.000000,0.000000,0.008700,0.000000,0.011100,0.000000,0.000000,0.000000,0.004300,0.002500,0.002400,0.006500,0.000000
1992,2.264889,0.940802,0.940900,0.845300,1076.000000,852129800.000000,1324570160.000000,237035520.000000,1573199872.000000,0.000600,0.000000,0.000000,0.000000,0.008600,0.000000,0.012200,0.000000,0.000000,0.000000,0.004200,0.001800,0.002200,0.006100,0.000000
1993,2.265832,0.937904,0.934200,0.840600,1076.000000,852129832.000000,1324570160.000000,237035520.000000,1573199872.000000,0.000700,0.000000,0.000000,0.000000,0.008600,0.000000,0.011500,0.000000,0.000000,0.000000,0.003700,0.001800,0.002100,0.006000,0.000000
1994,2.266856,1.017999,1.009400,0.911700,1076.000000,852133512.000000,1324570160.000000,237035520.000000,1573199872.000000,0.000600,0.000000,0.000000,0.000000,0.008500,0.000000,0.010100,0.000000,0.000000,0.000000,0.003600,0.001900,0.002100,0.005900,0.000000
1995,2.267826,0.976198,0.976500,0.876000,1076.000000,852133552.000000,1324570160.000000,237035520.000000,1573199872.000000,0.000700,0.000000,0.000000,0.000000,0.009600,0.000000,0.010100,0.000000,0.000000,0.000000,0.003700,0.001900,0.002500,0.004700,0.000000
1996,2.268766,0.946499,0.946600,0.849600,1076.000000,852133568.000000,1324570160.000000,237035520.000000,1573199872.000000,0.000700,0.000000,0.000000,0.000000,0.008800,0.000000,0.009900,0.000000,0.000000,0.000000,0.003900,0.001900,0.002300,0.006600,0.000000
1997,2.269684,0.923399,0.921800,0.827100,1076.000000,852134008.000000,1324570160.000000,237035520.000000,1573199872.000000,0.000700,0.000000,0.000000,0.000000,0.008300,0.000000,0.010100,0.000000,0.000000,0.000000,0.004000,0.001700,0.002300,0.006600,0.000000
1998,2.270562,0.877005,0.875600,0.782000,1076.000000,852134456.000000,1324570160.000000,237035520.000000,1573199872.000000,0.000700,0.000000,0.000000,0.000000,0.008700,0.000000,0.010100,0.000000,0.000000,0.000000,0.003600,0.002200,0.002200,0.006500,0.000000
1999,2.272104,1.473597,1.451300,1.353700,1076.000000,852134080.000000,1324570160.000000,237035520.000000,1573199872.000000,0.318900,0.042200,0.012600,0.103700,0.008700,0.018900,0.010200,0.014200,0.019800,0.013000,0.003500,0.001800,0.002100,0.004700,0.000000
2000,2.273988,1.851403,1.455400,1.282600,1076.000000,852134104.000000,1324570160.000000,237035520.000000,1573199872.000000,0.000800,0.000000,0.000000,0.000000,0.012600,0.000000,0.013400,0.000000,0.000000,0.000000,0.007100,0.002500,0.002900,0.007900,0.000000
2001,2.275259,1.328196,1.717800,1.229600,1076.000000,852138664.000000,1324570160.000000,237035520.000000,1573199872.000000,0.000700,0.000000,0.000000,0.000000,0.012500,0.000000,0.012100,0.000000,0.000000,0.000000,0.005900,0.002600,0.003600,0.008700,0.000000
2002,2.276468,1.210799,1.209600,1.096200,1076.000000,852142344.000000,1324570160.000000,237035520.000000,1573199872.000000,0.000700,0.000000,0.000000,0.000000,0.010300,0.000000,0.011200,0.000000,0.000000,0.000000,0.004900,0.002100,0.003100,0.006700,0.000000
2003,2.277600,1.138499,1.140600,1.029800,1076.000000,852141944.000000,1324570160.000000,237035520.000000,1573199872.000000,0.000600,0.000000,0.000000,0.000000,0.010700,0.000000,0.030300,0.000000,0.000000,0.000000,0.004600,0.002000,0.002500,0.006300,0.000000
2004,2.278801,1.207405,1.204100,1.097600,1076.000000,852141968.000000,1324570160.000000,237035520.000000,1573199872.000000,0.000900,0.000000,0.000000,0.000000,0.011100,0.000000,0.054800,0.000000,0.000000,0.000000,0.004500,0.002000,0.002700,0.006700,0.000000
2005,2.279784,0.998696,1.002000,0.897000,1076.000000,852156352.000000,1324570160.000000,237035520.000000,1573199872.000000,0.000700,0.000000,0.000000,0.000000,0.010200,0.000000,0.011600,0.000000,0.000000,0.000000,0.005000,0.001900,0.002400,0.006900,0.000000
2006,2.280723,0.940802,0.927100,0.828800,1076.000000,852144824.000000,1324570160.000000,237035520.000000,1573199872.000000,0.000600,0.000000,0.000000,0.000000,0.009900,0.000000,0.013700,0.000000,0.000000,0.000000,0.004700,0.002200,0.002500,0.006600,0.000000
2007,2.282355,1.484198,1.062200,0.950300,1076.000000,852145880.000000,1324570160.000000,237035520.000000,1573199872.000000,0.000700,0.000000,0.000000,0.000000,0.009200,0.000000,0.011400,0.000000,0.000000,0.000000,0.003900,0.001700,0.002200,0.006100,0.000000
2008,2.283793,1.561005,1.885800,1.353400,1076.000000,852145928.000000,1324570160.000000,237035520.000000,1573199872.000000,0.000900,0.000000,0.000000,0.000000,0.019200,0.000000,0.018000,0.000000,0.000000,0.000000,0.006900,0.003700,0.004300,0.010700,0.000000
2009,2.284755,0.991794,1.091800,0.894500,1076.000000,852146384.000000,1324570160.000000,237035520.000000,1573199872.000000,0.000700,0.000000,0.000000,0.000000,0.011100,0.000000,0.011200,0.000000,0.000000,0.000000,0.004400,0.002000,0.002200,0.006500,0.000000
2010,2.285644,0.896400,0.897300,0.799600,1076.000000,852145968.000000,1324570160.000000,237035520.000000,1573199872.000000,0.000700,0.000000,0.000000,0.000000,0.009100,0.000000,0.010500,0.000000,0.000000,0.000000,0.003900,0.002400,0.002000,0.006200,0.000000
2011,2.286548,0.905506,0.904900,0.812200,1076.000000,852146008.000000,1324570160.000000,237035520.000000,1573199872.000000,0.000500,0.000000,0.000000,0.000000,0.008700,0.000000,0.010500,0.000000,0.000000,0.000000,0.004000,0.001800,0.002100,0.006300,0.000000
2012,2.287491,0.927296,0.918600,0.827400,1076.000000,852146024.000000,1324570160.000000,237035520.000000,1573199872.000000,0.000600,0.000000,0.000000,0.000000,0.008800,0.000000,0.010800,0.000000,0.000000,0.000000,0.003500,0.002100,0.002000,0.006100,0.000000
2013,2.288711,1.224901,1.219600,1.121100,1076.000000,852155992.000000,1324570160.000000,237035520.000000,1573199872.000000,0.338500,0.043000,0.013800,0.112300,0.008600,0.021300,0.010300,0.018700,0.024200,0.013800,0.003600,0.001800,0.002200,0.004800,0.000000
2014,2.289678,0.976297,0.980500,0.880400,1076.000000,852160536.000000,1324570160.000000,237035520.000000,1573199872.000000,0.000700,0.000000,0.000000,0.000000,0.010800,0.000000,0.010500,0.000000,0.000000,0.000000,0.004200,0.002500,0.002200,0.006800,0.000000
2015,2.290595,0.920302,0.918600,0.825700,1076.000000,852159712.000000,1324570160.000000,237035520.000000,1573199872.000000,0.000700,0.000000,0.000000,0.000000,0.008700,0.000000,0.009900,0.000000,0.000000,0.000000,0.004300,0.002600,0.002000,0.006200,0.000000
2016,2.291637,0.986005,0.972100,0.873500,1076.000000,852159736.000000,1324570160.000000,237035520.000000,1573199872.000000,0.000500,0.000000,0.000000,0.000000,0.008000,0.000000,0.009800,0.000000,0.000000,0.000000,0.004400,0.002300,0.002200,0.006300,0.000000
2017,2.292645,1.031696,1.033700,0.932500,1076.000000,852154896.000000,1324570160.000000,237035520.000000,1573199872.000000,0.000700,0.000000,0.000000,0.000000,0.008700,0.000000,0.010600,0.000000,0.000000,0.000000,0.005400,0.002400,0.002600,0.007500,0.000000
2018,2.293688,1.035601,1.031800,0.931000,1076.000000,852154480.000000,1324570160.000000,237035520.000000,1573199872.000000,0.000600,0.000000,0.000000,0.000000,0.009200,0.000000,0.011600,0.000000,0.000000,0.000000,0.005200,0.002500,0.002400,0.007000,0.000000
2019,2.294721,1.022499,0.965400,0.866100,1076.000000,852158600.000000,1324570160.000000,237035520.000000,1573265408.000000,0.000600,0.000000,0.000000,0.000000,0.009500,0.000000,0.011000,0.000000,0.000000,0.000000,0.004500,0.001900,0.002300,0.006400,0.000000
2020,2.295734,1.031902,1.051900,0.903100,1076.000000,852163144.000000,1324570160.000000,237035520.000000,1573265408.000000,0.000700,0.000000,0.000000,0.000000,0.009500,0.000000,0.013000,0.000000,0.000000,0.000000,0.004400,0.002000,0.002300,0.006700,0.000000
2021,2.297185,1.250496,1.262100,1.130100,1076.000000,852177104.000000,1324570160.000000,237035520.000000,1573265408.000000,0.000600,0.000000,0.000000,0.000000,0.009400,0.000000,0.013400,0.000000,0.000000,0.000000,0.004900,0.002600,0.002400,0.007000,0.000000
2022,2.298613,1.602905,1.595200,1.473400,1076.000000,852165008.000000,1324570160.000000,237035520.000000,1573265408.000000,0.001000,0.000000,0.000000,0.000000,0.011400,0.000000,0.069700,0.000000,0.000000,0.000000,0.011600,0.004100,0.006000,0.012700,0.000000
2023,2.299630,1.042000,1.051800,0.930200,1076.000000,852162392.000000,1324570160.000000,237035520.000000,1573265408.000000,0.000800,0.000000,0.000000,0.000000,0.011200,0.000000,0.012400,0.000000,0.000000,0.000000,0.004600,0.002100,0.002900,0.008100,0.000000
2024,2.300623,1.005499,1.011900,0.904900,1076.000000,852162440.000000,1324570160.000000,237035520.000000,1573265408.000000,0.000800,0.000000,0.000000,0.000000,0.011000,0.000000,0.010900,0.000000,0.000000,0.000000,0.003700,0.002500,0.002500,0.006800,0.000000
2025,2.301573,0.946499,0.946200,0.846900,1076.000000,852162896.000000,1324570160.000000,237035520.000000,1573265408.000000,0.000700,0.000000,0.000000,0.000000,0.009400,0.000000,0.010600,0.000000,0.000000,0.000000,0.003800,0.001700,0.002100,0.006200,0.000000
2026,2.302530,0.972499,0.969800,0.873500,1076.000000,852166576.000000,1324570160.000000,237035520.000000,1573265408.000000,0.000700,0.000000,0.000000,0.000000,0.008600,0.000000,0.010500,0.000000,0.000000,0.000000,0.003800,0.001900,0.002300,0.006600,0.000000
2027,2.303451,0.919204,0.917500,0.821500,1076.000000,852166616.000000,1324570160.000000,237035520.000000,1573265408.000000,0.000700,0.000000,0.000000,0.000000,0.008100,0.000000,0.010900,0.000000,0.000000,0.000000,0.003800,0.002400,0.002300,0.006300,0.000000
2028,2.304340,0.892694,0.891700,0.796900,1076.000000,852166632.000000,1324570160.000000,237035520.000000,1573265408.000000,0.000700,0.000000,0.000000,0.000000,0.008200,0.000000,0.010700,0.000000,0.000000,0.000000,0.003500,0.002400,0.002200,0.006300,0.000000
2029,2.305739,1.383107,1.369200,1.273500,1076.000000,852167192.000000,1324570160.000000,237035520.000000,1573265408.000000,0.312000,0.039900,0.011700,0.104900,0.008100,0.017400,0.010400,0.014900,0.019300,0.012200,0.003600,0.001900,0.002200,0.004500,0.000000
2030,2.306897,1.148094,1.144400,1.037700,1076.000000,852167640.000000,1324570160.000000,237035520.000000,1573265408.000000,0.000700,0.000000,0.000000,0.000000,0.011700,0.000000,0.010900,0.000000,0.000000,0.000000,0.004100,0.002900,0.002300,0.006400,0.000000
2031,2.307984,1.092304,1.085900,0.978300,1076.000000,852166816.000000,1324570160.000000,237035520.000000,1573265408.000000,0.000800,0.000000,0.000000,0.000000,0.010500,0.000000,0.011100,0.000000,0.000000,0.000000,0.004800,0.002600,0.003000,0.007100,0.000000
2032,2.308949,0.976198,0.979400,0.871200,1076.000000,852166840.000000,1324570160.000000,237035520.000000,1573265408.000000,0.000700,0.000000,0.000000,0.000000,0.010200,0.000000,0.011900,0.000000,0.000000,0.000000,0.004300,0.001800,0.002500,0.007000,0.000000
2033,2.309889,0.942602,0.942600,0.839900,1076.000000,852171280.000000,1324570160.000000,237035520.000000,1573265408.000000,0.000800,0.000000,0.000000,0.000000,0.009400,0.000000,0.011000,0.000000,0.000000,0.000000,0.004100,0.002700,0.002300,0.006700,0.000000
2034,2.310802,0.913896,0.912900,0.813500,1076.000000,852171288.000000,1324570160.000000,237035520.000000,1573265408.000000,0.000700,0.000000,0.000000,0.000000,0.008900,0.000000,0.012600,0.000000,0.000000,0.000000,0.004100,0.001900,0.002500,0.006400,0.000000
2035,2.311784,0.958305,0.951500,0.851000,1076.000000,852174984.000000,1324570160.000000,237035520.000000,1573265408.000000,0.000700,0.000000,0.000000,0.000000,0.008900,0.000000,0.011300,0.000000,0.000000,0.000000,0.003900,0.001700,0.002300,0.006400,0.000000
2036,2.313908,2.036196,1.458000,1.349700,1076.000000,852179104.000000,1324570160.000000,237035520.000000,1573265408.000000,0.000800,0.000000,0.000000,0.000000,0.009900,0.000000,0.011900,0.000000,0.000000,0.000000,0.004400,0.001900,0.002400,0.007100,0.000000
2037,2.315181,1.328302,1.887700,1.212900,1076.000000,852193520.000000,1324570160.000000,237035520.000000,1573265408.000000,0.000900,0.000000,0.000000,0.000000,0.015000,0.000000,0.057500,0.000000,0.000000,0.000000,0.005800,0.002300,0.003300,0.008500,0.000000
2038,2.316506,1.345203,1.220700,1.104300,1076.000000,852181424.000000,1324570160.000000,237035520.000000,1573265408.000000,0.000800,0.000000,0.000000,0.000000,0.012200,0.000000,0.036000,0.000000,0.000000,0.000000,0.005000,0.002100,0.003600,0.007200,0.000000
2039,2.317627,1.132299,1.261900,1.030400,1076.000000,852182976.000000,1324570160.000000,237035520.000000,1573265408.000000,0.000800,0.000000,0.000000,0.000000,0.009900,0.000000,0.011800,0.000000,0.000000,0.000000,0.004500,0.002300,0.003000,0.007500,0.000000
2040,2.318655,1.032696,1.033000,0.928300,1076.000000,852183024.000000,1324570160.000000,237035520.000000,1573265408.000000,0.000800,0.000000,0.000000,0.000000,0.010400,0.000000,0.011200,0.000000,0.000000,0.000000,0.004300,0.002100,0.002700,0.007700,0.000000
2041,2.319613,0.969905,0.969300,0.868700,1076.000000,852183480.000000,1324570160.000000,237035520.000000,1573265408.000000,0.000800,0.000000,0.000000,0.000000,0.010400,0.000000,0.011600,0.000000,0.000000,0.000000,0.004700,0.002000,0.002600,0.005800,0.000000
2042,2.320535,0.932200,0.932000,0.833900,1076.000000,852183064.000000,1324570160.000000,237035520.000000,1573265408.000000,0.000700,0.000000,0.000000,0.000000,0.009600,0.000000,0.011200,0.000000,0.000000,0.000000,0.004600,0.002000,0.002700,0.005600,0.000000
2043,2.322311,1.745096,1.401000,1.303200,1076.000000,852183336.000000,1324570160.000000,237035520.000000,1573265408.000000,0.315900,0.040000,0.011200,0.119200,0.009200,0.016500,0.010600,0.013000,0.018500,0.011800,0.003700,0.002000,0.002200,0.004800,0.000000
2044,2.323459,1.161005,1.491700,1.060100,1076.000000,852183352.000000,1324570160.000000,237035520.000000,1573265408.000000,0.000600,0.000000,0.000000,0.000000,0.012500,0.000000,0.010900,0.000000,0.000000,0.000000,0.004400,0.002000,0.002300,0.006900,0.000000
2045,2.324420,0.975900,0.975900,0.873600,1076.000000,852183760.000000,1324570160.000000,237035520.000000,1573265408.000000,0.000800,0.000000,0.000000,0.000000,0.009400,0.000000,0.011600,0.000000,0.000000,0.000000,0.004300,0.002000,0.002400,0.005600,0.000000
2046,2.325403,0.978798,0.978300,0.876800,1076.000000,852188304.000000,1324570160.000000,237035520.000000,1573265408.000000,0.000700,0.000000,0.000000,0.000000,0.008700,0.000000,0.010400,0.000000,0.000000,0.000000,0.003900,0.001700,0.002300,0.005400,0.000000
2047,2.326428,1.012500,1.004200,0.905000,1076.000000,852187280.000000,1324570160.000000,237035520.000000,1573265408.000000,0.000600,0.000000,0.000000,0.000000,0.009200,0.000000,0.010700,0.000000,0.000000,0.000000,0.004200,0.002500,0.002400,0.006600,0.000000
2048,2.327823,1.244600,1.229700,1.120300,1076.000000,852187728.000000,1324570160.000000,237035520.000000,1573265408.000000,0.000800,0.000000,0.000000,0.000000,0.009900,0.000000,0.130500,0.000000,0.000000,0.000000,0.004200,0.002000,0.002400,0.006600,0.000000
2049,2.329069,1.388095,1.388800,1.268400,1076.000000,852187752.000000,1324570160.000000,237035520.000000,1573265408.000000,0.000800,0.000000,0.000000,0.000000,0.011100,0.000000,0.053900,0.000000,0.000000,0.000000,0.007700,0.002800,0.003400,0.009400,0.000000
2050,2.330154,1.093105,1.095300,0.981900,1076.000000,852187352.000000,1324570160.000000,237035520.000000,1573265408.000000,0.000700,0.000000,0.000000,0.000000,0.010300,0.000000,0.034600,0.000000,0.000000,0.000000,0.004900,0.002400,0.002900,0.007900,0.000000
2051,2.331491,1.322796,1.290100,1.162700,1076.000000,852187376.000000,1324570160.000000,237035520.000000,1573265408.000000,0.000600,0.000000,0.000000,0.000000,0.010000,0.000000,0.036100,0.000000,0.000000,0.000000,0.004500,0.002600,0.002500,0.006800,0.000000
2052,2.332822,1.324199,1.341100,1.203500,1076.000000,852191496.000000,1324570160.000000,237035520.000000,1573265408.000000,0.000700,0.000000,0.000000,0.000000,0.010800,0.000000,0.035700,0.000000,0.000000,0.000000,0.004700,0.002100,0.002800,0.007100,0.000000
2053,2.334229,1.372704,1.369300,1.252600,1076.000000,852209976.000000,1324570160.000000,237035520.000000,1573265408.000000,0.000700,0.000000,0.000000,0.000000,0.010400,0.000000,0.047000,0.000000,0.000000,0.000000,0.004900,0.002300,0.003000,0.006900,0.000000
2054,2.336005,1.794799,1.773800,1.647100,1076.000000,852196808.000000,1324570160.000000,237035520.000000,1573265408.000000,0.000800,0.000000,0.000000,0.000000,0.011500,0.000000,0.031400,0.000000,0.000000,0.000000,0.005500,0.002600,0.003200,0.005600,0.000000
2055,2.337102,1.132703,1.154400,1.023500,1076.000000,852195264.000000,1324570160.000000,237035520.000000,1573265408.000000,0.000800,0.000000,0.000000,0.000000,0.012200,0.000000,0.011900,0.000000,0.000000,0.000000,0.005100,0.002400,0.002700,0.021400,0.000000
2056,2.338831,1.628097,1.597300,1.481500,1076.000000,852195560.000000,1324570160.000000,237035520.000000,1573265408.000000,0.312100,0.040800,0.010700,0.107200,0.009900,0.016800,0.028600,0.014200,0.019300,0.011700,0.005600,0.002100,0.002600,0.005200,0.000000
2057,2.339894,1.166298,1.196800,1.065500,1076.000000,852196016.000000,1324570160.000000,237035520.000000,1573265408.000000,0.000800,0.000000,0.000000,0.000000,0.015700,0.000000,0.086700,0.000000,0.000000,0.000000,0.006500,0.002600,0.002800,0.007300,0.000000
2058,2.340936,1.047803,1.047400,0.945000,1076.000000,852199696.000000,1324570160.000000,237035520.000000,1573265408.000000,0.000600,0.000000,0.000000,0.000000,0.009700,0.000000,0.011100,0.000000,0.000000,0.000000,0.004600,0.002600,0.002400,0.007000,0.000000
2059,2.342156,1.195897,1.187900,1.086200,1076.000000,852199720.000000,1324570160.000000,237035520.000000,1573265408.000000,0.000600,0.000000,0.000000,0.000000,0.009400,0.000000,0.011800,0.000000,0.000000,0.000000,0.004600,0.002300,0.002500,0.006900,0.000000
2060,2.343262,1.088003,1.066600,0.955400,1076.000000,852199504.000000,1324570160.000000,237035520.000000,1573265408.000000,0.000700,0.000000,0.000000,0.000000,0.010100,0.000000,0.011400,0.000000,0.000000,0.000000,0.005100,0.002500,0.002900,0.007000,0.000000
2061,2.344264,1.051899,1.073300,0.953200,1076.000000,852199944.000000,1324570160.000000,237035520.000000,1573265408.000000,0.000800,0.000000,0.000000,0.000000,0.012100,0.000000,0.012600,0.000000,0.000000,0.000000,0.004800,0.002300,0.002500,0.006500,0.000000
2062,2.345299,1.000496,0.997800,0.900300,1076.000000,852200816.000000,1324570160.000000,237035520.000000,1573265408.000000,0.000600,0.000000,0.000000,0.000000,0.009400,0.000000,0.011900,0.000000,0.000000,0.000000,0.004000,0.002400,0.002200,0.006700,0.000000
2063,2.346680,1.366702,1.094600,0.994400,1076.000000,852199568.000000,1324570160.000000,237035520.000000,1573265408.000000,0.000600,0.000000,0.000000,0.000000,0.011600,0.000000,0.012100,0.000000,0.000000,0.000000,0.004900,0.001900,0.002200,0.005700,0.000000
2064,2.348099,1.415001,1.649100,1.280500,1076.000000,852199592.000000,1324570160.000000,237035520.000000,1573265408.000000,0.000700,0.000000,0.000000,0.000000,0.010400,0.000000,0.025800,0.000000,0.000000,0.000000,0.005400,0.002900,0.002600,0.008100,0.000000
2065,2.349291,1.215101,1.229900,1.098100,1076.000000,852204136.000000,1324570160.000000,237035520.000000,1573265408.000000,0.000800,0.000000,0.000000,0.000000,0.011700,0.000000,0.125300,0.000000,0.000000,0.000000,0.005100,0.002400,0.003000,0.007900,0.000000
2066,2.350798,1.459099,1.432800,1.310600,1076.000000,852203736.000000,1324570160.000000,237035520.000000,1573265408.000000,0.000600,0.000000,0.000000,0.000000,0.010400,0.000000,0.049900,0.000000,0.000000,0.000000,0.004600,0.003100,0.002800,0.007200,0.000000
2067,2.352172,1.426800,1.450000,1.317200,1076.000000,852203760.000000,1324570160.000000,237035520.000000,1573265408.000000,0.000900,0.000000,0.000000,0.000000,0.013300,0.000000,0.028000,0.000000,0.000000,0.000000,0.007800,0.002600,0.003200,0.008500,0.000000
2068,2.353322,1.152898,1.151500,1.041400,1076.000000,852203784.000000,1324570160.000000,237035520.000000,1573265408.000000,0.000700,0.000000,0.000000,0.000000,0.010700,0.000000,0.108000,0.000000,0.000000,0.000000,0.004700,0.002800,0.003000,0.007500,0.000000
2069,2.354512,1.174001,1.175500,1.068700,1076.000000,852218168.000000,1324570160.000000,237035520.000000,1573265408.000000,0.000700,0.000000,0.000000,0.000000,0.010400,0.000000,0.025500,0.000000,0.000000,0.000000,0.005000,0.002400,0.002800,0.007700,0.000000
2070,2.355826,1.345805,1.343500,1.239000,1076.000000,852210872.000000,1324570160.000000,237035520.000000,1573265408.000000,0.312800,0.041100,0.012200,0.110100,0.009800,0.015300,0.012200,0.013000,0.018800,0.012500,0.004200,0.002100,0.002500,0.005200,0.000000
2071,2.356918,1.086295,1.084800,0.983500,1076.000000,852212352.000000,1324570160.000000,237035520.000000,1573265408.000000,0.000700,0.000000,0.000000,0.000000,0.010400,0.000000,0.038000,0.000000,0.000000,0.000000,0.004100,0.002600,0.002500,0.007000,0.000000
2072,2.357964,1.052402,1.048900,0.948400,1076.000000,852212400.000000,1324570160.000000,237035520.000000,1573265408.000000,0.000800,0.000000,0.000000,0.000000,0.009500,0.000000,0.010600,0.000000,0.000000,0.000000,0.004900,0.002000,0.002500,0.006900,0.000000
2073,2.359011,1.038499,1.032400,0.931200,1076.000000,852212856.000000,1324570160.000000,237035520.000000,1573265408.000000,0.000700,0.000000,0.000000,0.000000,0.009500,0.000000,0.037800,0.000000,0.000000,0.000000,0.004800,0.002700,0.002300,0.006700,0.000000
2074,2.359990,0.984602,0.984000,0.879900,1076.000000,852211736.000000,1324570160.000000,237035520.000000,1573265408.000000,0.000800,0.000000,0.000000,0.000000,0.010000,0.000000,0.063900,0.000000,0.000000,0.000000,0.004100,0.002900,0.002300,0.006900,0.000000
2075,2.360974,0.985799,0.983900,0.883600,1076.000000,852211776.000000,1324570160.000000,237035520.000000,1573265408.000000,0.000900,0.000000,0.000000,0.000000,0.009700,0.000000,0.010600,0.000000,0.000000,0.000000,0.004100,0.002000,0.002400,0.006700,0.000000
2076,2.362350,1.311997,1.257300,1.153100,1076.000000,852212216.000000,1324570160.000000,237035520.000000,1573265408.000000,0.000800,0.000000,0.000000,0.000000,0.010000,0.000000,0.012600,0.000000,0.000000,0.000000,0.004900,0.002800,0.002200,0.006800,0.000000
2077,2.363522,1.218899,1.259000,1.106300,1076.000000,852212232.000000,1324570160.000000,237035520.000000,1573265408.000000,0.000800,0.000000,0.000000,0.000000,0.013700,0.000000,0.025500,0.000000,0.000000,0.000000,0.004800,0.002100,0.002800,0.007600,0.000000
2078,2.364658,1.138903,1.133300,1.022000,1076.000000,852216776.000000,1324570160.000000,237035520.000000,1573265408.000000,0.000800,0.000000,0.000000,0.000000,0.009700,0.000000,0.048600,0.000000,0.000000,0.000000,0.005300,0.001900,0.002700,0.006900,0.000000
2079,2.365829,1.165398,1.172400,1.060800,1076.000000,852215952.000000,1324570160.000000,237035520.000000,1573265408.000000,0.000700,0.000000,0.000000,0.000000,0.010000,0.000000,0.045400,0.000000,0.000000,0.000000,0.004300,0.001900,0.002600,0.006900,0.000000
2080,2.367175,1.327501,1.318600,1.214600,1076.000000,852215976.000000,1324570160.000000,237035520.000000,1573265408.000000,0.000700,0.000000,0.000000,0.000000,0.009500,0.000000,0.026500,0.000000,0.000000,0.000000,0.005600,0.002000,0.002600,0.007500,0.000000
2081,2.368290,1.141397,1.139200,1.029400,1076.000000,852216424.000000,1324570160.000000,237035520.000000,1573265408.000000,0.000900,0.000000,0.000000,0.000000,0.010300,0.000000,0.025000,0.000000,0.000000,0.000000,0.006200,0.002600,0.003100,0.008500,0.000000
2082,2.369451,1.164406,1.150600,1.044100,1076.000000,852216024.000000,1324570160.000000,237035520.000000,1573265408.000000,0.000800,0.000000,0.000000,0.000000,0.010300,0.000000,0.059900,0.000000,0.000000,0.000000,0.004700,0.002700,0.002500,0.007200,0.000000
2083,2.370548,1.094494,1.107800,0.992900,1076.000000,852216048.000000,1324570160.000000,237035520.000000,1573265408.000000,0.000800,0.000000,0.000000,0.000000,0.009500,0.000000,0.058700,0.000000,0.000000,0.000000,0.004400,0.002100,0.002300,0.006600,0.000000
2084,2.372113,1.545600,1.521900,1.412100,1076.000000,852220920.000000,1324570160.000000,237035520.000000,1573265408.000000,0.320300,0.044500,0.012500,0.104600,0.009700,0.017500,0.105200,0.014200,0.019800,0.012700,0.004100,0.002100,0.002500,0.004900,0.000000
2085,2.373551,1.442602,1.417500,1.295200,1076.000000,852224528.000000,1324570160.000000,237035520.000000,1573265408.000000,0.000800,0.000000,0.000000,0.000000,0.012400,0.000000,0.044100,0.000000,0.000000,0.000000,0.004900,0.002200,0.063700,0.007300,0.000000
2086,2.374723,1.144799,1.181800,1.042500,1076.000000,852212432.000000,1324570160.000000,237035520.000000,1573265408.000000,0.000900,0.000000,0.000000,0.000000,0.010900,0.000000,0.012800,0.000000,0.000000,0.000000,0.004900,0.002200,0.002500,0.007300,0.000000
2087,2.375833,1.159106,1.159300,1.057300,1076.000000,852213912.000000,1324570160.000000,237035520.000000,1573335040.000000,0.000600,0.000000,0.000000,0.000000,0.010500,0.000000,0.099200,0.000000,0.000000,0.000000,0.004500,0.002100,0.002800,0.006800,0.000000
2088,2.376966,1.131094,1.125300,1.025300,1076.000000,852213336.000000,1324570160.000000,237035520.000000,1573335040.000000,0.000700,0.000000,0.000000,0.000000,0.009700,0.000000,0.010600,0.000000,0.000000,0.000000,0.004000,0.002100,0.002200,0.006600,0.000000
2089,2.378227,1.254705,1.246900,1.093100,1076.000000,852213792.000000,1324570160.000000,237035520.000000,1573335040.000000,0.000600,0.000000,0.000000,0.000000,0.010100,0.000000,0.011000,0.000000,0.000000,0.000000,0.004400,0.002900,0.002300,0.007000,0.000000
2090,2.379513,1.278097,1.195100,1.088500,1076.000000,852217896.000000,1324570160.000000,237035520.000000,1573335040.000000,0.000600,0.000000,0.000000,0.000000,0.009900,0.000000,0.057000,0.000000,0.000000,0.000000,0.004300,0.002000,0.002400,0.006900,0.000000
2091,2.380764,1.257001,1.312900,1.121800,1076.000000,852217512.000000,1324570160.000000,237035520.000000,1573335040.000000,0.000700,0.000000,0.000000,0.000000,0.010200,0.000000,0.039200,0.000000,0.000000,0.000000,0.004400,0.002100,0.002400,0.007300,0.000000
2092,2.381957,1.184999,1.183400,1.056900,1076.000000,852217528.000000,1324570160.000000,237035520.000000,1573335040.000000,0.000700,0.000000,0.000000,0.000000,0.010000,0.000000,0.054600,0.000000,0.000000,0.000000,0.004600,0.002200,0.002300,0.006300,0.000000
2093,2.383197,1.242198,1.255400,1.126700,1076.000000,852217968.000000,1324570160.000000,237035520.000000,1573335040.000000,0.000800,0.000000,0.000000,0.000000,0.010800,0.000000,0.032500,0.000000,0.000000,0.000000,0.004900,0.002300,0.003000,0.007300,0.000000
2094,2.384298,1.112401,1.112900,1.004200,1076.000000,852218416.000000,1324570160.000000,237035520.000000,1573335040.000000,0.000600,0.000000,0.000000,0.000000,0.010300,0.000000,0.030100,0.000000,0.000000,0.000000,0.004600,0.002200,0.002900,0.007300,0.000000
2095,2.385302,1.016305,1.021400,0.916500,1076.000000,852217592.000000,1324570160.000000,237035520.000000,1573335040.000000,0.000800,0.000000,0.000000,0.000000,0.010100,0.000000,0.068100,0.000000,0.000000,0.000000,0.004800,0.002400,0.002500,0.007100,0.000000
2096,2.386417,1.099298,1.084600,0.985700,1076.000000,852217616.000000,1324570160.000000,237035520.000000,1573335040.000000,0.000700,0.000000,0.000000,0.000000,0.009000,0.000000,0.133100,0.000000,0.000000,0.000000,0.003700,0.002000,0.002200,0.006500,0.000000
2097,2.387593,1.170897,1.160900,1.045500,1076.000000,852222160.000000,1324570160.000000,237035520.000000,1573335040.000000,0.000700,0.000000,0.000000,0.000000,0.010600,0.000000,0.011700,0.000000,0.000000,0.000000,0.004600,0.002200,0.002400,0.006800,0.000000
2098,2.389063,1.467800,1.465600,1.347200,1076.000000,852226232.000000,1324570160.000000,237035520.000000,1573335040.000000,0.396100,0.043000,0.012000,0.166000,0.010300,0.022900,0.011700,0.014000,0.019900,0.023900,0.004700,0.003100,0.002800,0.006800,0.000000
2099,2.390085,1.043304,1.054900,0.939700,1076.000000,852230352.000000,1324570160.000000,237035520.000000,1573335040.000000,0.000600,0.000000,0.000000,0.000000,0.011600,0.000000,0.011000,0.000000,0.000000,0.000000,0.004300,0.002100,0.002500,0.006300,0.000000
2100,2.391028,0.950900,0.948400,0.847600,1076.000000,852230376.000000,1324570160.000000,237035520.000000,1573335040.000000,0.000700,0.000000,0.000000,0.000000,0.009200,0.000000,0.011000,0.000000,0.000000,0.000000,0.004200,0.001800,0.002200,0.006400,0.000000
2101,2.392052,1.013194,1.011900,0.909800,1076.000000,852244904.000000,1324570160.000000,237035520.000000,1573335040.000000,0.000600,0.000000,0.000000,0.000000,0.009000,0.000000,0.011000,0.000000,0.000000,0.000000,0.004000,0.002100,0.002100,0.006200,0.000000
2102,2.393256,1.202303,0.948400,0.849600,1076.000000,852232432.000000,1324570160.000000,237035520.000000,1573335040.000000,0.000700,0.000000,0.000000,0.000000,0.009400,0.000000,0.011200,0.000000,0.000000,0.000000,0.004100,0.001800,0.002500,0.006500,0.000000
2103,2.394238,0.968502,1.220700,0.874200,1076.000000,852233912.000000,1324570160.000000,237035520.000000,1573335040.000000,0.000700,0.000000,0.000000,0.000000,0.009000,0.000000,0.011400,0.000000,0.000000,0.000000,0.004200,0.002000,0.002400,0.006600,0.000000
2104,2.395168,0.952700,0.949600,0.854600,1076.000000,852238472.000000,1324570160.000000,237035520.000000,1573335040.000000,0.000700,0.000000,0.000000,0.000000,0.008600,0.000000,0.012100,0.000000,0.000000,0.000000,0.004000,0.001900,0.002400,0.006600,0.000000
2105,2.396073,0.912302,0.910100,0.814200,1076.000000,852238512.000000,1324570160.000000,237035520.000000,1573335040.000000,0.000700,0.000000,0.000000,0.000000,0.009300,0.000000,0.011800,0.000000,0.000000,0.000000,0.003900,0.001600,0.002300,0.006400,0.000000
2106,2.397126,1.034297,1.025600,0.928100,1076.000000,852238096.000000,1324570160.000000,237035520.000000,1573335040.000000,0.000600,0.000000,0.000000,0.000000,0.008300,0.000000,0.010200,0.000000,0.000000,0.000000,0.003700,0.001800,0.002300,0.006600,0.000000
2107,2.398128,1.009503,1.009000,0.907300,1076.000000,852238136.000000,1324570160.000000,237035520.000000,1573335040.000000,0.000800,0.000000,0.000000,0.000000,0.009300,0.000000,0.010900,0.000000,0.000000,0.000000,0.004300,0.001900,0.002500,0.006600,0.000000
2108,2.399083,0.959899,0.956400,0.857400,1076.000000,852238152.000000,1324570160.000000,237035520.000000,1573335040.000000,0.000600,0.000000,0.000000,0.000000,0.009100,0.000000,0.011300,0.000000,0.000000,0.000000,0.003800,0.002400,0.002300,0.006700,0.000000
2109,2.400028,0.947697,0.944400,0.845100,1076.000000,852238592.000000,1324570160.000000,237035520.000000,1573335040.000000,0.000600,0.000000,0.000000,0.000000,0.008900,0.000000,0.010900,0.000000,0.000000,0.000000,0.003800,0.001800,0.002300,0.006100,0.000000
2110,2.400968,0.938903,0.938500,0.837300,1076.000000,852243136.000000,1324570160.000000,237035520.000000,1573335040.000000,0.000700,0.000000,0.000000,0.000000,0.009200,0.000000,0.010800,0.000000,0.000000,0.000000,0.003800,0.001800,0.002200,0.006400,0.000000
2111,2.401961,0.988095,0.982600,0.883000,1076.000000,852242312.000000,1324570160.000000,237035520.000000,1573335040.000000,0.000600,0.000000,0.000000,0.000000,0.009200,0.000000,0.011000,0.000000,0.000000,0.000000,0.003500,0.001700,0.002400,0.004600,0.000000
2112,2.402909,0.948604,0.948700,0.846500,1076.000000,852242336.000000,1324570160.000000,237035520.000000,1573335040.000000,0.000800,0.000000,0.000000,0.000000,0.008900,0.000000,0.010600,0.000000,0.000000,0.000000,0.003500,0.002500,0.002200,0.006500,0.000000
2113,2.403877,0.970196,0.969300,0.870500,1076.000000,852242784.000000,1324570160.000000,237035520.000000,1573335040.000000,0.000800,0.000000,0.000000,0.000000,0.009200,0.000000,0.011200,0.000000,0.000000,0.000000,0.003800,0.002400,0.002300,0.006600,0.000000
2114,2.405200,1.315802,1.308300,1.209700,1076.000000,852242808.000000,1324570160.000000,237035520.000000,1573335040.000000,0.326500,0.042400,0.011900,0.105800,0.008600,0.017600,0.010600,0.015100,0.019700,0.015200,0.003700,0.001900,0.002100,0.004800,0.000000
2115,2.406309,1.108397,1.108000,1.006000,1076.000000,852252536.000000,1324570160.000000,237035520.000000,1573335040.000000,0.000600,0.000000,0.000000,0.000000,0.010800,0.000000,0.011000,0.000000,0.000000,0.000000,0.003900,0.002600,0.002300,0.006300,0.000000
2116,2.407242,0.936600,0.936500,0.837000,1076.000000,852257848.000000,1324570160.000000,237035520.000000,1573335040.000000,0.000700,0.000000,0.000000,0.000000,0.008800,0.000000,0.011100,0.000000,0.000000,0.000000,0.003900,0.001600,0.002400,0.006100,0.000000
2117,2.408495,1.125801,0.972700,0.873600,1076.000000,852272288.000000,1324570160.000000,237035520.000000,1573335040.000000,0.000600,0.000000,0.000000,0.000000,0.008800,0.000000,0.010900,0.000000,0.000000,0.000000,0.003900,0.001800,0.002400,0.006300,0.000000
2118,2.409500,1.126601,1.256200,1.012500,1076.000000,852260192.000000,1324570160.000000,237035520.000000,1573335040.000000,0.000600,0.000000,0.000000,0.000000,0.009900,0.000000,0.014800,0.000000,0.000000,0.000000,0.007600,0.001900,0.003300,0.006700,0.000000
2119,2.410422,0.930400,0.945500,0.833400,1128.000000,852257152.000000,1324570160.000000,237035520.000000,1573335040.000000,0.000600,0.000000,0.000000,0.000000,0.009300,0.000000,0.012000,0.000000,0.000000,0.000000,0.003900,0.001700,0.002300,0.005900,0.000000
2120,2.411378,0.944700,0.940900,0.844200,1076.000000,852257192.000000,1324570160.000000,237035520.000000,1573335040.000000,0.000600,0.000000,0.000000,0.000000,0.008800,0.000000,0.010600,0.000000,0.000000,0.000000,0.003400,0.001700,0.002300,0.005400,0.000000
2121,2.412419,1.013499,0.958300,0.860400,1076.000000,852261752.000000,1324570160.000000,237035520.000000,1573335040.000000,0.000700,0.000000,0.000000,0.000000,0.010300,0.000000,0.011300,0.000000,0.000000,0.000000,0.003600,0.001700,0.002100,0.005500,0.000000
2122,2.413487,1.092205,1.130200,0.982000,1076.000000,852265440.000000,1324570160.000000,237035520.000000,1573335040.000000,0.000700,0.000000,0.000000,0.000000,0.010000,0.000000,0.011700,0.000000,0.000000,0.000000,0.004800,0.002100,0.002600,0.006900,0.000000
2123,2.414528,1.028997,1.036300,0.927300,1076.000000,852265472.000000,1324570160.000000,237035520.000000,1573335040.000000,0.000600,0.000000,0.000000,0.000000,0.010600,0.000000,0.011300,0.000000,0.000000,0.000000,0.004200,0.002300,0.002700,0.007000,0.000000
2124,2.415476,0.977601,0.977400,0.878500,1076.000000,852265488.000000,1324570160.000000,237035520.000000,1573335040.000000,0.000600,0.000000,0.000000,0.000000,0.009600,0.000000,0.011200,0.000000,0.000000,0.000000,0.004000,0.002000,0.002300,0.006400,0.000000
2125,2.416408,0.926098,0.923300,0.827100,1076.000000,852265928.000000,1324570160.000000,237035520.000000,1573335040.000000,0.000600,0.000000,0.000000,0.000000,0.008800,0.000000,0.011000,0.000000,0.000000,0.000000,0.003800,0.001800,0.002300,0.006100,0.000000
2126,2.417448,1.030102,1.019900,0.920400,1076.000000,852266376.000000,1324570160.000000,237035520.000000,1573335040.000000,0.000700,0.000000,0.000000,0.000000,0.009200,0.000000,0.010400,0.000000,0.000000,0.000000,0.003700,0.001700,0.002300,0.006300,0.000000
2127,2.418386,0.952898,0.956400,0.852600,1076.000000,852265552.000000,1324570160.000000,237035520.000000,1573335040.000000,0.000700,0.000000,0.000000,0.000000,0.009200,0.000000,0.010100,0.000000,0.000000,0.000000,0.003500,0.001700,0.002300,0.006400,0.000000
2128,2.419573,1.170401,1.156500,1.055700,1076.000000,852265576.000000,1324570160.000000,237035520.000000,1573335040.000000,0.000700,0.000000,0.000000,0.000000,0.008700,0.000000,0.010600,0.000000,0.000000,0.000000,0.003700,0.002400,0.002400,0.006900,0.000000
2129,2.420568,1.004904,1.011700,0.902800,1076.000000,852270120.000000,1324570160.000000,237035520.000000,1573335040.000000,0.000700,0.000000,0.000000,0.000000,0.010000,0.000000,0.012000,0.000000,0.000000,0.000000,0.004300,0.002400,0.002500,0.007100,0.000000
2130,2.421995,1.409495,1.399700,1.297700,1076.000000,852271912.000000,1324570160.000000,237035520.000000,1573335040.000000,0.347800,0.042600,0.012800,0.118900,0.009300,0.018300,0.010300,0.019100,0.025100,0.015200,0.004000,0.002100,0.002300,0.004900,0.000000
2131,2.423008,1.017404,1.014900,0.906900,1076.000000,852271936.000000,1324570160.000000,237035520.000000,1573335040.000000,0.000800,0.000000,0.000000,0.000000,0.011800,0.000000,0.011700,0.000000,0.000000,0.000000,0.004900,0.002200,0.002600,0.007600,0.000000
2132,2.423985,0.986997,0.987600,0.882200,1076.000000,852272384.000000,1324570160.000000,237035520.000000,1573335040.000000,0.000700,0.000000,0.000000,0.000000,0.010400,0.000000,0.013000,0.000000,0.000000,0.000000,0.004400,0.001900,0.002500,0.006800,0.000000
2133,2.424996,1.011600,1.008900,0.907200,1076.000000,852286344.000000,1324570160.000000,237035520.000000,1573335040.000000,0.000700,0.000000,0.000000,0.000000,0.010100,0.000000,0.012400,0.000000,0.000000,0.000000,0.003700,0.002100,0.002400,0.006500,0.000000
2134,2.425947,0.952997,0.955100,0.853900,1076.000000,852272056.000000,1324570160.000000,237035520.000000,1573335040.000000,0.000600,0.000000,0.000000,0.000000,0.009700,0.000000,0.012200,0.000000,0.000000,0.000000,0.004000,0.001800,0.002400,0.006300,0.000000
2135,2.426908,0.968403,0.966100,0.868900,1076.000000,852273536.000000,1324570160.000000,237035520.000000,1573335040.000000,0.000700,0.000000,0.000000,0.000000,0.009600,0.000000,0.011000,0.000000,0.000000,0.000000,0.003800,0.001700,0.002400,0.006300,0.000000
2136,2.427840,0.938003,0.935800,0.839700,1076.000000,852273576.000000,1324570160.000000,237035520.000000,1573335040.000000,0.000600,0.000000,0.000000,0.000000,0.008700,0.000000,0.010500,0.000000,0.000000,0.000000,0.003800,0.001800,0.002200,0.006100,0.000000
2137,2.428887,1.020897,0.920300,0.824900,1076.000000,852274040.000000,1324570160.000000,237035520.000000,1573335040.000000,0.000700,0.000000,0.000000,0.000000,0.008700,0.000000,0.011100,0.000000,0.000000,0.000000,0.004000,0.002600,0.002300,0.006200,0.000000
2138,2.430000,1.113698,1.201400,1.010700,1076.000000,852277728.000000,1324570160.000000,237035520.000000,1573335040.000000,0.000700,0.000000,0.000000,0.000000,0.010200,0.000000,0.049200,0.000000,0.000000,0.000000,0.004400,0.002000,0.002100,0.006700,0.000000
2139,2.430986,1.002601,1.002700,0.899600,1076.000000,852277760.000000,1324570160.000000,237035520.000000,1573335040.000000,0.000700,0.000000,0.000000,0.000000,0.010100,0.000000,0.011800,0.000000,0.000000,0.000000,0.004700,0.001900,0.002300,0.006700,0.000000
2140,2.432210,1.180102,1.150000,1.045700,1076.000000,852277776.000000,1324570160.000000,237035520.000000,1573335040.000000,0.000600,0.000000,0.000000,0.000000,0.009400,0.000000,0.087000,0.000000,0.000000,0.000000,0.004700,0.002500,0.002400,0.006600,0.000000
2141,2.433588,1.381803,1.369600,1.234600,1076.000000,852278216.000000,1324570160.000000,237035520.000000,1573335040.000000,0.000900,0.000000,0.000000,0.000000,0.011100,0.000000,0.141200,0.000000,0.000000,0.000000,0.004900,0.002300,0.002800,0.006400,0.000000
2142,2.434698,1.117999,1.145000,1.010900,1076.000000,852282760.000000,1324570160.000000,237035520.000000,1573335040.000000,0.000700,0.000000,0.000000,0.000000,0.010700,0.000000,0.059000,0.000000,0.000000,0.000000,0.004800,0.002000,0.003100,0.007000,0.000000
2143,2.435722,1.054500,1.058800,0.952600,1076.000000,852281936.000000,1324570160.000000,237035520.000000,1573335040.000000,0.000700,0.000000,0.000000,0.000000,0.009400,0.000000,0.034500,0.000000,0.000000,0.000000,0.004400,0.001800,0.002700,0.006600,0.000000
2144,2.436804,1.069196,1.060500,0.959900,1076.000000,852281960.000000,1324570160.000000,237035520.000000,1573335040.000000,0.000600,0.000000,0.000000,0.000000,0.009200,0.000000,0.038300,0.000000,0.000000,0.000000,0.004200,0.002400,0.002700,0.006700,0.000000
2145,2.437898,1.095599,1.090200,0.984000,1076.000000,852282408.000000,1324570160.000000,237035520.000000,1573335040.000000,0.000600,0.000000,0.000000,0.000000,0.009800,0.000000,0.030800,0.000000,0.000000,0.000000,0.004500,0.002900,0.002700,0.007100,0.000000
2146,2.439644,1.704301,1.692200,1.582600,1076.000000,852271720.000000,1324570160.000000,237035520.000000,1573335040.000000,0.310200,0.041900,0.012900,0.104000,0.009700,0.017600,0.012600,0.014200,0.019700,0.012400,0.004600,0.002000,0.002800,0.005300,0.000000
2147,2.440799,1.186798,1.193700,1.079000,1076.000000,852271320.000000,1324570160.000000,237035520.000000,1573335040.000000,0.000600,0.000000,0.000000,0.000000,0.016000,0.000000,0.013000,0.000000,0.000000,0.000000,0.005300,0.001800,0.003200,0.006700,0.000000
2148,2.442025,1.235502,1.230400,1.122800,1076.000000,852275440.000000,1324570160.000000,237035520.000000,1573335040.000000,0.000700,0.000000,0.000000,0.000000,0.010600,0.000000,0.028300,0.000000,0.000000,0.000000,0.004900,0.002700,0.002500,0.007400,0.000000
2149,2.443331,1.304500,1.304400,1.196500,1076.000000,852299576.000000,1324570160.000000,237035520.000000,1573335040.000000,0.000500,0.000000,0.000000,0.000000,0.009400,0.000000,0.108000,0.000000,0.000000,0.000000,0.004600,0.002100,0.002700,0.005600,0.000000
2150,2.444378,1.050099,1.044000,0.938500,1076.000000,852288432.000000,1324570160.000000,237035520.000000,1573335040.000000,0.000700,0.000000,0.000000,0.000000,0.009800,0.000000,0.012300,0.000000,0.000000,0.000000,0.004900,0.002700,0.002400,0.007500,0.000000
2151,2.445426,1.049702,1.053200,0.946300,1076.000000,852285816.000000,1324570160.000000,237035520.000000,1573335040.000000,0.000700,0.000000,0.000000,0.000000,0.010100,0.000000,0.023100,0.000000,0.000000,0.000000,0.004700,0.002500,0.002700,0.006900,0.000000
2152,2.446487,1.011997,1.006100,0.904500,1076.000000,852285856.000000,1324570160.000000,237035520.000000,1573335040.000000,0.000700,0.000000,0.000000,0.000000,0.009700,0.000000,0.024300,0.000000,0.000000,0.000000,0.004100,0.001900,0.002400,0.006500,0.000000
2153,2.447877,1.403203,1.386400,1.275800,1076.000000,852286320.000000,1324570160.000000,237035520.000000,1573335040.000000,0.000700,0.000000,0.000000,0.000000,0.012300,0.000000,0.044400,0.000000,0.000000,0.000000,0.005800,0.002800,0.002300,0.007500,0.000000
2154,2.448998,1.093098,1.097700,0.979700,1076.000000,852290008.000000,1324570160.000000,237035520.000000,1573400576.000000,0.000700,0.000000,0.000000,0.000000,0.010700,0.000000,0.035200,0.000000,0.000000,0.000000,0.004300,0.002100,0.002900,0.008200,0.000000
2155,2.450259,1.317404,1.313600,1.200800,1076.000000,852294136.000000,1324570160.000000,237035520.000000,1573400576.000000,0.000700,0.000000,0.000000,0.000000,0.011400,0.000000,0.127400,0.000000,0.000000,0.000000,0.005900,0.002400,0.003000,0.008000,0.000000
2156,2.451320,1.055102,1.056700,0.945200,1076.000000,852294152.000000,1324570160.000000,237035520.000000,1573400576.000000,0.000600,0.000000,0.000000,0.000000,0.010000,0.000000,0.059900,0.000000,0.000000,0.000000,0.004200,0.002600,0.002400,0.007000,0.000000
2157,2.452400,1.011699,1.005000,0.900000,1076.000000,852294592.000000,1324570160.000000,237035520.000000,1573400576.000000,0.000700,0.000000,0.000000,0.000000,0.009700,0.000000,0.011800,0.000000,0.000000,0.000000,0.005400,0.002600,0.002600,0.007200,0.000000
2158,2.453444,1.121499,1.125300,1.017900,1076.000000,852295040.000000,1324570160.000000,237035520.000000,1573400576.000000,0.000800,0.000000,0.000000,0.000000,0.009300,0.000000,0.010100,0.000000,0.000000,0.000000,0.006200,0.002000,0.002500,0.006600,0.000000
2159,2.454554,1.100801,1.097700,0.995000,1076.000000,852294216.000000,1324570160.000000,237035520.000000,1573400576.000000,0.000700,0.000000,0.000000,0.000000,0.009800,0.000000,0.011700,0.000000,0.000000,0.000000,0.004200,0.002000,0.002300,0.006400,0.000000
2160,2.456038,1.432100,1.425700,1.318400,1076.000000,852295288.000000,1324570160.000000,237035520.000000,1573400576.000000,0.338500,0.042000,0.012300,0.124300,0.009100,0.020000,0.012000,0.014300,0.019900,0.013000,0.004200,0.002000,0.002300,0.004900,0.000000
2161,2.457118,1.137996,1.135300,1.027800,1076.000000,852299408.000000,1324570160.000000,237035520.000000,1573400576.000000,0.000800,0.000000,0.000000,0.000000,0.015500,0.000000,0.014100,0.000000,0.000000,0.000000,0.005300,0.002700,0.002400,0.007500,0.000000
2162,2.458152,1.043204,1.041400,0.934800,1076.000000,852299032.000000,1324570160.000000,237035520.000000,1573400576.000000,0.000700,0.000000,0.000000,0.000000,0.010000,0.000000,0.037300,0.000000,0.000000,0.000000,0.004800,0.002600,0.002300,0.007000,0.000000
2163,2.459222,1.063095,1.063400,0.957700,1076.000000,852303128.000000,1324570160.000000,237035520.000000,1573400576.000000,0.000600,0.000000,0.000000,0.000000,0.010000,0.000000,0.032500,0.000000,0.000000,0.000000,0.004400,0.002400,0.002400,0.007100,0.000000
2164,2.460279,1.055804,1.049800,0.945800,1076.000000,852302528.000000,1324570160.000000,237035520.000000,1573400576.000000,0.000700,0.000000,0.000000,0.000000,0.010600,0.000000,0.012600,0.000000,0.000000,0.000000,0.004800,0.001900,0.002400,0.006700,0.000000
2165,2.461398,1.107299,1.102800,0.997700,1076.000000,852316912.000000,1324570160.000000,237035520.000000,1573400576.000000,0.000700,0.000000,0.000000,0.000000,0.010100,0.000000,0.031700,0.000000,0.000000,0.000000,0.004600,0.003000,0.002500,0.006900,0.000000
2166,2.462563,1.184099,1.186000,1.078100,1076.000000,852304816.000000,1324570160.000000,237035520.000000,1573400576.000000,0.000600,0.000000,0.000000,0.000000,0.010900,0.000000,0.011100,0.000000,0.000000,0.000000,0.004400,0.002100,0.002000,0.006400,0.000000
2167,2.463641,1.076800,1.071300,0.968600,1076.000000,852306296.000000,1324570160.000000,237035520.000000,1573400576.000000,0.000600,0.000000,0.000000,0.000000,0.009300,0.000000,0.011500,0.000000,0.000000,0.000000,0.004100,0.001800,0.002400,0.006400,0.000000
2168,2.464876,1.176800,1.143200,1.031900,1076.000000,852306336.000000,1324570160.000000,237035520.000000,1573400576.000000,0.000700,0.000000,0.000000,0.000000,0.010000,0.000000,0.037700,0.000000,0.000000,0.000000,0.004500,0.002800,0.002500,0.007100,0.000000
2169,2.465917,1.098299,1.127300,0.998400,1076.000000,852306800.000000,1324570160.000000,237035520.000000,1573400576.000000,0.000800,0.000000,0.000000,0.000000,0.012900,0.000000,0.023500,0.000000,0.000000,0.000000,0.006000,0.002600,0.002600,0.007600,0.000000
2170,2.467107,1.170004,1.160100,1.054600,1076.000000,852306392.000000,1324570160.000000,237035520.000000,1573400576.000000,0.000800,0.000000,0.000000,0.000000,0.009900,0.000000,0.011300,0.000000,0.000000,0.000000,0.004500,0.002900,0.002300,0.010600,0.000000
2171,2.468202,1.097995,1.093000,0.979400,1076.000000,852306424.000000,1324570160.000000,237035520.000000,1573400576.000000,0.000800,0.000000,0.000000,0.000000,0.010600,0.000000,0.011500,0.000000,0.000000,0.000000,0.004900,0.002100,0.002500,0.005300,0.000000
2172,2.469464,1.258900,1.237900,1.119300,1076.000000,852310536.000000,1324570160.000000,237035520.000000,1573400576.000000,0.000800,0.000000,0.000000,0.000000,0.010700,0.000000,0.077800,0.000000,0.000000,0.000000,0.004800,0.002300,0.002600,0.007100,0.000000
2173,2.470696,1.247399,1.240100,1.114500,1076.000000,852310976.000000,1324570160.000000,237035520.000000,1573400576.000000,0.000700,0.000000,0.000000,0.000000,0.013000,0.000000,0.043100,0.000000,0.000000,0.000000,0.004300,0.001900,0.002500,0.006800,0.000000
2174,2.472214,1.498902,1.511000,1.376100,1076.000000,852316232.000000,1324570160.000000,237035520.000000,1573400576.000000,0.316800,0.043300,0.011600,0.107500,0.010000,0.017100,0.012700,0.013700,0.018700,0.012500,0.004300,0.002100,0.002300,0.005300,0.000000
2175,2.474018,1.639605,1.228500,1.103400,1076.000000,852314984.000000,1324570160.000000,237035520.000000,1573400576.000000,0.000700,0.000000,0.000000,0.000000,0.012400,0.000000,0.040900,0.000000,0.000000,0.000000,0.005000,0.002300,0.002800,0.006200,0.000000
2176,2.475180,1.351899,1.769900,1.307500,1076.000000,852315008.000000,1324570160.000000,237035520.000000,1573400576.000000,0.000700,0.000000,0.000000,0.000000,0.012600,0.000000,0.041100,0.000000,0.000000,0.000000,0.005400,0.002100,0.003100,0.008300,0.000000
2177,2.476366,1.128501,1.099300,0.985700,1076.000000,852315456.000000,1324570160.000000,237035520.000000,1573400576.000000,0.000800,0.000000,0.000000,0.000000,0.009600,0.000000,0.088400,0.000000,0.000000,0.000000,0.004000,0.002000,0.002600,0.006900,0.000000
2178,2.477409,1.088095,1.111800,0.984600,1076.000000,852314832.000000,1324570160.000000,237035520.000000,1573400576.000000,0.000700,0.000000,0.000000,0.000000,0.012300,0.000000,0.027800,0.000000,0.000000,0.000000,0.005900,0.002600,0.002700,0.007200,0.000000
2179,2.478450,1.046599,1.044600,0.940400,1076.000000,852314832.000000,1324570160.000000,237035520.000000,1573400576.000000,0.000700,0.000000,0.000000,0.000000,0.010800,0.000000,0.011000,0.000000,0.000000,0.000000,0.004800,0.002000,0.002700,0.006500,0.000000
2180,2.479455,1.021301,1.020300,0.918000,1076.000000,852318952.000000,1324570160.000000,237035520.000000,1573400576.000000,0.000800,0.000000,0.000000,0.000000,0.009800,0.000000,0.101400,0.000000,0.000000,0.000000,0.004300,0.002500,0.002500,0.007000,0.000000
2181,2.480520,1.061798,1.060400,0.960300,1076.000000,852333336.000000,1324570160.000000,237035520.000000,1573400576.000000,0.000600,0.000000,0.000000,0.000000,0.009300,0.000000,0.010800,0.000000,0.000000,0.000000,0.004200,0.001700,0.002300,0.006100,0.000000
2182,2.481870,1.329904,0.968700,0.870500,1076.000000,852321240.000000,1324570160.000000,237035520.000000,1573400576.000000,0.000700,0.000000,0.000000,0.000000,0.009600,0.000000,0.012400,0.000000,0.000000,0.000000,0.004000,0.001800,0.002100,0.006400,0.000000
2183,2.483037,1.185502,1.519800,1.062800,1076.000000,852322720.000000,1324570160.000000,237035520.000000,1573400576.000000,0.000700,0.000000,0.000000,0.000000,0.010500,0.000000,0.037600,0.000000,0.000000,0.000000,0.004600,0.001900,0.002700,0.007000,0.000000
2184,2.484085,1.035799,1.046900,0.924800,1076.000000,852322760.000000,1324570160.000000,237035520.000000,1573400576.000000,0.000700,0.000000,0.000000,0.000000,0.009800,0.000000,0.048400,0.000000,0.000000,0.000000,0.004300,0.002900,0.002500,0.007000,0.000000
2185,2.485094,1.025801,1.030700,0.925500,1076.000000,852323224.000000,1324570160.000000,237035520.000000,1573400576.000000,0.000700,0.000000,0.000000,0.000000,0.009800,0.000000,0.093700,0.000000,0.000000,0.000000,0.004400,0.001900,0.002400,0.006400,0.000000
2186,2.486225,1.124199,1.114700,1.015900,1076.000000,852326912.000000,1324570160.000000,237035520.000000,1573400576.000000,0.000600,0.000000,0.000000,0.000000,0.009300,0.000000,0.058300,0.000000,0.000000,0.000000,0.003800,0.002500,0.002200,0.006200,0.000000
2187,2.487347,1.111097,1.112500,1.006400,1076.000000,852327192.000000,1324570160.000000,237035520.000000,1573400576.000000,0.000700,0.000000,0.000000,0.000000,0.008900,0.000000,0.031700,0.000000,0.000000,0.000000,0.004800,0.002400,0.002400,0.006600,0.000000
2188,2.488881,1.506803,1.488300,1.381200,1076.000000,852328616.000000,1324570160.000000,237035520.000000,1573400576.000000,0.400100,0.041800,0.012100,0.171600,0.010500,0.024400,0.015000,0.014600,0.020200,0.024500,0.003900,0.002500,0.002300,0.006100,0.000000
2189,2.489903,1.052501,1.060800,0.944600,1076.000000,852332744.000000,1324570160.000000,237035520.000000,1573400576.000000,0.000700,0.000000,0.000000,0.000000,0.012700,0.000000,0.013900,0.000000,0.000000,0.000000,0.004500,0.002300,0.002800,0.007000,0.000000
2190,2.490886,0.996698,1.001500,0.897900,1076.000000,852333224.000000,1324570160.000000,237035520.000000,1573400576.000000,0.000600,0.000000,0.000000,0.000000,0.009800,0.000000,0.011700,0.000000,0.000000,0.000000,0.004100,0.001900,0.002300,0.006300,0.000000
2191,2.491998,1.056696,1.023100,0.919200,1076.000000,852332408.000000,1324570160.000000,237035520.000000,1573400576.000000,0.000700,0.000000,0.000000,0.000000,0.009000,0.000000,0.010800,0.000000,0.000000,0.000000,0.003400,0.001800,0.002300,0.006100,0.000000
2192,2.493118,1.164902,1.178200,1.050300,1076.000000,852331736.000000,1324570160.000000,237035520.000000,1573400576.000000,0.000700,0.000000,0.000000,0.000000,0.012900,0.000000,0.011700,0.000000,0.000000,0.000000,0.004600,0.002100,0.002700,0.011100,0.000000
2193,2.494147,1.017800,1.025300,0.915100,1076.000000,852336344.000000,1324570160.000000,237035520.000000,1573400576.000000,0.002400,0.000000,0.000000,0.000000,0.009400,0.000000,0.012700,0.000000,0.000000,0.000000,0.007300,0.001900,0.002600,0.010400,0.000000
2194,2.495114,0.986203,0.984500,0.884900,1076.000000,852335984.000000,1324570160.000000,237035520.000000,1573400576.000000,0.000700,0.000000,0.000000,0.000000,0.009100,0.000000,0.010900,0.000000,0.000000,0.000000,0.003900,0.001800,0.002700,0.006600,0.000000
2195,2.496170,1.029996,0.975600,0.876900,1076.000000,852336000.000000,1324570160.000000,237035520.000000,1573400576.000000,0.000700,0.000000,0.000000,0.000000,0.008900,0.000000,0.011100,0.000000,0.000000,0.000000,0.003500,0.001800,0.002400,0.006500,0.000000
2196,2.498058,1.849504,1.114000,0.964900,1076.000000,852336032.000000,1324570160.000000,237035520.000000,1573400576.000000,0.000600,0.000000,0.000000,0.000000,0.010700,0.000000,0.012300,0.000000,0.000000,0.000000,0.004900,0.002100,0.002600,0.007000,0.000000
2197,2.500032,1.769501,2.422000,1.539400,1076.000000,852354080.000000,1324570160.000000,237035520.000000,1573400576.000000,0.000800,0.000000,0.000000,0.000000,0.013000,0.000000,0.012600,0.000000,0.000000,0.000000,0.005500,0.002200,0.003400,0.007800,0.000000
2198,2.501240,1.434800,1.542300,1.360200,1076.000000,852341984.000000,1324570160.000000,237035520.000000,1573400576.000000,0.000800,0.000000,0.000000,0.000000,0.012200,0.000000,0.015300,0.000000,0.000000,0.000000,0.009400,0.002600,0.004200,0.008800,0.000000
2199,2.502267,1.067396,1.078000,0.961000,1076.000000,852343464.000000,1324570160.000000,237035520.000000,1573400576.000000,0.000900,0.000000,0.000000,0.000000,0.010700,0.000000,0.012000,0.000000,0.000000,0.000000,0.005000,0.002600,0.003100,0.007000,0.000000
2200,2.503260,0.999603,1.001900,0.899800,1076.000000,852343504.000000,1324570160.000000,237035520.000000,1573400576.000000,0.000700,0.000000,0.000000,0.000000,0.009500,0.000000,0.012600,0.000000,0.000000,0.000000,0.004400,0.002400,0.002600,0.007300,0.000000
2201,2.504186,0.933000,0.930400,0.832900,1076.000000,852343952.000000,1324570160.000000,237035520.000000,1573400576.000000,0.000600,0.000000,0.000000,0.000000,0.008500,0.000000,0.010600,0.000000,0.000000,0.000000,0.004500,0.001700,0.002400,0.006100,0.000000
2202,2.505453,1.248299,1.248000,1.151300,1076.000000,852344312.000000,1324570160.000000,237035520.000000,1573400576.000000,0.312900,0.040900,0.012500,0.105400,0.008800,0.017100,0.011800,0.014400,0.019600,0.012800,0.003700,0.001700,0.002200,0.004500,0.000000
2203,2.506426,0.983496,0.976800,0.880900,1076.000000,852343920.000000,1324570160.000000,237035520.000000,1573400576.000000,0.000800,0.000000,0.000000,0.000000,0.009800,0.000000,0.011000,0.000000,0.000000,0.000000,0.004200,0.001700,0.002300,0.006200,0.000000
2204,2.507588,1.149100,1.137600,1.036200,1076.000000,852343936.000000,1324570160.000000,237035520.000000,1573400576.000000,0.000600,0.000000,0.000000,0.000000,0.009400,0.000000,0.010700,0.000000,0.000000,0.000000,0.004100,0.002400,0.002100,0.006700,0.000000
2205,2.508547,0.962599,0.964900,0.857200,1076.000000,852344376.000000,1324570160.000000,237035520.000000,1573400576.000000,0.000800,0.000000,0.000000,0.000000,0.010300,0.000000,0.012600,0.000000,0.000000,0.000000,0.004400,0.002700,0.002600,0.007200,0.000000
2206,2.509568,1.022201,1.020700,0.917600,1076.000000,852352688.000000,1324570160.000000,237035520.000000,1573400576.000000,0.000800,0.000000,0.000000,0.000000,0.009300,0.000000,0.024300,0.000000,0.000000,0.000000,0.004100,0.001900,0.002300,0.006700,0.000000
2207,2.510718,1.108900,1.081900,0.975000,1076.000000,852351864.000000,1324570160.000000,237035520.000000,1573400576.000000,0.000800,0.000000,0.000000,0.000000,0.009800,0.000000,0.011300,0.000000,0.000000,0.000000,0.004500,0.002600,0.002400,0.006900,0.000000
2208,2.511894,1.202799,1.218800,1.095000,1076.000000,852351888.000000,1324570160.000000,237035520.000000,1573400576.000000,0.000600,0.000000,0.000000,0.000000,0.011500,0.000000,0.013000,0.000000,0.000000,0.000000,0.006300,0.002300,0.002400,0.007000,0.000000
2209,2.513245,1.140398,1.130400,1.019200,1076.000000,852352336.000000,1324570160.000000,237035520.000000,1573400576.000000,0.000700,0.000000,0.000000,0.000000,0.009800,0.000000,0.011800,0.000000,0.000000,0.000000,0.004400,0.002000,0.002700,0.006700,0.000000
2210,2.514384,1.326205,1.326100,1.212100,1076.000000,852351936.000000,1324570160.000000,237035520.000000,1573400576.000000,0.000600,0.000000,0.000000,0.000000,0.011500,0.000000,0.012900,0.000000,0.000000,0.000000,0.009000,0.002600,0.003900,0.008000,0.000000
2211,2.515662,1.307901,1.302300,1.192100,1076.000000,852351960.000000,1324570160.000000,237035520.000000,1573400576.000000,0.000700,0.000000,0.000000,0.000000,0.011000,0.000000,0.011400,0.000000,0.000000,0.000000,0.004500,0.002100,0.002700,0.007200,0.000000
2212,2.516762,1.100900,1.105100,0.989600,1076.000000,852356080.000000,1324570160.000000,237035520.000000,1573400576.000000,0.000600,0.000000,0.000000,0.000000,0.010300,0.000000,0.011300,0.000000,0.000000,0.000000,0.004500,0.002500,0.002500,0.007000,0.000000
2213,2.517771,1.016397,1.015100,0.910100,1076.000000,852370464.000000,1324570160.000000,237035520.000000,1573400576.000000,0.000800,0.000000,0.000000,0.000000,0.010300,0.000000,0.011200,0.000000,0.000000,0.000000,0.004300,0.001900,0.002300,0.006400,0.000000
2214,2.518723,0.954401,0.952500,0.849100,1076.000000,852358368.000000,1324570160.000000,237035520.000000,1573400576.000000,0.000700,0.000000,0.000000,0.000000,0.009400,0.000000,0.012200,0.000000,0.000000,0.000000,0.004100,0.002000,0.002400,0.006400,0.000000
2215,2.519703,0.987500,0.987600,0.884900,1076.000000,852355752.000000,1324570160.000000,237035520.000000,1573400576.000000,0.000700,0.000000,0.000000,0.000000,0.009200,0.000000,0.011900,0.000000,0.000000,0.000000,0.003700,0.001800,0.002500,0.006400,0.000000
2216,2.520616,0.917000,0.916300,0.817000,1076.000000,852355792.000000,1324570160.000000,237035520.000000,1573400576.000000,0.000700,0.000000,0.000000,0.000000,0.008800,0.000000,0.010500,0.000000,0.000000,0.000000,0.003700,0.002300,0.002600,0.006500,0.000000
2217,2.522099,1.446797,1.374700,1.275700,1076.000000,852357040.000000,1324570160.000000,237035520.000000,1573400576.000000,0.392200,0.038500,0.012000,0.181500,0.009000,0.020000,0.010200,0.014200,0.021100,0.016500,0.003500,0.002100,0.002300,0.004900,0.000000
2218,2.523051,0.984602,1.048900,0.884500,1076.000000,852360744.000000,1324570160.000000,237035520.000000,1573466112.000000,0.000600,0.000000,0.000000,0.000000,0.011300,0.000000,0.010300,0.000000,0.000000,0.000000,0.004300,0.001900,0.002600,0.006800,0.000000
2219,2.524037,0.967000,0.920100,0.821900,1076.000000,852360776.000000,1324570160.000000,237035520.000000,1573466112.000000,0.000600,0.000000,0.000000,0.000000,0.009000,0.000000,0.009900,0.000000,0.000000,0.000000,0.003700,0.002600,0.002400,0.006400,0.000000
2220,2.525000,0.978005,1.020600,0.880300,1076.000000,852360792.000000,1324570160.000000,237035520.000000,1573466112.000000,0.000700,0.000000,0.000000,0.000000,0.010300,0.000000,0.010900,0.000000,0.000000,0.000000,0.004300,0.001900,0.002200,0.006300,0.000000
2221,2.525957,0.956696,0.953600,0.855700,1076.000000,852360432.000000,1324570160.000000,237035520.000000,1573466112.000000,0.000700,0.000000,0.000000,0.000000,0.009000,0.000000,0.010800,0.000000,0.000000,0.000000,0.004200,0.002700,0.002200,0.006300,0.000000
2222,2.527204,1.107497,0.986300,0.886600,1076.000000,852360880.000000,1324570160.000000,237035520.000000,1573466112.000000,0.000600,0.000000,0.000000,0.000000,0.009500,0.000000,0.010500,0.000000,0.000000,0.000000,0.004000,0.001800,0.002200,0.006300,0.000000
2223,2.528564,1.423703,1.497900,1.282300,1076.000000,852364152.000000,1324570160.000000,237035520.000000,1573466112.000000,0.000800,0.000000,0.000000,0.000000,0.017900,0.000000,0.030100,0.000000,0.000000,0.000000,0.008000,0.002400,0.003100,0.008500,0.000000
2224,2.530004,1.478600,1.290200,1.147100,1076.000000,852364176.000000,1324570160.000000,237035520.000000,1573466112.000000,0.000700,0.000000,0.000000,0.000000,0.014000,0.000000,0.013200,0.000000,0.000000,0.000000,0.005300,0.002700,0.002800,0.007500,0.000000
2225,2.531358,1.332703,1.540300,1.220000,1076.000000,852368720.000000,1324570160.000000,237035520.000000,1573466112.000000,0.000800,0.000000,0.000000,0.000000,0.013300,0.000000,0.011500,0.000000,0.000000,0.000000,0.005000,0.002400,0.002700,0.006900,0.000000
2226,2.532531,1.209999,1.192200,1.015300,1076.000000,852368320.000000,1324570160.000000,237035520.000000,1573466112.000000,0.000900,0.000000,0.000000,0.000000,0.010200,0.000000,0.011600,0.000000,0.000000,0.000000,0.005300,0.002200,0.003300,0.006800,0.000000
2227,2.533945,1.321797,1.320700,1.193700,1076.000000,852361616.000000,1324570160.000000,237035520.000000,1573466112.000000,0.000600,0.000000,0.000000,0.000000,0.010400,0.000000,0.011300,0.000000,0.000000,0.000000,0.004600,0.002100,0.003400,0.006800,0.000000
2228,2.534937,1.103203,1.119300,0.993400,1076.000000,852361640.000000,1324570160.000000,237035520.000000,1573466112.000000,0.000800,0.000000,0.000000,0.000000,0.010400,0.000000,0.011600,0.000000,0.000000,0.000000,0.006300,0.002200,0.003600,0.005400,0.000000
2229,2.535870,0.937302,0.940900,0.836600,1076.000000,852376024.000000,1324570160.000000,237035520.000000,1573466112.000000,0.000700,0.000000,0.000000,0.000000,0.009600,0.000000,0.010800,0.000000,0.000000,0.000000,0.004500,0.002000,0.002500,0.006700,0.000000
2230,2.536880,1.003798,1.002400,0.903200,1076.000000,852363928.000000,1324570160.000000,237035520.000000,1573466112.000000,0.000600,0.000000,0.000000,0.000000,0.008800,0.000000,0.012200,0.000000,0.000000,0.000000,0.003900,0.001900,0.002500,0.006300,0.000000
2231,2.537878,0.989399,0.981600,0.882500,1076.000000,852365408.000000,1324570160.000000,237035520.000000,1573466112.000000,0.000600,0.000000,0.000000,0.000000,0.009300,0.000000,0.010700,0.000000,0.000000,0.000000,0.004200,0.001900,0.002500,0.006700,0.000000
2232,2.539252,1.322499,1.314800,1.211700,1076.000000,852366296.000000,1324570160.000000,237035520.000000,1573466112.000000,0.324200,0.044500,0.012500,0.105900,0.010100,0.017500,0.010900,0.014400,0.020300,0.012600,0.004100,0.002100,0.002400,0.005400,0.000000
2233,2.540160,0.979301,0.988400,0.884100,1076.000000,852366744.000000,1324570160.000000,237035520.000000,1573466112.000000,0.000700,0.000000,0.000000,0.000000,0.010300,0.000000,0.011300,0.000000,0.000000,0.000000,0.005400,0.001900,0.002600,0.007000,0.000000
2234,2.541049,0.891397,0.888900,0.794700,1076.000000,852366352.000000,1324570160.000000,237035520.000000,1573466112.000000,0.000800,0.000000,0.000000,0.000000,0.008500,0.000000,0.010100,0.000000,0.000000,0.000000,0.004000,0.001900,0.002600,0.006400,0.000000
2235,2.541956,0.902402,0.899800,0.805300,1076.000000,852366384.000000,1324570160.000000,237035520.000000,1573466112.000000,0.000600,0.000000,0.000000,0.000000,0.008700,0.000000,0.010000,0.000000,0.000000,0.000000,0.003700,0.001800,0.002300,0.006200,0.000000
2236,2.542868,0.915101,0.910000,0.815800,1076.000000,852365552.000000,1324570160.000000,237035520.000000,1573466112.000000,0.000600,0.000000,0.000000,0.000000,0.008800,0.000000,0.010300,0.000000,0.000000,0.000000,0.003700,0.001800,0.002300,0.006000,0.000000
2237,2.543791,0.914201,0.904000,0.807000,1076.000000,852365992.000000,1324570160.000000,237035520.000000,1573466112.000000,0.000700,0.000000,0.000000,0.000000,0.009300,0.000000,0.010800,0.000000,0.000000,0.000000,0.003300,0.002100,0.002400,0.006400,0.000000
2238,2.544704,0.920401,0.928800,0.825200,1076.000000,852370536.000000,1324570160.000000,237035520.000000,1573470208.000000,0.000700,0.000000,0.000000,0.000000,0.009500,0.000000,0.010400,0.000000,0.000000,0.000000,0.004200,0.001800,0.002300,0.006100,0.000000
2239,2.546240,1.370295,0.930200,0.836800,1076.000000,852369712.000000,1324570160.000000,237035520.000000,1573470208.000000,0.000600,0.000000,0.000000,0.000000,0.008700,0.000000,0.010200,0.000000,0.000000,0.000000,0.004200,0.001800,0.002500,0.005800,0.000000
2240,2.548088,1.822605,2.155900,1.609300,1076.000000,852373288.000000,1324570160.000000,237035520.000000,1573412864.000000,0.000900,0.000000,0.000000,0.000000,0.018300,0.000000,0.020100,0.000000,0.000000,0.000000,0.007900,0.004200,0.004900,0.017800,0.000000
2241,2.549742,1.697499,1.707400,1.506400,1076.000000,852373736.000000,1324570160.000000,237035520.000000,1573412864.000000,0.001000,0.000000,0.000000,0.000000,0.022600,0.000000,0.020400,0.000000,0.000000,0.000000,0.007700,0.004500,0.005100,0.012100,0.000000
2242,2.551194,1.471599,1.494900,1.310100,1076.000000,852373336.000000,1324570160.000000,237035520.000000,1573412864.000000,0.000900,0.000000,0.000000,0.000000,0.019000,0.000000,0.018600,0.000000,0.000000,0.000000,0.006900,0.004000,0.004500,0.010900,0.000000
2243,2.553106,1.979698,1.506600,1.346900,1076.000000,852373360.000000,1324570160.000000,237035520.000000,1573412864.000000,0.001000,0.000000,0.000000,0.000000,0.017400,0.000000,0.018700,0.000000,0.000000,0.000000,0.006800,0.003400,0.003500,0.010500,0.000000
2244,2.554317,1.231704,1.747500,1.131300,1076.000000,852377480.000000,1324570160.000000,237035520.000000,1573412864.000000,0.000800,0.000000,0.000000,0.000000,0.011800,0.000000,0.012100,0.000000,0.000000,0.000000,0.004800,0.002300,0.002900,0.007400,0.000000
2245,2.555652,1.373200,1.374600,1.273700,1076.000000,852397616.000000,1324570160.000000,237035520.000000,1573412864.000000,0.353200,0.041400,0.014000,0.118800,0.009700,0.022400,0.010700,0.019000,0.025600,0.014400,0.004900,0.002100,0.002600,0.005100,0.000000
2246,2.556861,1.191199,1.181600,1.082500,1076.000000,852385520.000000,1324570160.000000,237035520.000000,1573412864.000000,0.000700,0.000000,0.000000,0.000000,0.010400,0.000000,0.012000,0.000000,0.000000,0.000000,0.003900,0.002300,0.002300,0.006500,0.000000
2247,2.557858,1.002997,1.001700,0.897400,1076.000000,852382904.000000,1324570160.000000,237035520.000000,1573412864.000000,0.000700,0.000000,0.000000,0.000000,0.010300,0.000000,0.011200,0.000000,0.000000,0.000000,0.004700,0.002900,0.002400,0.007100,0.000000
2248,2.558824,0.966603,0.967400,0.865300,1076.000000,852382944.000000,1324570160.000000,237035520.000000,1573412864.000000,0.000700,0.000000,0.000000,0.000000,0.009800,0.000000,0.010800,0.000000,0.000000,0.000000,0.004000,0.002600,0.002400,0.006900,0.000000
2249,2.559752,0.935098,0.932300,0.834400,1076.000000,852377640.000000,1324570160.000000,237035520.000000,1573412864.000000,0.000600,0.000000,0.000000,0.000000,0.008900,0.000000,0.010400,0.000000,0.000000,0.000000,0.003900,0.001900,0.002300,0.006500,0.000000
2250,2.560698,0.954004,0.937300,0.838700,1076.000000,852381344.000000,1324570160.000000,237035520.000000,1573412864.000000,0.000600,0.000000,0.000000,0.000000,0.008700,0.000000,0.009900,0.000000,0.000000,0.000000,0.003800,0.001900,0.002200,0.006200,0.000000
2251,2.562094,1.339598,1.042400,0.924000,1076.000000,852381376.000000,1324570160.000000,237035520.000000,1573412864.000000,0.000700,0.000000,0.000000,0.000000,0.008300,0.000000,0.010600,0.000000,0.000000,0.000000,0.003900,0.002400,0.002400,0.006600,0.000000
2252,2.563237,1.161302,1.378800,0.975800,1076.000000,852381392.000000,1324570160.000000,237035520.000000,1573412864.000000,0.000800,0.000000,0.000000,0.000000,0.011400,0.000000,0.011900,0.000000,0.000000,0.000000,0.005200,0.002200,0.002900,0.008000,0.000000
2253,2.564245,1.029698,1.110400,0.927500,1076.000000,852381832.000000,1324570160.000000,237035520.000000,1573412864.000000,0.000700,0.000000,0.000000,0.000000,0.011000,0.000000,0.012100,0.000000,0.000000,0.000000,0.005100,0.002100,0.002800,0.007600,0.000000
2254,2.565207,0.965604,0.966700,0.862600,1076.000000,852382280.000000,1324570160.000000,237035520.000000,1573412864.000000,0.000700,0.000000,0.000000,0.000000,0.010200,0.000000,0.010900,0.000000,0.000000,0.000000,0.004300,0.002600,0.002400,0.007000,0.000000
2255,2.566168,0.956994,0.955200,0.855900,1076.000000,852381456.000000,1324570160.000000,237035520.000000,1573412864.000000,0.000700,0.000000,0.000000,0.000000,0.009500,0.000000,0.010700,0.000000,0.000000,0.000000,0.004100,0.001800,0.002200,0.006400,0.000000
2256,2.567232,1.012904,0.999900,0.898000,1076.000000,852381480.000000,1324570160.000000,237035520.000000,1573412864.000000,0.000700,0.000000,0.000000,0.000000,0.009300,0.000000,0.010800,0.000000,0.000000,0.000000,0.003600,0.001900,0.002400,0.006200,0.000000
2257,2.568267,1.076396,1.071900,0.961200,1076.000000,852390120.000000,1324570160.000000,237035520.000000,1573412864.000000,0.000800,0.000000,0.000000,0.000000,0.012100,0.000000,0.011300,0.000000,0.000000,0.000000,0.004400,0.002100,0.002500,0.006700,0.000000
2258,2.569869,1.579606,1.091200,0.979200,1076.000000,852389720.000000,1324570160.000000,237035520.000000,1573412864.000000,0.000900,0.000000,0.000000,0.000000,0.010500,0.000000,0.011200,0.000000,0.000000,0.000000,0.003800,0.001800,0.002300,0.006700,0.000000
2259,2.570877,1.044700,1.531000,0.940700,1076.000000,852389744.000000,1324570160.000000,237035520.000000,1573412864.000000,0.000800,0.000000,0.000000,0.000000,0.010800,0.000000,0.011700,0.000000,0.000000,0.000000,0.005400,0.002100,0.002600,0.007400,0.000000
2260,2.572241,1.355796,1.354100,1.246700,1076.000000,852390312.000000,1324570160.000000,237035520.000000,1573412864.000000,0.384000,0.044200,0.011700,0.156900,0.009400,0.019400,0.010600,0.015000,0.020000,0.023100,0.004400,0.002400,0.002500,0.005500,0.000000
2261,2.573201,0.967999,0.965400,0.861400,1076.000000,852404696.000000,1324570160.000000,237035520.000000,1573412864.000000,0.000700,0.000000,0.000000,0.000000,0.011300,0.000000,0.011300,0.000000,0.000000,0.000000,0.004400,0.002500,0.002400,0.006800,0.000000
2262,2.574168,0.948002,0.952900,0.847800,1076.000000,852392600.000000,1324570160.000000,237035520.000000,1573412864.000000,0.000700,0.000000,0.000000,0.000000,0.009000,0.000000,0.012600,0.000000,0.000000,0.000000,0.004000,0.001700,0.002100,0.006300,0.000000
2263,2.575091,0.946202,0.945500,0.849600,1076.000000,852394080.000000,1324570160.000000,237035520.000000,1573412864.000000,0.000800,0.000000,0.000000,0.000000,0.009400,0.000000,0.010900,0.000000,0.000000,0.000000,0.004200,0.001900,0.002200,0.006500,0.000000
2264,2.576021,0.913499,0.911500,0.816900,1076.000000,852393576.000000,1324570160.000000,237035520.000000,1573412864.000000,0.000700,0.000000,0.000000,0.000000,0.009000,0.000000,0.010400,0.000000,0.000000,0.000000,0.004100,0.001700,0.002100,0.006000,0.000000
2265,2.576979,0.975198,0.971700,0.876200,1076.000000,852394024.000000,1324570160.000000,237035520.000000,1573412864.000000,0.000800,0.000000,0.000000,0.000000,0.009200,0.000000,0.010800,0.000000,0.000000,0.000000,0.005000,0.001900,0.002300,0.006400,0.000000
2266,2.578424,1.308000,0.976300,0.875600,1076.000000,852393632.000000,1324570160.000000,237035520.000000,1573412864.000000,0.000800,0.000000,0.000000,0.000000,0.009100,0.000000,0.009900,0.000000,0.000000,0.000000,0.004000,0.001800,0.002100,0.006600,0.000000
2267,2.579905,1.493304,1.753300,1.328000,1076.000000,852393664.000000,1324570160.000000,237035520.000000,1573412864.000000,0.000900,0.000000,0.000000,0.000000,0.017300,0.000000,0.018200,0.000000,0.000000,0.000000,0.006800,0.003500,0.003900,0.009900,0.000000
2268,2.581281,1.401297,1.410100,1.248300,1076.000000,852397776.000000,1324570160.000000,237035520.000000,1573412864.000000,0.000900,0.000000,0.000000,0.000000,0.017700,0.000000,0.018400,0.000000,0.000000,0.000000,0.006800,0.003200,0.003400,0.010200,0.000000
2269,2.582706,1.396599,1.377600,1.223100,1076.000000,852398216.000000,1324570160.000000,237035520.000000,1573412864.000000,0.000800,0.000000,0.000000,0.000000,0.016100,0.000000,0.016700,0.000000,0.000000,0.000000,0.006400,0.002900,0.003200,0.009500,0.000000
2270,2.584140,1.509602,1.419100,1.251000,1076.000000,852402760.000000,1324570160.000000,237035520.000000,1573412864.000000,0.000800,0.000000,0.000000,0.000000,0.018500,0.000000,0.018700,0.000000,0.000000,0.000000,0.006500,0.003100,0.003800,0.010900,0.000000
2271,2.585442,1.261402,1.227300,0.987500,1076.000000,852401936.000000,1324570160.000000,237035520.000000,1573412864.000000,0.000700,0.000000,0.000000,0.000000,0.011400,0.000000,0.011900,0.000000,0.000000,0.000000,0.004900,0.002100,0.003000,0.007800,0.000000
2272,2.586423,1.063301,1.240400,0.964800,1076.000000,852401960.000000,1324570160.000000,237035520.000000,1573412864.000000,0.000700,0.000000,0.000000,0.000000,0.009900,0.000000,0.011500,0.000000,0.000000,0.000000,0.006200,0.002000,0.003100,0.007200,0.000000
2273,2.587409,0.982100,0.977200,0.876300,1076.000000,852402408.000000,1324570160.000000,237035520.000000,1573412864.000000,0.000700,0.000000,0.000000,0.000000,0.009800,0.000000,0.011600,0.000000,0.000000,0.000000,0.004600,0.001800,0.002400,0.006500,0.000000
2274,2.588815,1.400198,1.392000,1.286600,1076.000000,852406712.000000,1324570160.000000,237035520.000000,1573412864.000000,0.330200,0.042600,0.012300,0.119800,0.009800,0.017100,0.010500,0.013700,0.019500,0.012500,0.004200,0.001900,0.002500,0.005200,0.000000
2275,2.589940,1.135899,1.138700,1.031100,1076.000000,852416488.000000,1324570160.000000,237035520.000000,1573412864.000000,0.000600,0.000000,0.000000,0.000000,0.011800,0.000000,0.011600,0.000000,0.000000,0.000000,0.004400,0.001900,0.002700,0.007100,0.000000
2276,2.590903,0.960799,0.962300,0.862000,1076.000000,852421680.000000,1324570160.000000,237035520.000000,1573412864.000000,0.000700,0.000000,0.000000,0.000000,0.009200,0.000000,0.011300,0.000000,0.000000,0.000000,0.004100,0.002000,0.002400,0.006200,0.000000
2277,2.591912,1.022704,1.016500,0.919000,1076.000000,852436064.000000,1324570160.000000,237035520.000000,1573412864.000000,0.000800,0.000000,0.000000,0.000000,0.009300,0.000000,0.010600,0.000000,0.000000,0.000000,0.005200,0.002300,0.002500,0.007100,0.000000
2278,2.593114,0.991397,0.986300,0.883200,1076.000000,852423360.000000,1324570160.000000,237035520.000000,1573412864.000000,0.000700,0.000000,0.000000,0.000000,0.009200,0.000000,0.011900,0.000000,0.000000,0.000000,0.003700,0.002600,0.002400,0.006500,0.000000
2279,2.594090,1.163698,1.165700,1.063600,1076.000000,852420744.000000,1324570160.000000,237035520.000000,1573412864.000000,0.000700,0.000000,0.000000,0.000000,0.010700,0.000000,0.011400,0.000000,0.000000,0.000000,0.007600,0.002000,0.003100,0.006600,0.000000
2280,2.594973,0.912500,0.913300,0.815600,1076.000000,852420784.000000,1324570160.000000,237035520.000000,1573412864.000000,0.000600,0.000000,0.000000,0.000000,0.009100,0.000000,0.010200,0.000000,0.000000,0.000000,0.003900,0.002300,0.002400,0.006700,0.000000
2281,2.595852,0.866504,0.866100,0.772500,1076.000000,852421232.000000,1324570160.000000,237035520.000000,1573412864.000000,0.000600,0.000000,0.000000,0.000000,0.008600,0.000000,0.010500,0.000000,0.000000,0.000000,0.003800,0.002400,0.002300,0.006300,0.000000
2282,2.596818,0.956399,0.951100,0.858600,1076.000000,852424936.000000,1324570160.000000,237035520.000000,1573478400.000000,0.000600,0.000000,0.000000,0.000000,0.008400,0.000000,0.009700,0.000000,0.000000,0.000000,0.004000,0.001900,0.002000,0.005800,0.000000
2283,2.597798,0.999001,0.993700,0.897000,1076.000000,852424968.000000,1324570160.000000,237035520.000000,1573478400.000000,0.000900,0.000000,0.000000,0.000000,0.008300,0.000000,0.009500,0.000000,0.000000,0.000000,0.004600,0.003000,0.002500,0.007200,0.000000
2284,2.598716,0.922598,0.922800,0.826200,1076.000000,852424984.000000,1324570160.000000,237035520.000000,1573478400.000000,0.000600,0.000000,0.000000,0.000000,0.008700,0.000000,0.010300,0.000000,0.000000,0.000000,0.004300,0.002500,0.002700,0.006300,0.000000
2285,2.599804,1.070004,1.063500,0.966100,1076.000000,852425424.000000,1324570160.000000,237035520.000000,1573478400.000000,0.000700,0.000000,0.000000,0.000000,0.008400,0.000000,0.009900,0.000000,0.000000,0.000000,0.003900,0.002500,0.002300,0.006400,0.000000
2286,2.600726,0.937599,0.940200,0.841800,1076.000000,852425872.000000,1324570160.000000,237035520.000000,1573478400.000000,0.000800,0.000000,0.000000,0.000000,0.009400,0.000000,0.010900,0.000000,0.000000,0.000000,0.003900,0.002400,0.002300,0.006600,0.000000
2287,2.601875,1.123299,1.111300,1.015600,1076.000000,852425048.000000,1324570160.000000,237035520.000000,1573478400.000000,0.000700,0.000000,0.000000,0.000000,0.008200,0.000000,0.010400,0.000000,0.000000,0.000000,0.003600,0.001900,0.002200,0.004800,0.000000
2288,2.602827,0.965200,0.961600,0.859500,1076.000000,852425496.000000,1324570160.000000,237035520.000000,1573478400.000000,0.000800,0.000000,0.000000,0.000000,0.009900,0.000000,0.013600,0.000000,0.000000,0.000000,0.004200,0.001900,0.002400,0.006800,0.000000
2289,2.604136,1.277395,1.122600,1.018100,1076.000000,852429616.000000,1324570160.000000,237035520.000000,1573478400.000000,0.000600,0.000000,0.000000,0.000000,0.009000,0.000000,0.011600,0.000000,0.000000,0.000000,0.004200,0.001900,0.002200,0.006500,0.000000
2290,2.605370,1.262805,1.411300,1.160500,1076.000000,852429464.000000,1324570160.000000,237035520.000000,1573478400.000000,0.312300,0.040300,0.011500,0.107000,0.009900,0.016700,0.011000,0.013400,0.018700,0.011900,0.004400,0.002100,0.002500,0.005100,0.000000
2291,2.606381,1.009297,1.011800,0.907700,1076.000000,852437680.000000,1324570160.000000,237035520.000000,1573478400.000000,0.000700,0.000000,0.000000,0.000000,0.010800,0.000000,0.011200,0.000000,0.000000,0.000000,0.003700,0.002700,0.002400,0.006500,0.000000
2292,2.607341,0.969700,0.963900,0.865100,1076.000000,852437704.000000,1324570160.000000,237035520.000000,1573478400.000000,0.000700,0.000000,0.000000,0.000000,0.009800,0.000000,0.011300,0.000000,0.000000,0.000000,0.004200,0.002000,0.002300,0.006400,0.000000
2293,2.608318,0.977501,0.981500,0.880800,1076.000000,852452088.000000,1324570160.000000,237035520.000000,1573478400.000000,0.000700,0.000000,0.000000,0.000000,0.009400,0.000000,0.010700,0.000000,0.000000,0.000000,0.003800,0.002500,0.002200,0.006500,0.000000
2294,2.609245,0.928699,0.927800,0.833200,1076.000000,852439744.000000,1324570160.000000,237035520.000000,1573478400.000000,0.000600,0.000000,0.000000,0.000000,0.009100,0.000000,0.012000,0.000000,0.000000,0.000000,0.003900,0.001800,0.002000,0.006000,0.000000
2295,2.610168,0.924405,0.910800,0.817000,1076.000000,852441224.000000,1324570160.000000,237035520.000000,1573478400.000000,0.000600,0.000000,0.000000,0.000000,0.009000,0.000000,0.011400,0.000000,0.000000,0.000000,0.003800,0.002100,0.002000,0.006400,0.000000
2296,2.611041,0.883100,0.893800,0.789800,1128.000000,852441264.000000,1324570160.000000,237035520.000000,1573478400.000000,0.000600,0.000000,0.000000,0.000000,0.008700,0.000000,0.010400,0.000000,0.000000,0.000000,0.003700,0.001900,0.002100,0.005700,0.000000
2297,2.611937,0.882299,0.879000,0.787900,1076.000000,852441712.000000,1324570160.000000,237035520.000000,1573478400.000000,0.000600,0.000000,0.000000,0.000000,0.008600,0.000000,0.009800,0.000000,0.000000,0.000000,0.003500,0.002100,0.001900,0.006300,0.000000
2298,2.612860,0.928600,0.919700,0.827500,1076.000000,852441320.000000,1324570160.000000,237035520.000000,1573478400.000000,0.000600,0.000000,0.000000,0.000000,0.008700,0.000000,0.010200,0.000000,0.000000,0.000000,0.003500,0.001900,0.002100,0.006100,0.000000
2299,2.614079,1.185197,1.181400,1.081900,1076.000000,852441352.000000,1324570160.000000,237035520.000000,1573478400.000000,0.000700,0.000000,0.000000,0.000000,0.008400,0.000000,0.010300,0.000000,0.000000,0.000000,0.003600,0.001700,0.002100,0.006300,0.000000
2300,2.615027,0.974901,0.969800,0.869900,1076.000000,852441368.000000,1324570160.000000,237035520.000000,1573478400.000000,0.000700,0.000000,0.000000,0.000000,0.009800,0.000000,0.011100,0.000000,0.000000,0.000000,0.004300,0.002600,0.002200,0.006800,0.000000
2301,2.615978,0.947704,0.947100,0.847800,1076.000000,852441808.000000,1324570160.000000,237035520.000000,1573478400.000000,0.000700,0.000000,0.000000,0.000000,0.009000,0.000000,0.011300,0.000000,0.000000,0.000000,0.004100,0.002000,0.002100,0.006200,0.000000
2302,2.617175,1.180797,1.167100,1.061000,1076.000000,852446776.000000,1324570160.000000,237035520.000000,1573478400.000000,0.000600,0.000000,0.000000,0.000000,0.008700,0.000000,0.011500,0.000000,0.000000,0.000000,0.003900,0.001900,0.002000,0.006400,0.000000
2303,2.618248,1.094402,1.101200,0.990900,1076.000000,852445528.000000,1324570160.000000,237035520.000000,1573478400.000000,0.000600,0.000000,0.000000,0.000000,0.010500,0.000000,0.012000,0.000000,0.000000,0.000000,0.004600,0.002600,0.002600,0.007000,0.000000
2304,2.619162,0.919097,0.924200,0.825300,1076.000000,852445552.000000,1324570160.000000,237035520.000000,1573478400.000000,0.000600,0.000000,0.000000,0.000000,0.009500,0.000000,0.011200,0.000000,0.000000,0.000000,0.004700,0.002600,0.002400,0.006200,0.000000
2305,2.620136,0.961402,0.886600,0.794100,1076.000000,852446000.000000,1324570160.000000,237035520.000000,1573478400.000000,0.000600,0.000000,0.000000,0.000000,0.009000,0.000000,0.010400,0.000000,0.000000,0.000000,0.003800,0.001800,0.002100,0.005900,0.000000
2306,2.621388,1.256002,1.320200,1.157800,1076.000000,852434776.000000,1324570160.000000,237035520.000000,1573478400.000000,0.000700,0.000000,0.000000,0.000000,0.009700,0.000000,0.010900,0.000000,0.000000,0.000000,0.004100,0.002100,0.002200,0.006600,0.000000
2307,2.622743,1.332901,1.324800,1.225300,1076.000000,852435520.000000,1324570160.000000,237035520.000000,1573478400.000000,0.344600,0.040400,0.011500,0.117400,0.009800,0.019100,0.011300,0.014300,0.019200,0.024600,0.003900,0.002400,0.002200,0.005900,0.000000
2308,2.623865,1.141893,1.141300,1.038100,1076.000000,852443736.000000,1324570160.000000,237035520.000000,1573478400.000000,0.000700,0.000000,0.000000,0.000000,0.010700,0.000000,0.011000,0.000000,0.000000,0.000000,0.004100,0.001900,0.002600,0.006100,0.000000
2309,2.624814,0.955506,0.958100,0.857400,1076.000000,852458120.000000,1324570160.000000,237035520.000000,1573478400.000000,0.000700,0.000000,0.000000,0.000000,0.009300,0.000000,0.011000,0.000000,0.000000,0.000000,0.003900,0.002000,0.002200,0.006000,0.000000
2310,2.625713,0.899596,0.897300,0.800800,1076.000000,852446024.000000,1324570160.000000,237035520.000000,1573478400.000000,0.000600,0.000000,0.000000,0.000000,0.008900,0.000000,0.011700,0.000000,0.000000,0.000000,0.003800,0.002100,0.002200,0.006100,0.000000
2311,2.626608,0.892999,0.893000,0.796900,1076.000000,852442688.000000,1324570160.000000,237035520.000000,1573478400.000000,0.000700,0.000000,0.000000,0.000000,0.009100,0.000000,0.010300,0.000000,0.000000,0.000000,0.003900,0.002600,0.002200,0.006800,0.000000
2312,2.627616,1.012705,1.010300,0.916800,1076.000000,852442728.000000,1324570160.000000,237035520.000000,1573478400.000000,0.000600,0.000000,0.000000,0.000000,0.008900,0.000000,0.010100,0.000000,0.000000,0.000000,0.003900,0.001600,0.002200,0.006200,0.000000
2313,2.628507,0.890993,0.888700,0.796400,1076.000000,852443176.000000,1324570160.000000,237035520.000000,1573478400.000000,0.000700,0.000000,0.000000,0.000000,0.008700,0.000000,0.010500,0.000000,0.000000,0.000000,0.003700,0.001600,0.002000,0.006200,0.000000
2314,2.629460,0.957306,0.929000,0.834600,1076.000000,852446880.000000,1324570160.000000,237035520.000000,1573478400.000000,0.000600,0.000000,0.000000,0.000000,0.008600,0.000000,0.009600,0.000000,0.000000,0.000000,0.003700,0.001800,0.002600,0.006100,0.000000
2315,2.630368,0.903600,0.927100,0.809400,1076.000000,852446912.000000,1324570160.000000,237035520.000000,1573478400.000000,0.000800,0.000000,0.000000,0.000000,0.008200,0.000000,0.010100,0.000000,0.000000,0.000000,0.003800,0.001700,0.002000,0.005800,0.000000
2316,2.631296,0.931597,0.928700,0.836200,1076.000000,852447352.000000,1324570160.000000,237035520.000000,1573478400.000000,0.000600,0.000000,0.000000,0.000000,0.008900,0.000000,0.012400,0.000000,0.000000,0.000000,0.003500,0.001800,0.002100,0.006400,0.000000
2317,2.632238,0.929904,0.921400,0.827600,1076.000000,852447368.000000,1324570160.000000,237035520.000000,1573478400.000000,0.000700,0.000000,0.000000,0.000000,0.008500,0.000000,0.011800,0.000000,0.000000,0.000000,0.003500,0.001800,0.002000,0.006200,0.000000
2318,2.633346,1.060296,1.051000,0.948700,1076.000000,852447816.000000,1324570160.000000,237035520.000000,1573478400.000000,0.000700,0.000000,0.000000,0.000000,0.009300,0.000000,0.010400,0.000000,0.000000,0.000000,0.003700,0.001700,0.002000,0.006500,0.000000
2319,2.634356,1.040001,1.023200,0.915700,1076.000000,852446992.000000,1324570160.000000,237035520.000000,1573478400.000000,0.000700,0.000000,0.000000,0.000000,0.010300,0.000000,0.011500,0.000000,0.000000,0.000000,0.004700,0.001900,0.002200,0.007400,0.000000
2320,2.635299,0.970798,0.983000,0.863700,1076.000000,852447016.000000,1324570160.000000,237035520.000000,1573478400.000000,0.000800,0.000000,0.000000,0.000000,0.009900,0.000000,0.011300,0.000000,0.000000,0.000000,0.004600,0.002400,0.002200,0.006700,0.000000
2321,2.636270,0.967000,0.964500,0.860300,1076.000000,852451560.000000,1324570160.000000,237035520.000000,1573478400.000000,0.000700,0.000000,0.000000,0.000000,0.009100,0.000000,0.010100,0.000000,0.000000,0.000000,0.003800,0.002600,0.002300,0.006400,0.000000
2322,2.637247,0.950900,0.956900,0.853600,1076.000000,852451160.000000,1324570160.000000,237035520.000000,1573478400.000000,0.000800,0.000000,0.000000,0.000000,0.008900,0.000000,0.010800,0.000000,0.000000,0.000000,0.004000,0.002400,0.002300,0.007400,0.000000
2323,2.638638,1.404103,1.394300,1.297400,1076.000000,852451936.000000,1324570160.000000,237035520.000000,1573478400.000000,0.417600,0.056700,0.013000,0.134600,0.008700,0.031900,0.011500,0.017000,0.022700,0.025200,0.005300,0.002400,0.002300,0.005700,0.000000
2324,2.639640,0.998200,0.995300,0.891700,1076.000000,852451960.000000,1324570160.000000,237035520.000000,1573478400.000000,0.000600,0.000000,0.000000,0.000000,0.011300,0.000000,0.011300,0.000000,0.000000,0.000000,0.003800,0.002500,0.002500,0.006500,0.000000
2325,2.640599,0.973101,0.976100,0.873000,1076.000000,852470440.000000,1324570160.000000,237035520.000000,1573478400.000000,0.000600,0.000000,0.000000,0.000000,0.009700,0.000000,0.011300,0.000000,0.000000,0.000000,0.004700,0.002700,0.002300,0.006800,0.000000
2326,2.641550,0.946995,0.944400,0.847400,1076.000000,852458344.000000,1324570160.000000,237035520.000000,1573478400.000000,0.000600,0.000000,0.000000,0.000000,0.009500,0.000000,0.011400,0.000000,0.000000,0.000000,0.004000,0.002300,0.002100,0.006200,0.000000
2327,2.642916,1.323200,0.918400,0.822300,1076.000000,852459072.000000,1324570160.000000,237035520.000000,1573478400.000000,0.000700,0.000000,0.000000,0.000000,0.009200,0.000000,0.010800,0.000000,0.000000,0.000000,0.003700,0.001700,0.002200,0.006100,0.000000
2328,2.643881,1.014300,1.414000,0.917900,1076.000000,852459112.000000,1324570160.000000,237035520.000000,1573478400.000000,0.000800,0.000000,0.000000,0.000000,0.009800,0.000000,0.010900,0.000000,0.000000,0.000000,0.007500,0.002300,0.002700,0.006800,0.000000
2329,2.644792,0.914704,0.912200,0.816400,1076.000000,852459560.000000,1324570160.000000,237035520.000000,1573478400.000000,0.000600,0.000000,0.000000,0.000000,0.009400,0.000000,0.009900,0.000000,0.000000,0.000000,0.003800,0.002400,0.002000,0.006300,0.000000
2330,2.645727,0.930201,0.932100,0.836600,1076.000000,852459592.000000,1324570160.000000,237035520.000000,1573478400.000000,0.000700,0.000000,0.000000,0.000000,0.008700,0.000000,0.011300,0.000000,0.000000,0.000000,0.003700,0.001600,0.002000,0.005900,0.000000
2331,2.646922,1.172300,1.153100,1.057200,1076.000000,852459200.000000,1324570160.000000,237035520.000000,1573478400.000000,0.000700,0.000000,0.000000,0.000000,0.008100,0.000000,0.010800,0.000000,0.000000,0.000000,0.004100,0.002200,0.002100,0.006200,0.000000
2332,2.648182,1.226297,1.210000,1.095800,1076.000000,852459216.000000,1324570160.000000,237035520.000000,1573478400.000000,0.000900,0.000000,0.000000,0.000000,0.010200,0.000000,0.011400,0.000000,0.000000,0.000000,0.004700,0.002500,0.003400,0.007600,0.000000
2333,2.649343,1.188903,1.176600,1.051800,1076.000000,852459656.000000,1324570160.000000,237035520.000000,1573478400.000000,0.000800,0.000000,0.000000,0.000000,0.011700,0.000000,0.012600,0.000000,0.000000,0.000000,0.005700,0.002400,0.003200,0.007200,0.000000
2334,2.650300,0.979797,1.007600,0.880100,1076.000000,852464200.000000,1324570160.000000,237035520.000000,1573478400.000000,0.000800,0.000000,0.000000,0.000000,0.011900,0.000000,0.010700,0.000000,0.000000,0.000000,0.004300,0.002400,0.002400,0.006800,0.000000
2335,2.651249,0.950397,0.947200,0.847600,1076.000000,852463376.000000,1324570160.000000,237035520.000000,1573478400.000000,0.000700,0.000000,0.000000,0.000000,0.009400,0.000000,0.010500,0.000000,0.000000,0.000000,0.004000,0.001900,0.002300,0.006500,0.000000
2336,2.652218,0.965001,0.964600,0.863200,1076.000000,852463400.000000,1324570160.000000,237035520.000000,1573478400.000000,0.000700,0.000000,0.000000,0.000000,0.009200,0.000000,0.010500,0.000000,0.000000,0.000000,0.003800,0.001800,0.002600,0.006500,0.000000
2337,2.653137,0.927105,0.926900,0.829100,1076.000000,852463848.000000,1324570160.000000,237035520.000000,1573478400.000000,0.000700,0.000000,0.000000,0.000000,0.009100,0.000000,0.010200,0.000000,0.000000,0.000000,0.004100,0.001900,0.002200,0.006300,0.000000
2338,2.654449,1.236395,1.228200,1.131500,1076.000000,852463448.000000,1324570160.000000,237035520.000000,1573478400.000000,0.000700,0.000000,0.000000,0.000000,0.008800,0.000000,0.009700,0.000000,0.000000,0.000000,0.003600,0.001600,0.002100,0.006100,0.000000
2339,2.655687,1.300404,1.296800,1.195600,1076.000000,852463848.000000,1324570160.000000,237035520.000000,1573478400.000000,0.304500,0.039300,0.011200,0.099900,0.009500,0.014700,0.009700,0.013900,0.019100,0.012400,0.006700,0.001900,0.002800,0.004800,0.000000
2340,2.656633,0.953600,0.954900,0.853800,1076.000000,852467968.000000,1324570160.000000,237035520.000000,1573478400.000000,0.000600,0.000000,0.000000,0.000000,0.010700,0.000000,0.011100,0.000000,0.000000,0.000000,0.003600,0.001700,0.002200,0.006400,0.000000
2341,2.657727,1.088202,1.083000,0.984200,1076.000000,852482352.000000,1324570160.000000,237035520.000000,1573478400.000000,0.000700,0.000000,0.000000,0.000000,0.008900,0.000000,0.010900,0.000000,0.000000,0.000000,0.003700,0.001800,0.002300,0.006200,0.000000
2342,2.658664,0.945798,0.947000,0.847600,1076.000000,852474480.000000,1324570160.000000,237035520.000000,1573478400.000000,0.000600,0.000000,0.000000,0.000000,0.009800,0.000000,0.011900,0.000000,0.000000,0.000000,0.004100,0.002400,0.002500,0.006700,0.000000
2343,2.659547,0.891497,0.891600,0.796100,1076.000000,852471488.000000,1324570160.000000,237035520.000000,1573478400.000000,0.000700,0.000000,0.000000,0.000000,0.009400,0.000000,0.010800,0.000000,0.000000,0.000000,0.004200,0.001900,0.002100,0.006500,0.000000
2344,2.660422,0.877806,0.876300,0.784600,1076.000000,852471952.000000,1324570160.000000,237035520.000000,1573478400.000000,0.000500,0.000000,0.000000,0.000000,0.008700,0.000000,0.012000,0.000000,0.000000,0.000000,0.003900,0.002000,0.002200,0.006500,0.000000
2345,2.661270,0.846393,0.844900,0.754000,1076.000000,852471976.000000,1324570160.000000,237035520.000000,1573478400.000000,0.000500,0.000000,0.000000,0.000000,0.008500,0.000000,0.011000,0.000000,0.000000,0.000000,0.003600,0.001800,0.001900,0.006000,0.000000
2346,2.662141,0.872605,0.871500,0.781000,1076.000000,852475680.000000,1324570160.000000,237035520.000000,1573478400.000000,0.000500,0.000000,0.000000,0.000000,0.008300,0.000000,0.009800,0.000000,0.000000,0.000000,0.003500,0.001600,0.002000,0.006100,0.000000
2347,2.663111,0.968098,0.960100,0.868400,1076.000000,852475712.000000,1324570160.000000,237035520.000000,1573478400.000000,0.000600,0.000000,0.000000,0.000000,0.008100,0.000000,0.010300,0.000000,0.000000,0.000000,0.003700,0.001700,0.002100,0.006100,0.000000
2348,2.664014,0.912599,0.913600,0.818500,1076.000000,852475728.000000,1324570160.000000,237035520.000000,1573478400.000000,0.000600,0.000000,0.000000,0.000000,0.009300,0.000000,0.010100,0.000000,0.000000,0.000000,0.003700,0.001700,0.002200,0.005900,0.000000
2349,2.664833,0.822399,0.821000,0.730000,1076.000000,852476168.000000,1324570160.000000,237035520.000000,1573478400.000000,0.000600,0.000000,0.000000,0.000000,0.008700,0.000000,0.010000,0.000000,0.000000,0.000000,0.003300,0.002000,0.002200,0.006200,0.000000
2350,2.665668,0.829500,0.826000,0.736100,1076.000000,852476616.000000,1324570160.000000,237035520.000000,1573478400.000000,0.000600,0.000000,0.000000,0.000000,0.008200,0.000000,0.009800,0.000000,0.000000,0.000000,0.003300,0.002000,0.002100,0.006300,0.000000
2351,2.666774,1.074504,1.058300,0.962500,1076.000000,852475792.000000,1324570160.000000,237035520.000000,1573478400.000000,0.000500,0.000000,0.000000,0.000000,0.008000,0.000000,0.009600,0.000000,0.000000,0.000000,0.003400,0.001600,0.002000,0.006000,0.000000
2352,2.667850,1.058099,1.037900,0.929100,1076.000000,852475816.000000,1324570160.000000,237035520.000000,1573478400.000000,0.000800,0.000000,0.000000,0.000000,0.010600,0.000000,0.010900,0.000000,0.000000,0.000000,0.004800,0.002200,0.002900,0.005500,0.000000
2353,2.668833,1.017099,1.038500,0.914600,1076.000000,852484456.000000,1324570160.000000,237035520.000000,1573543936.000000,0.000800,0.000000,0.000000,0.000000,0.010500,0.000000,0.011400,0.000000,0.000000,0.000000,0.004100,0.002000,0.002700,0.007300,0.000000
2354,2.669746,0.922697,0.921600,0.822700,1076.000000,852484056.000000,1324570160.000000,237035520.000000,1573543936.000000,0.000700,0.000000,0.000000,0.000000,0.009300,0.000000,0.010200,0.000000,0.000000,0.000000,0.003800,0.002600,0.002300,0.006600,0.000000
2355,2.670694,0.938400,0.937900,0.840500,1076.000000,852488176.000000,1324570160.000000,237035520.000000,1573543936.000000,0.000500,0.000000,0.000000,0.000000,0.008700,0.000000,0.010300,0.000000,0.000000,0.000000,0.003300,0.002200,0.002200,0.006100,0.000000
2356,2.672246,1.532200,1.520900,1.422100,1116.000000,852493792.000000,1324570160.000000,237035520.000000,1573543936.000000,0.428000,0.130400,0.011600,0.226200,0.009100,0.018500,0.010300,0.013600,0.019200,0.013100,0.004000,0.002300,0.002100,0.005500,0.000000
2357,2.673203,0.973604,0.978600,0.874900,1076.000000,852493816.000000,1324570160.000000,237035520.000000,1573543936.000000,0.000600,0.000000,0.000000,0.000000,0.010500,0.000000,0.011900,0.000000,0.000000,0.000000,0.003800,0.002100,0.002300,0.007500,0.000000
2358,2.674336,1.104301,1.103100,1.008000,1076.000000,852493840.000000,1324570160.000000,237035520.000000,1573543936.000000,0.000600,0.000000,0.000000,0.000000,0.008900,0.000000,0.010600,0.000000,0.000000,0.000000,0.003500,0.001700,0.002400,0.006400,0.000000
2359,2.675562,1.251297,1.243200,1.146900,1076.000000,852511824.000000,1324570160.000000,237035520.000000,1573543936.000000,0.000600,0.000000,0.000000,0.000000,0.008700,0.000000,0.041400,0.000000,0.000000,0.000000,0.004000,0.001800,0.002500,0.006400,0.000000
2360,2.676607,1.049398,1.045300,0.945400,1076.000000,852513344.000000,1324570160.000000,237035520.000000,1573543936.000000,0.000600,0.000000,0.000000,0.000000,0.009700,0.000000,0.011600,0.000000,0.000000,0.000000,0.004200,0.002700,0.002500,0.006600,0.000000
2361,2.677607,0.995004,0.992500,0.891000,1076.000000,852512952.000000,1324570160.000000,237035520.000000,1573543936.000000,0.000600,0.000000,0.000000,0.000000,0.009700,0.000000,0.010900,0.000000,0.000000,0.000000,0.004000,0.002500,0.002400,0.006900,0.000000
2362,2.678596,0.996202,0.998600,0.899200,1076.000000,852512984.000000,1324570160.000000,237035520.000000,1573543936.000000,0.000700,0.000000,0.000000,0.000000,0.009700,0.000000,0.043900,0.000000,0.000000,0.000000,0.004300,0.002500,0.002300,0.006800,0.000000
2363,2.679667,1.063896,1.057500,0.961900,1076.000000,852513000.000000,1324570160.000000,237035520.000000,1573543936.000000,0.000600,0.000000,0.000000,0.000000,0.009000,0.000000,0.010400,0.000000,0.000000,0.000000,0.003700,0.001900,0.002200,0.006400,0.000000
2364,2.680781,1.091199,1.084100,0.984800,1076.000000,852513440.000000,1324570160.000000,237035520.000000,1573548032.000000,0.000600,0.000000,0.000000,0.000000,0.009400,0.000000,0.010700,0.000000,0.000000,0.000000,0.004100,0.032000,0.002200,0.006400,0.000000
2365,2.681913,1.148406,1.140700,1.037000,1076.000000,852513888.000000,1324570160.000000,237035520.000000,1573548032.000000,0.000700,0.000000,0.000000,0.000000,0.009400,0.000000,0.100800,0.000000,0.000000,0.000000,0.005700,0.002000,0.002400,0.007200,0.000000
2366,2.683348,1.420996,1.413800,1.300800,1076.000000,852517160.000000,1324570160.000000,237035520.000000,1573548032.000000,0.000700,0.000000,0.000000,0.000000,0.009500,0.000000,0.058400,0.000000,0.000000,0.000000,0.004200,0.002000,0.002300,0.006800,0.000000
2367,2.684599,1.267503,1.253400,1.139900,1076.000000,852517184.000000,1324570160.000000,237035520.000000,1573548032.000000,0.000700,0.000000,0.000000,0.000000,0.010700,0.000000,0.034500,0.000000,0.000000,0.000000,0.004800,0.002800,0.002800,0.007100,0.000000
2368,2.685733,1.133397,1.150900,1.027600,1076.000000,852517632.000000,1324570160.000000,237035520.000000,1573548032.000000,0.000700,0.000000,0.000000,0.000000,0.009700,0.000000,0.012500,0.000000,0.000000,0.000000,0.004600,0.002000,0.002500,0.006500,0.000000
2369,2.686960,1.211104,1.198500,1.094200,1076.000000,852517232.000000,1324570160.000000,237035520.000000,1573548032.000000,0.000700,0.000000,0.000000,0.000000,0.010200,0.000000,0.120800,0.000000,0.000000,0.000000,0.004200,0.002700,0.002400,0.007200,0.000000
2370,2.688586,1.580796,1.532100,1.413700,1076.000000,852517256.000000,1324570160.000000,237035520.000000,1573548032.000000,0.000800,0.000000,0.000000,0.000000,0.011600,0.000000,0.055400,0.000000,0.000000,0.000000,0.004900,0.002300,0.003300,0.008200,0.000000
2371,2.690251,1.703699,1.564100,1.407800,1076.000000,852517776.000000,1324570160.000000,237035520.000000,1573548032.000000,0.401300,0.045100,0.011800,0.149800,0.014000,0.022100,0.013800,0.015200,0.020900,0.024800,0.005400,0.002500,0.003000,0.006700,0.000000
2372,2.691318,1.081604,1.262400,0.969500,1076.000000,852535832.000000,1324570160.000000,237035520.000000,1573548032.000000,0.000800,0.000000,0.000000,0.000000,0.013000,0.000000,0.013300,0.000000,0.000000,0.000000,0.005000,0.002400,0.002800,0.007100,0.000000
2373,2.692593,1.270897,1.264600,1.150900,1076.000000,852523736.000000,1324570160.000000,237035520.000000,1573548032.000000,0.000700,0.000000,0.000000,0.000000,0.010300,0.000000,0.012000,0.000000,0.000000,0.000000,0.004600,0.001900,0.002700,0.006700,0.000000
2374,2.693547,0.975298,0.985600,0.875600,1076.000000,852521120.000000,1324570160.000000,237035520.000000,1573548032.000000,0.000700,0.000000,0.000000,0.000000,0.010400,0.000000,0.011200,0.000000,0.000000,0.000000,0.004300,0.002100,0.002400,0.007100,0.000000
2375,2.694530,0.964101,0.962600,0.862800,1076.000000,852521088.000000,1324570160.000000,237035520.000000,1573548032.000000,0.000600,0.000000,0.000000,0.000000,0.009300,0.000000,0.010900,0.000000,0.000000,0.000000,0.003900,0.002500,0.002400,0.006700,0.000000
2376,2.695485,0.979797,0.979300,0.881800,1076.000000,852525632.000000,1324570160.000000,237035520.000000,1573548032.000000,0.000800,0.000000,0.000000,0.000000,0.008800,0.000000,0.010800,0.000000,0.000000,0.000000,0.004300,0.002400,0.002400,0.006400,0.000000
2377,2.696534,0.997406,0.960200,0.859600,1076.000000,852525240.000000,1324570160.000000,237035520.000000,1573548032.000000,0.000700,0.000000,0.000000,0.000000,0.008600,0.000000,0.010200,0.000000,0.000000,0.000000,0.004200,0.001600,0.002200,0.006300,0.000000
2378,2.697956,1.421400,1.161400,1.030000,1076.000000,852529368.000000,1324570160.000000,237035520.000000,1573548032.000000,0.000900,0.000000,0.000000,0.000000,0.012100,0.000000,0.012100,0.000000,0.000000,0.000000,0.006000,0.002400,0.002600,0.006700,0.000000
2379,2.698977,1.056597,1.318100,0.953100,1076.000000,852529384.000000,1324570160.000000,237035520.000000,1573548032.000000,0.000700,0.000000,0.000000,0.000000,0.011400,0.000000,0.011600,0.000000,0.000000,0.000000,0.004600,0.002100,0.003000,0.007100,0.000000
2380,2.700357,1.375602,1.012500,0.909400,1076.000000,852529824.000000,1324570160.000000,237035520.000000,1573548032.000000,0.000700,0.000000,0.000000,0.000000,0.009900,0.000000,0.011400,0.000000,0.000000,0.000000,0.004000,0.002100,0.002800,0.006500,0.000000
2381,2.701344,0.994898,1.357800,0.897600,1076.000000,852530272.000000,1324570160.000000,237035520.000000,1573548032.000000,0.000700,0.000000,0.000000,0.000000,0.010100,0.000000,0.010700,0.000000,0.000000,0.000000,0.004200,0.002100,0.002400,0.006900,0.000000
2382,2.702333,0.995699,0.993700,0.895200,1076.000000,852529448.000000,1324570160.000000,237035520.000000,1573548032.000000,0.000600,0.000000,0.000000,0.000000,0.009400,0.000000,0.010600,0.000000,0.000000,0.000000,0.004500,0.001800,0.002400,0.006500,0.000000
2383,2.703333,1.001998,1.000700,0.903600,1076.000000,852529472.000000,1324570160.000000,237035520.000000,1573552128.000000,0.000700,0.000000,0.000000,0.000000,0.008800,0.000000,0.011100,0.000000,0.000000,0.000000,0.003900,0.001700,0.002200,0.006000,0.000000
2384,2.704680,1.334304,1.313400,1.215100,1076.000000,852529920.000000,1324570160.000000,237035520.000000,1573556224.000000,0.000800,0.000000,0.000000,0.000000,0.009100,0.000000,0.010000,0.000000,0.000000,0.000000,0.003900,0.001800,0.002200,0.006200,0.000000
2385,2.706320,1.615696,1.616100,1.500500,1116.000000,852533336.000000,1324570160.000000,237035520.000000,1573564416.000000,0.502000,0.190300,0.012400,0.220100,0.010100,0.018900,0.011800,0.013700,0.019300,0.014500,0.004600,0.002500,0.002400,0.006300,0.000000
2386,2.707466,1.155400,1.152400,1.039900,1076.000000,852533360.000000,1324570160.000000,237035520.000000,1573568512.000000,0.000700,0.000000,0.000000,0.000000,0.012300,0.000000,0.012400,0.000000,0.000000,0.000000,0.004800,0.002100,0.002300,0.009000,0.000000
2387,2.708582,1.135402,1.135000,1.023200,1076.000000,852533384.000000,1324570160.000000,237035520.000000,1573572608.000000,0.000700,0.000000,0.000000,0.000000,0.011300,0.000000,0.012300,0.000000,0.000000,0.000000,0.005000,0.002300,0.002700,0.008400,0.000000
2388,2.709615,1.038797,1.043500,0.935600,1076.000000,852533424.000000,1324570160.000000,237035520.000000,1573572608.000000,0.000900,0.000000,0.000000,0.000000,0.010000,0.000000,0.010800,0.000000,0.000000,0.000000,0.004500,0.002600,0.002300,0.006700,0.000000
2389,2.710607,0.995607,0.994400,0.894700,1076.000000,852533872.000000,1324570160.000000,237035520.000000,1573572608.000000,0.000700,0.000000,0.000000,0.000000,0.009600,0.000000,0.011000,0.000000,0.000000,0.000000,0.003900,0.002400,0.002300,0.006900,0.000000
2390,2.711636,1.023795,1.020200,0.921600,1076.000000,852533480.000000,1324570160.000000,237035520.000000,1573572608.000000,0.000600,0.000000,0.000000,0.000000,0.009300,0.000000,0.025400,0.000000,0.000000,0.000000,0.004500,0.002600,0.002300,0.006700,0.000000
2391,2.712673,1.035204,1.031800,0.930100,1076.000000,852537608.000000,1324570160.000000,237035520.000000,1573572608.000000,0.000700,0.000000,0.000000,0.000000,0.008900,0.000000,0.011000,0.000000,0.000000,0.000000,0.003800,0.001700,0.002300,0.006500,0.000000
2392,2.713963,1.249695,1.082500,0.981400,1076.000000,852537624.000000,1324570160.000000,237035520.000000,1573572608.000000,0.000600,0.000000,0.000000,0.000000,0.009700,0.000000,0.010800,0.000000,0.000000,0.000000,0.004400,0.002000,0.002400,0.006600,0.000000
2393,2.715013,1.092800,1.254500,0.995200,1076.000000,852542160.000000,1324570160.000000,237035520.000000,1573572608.000000,0.000700,0.000000,0.000000,0.000000,0.010400,0.000000,0.012100,0.000000,0.000000,0.000000,0.004600,0.001900,0.002600,0.005600,0.000000
2394,2.716073,1.036600,1.031700,0.931800,1076.000000,852542608.000000,1324570160.000000,237035520.000000,1573572608.000000,0.000700,0.000000,0.000000,0.000000,0.009700,0.000000,0.010500,0.000000,0.000000,0.000000,0.004600,0.002500,0.002400,0.006700,0.000000
2395,2.717175,1.110403,1.102500,0.998200,1076.000000,852541784.000000,1324570160.000000,237035520.000000,1573572608.000000,0.000600,0.000000,0.000000,0.000000,0.010100,0.000000,0.051500,0.000000,0.000000,0.000000,0.005600,0.002600,0.002500,0.007600,0.000000
2396,2.718168,1.004202,1.007300,0.900400,1076.000000,852541808.000000,1324570160.000000,237035520.000000,1573572608.000000,0.000700,0.000000,0.000000,0.000000,0.010400,0.000000,0.011100,0.000000,0.000000,0.000000,0.004600,0.002900,0.002500,0.007200,0.000000
2397,2.719216,1.046896,1.038700,0.937100,1076.000000,852542256.000000,1324570160.000000,237035520.000000,1573572608.000000,0.000600,0.000000,0.000000,0.000000,0.009700,0.000000,0.011100,0.000000,0.000000,0.000000,0.004100,0.001800,0.002300,0.006400,0.000000
2398,2.720194,0.988102,0.993600,0.887200,1076.000000,852545952.000000,1324570160.000000,237035520.000000,1573572608.000000,0.000800,0.000000,0.000000,0.000000,0.009600,0.000000,0.010800,0.000000,0.000000,0.000000,0.005100,0.001900,0.002500,0.006400,0.000000
2399,2.721474,1.235700,0.967900,0.870700,1076.000000,852545976.000000,1324570160.000000,237035520.000000,1573572608.000000,0.000800,0.000000,0.000000,0.000000,0.009500,0.000000,0.011300,0.000000,0.000000,0.000000,0.004000,0.002400,0.002300,0.007100,0.000000
2400,2.723074,1.622796,1.873100,1.509300,1076.000000,852545624.000000,1324570160.000000,237035520.000000,1573572608.000000,0.448700,0.128600,0.011400,0.217200,0.011700,0.019400,0.012600,0.015100,0.020900,0.012400,0.005100,0.002400,0.002800,0.006700,0.000000
2401,2.724237,1.169204,1.172800,1.062000,1076.000000,852545648.000000,1324570160.000000,237035520.000000,1573572608.000000,0.000800,0.000000,0.000000,0.000000,0.011200,0.000000,0.012900,0.000000,0.000000,0.000000,0.004200,0.002300,0.002500,0.008900,0.000000
2402,2.725192,0.971096,0.973800,0.871100,1076.000000,852545672.000000,1324570160.000000,237035520.000000,1573572608.000000,0.000700,0.000000,0.000000,0.000000,0.010000,0.000000,0.011300,0.000000,0.000000,0.000000,0.004600,0.002800,0.002500,0.007500,0.000000
2403,2.726124,0.926502,0.926300,0.829100,1076.000000,852545712.000000,1324570160.000000,237035520.000000,1573572608.000000,0.000700,0.000000,0.000000,0.000000,0.008900,0.000000,0.010500,0.000000,0.000000,0.000000,0.004000,0.002500,0.002600,0.006800,0.000000
2404,2.727098,0.973299,0.968800,0.873600,1076.000000,852550384.000000,1324570160.000000,237035520.000000,1573572608.000000,0.000600,0.000000,0.000000,0.000000,0.009100,0.000000,0.010100,0.000000,0.000000,0.000000,0.004100,0.001900,0.002300,0.006600,0.000000
2405,2.728103,1.007703,1.004000,0.907600,1076.000000,852549992.000000,1324570160.000000,237035520.000000,1573572608.000000,0.000700,0.000000,0.000000,0.000000,0.009300,0.000000,0.010300,0.000000,0.000000,0.000000,0.003800,0.001800,0.002400,0.005700,0.000000
2406,2.729485,1.218899,0.944300,0.846600,1076.000000,852550024.000000,1324570160.000000,237035520.000000,1573572608.000000,0.000700,0.000000,0.000000,0.000000,0.010300,0.000000,0.011000,0.000000,0.000000,0.000000,0.004000,0.002200,0.002500,0.006800,0.000000
2407,2.730592,1.258801,1.519800,1.152600,1076.000000,852550040.000000,1324570160.000000,237035520.000000,1573572608.000000,0.000700,0.000000,0.000000,0.000000,0.009600,0.000000,0.011300,0.000000,0.000000,0.000000,0.008000,0.002100,0.002900,0.007200,0.000000
2408,2.731592,1.002799,1.003200,0.896400,1076.000000,852550480.000000,1324570160.000000,237035520.000000,1573572608.000000,0.000700,0.000000,0.000000,0.000000,0.009800,0.000000,0.011900,0.000000,0.000000,0.000000,0.004700,0.002700,0.002300,0.006900,0.000000
2409,2.732744,1.128097,1.115500,1.008800,1076.000000,852550928.000000,1324570160.000000,237035520.000000,1573572608.000000,0.000600,0.000000,0.000000,0.000000,0.009800,0.000000,0.010700,0.000000,0.000000,0.000000,0.004400,0.002000,0.002200,0.006400,0.000000
2410,2.733806,1.064902,1.073000,0.962100,1076.000000,852558296.000000,1324570160.000000,237035520.000000,1573572608.000000,0.000700,0.000000,0.000000,0.000000,0.010200,0.000000,0.010900,0.000000,0.000000,0.000000,0.004400,0.002500,0.002700,0.007400,0.000000
2411,2.734982,1.201403,1.177900,1.075500,1076.000000,852558320.000000,1324570160.000000,237035520.000000,1573572608.000000,0.000600,0.000000,0.000000,0.000000,0.009500,0.000000,0.010900,0.000000,0.000000,0.000000,0.004200,0.001800,0.002600,0.004800,0.000000
2412,2.735952,0.972895,0.991400,0.869600,1076.000000,852558768.000000,1324570160.000000,237035520.000000,1573572608.000000,0.000700,0.000000,0.000000,0.000000,0.009700,0.000000,0.011800,0.000000,0.000000,0.000000,0.004200,0.002800,0.002500,0.007000,0.000000
2413,2.737078,0.975206,0.971600,0.848900,1076.000000,852558368.000000,1324570160.000000,237035520.000000,1573572608.000000,0.000700,0.000000,0.000000,0.000000,0.008900,0.000000,0.010500,0.000000,0.000000,0.000000,0.004000,0.001800,0.002200,0.006600,0.000000
2414,2.738185,1.236395,1.230600,1.128600,1076.000000,852558392.000000,1324570160.000000,237035520.000000,1573572608.000000,0.000700,0.000000,0.000000,0.000000,0.009400,0.000000,0.010800,0.000000,0.000000,0.000000,0.006600,0.001800,0.002700,0.006700,0.000000
2415,2.739505,1.332001,1.332300,1.228500,1076.000000,852558912.000000,1324570160.000000,237035520.000000,1573572608.000000,0.317100,0.042500,0.010500,0.107200,0.009400,0.017700,0.012400,0.015000,0.020800,0.012200,0.005100,0.002000,0.002700,0.004900,0.000000
2416,2.740533,1.036203,1.022000,0.921000,1076.000000,852572872.000000,1324570160.000000,237035520.000000,1573572608.000000,0.000700,0.000000,0.000000,0.000000,0.011600,0.000000,0.012300,0.000000,0.000000,0.000000,0.004100,0.002000,0.002300,0.006500,0.000000
2417,2.741537,1.005697,1.014100,0.901200,1076.000000,852564872.000000,1324570160.000000,237035520.000000,1573638144.000000,0.000700,0.000000,0.000000,0.000000,0.009400,0.000000,0.012000,0.000000,0.000000,0.000000,0.004300,0.001900,0.002200,0.006500,0.000000
2418,2.742525,0.990703,0.988500,0.886900,1076.000000,852562256.000000,1324570160.000000,237035520.000000,1573638144.000000,0.000600,0.000000,0.000000,0.000000,0.009000,0.000000,0.010900,0.000000,0.000000,0.000000,0.003600,0.001900,0.002200,0.006300,0.000000
2419,2.743459,0.938598,0.942200,0.841700,1076.000000,852566320.000000,1324570160.000000,237035520.000000,1573638144.000000,0.000700,0.000000,0.000000,0.000000,0.008800,0.000000,0.010400,0.000000,0.000000,0.000000,0.003900,0.002000,0.002200,0.006200,0.000000
2420,2.744465,0.989796,0.931200,0.836100,1076.000000,852566768.000000,1324570160.000000,237035520.000000,1573638144.000000,0.000700,0.000000,0.000000,0.000000,0.008900,0.000000,0.010200,0.000000,0.000000,0.000000,0.003800,0.002000,0.002100,0.006400,0.000000
2421,2.746017,1.513903,1.402000,1.255300,1076.000000,852555552.000000,1324570160.000000,237035520.000000,1573638144.000000,0.000600,0.000000,0.000000,0.000000,0.009800,0.000000,0.010400,0.000000,0.000000,0.000000,0.004600,0.002400,0.002300,0.006600,0.000000
2422,2.747321,1.265802,1.398100,1.137600,1076.000000,852555584.000000,1324570160.000000,237035520.000000,1573638144.000000,0.000900,0.000000,0.000000,0.000000,0.010600,0.000000,0.010700,0.000000,0.000000,0.000000,0.004700,0.002000,0.002600,0.007200,0.000000
2423,2.748590,1.330995,1.335800,1.210300,1076.000000,852569448.000000,1324570160.000000,237035520.000000,1573638144.000000,0.000800,0.000000,0.000000,0.000000,0.011200,0.000000,0.011800,0.000000,0.000000,0.000000,0.006400,0.002400,0.002900,0.007400,0.000000
2424,2.749683,1.099901,1.107800,0.991800,1076.000000,852570960.000000,1324570160.000000,237035520.000000,1573638144.000000,0.000700,0.000000,0.000000,0.000000,0.010200,0.000000,0.011500,0.000000,0.000000,0.000000,0.004600,0.002500,0.002800,0.007000,0.000000
2425,2.750662,0.994005,1.000000,0.896100,1076.000000,852571408.000000,1324570160.000000,237035520.000000,1573638144.000000,0.000800,0.000000,0.000000,0.000000,0.010200,0.000000,0.010600,0.000000,0.000000,0.000000,0.004300,0.002000,0.002700,0.006900,0.000000
2426,2.751649,0.986798,0.979600,0.883300,1076.000000,852570584.000000,1324570160.000000,237035520.000000,1573638144.000000,0.000700,0.000000,0.000000,0.000000,0.008800,0.000000,0.010700,0.000000,0.000000,0.000000,0.004000,0.001800,0.002500,0.006500,0.000000
2427,2.752625,0.970699,0.968900,0.867600,1076.000000,852574704.000000,1324570160.000000,237035520.000000,1573638144.000000,0.000700,0.000000,0.000000,0.000000,0.008800,0.000000,0.010700,0.000000,0.000000,0.000000,0.004100,0.002500,0.002300,0.006600,0.000000
2428,2.753572,0.958298,0.959900,0.860200,1076.000000,852575152.000000,1324570160.000000,237035520.000000,1573638144.000000,0.000700,0.000000,0.000000,0.000000,0.009700,0.000000,0.011200,0.000000,0.000000,0.000000,0.003900,0.001700,0.002200,0.006500,0.000000
2429,2.754521,0.925205,0.919400,0.824700,1076.000000,852574752.000000,1324570160.000000,237035520.000000,1573638144.000000,0.000700,0.000000,0.000000,0.000000,0.008700,0.000000,0.010600,0.000000,0.000000,0.000000,0.003600,0.001600,0.002300,0.006400,0.000000
2430,2.755802,1.297499,1.293100,1.193600,1076.000000,852579416.000000,1324570160.000000,237035520.000000,1573638144.000000,0.343900,0.038500,0.011900,0.123700,0.008800,0.021600,0.011500,0.013600,0.019400,0.024400,0.003700,0.002200,0.002300,0.005700,0.000000
2431,2.756783,0.986196,0.985600,0.884600,1076.000000,852579440.000000,1324570160.000000,237035520.000000,1573638144.000000,0.000600,0.000000,0.000000,0.000000,0.011000,0.000000,0.010900,0.000000,0.000000,0.000000,0.004100,0.002400,0.002700,0.006200,0.000000
2432,2.757797,1.004004,0.998700,0.899300,1076.000000,852593824.000000,1324570160.000000,237035520.000000,1573638144.000000,0.000700,0.000000,0.000000,0.000000,0.009500,0.000000,0.011100,0.000000,0.000000,0.000000,0.004300,0.002600,0.002300,0.006400,0.000000
2433,2.758745,0.959495,0.960900,0.860200,1076.000000,852581728.000000,1324570160.000000,237035520.000000,1573638144.000000,0.000800,0.000000,0.000000,0.000000,0.009800,0.000000,0.012400,0.000000,0.000000,0.000000,0.004200,0.001800,0.002600,0.006000,0.000000
2434,2.761545,2.753401,2.631900,2.530200,1076.000000,852578568.000000,1324570160.000000,237035520.000000,1573638144.000000,0.000600,0.000000,0.000000,0.000000,0.008800,0.000000,0.011000,0.000000,0.000000,0.000000,0.003600,0.002500,0.002100,0.006500,0.000000
2435,2.763061,1.479500,1.560200,1.334800,1076.000000,852578608.000000,1324570160.000000,237035520.000000,1573638144.000000,0.000800,0.000000,0.000000,0.000000,0.011300,0.000000,0.012700,0.000000,0.000000,0.000000,0.005800,0.002800,0.003300,0.008300,0.000000
2436,2.764577,1.514704,1.510600,1.371400,1076.000000,852587248.000000,1324570160.000000,237035520.000000,1573638144.000000,0.000900,0.000000,0.000000,0.000000,0.013500,0.000000,0.012000,0.000000,0.000000,0.000000,0.005000,0.004000,0.003700,0.008900,0.000000
2437,2.765662,1.162897,1.188600,1.061400,1076.000000,852586856.000000,1324570160.000000,237035520.000000,1573638144.000000,0.000900,0.000000,0.000000,0.000000,0.013100,0.000000,0.012600,0.000000,0.000000,0.000000,0.006600,0.002800,0.003400,0.008000,0.000000
2438,2.767474,1.683100,1.631100,1.513600,1076.000000,852586888.000000,1324570160.000000,237035520.000000,1573638144.000000,0.000700,0.000000,0.000000,0.000000,0.009300,0.000000,0.010500,0.000000,0.000000,0.000000,0.004600,0.002200,0.002600,0.007100,0.000000
2439,2.768693,1.290200,1.320400,1.171600,1076.000000,852586904.000000,1324570160.000000,237035520.000000,1573638144.000000,0.000900,0.000000,0.000000,0.000000,0.014600,0.000000,0.014300,0.000000,0.000000,0.000000,0.006300,0.003100,0.003500,0.009500,0.000000
2440,2.769757,1.107703,1.115100,0.999400,1076.000000,852587344.000000,1324570160.000000,237035520.000000,1573638144.000000,0.000900,0.000000,0.000000,0.000000,0.011100,0.000000,0.012600,0.000000,0.000000,0.000000,0.005800,0.002700,0.003300,0.007400,0.000000
2441,2.770851,1.076899,1.074900,0.971100,1076.000000,852587792.000000,1324570160.000000,237035520.000000,1573638144.000000,0.000600,0.000000,0.000000,0.000000,0.010200,0.000000,0.011000,0.000000,0.000000,0.000000,0.004200,0.002200,0.002800,0.006000,0.000000
2442,2.772331,1.474199,1.456100,1.344500,1076.000000,852591248.000000,1324570160.000000,237035520.000000,1573638144.000000,0.327600,0.039800,0.012600,0.108200,0.017300,0.018300,0.011800,0.013800,0.019400,0.012700,0.004400,0.002300,0.002600,0.005500,0.000000
2443,2.773442,1.132504,1.138100,1.017700,1076.000000,852591696.000000,1324570160.000000,237035520.000000,1573638144.000000,0.000700,0.000000,0.000000,0.000000,0.012800,0.000000,0.013900,0.000000,0.000000,0.000000,0.004600,0.002300,0.003000,0.007800,0.000000
2444,2.774511,1.063400,1.072100,0.962900,1076.000000,852595816.000000,1324570160.000000,237035520.000000,1573638144.000000,0.000700,0.000000,0.000000,0.000000,0.009700,0.000000,0.012400,0.000000,0.000000,0.000000,0.004300,0.001900,0.002400,0.006200,0.000000
2445,2.775456,0.970295,0.970200,0.872100,1076.000000,852595416.000000,1324570160.000000,237035520.000000,1573638144.000000,0.000700,0.000000,0.000000,0.000000,0.009100,0.000000,0.013400,0.000000,0.000000,0.000000,0.004200,0.001800,0.002500,0.006600,0.000000
2446,2.776393,0.939505,0.937300,0.841000,1076.000000,852595256.000000,1324570160.000000,237035520.000000,1573638144.000000,0.000700,0.000000,0.000000,0.000000,0.008800,0.000000,0.010200,0.000000,0.000000,0.000000,0.004000,0.001800,0.002300,0.006300,0.000000
2447,2.777694,1.271797,0.995600,0.899900,1076.000000,852595280.000000,1324570160.000000,237035520.000000,1573638144.000000,0.000700,0.000000,0.000000,0.000000,0.008900,0.000000,0.009900,0.000000,0.000000,0.000000,0.003700,0.001700,0.002300,0.006300,0.000000
2448,2.778938,1.192397,1.422200,1.049900,1076.000000,852609664.000000,1324570160.000000,237035520.000000,1573638144.000000,0.000600,0.000000,0.000000,0.000000,0.011000,0.000000,0.011600,0.000000,0.000000,0.000000,0.005000,0.001800,0.002500,0.007200,0.000000
2449,2.780128,1.223306,1.226700,1.089000,1076.000000,852601664.000000,1324570160.000000,237035520.000000,1573638144.000000,0.000800,0.000000,0.000000,0.000000,0.012600,0.000000,0.014400,0.000000,0.000000,0.000000,0.006600,0.002700,0.002900,0.007900,0.000000
2450,2.781311,1.181498,1.184200,1.051800,1076.000000,852599048.000000,1324570160.000000,237035520.000000,1573638144.000000,0.000700,0.000000,0.000000,0.000000,0.011600,0.000000,0.012300,0.000000,0.000000,0.000000,0.005100,0.002400,0.002500,0.007100,0.000000
2451,2.783190,1.754996,1.153900,1.031100,1076.000000,852599088.000000,1324570160.000000,237035520.000000,1573638144.000000,0.000700,0.000000,0.000000,0.000000,0.011600,0.000000,0.012000,0.000000,0.000000,0.000000,0.004600,0.002400,0.002300,0.015600,0.000000
2452,2.784642,1.516801,2.082800,1.362600,1076.000000,852599536.000000,1324570160.000000,237035520.000000,1573638144.000000,0.000800,0.000000,0.000000,0.000000,0.020300,0.000000,0.017900,0.000000,0.000000,0.000000,0.007000,0.003700,0.004100,0.011000,0.000000
2453,2.786021,1.394600,1.374900,1.220800,1076.000000,852599144.000000,1324570160.000000,237035520.000000,1573638144.000000,0.000700,0.000000,0.000000,0.000000,0.017200,0.000000,0.018800,0.000000,0.000000,0.000000,0.006100,0.003000,0.003200,0.009700,0.000000
2454,2.787436,1.467900,1.521800,1.356700,1076.000000,852588400.000000,1324570160.000000,237035520.000000,1573638144.000000,0.001000,0.000000,0.000000,0.000000,0.016200,0.000000,0.013300,0.000000,0.000000,0.000000,0.006700,0.003200,0.003500,0.010900,0.000000
2455,2.788758,1.347399,1.349300,1.239200,1076.000000,852592760.000000,1324570160.000000,237035520.000000,1573638144.000000,0.310900,0.040100,0.011600,0.103000,0.011200,0.017000,0.010600,0.013700,0.019100,0.011900,0.004800,0.002100,0.002500,0.006000,0.000000
2456,2.789719,0.973902,0.980300,0.876400,1076.000000,852593200.000000,1324570160.000000,237035520.000000,1573638144.000000,0.000700,0.000000,0.000000,0.000000,0.011100,0.000000,0.011300,0.000000,0.000000,0.000000,0.004200,0.002600,0.002400,0.006900,0.000000
2457,2.790643,0.929500,0.928100,0.832800,1076.000000,852594072.000000,1324570160.000000,237035520.000000,1573638144.000000,0.000700,0.000000,0.000000,0.000000,0.009100,0.000000,0.011100,0.000000,0.000000,0.000000,0.003900,0.001800,0.004900,0.006100,0.000000
2458,2.791707,1.058801,1.048900,0.954200,1076.000000,852602528.000000,1324570160.000000,237035520.000000,1573638144.000000,0.000700,0.000000,0.000000,0.000000,0.008500,0.000000,0.010600,0.000000,0.000000,0.000000,0.003900,0.001800,0.002300,0.006200,0.000000
2459,2.792690,0.977997,0.980600,0.879200,1076.000000,852603376.000000,1324570160.000000,237035520.000000,1573638144.000000,0.000600,0.000000,0.000000,0.000000,0.008600,0.000000,0.009900,0.000000,0.000000,0.000000,0.004000,0.001700,0.002300,0.006200,0.000000
2460,2.793842,1.098299,0.944900,0.849600,1076.000000,852603824.000000,1324570160.000000,237035520.000000,1573638144.000000,0.000700,0.000000,0.000000,0.000000,0.008900,0.000000,0.010700,0.000000,0.000000,0.000000,0.003800,0.002200,0.002400,0.006400,0.000000
2461,2.794847,1.065505,1.208100,0.964700,1076.000000,852607520.000000,1324570160.000000,237035520.000000,1573638144.000000,0.000600,0.000000,0.000000,0.000000,0.009500,0.000000,0.011000,0.000000,0.000000,0.000000,0.004300,0.001800,0.002400,0.006400,0.000000
2462,2.795790,0.947697,0.951900,0.849700,1076.000000,852611640.000000,1324570160.000000,237035520.000000,1573638144.000000,0.000600,0.000000,0.000000,0.000000,0.008800,0.000000,0.011000,0.000000,0.000000,0.000000,0.004300,0.002600,0.002300,0.006000,0.000000
2463,2.796891,1.029904,0.995900,0.893300,1076.000000,852611664.000000,1324570160.000000,237035520.000000,1573638144.000000,0.000600,0.000000,0.000000,0.000000,0.008800,0.000000,0.010700,0.000000,0.000000,0.000000,0.004200,0.002500,0.002200,0.006300,0.000000
2464,2.798030,1.193197,1.209100,1.083600,1076.000000,852626048.000000,1324570160.000000,237035520.000000,1573638144.000000,0.000700,0.000000,0.000000,0.000000,0.012200,0.000000,0.012600,0.000000,0.000000,0.000000,0.004900,0.002900,0.003000,0.007800,0.000000
2465,2.799038,1.008702,1.013600,0.906100,1076.000000,852613952.000000,1324570160.000000,237035520.000000,1573638144.000000,0.000600,0.000000,0.000000,0.000000,0.009400,0.000000,0.012600,0.000000,0.000000,0.000000,0.004100,0.002600,0.002900,0.006700,0.000000
2466,2.800075,1.035395,1.030400,0.931200,1076.000000,852611336.000000,1324570160.000000,237035520.000000,1573638144.000000,0.000700,0.000000,0.000000,0.000000,0.009100,0.000000,0.011400,0.000000,0.000000,0.000000,0.004000,0.001800,0.002600,0.005600,0.000000
2467,2.801188,0.985502,0.987700,0.885800,1076.000000,852611376.000000,1324570160.000000,237035520.000000,1573638144.000000,0.000700,0.000000,0.000000,0.000000,0.009400,0.000000,0.010700,0.000000,0.000000,0.000000,0.004100,0.001800,0.002200,0.005100,0.000000
2468,2.802464,1.383900,1.360000,1.254100,1076.000000,852615920.000000,1324570160.000000,237035520.000000,1573638144.000000,0.000800,0.000000,0.000000,0.000000,0.008800,0.000000,0.012000,0.000000,0.000000,0.000000,0.008400,0.002300,0.003000,0.008000,0.000000
2469,2.803653,1.187202,1.191100,1.067700,1076.000000,852615528.000000,1324570160.000000,237035520.000000,1573638144.000000,0.000800,0.000000,0.000000,0.000000,0.010900,0.000000,0.011200,0.000000,0.000000,0.000000,0.004600,0.002100,0.002800,0.007000,0.000000
2470,2.804688,1.059602,1.066000,0.955300,1076.000000,852615560.000000,1324570160.000000,237035520.000000,1573638144.000000,0.000700,0.000000,0.000000,0.000000,0.010400,0.000000,0.011000,0.000000,0.000000,0.000000,0.004700,0.001900,0.002300,0.006800,0.000000
2471,2.806010,1.301594,1.293100,1.190200,1076.000000,852616736.000000,1324570160.000000,237035520.000000,1573638144.000000,0.332100,0.040100,0.011900,0.123000,0.009500,0.017700,0.012000,0.013600,0.019300,0.012700,0.004500,0.002000,0.002400,0.004900,0.000000
2472,2.807126,1.121003,1.113700,1.005600,1076.000000,852616880.000000,1324570160.000000,237035520.000000,1573638144.000000,0.000700,0.000000,0.000000,0.000000,0.011500,0.000000,0.012600,0.000000,0.000000,0.000000,0.005100,0.002300,0.002300,0.006500,0.000000
2473,2.808317,1.171103,1.149400,1.031800,1076.000000,852617456.000000,1324570160.000000,237035520.000000,1573638144.000000,0.000700,0.000000,0.000000,0.000000,0.010500,0.000000,0.011300,0.000000,0.000000,0.000000,0.004300,0.002100,0.002500,0.006800,0.000000
2474,2.809572,1.260799,1.116800,0.987500,1076.000000,852620728.000000,1324570160.000000,237035520.000000,1573638144.000000,0.000700,0.000000,0.000000,0.000000,0.012500,0.000000,0.010800,0.000000,0.000000,0.000000,0.004000,0.001900,0.002900,0.006200,0.000000
2475,2.810621,1.083999,1.239500,0.969900,1076.000000,852620016.000000,1324570160.000000,237035520.000000,1573638144.000000,0.000700,0.000000,0.000000,0.000000,0.010200,0.000000,0.011900,0.000000,0.000000,0.000000,0.005600,0.002000,0.003000,0.007200,0.000000
2476,2.811798,1.153798,1.015800,0.903800,1128.000000,852620464.000000,1324570160.000000,237035520.000000,1573638144.000000,0.000600,0.000000,0.000000,0.000000,0.009000,0.000000,0.011200,0.000000,0.000000,0.000000,0.004300,0.001700,0.002400,0.007200,0.000000
2477,2.812845,1.053897,1.195400,0.952300,1076.000000,852620256.000000,1324570160.000000,237035520.000000,1573638144.000000,0.000700,0.000000,0.000000,0.000000,0.010300,0.000000,0.011800,0.000000,0.000000,0.000000,0.004700,0.002100,0.002500,0.006900,0.000000
2478,2.813869,1.017602,1.017500,0.915700,1076.000000,852624376.000000,1324570160.000000,237035520.000000,1573638144.000000,0.000800,0.000000,0.000000,0.000000,0.009800,0.000000,0.011400,0.000000,0.000000,0.000000,0.004200,0.001700,0.002500,0.006500,0.000000
2479,2.814833,0.988400,0.989500,0.891200,1076.000000,852624408.000000,1324570160.000000,237035520.000000,1573638144.000000,0.000800,0.000000,0.000000,0.000000,0.009000,0.000000,0.011100,0.000000,0.000000,0.000000,0.005100,0.002300,0.002900,0.006800,0.000000
2480,2.815820,0.987500,0.973700,0.878500,1076.000000,852638808.000000,1324570160.000000,237035520.000000,1573638144.000000,0.000800,0.000000,0.000000,0.000000,0.008400,0.000000,0.011000,0.000000,0.000000,0.000000,0.004200,0.001700,0.002400,0.006200,0.000000
2481,2.816864,1.043899,1.046800,0.938900,1076.000000,852630824.000000,1324570160.000000,237035520.000000,1573703680.000000,0.000600,0.000000,0.000000,0.000000,0.008400,0.000000,0.011800,0.000000,0.000000,0.000000,0.003800,0.001700,0.002100,0.006300,0.000000
2482,2.817841,0.974100,0.973500,0.872300,1076.000000,852628208.000000,1324570160.000000,237035520.000000,1573703680.000000,0.000800,0.000000,0.000000,0.000000,0.008800,0.000000,0.011000,0.000000,0.000000,0.000000,0.003900,0.002500,0.002400,0.006700,0.000000
2483,2.818787,0.943700,0.942400,0.842300,1076.000000,852632344.000000,1324570160.000000,237035520.000000,1573703680.000000,0.000700,0.000000,0.000000,0.000000,0.008400,0.000000,0.010300,0.000000,0.000000,0.000000,0.004000,0.001800,0.002400,0.006200,0.000000
2484,2.819757,0.978401,0.979000,0.881100,1076.000000,852632792.000000,1324570160.000000,237035520.000000,1573703680.000000,0.000600,0.000000,0.000000,0.000000,0.009000,0.000000,0.011600,0.000000,0.000000,0.000000,0.003700,0.001800,0.002400,0.006300,0.000000
2485,2.820665,0.909701,0.908100,0.813800,1076.000000,852632400.000000,1324570160.000000,237035520.000000,1573703680.000000,0.000600,0.000000,0.000000,0.000000,0.008600,0.000000,0.010100,0.000000,0.000000,0.000000,0.003700,0.001700,0.002100,0.006400,0.000000
2486,2.821963,1.285402,1.278100,1.182700,1076.000000,852633608.000000,1324570160.000000,237035520.000000,1573703680.000000,0.314900,0.043100,0.012000,0.106800,0.008300,0.018500,0.010100,0.014400,0.019500,0.012900,0.003500,0.001900,0.002200,0.004500,0.000000
2487,2.822928,0.957894,0.953400,0.854900,1076.000000,852637720.000000,1324570160.000000,237035520.000000,1573703680.000000,0.000800,0.000000,0.000000,0.000000,0.010400,0.000000,0.010800,0.000000,0.000000,0.000000,0.003700,0.001800,0.002400,0.006200,0.000000
2488,2.823875,0.962103,0.963900,0.864500,1076.000000,852638160.000000,1324570160.000000,237035520.000000,1573703680.000000,0.000600,0.000000,0.000000,0.000000,0.009500,0.000000,0.011200,0.000000,0.000000,0.000000,0.003700,0.001800,0.002300,0.006700,0.000000
2489,2.825148,1.154301,1.152400,1.057200,1076.000000,852627832.000000,1324570160.000000,237035520.000000,1573703680.000000,0.000700,0.000000,0.000000,0.000000,0.008700,0.000000,0.010900,0.000000,0.000000,0.000000,0.003700,0.001900,0.002200,0.006300,0.000000
2490,2.826096,1.068899,1.061000,0.965800,1076.000000,852625832.000000,1324570160.000000,237035520.000000,1573703680.000000,0.000800,0.000000,0.000000,0.000000,0.008700,0.000000,0.010600,0.000000,0.000000,0.000000,0.005900,0.001800,0.002600,0.006600,0.000000
2491,2.827061,0.951701,0.944500,0.844400,1076.000000,852625856.000000,1324570160.000000,237035520.000000,1573703680.000000,0.000600,0.000000,0.000000,0.000000,0.008400,0.000000,0.010600,0.000000,0.000000,0.000000,0.003500,0.002800,0.002300,0.006300,0.000000
2492,2.828032,0.980300,0.986000,0.881700,1076.000000,852626304.000000,1324570160.000000,237035520.000000,1573703680.000000,0.000800,0.000000,0.000000,0.000000,0.009300,0.000000,0.010900,0.000000,0.000000,0.000000,0.004400,0.002100,0.002300,0.006400,0.000000
2493,2.829741,1.668700,1.095200,0.998100,1076.000000,852635608.000000,1324570160.000000,237035520.000000,1573703680.000000,0.000700,0.000000,0.000000,0.000000,0.009200,0.000000,0.011100,0.000000,0.000000,0.000000,0.003700,0.002000,0.002300,0.006300,0.000000
2494,2.830862,1.143495,1.701700,1.039200,1076.000000,852640800.000000,1324570160.000000,237035520.000000,1573703680.000000,0.000700,0.000000,0.000000,0.000000,0.010800,0.000000,0.011700,0.000000,0.000000,0.000000,0.004700,0.002200,0.002800,0.006600,0.000000
2495,2.831969,1.104606,1.104300,0.997300,1076.000000,852644920.000000,1324570160.000000,237035520.000000,1573703680.000000,0.000700,0.000000,0.000000,0.000000,0.010000,0.000000,0.025300,0.000000,0.000000,0.000000,0.004600,0.002800,0.002700,0.006800,0.000000
2496,2.833201,1.115993,1.092700,0.984700,1076.000000,852659432.000000,1324570160.000000,237035520.000000,1573703680.000000,0.000900,0.000000,0.000000,0.000000,0.010000,0.000000,0.012100,0.000000,0.000000,0.000000,0.004600,0.002300,0.002900,0.007500,0.000000
2497,2.834382,1.279301,1.277500,1.154300,1076.000000,852647464.000000,1324570160.000000,237035520.000000,1573703680.000000,0.000800,0.000000,0.000000,0.000000,0.011300,0.000000,0.014100,0.000000,0.000000,0.000000,0.007400,0.002300,0.004100,0.008400,0.000000
2498,2.835355,1.007200,1.027000,0.906200,1076.000000,852644848.000000,1324570160.000000,237035520.000000,1573703680.000000,0.000700,0.000000,0.000000,0.000000,0.009400,0.000000,0.012000,0.000000,0.000000,0.000000,0.004100,0.002700,0.002900,0.006900,0.000000
2499,2.836320,0.974504,0.954700,0.855800,1076.000000,852644888.000000,1324570160.000000,237035520.000000,1573703680.000000,0.000600,0.000000,0.000000,0.000000,0.009000,0.000000,0.011200,0.000000,0.000000,0.000000,0.003900,0.001800,0.002200,0.006500,0.000000
2500,2.837331,1.010899,1.024100,0.908800,1076.000000,852649432.000000,1324570160.000000,237035520.000000,1573703680.000000,0.000700,0.000000,0.000000,0.000000,0.008900,0.000000,0.011100,0.000000,0.000000,0.000000,0.003600,0.002700,0.002300,0.006700,0.000000
2501,2.838641,1.298703,1.297100,1.195300,1076.000000,852649984.000000,1324570160.000000,237035520.000000,1573703680.000000,0.320800,0.042500,0.011500,0.116700,0.008900,0.017600,0.008900,0.014500,0.020200,0.012300,0.003800,0.002000,0.002300,0.005100,0.000000
2502,2.839636,1.003295,0.999500,0.899500,1076.000000,852650016.000000,1324570160.000000,237035520.000000,1573703680.000000,0.000700,0.000000,0.000000,0.000000,0.010700,0.000000,0.010700,0.000000,0.000000,0.000000,0.003400,0.001900,0.002200,0.006500,0.000000
2503,2.840611,0.970805,0.967900,0.868300,1076.000000,852650032.000000,1324570160.000000,237035520.000000,1573703680.000000,0.000800,0.000000,0.000000,0.000000,0.008900,0.000000,0.010000,0.000000,0.000000,0.000000,0.003700,0.001800,0.002100,0.006400,0.000000
2504,2.841845,1.106399,1.100100,0.998500,1076.000000,852650472.000000,1324570160.000000,237035520.000000,1573703680.000000,0.000600,0.000000,0.000000,0.000000,0.008900,0.000000,0.011200,0.000000,0.000000,0.000000,0.003900,0.001800,0.002500,0.006400,0.000000
2505,2.842926,1.187897,1.185700,1.081600,1076.000000,852650120.000000,1324570160.000000,237035520.000000,1573703680.000000,0.000600,0.000000,0.000000,0.000000,0.009100,0.000000,0.011500,0.000000,0.000000,0.000000,0.008600,0.002300,0.003100,0.007500,0.000000
2506,2.843957,1.030301,1.028800,0.925600,1076.000000,852653392.000000,1324570160.000000,237035520.000000,1573703680.000000,0.000600,0.000000,0.000000,0.000000,0.009700,0.000000,0.011300,0.000000,0.000000,0.000000,0.004700,0.001900,0.002300,0.006800,0.000000
2507,2.845586,1.544898,1.036900,0.934900,1076.000000,852653416.000000,1324570160.000000,237035520.000000,1573703680.000000,0.000700,0.000000,0.000000,0.000000,0.009900,0.000000,0.010900,0.000000,0.000000,0.000000,0.005800,0.002500,0.002400,0.007200,0.000000
2508,2.846632,1.135105,1.635600,1.031400,1076.000000,852653864.000000,1324570160.000000,237035520.000000,1573703680.000000,0.001100,0.000000,0.000000,0.000000,0.010500,0.000000,0.011600,0.000000,0.000000,0.000000,0.008500,0.002100,0.003000,0.007200,0.000000
2509,2.847712,1.083100,1.077000,0.972400,1076.000000,852653464.000000,1324570160.000000,237035520.000000,1573703680.000000,0.000700,0.000000,0.000000,0.000000,0.010100,0.000000,0.011200,0.000000,0.000000,0.000000,0.004200,0.002000,0.002400,0.006500,0.000000
2510,2.848690,0.991199,0.996800,0.890700,1076.000000,852653488.000000,1324570160.000000,237035520.000000,1573703680.000000,0.000700,0.000000,0.000000,0.000000,0.010100,0.000000,0.011100,0.000000,0.000000,0.000000,0.004500,0.001800,0.002300,0.006300,0.000000
2511,2.849899,1.178196,0.992300,0.891100,1076.000000,852653512.000000,1324570160.000000,237035520.000000,1573703680.000000,0.000600,0.000000,0.000000,0.000000,0.009000,0.000000,0.010400,0.000000,0.000000,0.000000,0.003900,0.001800,0.002000,0.006500,0.000000
2512,2.850968,1.094600,1.268900,0.992000,1076.000000,852671992.000000,1324570160.000000,237035520.000000,1573703680.000000,0.000600,0.000000,0.000000,0.000000,0.010500,0.000000,0.011200,0.000000,0.000000,0.000000,0.004600,0.002100,0.002700,0.007500,0.000000
2513,2.851976,1.007207,1.008300,0.903900,1076.000000,852663992.000000,1324570160.000000,237035520.000000,1573703680.000000,0.000700,0.000000,0.000000,0.000000,0.009300,0.000000,0.011800,0.000000,0.000000,0.000000,0.004200,0.002000,0.002500,0.006300,0.000000
2514,2.852953,0.981399,0.979800,0.880100,1076.000000,852661376.000000,1324570160.000000,237035520.000000,1573703680.000000,0.000700,0.000000,0.000000,0.000000,0.009500,0.000000,0.011200,0.000000,0.000000,0.000000,0.004300,0.001600,0.002500,0.006500,0.000000
2515,2.853936,0.963797,0.963000,0.864900,1076.000000,852661840.000000,1324570160.000000,237035520.000000,1573703680.000000,0.000700,0.000000,0.000000,0.000000,0.009300,0.000000,0.012000,0.000000,0.000000,0.000000,0.004300,0.001800,0.002400,0.006500,0.000000
2516,2.855188,1.278600,1.275900,1.179800,1076.000000,852662288.000000,1324570160.000000,237035520.000000,1573703680.000000,0.312800,0.041800,0.012300,0.107400,0.009100,0.017300,0.012100,0.013700,0.020200,0.012300,0.003800,0.002000,0.002400,0.004700,0.000000
2517,2.856135,0.945904,0.944900,0.849200,1076.000000,852661896.000000,1324570160.000000,237035520.000000,1573703680.000000,0.000600,0.000000,0.000000,0.000000,0.009800,0.000000,0.010900,0.000000,0.000000,0.000000,0.003800,0.002400,0.002400,0.006300,0.000000
2518,2.857759,1.505995,1.055100,0.956500,1076.000000,852661928.000000,1324570160.000000,237035520.000000,1573703680.000000,0.000600,0.000000,0.000000,0.000000,0.008500,0.000000,0.010000,0.000000,0.000000,0.000000,0.003400,0.001800,0.002400,0.006300,0.000000
2519,2.858925,1.257200,1.683600,1.143300,1076.000000,852666040.000000,1324570160.000000,237035520.000000,1573703680.000000,0.000900,0.000000,0.000000,0.000000,0.011200,0.000000,0.011800,0.000000,0.000000,0.000000,0.006700,0.002200,0.002900,0.008300,0.000000
2520,2.859971,1.060906,1.065400,0.952500,1076.000000,852666056.000000,1324570160.000000,237035520.000000,1573703680.000000,0.000700,0.000000,0.000000,0.000000,0.010400,0.000000,0.011900,0.000000,0.000000,0.000000,0.004700,0.002800,0.002600,0.007400,0.000000
2521,2.861121,1.126396,0.984200,0.878700,1076.000000,852670600.000000,1324570160.000000,237035520.000000,1573703680.000000,0.000800,0.000000,0.000000,0.000000,0.009900,0.000000,0.010500,0.000000,0.000000,0.000000,0.004400,0.002800,0.002500,0.006900,0.000000
2522,2.862204,1.093304,1.225800,0.979600,1076.000000,852669776.000000,1324570160.000000,237035520.000000,1573703680.000000,0.000700,0.000000,0.000000,0.000000,0.009900,0.000000,0.011300,0.000000,0.000000,0.000000,0.005900,0.002300,0.002700,0.007200,0.000000
2523,2.863271,1.072300,1.075300,0.964700,1076.000000,852669800.000000,1324570160.000000,237035520.000000,1573703680.000000,0.000800,0.000000,0.000000,0.000000,0.010500,0.000000,0.011400,0.000000,0.000000,0.000000,0.004300,0.002000,0.002700,0.006600,0.000000
2524,2.864201,0.946499,0.952200,0.848500,1076.000000,852670248.000000,1324570160.000000,237035520.000000,1573703680.000000,0.000700,0.000000,0.000000,0.000000,0.010300,0.000000,0.011000,0.000000,0.000000,0.000000,0.004300,0.002200,0.002600,0.006500,0.000000
2525,2.865440,1.171896,0.983400,0.886100,1076.000000,852669848.000000,1324570160.000000,237035520.000000,1573703680.000000,0.000700,0.000000,0.000000,0.000000,0.009000,0.000000,0.010800,0.000000,0.000000,0.000000,0.003700,0.001900,0.002300,0.006200,0.000000
2526,2.866539,1.131101,1.304100,1.020900,1076.000000,852673968.000000,1324570160.000000,237035520.000000,1573703680.000000,0.000800,0.000000,0.000000,0.000000,0.010300,0.000000,0.012400,0.000000,0.000000,0.000000,0.006100,0.002100,0.002600,0.007400,0.000000
2527,2.867662,1.138301,1.131400,1.023400,1076.000000,852673992.000000,1324570160.000000,237035520.000000,1573703680.000000,0.000800,0.000000,0.000000,0.000000,0.010100,0.000000,0.010800,0.000000,0.000000,0.000000,0.005100,0.002100,0.002700,0.005300,0.000000
2528,2.868736,1.082596,1.088100,0.978100,1076.000000,852688376.000000,1324570160.000000,237035520.000000,1573703680.000000,0.000800,0.000000,0.000000,0.000000,0.010200,0.000000,0.011700,0.000000,0.000000,0.000000,0.004800,0.002200,0.002500,0.007300,0.000000
2529,2.869701,0.977005,0.975800,0.875400,1076.000000,852680928.000000,1324570160.000000,237035520.000000,1573703680.000000,0.000800,0.000000,0.000000,0.000000,0.009100,0.000000,0.013900,0.000000,0.000000,0.000000,0.004000,0.002100,0.002400,0.006600,0.000000
2530,2.870702,1.003196,1.001200,0.902400,1076.000000,852677888.000000,1324570160.000000,237035520.000000,1573703680.000000,0.000700,0.000000,0.000000,0.000000,0.008600,0.000000,0.011400,0.000000,0.000000,0.000000,0.003800,0.001800,0.002300,0.006500,0.000000
2531,2.872156,1.427105,1.410200,1.310800,1076.000000,852680120.000000,1324570160.000000,237035520.000000,1573703680.000000,0.435700,0.040500,0.012100,0.193400,0.008900,0.019700,0.021100,0.019300,0.024800,0.025600,0.004000,0.002200,0.002300,0.005400,0.000000
2532,2.873237,0.995196,0.999000,0.890000,1076.000000,852684664.000000,1324570160.000000,237035520.000000,1573703680.000000,0.000700,0.000000,0.000000,0.000000,0.011300,0.000000,0.010500,0.000000,0.000000,0.000000,0.004200,0.001800,0.002600,0.006300,0.000000
2533,2.874494,1.336005,1.337700,1.233200,1076.000000,852684272.000000,1324570160.000000,237035520.000000,1573703680.000000,0.000600,0.000000,0.000000,0.000000,0.013000,0.000000,0.011300,0.000000,0.000000,0.000000,0.007800,0.002000,0.002800,0.007300,0.000000
2534,2.875578,1.099497,1.092000,0.990100,1076.000000,852684304.000000,1324570160.000000,237035520.000000,1573703680.000000,0.000700,0.000000,0.000000,0.000000,0.009300,0.000000,0.011100,0.000000,0.000000,0.000000,0.004200,0.002000,0.002600,0.006600,0.000000
2535,2.876653,1.079698,1.079400,0.971800,1076.000000,852682128.000000,1324570160.000000,237035520.000000,1573703680.000000,0.000700,0.000000,0.000000,0.000000,0.010400,0.000000,0.011300,0.000000,0.000000,0.000000,0.004300,0.002400,0.002600,0.007300,0.000000
2536,2.877811,1.142800,1.136500,1.031600,1076.000000,852682568.000000,1324570160.000000,237035520.000000,1573703680.000000,0.000600,0.000000,0.000000,0.000000,0.009500,0.000000,0.011400,0.000000,0.000000,0.000000,0.004200,0.001700,0.002400,0.006800,0.000000
2537,2.878877,1.069104,1.068700,0.961400,1076.000000,852683016.000000,1324570160.000000,237035520.000000,1573703680.000000,0.000700,0.000000,0.000000,0.000000,0.012200,0.000000,0.011000,0.000000,0.000000,0.000000,0.005000,0.002000,0.002500,0.007000,0.000000
2538,2.879889,1.034694,1.032500,0.929200,1076.000000,852686288.000000,1324570160.000000,237035520.000000,1573707776.000000,0.000800,0.000000,0.000000,0.000000,0.009600,0.000000,0.011100,0.000000,0.000000,0.000000,0.004300,0.001900,0.002500,0.006600,0.000000
2539,2.881202,1.052501,1.052600,0.949100,1076.000000,852686312.000000,1324570160.000000,237035520.000000,1573707776.000000,0.000800,0.000000,0.000000,0.000000,0.009600,0.000000,0.011000,0.000000,0.000000,0.000000,0.004400,0.002100,0.002400,0.006800,0.000000
2540,2.882331,1.353203,1.331300,1.224300,1076.000000,852686760.000000,1324570160.000000,237035520.000000,1573707776.000000,0.000800,0.000000,0.000000,0.000000,0.009300,0.000000,0.011900,0.000000,0.000000,0.000000,0.008100,0.002300,0.003600,0.008000,0.000000
2541,2.883402,1.094700,1.106300,0.986300,1076.000000,852686360.000000,1324570160.000000,237035520.000000,1573707776.000000,0.000800,0.000000,0.000000,0.000000,0.011200,0.000000,0.010900,0.000000,0.000000,0.000000,0.004200,0.002600,0.002800,0.007400,0.000000
2542,2.884352,0.965299,0.970300,0.866800,1076.000000,852686384.000000,1324570160.000000,237035520.000000,1573707776.000000,0.000800,0.000000,0.000000,0.000000,0.009500,0.000000,0.010900,0.000000,0.000000,0.000000,0.003800,0.001900,0.002600,0.006800,0.000000
2543,2.885274,0.925999,0.923800,0.828500,1076.000000,852686832.000000,1324570160.000000,237035520.000000,1573707776.000000,0.000600,0.000000,0.000000,0.000000,0.008700,0.000000,0.012000,0.000000,0.000000,0.000000,0.003600,0.002000,0.002300,0.006100,0.000000
2544,2.886225,0.950801,0.943500,0.848600,1076.000000,852700792.000000,1324570160.000000,237035520.000000,1573707776.000000,0.000600,0.000000,0.000000,0.000000,0.008400,0.000000,0.012400,0.000000,0.000000,0.000000,0.003600,0.001900,0.002000,0.006400,0.000000
2545,2.887428,1.168899,1.146400,1.043500,1076.000000,852692792.000000,1324570160.000000,237035520.000000,1573707776.000000,0.000700,0.000000,0.000000,0.000000,0.008700,0.000000,0.011800,0.000000,0.000000,0.000000,0.003800,0.001800,0.002100,0.006200,0.000000
2546,2.888757,1.341504,1.350900,1.229500,1076.000000,852694392.000000,1324570160.000000,237035520.000000,1573773312.000000,0.321700,0.042100,0.011800,0.105300,0.009800,0.017600,0.011200,0.014300,0.019800,0.012000,0.005000,0.002000,0.002200,0.005200,0.000000
2547,2.890016,1.255201,1.036700,0.928900,1076.000000,852698528.000000,1324570160.000000,237035520.000000,1573773312.000000,0.000800,0.000000,0.000000,0.000000,0.011000,0.000000,0.016700,0.000000,0.000000,0.000000,0.004400,0.001800,0.002200,0.006700,0.000000
2548,2.891053,1.044898,1.267100,0.948600,1076.000000,852698976.000000,1324570160.000000,237035520.000000,1573773312.000000,0.000600,0.000000,0.000000,0.000000,0.009800,0.000000,0.011100,0.000000,0.000000,0.000000,0.004400,0.002100,0.002400,0.006800,0.000000
2549,2.892582,1.369799,1.110400,1.001300,1076.000000,852698584.000000,1324570160.000000,237035520.000000,1573773312.000000,0.000700,0.000000,0.000000,0.000000,0.009500,0.000000,0.011300,0.000000,0.000000,0.000000,0.004200,0.001800,0.002300,0.006600,0.000000
2550,2.894155,1.591702,1.784800,1.428600,1076.000000,852698496.000000,1324570160.000000,237035520.000000,1573773312.000000,0.000800,0.000000,0.000000,0.000000,0.021500,0.000000,0.020100,0.000000,0.000000,0.000000,0.007500,0.004000,0.004400,0.011200,0.000000
2551,2.895666,1.553699,1.557900,1.397300,1076.000000,852702608.000000,1324570160.000000,237035520.000000,1573773312.000000,0.000800,0.000000,0.000000,0.000000,0.017100,0.000000,0.018700,0.000000,0.000000,0.000000,0.006500,0.003600,0.003400,0.010400,0.000000
2552,2.897202,1.405201,1.435300,1.286600,1076.000000,852703048.000000,1324570160.000000,237035520.000000,1573773312.000000,0.000900,0.000000,0.000000,0.000000,0.017200,0.000000,0.018400,0.000000,0.000000,0.000000,0.006400,0.003300,0.003400,0.009800,0.000000
2553,2.898861,1.785601,1.764000,1.639900,1076.000000,852703496.000000,1324570160.000000,237035520.000000,1573773312.000000,0.001100,0.000000,0.000000,0.000000,0.012000,0.000000,0.026500,0.000000,0.000000,0.000000,0.014100,0.004500,0.006400,0.015300,0.000000
2554,2.899965,1.194898,1.212000,1.079000,1076.000000,852702672.000000,1324570160.000000,237035520.000000,1573773312.000000,0.000800,0.000000,0.000000,0.000000,0.015600,0.000000,0.012900,0.000000,0.000000,0.000000,0.007800,0.003100,0.003500,0.009300,0.000000
2555,2.901096,1.137096,1.145000,1.032200,1076.000000,852702696.000000,1324570160.000000,237035520.000000,1573773312.000000,0.000600,0.000000,0.000000,0.000000,0.010500,0.000000,0.010700,0.000000,0.000000,0.000000,0.004500,0.002900,0.003200,0.006700,0.000000
2556,2.902141,1.047903,1.045100,0.941300,1076.000000,852703144.000000,1324570160.000000,237035520.000000,1573773312.000000,0.000700,0.000000,0.000000,0.000000,0.009400,0.000000,0.011400,0.000000,0.000000,0.000000,0.004700,0.002700,0.002500,0.006700,0.000000
2557,2.903116,0.988797,0.986000,0.883200,1076.000000,852703168.000000,1324570160.000000,237035520.000000,1573773312.000000,0.000700,0.000000,0.000000,0.000000,0.009300,0.000000,0.012500,0.000000,0.000000,0.000000,0.004300,0.002000,0.002300,0.006600,0.000000
2558,2.904109,0.988301,0.987200,0.884100,1076.000000,852706864.000000,1324570160.000000,237035520.000000,1573773312.000000,0.000700,0.000000,0.000000,0.000000,0.008900,0.000000,0.012600,0.000000,0.000000,0.000000,0.004500,0.002600,0.002100,0.006300,0.000000
2559,2.905910,1.752601,1.307200,1.204900,1076.000000,852707496.000000,1324570160.000000,237035520.000000,1573773312.000000,0.326400,0.042800,0.012200,0.105800,0.009500,0.019400,0.011400,0.014700,0.020400,0.012900,0.004500,0.001900,0.002500,0.005100,0.000000
2560,2.907121,1.237202,1.620300,1.080700,1076.000000,852721880.000000,1324570160.000000,237035520.000000,1573773312.000000,0.000700,0.000000,0.000000,0.000000,0.014300,0.000000,0.013100,0.000000,0.000000,0.000000,0.005400,0.002100,0.002800,0.007800,0.000000
2561,2.908524,1.246698,1.281400,1.122000,1076.000000,852709784.000000,1324570160.000000,237035520.000000,1573773312.000000,0.000800,0.000000,0.000000,0.000000,0.010200,0.000000,0.035400,0.000000,0.000000,0.000000,0.005200,0.002100,0.003000,0.007100,0.000000
2562,2.909620,1.252204,1.261500,1.141500,1076.000000,852707168.000000,1324570160.000000,237035520.000000,1573773312.000000,0.000900,0.000000,0.000000,0.000000,0.010500,0.000000,0.012300,0.000000,0.000000,0.000000,0.007600,0.002300,0.003500,0.007800,0.000000
2563,2.910736,1.013797,1.014000,0.908500,1076.000000,852710696.000000,1324570160.000000,237035520.000000,1573773312.000000,0.000900,0.000000,0.000000,0.000000,0.010300,0.000000,0.011200,0.000000,0.000000,0.000000,0.004500,0.001800,0.002500,0.006800,0.000000
2564,2.911823,1.196301,1.189500,1.084100,1076.000000,852715240.000000,1324570160.000000,237035520.000000,1573773312.000000,0.000800,0.000000,0.000000,0.000000,0.009400,0.000000,0.012400,0.000000,0.000000,0.000000,0.008000,0.002600,0.003200,0.009000,0.000000
2565,2.912930,1.104301,1.097000,0.986800,1076.000000,852714848.000000,1324570160.000000,237035520.000000,1573773312.000000,0.000900,0.000000,0.000000,0.000000,0.010600,0.000000,0.011700,0.000000,0.000000,0.000000,0.004000,0.002900,0.002600,0.007700,0.000000
2566,2.913995,1.050701,1.055000,0.943200,1076.000000,852714880.000000,1324570160.000000,237035520.000000,1573773312.000000,0.000800,0.000000,0.000000,0.000000,0.010800,0.000000,0.011400,0.000000,0.000000,0.000000,0.004400,0.002600,0.002500,0.007000,0.000000
2567,2.915023,1.066497,1.067900,0.964000,1076.000000,852714896.000000,1324570160.000000,237035520.000000,1573773312.000000,0.000700,0.000000,0.000000,0.000000,0.009200,0.000000,0.011100,0.000000,0.000000,0.000000,0.004900,0.002000,0.002600,0.006800,0.000000
2568,2.916014,0.985204,0.979600,0.880300,1076.000000,852715336.000000,1324570160.000000,237035520.000000,1573773312.000000,0.000700,0.000000,0.000000,0.000000,0.009100,0.000000,0.010500,0.000000,0.000000,0.000000,0.004000,0.002400,0.002200,0.006600,0.000000
2569,2.917071,1.036699,1.030400,0.926300,1076.000000,852715784.000000,1324570160.000000,237035520.000000,1573773312.000000,0.000600,0.000000,0.000000,0.000000,0.009500,0.000000,0.011200,0.000000,0.000000,0.000000,0.004500,0.002200,0.002400,0.006800,0.000000
2570,2.918076,1.018296,1.017500,0.911500,1076.000000,852719056.000000,1324570160.000000,237035520.000000,1573773312.000000,0.000800,0.000000,0.000000,0.000000,0.009600,0.000000,0.011400,0.000000,0.000000,0.000000,0.004200,0.002100,0.002400,0.007100,0.000000
2571,2.919069,1.006399,1.006800,0.904300,1076.000000,852719504.000000,1324570160.000000,237035520.000000,1573773312.000000,0.000700,0.000000,0.000000,0.000000,0.009400,0.000000,0.012700,0.000000,0.000000,0.000000,0.004300,0.001900,0.002200,0.006900,0.000000
2572,2.920033,0.966405,0.965300,0.865700,1076.000000,852719528.000000,1324570160.000000,237035520.000000,1573773312.000000,0.000800,0.000000,0.000000,0.000000,0.008700,0.000000,0.011700,0.000000,0.000000,0.000000,0.004300,0.002200,0.002200,0.006700,0.000000
2573,2.921104,0.957299,0.952000,0.855000,1076.000000,852719128.000000,1324570160.000000,237035520.000000,1573773312.000000,0.000600,0.000000,0.000000,0.000000,0.009000,0.000000,0.010000,0.000000,0.000000,0.000000,0.003800,0.002400,0.002200,0.006900,0.000000
2574,2.922998,1.946095,1.498900,1.390700,1076.000000,852719400.000000,1324570160.000000,237035520.000000,1573773312.000000,0.327100,0.045200,0.012300,0.111200,0.008700,0.018300,0.011100,0.015300,0.021200,0.013400,0.007200,0.002000,0.002500,0.005300,0.000000
2575,2.924084,1.123306,1.551500,1.006400,1076.000000,852719424.000000,1324570160.000000,237035520.000000,1573773312.000000,0.000600,0.000000,0.000000,0.000000,0.013000,0.000000,0.012100,0.000000,0.000000,0.000000,0.005000,0.002100,0.002800,0.007800,0.000000
2576,2.925122,1.049596,1.056500,0.944200,1076.000000,852733808.000000,1324570160.000000,237035520.000000,1573773312.000000,0.000800,0.000000,0.000000,0.000000,0.010400,0.000000,0.011400,0.000000,0.000000,0.000000,0.004700,0.002100,0.002400,0.007100,0.000000
2577,2.926140,1.021599,1.024600,0.921400,1076.000000,852725808.000000,1324570160.000000,237035520.000000,1573773312.000000,0.000600,0.000000,0.000000,0.000000,0.009800,0.000000,0.011900,0.000000,0.000000,0.000000,0.004300,0.001700,0.002600,0.006600,0.000000
2578,2.927153,1.008603,1.001900,0.903200,1076.000000,852722944.000000,1324570160.000000,237035520.000000,1573773312.000000,0.000700,0.000000,0.000000,0.000000,0.009500,0.000000,0.010600,0.000000,0.000000,0.000000,0.003800,0.001800,0.002300,0.006500,0.000000
2579,2.928229,1.066901,1.057400,0.953800,1076.000000,852724783.000000,1324570160.000000,237035520.000000,1573773312.000000,0.000800,0.000000,0.000000,0.000000,0.009400,0.000000,0.010400,0.000000,0.000000,0.000000,0.004000,0.001900,0.002400,0.006200,0.000000
2580,2.929784,1.477601,1.035400,0.926700,1076.000000,852727528.000000,1324570160.000000,237035520.000000,1573773312.000000,0.000700,0.000000,0.000000,0.000000,0.009800,0.000000,0.011600,0.000000,0.000000,0.000000,0.003900,0.002000,0.002400,0.006600,0.000000
2581,2.930975,1.224100,1.638800,1.086500,1076.000000,852727136.000000,1324570160.000000,237035520.000000,1573773312.000000,0.000800,0.000000,0.000000,0.000000,0.010400,0.000000,0.011900,0.000000,0.000000,0.000000,0.006700,0.002300,0.002600,0.008000,0.000000
2582,2.932449,1.470798,1.469100,1.334400,1076.000000,852727168.000000,1324570160.000000,237035520.000000,1573773312.000000,0.000700,0.000000,0.000000,0.000000,0.012300,0.000000,0.013600,0.000000,0.000000,0.000000,0.005900,0.002600,0.002700,0.007700,0.000000
2583,2.933607,1.198299,1.211300,1.082200,1076.000000,852731280.000000,1324570160.000000,237035520.000000,1573773312.000000,0.000700,0.000000,0.000000,0.000000,0.010800,0.000000,0.011000,0.000000,0.000000,0.000000,0.005500,0.002200,0.003200,0.007500,0.000000
2584,2.934874,1.184999,1.182300,1.069500,1076.000000,852731720.000000,1324570160.000000,237035520.000000,1573773312.000000,0.000900,0.000000,0.000000,0.000000,0.009800,0.000000,0.011600,0.000000,0.000000,0.000000,0.004900,0.002600,0.003000,0.006600,0.000000
2585,2.936082,1.293601,1.205100,1.096400,1076.000000,852732592.000000,1324570160.000000,237035520.000000,1573773312.000000,0.000800,0.000000,0.000000,0.000000,0.012800,0.000000,0.014100,0.000000,0.000000,0.000000,0.006100,0.002400,0.003200,0.007500,0.000000
2586,2.937680,1.584403,1.254300,1.150900,1076.000000,852731344.000000,1324570160.000000,237035520.000000,1573773312.000000,0.000800,0.000000,0.000000,0.000000,0.009500,0.000000,0.013100,0.000000,0.000000,0.000000,0.004500,0.002200,0.002700,0.006900,0.000000
2587,2.939184,1.528897,1.921200,1.399400,1076.000000,852732104.000000,1324570160.000000,237035520.000000,1573773312.000000,0.372400,0.048300,0.014100,0.124100,0.009900,0.018300,0.011700,0.012900,0.040200,0.013600,0.005000,0.002200,0.002700,0.005700,0.000000
2588,2.940208,1.034503,1.059000,0.931700,1076.000000,852732552.000000,1324570160.000000,237035520.000000,1573773312.000000,0.000800,0.000000,0.000000,0.000000,0.011200,0.000000,0.011700,0.000000,0.000000,0.000000,0.004200,0.003000,0.002700,0.007200,0.000000
2589,2.941168,0.968998,0.969700,0.870200,1076.000000,852732152.000000,1324570160.000000,237035520.000000,1573773312.000000,0.000700,0.000000,0.000000,0.000000,0.009200,0.000000,0.011000,0.000000,0.000000,0.000000,0.004200,0.002600,0.002400,0.006700,0.000000
2590,2.942202,1.023902,1.016200,0.918300,1076.000000,852736272.000000,1324570160.000000,237035520.000000,1573773312.000000,0.000600,0.000000,0.000000,0.000000,0.008800,0.000000,0.010700,0.000000,0.000000,0.000000,0.003800,0.002600,0.002200,0.006500,0.000000
2591,2.943163,0.958596,0.956600,0.855400,1076.000000,852735560.000000,1324570160.000000,237035520.000000,1573773312.000000,0.000800,0.000000,0.000000,0.000000,0.009400,0.000000,0.010600,0.000000,0.000000,0.000000,0.003900,0.001700,0.002400,0.006500,0.000000
2592,2.944166,0.984503,0.987900,0.887700,1076.000000,852749944.000000,1324570160.000000,237035520.000000,1573773312.000000,0.000800,0.000000,0.000000,0.000000,0.009400,0.000000,0.011400,0.000000,0.000000,0.000000,0.004200,0.001800,0.002200,0.006700,0.000000
2593,2.945491,1.174001,0.994900,0.901600,1076.000000,852737848.000000,1324570160.000000,237035520.000000,1573773312.000000,0.000700,0.000000,0.000000,0.000000,0.011500,0.000000,0.011600,0.000000,0.000000,0.000000,0.003800,0.001800,0.002200,0.006700,0.000000
2594,2.946589,1.215200,1.374600,1.103700,1076.000000,852735232.000000,1324570160.000000,237035520.000000,1573773312.000000,0.000700,0.000000,0.000000,0.000000,0.010200,0.000000,0.011200,0.000000,0.000000,0.000000,0.007700,0.001900,0.002900,0.007500,0.000000
2595,2.948026,1.436203,1.412300,1.295000,1076.000000,852735272.000000,1324570160.000000,237035520.000000,1573773312.000000,0.000700,0.000000,0.000000,0.000000,0.011000,0.000000,0.011500,0.000000,0.000000,0.000000,0.005000,0.002100,0.003000,0.007600,0.000000
2596,2.949127,1.125397,1.139100,1.008700,1076.000000,852739816.000000,1324570160.000000,237035520.000000,1573773312.000000,0.000800,0.000000,0.000000,0.000000,0.011700,0.000000,0.012000,0.000000,0.000000,0.000000,0.005400,0.002400,0.003400,0.007900,0.000000
2597,2.950176,1.069898,1.074700,0.960200,1076.000000,852743520.000000,1324570160.000000,237035520.000000,1573773312.000000,0.000700,0.000000,0.000000,0.000000,0.010500,0.000000,0.011800,0.000000,0.000000,0.000000,0.004700,0.002100,0.002700,0.007500,0.000000
2598,2.951147,0.975000,0.976300,0.871100,1076.000000,852743552.000000,1324570160.000000,237035520.000000,1573773312.000000,0.000600,0.000000,0.000000,0.000000,0.009700,0.000000,0.011200,0.000000,0.000000,0.000000,0.004200,0.002100,0.002500,0.007000,0.000000
2599,2.952192,1.043800,1.041100,0.938700,1076.000000,852743992.000000,1324570160.000000,237035520.000000,1573773312.000000,0.000700,0.000000,0.000000,0.000000,0.009100,0.000000,0.013200,0.000000,0.000000,0.000000,0.004200,0.001800,0.002500,0.006700,0.000000
2600,2.953729,1.476601,0.978100,0.877700,1076.000000,852744008.000000,1324570160.000000,237035520.000000,1573773312.000000,0.000700,0.000000,0.000000,0.000000,0.009300,0.000000,0.011900,0.000000,0.000000,0.000000,0.004100,0.001900,0.002200,0.006000,0.000000
2601,2.955095,1.371499,1.842200,1.249400,1076.000000,852733680.000000,1324570160.000000,237035520.000000,1573773312.000000,0.000800,0.000000,0.000000,0.000000,0.011100,0.000000,0.011800,0.000000,0.000000,0.000000,0.006300,0.003100,0.003600,0.008800,0.000000
2602,2.956665,1.588499,1.381200,1.258800,1076.000000,852737280.000000,1324570160.000000,237035520.000000,1573773312.000000,0.317200,0.042500,0.012300,0.104600,0.012000,0.018800,0.010400,0.013300,0.019900,0.012500,0.004200,0.002300,0.002700,0.005200,0.000000
2603,2.957848,1.210601,1.427300,1.103900,1076.000000,852737304.000000,1324570160.000000,237035520.000000,1573773312.000000,0.000700,0.000000,0.000000,0.000000,0.012800,0.000000,0.011600,0.000000,0.000000,0.000000,0.004500,0.002000,0.002700,0.007300,0.000000
2604,2.958878,1.037500,1.040700,0.934000,1076.000000,852737752.000000,1324570160.000000,237035520.000000,1573773312.000000,0.000700,0.000000,0.000000,0.000000,0.010200,0.000000,0.011600,0.000000,0.000000,0.000000,0.004500,0.002800,0.002700,0.007300,0.000000
2605,2.959860,0.992000,0.989400,0.888500,1076.000000,852737352.000000,1324570160.000000,237035520.000000,1573773312.000000,0.000700,0.000000,0.000000,0.000000,0.008800,0.000000,0.010600,0.000000,0.000000,0.000000,0.004200,0.001800,0.002300,0.006500,0.000000
2606,2.960800,0.942701,0.943700,0.844200,1076.000000,852741144.000000,1324570160.000000,237035520.000000,1573773312.000000,0.000600,0.000000,0.000000,0.000000,0.008900,0.000000,0.010600,0.000000,0.000000,0.000000,0.004000,0.001800,0.002200,0.006100,0.000000
2607,2.962368,1.413797,1.378800,1.271100,1076.000000,852741168.000000,1324570160.000000,237035520.000000,1573773312.000000,0.000600,0.000000,0.000000,0.000000,0.008800,0.000000,0.011300,0.000000,0.000000,0.000000,0.003500,0.001900,0.002200,0.006200,0.000000
2608,2.964055,1.816702,1.825600,1.696500,1076.000000,852755552.000000,1324570160.000000,237035520.000000,1573773312.000000,0.000800,0.000000,0.000000,0.000000,0.031800,0.000000,0.013200,0.000000,0.000000,0.000000,0.005400,0.002500,0.003400,0.007700,0.000000
2609,2.965107,1.067800,1.079600,0.964300,1076.000000,852747552.000000,1324570160.000000,237035520.000000,1573773312.000000,0.000800,0.000000,0.000000,0.000000,0.010600,0.000000,0.012900,0.000000,0.000000,0.000000,0.004500,0.003200,0.002700,0.007500,0.000000
2610,2.966294,1.143899,1.123100,1.020500,1076.000000,852744936.000000,1324570160.000000,237035520.000000,1573773312.000000,0.000800,0.000000,0.000000,0.000000,0.009900,0.000000,0.011400,0.000000,0.000000,0.000000,0.004100,0.002400,0.002600,0.007000,0.000000
2611,2.967439,1.165405,1.164800,1.038800,1076.000000,852749072.000000,1324570160.000000,237035520.000000,1573838848.000000,0.000800,0.000000,0.000000,0.000000,0.010700,0.000000,0.011800,0.000000,0.000000,0.000000,0.006000,0.002100,0.003200,0.007100,0.000000
2612,2.968527,1.106796,1.114500,0.995800,1076.000000,852749520.000000,1324570160.000000,237035520.000000,1573838848.000000,0.000800,0.000000,0.000000,0.000000,0.011700,0.000000,0.011800,0.000000,0.000000,0.000000,0.005200,0.002200,0.002800,0.007300,0.000000
2613,2.970209,1.567304,1.021100,0.914300,1076.000000,852749552.000000,1324570160.000000,237035520.000000,1573838848.000000,0.000700,0.000000,0.000000,0.000000,0.010200,0.000000,0.012400,0.000000,0.000000,0.000000,0.004500,0.002300,0.002500,0.007400,0.000000
2614,2.971342,1.220798,1.749700,1.101600,1076.000000,852753256.000000,1324570160.000000,237035520.000000,1573838848.000000,0.001000,0.000000,0.000000,0.000000,0.011400,0.000000,0.014000,0.000000,0.000000,0.000000,0.008700,0.002300,0.003400,0.007800,0.000000
2615,2.972733,1.414201,1.422900,1.303100,1076.000000,852757744.000000,1324570160.000000,237035520.000000,1573838848.000000,0.327600,0.043500,0.012100,0.116800,0.010500,0.017500,0.011600,0.014500,0.020900,0.012200,0.005100,0.002200,0.003100,0.005500,0.000000
2616,2.973726,0.987401,0.990900,0.885300,1076.000000,852758184.000000,1324570160.000000,237035520.000000,1573838848.000000,0.000700,0.000000,0.000000,0.000000,0.011200,0.000000,0.011300,0.000000,0.000000,0.000000,0.004400,0.002500,0.002600,0.007000,0.000000
2617,2.974714,1.008199,1.006200,0.907500,1076.000000,852758632.000000,1324570160.000000,237035520.000000,1573838848.000000,0.000800,0.000000,0.000000,0.000000,0.008900,0.000000,0.010500,0.000000,0.000000,0.000000,0.004000,0.003000,0.002300,0.006900,0.000000
2618,2.975626,0.914697,0.915500,0.817900,1076.000000,852757808.000000,1324570160.000000,237035520.000000,1573838848.000000,0.000800,0.000000,0.000000,0.000000,0.009200,0.000000,0.010700,0.000000,0.000000,0.000000,0.003700,0.002100,0.002400,0.006000,0.000000
2619,2.976533,0.912599,0.910300,0.816600,1076.000000,852757456.000000,1324570160.000000,237035520.000000,1573838848.000000,0.000700,0.000000,0.000000,0.000000,0.008600,0.000000,0.010400,0.000000,0.000000,0.000000,0.003800,0.001700,0.002000,0.006400,0.000000
2620,2.977492,0.950305,0.936900,0.843100,1076.000000,852757904.000000,1324570160.000000,237035520.000000,1573838848.000000,0.000700,0.000000,0.000000,0.000000,0.008400,0.000000,0.011000,0.000000,0.000000,0.000000,0.003600,0.002500,0.002100,0.006200,0.000000
2621,2.978750,1.228196,0.996200,0.890500,1076.000000,852757504.000000,1324570160.000000,237035520.000000,1573838848.000000,0.000800,0.000000,0.000000,0.000000,0.009200,0.000000,0.010500,0.000000,0.000000,0.000000,0.004000,0.002300,0.002200,0.006400,0.000000
2622,2.979782,1.051105,1.277700,0.946500,1076.000000,852761624.000000,1324570160.000000,237035520.000000,1573838848.000000,0.000700,0.000000,0.000000,0.000000,0.012500,0.000000,0.011400,0.000000,0.000000,0.000000,0.004900,0.002100,0.002500,0.007000,0.000000
2623,2.981091,1.283695,1.279500,1.174300,1076.000000,852761648.000000,1324570160.000000,237035520.000000,1573838848.000000,0.000600,0.000000,0.000000,0.000000,0.009500,0.000000,0.010900,0.000000,0.000000,0.000000,0.004800,0.002000,0.002500,0.006400,0.000000
2624,2.982147,1.075000,1.072700,0.965800,1076.000000,852776032.000000,1324570160.000000,237035520.000000,1573838848.000000,0.000800,0.000000,0.000000,0.000000,0.023700,0.000000,0.012000,0.000000,0.000000,0.000000,0.004700,0.002700,0.002700,0.007300,0.000000
2625,2.983253,1.106399,1.101300,0.993800,1076.000000,852764064.000000,1324570160.000000,237035520.000000,1573838848.000000,0.000900,0.000000,0.000000,0.000000,0.010200,0.000000,0.012500,0.000000,0.000000,0.000000,0.004700,0.002300,0.002700,0.007100,0.000000
2626,2.984237,0.997300,1.001000,0.893600,1076.000000,852761448.000000,1324570160.000000,237035520.000000,1573838848.000000,0.000800,0.000000,0.000000,0.000000,0.010200,0.000000,0.011900,0.000000,0.000000,0.000000,0.004400,0.002700,0.002500,0.007000,0.000000
2627,2.985767,1.429202,1.004300,0.904500,1076.000000,852761912.000000,1324570160.000000,237035520.000000,1573838848.000000,0.000600,0.000000,0.000000,0.000000,0.009500,0.000000,0.012500,0.000000,0.000000,0.000000,0.004500,0.002500,0.002300,0.006900,0.000000
2628,2.986898,1.214597,1.629200,1.110200,1076.000000,852766032.000000,1324570160.000000,237035520.000000,1573838848.000000,0.000700,0.000000,0.000000,0.000000,0.010300,0.000000,0.012700,0.000000,0.000000,0.000000,0.006500,0.002000,0.002600,0.007200,0.000000
2629,2.987936,1.040802,1.040300,0.934200,1076.000000,852765640.000000,1324570160.000000,237035520.000000,1573838848.000000,0.000700,0.000000,0.000000,0.000000,0.010200,0.000000,0.011400,0.000000,0.000000,0.000000,0.004900,0.002400,0.002700,0.007200,0.000000
2630,2.989243,1.310998,1.291900,1.189000,1076.000000,852766096.000000,1324570160.000000,237035520.000000,1573838848.000000,0.319100,0.041900,0.012200,0.104900,0.011200,0.017700,0.010600,0.013900,0.020000,0.012300,0.004300,0.002100,0.002600,0.005000,0.000000
2631,2.990228,0.994501,1.010500,0.892400,1076.000000,852770208.000000,1324570160.000000,237035520.000000,1573838848.000000,0.000700,0.000000,0.000000,0.000000,0.012400,0.000000,0.011200,0.000000,0.000000,0.000000,0.004800,0.002900,0.002400,0.006900,0.000000
2632,2.991237,0.995904,0.961300,0.861400,1076.000000,852770648.000000,1324570160.000000,237035520.000000,1573838848.000000,0.000800,0.000000,0.000000,0.000000,0.009600,0.000000,0.011800,0.000000,0.000000,0.000000,0.004200,0.002000,0.002300,0.006300,0.000000
2633,2.992260,1.026297,1.052800,0.923100,1076.000000,852771096.000000,1324570160.000000,237035520.000000,1573838848.000000,0.000800,0.000000,0.000000,0.000000,0.010000,0.000000,0.010600,0.000000,0.000000,0.000000,0.004800,0.002200,0.002300,0.006800,0.000000
2634,2.993818,1.500305,1.044600,0.942600,1076.000000,852773944.000000,1324570160.000000,237035520.000000,1573838848.000000,0.000900,0.000000,0.000000,0.000000,0.009600,0.000000,0.011500,0.000000,0.000000,0.000000,0.004400,0.001800,0.002300,0.006000,0.000000
2635,2.994844,1.059198,1.510500,0.961700,1076.000000,852773968.000000,1324570160.000000,237035520.000000,1573838848.000000,0.000900,0.000000,0.000000,0.000000,0.010400,0.000000,0.011300,0.000000,0.000000,0.000000,0.006000,0.002100,0.002500,0.007300,0.000000
2636,2.995993,0.979996,0.978700,0.878000,1076.000000,852774416.000000,1324570160.000000,237035520.000000,1573838848.000000,0.000700,0.000000,0.000000,0.000000,0.009400,0.000000,0.010500,0.000000,0.000000,0.000000,0.004100,0.001800,0.002300,0.006600,0.000000
2637,2.997070,1.254500,1.242200,1.138900,1076.000000,852774016.000000,1324570160.000000,237035520.000000,1573838848.000000,0.000800,0.000000,0.000000,0.000000,0.008600,0.000000,0.011100,0.000000,0.000000,0.000000,0.007400,0.002000,0.002800,0.007700,0.000000
2638,2.998472,1.413705,1.410900,1.301200,1076.000000,852774040.000000,1324570160.000000,237035520.000000,1573838848.000000,0.000900,0.000000,0.000000,0.000000,0.010700,0.000000,0.011600,0.000000,0.000000,0.000000,0.004500,0.001800,0.002300,0.006800,0.000000
2639,2.999571,1.099497,1.027100,0.915400,1076.000000,852774064.000000,1324570160.000000,237035520.000000,1573838848.000000,0.000800,0.000000,0.000000,0.000000,0.010000,0.000000,0.011000,0.000000,0.000000,0.000000,0.004300,0.002700,0.002500,0.006700,0.000000
2640,3.000600,1.044501,1.118100,0.941900,1076.000000,852788448.000000,1324570160.000000,237035520.000000,1573838848.000000,0.000900,0.000000,0.000000,0.000000,0.009700,0.000000,0.010900,0.000000,0.000000,0.000000,0.004100,0.002000,0.002700,0.006000,0.000000
