frame,elapsed_seconds,delta_time_ms,main_thread_ms,player_loop_ms,gc_allocated_in_frame_bytes,total_used_memory_bytes,total_reserved_memory_bytes,gc_reserved_memory_bytes,system_used_memory_bytes,fixed_step_ms,belt_transfer_ms,belt_progress_ms,item_visual_capture_ms,item_transform_presentation_ms,item_process_ms,item_port_adapter_ms,item_port_buffer_swap_ms,grid_placement_transform_ms,wait_for_job_group_ms
0,0.004580,1.988202,2.010400,1.874600,1112.000000,843671794.000000,1318204976.000000,234864640.000000,1568686080.000000,0.725900,0.079400,0.029400,0.052400,0.013400,0.068800,0.048400,0.036900,0.003800,0.000000
1,0.006268,1.668502,1.456800,1.336600,1112.000000,843675514.000000,1318204976.000000,234864640.000000,1568686080.000000,0.000700,0.000000,0.000000,0.000000,0.015000,0.000000,0.000000,0.000000,0.004900,0.000000
2,0.007711,1.466100,1.685900,1.361600,1112.000000,843675530.000000,1318204976.000000,234864640.000000,1568686080.000000,0.000500,0.000000,0.000000,0.000000,0.017800,0.000000,0.000000,0.000000,0.005500,0.000000
3,0.008833,1.145196,1.160000,1.063900,1112.000000,843675538.000000,1318204976.000000,234864640.000000,1568686080.000000,0.000500,0.000000,0.000000,0.000000,0.022200,0.000000,0.000000,0.000000,0.003700,0.000000
4,0.009941,1.122102,1.126800,1.049000,1112.000000,843690858.000000,1318204976.000000,234864640.000000,1568686080.000000,0.000500,0.000000,0.000000,0.000000,0.014100,0.000000,0.000000,0.000000,0.003300,0.000000
5,0.011002,1.059403,1.043700,0.962300,1112.000000,843674354.000000,1318204976.000000,234864640.000000,1568686080.000000,0.000500,0.000000,0.000000,0.000000,0.019600,0.000000,0.000000,0.000000,0.003100,0.000000
6,0.012260,1.243098,1.245100,1.159600,1112.000000,843673938.000000,1318204976.000000,234864640.000000,1568686080.000000,0.000500,0.000000,0.000000,0.000000,0.023300,0.000000,0.000000,0.000000,0.002900,0.000000
7,0.013366,1.077402,1.079800,0.998800,1112.000000,843678074.000000,1318204976.000000,234864640.000000,1568686080.000000,0.000500,0.000000,0.000000,0.000000,0.009700,0.000000,0.000000,0.000000,0.003100,0.000000
8,0.014709,1.372499,1.361900,1.283900,1112.000000,843667770.000000,1318204976.000000,234864640.000000,1568686080.000000,0.000500,0.000000,0.000000,0.000000,0.020300,0.000000,0.000000,0.000000,0.003500,0.000000
9,0.015710,1.016298,1.025700,0.948700,1112.000000,843667354.000000,1318204976.000000,234864640.000000,1568686080.000000,0.000500,0.000000,0.000000,0.000000,0.021200,0.000000,0.000000,0.000000,0.003100,0.000000
10,0.016826,1.102997,1.099000,1.022900,1112.000000,843667378.000000,1318204976.000000,234864640.000000,1568686080.000000,0.000500,0.000000,0.000000,0.000000,0.021100,0.000000,0.000000,0.000000,0.002800,0.000000
11,0.017796,0.974702,0.973500,0.896900,1112.000000,843667402.000000,1318204976.000000,234864640.000000,1568686080.000000,0.000600,0.000000,0.000000,0.000000,0.127000,0.000000,0.000000,0.000000,0.003000,0.000000
12,0.018687,0.902303,0.908200,0.833600,1112.000000,843668274.000000,1318204976.000000,234864640.000000,1568686080.000000,0.000500,0.000000,0.000000,0.000000,0.016200,0.000000,0.000000,0.000000,0.003400,0.000000
13,0.019626,0.943998,0.919700,0.851300,1112.000000,843671970.000000,1318204976.000000,234864640.000000,1568686080.000000,0.000500,0.000000,0.000000,0.000000,0.013500,0.000000,0.000000,0.000000,0.002800,0.000000
14,0.020542,0.905499,0.921600,0.833500,1112.000000,843673106.000000,1318204976.000000,234864640.000000,1568686080.000000,0.261800,0.029900,0.009700,0.016700,0.009500,0.015300,0.015100,0.020600,0.002600,0.000000
15,0.021306,0.760402,0.755000,0.681800,1112.000000,843673130.000000,1318204976.000000,234864640.000000,1568686080.000000,0.000400,0.000000,0.000000,0.000000,0.011000,0.000000,0.000000,0.000000,0.002900,0.000000
16,0.022005,0.706300,0.710000,0.635900,1112.000000,843673578.000000,1318204976.000000,234864640.000000,1568686080.000000,0.000600,0.000000,0.000000,0.000000,0.011700,0.000000,0.000000,0.000000,0.003300,0.000000
17,0.022940,0.854996,0.668000,0.599000,1112.000000,843673210.000000,1318204976.000000,234864640.000000,1568686080.000000,0.000500,0.000000,0.000000,0.000000,0.010600,0.000000,0.000000,0.000000,0.002900,0.000000
18,0.023912,1.028904,1.197400,0.942900,1112.000000,843675842.000000,1318204976.000000,234864640.000000,1568686080.000000,0.000400,0.000000,0.000000,0.000000,0.017800,0.000000,0.000000,0.000000,0.005200,0.000000
19,0.024738,0.786196,0.795200,0.712500,1112.000000,843680370.000000,1318204976.000000,234864640.000000,1568686080.000000,0.000600,0.000000,0.000000,0.000000,0.011100,0.000000,0.000000,0.000000,0.003100,0.000000
20,0.025501,0.816901,0.815200,0.741200,1112.000000,843696570.000000,1318204976.000000,234864640.000000,1568686080.000000,0.000600,0.000000,0.000000,0.000000,0.010800,0.000000,0.000000,0.000000,0.003100,0.000000
21,0.026277,0.760998,0.762000,0.689000,1112.000000,843679626.000000,1318204976.000000,234864640.000000,1568686080.000000,0.000600,0.000000,0.000000,0.000000,0.009100,0.000000,0.000000,0.000000,0.003200,0.000000
22,0.027017,0.760402,0.756300,0.686600,1112.000000,843679650.000000,1318204976.000000,234864640.000000,1568686080.000000,0.000500,0.000000,0.000000,0.000000,0.009800,0.000000,0.000000,0.000000,0.002800,0.000000
23,0.027730,0.717602,0.714800,0.643100,1112.000000,843679690.000000,1318204976.000000,234864640.000000,1568686080.000000,0.000600,0.000000,0.000000,0.000000,0.009400,0.000000,0.000000,0.000000,0.002800,0.000000
24,0.028395,0.663698,0.665300,0.592300,1112.000000,843684266.000000,1318204976.000000,234864640.000000,1568686080.000000,0.000600,0.000000,0.000000,0.000000,0.010000,0.000000,0.000000,0.000000,0.002800,0.000000
25,0.029253,0.843601,0.833500,0.762200,1112.000000,843683850.000000,1318204976.000000,234864640.000000,1568686080.000000,0.000500,0.000000,0.000000,0.000000,0.009200,0.000000,0.000000,0.000000,0.002800,0.000000
26,0.029968,0.723498,0.726100,0.648100,1112.000000,843687970.000000,1318204976.000000,234864640.000000,1568686080.000000,0.000500,0.000000,0.000000,0.000000,0.010400,0.000000,0.000000,0.000000,0.003400,0.000000
27,0.031122,1.129599,0.690500,0.617400,1112.000000,843687994.000000,1318204976.000000,234864640.000000,1568686080.000000,0.000500,0.000000,0.000000,0.000000,0.010000,0.000000,0.000000,0.000000,0.003100,0.000000
28,0.032300,1.170706,1.590300,1.077200,1112.000000,843689290.000000,1318204976.000000,234864640.000000,1568686080.000000,0.000500,0.000000,0.000000,0.000000,0.027200,0.000000,0.000000,0.000000,0.003400,0.000000
29,0.033119,0.840299,0.847700,0.758000,1112.000000,843688042.000000,1318204976.000000,234864640.000000,1568686080.000000,0.000600,0.000000,0.000000,0.000000,0.011100,0.000000,0.000000,0.000000,0.003600,0.000000
30,0.033810,0.704897,0.710100,0.631700,1112.000000,843688778.000000,1318204976.000000,234864640.000000,1568686080.000000,0.000600,0.000000,0.000000,0.000000,0.010700,0.000000,0.000000,0.000000,0.003000,0.000000
31,0.034507,0.691801,0.689000,0.617700,1112.000000,843689634.000000,1318204976.000000,234864640.000000,1568686080.000000,0.000500,0.000000,0.000000,0.000000,0.010000,0.000000,0.000000,0.000000,0.003000,0.000000
32,0.035215,0.714498,0.713800,0.641300,1112.000000,843694730.000000,1318204976.000000,234864640.000000,1568686080.000000,0.000500,0.000000,0.000000,0.000000,0.010100,0.000000,0.000000,0.000000,0.002700,0.000000
33,0.035868,0.657901,0.655900,0.584600,1112.000000,843694346.000000,1318204976.000000,234864640.000000,1568686080.000000,0.000600,0.000000,0.000000,0.000000,0.009200,0.000000,0.000000,0.000000,0.002800,0.000000
34,0.037269,1.372102,1.317000,1.241900,1112.000000,843698546.000000,1318204976.000000,234864640.000000,1568686080.000000,0.272000,0.034300,0.008900,0.020200,0.009900,0.022200,0.019200,0.023000,0.003100,0.000000
35,0.038042,0.784999,0.832200,0.707300,1112.000000,843702714.000000,1318204976.000000,234864640.000000,1568686080.000000,0.000500,0.000000,0.000000,0.000000,0.011900,0.000000,0.000000,0.000000,0.003300,0.000000
36,0.039077,1.039002,0.779100,0.703700,1112.000000,843722826.000000,1318204976.000000,234864640.000000,1568686080.000000,0.000500,0.000000,0.000000,0.000000,0.013200,0.000000,0.000000,0.000000,0.002900,0.000000
37,0.039971,0.875496,1.124400,0.790000,1112.000000,843705914.000000,1318204976.000000,234864640.000000,1568686080.000000,0.000500,0.000000,0.000000,0.000000,0.011600,0.000000,0.000000,0.000000,0.002900,0.000000
38,0.040799,0.839300,0.839900,0.756200,1112.000000,843702442.000000,1318204976.000000,234864640.000000,1568686080.000000,0.000600,0.000000,0.000000,0.000000,0.010800,0.000000,0.000000,0.000000,0.003500,0.000000
39,0.041686,0.890802,0.893000,0.811300,1112.000000,843706610.000000,1318204976.000000,234864640.000000,1568686080.000000,0.000600,0.000000,0.000000,0.000000,0.011000,0.000000,0.000000,0.000000,0.003300,0.000000
40,0.042424,0.747902,0.749600,0.673800,1112.000000,843707114.000000,1318204976.000000,234864640.000000,1568686080.000000,0.000600,0.000000,0.000000,0.000000,0.011000,0.000000,0.000000,0.000000,0.003300,0.000000
41,0.043119,0.694898,0.690100,0.618100,1112.000000,843706698.000000,1318204976.000000,234864640.000000,1568686080.000000,0.000500,0.000000,0.000000,0.000000,0.009900,0.000000,0.000000,0.000000,0.003100,0.000000
42,0.043794,0.674398,0.677400,0.602000,1112.000000,843706722.000000,1318204976.000000,234864640.000000,1568686080.000000,0.000500,0.000000,0.000000,0.000000,0.009800,0.000000,0.000000,0.000000,0.002900,0.000000
43,0.044510,0.721606,0.718000,0.647800,1112.000000,843707298.000000,1318204976.000000,234864640.000000,1568686080.000000,0.000500,0.000000,0.000000,0.000000,0.011000,0.000000,0.000000,0.000000,0.002900,0.000000
44,0.045287,0.771195,0.759400,0.686500,1112.000000,843707762.000000,1318204976.000000,234864640.000000,1568686080.000000,0.000500,0.000000,0.000000,0.000000,0.009700,0.000000,0.000000,0.000000,0.003000,0.000000
45,0.046060,0.731803,0.740000,0.657300,1164.000000,843711018.000000,1318204976.000000,234864640.000000,1568686080.000000,0.000500,0.000000,0.000000,0.000000,0.009100,0.000000,0.000000,0.000000,0.003100,0.000000
46,0.047408,1.190901,0.825000,0.749800,1112.000000,843711042.000000,1318204976.000000,234864640.000000,1568686080.000000,0.000600,0.000000,0.000000,0.000000,0.009800,0.000000,0.000000,0.000000,0.005500,0.000000
47,0.048345,1.113598,1.415600,0.981500,1112.000000,843711066.000000,1318204976.000000,234864640.000000,1568686080.000000,0.000700,0.000000,0.000000,0.000000,0.011500,0.000000,0.000000,0.000000,0.004400,0.000000
48,0.049163,0.824199,0.877600,0.746000,1112.000000,843711530.000000,1318204976.000000,234864640.000000,1568686080.000000,0.000600,0.000000,0.000000,0.000000,0.010800,0.000000,0.000000,0.000000,0.003200,0.000000
49,0.049952,0.793700,0.792500,0.716000,1112.000000,843711562.000000,1318204976.000000,234864640.000000,1568686080.000000,0.000600,0.000000,0.000000,0.000000,0.011400,0.000000,0.000000,0.000000,0.003900,0.000000
50,0.050671,0.718403,0.717200,0.641700,1112.000000,843711154.000000,1318204976.000000,234864640.000000,1568686080.000000,0.000600,0.000000,0.000000,0.000000,0.011000,0.000000,0.000000,0.000000,0.003000,0.000000
51,0.051489,0.814796,0.805900,0.717500,1112.000000,843715258.000000,1318204976.000000,234864640.000000,1568686080.000000,0.000500,0.000000,0.000000,0.000000,0.010200,0.000000,0.000000,0.000000,0.003200,0.000000
52,0.052272,0.791199,0.798100,0.717000,1112.000000,843740482.000000,1318204976.000000,234864640.000000,1568686080.000000,0.000500,0.000000,0.000000,0.000000,0.010300,0.000000,0.000000,0.000000,0.003300,0.000000
53,0.053010,0.738903,0.735100,0.662000,1112.000000,843723538.000000,1318204976.000000,234864640.000000,1568686080.000000,0.000600,0.000000,0.000000,0.000000,0.010000,0.000000,0.000000,0.000000,0.003500,0.000000
54,0.053952,0.944097,0.945400,0.871100,1112.000000,843724610.000000,1318204976.000000,234864640.000000,1568686080.000000,0.246400,0.033900,0.010400,0.016200,0.009700,0.018100,0.015800,0.012600,0.002900,0.000000
55,0.054852,0.817304,0.667600,0.597200,1112.000000,843724650.000000,1318204976.000000,234864640.000000,1568686080.000000,0.000600,0.000000,0.000000,0.000000,0.011600,0.000000,0.000000,0.000000,0.002800,0.000000
56,0.055621,0.853196,0.997200,0.780400,1112.000000,843725130.000000,1318204976.000000,234864640.000000,1568686080.000000,0.000600,0.000000,0.000000,0.000000,0.012700,0.000000,0.000000,0.000000,0.005500,0.000000
57,0.057239,1.541199,1.214900,1.050500,1112.000000,843724714.000000,1318204976.000000,234864640.000000,1568686080.000000,0.000600,0.000000,0.000000,0.000000,0.011900,0.000000,0.000000,0.000000,0.003100,0.000000
58,0.058265,1.081604,1.391400,0.997200,1112.000000,843737978.000000,1318204976.000000,234864640.000000,1568686080.000000,0.000600,0.000000,0.000000,0.000000,0.013200,0.000000,0.000000,0.000000,0.004800,0.000000
59,0.059035,0.787096,0.795900,0.712700,1112.000000,843738626.000000,1318204976.000000,234864640.000000,1568686080.000000,0.000600,0.000000,0.000000,0.000000,0.011800,0.000000,0.000000,0.000000,0.003300,0.000000
60,0.059724,0.696499,0.696000,0.622300,1112.000000,843739514.000000,1318204976.000000,234864640.000000,1568686080.000000,0.000500,0.000000,0.000000,0.000000,0.009900,0.000000,0.000000,0.000000,0.003100,0.000000
61,0.060395,0.673406,0.672300,0.600800,1112.000000,843738674.000000,1318204976.000000,234864640.000000,1568686080.000000,0.000500,0.000000,0.000000,0.000000,0.009500,0.000000,0.000000,0.000000,0.003000,0.000000
62,0.061047,0.653897,0.652500,0.582400,1112.000000,843738698.000000,1318204976.000000,234864640.000000,1568686080.000000,0.000500,0.000000,0.000000,0.000000,0.009900,0.000000,0.000000,0.000000,0.003000,0.000000
63,0.061784,0.729500,0.727400,0.657600,1112.000000,843739146.000000,1318204976.000000,234864640.000000,1568686080.000000,0.000500,0.000000,0.000000,0.000000,0.010800,0.000000,0.000000,0.000000,0.002700,0.000000
64,0.062479,0.699199,0.698400,0.628700,1112.000000,843743282.000000,1318204976.000000,234864640.000000,1568686080.000000,0.000500,0.000000,0.000000,0.000000,0.010200,0.000000,0.000000,0.000000,0.002700,0.000000
65,0.063297,0.770203,0.764600,0.694400,1112.000000,843743018.000000,1318204976.000000,234864640.000000,1568686080.000000,0.000500,0.000000,0.000000,0.000000,0.009200,0.000000,0.000000,0.000000,0.002700,0.000000
66,0.064147,0.879996,0.872800,0.797800,1112.000000,843743034.000000,1318204976.000000,234864640.000000,1568686080.000000,0.000600,0.000000,0.000000,0.000000,0.010600,0.000000,0.000000,0.000000,0.005700,0.000000
67,0.064929,0.791001,0.790700,0.711700,1112.000000,843743042.000000,1318204976.000000,234864640.000000,1568686080.000000,0.000500,0.000000,0.000000,0.000000,0.010400,0.000000,0.000000,0.000000,0.003000,0.000000
68,0.065844,0.788202,0.789800,0.712200,1112.000000,843759634.000000,1318204976.000000,234864640.000000,1568686080.000000,0.000500,0.000000,0.000000,0.000000,0.010400,0.000000,0.000000,0.000000,0.002900,0.000000
69,0.066893,1.024398,1.018300,0.939500,1112.000000,843746914.000000,1318204976.000000,234864640.000000,1568686080.000000,0.000500,0.000000,0.000000,0.000000,0.009600,0.000000,0.000000,0.000000,0.003000,0.000000
70,0.067727,0.979705,0.974300,0.895500,1112.000000,843746938.000000,1318204976.000000,234864640.000000,1568686080.000000,0.000700,0.000000,0.000000,0.000000,0.010900,0.000000,0.000000,0.000000,0.004600,0.000000
71,0.068423,0.705598,0.712000,0.630900,1112.000000,843751074.000000,1318204976.000000,234864640.000000,1568686080.000000,0.000600,0.000000,0.000000,0.000000,0.010500,0.000000,0.000000,0.000000,0.003500,0.000000
72,0.069096,0.675298,0.674500,0.601700,1112.000000,843751538.000000,1318204976.000000,234864640.000000,1568686080.000000,0.000600,0.000000,0.000000,0.000000,0.010200,0.000000,0.000000,0.000000,0.002900,0.000000
73,0.070002,0.905704,0.903800,0.832200,1112.000000,843753114.000000,1318204976.000000,234864640.000000,1568686080.000000,0.246400,0.035300,0.010100,0.016700,0.010000,0.017200,0.016300,0.013200,0.003000,0.000000
74,0.071052,1.040696,0.676600,0.605300,1112.000000,843752690.000000,1318204976.000000,234864640.000000,1568686080.000000,0.000600,0.000000,0.000000,0.000000,0.012000,0.000000,0.000000,0.000000,0.002800,0.000000
75,0.071983,0.921202,1.272300,0.837100,1112.000000,843752714.000000,1318204976.000000,234864640.000000,1568686080.000000,0.000500,0.000000,0.000000,0.000000,0.011700,0.000000,0.000000,0.000000,0.003200,0.000000
76,0.072789,0.814498,0.818300,0.737800,1112.000000,843753602.000000,1318204976.000000,234864640.000000,1568686080.000000,0.000600,0.000000,0.000000,0.000000,0.011900,0.000000,0.000000,0.000000,0.003400,0.000000
77,0.073775,0.978600,0.971300,0.893800,1112.000000,843755882.000000,1318204976.000000,234864640.000000,1568686080.000000,0.000500,0.000000,0.000000,0.000000,0.010500,0.000000,0.000000,0.000000,0.002900,0.000000
78,0.074527,0.765901,0.771000,0.690300,1112.000000,843755466.000000,1318204976.000000,234864640.000000,1568686080.000000,0.000600,0.000000,0.000000,0.000000,0.011000,0.000000,0.000000,0.000000,0.003300,0.000000
79,0.075294,0.770798,0.769400,0.696600,1112.000000,843755490.000000,1318204976.000000,234864640.000000,1568686080.000000,0.000600,0.000000,0.000000,0.000000,0.009600,0.000000,0.000000,0.000000,0.003000,0.000000
80,0.076024,0.701105,0.689900,0.614000,1112.000000,843755954.000000,1318204976.000000,234864640.000000,1568686080.000000,0.000600,0.000000,0.000000,0.000000,0.009600,0.000000,0.000000,0.000000,0.002800,0.000000
81,0.076973,0.914194,0.878900,0.796600,1112.000000,843755562.000000,1318204976.000000,234864640.000000,1568686080.000000,0.000500,0.000000,0.000000,0.000000,0.009700,0.000000,0.000000,0.000000,0.003200,0.000000
82,0.077791,0.863506,0.896300,0.786100,1112.000000,843755578.000000,1318204976.000000,234864640.000000,1568686080.000000,0.000700,0.000000,0.000000,0.000000,0.013400,0.000000,0.000000,0.000000,0.004100,0.000000
83,0.079053,1.260899,1.026300,0.945500,1112.000000,843759810.000000,1318204976.000000,234864640.000000,1568686080.000000,0.000500,0.000000,0.000000,0.000000,0.010700,0.000000,0.000000,0.000000,0.003100,0.000000
84,0.079854,0.818098,1.052000,0.743200,1112.000000,843776402.000000,1318204976.000000,234864640.000000,1568686080.000000,0.000600,0.000000,0.000000,0.000000,0.010900,0.000000,0.000000,0.000000,0.003300,0.000000
85,0.080550,0.697803,0.699900,0.624200,1112.000000,843759458.000000,1318204976.000000,234864640.000000,1568686080.000000,0.000500,0.000000,0.000000,0.000000,0.009700,0.000000,0.000000,0.000000,0.003200,0.000000
86,0.081308,0.760899,0.758700,0.686900,1112.000000,843763578.000000,1318204976.000000,234864640.000000,1568686080.000000,0.000600,0.000000,0.000000,0.000000,0.010100,0.000000,0.000000,0.000000,0.002800,0.000000
87,0.082036,0.721400,0.715600,0.644000,1112.000000,843763618.000000,1318204976.000000,234864640.000000,1568686080.000000,0.000500,0.000000,0.000000,0.000000,0.010300,0.000000,0.000000,0.000000,0.002700,0.000000
88,0.082772,0.739300,0.740200,0.663800,1112.000000,843768210.000000,1318204976.000000,234864640.000000,1568686080.000000,0.000500,0.000000,0.000000,0.000000,0.010400,0.000000,0.000000,0.000000,0.002700,0.000000
89,0.083735,0.953897,0.946000,0.872100,1112.000000,843757434.000000,1318204976.000000,234864640.000000,1568686080.000000,0.000600,0.000000,0.000000,0.000000,0.010100,0.000000,0.000000,0.000000,0.002800,0.000000
90,0.084445,0.716801,0.720100,0.641000,1112.000000,843761802.000000,1318204976.000000,234864640.000000,1568686080.000000,0.000600,0.000000,0.000000,0.000000,0.011600,0.000000,0.000000,0.000000,0.003300,0.000000
91,0.085175,0.728097,0.725900,0.652800,1112.000000,843762202.000000,1318204976.000000,234864640.000000,1568686080.000000,0.000600,0.000000,0.000000,0.000000,0.010100,0.000000,0.000000,0.000000,0.003100,0.000000
92,0.085929,0.728104,0.724900,0.651700,1112.000000,843763842.000000,1318204976.000000,234864640.000000,1568686080.000000,0.000700,0.000000,0.000000,0.000000,0.010200,0.000000,0.000000,0.000000,0.003000,0.000000
93,0.087403,1.459502,1.284600,1.204900,1112.000000,843764954.000000,1318204976.000000,234864640.000000,1568686080.000000,0.260800,0.033700,0.008900,0.017900,0.008700,0.017200,0.015700,0.020700,0.003700,0.000000
94,0.088403,1.025198,1.188500,0.944400,1112.000000,843765162.000000,1318204976.000000,234864640.000000,1568686080.000000,0.000600,0.000000,0.000000,0.000000,0.012300,0.000000,0.000000,0.000000,0.003900,0.000000
95,0.089262,0.827601,0.833100,0.750700,1112.000000,843766074.000000,1318204976.000000,234864640.000000,1568686080.000000,0.000500,0.000000,0.000000,0.000000,0.012600,0.000000,0.000000,0.000000,0.003600,0.000000
96,0.090516,1.198795,1.049600,0.972300,1112.000000,843771082.000000,1318204976.000000,234864640.000000,1568686080.000000,0.000500,0.000000,0.000000,0.000000,0.012000,0.000000,0.000000,0.000000,0.005300,0.000000
97,0.091519,1.090901,1.230200,1.008300,1112.000000,843769130.000000,1318204976.000000,234864640.000000,1568686080.000000,0.000700,0.000000,0.000000,0.000000,0.020900,0.000000,0.000000,0.000000,0.004600,0.000000
98,0.092303,0.795103,0.796700,0.716200,1112.000000,843769674.000000,1318204976.000000,234864640.000000,1568686080.000000,0.000500,0.000000,0.000000,0.000000,0.010600,0.000000,0.000000,0.000000,0.003300,0.000000
99,0.093034,0.734595,0.736700,0.658400,1112.000000,843769978.000000,1318204976.000000,234864640.000000,1568686080.000000,0.000500,0.000000,0.000000,0.000000,0.009700,0.000000,0.000000,0.000000,0.003000,0.000000
100,0.093948,0.887705,0.864400,0.791700,1112.000000,843790410.000000,1318204976.000000,234864640.000000,1568686080.000000,0.000500,0.000000,0.000000,0.000000,0.010200,0.000000,0.000000,0.000000,0.003000,0.000000
101,0.095300,1.373299,0.934400,0.843300,1112.000000,843773482.000000,1318204976.000000,234864640.000000,1568686080.000000,0.000500,0.000000,0.000000,0.000000,0.010500,0.000000,0.000000,0.000000,0.003500,0.000000
102,0.096261,0.948696,1.378100,0.846100,1112.000000,843773618.000000,1318204976.000000,234864640.000000,1568686080.000000,0.000500,0.000000,0.000000,0.000000,0.010200,0.000000,0.000000,0.000000,0.003100,0.000000
103,0.097590,1.326800,1.083200,0.983100,1112.000000,843781850.000000,1318204976.000000,234864640.000000,1568686080.000000,0.000600,0.000000,0.000000,0.000000,0.010400,0.000000,0.000000,0.000000,0.003600,0.000000
104,0.098399,0.821606,1.084400,0.746400,1112.000000,843782850.000000,1318204976.000000,234864640.000000,1568686080.000000,0.000600,0.000000,0.000000,0.000000,0.011500,0.000000,0.000000,0.000000,0.003300,0.000000
105,0.099119,0.725099,0.726200,0.647500,1112.000000,843782026.000000,1318204976.000000,234864640.000000,1568686080.000000,0.000600,0.000000,0.000000,0.000000,0.010700,0.000000,0.000000,0.000000,0.003300,0.000000
106,0.099938,0.814201,0.756600,0.684000,1112.000000,843782050.000000,1318204976.000000,234864640.000000,1568686080.000000,0.000600,0.000000,0.000000,0.000000,0.010600,0.000000,0.000000,0.000000,0.002900,0.000000
107,0.100677,0.748200,0.801200,0.674000,1112.000000,843782498.000000,1318204976.000000,234864640.000000,1568686080.000000,0.000600,0.000000,0.000000,0.000000,0.011700,0.000000,0.000000,0.000000,0.003400,0.000000
108,0.101445,0.753897,0.748700,0.674200,1112.000000,843782946.000000,1318204976.000000,234864640.000000,1568686080.000000,0.000500,0.000000,0.000000,0.000000,0.024500,0.000000,0.000000,0.000000,0.003000,0.000000
109,0.102253,0.810296,0.807900,0.730600,1112.000000,843786218.000000,1318204976.000000,234864640.000000,1568686080.000000,0.000500,0.000000,0.000000,0.000000,0.010200,0.000000,0.000000,0.000000,0.003200,0.000000
110,0.103190,0.930605,0.762500,0.684000,1112.000000,843786242.000000,1318204976.000000,234864640.000000,1568686080.000000,0.000500,0.000000,0.000000,0.000000,0.010400,0.000000,0.000000,0.000000,0.003500,0.000000
111,0.104265,1.082299,1.246300,1.005700,1112.000000,843787818.000000,1318204976.000000,234864640.000000,1568686080.000000,0.249900,0.033900,0.011200,0.016400,0.009800,0.019900,0.016500,0.013600,0.003300,0.000000
112,0.105062,0.804996,0.791100,0.713300,1112.000000,843788266.000000,1318204976.000000,234864640.000000,1568686080.000000,0.000500,0.000000,0.000000,0.000000,0.012300,0.000000,0.000000,0.000000,0.003200,0.000000
113,0.105791,0.712904,0.727500,0.638900,1112.000000,843787890.000000,1318204976.000000,234864640.000000,1568686080.000000,0.000600,0.000000,0.000000,0.000000,0.012400,0.000000,0.000000,0.000000,0.003000,0.000000
114,0.107079,1.199596,1.122300,1.043300,1112.000000,843787890.000000,1318204976.000000,234864640.000000,1568686080.000000,0.000500,0.000000,0.000000,0.000000,0.023200,0.000000,0.000000,0.000000,0.003100,0.000000
115,0.108273,1.275106,1.333700,1.185600,1112.000000,843800378.000000,1318204976.000000,234864640.000000,1568686080.000000,0.000600,0.000000,0.000000,0.000000,0.011500,0.000000,0.000000,0.000000,0.004300,0.000000
116,0.109075,0.826998,0.836900,0.750300,1112.000000,843818026.000000,1318204976.000000,234864640.000000,1568686080.000000,0.000700,0.000000,0.000000,0.000000,0.012700,0.000000,0.000000,0.000000,0.003400,0.000000
117,0.109884,0.796096,0.708400,0.633700,1112.000000,843801098.000000,1318204976.000000,234864640.000000,1568686080.000000,0.000700,0.000000,0.000000,0.000000,0.009700,0.000000,0.000000,0.000000,0.002900,0.000000
118,0.110841,0.817907,0.824100,0.666700,1112.000000,843801122.000000,1318204976.000000,234864640.000000,1568686080.000000,0.000600,0.000000,0.000000,0.000000,0.010700,0.000000,0.000000,0.000000,0.003200,0.000000
119,0.111757,1.047293,1.095500,0.945300,1112.000000,843801714.000000,1318204976.000000,234864640.000000,1568686080.000000,0.000500,0.000000,0.000000,0.000000,0.011100,0.000000,0.000000,0.000000,0.005000,0.000000
120,0.112597,0.861005,0.886000,0.786700,1112.000000,843805834.000000,1318204976.000000,234864640.000000,1568686080.000000,0.000600,0.000000,0.000000,0.000000,0.011500,0.000000,0.000000,0.000000,0.003800,0.000000
121,0.113311,0.714101,0.712900,0.638800,1112.000000,843805858.000000,1318204976.000000,234864640.000000,1568686080.000000,0.000700,0.000000,0.000000,0.000000,0.010700,0.000000,0.000000,0.000000,0.003100,0.000000
122,0.114266,0.944296,0.940400,0.865700,1112.000000,843809554.000000,1318204976.000000,234864640.000000,1568686080.000000,0.000600,0.000000,0.000000,0.000000,0.010200,0.000000,0.000000,0.000000,0.002700,0.000000
123,0.115070,0.810502,0.811000,0.735100,1112.000000,843809602.000000,1318204976.000000,234864640.000000,1568686080.000000,0.000500,0.000000,0.000000,0.000000,0.010300,0.000000,0.000000,0.000000,0.003200,0.000000
124,0.115873,0.801403,0.797700,0.723900,1112.000000,843810450.000000,1318204976.000000,234864640.000000,1568686080.000000,0.000600,0.000000,0.000000,0.000000,0.010000,0.000000,0.000000,0.000000,0.002800,0.000000
125,0.116834,0.958298,0.954800,0.874800,1112.000000,843809626.000000,1318204976.000000,234864640.000000,1568686080.000000,0.000500,0.000000,0.000000,0.000000,0.009800,0.000000,0.000000,0.000000,0.003000,0.000000
126,0.117832,0.981200,0.874800,0.798400,1112.000000,843809650.000000,1318204976.000000,234864640.000000,1568686080.000000,0.000600,0.000000,0.000000,0.000000,0.010300,0.000000,0.000000,0.000000,0.003200,0.000000
127,0.118830,0.912195,0.921400,0.743200,1112.000000,843809674.000000,1318204976.000000,234864640.000000,1568686080.000000,0.000600,0.000000,0.000000,0.000000,0.010400,0.000000,0.000000,0.000000,0.003200,0.000000
128,0.119590,0.867404,0.960500,0.794500,1112.000000,843814218.000000,1318204976.000000,234864640.000000,1568686080.000000,0.000500,0.000000,0.000000,0.000000,0.010600,0.000000,0.000000,0.000000,0.005300,0.000000
129,0.120568,0.981399,0.982000,0.907700,1112.000000,843815482.000000,1318204976.000000,234864640.000000,1568686080.000000,0.284400,0.032000,0.011000,0.016100,0.009300,0.018200,0.016200,0.013500,0.003200,0.000000
130,0.121363,0.788301,0.785400,0.713500,1112.000000,843815482.000000,1318204976.000000,234864640.000000,1568686080.000000,0.000500,0.000000,0.000000,0.000000,0.012100,0.000000,0.000000,0.000000,0.002700,0.000000
131,0.122206,0.831902,0.822900,0.747300,1112.000000,843815506.000000,1318204976.000000,234864640.000000,1568686080.000000,0.000500,0.000000,0.000000,0.000000,0.012000,0.000000,0.000000,0.000000,0.002800,0.000000
132,0.123072,0.861097,0.774100,0.694100,1112.000000,843832106.000000,1318204976.000000,234864640.000000,1568686080.000000,0.000600,0.000000,0.000000,0.000000,0.013100,0.000000,0.000000,0.000000,0.003600,0.000000
133,0.124570,1.491298,1.560300,1.280100,1112.000000,843813706.000000,1318204976.000000,234864640.000000,1568686080.000000,0.000600,0.000000,0.000000,0.000000,0.038100,0.000000,0.000000,0.000000,0.003500,0.000000
134,0.125447,0.894005,0.901400,0.808300,1112.000000,843814138.000000,1318204976.000000,234864640.000000,1568686080.000000,0.000600,0.000000,0.000000,0.000000,0.034300,0.000000,0.000000,0.000000,0.003600,0.000000
135,0.126905,1.215101,1.187100,1.101400,1112.000000,843818274.000000,1318204976.000000,234864640.000000,1568686080.000000,0.000400,0.000000,0.000000,0.000000,0.012100,0.000000,0.000000,0.000000,0.003100,0.000000
136,0.128014,1.344898,1.315200,1.203900,1112.000000,843818442.000000,1318204976.000000,234864640.000000,1568686080.000000,0.000600,0.000000,0.000000,0.000000,0.012000,0.000000,0.000000,0.000000,0.006000,0.000000
137,0.129114,1.104996,1.116000,0.979100,1112.000000,843826234.000000,1318204976.000000,234864640.000000,1568686080.000000,0.000600,0.000000,0.000000,0.000000,0.010400,0.000000,0.000000,0.000000,0.003300,0.000000
138,0.129872,0.765207,0.810400,0.686600,1112.000000,843826242.000000,1318204976.000000,234864640.000000,1568686080.000000,0.000600,0.000000,0.000000,0.000000,0.010000,0.000000,0.000000,0.000000,0.003300,0.000000
139,0.130624,0.757696,0.758200,0.681700,1112.000000,843826290.000000,1318204976.000000,234864640.000000,1568686080.000000,0.000500,0.000000,0.000000,0.000000,0.010400,0.000000,0.000000,0.000000,0.003100,0.000000
140,0.131387,0.760502,0.758700,0.684700,1112.000000,843827154.000000,1318204976.000000,234864640.000000,1568686080.000000,0.000500,0.000000,0.000000,0.000000,0.010200,0.000000,0.000000,0.000000,0.002800,0.000000
141,0.132241,0.841702,0.836200,0.751200,1112.000000,843830554.000000,1318204976.000000,234864640.000000,1568686080.000000,0.000500,0.000000,0.000000,0.000000,0.020800,0.000000,0.000000,0.000000,0.002800,0.000000
142,0.133037,0.811395,0.812500,0.735800,1112.000000,843830690.000000,1318204976.000000,234864640.000000,1568686080.000000,0.000600,0.000000,0.000000,0.000000,0.010000,0.000000,0.000000,0.000000,0.003400,0.000000
143,0.133747,0.715101,0.715000,0.641200,1112.000000,843830714.000000,1318204976.000000,234864640.000000,1568686080.000000,0.000600,0.000000,0.000000,0.000000,0.010000,0.000000,0.000000,0.000000,0.002900,0.000000
144,0.134434,0.685303,0.684400,0.612600,1112.000000,843831162.000000,1318204976.000000,234864640.000000,1568686080.000000,0.000500,0.000000,0.000000,0.000000,0.010000,0.000000,0.000000,0.000000,0.003100,0.000000
145,0.135443,0.995798,0.966000,0.893100,1112.000000,843830786.000000,1318204976.000000,234864640.000000,1568686080.000000,0.000500,0.000000,0.000000,0.000000,0.021300,0.000000,0.000000,0.000000,0.002800,0.000000
146,0.136529,1.081703,1.099600,1.001900,1112.000000,843820018.000000,1318204976.000000,234864640.000000,1568686080.000000,0.000500,0.000000,0.000000,0.000000,0.010500,0.000000,0.000000,0.000000,0.003100,0.000000
147,0.137835,1.311798,1.309900,1.229200,1112.000000,843825794.000000,1318204976.000000,234864640.000000,1568686080.000000,0.544700,0.033600,0.010500,0.018200,0.010400,0.019400,0.017400,0.023000,0.003300,0.000000
148,0.138578,0.751502,0.752600,0.674500,1112.000000,843847858.000000,1318204976.000000,234864640.000000,1568686080.000000,0.000600,0.000000,0.000000,0.000000,0.013000,0.000000,0.000000,0.000000,0.003200,0.000000
149,0.139320,0.732200,0.691200,0.615100,1112.000000,843831906.000000,1318204976.000000,234864640.000000,1568686080.000000,0.000500,0.000000,0.000000,0.000000,0.013200,0.000000,0.000000,0.000000,0.002800,0.000000
150,0.140472,1.109099,1.136600,1.022000,1112.000000,843831066.000000,1318204976.000000,234864640.000000,1568686080.000000,0.000500,0.000000,0.000000,0.000000,0.013300,0.000000,0.000000,0.000000,0.003300,0.000000
151,0.141401,0.963797,0.963200,0.877300,1112.000000,843829658.000000,1318204976.000000,234864640.000000,1568686080.000000,0.000700,0.000000,0.000000,0.000000,0.011100,0.000000,0.000000,0.000000,0.004200,0.000000
152,0.142420,1.022903,0.978100,0.892900,1112.000000,843834202.000000,1318204976.000000,234864640.000000,1568686080.000000,0.000600,0.000000,0.000000,0.000000,0.010800,0.000000,0.000000,0.000000,0.003300,0.000000
153,0.143388,0.938598,0.953500,0.826700,1112.000000,843833930.000000,1318204976.000000,234864640.000000,1568686080.000000,0.000500,0.000000,0.000000,0.000000,0.010400,0.000000,0.000000,0.000000,0.003600,0.000000
154,0.144426,1.080300,1.064200,0.955000,1112.000000,843842146.000000,1318204976.000000,234864640.000000,1568686080.000000,0.000600,0.000000,0.000000,0.000000,0.018200,0.000000,0.000000,0.000000,0.004100,0.000000
155,0.145331,0.895203,0.941600,0.817400,1112.000000,843842354.000000,1318204976.000000,234864640.000000,1568686080.000000,0.000500,0.000000,0.000000,0.000000,0.010600,0.000000,0.000000,0.000000,0.003000,0.000000
156,0.146422,1.063301,1.054400,0.976300,1112.000000,843843322.000000,1318204976.000000,234864640.000000,1568686080.000000,0.000500,0.000000,0.000000,0.000000,0.017400,0.000000,0.000000,0.000000,0.003100,0.000000
157,0.147872,1.465497,1.447700,1.316300,1112.000000,843842498.000000,1318204976.000000,234864640.000000,1568686080.000000,0.000600,0.000000,0.000000,0.000000,0.030800,0.000000,0.000000,0.000000,0.003500,0.000000
158,0.148943,1.087996,1.073900,0.983700,1112.000000,843842522.000000,1318204976.000000,234864640.000000,1568686080.000000,0.000600,0.000000,0.000000,0.000000,0.024900,0.000000,0.000000,0.000000,0.003600,0.000000
159,0.150147,1.197506,1.226500,1.118400,1112.000000,843842546.000000,1318204976.000000,234864640.000000,1568686080.000000,0.000500,0.000000,0.000000,0.000000,0.028000,0.000000,0.000000,0.000000,0.002900,0.000000
160,0.151332,1.173399,1.013400,0.934600,1112.000000,843847090.000000,1318204976.000000,234864640.000000,1568686080.000000,0.000600,0.000000,0.000000,0.000000,0.018400,0.000000,0.000000,0.000000,0.003400,0.000000
161,0.152539,1.225496,1.379800,1.146100,1112.000000,843846714.000000,1318204976.000000,234864640.000000,1568686080.000000,0.000500,0.000000,0.000000,0.000000,0.018200,0.000000,0.000000,0.000000,0.003800,0.000000
162,0.153835,1.284403,1.279200,1.198200,1112.000000,843850466.000000,1318204976.000000,234864640.000000,1568686080.000000,0.276100,0.034800,0.011100,0.022100,0.122100,0.018700,0.016800,0.014100,0.003500,0.000000
163,0.154799,0.981399,0.986900,0.904700,1112.000000,843850914.000000,1318204976.000000,234864640.000000,1568686080.000000,0.000500,0.000000,0.000000,0.000000,0.023400,0.000000,0.000000,0.000000,0.003400,0.000000
164,0.156001,1.038598,0.991100,0.914500,1112.000000,843867682.000000,1318204976.000000,234864640.000000,1568686080.000000,0.000600,0.000000,0.000000,0.000000,0.017900,0.000000,0.000000,0.000000,0.002900,0.000000
165,0.157681,1.774306,1.783700,1.677900,1112.000000,843850306.000000,1318204976.000000,234864640.000000,1568686080.000000,0.000800,0.000000,0.000000,0.000000,0.035600,0.000000,0.000000,0.000000,0.004400,0.000000
166,0.159141,1.508999,1.233400,1.081200,1112.000000,843846810.000000,1318204976.000000,234864640.000000,1568686080.000000,0.000600,0.000000,0.000000,0.000000,0.025300,0.000000,0.000000,0.000000,0.004000,0.000000
167,0.160156,1.028097,1.331500,0.953000,1112.000000,843850946.000000,1318204976.000000,234864640.000000,1568686080.000000,0.000600,0.000000,0.000000,0.000000,0.019500,0.000000,0.000000,0.000000,0.003100,0.000000
168,0.161268,1.107299,1.096100,1.020200,1112.000000,843851394.000000,1318204976.000000,234864640.000000,1568686080.000000,0.000500,0.000000,0.000000,0.000000,0.019700,0.000000,0.000000,0.000000,0.003200,0.000000
169,0.162590,1.301701,1.303500,1.225400,1112.000000,843850994.000000,1318204976.000000,234864640.000000,1568686080.000000,0.000500,0.000000,0.000000,0.000000,0.013300,0.000000,0.000000,0.000000,0.002900,0.000000
170,0.163601,1.031803,1.032400,0.951800,1112.000000,843851018.000000,1318204976.000000,234864640.000000,1568686080.000000,0.000700,0.000000,0.000000,0.000000,0.018400,0.000000,0.000000,0.000000,0.004200,0.000000
171,0.164634,1.040497,1.040200,0.962400,1112.000000,843855138.000000,1318204976.000000,234864640.000000,1568686080.000000,0.000600,0.000000,0.000000,0.000000,0.017200,0.000000,0.000000,0.000000,0.003300,0.000000
172,0.165749,1.056498,1.050300,0.973200,1112.000000,843856010.000000,1318204976.000000,234864640.000000,1568686080.000000,0.000600,0.000000,0.000000,0.000000,0.022800,0.000000,0.000000,0.000000,0.003000,0.000000
173,0.167337,1.594104,1.288200,1.206300,1112.000000,843859282.000000,1318204976.000000,234864640.000000,1568686080.000000,0.000500,0.000000,0.000000,0.000000,0.189800,0.000000,0.000000,0.000000,0.004500,0.000000
174,0.168346,1.052601,1.355400,0.977500,1112.000000,843859306.000000,1318204976.000000,234864640.000000,1568686080.000000,0.000600,0.000000,0.000000,0.000000,0.022800,0.000000,0.000000,0.000000,0.004000,0.000000
175,0.169410,1.080499,1.083900,1.006800,1112.000000,843859330.000000,1318204976.000000,234864640.000000,1568686080.000000,0.000600,0.000000,0.000000,0.000000,0.023900,0.000000,0.000000,0.000000,0.003100,0.000000
176,0.170420,0.998002,0.993300,0.917900,1112.000000,843864978.000000,1318204976.000000,234864640.000000,1568686080.000000,0.275000,0.034000,0.010100,0.018000,0.010000,0.020200,0.019700,0.032100,0.002900,0.000000
177,0.171182,0.768700,0.768100,0.691300,1112.000000,843865026.000000,1318204976.000000,234864640.000000,1568686080.000000,0.000500,0.000000,0.000000,0.000000,0.013400,0.000000,0.000000,0.000000,0.003500,0.000000
178,0.172054,0.860700,0.856100,0.778900,1112.000000,843864642.000000,1318204976.000000,234864640.000000,1568686080.000000,0.000500,0.000000,0.000000,0.000000,0.013100,0.000000,0.000000,0.000000,0.002900,0.000000
179,0.172820,0.770897,0.773300,0.695200,1112.000000,843869234.000000,1318204976.000000,234864640.000000,1568686080.000000,0.000600,0.000000,0.000000,0.000000,0.013000,0.000000,0.000000,0.000000,0.003400,0.000000
180,0.173600,0.782603,0.778000,0.703500,1112.000000,843880426.000000,1318204976.000000,234864640.000000,1568686080.000000,0.000600,0.000000,0.000000,0.000000,0.011000,0.000000,0.000000,0.000000,0.003200,0.000000
181,0.174339,0.748498,0.750200,0.674000,1112.000000,843863498.000000,1318204976.000000,234864640.000000,1568686080.000000,0.000600,0.000000,0.000000,0.000000,0.009400,0.000000,0.000000,0.000000,0.003400,0.000000
182,0.175239,0.884999,0.769600,0.695600,1112.000000,843863522.000000,1318204976.000000,234864640.000000,1568686080.000000,0.000600,0.000000,0.000000,0.000000,0.009400,0.000000,0.000000,0.000000,0.002700,0.000000
183,0.176024,0.786402,0.891300,0.708700,1112.000000,843863562.000000,1318204976.000000,234864640.000000,1568686080.000000,0.000600,0.000000,0.000000,0.000000,0.010400,0.000000,0.000000,0.000000,0.003300,0.000000
184,0.176849,0.831002,0.832900,0.754500,1112.000000,843864010.000000,1318204976.000000,234864640.000000,1568686080.000000,0.000500,0.000000,0.000000,0.000000,0.019400,0.000000,0.000000,0.000000,0.003100,0.000000
185,0.177776,0.917496,0.908200,0.831400,1112.000000,843863610.000000,1318204976.000000,234864640.000000,1568686080.000000,0.000600,0.000000,0.000000,0.000000,0.010100,0.000000,0.000000,0.000000,0.003200,0.000000
186,0.178515,0.747598,0.752400,0.669500,1112.000000,843868466.000000,1318204976.000000,234864640.000000,1568686080.000000,0.000500,0.000000,0.000000,0.000000,0.011200,0.000000,0.000000,0.000000,0.003700,0.000000
187,0.179415,0.892800,0.890900,0.814600,1112.000000,843869290.000000,1318204976.000000,234864640.000000,1568686080.000000,0.000600,0.000000,0.000000,0.000000,0.010900,0.000000,0.000000,0.000000,0.003100,0.000000
188,0.180164,0.760204,0.756900,0.682300,1112.000000,843875074.000000,1318204976.000000,234864640.000000,1568686080.000000,0.000500,0.000000,0.000000,0.000000,0.011200,0.000000,0.000000,0.000000,0.003200,0.000000
189,0.180838,0.679301,0.682700,0.606500,1112.000000,843874634.000000,1318204976.000000,234864640.000000,1568686080.000000,0.000600,0.000000,0.000000,0.000000,0.010100,0.000000,0.000000,0.000000,0.002900,0.000000
190,0.181635,0.779096,0.770200,0.697500,1112.000000,843874714.000000,1318204976.000000,234864640.000000,1568686080.000000,0.000500,0.000000,0.000000,0.000000,0.010000,0.000000,0.000000,0.000000,0.002900,0.000000
191,0.182604,0.879705,0.778700,0.699600,1112.000000,843874754.000000,1318204976.000000,234864640.000000,1568686080.000000,0.000500,0.000000,0.000000,0.000000,0.010700,0.000000,0.000000,0.000000,0.003200,0.000000
192,0.183505,0.990993,1.059700,0.883400,1112.000000,843879546.000000,1318204976.000000,234864640.000000,1568686080.000000,0.000500,0.000000,0.000000,0.000000,0.161400,0.000000,0.000000,0.000000,0.004700,0.000000
193,0.184392,0.889803,0.918600,0.813200,1112.000000,843879890.000000,1318204976.000000,234864640.000000,1568686080.000000,0.000500,0.000000,0.000000,0.000000,0.011100,0.000000,0.000000,0.000000,0.003000,0.000000
194,0.185096,0.715901,0.717000,0.641100,1112.000000,843879466.000000,1318204976.000000,234864640.000000,1568686080.000000,0.000600,0.000000,0.000000,0.000000,0.011000,0.000000,0.000000,0.000000,0.003300,0.000000
195,0.186002,0.883298,0.877900,0.804200,1112.000000,843880082.000000,1318204976.000000,234864640.000000,1568686080.000000,0.000500,0.000000,0.000000,0.000000,0.011300,0.000000,0.000000,0.000000,0.003000,0.000000
196,0.187105,1.113499,1.108800,1.030400,1112.000000,843900562.000000,1318204976.000000,234864640.000000,1568686080.000000,0.262500,0.034400,0.010900,0.018300,0.011800,0.015900,0.015700,0.022800,0.003100,0.000000
197,0.187845,0.750702,0.753500,0.675000,1112.000000,843883634.000000,1318204976.000000,234864640.000000,1568686080.000000,0.000500,0.000000,0.000000,0.000000,0.011900,0.000000,0.000000,0.000000,0.003200,0.000000
198,0.188511,0.668998,0.666900,0.593300,1112.000000,843883658.000000,1318204976.000000,234864640.000000,1568686080.000000,0.000400,0.000000,0.000000,0.000000,0.011600,0.000000,0.000000,0.000000,0.002900,0.000000
199,0.189194,0.675999,0.675500,0.601300,1112.000000,843887794.000000,1318204976.000000,234864640.000000,1568686080.000000,0.000500,0.000000,0.000000,0.000000,0.011200,0.000000,0.000000,0.000000,0.002900,0.000000
200,0.190407,1.196606,1.178500,1.102800,1112.000000,843887418.000000,1318204976.000000,234864640.000000,1568686080.000000,0.000500,0.000000,0.000000,0.000000,0.009700,0.000000,0.000000,0.000000,0.002800,0.000000
201,0.191478,1.077799,1.083600,0.993800,1112.000000,843887146.000000,1318204976.000000,234864640.000000,1568686080.000000,0.000500,0.000000,0.000000,0.000000,0.025100,0.000000,0.000000,0.000000,0.003000,0.000000
202,0.192295,0.819898,0.819500,0.727200,1112.000000,843887170.000000,1318204976.000000,234864640.000000,1568686080.000000,0.000500,0.000000,0.000000,0.000000,0.010700,0.000000,0.000000,0.000000,0.003300,0.000000
203,0.193027,0.740901,0.741900,0.663300,1112.000000,843887194.000000,1318204976.000000,234864640.000000,1568686080.000000,0.000500,0.000000,0.000000,0.000000,0.010900,0.000000,0.000000,0.000000,0.003200,0.000000
204,0.193752,0.722697,0.724000,0.648200,1112.000000,843888074.000000,1318204976.000000,234864640.000000,1568686080.000000,0.000500,0.000000,0.000000,0.000000,0.010900,0.000000,0.000000,0.000000,0.003000,0.000000
205,0.194438,0.691199,0.690300,0.617100,1112.000000,843895442.000000,1318204976.000000,234864640.000000,1568686080.000000,0.000500,0.000000,0.000000,0.000000,0.009700,0.000000,0.000000,0.000000,0.003100,0.000000
206,0.195135,0.694600,0.691000,0.619400,1112.000000,843895466.000000,1318204976.000000,234864640.000000,1568686080.000000,0.000600,0.000000,0.000000,0.000000,0.010100,0.000000,0.000000,0.000000,0.002800,0.000000
207,0.195825,0.690604,0.689400,0.616800,1112.000000,843895914.000000,1318204976.000000,234864640.000000,1568686080.000000,0.000600,0.000000,0.000000,0.000000,0.011000,0.000000,0.000000,0.000000,0.003000,0.000000
208,0.196626,0.801701,0.797600,0.724600,1112.000000,843895962.000000,1318204976.000000,234864640.000000,1568686080.000000,0.000600,0.000000,0.000000,0.000000,0.010900,0.000000,0.000000,0.000000,0.003000,0.000000
209,0.197454,0.828600,0.829000,0.755000,1112.000000,843895586.000000,1318204976.000000,234864640.000000,1568686080.000000,0.000500,0.000000,0.000000,0.000000,0.009700,0.000000,0.000000,0.000000,0.003100,0.000000
210,0.198267,0.799199,0.789700,0.716100,1112.000000,843896010.000000,1318204976.000000,234864640.000000,1568686080.000000,0.000700,0.000000,0.000000,0.000000,0.011600,0.000000,0.000000,0.000000,0.015900,0.000000
211,0.199231,0.969700,0.785100,0.705200,1112.000000,843899706.000000,1318204976.000000,234864640.000000,1568686080.000000,0.000600,0.000000,0.000000,0.000000,0.010900,0.000000,0.000000,0.000000,0.003300,0.000000
212,0.200219,0.999596,1.188400,0.927600,1112.000000,843916626.000000,1318204976.000000,234864640.000000,1568686080.000000,0.000500,0.000000,0.000000,0.000000,0.010400,0.000000,0.000000,0.000000,0.003000,0.000000
213,0.200886,0.671903,0.668900,0.597900,1112.000000,843899818.000000,1318204976.000000,234864640.000000,1568686080.000000,0.000600,0.000000,0.000000,0.000000,0.008900,0.000000,0.000000,0.000000,0.002900,0.000000
214,0.201598,0.712698,0.713700,0.641200,1112.000000,843899842.000000,1318204976.000000,234864640.000000,1568686080.000000,0.000400,0.000000,0.000000,0.000000,0.009200,0.000000,0.000000,0.000000,0.002700,0.000000
215,0.202289,0.693304,0.689000,0.619900,1112.000000,843899882.000000,1318204976.000000,234864640.000000,1568686080.000000,0.000500,0.000000,0.000000,0.000000,0.009500,0.000000,0.000000,0.000000,0.002800,0.000000
216,0.202981,0.682795,0.682000,0.609500,1112.000000,843904442.000000,1318204976.000000,234864640.000000,1568686080.000000,0.000500,0.000000,0.000000,0.000000,0.008900,0.000000,0.000000,0.000000,0.002700,0.000000
217,0.203857,0.882207,0.880800,0.809800,1112.000000,843904962.000000,1318204976.000000,234864640.000000,1568686080.000000,0.235000,0.031000,0.009400,0.015900,0.009100,0.017000,0.015800,0.011800,0.003000,0.000000
218,0.204482,0.627997,0.629200,0.558900,1112.000000,843909082.000000,1318204976.000000,234864640.000000,1568686080.000000,0.000700,0.000000,0.000000,0.000000,0.011200,0.000000,0.000000,0.000000,0.002700,0.000000
219,0.205159,0.677898,0.676800,0.609400,1112.000000,843909106.000000,1318204976.000000,234864640.000000,1568686080.000000,0.000400,0.000000,0.000000,0.000000,0.010800,0.000000,0.000000,0.000000,0.002200,0.000000
220,0.205839,0.665299,0.651800,0.585300,1112.000000,843909978.000000,1318204976.000000,234864640.000000,1568686080.000000,0.000500,0.000000,0.000000,0.000000,0.010900,0.000000,0.000000,0.000000,0.002800,0.000000
221,0.207315,1.374603,1.206800,1.085500,1112.000000,843908642.000000,1318204976.000000,234864640.000000,1568686080.000000,0.000400,0.000000,0.000000,0.000000,0.009800,0.000000,0.000000,0.000000,0.002900,0.000000
222,0.208229,0.989300,1.147400,0.933800,1112.000000,843916434.000000,1318204976.000000,234864640.000000,1568686080.000000,0.000400,0.000000,0.000000,0.000000,0.013100,0.000000,0.000000,0.000000,0.004000,0.000000
223,0.209157,0.943502,0.948800,0.865300,1112.000000,843916458.000000,1318204976.000000,234864640.000000,1568686080.000000,0.000700,0.000000,0.000000,0.000000,0.011200,0.000000,0.000000,0.000000,0.003700,0.000000
224,0.209888,0.741695,0.742900,0.667700,1112.000000,843921042.000000,1318204976.000000,234864640.000000,1568686080.000000,0.000600,0.000000,0.000000,0.000000,0.011300,0.000000,0.000000,0.000000,0.003200,0.000000
225,0.210737,0.754904,0.752600,0.680500,1112.000000,843921090.000000,1318204976.000000,234864640.000000,1568686080.000000,0.000500,0.000000,0.000000,0.000000,0.011000,0.000000,0.000000,0.000000,0.002900,0.000000
226,0.211531,0.883397,0.877000,0.803600,1112.000000,843920666.000000,1318204976.000000,234864640.000000,1568686080.000000,0.000700,0.000000,0.000000,0.000000,0.047100,0.000000,0.000000,0.000000,0.004300,0.000000
227,0.212499,0.942602,0.938400,0.859800,1112.000000,843920698.000000,1318204976.000000,234864640.000000,1568686080.000000,0.000500,0.000000,0.000000,0.000000,0.009800,0.000000,0.000000,0.000000,0.002900,0.000000
228,0.213278,0.805400,0.805700,0.726500,1112.000000,843942282.000000,1318204976.000000,234864640.000000,1568686080.000000,0.000600,0.000000,0.000000,0.000000,0.010800,0.000000,0.000000,0.000000,0.005600,0.000000
229,0.214042,0.767999,0.769000,0.692300,1112.000000,843925482.000000,1318204976.000000,234864640.000000,1568686080.000000,0.000500,0.000000,0.000000,0.000000,0.010200,0.000000,0.000000,0.000000,0.002900,0.000000
230,0.214816,0.770401,0.760400,0.686300,1112.000000,843925522.000000,1318204976.000000,234864640.000000,1568686080.000000,0.000600,0.000000,0.000000,0.000000,0.010600,0.000000,0.000000,0.000000,0.002900,0.000000
231,0.215545,0.727501,0.733800,0.655900,1112.000000,843929698.000000,1318204976.000000,234864640.000000,1568686080.000000,0.000500,0.000000,0.000000,0.000000,0.010800,0.000000,0.000000,0.000000,0.002900,0.000000
232,0.216696,1.070600,1.060000,0.983500,1112.000000,843930378.000000,1318204976.000000,234864640.000000,1568686080.000000,0.000600,0.000000,0.000000,0.000000,0.010900,0.000000,0.000000,0.000000,0.003200,0.000000
233,0.217484,0.870996,0.873700,0.791900,1112.000000,843929962.000000,1318204976.000000,234864640.000000,1568686080.000000,0.000700,0.000000,0.000000,0.000000,0.010200,0.000000,0.000000,0.000000,0.003800,0.000000
234,0.218217,0.734205,0.736300,0.659700,1112.000000,843930114.000000,1318204976.000000,234864640.000000,1568686080.000000,0.000600,0.000000,0.000000,0.000000,0.010000,0.000000,0.000000,0.000000,0.003400,0.000000
235,0.218910,0.696195,0.694400,0.621800,1112.000000,843930146.000000,1318204976.000000,234864640.000000,1568686080.000000,0.000600,0.000000,0.000000,0.000000,0.009700,0.000000,0.000000,0.000000,0.002900,0.000000
236,0.219586,0.676701,0.675900,0.603800,1112.000000,843931298.000000,1318204976.000000,234864640.000000,1568686080.000000,0.000500,0.000000,0.000000,0.000000,0.010800,0.000000,0.000000,0.000000,0.003100,0.000000
237,0.220630,1.032001,1.024200,0.950900,1112.000000,843936130.000000,1318204976.000000,234864640.000000,1568686080.000000,0.244400,0.035000,0.009500,0.016100,0.009000,0.018000,0.016200,0.012700,0.002900,0.000000
238,0.221548,0.885502,0.878800,0.709700,1112.000000,843936378.000000,1318204976.000000,234864640.000000,1568686080.000000,0.000500,0.000000,0.000000,0.000000,0.024300,0.000000,0.000000,0.000000,0.003300,0.000000
239,0.222513,1.000099,1.000500,0.919500,1112.000000,843940674.000000,1318204976.000000,234864640.000000,1568686080.000000,0.000600,0.000000,0.000000,0.000000,0.014300,0.000000,0.000000,0.000000,0.004000,0.000000
240,0.223343,0.824298,0.821100,0.740200,1112.000000,843942746.000000,1318204976.000000,234864640.000000,1568686080.000000,0.000600,0.000000,0.000000,0.000000,0.013500,0.000000,0.000000,0.000000,0.003100,0.000000
241,0.224262,0.925099,0.926700,0.844500,1112.000000,843950434.000000,1318204976.000000,234864640.000000,1568686080.000000,0.000600,0.000000,0.000000,0.000000,0.010500,0.000000,0.000000,0.000000,0.003200,0.000000
242,0.224980,0.725999,0.728200,0.650600,1112.000000,843951770.000000,1318204976.000000,234864640.000000,1568686080.000000,0.000600,0.000000,0.000000,0.000000,0.010300,0.000000,0.000000,0.000000,0.003100,0.000000
243,0.225719,0.728104,0.727200,0.654700,1112.000000,843956138.000000,1318204976.000000,234864640.000000,1568686080.000000,0.000500,0.000000,0.000000,0.000000,0.010300,0.000000,0.000000,0.000000,0.003000,0.000000
244,0.226701,0.980499,0.970500,0.896600,1112.000000,843976330.000000,1318204976.000000,234864640.000000,1568686080.000000,0.000500,0.000000,0.000000,0.000000,0.010100,0.000000,0.000000,0.000000,0.003100,0.000000
245,0.227690,0.994203,0.948500,0.868100,1112.000000,843959530.000000,1318204976.000000,234864640.000000,1568686080.000000,0.000400,0.000000,0.000000,0.000000,0.010300,0.000000,0.000000,0.000000,0.003600,0.000000
246,0.228822,1.128600,1.035000,0.911400,1112.000000,843959554.000000,1318204976.000000,234864640.000000,1568686080.000000,0.000600,0.000000,0.000000,0.000000,0.010000,0.000000,0.000000,0.000000,0.003100,0.000000
247,0.229568,0.750496,0.886600,0.671700,1112.000000,843959626.000000,1318204976.000000,234864640.000000,1568686080.000000,0.000500,0.000000,0.000000,0.000000,0.011200,0.000000,0.000000,0.000000,0.003200,0.000000
248,0.230381,0.733603,0.734300,0.658200,1112.000000,843960226.000000,1318204976.000000,234864640.000000,1568686080.000000,0.000600,0.000000,0.000000,0.000000,0.011400,0.000000,0.000000,0.000000,0.003200,0.000000
249,0.231169,0.865299,0.858500,0.783400,1112.000000,843959826.000000,1318204976.000000,234864640.000000,1568686080.000000,0.000700,0.000000,0.000000,0.000000,0.009600,0.000000,0.000000,0.000000,0.005100,0.000000
250,0.232147,0.960899,0.950000,0.867900,1112.000000,843963946.000000,1318204976.000000,234864640.000000,1568686080.000000,0.000600,0.000000,0.000000,0.000000,0.034700,0.000000,0.000000,0.000000,0.003200,0.000000
251,0.233111,0.976701,0.981100,0.893400,1112.000000,843964394.000000,1318204976.000000,234864640.000000,1568686080.000000,0.000800,0.000000,0.000000,0.000000,0.011800,0.000000,0.000000,0.000000,0.003700,0.000000
252,0.233814,0.721003,0.728700,0.648000,1112.000000,843964850.000000,1318204976.000000,234864640.000000,1568686080.000000,0.000500,0.000000,0.000000,0.000000,0.011500,0.000000,0.000000,0.000000,0.003200,0.000000
253,0.234479,0.665993,0.666500,0.595900,1112.000000,843964066.000000,1318204976.000000,234864640.000000,1568686080.000000,0.000500,0.000000,0.000000,0.000000,0.009300,0.000000,0.000000,0.000000,0.003200,0.000000
254,0.235225,0.739300,0.734600,0.664800,1112.000000,843964090.000000,1318204976.000000,234864640.000000,1568686080.000000,0.000500,0.000000,0.000000,0.000000,0.009400,0.000000,0.000000,0.000000,0.002800,0.000000
255,0.235925,0.699306,0.696200,0.624300,1112.000000,843964178.000000,1318204976.000000,234864640.000000,1568686080.000000,0.000600,0.000000,0.000000,0.000000,0.010300,0.000000,0.000000,0.000000,0.003000,0.000000
256,0.237036,1.110197,1.107600,1.033300,1112.000000,843974066.000000,1318204976.000000,234864640.000000,1568686080.000000,0.251200,0.033000,0.009900,0.015900,0.009100,0.017200,0.016100,0.013900,0.002800,0.000000
257,0.237720,0.693601,0.696100,0.622700,1112.000000,843973690.000000,1318204976.000000,234864640.000000,1568686080.000000,0.000500,0.000000,0.000000,0.000000,0.010900,0.000000,0.000000,0.000000,0.003000,0.000000
258,0.238378,0.654599,0.654600,0.585600,1112.000000,843973690.000000,1318204976.000000,234864640.000000,1568686080.000000,0.000500,0.000000,0.000000,0.000000,0.011300,0.000000,0.000000,0.000000,0.003000,0.000000
259,0.239043,0.667297,0.665900,0.598700,1112.000000,843973794.000000,1318204976.000000,234864640.000000,1568686080.000000,0.000500,0.000000,0.000000,0.000000,0.010800,0.000000,0.000000,0.000000,0.002700,0.000000
260,0.239786,0.729904,0.724700,0.657100,1112.000000,843989738.000000,1318204976.000000,234864640.000000,1568686080.000000,0.000500,0.000000,0.000000,0.000000,0.009400,0.000000,0.000000,0.000000,0.002700,0.000000
261,0.240538,0.763797,0.761500,0.690100,1112.000000,843972810.000000,1318204976.000000,234864640.000000,1568686080.000000,0.000500,0.000000,0.000000,0.000000,0.009400,0.000000,0.000000,0.000000,0.002900,0.000000
262,0.241332,0.787500,0.781100,0.709000,1112.000000,843972834.000000,1318204976.000000,234864640.000000,1568686080.000000,0.000500,0.000000,0.000000,0.000000,0.009200,0.000000,0.000000,0.000000,0.002700,0.000000
263,0.242059,0.729705,0.729100,0.653300,1112.000000,843976970.000000,1318204976.000000,234864640.000000,1568686080.000000,0.000400,0.000000,0.000000,0.000000,0.009800,0.000000,0.000000,0.000000,0.003200,0.000000
264,0.242748,0.693998,0.697200,0.623200,1112.000000,843977434.000000,1318204976.000000,234864640.000000,1568686080.000000,0.000500,0.000000,0.000000,0.000000,0.009400,0.000000,0.000000,0.000000,0.002700,0.000000
265,0.243431,0.685601,0.682300,0.613000,1112.000000,843977442.000000,1318204976.000000,234864640.000000,1568686080.000000,0.000500,0.000000,0.000000,0.000000,0.009900,0.000000,0.000000,0.000000,0.003100,0.000000
266,0.244085,0.655896,0.657200,0.586300,1112.000000,843977042.000000,1318204976.000000,234864640.000000,1568686080.000000,0.000500,0.000000,0.000000,0.000000,0.009900,0.000000,0.000000,0.000000,0.002700,0.000000
267,0.244741,0.654004,0.652700,0.585100,1112.000000,843977066.000000,1318204976.000000,234864640.000000,1568686080.000000,0.000500,0.000000,0.000000,0.000000,0.009400,0.000000,0.000000,0.000000,0.002900,0.000000
268,0.245443,0.688301,0.673700,0.605500,1112.000000,843978090.000000,1318204976.000000,234864640.000000,1568686080.000000,0.000500,0.000000,0.000000,0.000000,0.009800,0.000000,0.000000,0.000000,0.002700,0.000000
269,0.246177,0.720196,0.726900,0.646500,1164.000000,843981962.000000,1318204976.000000,234864640.000000,1568686080.000000,0.000500,0.000000,0.000000,0.000000,0.008700,0.000000,0.000000,0.000000,0.003300,0.000000
270,0.246886,0.724802,0.719700,0.647100,1112.000000,843982794.000000,1318204976.000000,234864640.000000,1568686080.000000,0.000600,0.000000,0.000000,0.000000,0.009500,0.000000,0.000000,0.000000,0.003300,0.000000
271,0.247627,0.748902,0.749400,0.674100,1112.000000,843984074.000000,1318204976.000000,234864640.000000,1568686080.000000,0.000500,0.000000,0.000000,0.000000,0.010900,0.000000,0.000000,0.000000,0.003000,0.000000
272,0.248339,0.702700,0.699900,0.627200,1112.000000,843984282.000000,1318204976.000000,234864640.000000,1568686080.000000,0.000500,0.000000,0.000000,0.000000,0.010100,0.000000,0.000000,0.000000,0.002900,0.000000
273,0.249047,0.714399,0.716200,0.643300,1112.000000,843987978.000000,1318204976.000000,234864640.000000,1568686080.000000,0.000500,0.000000,0.000000,0.000000,0.009700,0.000000,0.000000,0.000000,0.002900,0.000000
274,0.249746,0.699504,0.695400,0.625800,1112.000000,843988050.000000,1318204976.000000,234864640.000000,1568686080.000000,0.000500,0.000000,0.000000,0.000000,0.009700,0.000000,0.000000,0.000000,0.003000,0.000000
275,0.250456,0.705796,0.704400,0.631600,1112.000000,843992178.000000,1318204976.000000,234864640.000000,1568686080.000000,0.000500,0.000000,0.000000,0.000000,0.009500,0.000000,0.000000,0.000000,0.002900,0.000000
276,0.251559,1.052501,1.011800,0.937700,1112.000000,844012274.000000,1318204976.000000,234864640.000000,1568686080.000000,0.000600,0.000000,0.000000,0.000000,0.010900,0.000000,0.000000,0.000000,0.003000,0.000000
277,0.252549,1.033099,1.064500,0.957200,1112.000000,843995434.000000,1318204976.000000,234864640.000000,1568686080.000000,0.000700,0.000000,0.000000,0.000000,0.014600,0.000000,0.000000,0.000000,0.003700,0.000000
278,0.253765,1.219700,1.217600,1.139900,1112.000000,843997186.000000,1318204976.000000,234864640.000000,1568686080.000000,0.250500,0.033600,0.012400,0.016600,0.013200,0.019300,0.016700,0.013600,0.003500,0.000000
279,0.254658,0.895798,0.894200,0.816900,1112.000000,843997650.000000,1318204976.000000,234864640.000000,1568686080.000000,0.000500,0.000000,0.000000,0.000000,0.016900,0.000000,0.000000,0.000000,0.003300,0.000000
280,0.255560,0.895103,0.896600,0.819400,1112.000000,844001770.000000,1318204976.000000,234864640.000000,1568686080.000000,0.000500,0.000000,0.000000,0.000000,0.021400,0.000000,0.000000,0.000000,0.003000,0.000000
281,0.257167,1.471301,1.334100,1.243400,1112.000000,844001370.000000,1318204976.000000,234864640.000000,1568686080.000000,0.000600,0.000000,0.000000,0.000000,0.015600,0.000000,0.000000,0.000000,0.003000,0.000000
282,0.258324,1.274901,1.397400,1.195300,1112.000000,844003786.000000,1318204976.000000,234864640.000000,1568686080.000000,0.000900,0.000000,0.000000,0.000000,0.019100,0.000000,0.000000,0.000000,0.005300,0.000000
283,0.259272,0.972499,0.978400,0.896500,1112.000000,844003810.000000,1318204976.000000,234864640.000000,1568686080.000000,0.000800,0.000000,0.000000,0.000000,0.018400,0.000000,0.000000,0.000000,0.003700,0.000000
284,0.260278,1.006200,1.004400,0.930100,1112.000000,844004682.000000,1318204976.000000,234864640.000000,1568686080.000000,0.000600,0.000000,0.000000,0.000000,0.018300,0.000000,0.000000,0.000000,0.003000,0.000000
285,0.261261,0.977898,0.974800,0.900000,1112.000000,844003858.000000,1318204976.000000,234864640.000000,1568686080.000000,0.000500,0.000000,0.000000,0.000000,0.017600,0.000000,0.000000,0.000000,0.003100,0.000000
286,0.262411,1.147598,1.143500,1.066200,1112.000000,844004306.000000,1318204976.000000,234864640.000000,1568686080.000000,0.000500,0.000000,0.000000,0.000000,0.017700,0.000000,0.000000,0.000000,0.003200,0.000000
287,0.263458,1.041801,1.041000,0.964500,1112.000000,844003906.000000,1318204976.000000,234864640.000000,1568686080.000000,0.000700,0.000000,0.000000,0.000000,0.019600,0.000000,0.000000,0.000000,0.003300,0.000000
288,0.264387,0.939300,0.935300,0.859700,1112.000000,844008522.000000,1318204976.000000,234864640.000000,1568686080.000000,0.000700,0.000000,0.000000,0.000000,0.013100,0.000000,0.000000,0.000000,0.003500,0.000000
289,0.265484,1.088598,1.085100,1.007000,1112.000000,844008146.000000,1318204976.000000,234864640.000000,1568686080.000000,0.000600,0.000000,0.000000,0.000000,0.021800,0.000000,0.000000,0.000000,0.002900,0.000000
290,0.266526,1.032802,1.034100,0.954200,1112.000000,844012242.000000,1318204976.000000,234864640.000000,1568686080.000000,0.000300,0.000000,0.000000,0.000000,0.011300,0.000000,0.000000,0.000000,0.002900,0.000000
291,0.267547,1.033503,1.029100,0.951600,1112.000000,844012266.000000,1318204976.000000,234864640.000000,1568686080.000000,0.000500,0.000000,0.000000,0.000000,0.024600,0.000000,0.000000,0.000000,0.003300,0.000000
292,0.268718,1.176800,1.178700,1.101000,1112.000000,844018226.000000,1318204976.000000,234864640.000000,1568686080.000000,0.000400,0.000000,0.000000,0.000000,0.022900,0.000000,0.000000,0.000000,0.003000,0.000000
293,0.269622,0.912599,0.913200,0.839200,1112.000000,844001298.000000,1318204976.000000,234864640.000000,1568686080.000000,0.000500,0.000000,0.000000,0.000000,0.020200,0.000000,0.000000,0.000000,0.003000,0.000000
294,0.270755,1.122201,1.116200,1.043600,1112.000000,844003194.000000,1318204976.000000,234864640.000000,1568686080.000000,0.241000,0.033100,0.010200,0.017600,0.017000,0.017000,0.016100,0.013300,0.002900,0.000000
295,0.271734,0.925298,0.924900,0.847900,1112.000000,844007330.000000,1318204976.000000,234864640.000000,1568686080.000000,0.000600,0.000000,0.000000,0.000000,0.018200,0.000000,0.000000,0.000000,0.003000,0.000000
296,0.272679,0.981597,0.979300,0.905100,1112.000000,844007778.000000,1318204976.000000,234864640.000000,1568686080.000000,0.000600,0.000000,0.000000,0.000000,0.027600,0.000000,0.000000,0.000000,0.003900,0.000000
297,0.273868,1.125404,1.092300,1.015700,1112.000000,844007378.000000,1318204976.000000,234864640.000000,1568686080.000000,0.000600,0.000000,0.000000,0.000000,0.016200,0.000000,0.000000,0.000000,0.003500,0.000000
298,0.274952,1.148696,1.150500,1.043000,1112.000000,844005586.000000,1318204976.000000,234864640.000000,1568686080.000000,0.000600,0.000000,0.000000,0.000000,0.022800,0.000000,0.000000,0.000000,0.003600,0.000000
299,0.275934,0.952303,0.930500,0.830500,1112.000000,844005594.000000,1318204976.000000,234864640.000000,1568686080.000000,0.000600,0.000000,0.000000,0.000000,0.095000,0.000000,0.000000,0.000000,0.003100,0.000000
300,0.276988,1.098299,1.143600,1.028300,1112.000000,844006466.000000,1318204976.000000,234864640.000000,1568686080.000000,0.000600,0.000000,0.000000,0.000000,0.021300,0.000000,0.000000,0.000000,0.003400,0.000000
301,0.277970,0.996400,0.984700,0.910600,1112.000000,844010162.000000,1318204976.000000,234864640.000000,1568686080.000000,0.000600,0.000000,0.000000,0.000000,0.020300,0.000000,0.000000,0.000000,0.002900,0.000000
302,0.279192,1.185403,1.032600,0.949500,1112.000000,844009762.000000,1318204976.000000,234864640.000000,1568686080.000000,0.000500,0.000000,0.000000,0.000000,0.021900,0.000000,0.000000,0.000000,0.002500,0.000000
303,0.280268,1.064697,1.219400,0.985900,1112.000000,844009786.000000,1318204976.000000,234864640.000000,1568686080.000000,0.000700,0.000000,0.000000,0.000000,0.020000,0.000000,0.000000,0.000000,0.003300,0.000000
304,0.281347,1.002402,1.004900,0.927900,1112.000000,844010234.000000,1318204976.000000,234864640.000000,1568686080.000000,0.000500,0.000000,0.000000,0.000000,0.017600,0.000000,0.000000,0.000000,0.005300,0.000000
305,0.282403,1.162302,1.149000,1.074000,1112.000000,844009858.000000,1318204976.000000,234864640.000000,1568686080.000000,0.000500,0.000000,0.000000,0.000000,0.017700,0.000000,0.000000,0.000000,0.003400,0.000000
306,0.283513,1.103699,1.064100,0.980200,1112.000000,844009858.000000,1318204976.000000,234864640.000000,1568686080.000000,0.000500,0.000000,0.000000,0.000000,0.019200,0.000000,0.000000,0.000000,0.002900,0.000000
307,0.284357,0.855995,0.899900,0.778800,1112.000000,844022170.000000,1318204976.000000,234864640.000000,1568686080.000000,0.000600,0.000000,0.000000,0.000000,0.012100,0.000000,0.000000,0.000000,0.003400,0.000000
308,0.285357,1.003706,1.000700,0.925000,1112.000000,844038746.000000,1318204976.000000,234864640.000000,1568686080.000000,0.000600,0.000000,0.000000,0.000000,0.016700,0.000000,0.000000,0.000000,0.003200,0.000000
309,0.286425,1.044593,1.041200,0.964700,1112.000000,844022242.000000,1318204976.000000,234864640.000000,1568686080.000000,0.000500,0.000000,0.000000,0.000000,0.022800,0.000000,0.000000,0.000000,0.003400,0.000000
310,0.287827,1.312805,1.296100,1.216800,1112.000000,844023418.000000,1318204976.000000,234864640.000000,1568686080.000000,0.314800,0.081300,0.010200,0.016400,0.145800,0.018500,0.016700,0.015600,0.003400,0.000000
311,0.288848,1.121698,1.099200,1.020800,1112.000000,844023458.000000,1318204976.000000,234864640.000000,1568686080.000000,0.000500,0.000000,0.000000,0.000000,0.022800,0.000000,0.000000,0.000000,0.005300,0.000000
312,0.290020,1.097300,1.076700,0.966400,1112.000000,844023906.000000,1318204976.000000,234864640.000000,1568686080.000000,0.000600,0.000000,0.000000,0.000000,0.019700,0.000000,0.000000,0.000000,0.003400,0.000000
313,0.291055,1.108298,1.111200,0.982800,1112.000000,844023506.000000,1318204976.000000,234864640.000000,1568686080.000000,0.000400,0.000000,0.000000,0.000000,0.018200,0.000000,0.000000,0.000000,0.004900,0.000000
314,0.292081,1.020600,1.065200,0.939900,1112.000000,844026106.000000,1318204976.000000,234864640.000000,1568686080.000000,0.000500,0.000000,0.000000,0.000000,0.014100,0.000000,0.000000,0.000000,0.003100,0.000000
315,0.293051,0.983404,0.985000,0.905500,1112.000000,844026114.000000,1318204976.000000,234864640.000000,1568686080.000000,0.000500,0.000000,0.000000,0.000000,0.016100,0.000000,0.000000,0.000000,0.003300,0.000000
316,0.294033,0.986501,0.986800,0.911800,1112.000000,844027410.000000,1318204976.000000,234864640.000000,1568686080.000000,0.000500,0.000000,0.000000,0.000000,0.017400,0.000000,0.000000,0.000000,0.003300,0.000000
317,0.295134,1.053295,1.050500,0.976500,1112.000000,844026162.000000,1318204976.000000,234864640.000000,1568686080.000000,0.000500,0.000000,0.000000,0.000000,0.018100,0.000000,0.000000,0.000000,0.002900,0.000000
318,0.296307,1.214201,1.205800,1.131100,1112.000000,844026186.000000,1318204976.000000,234864640.000000,1568686080.000000,0.000700,0.000000,0.000000,0.000000,0.016300,0.000000,0.000000,0.000000,0.004300,0.000000
319,0.297269,0.954103,0.952000,0.871000,1112.000000,844026210.000000,1318204976.000000,234864640.000000,1568686080.000000,0.000600,0.000000,0.000000,0.000000,0.023300,0.000000,0.000000,0.000000,0.003200,0.000000
320,0.298292,1.031696,1.031100,0.950100,1112.000000,844030754.000000,1318204976.000000,234864640.000000,1568686080.000000,0.000600,0.000000,0.000000,0.000000,0.021900,0.000000,0.000000,0.000000,0.003400,0.000000
321,0.299213,0.926800,0.928700,0.850800,1112.000000,844030354.000000,1318204976.000000,234864640.000000,1568686080.000000,0.000500,0.000000,0.000000,0.000000,0.017000,0.000000,0.000000,0.000000,0.003100,0.000000
322,0.300052,0.837904,0.836500,0.762200,1112.000000,844030378.000000,1318204976.000000,234864640.000000,1568686080.000000,0.000500,0.000000,0.000000,0.000000,0.016200,0.000000,0.000000,0.000000,0.003000,0.000000
323,0.300882,0.834602,0.833300,0.759600,1112.000000,844030826.000000,1318204976.000000,234864640.000000,1568686080.000000,0.000600,0.000000,0.000000,0.000000,0.080400,0.000000,0.000000,0.000000,0.003000,0.000000
324,0.302002,0.988797,0.938300,0.863600,1112.000000,844051186.000000,1318204976.000000,234864640.000000,1568686080.000000,0.000600,0.000000,0.000000,0.000000,0.016800,0.000000,0.000000,0.000000,0.002900,0.000000
325,0.302944,1.063301,1.003100,0.882400,1112.000000,844034258.000000,1318204976.000000,234864640.000000,1568686080.000000,0.000600,0.000000,0.000000,0.000000,0.009900,0.000000,0.000000,0.000000,0.003600,0.000000
326,0.303963,1.019898,1.119300,0.942400,1112.000000,844037346.000000,1318204976.000000,234864640.000000,1568686080.000000,0.272100,0.033800,0.010100,0.019300,0.012400,0.022300,0.018400,0.018200,0.003200,0.000000
327,0.304648,0.692404,0.696900,0.619400,1112.000000,844041490.000000,1318204976.000000,234864640.000000,1568686080.000000,0.000500,0.000000,0.000000,0.000000,0.012400,0.000000,0.000000,0.000000,0.003000,0.000000
328,0.305357,0.712798,0.712000,0.641500,1112.000000,844041978.000000,1318204976.000000,234864640.000000,1568686080.000000,0.000500,0.000000,0.000000,0.000000,0.012100,0.000000,0.000000,0.000000,0.002800,0.000000
329,0.306290,0.889399,0.879400,0.807500,1112.000000,844041602.000000,1318204976.000000,234864640.000000,1568686080.000000,0.000500,0.000000,0.000000,0.000000,0.011400,0.000000,0.000000,0.000000,0.002900,0.000000
330,0.307482,1.199504,1.162000,1.077100,1112.000000,844038554.000000,1318204976.000000,234864640.000000,1568686080.000000,0.000600,0.000000,0.000000,0.000000,0.011200,0.000000,0.000000,0.000000,0.003600,0.000000
331,0.308329,0.872995,0.907700,0.794100,1112.000000,844039114.000000,1318204976.000000,234864640.000000,1568686080.000000,0.000500,0.000000,0.000000,0.000000,0.011800,0.000000,0.000000,0.000000,0.003200,0.000000
332,0.309025,0.705003,0.710300,0.634700,1112.000000,844039602.000000,1318204976.000000,234864640.000000,1568686080.000000,0.000600,0.000000,0.000000,0.000000,0.010900,0.000000,0.000000,0.000000,0.003200,0.000000
333,0.309691,0.674504,0.672900,0.603900,1112.000000,844042874.000000,1318204976.000000,234864640.000000,1568686080.000000,0.000500,0.000000,0.000000,0.000000,0.008800,0.000000,0.000000,0.000000,0.002900,0.000000
334,0.310349,0.658999,0.658100,0.589400,1112.000000,844042898.000000,1318204976.000000,234864640.000000,1568686080.000000,0.000500,0.000000,0.000000,0.000000,0.009200,0.000000,0.000000,0.000000,0.002700,0.000000
335,0.311100,0.721995,0.713600,0.643600,1112.000000,844042922.000000,1318204976.000000,234864640.000000,1568686080.000000,0.000500,0.000000,0.000000,0.000000,0.010400,0.000000,0.000000,0.000000,0.002800,0.000000
336,0.311950,0.859099,0.854200,0.777700,1112.000000,844043370.000000,1318204976.000000,234864640.000000,1568686080.000000,0.000600,0.000000,0.000000,0.000000,0.010200,0.000000,0.000000,0.000000,0.003700,0.000000
337,0.312758,0.810204,0.810400,0.732100,1112.000000,844043506.000000,1318204976.000000,234864640.000000,1568686080.000000,0.000600,0.000000,0.000000,0.000000,0.011100,0.000000,0.000000,0.000000,0.003300,0.000000
338,0.313512,0.754500,0.755200,0.679600,1112.000000,844043106.000000,1318204976.000000,234864640.000000,1568686080.000000,0.000500,0.000000,0.000000,0.000000,0.011000,0.000000,0.000000,0.000000,0.002900,0.000000
339,0.314215,0.714902,0.714900,0.642300,1112.000000,844047226.000000,1318204976.000000,234864640.000000,1568686080.000000,0.000600,0.000000,0.000000,0.000000,0.009600,0.000000,0.000000,0.000000,0.002700,0.000000
340,0.314928,0.704599,0.700500,0.629600,1112.000000,844064202.000000,1318204976.000000,234864640.000000,1568686080.000000,0.000500,0.000000,0.000000,0.000000,0.010600,0.000000,0.000000,0.000000,0.002900,0.000000
341,0.315602,0.678295,0.678900,0.606200,1112.000000,844051754.000000,1318204976.000000,234864640.000000,1568686080.000000,0.000600,0.000000,0.000000,0.000000,0.010100,0.000000,0.000000,0.000000,0.002900,0.000000
342,0.316327,0.727700,0.725800,0.655700,1112.000000,844051778.000000,1318204976.000000,234864640.000000,1568686080.000000,0.000400,0.000000,0.000000,0.000000,0.009800,0.000000,0.000000,0.000000,0.003200,0.000000
343,0.317065,0.740405,0.734700,0.664900,1112.000000,844051818.000000,1318204976.000000,234864640.000000,1568686080.000000,0.000500,0.000000,0.000000,0.000000,0.009700,0.000000,0.000000,0.000000,0.002800,0.000000
344,0.317804,0.739597,0.740500,0.667000,1112.000000,844056378.000000,1318204976.000000,234864640.000000,1568686080.000000,0.000500,0.000000,0.000000,0.000000,0.009500,0.000000,0.000000,0.000000,0.003000,0.000000
345,0.318484,0.674001,0.672700,0.601100,1112.000000,844055962.000000,1318204976.000000,234864640.000000,1568686080.000000,0.000500,0.000000,0.000000,0.000000,0.009500,0.000000,0.000000,0.000000,0.003000,0.000000
346,0.319410,0.912302,0.855400,0.782000,1112.000000,844060098.000000,1318204976.000000,234864640.000000,1568686080.000000,0.000500,0.000000,0.000000,0.000000,0.011300,0.000000,0.000000,0.000000,0.002900,0.000000
347,0.320437,1.035495,1.085400,0.962800,1112.000000,844061138.000000,1318204976.000000,234864640.000000,1568686080.000000,0.317300,0.033700,0.027200,0.016000,0.009200,0.020700,0.016800,0.014700,0.003300,0.000000
348,0.321208,0.760105,0.692900,0.618900,1112.000000,844062018.000000,1318204976.000000,234864640.000000,1568686080.000000,0.000600,0.000000,0.000000,0.000000,0.011900,0.000000,0.000000,0.000000,0.002900,0.000000
349,0.322309,1.104195,0.819300,0.681600,1112.000000,844061194.000000,1318204976.000000,234864640.000000,1568686080.000000,0.000500,0.000000,0.000000,0.000000,0.011600,0.000000,0.000000,0.000000,0.003300,0.000000
350,0.323118,0.798505,1.140500,0.719200,1112.000000,844061218.000000,1318204976.000000,234864640.000000,1568686080.000000,0.000500,0.000000,0.000000,0.000000,0.012000,0.000000,0.000000,0.000000,0.003000,0.000000
351,0.324076,0.970699,0.969500,0.891600,1112.000000,844060674.000000,1318204976.000000,234864640.000000,1568686080.000000,0.000600,0.000000,0.000000,0.000000,0.011700,0.000000,0.000000,0.000000,0.003200,0.000000
352,0.324841,0.763698,0.762800,0.684600,1112.000000,844064794.000000,1318204976.000000,234864640.000000,1568686080.000000,0.000500,0.000000,0.000000,0.000000,0.010700,0.000000,0.000000,0.000000,0.003200,0.000000
353,0.325739,0.751899,0.754400,0.678000,1112.000000,844064394.000000,1318204976.000000,234864640.000000,1568686080.000000,0.000500,0.000000,0.000000,0.000000,0.009700,0.000000,0.000000,0.000000,0.003200,0.000000
354,0.326732,0.988102,0.979700,0.906900,1112.000000,844064418.000000,1318204976.000000,234864640.000000,1568686080.000000,0.000600,0.000000,0.000000,0.000000,0.009700,0.000000,0.000000,0.000000,0.005500,0.000000
355,0.327659,1.061600,1.055000,0.974700,1112.000000,844064442.000000,1318204976.000000,234864640.000000,1568686080.000000,0.000500,0.000000,0.000000,0.000000,0.010100,0.000000,0.000000,0.000000,0.005500,0.000000
356,0.328428,0.790901,0.792600,0.710300,1112.000000,844081018.000000,1318204976.000000,234864640.000000,1568686080.000000,0.000600,0.000000,0.000000,0.000000,0.011000,0.000000,0.000000,0.000000,0.003300,0.000000
357,0.329306,0.870798,0.872900,0.794500,1112.000000,844064090.000000,1318204976.000000,234864640.000000,1568686080.000000,0.000500,0.000000,0.000000,0.000000,0.009300,0.000000,0.000000,0.000000,0.002800,0.000000
358,0.330034,0.741702,0.740800,0.666700,1112.000000,844068210.000000,1318204976.000000,234864640.000000,1568686080.000000,0.000600,0.000000,0.000000,0.000000,0.010300,0.000000,0.000000,0.000000,0.004900,0.000000
359,0.330701,0.672201,0.674200,0.601200,1112.000000,844072346.000000,1318204976.000000,234864640.000000,1568686080.000000,0.000500,0.000000,0.000000,0.000000,0.010100,0.000000,0.000000,0.000000,0.002900,0.000000
360,0.331390,0.685197,0.683800,0.614100,1112.000000,844072818.000000,1318204976.000000,234864640.000000,1568686080.000000,0.000500,0.000000,0.000000,0.000000,0.010000,0.000000,0.000000,0.000000,0.002800,0.000000
361,0.332083,0.693403,0.690700,0.621700,1112.000000,844072402.000000,1318204976.000000,234864640.000000,1568686080.000000,0.000600,0.000000,0.000000,0.000000,0.009300,0.000000,0.000000,0.000000,0.002900,0.000000
362,0.333096,1.015497,1.013400,0.943100,1112.000000,844072866.000000,1318204976.000000,234864640.000000,1568686080.000000,0.000600,0.000000,0.000000,0.000000,0.010300,0.000000,0.000000,0.000000,0.002500,0.000000
363,0.333764,0.669700,0.668000,0.598000,1112.000000,844072450.000000,1318204976.000000,234864640.000000,1568686080.000000,0.000600,0.000000,0.000000,0.000000,0.010000,0.000000,0.000000,0.000000,0.002500,0.000000
364,0.334620,0.692999,0.689200,0.618800,1112.000000,844073402.000000,1318204976.000000,234864640.000000,1568686080.000000,0.000500,0.000000,0.000000,0.000000,0.009200,0.000000,0.000000,0.000000,0.002900,0.000000
365,0.335441,0.974504,0.971500,0.898200,1112.000000,844077426.000000,1318204976.000000,234864640.000000,1568686080.000000,0.000500,0.000000,0.000000,0.000000,0.010600,0.000000,0.000000,0.000000,0.005200,0.000000
366,0.336177,0.738202,0.738800,0.665700,1112.000000,844078258.000000,1318204976.000000,234864640.000000,1568690176.000000,0.000600,0.000000,0.000000,0.000000,0.010300,0.000000,0.000000,0.000000,0.003100,0.000000
367,0.337616,1.423200,1.367600,1.293500,1112.000000,844080994.000000,1318204976.000000,234864640.000000,1568690176.000000,0.275500,0.037600,0.010200,0.019600,0.010300,0.017400,0.016200,0.021500,0.002900,0.000000
368,0.338577,0.966900,1.010800,0.886600,1112.000000,844081930.000000,1318204976.000000,234864640.000000,1568690176.000000,0.000500,0.000000,0.000000,0.000000,0.012900,0.000000,0.000000,0.000000,0.003400,0.000000
369,0.339505,0.845295,0.772100,0.693800,1112.000000,844081594.000000,1318204976.000000,234864640.000000,1568690176.000000,0.000500,0.000000,0.000000,0.000000,0.011400,0.000000,0.000000,0.000000,0.003400,0.000000
370,0.340359,0.925000,0.994500,0.847400,1112.000000,844081914.000000,1318204976.000000,234864640.000000,1568690176.000000,0.000500,0.000000,0.000000,0.000000,0.011800,0.000000,0.000000,0.000000,0.004300,0.000000
371,0.341374,1.025205,1.023100,0.943300,1112.000000,844084522.000000,1318204976.000000,234864640.000000,1568690176.000000,0.000500,0.000000,0.000000,0.000000,0.010500,0.000000,0.000000,0.000000,0.003400,0.000000
372,0.342129,0.760899,0.762700,0.684100,1112.000000,844104802.000000,1318204976.000000,234864640.000000,1568690176.000000,0.000500,0.000000,0.000000,0.000000,0.012000,0.000000,0.000000,0.000000,0.003400,0.000000
373,0.343012,0.871698,0.775700,0.701000,1112.000000,844087874.000000,1318204976.000000,234864640.000000,1568690176.000000,0.000500,0.000000,0.000000,0.000000,0.010100,0.000000,0.000000,0.000000,0.003200,0.000000
374,0.343998,0.990802,1.038600,0.871600,1112.000000,844087898.000000,1318204976.000000,234864640.000000,1568690176.000000,0.000500,0.000000,0.000000,0.000000,0.010700,0.000000,0.000000,0.000000,0.003300,0.000000
375,0.344762,0.771195,0.815100,0.696900,1112.000000,844092114.000000,1318204976.000000,234864640.000000,1568690176.000000,0.000500,0.000000,0.000000,0.000000,0.010800,0.000000,0.000000,0.000000,0.003000,0.000000
376,0.345799,0.938804,0.932500,0.859400,1112.000000,844093666.000000,1318204976.000000,234864640.000000,1568690176.000000,0.000400,0.000000,0.000000,0.000000,0.010200,0.000000,0.000000,0.000000,0.003000,0.000000
377,0.346633,0.912202,0.905900,0.828400,1112.000000,844094250.000000,1318204976.000000,234864640.000000,1568690176.000000,0.000500,0.000000,0.000000,0.000000,0.011300,0.000000,0.000000,0.000000,0.004000,0.000000
378,0.347778,1.159099,1.112800,1.030600,1112.000000,844098122.000000,1318204976.000000,234864640.000000,1568690176.000000,0.000600,0.000000,0.000000,0.000000,0.010500,0.000000,0.000000,0.000000,0.003200,0.000000
379,0.348624,0.752395,0.802600,0.677600,1112.000000,844098442.000000,1318204976.000000,234864640.000000,1568690176.000000,0.000600,0.000000,0.000000,0.000000,0.009800,0.000000,0.000000,0.000000,0.003300,0.000000
380,0.349437,0.905804,0.898500,0.824500,1112.000000,844099682.000000,1318204976.000000,234864640.000000,1568690176.000000,0.000700,0.000000,0.000000,0.000000,0.010300,0.000000,0.000000,0.000000,0.004100,0.000000
381,0.350404,0.977501,0.978500,0.898800,1112.000000,844099314.000000,1318204976.000000,234864640.000000,1568690176.000000,0.000500,0.000000,0.000000,0.000000,0.010500,0.000000,0.000000,0.000000,0.002800,0.000000
382,0.351372,0.956796,0.901300,0.825100,1112.000000,844098970.000000,1318204976.000000,234864640.000000,1568690176.000000,0.000400,0.000000,0.000000,0.000000,0.010000,0.000000,0.000000,0.000000,0.002800,0.000000
383,0.352613,1.234800,1.240600,1.111000,1112.000000,844099034.000000,1318204976.000000,234864640.000000,1568690176.000000,0.000500,0.000000,0.000000,0.000000,0.009600,0.000000,0.000000,0.000000,0.003000,0.000000
384,0.353611,1.008503,1.054600,0.934000,1112.000000,844105130.000000,1318204976.000000,234864640.000000,1568690176.000000,0.242300,0.033400,0.009900,0.015600,0.009300,0.018100,0.016300,0.012800,0.003200,0.000000
385,0.354354,0.750801,0.750800,0.678000,1112.000000,844104738.000000,1318204976.000000,234864640.000000,1568690176.000000,0.000500,0.000000,0.000000,0.000000,0.010900,0.000000,0.000000,0.000000,0.002900,0.000000
386,0.355063,0.711501,0.707300,0.636100,1112.000000,844104794.000000,1318204976.000000,234864640.000000,1568690176.000000,0.000500,0.000000,0.000000,0.000000,0.011000,0.000000,0.000000,0.000000,0.002900,0.000000
387,0.355889,0.821096,0.734200,0.661000,1112.000000,844104906.000000,1318204976.000000,234864640.000000,1568690176.000000,0.000500,0.000000,0.000000,0.000000,0.010800,0.000000,0.000000,0.000000,0.002800,0.000000
388,0.357107,0.983801,1.046700,0.857800,1112.000000,844122970.000000,1318204976.000000,234864640.000000,1568690176.000000,0.000400,0.000000,0.000000,0.000000,0.029700,0.000000,0.000000,0.000000,0.002800,0.000000
389,0.358377,1.492701,1.484900,1.389500,1112.000000,844106042.000000,1318204976.000000,234864640.000000,1568690176.000000,0.000700,0.000000,0.000000,0.000000,0.019400,0.000000,0.000000,0.000000,0.005000,0.000000
390,0.359428,1.057703,1.073500,0.974500,1112.000000,844106130.000000,1318204976.000000,234864640.000000,1568690176.000000,0.000500,0.000000,0.000000,0.000000,0.011500,0.000000,0.000000,0.000000,0.003000,0.000000
391,0.360207,0.781895,0.782200,0.700500,1112.000000,844110266.000000,1318204976.000000,234864640.000000,1568690176.000000,0.000500,0.000000,0.000000,0.000000,0.010500,0.000000,0.000000,0.000000,0.003000,0.000000
392,0.361084,0.879004,0.880500,0.801200,1112.000000,844119458.000000,1318204976.000000,234864640.000000,1568690176.000000,0.000600,0.000000,0.000000,0.000000,0.011700,0.000000,0.000000,0.000000,0.003400,0.000000
393,0.362035,0.950496,0.804000,0.728500,1112.000000,844118634.000000,1318204976.000000,234864640.000000,1568690176.000000,0.000500,0.000000,0.000000,0.000000,0.010800,0.000000,0.000000,0.000000,0.002900,0.000000
394,0.362889,0.858801,1.003400,0.783800,1112.000000,844118674.000000,1318204976.000000,234864640.000000,1568690176.000000,0.000500,0.000000,0.000000,0.000000,0.010100,0.000000,0.000000,0.000000,0.003000,0.000000
395,0.363670,0.780003,0.780300,0.707500,1112.000000,844119106.000000,1318204976.000000,234864640.000000,1568690176.000000,0.000500,0.000000,0.000000,0.000000,0.012000,0.000000,0.000000,0.000000,0.002900,0.000000
396,0.364450,0.769997,0.765000,0.693600,1112.000000,844119554.000000,1318204976.000000,234864640.000000,1568690176.000000,0.000500,0.000000,0.000000,0.000000,0.011000,0.000000,0.000000,0.000000,0.002900,0.000000
397,0.365235,0.791100,0.791300,0.717200,1112.000000,844122826.000000,1318204976.000000,234864640.000000,1568690176.000000,0.000500,0.000000,0.000000,0.000000,0.010700,0.000000,0.000000,0.000000,0.002900,0.000000
398,0.366303,0.987599,0.980000,0.907000,1112.000000,844122850.000000,1318204976.000000,234864640.000000,1568690176.000000,0.000500,0.000000,0.000000,0.000000,0.010900,0.000000,0.000000,0.000000,0.002800,0.000000
399,0.367566,1.022003,1.014200,0.934800,1112.000000,844122874.000000,1318204976.000000,234864640.000000,1568690176.000000,0.000800,0.000000,0.000000,0.000000,0.017400,0.000000,0.000000,0.000000,0.003600,0.000000
400,0.368579,1.324702,1.327600,1.242200,1112.000000,844123322.000000,1318204976.000000,234864640.000000,1568690176.000000,0.000500,0.000000,0.000000,0.000000,0.011000,0.000000,0.000000,0.000000,0.004200,0.000000
401,0.369489,0.909099,0.908400,0.828600,1112.000000,844122946.000000,1318204976.000000,234864640.000000,1568690176.000000,0.000500,0.000000,0.000000,0.000000,0.010300,0.000000,0.000000,0.000000,0.003400,0.000000
402,0.370486,1.005499,1.006400,0.929500,1112.000000,844124346.000000,1318204976.000000,234864640.000000,1568690176.000000,0.251900,0.034200,0.010300,0.016300,0.017000,0.020500,0.017100,0.013500,0.003100,0.000000
403,0.371394,0.912302,0.911500,0.837000,1112.000000,844128466.000000,1318204976.000000,234864640.000000,1568690176.000000,0.000500,0.000000,0.000000,0.000000,0.012000,0.000000,0.000000,0.000000,0.002900,0.000000
404,0.372533,1.126601,1.079100,1.003500,1112.000000,844145042.000000,1318204976.000000,234864640.000000,1568690176.000000,0.000500,0.000000,0.000000,0.000000,0.016200,0.000000,0.000000,0.000000,0.002800,0.000000
405,0.373594,1.044997,1.075700,0.954300,1112.000000,844128114.000000,1318204976.000000,234864640.000000,1568690176.000000,0.000500,0.000000,0.000000,0.000000,0.021500,0.000000,0.000000,0.000000,0.003200,0.000000
406,0.374449,0.827098,0.835300,0.749900,1112.000000,844126778.000000,1318204976.000000,234864640.000000,1568690176.000000,0.000700,0.000000,0.000000,0.000000,0.010700,0.000000,0.000000,0.000000,0.003400,0.000000
407,0.375391,0.979705,0.970900,0.893700,1112.000000,844127242.000000,1318204976.000000,234864640.000000,1568690176.000000,0.000600,0.000000,0.000000,0.000000,0.016300,0.000000,0.000000,0.000000,0.005500,0.000000
408,0.376365,0.933199,0.937400,0.853500,1112.000000,844131362.000000,1318204976.000000,234864640.000000,1568690176.000000,0.000500,0.000000,0.000000,0.000000,0.011500,0.000000,0.000000,0.000000,0.003100,0.000000
409,0.377363,1.042701,0.857100,0.780000,1112.000000,844135482.000000,1318204976.000000,234864640.000000,1568690176.000000,0.000700,0.000000,0.000000,0.000000,0.011400,0.000000,0.000000,0.000000,0.004200,0.000000
410,0.378132,0.781696,0.915300,0.836700,1112.000000,844139194.000000,1318204976.000000,234864640.000000,1568690176.000000,0.000600,0.000000,0.000000,0.000000,0.010900,0.000000,0.000000,0.000000,0.003300,0.000000
411,0.379152,1.020798,1.025400,0.901100,1112.000000,844139202.000000,1318204976.000000,234864640.000000,1568690176.000000,0.000500,0.000000,0.000000,0.000000,0.009600,0.000000,0.000000,0.000000,0.003200,0.000000
412,0.380079,0.928501,0.970200,0.851800,1112.000000,844140074.000000,1318204976.000000,234864640.000000,1568690176.000000,0.000500,0.000000,0.000000,0.000000,0.009800,0.000000,0.000000,0.000000,0.003300,0.000000
413,0.380961,0.876105,0.870600,0.794700,1112.000000,844139250.000000,1318204976.000000,234864640.000000,1568690176.000000,0.000500,0.000000,0.000000,0.000000,0.009800,0.000000,0.000000,0.000000,0.003100,0.000000
414,0.381840,0.862096,0.853800,0.773600,1112.000000,844139274.000000,1318204976.000000,234864640.000000,1568690176.000000,0.000500,0.000000,0.000000,0.000000,0.010000,0.000000,0.000000,0.000000,0.003300,0.000000
415,0.383056,1.139803,0.871800,0.786000,1112.000000,844139298.000000,1318204976.000000,234864640.000000,1568690176.000000,0.000500,0.000000,0.000000,0.000000,0.010700,0.000000,0.000000,0.000000,0.003500,0.000000
416,0.384168,1.137195,1.374300,1.023700,1112.000000,844143842.000000,1318204976.000000,234864640.000000,1568690176.000000,0.000700,0.000000,0.000000,0.000000,0.017000,0.000000,0.000000,0.000000,0.005200,0.000000
417,0.385199,1.035105,1.036700,0.922400,1112.000000,844143466.000000,1318204976.000000,234864640.000000,1568690176.000000,0.000700,0.000000,0.000000,0.000000,0.016700,0.000000,0.000000,0.000000,0.004800,0.000000
418,0.386246,1.017198,1.012200,0.901500,1112.000000,844143594.000000,1318204976.000000,234864640.000000,1568690176.000000,0.000600,0.000000,0.000000,0.000000,0.016600,0.000000,0.000000,0.000000,0.004700,0.000000
419,0.387577,1.402898,1.426300,1.318700,1112.000000,844145098.000000,1318204976.000000,234864640.000000,1568690176.000000,0.393100,0.052000,0.085100,0.021100,0.013700,0.027800,0.028000,0.022200,0.005200,0.000000
420,0.388326,0.773200,0.778800,0.696700,1112.000000,844162738.000000,1318204976.000000,234864640.000000,1568690176.000000,0.000600,0.000000,0.000000,0.000000,0.013500,0.000000,0.000000,0.000000,0.003300,0.000000
421,0.389016,0.696804,0.697300,0.622600,1112.000000,844145810.000000,1318204976.000000,234864640.000000,1568690176.000000,0.000500,0.000000,0.000000,0.000000,0.011500,0.000000,0.000000,0.000000,0.002800,0.000000
422,0.389988,0.782497,0.715300,0.643200,1112.000000,844146258.000000,1318204976.000000,234864640.000000,1568690176.000000,0.000500,0.000000,0.000000,0.000000,0.012600,0.000000,0.000000,0.000000,0.003200,0.000000
423,0.391463,1.611997,1.611400,1.432900,1112.000000,844148922.000000,1318204976.000000,234864640.000000,1568690176.000000,0.000700,0.000000,0.000000,0.000000,0.012300,0.000000,0.000000,0.000000,0.004700,0.000000
424,0.392383,0.942304,0.989300,0.852100,1112.000000,844148946.000000,1318204976.000000,234864640.000000,1568690176.000000,0.000600,0.000000,0.000000,0.000000,0.012700,0.000000,0.000000,0.000000,0.003500,0.000000
425,0.393119,0.754301,0.763000,0.677000,1112.000000,844148546.000000,1318204976.000000,234864640.000000,1568690176.000000,0.000500,0.000000,0.000000,0.000000,0.011200,0.000000,0.000000,0.000000,0.003300,0.000000
426,0.393824,0.714094,0.714800,0.638200,1112.000000,844152682.000000,1318204976.000000,234864640.000000,1568690176.000000,0.000600,0.000000,0.000000,0.000000,0.010100,0.000000,0.000000,0.000000,0.003000,0.000000
427,0.394517,0.697300,0.697400,0.625000,1112.000000,844152690.000000,1318204976.000000,234864640.000000,1568690176.000000,0.000600,0.000000,0.000000,0.000000,0.009900,0.000000,0.000000,0.000000,0.003200,0.000000
428,0.395238,0.718700,0.718200,0.647700,1112.000000,844153562.000000,1318204976.000000,234864640.000000,1568690176.000000,0.000600,0.000000,0.000000,0.000000,0.010100,0.000000,0.000000,0.000000,0.002800,0.000000
429,0.395915,0.683702,0.680300,0.611600,1112.000000,844156834.000000,1318204976.000000,234864640.000000,1568690176.000000,0.000500,0.000000,0.000000,0.000000,0.009300,0.000000,0.000000,0.000000,0.002900,0.000000
430,0.396743,0.803203,0.792400,0.719500,1112.000000,844156858.000000,1318204976.000000,234864640.000000,1568690176.000000,0.000600,0.000000,0.000000,0.000000,0.030700,0.000000,0.000000,0.000000,0.002900,0.000000
431,0.397519,0.788095,0.790100,0.710100,1112.000000,844156882.000000,1318204976.000000,234864640.000000,1568690176.000000,0.000500,0.000000,0.000000,0.000000,0.010300,0.000000,0.000000,0.000000,0.003300,0.000000
432,0.398246,0.726800,0.728200,0.635100,1112.000000,844157330.000000,1318204976.000000,234864640.000000,1568690176.000000,0.000600,0.000000,0.000000,0.000000,0.010100,0.000000,0.000000,0.000000,0.003000,0.000000
433,0.399023,0.772102,0.766800,0.693200,1112.000000,844157178.000000,1318204976.000000,234864640.000000,1568690176.000000,0.000500,0.000000,0.000000,0.000000,0.009500,0.000000,0.000000,0.000000,0.002900,0.000000
434,0.399945,0.910197,0.906500,0.829400,1112.000000,844158074.000000,1318204976.000000,234864640.000000,1568690176.000000,0.000500,0.000000,0.000000,0.000000,0.011000,0.000000,0.000000,0.000000,0.003200,0.000000
435,0.400691,0.758206,0.758500,0.679700,1112.000000,844162986.000000,1318204976.000000,234864640.000000,1568690176.000000,0.000600,0.000000,0.000000,0.000000,0.011100,0.000000,0.000000,0.000000,0.003400,0.000000
436,0.401579,0.886699,0.881400,0.803600,1112.000000,844184522.000000,1318204976.000000,234864640.000000,1568690176.000000,0.000600,0.000000,0.000000,0.000000,0.022300,0.000000,0.000000,0.000000,0.003100,0.000000
437,0.402334,0.755797,0.757500,0.678300,1112.000000,844167786.000000,1318204976.000000,234864640.000000,1568690176.000000,0.000600,0.000000,0.000000,0.000000,0.010800,0.000000,0.000000,0.000000,0.003100,0.000000
438,0.403088,0.763301,0.763600,0.688100,1112.000000,844168234.000000,1318204976.000000,234864640.000000,1568690176.000000,0.000600,0.000000,0.000000,0.000000,0.011100,0.000000,0.000000,0.000000,0.003000,0.000000
439,0.404068,0.981002,0.977100,0.902500,1112.000000,844170114.000000,1318204976.000000,234864640.000000,1568690176.000000,0.258100,0.037800,0.010800,0.016300,0.009700,0.019600,0.016700,0.013900,0.002800,0.000000
440,0.404795,0.723802,0.725200,0.651000,1112.000000,844170690.000000,1318204976.000000,234864640.000000,1568690176.000000,0.000600,0.000000,0.000000,0.000000,0.011500,0.000000,0.000000,0.000000,0.002900,0.000000
441,0.405476,0.688499,0.684600,0.613100,1112.000000,844170290.000000,1318204976.000000,234864640.000000,1568690176.000000,0.000500,0.000000,0.000000,0.000000,0.011200,0.000000,0.000000,0.000000,0.002800,0.000000
442,0.407403,1.738797,1.212900,1.132500,1112.000000,844174410.000000,1318204976.000000,234864640.000000,1568690176.000000,0.000600,0.000000,0.000000,0.000000,0.010900,0.000000,0.000000,0.000000,0.002800,0.000000
443,0.409226,1.965802,2.447200,1.847800,1112.000000,844176506.000000,1318204976.000000,234864640.000000,1568690176.000000,0.000900,0.000000,0.000000,0.000000,0.020900,0.000000,0.000000,0.000000,0.007700,0.000000
444,0.410294,1.090299,1.120400,1.007700,1112.000000,844177378.000000,1318204976.000000,234864640.000000,1568690176.000000,0.000600,0.000000,0.000000,0.000000,0.037800,0.000000,0.000000,0.000000,0.003700,0.000000
445,0.411349,1.058801,1.057800,0.976500,1112.000000,844176554.000000,1318204976.000000,234864640.000000,1568690176.000000,0.000500,0.000000,0.000000,0.000000,0.020900,0.000000,0.000000,0.000000,0.003400,0.000000
446,0.412346,0.995996,0.992000,0.912300,1112.000000,844176578.000000,1318204976.000000,234864640.000000,1568690176.000000,0.000600,0.000000,0.000000,0.000000,0.023500,0.000000,0.000000,0.000000,0.003500,0.000000
447,0.413315,0.967503,0.969700,0.888400,1112.000000,844176602.000000,1318204976.000000,234864640.000000,1568690176.000000,0.000600,0.000000,0.000000,0.000000,0.021100,0.000000,0.000000,0.000000,0.003200,0.000000
448,0.414271,0.964803,0.964300,0.887300,1112.000000,844181146.000000,1318204976.000000,234864640.000000,1568690176.000000,0.000600,0.000000,0.000000,0.000000,0.020400,0.000000,0.000000,0.000000,0.003200,0.000000
449,0.415494,1.204797,1.140900,1.063700,1112.000000,844180770.000000,1318204976.000000,234864640.000000,1568690176.000000,0.000600,0.000000,0.000000,0.000000,0.119700,0.000000,0.000000,0.000000,0.003300,0.000000
450,0.416659,1.168396,1.221500,1.085100,1112.000000,844180770.000000,1318204976.000000,234864640.000000,1568690176.000000,0.000600,0.000000,0.000000,0.000000,0.025900,0.000000,0.000000,0.000000,0.003500,0.000000
451,0.417873,1.221103,1.220800,1.134500,1112.000000,844180794.000000,1318204976.000000,234864640.000000,1568690176.000000,0.000500,0.000000,0.000000,0.000000,0.035300,0.000000,0.000000,0.000000,0.003300,0.000000
452,0.418883,1.008801,1.007500,0.927600,1112.000000,844197370.000000,1318204976.000000,234864640.000000,1568690176.000000,0.000600,0.000000,0.000000,0.000000,0.038400,0.000000,0.000000,0.000000,0.003100,0.000000
453,0.419879,0.997803,0.994300,0.914200,1112.000000,844181290.000000,1318204976.000000,234864640.000000,1568690176.000000,0.000500,0.000000,0.000000,0.000000,0.026400,0.000000,0.000000,0.000000,0.003300,0.000000
454,0.421175,1.298200,1.295300,1.215200,1112.000000,844184002.000000,1318204976.000000,234864640.000000,1568690176.000000,0.277500,0.034800,0.010700,0.021000,0.086100,0.020300,0.017200,0.014400,0.003400,0.000000
455,0.422278,1.082795,1.080100,0.997600,1112.000000,844188266.000000,1318204976.000000,234864640.000000,1568690176.000000,0.000500,0.000000,0.000000,0.000000,0.022300,0.000000,0.000000,0.000000,0.003000,0.000000
456,0.423652,1.323802,1.255400,1.170700,1112.000000,844188714.000000,1318204976.000000,234864640.000000,1568690176.000000,0.000700,0.000000,0.000000,0.000000,0.023300,0.000000,0.000000,0.000000,0.004700,0.000000
457,0.424918,1.311997,1.332900,1.217600,1112.000000,844188314.000000,1318204976.000000,234864640.000000,1568690176.000000,0.000600,0.000000,0.000000,0.000000,0.026500,0.000000,0.000000,0.000000,0.004100,0.000000
458,0.425869,0.953104,0.981700,0.875000,1112.000000,844184834.000000,1318204976.000000,234864640.000000,1568690176.000000,0.000500,0.000000,0.000000,0.000000,0.079700,0.000000,0.000000,0.000000,0.003600,0.000000
459,0.427015,1.145996,1.064100,0.983300,1112.000000,844184842.000000,1318204976.000000,234864640.000000,1568690176.000000,0.000500,0.000000,0.000000,0.000000,0.023200,0.000000,0.000000,0.000000,0.003600,0.000000
460,0.428199,1.192701,1.218200,1.070600,1112.000000,844189810.000000,1318204976.000000,234864640.000000,1568690176.000000,0.000600,0.000000,0.000000,0.000000,0.020200,0.000000,0.000000,0.000000,0.003600,0.000000
461,0.429372,1.183702,1.196100,1.064700,1112.000000,844193122.000000,1318204976.000000,234864640.000000,1568690176.000000,0.000600,0.000000,0.000000,0.000000,0.018400,0.000000,0.000000,0.000000,0.003600,0.000000
462,0.430150,0.783603,0.820900,0.704100,1112.000000,844193146.000000,1318204976.000000,234864640.000000,1568690176.000000,0.000600,0.000000,0.000000,0.000000,0.010300,0.000000,0.000000,0.000000,0.003600,0.000000
463,0.431012,0.852898,0.769500,0.681100,1112.000000,844193282.000000,1318204976.000000,234864640.000000,1568690176.000000,0.000500,0.000000,0.000000,0.000000,0.011600,0.000000,0.000000,0.000000,0.003200,0.000000
464,0.431826,0.812996,0.888500,0.730400,1112.000000,844193882.000000,1318204976.000000,234864640.000000,1568690176.000000,0.000600,0.000000,0.000000,0.000000,0.012200,0.000000,0.000000,0.000000,0.003100,0.000000
465,0.432688,0.873902,0.877400,0.796100,1112.000000,844193658.000000,1318204976.000000,234864640.000000,1568690176.000000,0.000600,0.000000,0.000000,0.000000,0.010400,0.000000,0.000000,0.000000,0.003600,0.000000
466,0.433442,0.759099,0.759300,0.683800,1112.000000,844193658.000000,1318204976.000000,234864640.000000,1568690176.000000,0.000500,0.000000,0.000000,0.000000,0.010100,0.000000,0.000000,0.000000,0.003100,0.000000
467,0.434182,0.742900,0.737900,0.664900,1112.000000,844198202.000000,1318204976.000000,234864640.000000,1568690176.000000,0.000500,0.000000,0.000000,0.000000,0.011100,0.000000,0.000000,0.000000,0.003200,0.000000
468,0.435024,0.825602,0.776400,0.700000,1112.000000,844215106.000000,1318204976.000000,234864640.000000,1568690176.000000,0.000600,0.000000,0.000000,0.000000,0.011800,0.000000,0.000000,0.000000,0.002900,0.000000
469,0.435801,0.785502,0.830100,0.709200,1112.000000,844197730.000000,1318204976.000000,234864640.000000,1568690176.000000,0.000500,0.000000,0.000000,0.000000,0.010500,0.000000,0.000000,0.000000,0.003600,0.000000
470,0.437326,1.509602,1.498300,1.377200,1112.000000,844204346.000000,1318204976.000000,234864640.000000,1568690176.000000,0.336300,0.037000,0.010700,0.018400,0.010500,0.024500,0.021900,0.023100,0.002800,0.000000
471,0.438135,0.823895,0.827300,0.741600,1112.000000,844204986.000000,1318204976.000000,234864640.000000,1568690176.000000,0.000500,0.000000,0.000000,0.000000,0.012100,0.000000,0.000000,0.000000,0.003800,0.000000
472,0.438986,0.843800,0.813700,0.732700,1112.000000,844209730.000000,1318204976.000000,234864640.000000,1568690176.000000,0.000700,0.000000,0.000000,0.000000,0.012300,0.000000,0.000000,0.000000,0.003200,0.000000
473,0.440057,1.052601,1.070100,0.971300,1112.000000,844209386.000000,1318204976.000000,234864640.000000,1568690176.000000,0.000600,0.000000,0.000000,0.000000,0.011700,0.000000,0.000000,0.000000,0.003300,0.000000
474,0.440897,0.848101,0.854000,0.764800,1112.000000,844208434.000000,1318204976.000000,234864640.000000,1568690176.000000,0.000500,0.000000,0.000000,0.000000,0.011000,0.000000,0.000000,0.000000,0.003200,0.000000
475,0.441721,0.830903,0.831600,0.750100,1112.000000,844208530.000000,1318204976.000000,234864640.000000,1568690176.000000,0.000500,0.000000,0.000000,0.000000,0.010700,0.000000,0.000000,0.000000,0.003600,0.000000
476,0.442786,1.065101,1.058600,0.978900,1112.000000,844210034.000000,1318204976.000000,234864640.000000,1568690176.000000,0.000600,0.000000,0.000000,0.000000,0.011500,0.000000,0.000000,0.000000,0.003000,0.000000
477,0.443533,0.756597,0.759900,0.677800,1112.000000,844217466.000000,1318204976.000000,234864640.000000,1568690176.000000,0.000500,0.000000,0.000000,0.000000,0.010400,0.000000,0.000000,0.000000,0.003300,0.000000
478,0.444271,0.741001,0.739000,0.661600,1112.000000,844217530.000000,1318204976.000000,234864640.000000,1568690176.000000,0.000600,0.000000,0.000000,0.000000,0.010300,0.000000,0.000000,0.000000,0.003200,0.000000
479,0.445034,0.761997,0.762800,0.685700,1112.000000,844217602.000000,1318204976.000000,234864640.000000,1568690176.000000,0.000600,0.000000,0.000000,0.000000,0.010600,0.000000,0.000000,0.000000,0.003100,0.000000
480,0.445939,0.830102,0.801800,0.727200,1112.000000,844222210.000000,1318204976.000000,234864640.000000,1568690176.000000,0.000500,0.000000,0.000000,0.000000,0.012300,0.000000,0.000000,0.000000,0.003000,0.000000
481,0.447128,1.225198,1.035100,0.941500,1164.000000,844222386.000000,1318204976.000000,234864640.000000,1568690176.000000,0.000600,0.000000,0.000000,0.000000,0.013400,0.000000,0.000000,0.000000,0.004400,0.000000
482,0.448107,0.985006,1.184300,0.893900,1112.000000,844222090.000000,1318204976.000000,234864640.000000,1568690176.000000,0.000600,0.000000,0.000000,0.000000,0.012400,0.000000,0.000000,0.000000,0.004100,0.000000
483,0.448960,0.869700,0.874800,0.786900,1112.000000,844222666.000000,1318204976.000000,234864640.000000,1568690176.000000,0.000600,0.000000,0.000000,0.000000,0.012700,0.000000,0.000000,0.000000,0.003900,0.000000
484,0.449889,0.930896,0.930700,0.848800,1112.000000,844242354.000000,1318204976.000000,234864640.000000,1568690176.000000,0.000600,0.000000,0.000000,0.000000,0.014100,0.000000,0.000000,0.000000,0.004000,0.000000
485,0.450758,0.875305,0.872700,0.792200,1112.000000,844225426.000000,1318204976.000000,234864640.000000,1568690176.000000,0.000600,0.000000,0.000000,0.000000,0.010100,0.000000,0.000000,0.000000,0.003700,0.000000
486,0.451540,0.785998,0.779400,0.699400,1112.000000,844225498.000000,1318204976.000000,234864640.000000,1568690176.000000,0.002500,0.000000,0.000000,0.000000,0.011300,0.000000,0.000000,0.000000,0.003400,0.000000
487,0.452309,0.775999,0.781700,0.698200,1112.000000,844230378.000000,1318204976.000000,234864640.000000,1568690176.000000,0.000600,0.000000,0.000000,0.000000,0.010500,0.000000,0.000000,0.000000,0.003000,0.000000
488,0.453050,0.742701,0.743400,0.668600,1112.000000,844231426.000000,1318204976.000000,234864640.000000,1568690176.000000,0.000600,0.000000,0.000000,0.000000,0.010600,0.000000,0.000000,0.000000,0.003700,0.000000
489,0.454207,1.146096,0.960400,0.886800,1112.000000,844231890.000000,1318204976.000000,234864640.000000,1568690176.000000,0.254900,0.034500,0.010000,0.016600,0.009600,0.019300,0.016500,0.012500,0.003500,0.000000
490,0.455093,0.890604,1.066100,0.813700,1112.000000,844231954.000000,1318204976.000000,234864640.000000,1568690176.000000,0.000500,0.000000,0.000000,0.000000,0.012300,0.000000,0.000000,0.000000,0.003100,0.000000
491,0.455880,0.764399,0.762400,0.683300,1112.000000,844232314.000000,1318204976.000000,234864640.000000,1568690176.000000,0.000700,0.000000,0.000000,0.000000,0.012300,0.000000,0.000000,0.000000,0.003000,0.000000
492,0.456798,0.903501,0.887000,0.803700,1112.000000,844233210.000000,1318204976.000000,234864640.000000,1568690176.000000,0.000700,0.000000,0.000000,0.000000,0.012800,0.000000,0.000000,0.000000,0.004200,0.000000
493,0.457755,0.963003,0.962000,0.862700,1112.000000,844235874.000000,1318204976.000000,234864640.000000,1568690176.000000,0.000700,0.000000,0.000000,0.000000,0.010300,0.000000,0.000000,0.000000,0.003700,0.000000
494,0.458556,0.834198,0.845100,0.753500,1112.000000,844240210.000000,1318204976.000000,234864640.000000,1568690176.000000,0.000600,0.000000,0.000000,0.000000,0.010300,0.000000,0.000000,0.000000,0.003400,0.000000
495,0.459310,0.766702,0.757700,0.677900,1112.000000,844240738.000000,1318204976.000000,234864640.000000,1568690176.000000,0.000600,0.000000,0.000000,0.000000,0.013100,0.000000,0.000000,0.000000,0.003000,0.000000
496,0.460027,0.717099,0.727600,0.641500,1112.000000,844240962.000000,1318204976.000000,234864640.000000,1568690176.000000,0.000500,0.000000,0.000000,0.000000,0.011100,0.000000,0.000000,0.000000,0.002800,0.000000
497,0.460793,0.750000,0.748700,0.675800,1112.000000,844240586.000000,1318204976.000000,234864640.000000,1568690176.000000,0.000500,0.000000,0.000000,0.000000,0.009400,0.000000,0.000000,0.000000,0.002900,0.000000
498,0.461612,0.794196,0.786000,0.711900,1112.000000,844241314.000000,1318204976.000000,234864640.000000,1568690176.000000,0.000700,0.000000,0.000000,0.000000,0.010000,0.000000,0.000000,0.000000,0.002800,0.000000
499,0.462410,0.822902,0.823000,0.743700,1112.000000,844245002.000000,1318204976.000000,234864640.000000,1568690176.000000,0.000600,0.000000,0.000000,0.000000,0.011300,0.000000,0.000000,0.000000,0.003400,0.000000
500,0.463323,0.904698,0.876200,0.798800,1112.000000,844265122.000000,1318204976.000000,234864640.000000,1568690176.000000,0.000500,0.000000,0.000000,0.000000,0.010800,0.000000,0.000000,0.000000,0.003000,0.000000
501,0.464133,0.812798,0.834900,0.731300,1112.000000,844248178.000000,1318204976.000000,234864640.000000,1568690176.000000,0.000600,0.000000,0.000000,0.000000,0.013400,0.000000,0.000000,0.000000,0.003200,0.000000
502,0.465211,1.076105,0.821000,0.705200,1112.000000,844248202.000000,1318204976.000000,234864640.000000,1568690176.000000,0.000600,0.000000,0.000000,0.000000,0.010700,0.000000,0.000000,0.000000,0.003400,0.000000
503,0.466043,0.824695,1.072700,0.744300,1112.000000,844248370.000000,1318204976.000000,234864640.000000,1568690176.000000,0.000600,0.000000,0.000000,0.000000,0.010300,0.000000,0.000000,0.000000,0.003400,0.000000
504,0.466835,0.810303,0.814500,0.733100,1112.000000,844248834.000000,1318204976.000000,234864640.000000,1568690176.000000,0.000600,0.000000,0.000000,0.000000,0.010100,0.000000,0.000000,0.000000,0.003300,0.000000
505,0.467628,0.797300,0.792300,0.716500,1112.000000,844248418.000000,1318204976.000000,234864640.000000,1568690176.000000,0.000600,0.000000,0.000000,0.000000,0.010100,0.000000,0.000000,0.000000,0.003000,0.000000
506,0.468367,0.744501,0.745700,0.667500,1112.000000,844252538.000000,1318204976.000000,234864640.000000,1568690176.000000,0.000600,0.000000,0.000000,0.000000,0.010200,0.000000,0.000000,0.000000,0.003000,0.000000
507,0.469066,0.697399,0.698300,0.623500,1112.000000,844252562.000000,1318204976.000000,234864640.000000,1568690176.000000,0.000500,0.000000,0.000000,0.000000,0.010100,0.000000,0.000000,0.000000,0.002900,0.000000
508,0.470016,0.951998,0.949700,0.878400,1112.000000,844254402.000000,1318204976.000000,234864640.000000,1568690176.000000,0.273100,0.035000,0.032500,0.016300,0.009600,0.017700,0.016600,0.013100,0.003000,0.000000
509,0.471163,1.120500,0.669600,0.597900,1112.000000,844254002.000000,1318204976.000000,234864640.000000,1568690176.000000,0.000500,0.000000,0.000000,0.000000,0.012900,0.000000,0.000000,0.000000,0.003000,0.000000
510,0.472110,0.947803,1.385000,0.864500,1112.000000,844253586.000000,1318204976.000000,234864640.000000,1568690176.000000,0.000500,0.000000,0.000000,0.000000,0.013400,0.000000,0.000000,0.000000,0.003400,0.000000
511,0.473208,1.010693,0.835200,0.752000,1112.000000,844257706.000000,1318204976.000000,234864640.000000,1568690176.000000,0.000500,0.000000,0.000000,0.000000,0.035500,0.000000,0.000000,0.000000,0.003400,0.000000
512,0.474096,0.981002,1.149500,0.893800,1112.000000,844261346.000000,1318204976.000000,234864640.000000,1568690176.000000,0.000700,0.000000,0.000000,0.000000,0.011300,0.000000,0.000000,0.000000,0.003800,0.000000
513,0.474942,0.848505,0.827400,0.740900,1112.000000,844261482.000000,1318204976.000000,234864640.000000,1568690176.000000,0.000500,0.000000,0.000000,0.000000,0.011900,0.000000,0.000000,0.000000,0.003500,0.000000
514,0.475712,0.778897,0.805000,0.702600,1112.000000,844261058.000000,1318204976.000000,234864640.000000,1568690176.000000,0.000500,0.000000,0.000000,0.000000,0.010500,0.000000,0.000000,0.000000,0.003400,0.000000
515,0.476513,0.801601,0.798700,0.710700,1112.000000,844261178.000000,1318204976.000000,234864640.000000,1568690176.000000,0.000600,0.000000,0.000000,0.000000,0.010200,0.000000,0.000000,0.000000,0.002800,0.000000
516,0.477372,0.849695,0.846200,0.766700,1112.000000,844277954.000000,1318204976.000000,234864640.000000,1568690176.000000,0.000600,0.000000,0.000000,0.000000,0.011700,0.000000,0.000000,0.000000,0.002900,0.000000
517,0.478123,0.759800,0.760800,0.681400,1112.000000,844261026.000000,1318204976.000000,234864640.000000,1568690176.000000,0.000500,0.000000,0.000000,0.000000,0.010700,0.000000,0.000000,0.000000,0.003300,0.000000
518,0.478982,0.858801,0.854300,0.778600,1112.000000,844261050.000000,1318204976.000000,234864640.000000,1568690176.000000,0.000500,0.000000,0.000000,0.000000,0.010000,0.000000,0.000000,0.000000,0.003100,0.000000
519,0.479710,0.732398,0.736000,0.658300,1112.000000,844265186.000000,1318204976.000000,234864640.000000,1568690176.000000,0.000600,0.000000,0.000000,0.000000,0.010100,0.000000,0.000000,0.000000,0.003200,0.000000
520,0.480413,0.702905,0.702100,0.629900,1112.000000,844265634.000000,1318204976.000000,234864640.000000,1568690176.000000,0.000500,0.000000,0.000000,0.000000,0.009700,0.000000,0.000000,0.000000,0.003000,0.000000
521,0.481405,0.933298,0.885800,0.804200,1112.000000,844265234.000000,1318204976.000000,234864640.000000,1568690176.000000,0.000500,0.000000,0.000000,0.000000,0.009400,0.000000,0.000000,0.000000,0.002800,0.000000
522,0.482301,0.929500,0.960200,0.845500,1112.000000,844265258.000000,1318204976.000000,234864640.000000,1568690176.000000,0.000700,0.000000,0.000000,0.000000,0.026500,0.000000,0.000000,0.000000,0.003900,0.000000
523,0.483049,0.767900,0.771700,0.688900,1112.000000,844265282.000000,1318204976.000000,234864640.000000,1568690176.000000,0.000600,0.000000,0.000000,0.000000,0.010500,0.000000,0.000000,0.000000,0.003300,0.000000
524,0.483775,0.725503,0.727700,0.651700,1112.000000,844266970.000000,1318204976.000000,234864640.000000,1568690176.000000,0.000500,0.000000,0.000000,0.000000,0.010600,0.000000,0.000000,0.000000,0.003100,0.000000
525,0.484481,0.713194,0.711200,0.639300,1112.000000,844271082.000000,1318204976.000000,234864640.000000,1568690176.000000,0.000500,0.000000,0.000000,0.000000,0.011400,0.000000,0.000000,0.000000,0.003000,0.000000
526,0.485196,0.718304,0.717400,0.645800,1112.000000,844270994.000000,1318204976.000000,234864640.000000,1568690176.000000,0.000500,0.000000,0.000000,0.000000,0.010400,0.000000,0.000000,0.000000,0.003000,0.000000
527,0.486032,0.792602,0.688900,0.617200,1112.000000,844271354.000000,1318204976.000000,234864640.000000,1568690176.000000,0.000500,0.000000,0.000000,0.000000,0.010000,0.000000,0.000000,0.000000,0.002900,0.000000
528,0.487269,1.256094,1.291300,1.118700,1112.000000,844277890.000000,1318204976.000000,234864640.000000,1568690176.000000,0.381600,0.035000,0.010400,0.019600,0.012200,0.021200,0.017500,0.013600,0.003500,0.000000
529,0.488181,0.919806,0.927400,0.791200,1112.000000,844277114.000000,1318204976.000000,234864640.000000,1568690176.000000,0.000400,0.000000,0.000000,0.000000,0.020600,0.000000,0.000000,0.000000,0.003300,0.000000
530,0.489047,0.763896,0.813300,0.685200,1112.000000,844277130.000000,1318204976.000000,234864640.000000,1568690176.000000,0.000600,0.000000,0.000000,0.000000,0.011500,0.000000,0.000000,0.000000,0.003500,0.000000
531,0.489840,0.889399,0.884700,0.809800,1112.000000,844281410.000000,1318204976.000000,234864640.000000,1568690176.000000,0.000600,0.000000,0.000000,0.000000,0.011700,0.000000,0.000000,0.000000,0.003900,0.000000
532,0.490821,0.923002,0.915600,0.836200,1112.000000,844300346.000000,1318204976.000000,234864640.000000,1568690176.000000,0.000600,0.000000,0.000000,0.000000,0.010800,0.000000,0.000000,0.000000,0.003500,0.000000
533,0.491640,0.877700,0.875500,0.790700,1112.000000,844283554.000000,1318204976.000000,234864640.000000,1568690176.000000,0.000600,0.000000,0.000000,0.000000,0.011100,0.000000,0.000000,0.000000,0.006100,0.000000
534,0.492507,0.852402,0.795100,0.711100,1112.000000,844283578.000000,1318204976.000000,234864640.000000,1568690176.000000,0.000400,0.000000,0.000000,0.000000,0.010500,0.000000,0.000000,0.000000,0.002700,0.000000
535,0.493349,0.859099,0.911500,0.778600,1112.000000,844283618.000000,1318204976.000000,234864640.000000,1568690176.000000,0.000500,0.000000,0.000000,0.000000,0.010700,0.000000,0.000000,0.000000,0.003700,0.000000
536,0.494112,0.767198,0.772100,0.688700,1112.000000,844288450.000000,1318204976.000000,234864640.000000,1568690176.000000,0.000500,0.000000,0.000000,0.000000,0.010600,0.000000,0.000000,0.000000,0.003300,0.000000
537,0.495191,0.973101,0.749500,0.672100,1112.000000,844288050.000000,1318204976.000000,234864640.000000,1568690176.000000,0.000500,0.000000,0.000000,0.000000,0.010200,0.000000,0.000000,0.000000,0.003100,0.000000
538,0.496037,0.946698,1.163800,0.873800,1112.000000,844292530.000000,1318204976.000000,234864640.000000,1568690176.000000,0.000700,0.000000,0.000000,0.000000,0.010900,0.000000,0.000000,0.000000,0.006200,0.000000
539,0.496862,0.823101,0.824700,0.745700,1112.000000,844293098.000000,1318204976.000000,234864640.000000,1568690176.000000,0.000600,0.000000,0.000000,0.000000,0.011900,0.000000,0.000000,0.000000,0.003600,0.000000
540,0.497653,0.803401,0.799700,0.724700,1112.000000,844294098.000000,1318204976.000000,234864640.000000,1568690176.000000,0.000600,0.000000,0.000000,0.000000,0.012100,0.000000,0.000000,0.000000,0.003300,0.000000
541,0.498380,0.730704,0.732800,0.656000,1112.000000,844293274.000000,1318204976.000000,234864640.000000,1568690176.000000,0.000600,0.000000,0.000000,0.000000,0.010100,0.000000,0.000000,0.000000,0.003000,0.000000
542,0.499065,0.687798,0.687100,0.615000,1112.000000,844293298.000000,1318204976.000000,234864640.000000,1568690176.000000,0.000600,0.000000,0.000000,0.000000,0.010200,0.000000,0.000000,0.000000,0.002700,0.000000
543,0.499774,0.698299,0.694600,0.622500,1112.000000,844293434.000000,1318204976.000000,234864640.000000,1568690176.000000,0.000500,0.000000,0.000000,0.000000,0.011200,0.000000,0.000000,0.000000,0.002900,0.000000
544,0.500462,0.697499,0.697200,0.623600,1112.000000,844298538.000000,1318204976.000000,234864640.000000,1568690176.000000,0.000600,0.000000,0.000000,0.000000,0.011000,0.000000,0.000000,0.000000,0.002800,0.000000
545,0.501215,0.753699,0.752000,0.680100,1112.000000,844301810.000000,1318204976.000000,234864640.000000,1568690176.000000,0.000500,0.000000,0.000000,0.000000,0.010200,0.000000,0.000000,0.000000,0.002600,0.000000
546,0.501948,0.732802,0.730900,0.658400,1112.000000,844301858.000000,1318204976.000000,234864640.000000,1568690176.000000,0.000500,0.000000,0.000000,0.000000,0.009500,0.000000,0.000000,0.000000,0.002800,0.000000
547,0.502743,0.790703,0.785600,0.713300,1112.000000,844301890.000000,1318204976.000000,234864640.000000,1568690176.000000,0.000600,0.000000,0.000000,0.000000,0.009900,0.000000,0.000000,0.000000,0.002900,0.000000
548,0.503716,0.975000,0.974700,0.899600,1112.000000,844323114.000000,1318204976.000000,234864640.000000,1568690176.000000,0.249000,0.033800,0.010900,0.016300,0.009800,0.017400,0.016600,0.013000,0.002900,0.000000
549,0.504392,0.679500,0.679500,0.607200,1112.000000,844306186.000000,1318204976.000000,234864640.000000,1568690176.000000,0.000500,0.000000,0.000000,0.000000,0.011400,0.000000,0.000000,0.000000,0.002900,0.000000
550,0.505079,0.684495,0.679900,0.608400,1112.000000,844306210.000000,1318204976.000000,234864640.000000,1568690176.000000,0.000600,0.000000,0.000000,0.000000,0.011000,0.000000,0.000000,0.000000,0.002800,0.000000
551,0.505907,0.761806,0.735800,0.661400,1112.000000,844310346.000000,1318204976.000000,234864640.000000,1568690176.000000,0.000600,0.000000,0.000000,0.000000,0.011900,0.000000,0.000000,0.000000,0.003100,0.000000
552,0.507201,1.247895,1.199800,1.094500,1112.000000,844309626.000000,1318204976.000000,234864640.000000,1568690176.000000,0.000500,0.000000,0.000000,0.000000,0.010500,0.000000,0.000000,0.000000,0.003700,0.000000
553,0.508156,1.037904,1.092500,0.951000,1112.000000,844309746.000000,1318204976.000000,234864640.000000,1568690176.000000,0.000600,0.000000,0.000000,0.000000,0.036900,0.000000,0.000000,0.000000,0.005000,0.000000
554,0.508919,0.784595,0.794800,0.707700,1112.000000,844309346.000000,1318204976.000000,234864640.000000,1568690176.000000,0.000600,0.000000,0.000000,0.000000,0.011900,0.000000,0.000000,0.000000,0.003400,0.000000
555,0.509672,0.764002,0.750700,0.675500,1112.000000,844309370.000000,1318204976.000000,234864640.000000,1568690176.000000,0.000500,0.000000,0.000000,0.000000,0.010800,0.000000,0.000000,0.000000,0.003200,0.000000
556,0.510386,0.709701,0.721800,0.635500,1112.000000,844310250.000000,1318204976.000000,234864640.000000,1568690176.000000,0.000500,0.000000,0.000000,0.000000,0.029200,0.000000,0.000000,0.000000,0.003000,0.000000
557,0.511128,0.745798,0.743400,0.670900,1112.000000,844313522.000000,1318204976.000000,234864640.000000,1568690176.000000,0.000500,0.000000,0.000000,0.000000,0.010000,0.000000,0.000000,0.000000,0.003000,0.000000
558,0.511894,0.762202,0.760700,0.687100,1112.000000,844313546.000000,1318204976.000000,234864640.000000,1568690176.000000,0.000500,0.000000,0.000000,0.000000,0.009900,0.000000,0.000000,0.000000,0.003100,0.000000
559,0.512902,0.983199,0.971800,0.896300,1112.000000,844313994.000000,1318204976.000000,234864640.000000,1568690176.000000,0.000500,0.000000,0.000000,0.000000,0.010500,0.000000,0.000000,0.000000,0.002900,0.000000
560,0.514025,1.130102,1.128300,1.044200,1112.000000,844314018.000000,1318204976.000000,234864640.000000,1568690176.000000,0.000600,0.000000,0.000000,0.000000,0.027900,0.000000,0.000000,0.000000,0.003700,0.000000
561,0.515010,0.991497,0.990500,0.908400,1112.000000,844313642.000000,1318204976.000000,234864640.000000,1568690176.000000,0.000600,0.000000,0.000000,0.000000,0.010200,0.000000,0.000000,0.000000,0.003500,0.000000
562,0.516110,1.095103,1.094000,1.010500,1112.000000,844321834.000000,1318204976.000000,234864640.000000,1568690176.000000,0.000700,0.000000,0.000000,0.000000,0.010100,0.000000,0.000000,0.000000,0.003300,0.000000
563,0.517133,1.024802,1.022600,0.941400,1112.000000,844325962.000000,1318204976.000000,234864640.000000,1568690176.000000,0.000600,0.000000,0.000000,0.000000,0.019200,0.000000,0.000000,0.000000,0.003300,0.000000
564,0.518223,1.067694,1.064500,0.984100,1112.000000,844342554.000000,1318204976.000000,234864640.000000,1568690176.000000,0.000700,0.000000,0.000000,0.000000,0.046600,0.000000,0.000000,0.000000,0.003300,0.000000
565,0.518973,0.776601,0.777700,0.696000,1112.000000,844325626.000000,1318204976.000000,234864640.000000,1568690176.000000,0.000600,0.000000,0.000000,0.000000,0.010400,0.000000,0.000000,0.000000,0.003600,0.000000
566,0.519679,0.712904,0.713800,0.636400,1112.000000,844325650.000000,1318204976.000000,234864640.000000,1568690176.000000,0.000600,0.000000,0.000000,0.000000,0.010400,0.000000,0.000000,0.000000,0.003400,0.000000
567,0.520686,0.987195,0.984200,0.909100,1112.000000,844327818.000000,1318204976.000000,234864640.000000,1568690176.000000,0.252600,0.033100,0.011900,0.017100,0.011100,0.017600,0.016700,0.013400,0.003200,0.000000
568,0.521435,0.767602,0.765200,0.688600,1112.000000,844327842.000000,1318204976.000000,234864640.000000,1568690176.000000,0.000700,0.000000,0.000000,0.000000,0.012600,0.000000,0.000000,0.000000,0.003600,0.000000
569,0.522150,0.715299,0.712200,0.636400,1112.000000,844327450.000000,1318204976.000000,234864640.000000,1568690176.000000,0.000500,0.000000,0.000000,0.000000,0.011600,0.000000,0.000000,0.000000,0.002900,0.000000
570,0.522882,0.729202,0.730900,0.653700,1112.000000,844332122.000000,1318204976.000000,234864640.000000,1568690176.000000,0.000600,0.000000,0.000000,0.000000,0.011600,0.000000,0.000000,0.000000,0.002800,0.000000
571,0.523765,0.878501,0.870600,0.794700,1112.000000,844330906.000000,1318204976.000000,234864640.000000,1568690176.000000,0.000500,0.000000,0.000000,0.000000,0.011000,0.000000,0.000000,0.000000,0.002800,0.000000
572,0.524504,0.752601,0.754600,0.675300,1112.000000,844332506.000000,1318204976.000000,234864640.000000,1568690176.000000,0.000600,0.000000,0.000000,0.000000,0.011000,0.000000,0.000000,0.000000,0.002900,0.000000
573,0.525254,0.754195,0.755100,0.680200,1112.000000,844331882.000000,1318204976.000000,234864640.000000,1568690176.000000,0.000500,0.000000,0.000000,0.000000,0.009900,0.000000,0.000000,0.000000,0.002800,0.000000
574,0.526004,0.728401,0.726000,0.653800,1112.000000,844332522.000000,1318204976.000000,234864640.000000,1568690176.000000,0.000500,0.000000,0.000000,0.000000,0.011000,0.000000,0.000000,0.000000,0.002900,0.000000
575,0.526813,0.770904,0.768800,0.695800,1112.000000,844332258.000000,1318204976.000000,234864640.000000,1568690176.000000,0.000500,0.000000,0.000000,0.000000,0.010300,0.000000,0.000000,0.000000,0.002900,0.000000
576,0.527686,0.909694,0.901500,0.826500,1112.000000,844337002.000000,1318204976.000000,234864640.000000,1568690176.000000,0.000600,0.000000,0.000000,0.000000,0.010600,0.000000,0.000000,0.000000,0.004000,0.000000
577,0.528568,0.889605,0.886900,0.807000,1112.000000,844338777.000000,1318204976.000000,234864640.000000,1568690176.000000,0.000600,0.000000,0.000000,0.000000,0.010700,0.000000,0.000000,0.000000,0.003500,0.000000
578,0.529307,0.744898,0.746700,0.665800,1112.000000,844336730.000000,1318204976.000000,234864640.000000,1568690176.000000,0.000600,0.000000,0.000000,0.000000,0.010200,0.000000,0.000000,0.000000,0.003000,0.000000
579,0.530044,0.743304,0.743900,0.667600,1112.000000,844340890.000000,1318204976.000000,234864640.000000,1568690176.000000,0.000600,0.000000,0.000000,0.000000,0.010300,0.000000,0.000000,0.000000,0.003000,0.000000
580,0.530793,0.750000,0.749600,0.676200,1112.000000,844361122.000000,1318204976.000000,234864640.000000,1568690176.000000,0.000600,0.000000,0.000000,0.000000,0.010500,0.000000,0.000000,0.000000,0.002800,0.000000
581,0.531536,0.744600,0.743000,0.670600,1112.000000,844344194.000000,1318204976.000000,234864640.000000,1568690176.000000,0.000400,0.000000,0.000000,0.000000,0.009400,0.000000,0.000000,0.000000,0.002500,0.000000
582,0.532277,0.737996,0.733500,0.661700,1112.000000,844344218.000000,1318204976.000000,234864640.000000,1568690176.000000,0.000600,0.000000,0.000000,0.000000,0.009600,0.000000,0.000000,0.000000,0.002800,0.000000
583,0.533137,0.847399,0.842200,0.765600,1112.000000,844348778.000000,1318204976.000000,234864640.000000,1568690176.000000,0.000600,0.000000,0.000000,0.000000,0.010800,0.000000,0.000000,0.000000,0.002900,0.000000
584,0.533931,0.791702,0.722500,0.639800,1112.000000,844348922.000000,1318204976.000000,234864640.000000,1568690176.000000,0.000500,0.000000,0.000000,0.000000,0.012200,0.000000,0.000000,0.000000,0.003400,0.000000
585,0.534744,0.786898,0.853400,0.710600,1112.000000,844348522.000000,1318204976.000000,234864640.000000,1568690176.000000,0.000600,0.000000,0.000000,0.000000,0.010600,0.000000,0.000000,0.000000,0.003300,0.000000
586,0.535503,0.785402,0.784200,0.708500,1112.000000,844348642.000000,1318204976.000000,234864640.000000,1568690176.000000,0.000500,0.000000,0.000000,0.000000,0.010500,0.000000,0.000000,0.000000,0.003200,0.000000
587,0.536305,0.794501,0.786700,0.711600,1112.000000,844348666.000000,1318204976.000000,234864640.000000,1568690176.000000,0.000600,0.000000,0.000000,0.000000,0.010300,0.000000,0.000000,0.000000,0.003200,0.000000
588,0.537537,1.223895,1.215600,1.087000,1112.000000,844351058.000000,1318204976.000000,234864640.000000,1568690176.000000,0.288300,0.032900,0.010400,0.019400,0.012500,0.018300,0.016900,0.025300,0.003100,0.000000
589,0.538360,0.840604,0.847600,0.760200,1112.000000,844354754.000000,1318204976.000000,234864640.000000,1568690176.000000,0.000500,0.000000,0.000000,0.000000,0.013500,0.000000,0.000000,0.000000,0.003300,0.000000
590,0.539162,0.806498,0.804600,0.725900,1112.000000,844354354.000000,1318204976.000000,234864640.000000,1568690176.000000,0.000600,0.000000,0.000000,0.000000,0.012300,0.000000,0.000000,0.000000,0.003200,0.000000
591,0.540198,0.968502,0.929300,0.811800,1112.000000,844354402.000000,1318204976.000000,234864640.000000,1568690176.000000,0.000600,0.000000,0.000000,0.000000,0.012600,0.000000,0.000000,0.000000,0.003200,0.000000
592,0.541614,1.462302,1.487300,1.369600,1112.000000,844353442.000000,1318204976.000000,234864640.000000,1568690176.000000,0.000700,0.000000,0.000000,0.000000,0.018700,0.000000,0.000000,0.000000,0.004300,0.000000
593,0.542674,1.051899,0.995900,0.906600,1112.000000,844353066.000000,1318204976.000000,234864640.000000,1568690176.000000,0.000600,0.000000,0.000000,0.000000,0.010600,0.000000,0.000000,0.000000,0.003400,0.000000
594,0.543494,0.839002,0.898100,0.764100,1112.000000,844353066.000000,1318204976.000000,234864640.000000,1568690176.000000,0.000500,0.000000,0.000000,0.000000,0.010400,0.000000,0.000000,0.000000,0.003900,0.000000
595,0.544503,1.015398,1.014800,0.933600,1112.000000,844357186.000000,1318204976.000000,234864640.000000,1568690176.000000,0.000600,0.000000,0.000000,0.000000,0.010100,0.000000,0.000000,0.000000,0.003000,0.000000
596,0.545297,0.803196,0.801500,0.722700,1112.000000,844378082.000000,1318204976.000000,234864640.000000,1568690176.000000,0.000500,0.000000,0.000000,0.000000,0.011600,0.000000,0.000000,0.000000,0.003600,0.000000
597,0.546098,0.760204,0.736200,0.658400,1112.000000,844361634.000000,1318204976.000000,234864640.000000,1568690176.000000,0.000600,0.000000,0.000000,0.000000,0.011300,0.000000,0.000000,0.000000,0.003000,0.000000
598,0.546898,0.820196,0.836900,0.738300,1112.000000,844361234.000000,1318204976.000000,234864640.000000,1568690176.000000,0.000600,0.000000,0.000000,0.000000,0.014100,0.000000,0.000000,0.000000,0.003600,0.000000
599,0.547711,0.827204,0.827800,0.745800,1112.000000,844361274.000000,1318204976.000000,234864640.000000,1568690176.000000,0.000600,0.000000,0.000000,0.000000,0.010700,0.000000,0.000000,0.000000,0.003500,0.000000
600,0.548428,0.724802,0.726700,0.648100,1112.000000,844365842.000000,1318204976.000000,234864640.000000,1568690176.000000,0.000700,0.000000,0.000000,0.000000,0.010900,0.000000,0.000000,0.000000,0.002900,0.000000
601,0.549160,0.731200,0.726400,0.651500,1112.000000,844365426.000000,1318204976.000000,234864640.000000,1568690176.000000,0.000500,0.000000,0.000000,0.000000,0.010200,0.000000,0.000000,0.000000,0.002900,0.000000
602,0.549878,0.712500,0.713600,0.635700,1112.000000,844369546.000000,1318204976.000000,234864640.000000,1568690176.000000,0.000600,0.000000,0.000000,0.000000,0.010100,0.000000,0.000000,0.000000,0.002800,0.000000
603,0.550769,0.731300,0.731100,0.656300,1112.000000,844369570.000000,1318204976.000000,234864640.000000,1568690176.000000,0.000600,0.000000,0.000000,0.000000,0.010500,0.000000,0.000000,0.000000,0.003200,0.000000
604,0.551621,1.005194,0.994900,0.917900,1112.000000,844370474.000000,1318204976.000000,234864640.000000,1568690176.000000,0.000600,0.000000,0.000000,0.000000,0.011600,0.000000,0.000000,0.000000,0.005100,0.000000
605,0.552554,0.929103,0.926900,0.844600,1112.000000,844370074.000000,1318204976.000000,234864640.000000,1568690176.000000,0.000600,0.000000,0.000000,0.000000,0.011800,0.000000,0.000000,0.000000,0.003000,0.000000
606,0.553620,1.066397,1.066800,0.985100,1112.000000,844371250.000000,1318204976.000000,234864640.000000,1568690176.000000,0.281300,0.036500,0.011300,0.017000,0.010800,0.021100,0.017600,0.015000,0.003600,0.000000
607,0.554376,0.763102,0.743300,0.662800,1112.000000,844371274.000000,1318204976.000000,234864640.000000,1568690176.000000,0.000600,0.000000,0.000000,0.000000,0.012400,0.000000,0.000000,0.000000,0.003200,0.000000
608,0.555126,0.756002,0.772600,0.676500,1112.000000,844375818.000000,1318204976.000000,234864640.000000,1568690176.000000,0.000600,0.000000,0.000000,0.000000,0.012500,0.000000,0.000000,0.000000,0.002900,0.000000
609,0.555896,0.764201,0.762900,0.685100,1112.000000,844375442.000000,1318204976.000000,234864640.000000,1568690176.000000,0.000500,0.000000,0.000000,0.000000,0.011700,0.000000,0.000000,0.000000,0.002900,0.000000
610,0.556839,0.914895,0.900900,0.818000,1112.000000,844373906.000000,1318204976.000000,234864640.000000,1568690176.000000,0.000500,0.000000,0.000000,0.000000,0.010200,0.000000,0.000000,0.000000,0.003100,0.000000
611,0.557883,1.042800,1.033500,0.938700,1112.000000,844374362.000000,1318204976.000000,234864640.000000,1568690176.000000,0.000500,0.000000,0.000000,0.000000,0.013100,0.000000,0.000000,0.000000,0.003100,0.000000
612,0.558743,0.881902,0.896100,0.799000,1112.000000,844390546.000000,1318204976.000000,234864640.000000,1568690176.000000,0.000500,0.000000,0.000000,0.000000,0.013300,0.000000,0.000000,0.000000,0.003600,0.000000
613,0.559514,0.775404,0.773800,0.693400,1112.000000,844377714.000000,1318204976.000000,234864640.000000,1568690176.000000,0.000500,0.000000,0.000000,0.000000,0.010800,0.000000,0.000000,0.000000,0.003300,0.000000
614,0.560246,0.747293,0.735700,0.656600,1112.000000,844377738.000000,1318204976.000000,234864640.000000,1568690176.000000,0.000600,0.000000,0.000000,0.000000,0.010400,0.000000,0.000000,0.000000,0.003300,0.000000
615,0.560991,0.738202,0.751000,0.662100,1112.000000,844381874.000000,1318204976.000000,234864640.000000,1568690176.000000,0.000600,0.000000,0.000000,0.000000,0.009800,0.000000,0.000000,0.000000,0.003000,0.000000
616,0.561719,0.732100,0.727900,0.653400,1112.000000,844382346.000000,1318204976.000000,234864640.000000,1568690176.000000,0.000500,0.000000,0.000000,0.000000,0.010400,0.000000,0.000000,0.000000,0.003100,0.000000
617,0.562521,0.784304,0.778300,0.700600,1112.000000,844381930.000000,1318204976.000000,234864640.000000,1568690176.000000,0.000600,0.000000,0.000000,0.000000,0.009700,0.000000,0.000000,0.000000,0.003100,0.000000
618,0.563474,0.955995,0.953700,0.874400,1112.000000,844381954.000000,1318204976.000000,234864640.000000,1568690176.000000,0.000600,0.000000,0.000000,0.000000,0.010300,0.000000,0.000000,0.000000,0.003300,0.000000
619,0.564219,0.755605,0.759100,0.679700,1112.000000,844381978.000000,1318204976.000000,234864640.000000,1568690176.000000,0.000600,0.000000,0.000000,0.000000,0.011200,0.000000,0.000000,0.000000,0.003300,0.000000
620,0.565143,0.911395,0.904600,0.828100,1112.000000,844383306.000000,1318204976.000000,234864640.000000,1568690176.000000,0.000400,0.000000,0.000000,0.000000,0.011300,0.000000,0.000000,0.000000,0.003000,0.000000
621,0.566039,0.881406,0.880700,0.800500,1112.000000,844386154.000000,1318204976.000000,234864640.000000,1568690176.000000,0.000500,0.000000,0.000000,0.000000,0.011300,0.000000,0.000000,0.000000,0.002900,0.000000
622,0.567112,0.901800,0.899600,0.820300,1112.000000,844386178.000000,1318204976.000000,234864640.000000,1568690176.000000,0.000500,0.000000,0.000000,0.000000,0.010400,0.000000,0.000000,0.000000,0.003300,0.000000
623,0.568018,1.097895,1.097600,1.019400,1112.000000,844386202.000000,1318204976.000000,234864640.000000,1568690176.000000,0.000600,0.000000,0.000000,0.000000,0.010400,0.000000,0.000000,0.000000,0.003500,0.000000
624,0.568913,0.798299,0.798200,0.721800,1112.000000,844386650.000000,1318204976.000000,234864640.000000,1568690176.000000,0.000500,0.000000,0.000000,0.000000,0.010200,0.000000,0.000000,0.000000,0.003100,0.000000
625,0.569712,0.882802,0.878800,0.804600,1112.000000,844386274.000000,1318204976.000000,234864640.000000,1568690176.000000,0.000600,0.000000,0.000000,0.000000,0.010200,0.000000,0.000000,0.000000,0.004200,0.000000
626,0.570948,1.244097,1.237500,1.160400,1112.000000,844390514.000000,1318204976.000000,234864640.000000,1568690176.000000,0.284900,0.035300,0.010700,0.021200,0.025200,0.021100,0.019500,0.020800,0.003800,0.000000
627,0.571990,1.036005,1.032900,0.950700,1112.000000,844394666.000000,1318204976.000000,234864640.000000,1568690176.000000,0.000500,0.000000,0.000000,0.000000,0.021100,0.000000,0.000000,0.000000,0.003700,0.000000
628,0.573084,1.098795,1.097000,1.015100,1112.000000,844415722.000000,1318204976.000000,234864640.000000,1568690176.000000,0.000600,0.000000,0.000000,0.000000,0.026700,0.000000,0.000000,0.000000,0.003400,0.000000
629,0.574248,1.134800,1.127300,1.043000,1112.000000,844398794.000000,1318204976.000000,234864640.000000,1568690176.000000,0.000500,0.000000,0.000000,0.000000,0.046000,0.000000,0.000000,0.000000,0.003500,0.000000
630,0.575253,1.035700,1.038000,0.951300,1112.000000,844399426.000000,1318204976.000000,234864640.000000,1568690176.000000,0.000600,0.000000,0.000000,0.000000,0.076500,0.000000,0.000000,0.000000,0.004300,0.000000
631,0.576371,1.111706,1.109300,1.026800,1112.000000,844399466.000000,1318204976.000000,234864640.000000,1568690176.000000,0.000700,0.000000,0.000000,0.000000,0.020100,0.000000,0.000000,0.000000,0.003400,0.000000
632,0.577560,1.189796,1.182800,1.100200,1112.000000,844400042.000000,1318204976.000000,234864640.000000,1568690176.000000,0.000400,0.000000,0.000000,0.000000,0.040400,0.000000,0.000000,0.000000,0.003600,0.000000
633,0.578331,0.780400,0.783400,0.697600,1112.000000,844399810.000000,1318204976.000000,234864640.000000,1568690176.000000,0.000600,0.000000,0.000000,0.000000,0.011800,0.000000,0.000000,0.000000,0.003400,0.000000
634,0.579377,1.043204,1.042600,0.961100,1112.000000,844404098.000000,1318204976.000000,234864640.000000,1568690176.000000,0.000500,0.000000,0.000000,0.000000,0.011200,0.000000,0.000000,0.000000,0.003100,0.000000
635,0.580132,0.766497,0.766500,0.687600,1112.000000,844404674.000000,1318204976.000000,234864640.000000,1568690176.000000,0.000600,0.000000,0.000000,0.000000,0.012300,0.000000,0.000000,0.000000,0.003400,0.000000
636,0.580919,0.785402,0.783500,0.706900,1112.000000,844405290.000000,1318204976.000000,234864640.000000,1568690176.000000,0.000600,0.000000,0.000000,0.000000,0.011300,0.000000,0.000000,0.000000,0.003000,0.000000
637,0.581641,0.723101,0.723500,0.646700,1112.000000,844404466.000000,1318204976.000000,234864640.000000,1568690176.000000,0.000600,0.000000,0.000000,0.000000,0.009900,0.000000,0.000000,0.000000,0.002900,0.000000
638,0.582471,0.818998,0.812100,0.735700,1112.000000,844404490.000000,1318204976.000000,234864640.000000,1568690176.000000,0.000600,0.000000,0.000000,0.000000,0.009800,0.000000,0.000000,0.000000,0.003000,0.000000
639,0.583297,0.826899,0.826700,0.747200,1112.000000,844404514.000000,1318204976.000000,234864640.000000,1568690176.000000,0.000500,0.000000,0.000000,0.000000,0.010500,0.000000,0.000000,0.000000,0.003200,0.000000
640,0.584039,0.749199,0.748800,0.671300,1112.000000,844409058.000000,1318204976.000000,234864640.000000,1568690176.000000,0.000500,0.000000,0.000000,0.000000,0.011000,0.000000,0.000000,0.000000,0.003200,0.000000
641,0.584818,0.765901,0.723300,0.647700,1112.000000,844409106.000000,1318204976.000000,234864640.000000,1568690176.000000,0.000500,0.000000,0.000000,0.000000,0.011700,0.000000,0.000000,0.000000,0.003100,0.000000
642,0.585622,0.814399,0.850900,0.737100,1112.000000,844408762.000000,1318204976.000000,234864640.000000,1568690176.000000,0.000500,0.000000,0.000000,0.000000,0.011300,0.000000,0.000000,0.000000,0.003400,0.000000
643,0.586389,0.752601,0.753200,0.675500,1112.000000,844408786.000000,1318204976.000000,234864640.000000,1568690176.000000,0.000600,0.000000,0.000000,0.000000,0.010600,0.000000,0.000000,0.000000,0.003100,0.000000
644,0.587450,1.076998,1.073400,0.997500,1112.000000,844426922.000000,1318204976.000000,234864640.000000,1568690176.000000,0.261500,0.036200,0.011000,0.016500,0.010600,0.019500,0.017400,0.013400,0.003200,0.000000
645,0.588160,0.714598,0.716100,0.640000,1112.000000,844409994.000000,1318204976.000000,234864640.000000,1568690176.000000,0.000600,0.000000,0.000000,0.000000,0.012000,0.000000,0.000000,0.000000,0.002900,0.000000
646,0.588898,0.737202,0.727500,0.654000,1112.000000,844410018.000000,1318204976.000000,234864640.000000,1568690176.000000,0.000600,0.000000,0.000000,0.000000,0.012500,0.000000,0.000000,0.000000,0.002900,0.000000
647,0.589929,1.014803,0.822000,0.741600,1112.000000,844422490.000000,1318204976.000000,234864640.000000,1568690176.000000,0.000600,0.000000,0.000000,0.000000,0.012400,0.000000,0.000000,0.000000,0.002900,0.000000
648,0.590801,0.865299,1.037900,0.767800,1112.000000,844421986.000000,1318204976.000000,234864640.000000,1568690176.000000,0.000600,0.000000,0.000000,0.000000,0.011800,0.000000,0.000000,0.000000,0.003300,0.000000
649,0.591612,0.821995,0.836800,0.739800,1112.000000,844421586.000000,1318204976.000000,234864640.000000,1568690176.000000,0.000600,0.000000,0.000000,0.000000,0.010800,0.000000,0.000000,0.000000,0.003300,0.000000
650,0.592598,0.975305,0.969500,0.888500,1112.000000,844422050.000000,1318204976.000000,234864640.000000,1568690176.000000,0.000500,0.000000,0.000000,0.000000,0.011500,0.000000,0.000000,0.000000,0.003000,0.000000
651,0.593351,0.768296,0.771000,0.687700,1112.000000,844421634.000000,1318204976.000000,234864640.000000,1568690176.000000,0.000600,0.000000,0.000000,0.000000,0.011800,0.000000,0.000000,0.000000,0.003700,0.000000
652,0.594105,0.748101,0.748300,0.669300,1112.000000,844422506.000000,1318204976.000000,234864640.000000,1568690176.000000,0.000500,0.000000,0.000000,0.000000,0.010200,0.000000,0.000000,0.000000,0.003300,0.000000
653,0.594927,0.827204,0.822100,0.745000,1112.000000,844425778.000000,1318204976.000000,234864640.000000,1568690176.000000,0.000500,0.000000,0.000000,0.000000,0.040700,0.000000,0.000000,0.000000,0.003200,0.000000
654,0.595699,0.763194,0.764000,0.685100,1112.000000,844425802.000000,1318204976.000000,234864640.000000,1568690176.000000,0.000500,0.000000,0.000000,0.000000,0.010200,0.000000,0.000000,0.000000,0.003200,0.000000
655,0.596677,0.938804,0.906100,0.822900,1112.000000,844426314.000000,1318204976.000000,234864640.000000,1568690176.000000,0.000600,0.000000,0.000000,0.000000,0.011300,0.000000,0.000000,0.000000,0.003100,0.000000
656,0.597558,0.920500,0.942500,0.837800,1112.000000,844426338.000000,1318204976.000000,234864640.000000,1568690176.000000,0.000600,0.000000,0.000000,0.000000,0.014900,0.000000,0.000000,0.000000,0.004600,0.000000
657,0.598349,0.805201,0.811800,0.730200,1112.000000,844425962.000000,1318204976.000000,234864640.000000,1568690176.000000,0.000500,0.000000,0.000000,0.000000,0.010800,0.000000,0.000000,0.000000,0.003100,0.000000
658,0.599074,0.725595,0.722900,0.649700,1112.000000,844425962.000000,1318204976.000000,234864640.000000,1568690176.000000,0.000600,0.000000,0.000000,0.000000,0.010400,0.000000,0.000000,0.000000,0.003100,0.000000
659,0.599912,0.831604,0.825700,0.750900,1112.000000,844430082.000000,1318204976.000000,234864640.000000,1568690176.000000,0.000500,0.000000,0.000000,0.000000,0.010400,0.000000,0.000000,0.000000,0.003000,0.000000
660,0.600714,0.807001,0.752000,0.674000,1112.000000,844452090.000000,1318204976.000000,234864640.000000,1568690176.000000,0.000500,0.000000,0.000000,0.000000,0.011800,0.000000,0.000000,0.000000,0.003300,0.000000
661,0.601630,0.889895,0.923500,0.786100,1112.000000,844435194.000000,1318204976.000000,234864640.000000,1568690176.000000,0.000600,0.000000,0.000000,0.000000,0.010600,0.000000,0.000000,0.000000,0.003200,0.000000
662,0.602408,0.804202,0.821000,0.728900,1112.000000,844435386.000000,1318204976.000000,234864640.000000,1568690176.000000,0.000600,0.000000,0.000000,0.000000,0.012600,0.000000,0.000000,0.000000,0.003300,0.000000
663,0.603396,0.988003,0.983900,0.907700,1112.000000,844437122.000000,1318204976.000000,234864640.000000,1568690176.000000,0.288100,0.051000,0.011000,0.018600,0.010000,0.018500,0.016700,0.019800,0.003400,0.000000
664,0.604109,0.716397,0.717500,0.639900,1112.000000,844445850.000000,1318204976.000000,234864640.000000,1568690176.000000,0.000500,0.000000,0.000000,0.000000,0.013000,0.000000,0.000000,0.000000,0.003000,0.000000
665,0.604820,0.708702,0.704400,0.629400,1112.000000,844445874.000000,1318204976.000000,234864640.000000,1568690176.000000,0.000600,0.000000,0.000000,0.000000,0.012300,0.000000,0.000000,0.000000,0.002900,0.000000
666,0.605552,0.730995,0.732800,0.655700,1112.000000,844449690.000000,1318204976.000000,234864640.000000,1568690176.000000,0.000700,0.000000,0.000000,0.000000,0.012200,0.000000,0.000000,0.000000,0.002900,0.000000
667,0.607089,1.293502,1.214200,1.122800,1112.000000,844448282.000000,1318204976.000000,234864640.000000,1568690176.000000,0.000500,0.000000,0.000000,0.000000,0.009700,0.000000,0.000000,0.000000,0.003200,0.000000
668,0.608228,1.356803,1.415800,1.269400,1112.000000,844449154.000000,1318204976.000000,234864640.000000,1568690176.000000,0.000800,0.000000,0.000000,0.000000,0.028400,0.000000,0.000000,0.000000,0.007600,0.000000
669,0.609184,0.960601,0.959400,0.868800,1112.000000,844448754.000000,1318204976.000000,234864640.000000,1568690176.000000,0.000600,0.000000,0.000000,0.000000,0.047500,0.000000,0.000000,0.000000,0.004000,0.000000
670,0.610097,0.906895,0.909600,0.821700,1112.000000,844448354.000000,1318204976.000000,234864640.000000,1568690176.000000,0.000700,0.000000,0.000000,0.000000,0.089000,0.000000,0.000000,0.000000,0.003900,0.000000
671,0.611133,1.011806,0.995100,0.911600,1112.000000,844448378.000000,1318204976.000000,234864640.000000,1568690176.000000,0.000500,0.000000,0.000000,0.000000,0.011100,0.000000,0.000000,0.000000,0.003800,0.000000
672,0.612234,1.112996,1.118000,1.018800,1112.000000,844452922.000000,1318204976.000000,234864640.000000,1568690176.000000,0.000700,0.000000,0.000000,0.000000,0.023100,0.000000,0.000000,0.000000,0.007600,0.000000
673,0.613230,0.968700,0.972800,0.882300,1112.000000,844452546.000000,1318204976.000000,234864640.000000,1568690176.000000,0.000700,0.000000,0.000000,0.000000,0.010300,0.000000,0.000000,0.000000,0.003700,0.000000
674,0.614275,1.095401,1.044100,0.959200,1112.000000,844452546.000000,1318204976.000000,234864640.000000,1568690176.000000,0.000600,0.000000,0.000000,0.000000,0.018700,0.000000,0.000000,0.000000,0.006100,0.000000
675,0.615291,1.018800,1.064500,0.934300,1112.000000,844453034.000000,1318204976.000000,234864640.000000,1568690176.000000,0.000500,0.000000,0.000000,0.000000,0.012000,0.000000,0.000000,0.000000,0.003700,0.000000
676,0.616556,1.256696,1.254800,1.168700,1112.000000,844474426.000000,1318204976.000000,234864640.000000,1568690176.000000,0.000600,0.000000,0.000000,0.000000,0.013100,0.000000,0.000000,0.000000,0.003500,0.000000
677,0.617461,0.907901,0.904800,0.819500,1112.000000,844457538.000000,1318204976.000000,234864640.000000,1568690176.000000,0.000600,0.000000,0.000000,0.000000,0.011800,0.000000,0.000000,0.000000,0.003700,0.000000
678,0.618457,1.002204,0.999100,0.913400,1112.000000,844457730.000000,1318204976.000000,234864640.000000,1568690176.000000,0.000600,0.000000,0.000000,0.000000,0.011600,0.000000,0.000000,0.000000,0.003500,0.000000
679,0.619432,0.972995,0.975800,0.889600,1112.000000,844461906.000000,1318204976.000000,234864640.000000,1568690176.000000,0.000600,0.000000,0.000000,0.000000,0.011300,0.000000,0.000000,0.000000,0.003600,0.000000
680,0.620680,1.223703,1.219500,1.137600,1112.000000,844464154.000000,1318204976.000000,234864640.000000,1568690176.000000,0.270000,0.036600,0.011200,0.017700,0.025100,0.020200,0.017100,0.018300,0.003400,0.000000
681,0.621771,1.110303,1.105700,1.021300,1112.000000,844467426.000000,1318204976.000000,234864640.000000,1568690176.000000,0.000700,0.000000,0.000000,0.000000,0.113600,0.000000,0.000000,0.000000,0.004500,0.000000
682,0.622768,1.008298,1.006000,0.921000,1112.000000,844467450.000000,1318204976.000000,234864640.000000,1568690176.000000,0.000500,0.000000,0.000000,0.000000,0.156200,0.000000,0.000000,0.000000,0.003900,0.000000
683,0.623954,1.149596,1.143300,1.056200,1112.000000,844467898.000000,1318204976.000000,234864640.000000,1568690176.000000,0.000700,0.000000,0.000000,0.000000,0.139500,0.000000,0.000000,0.000000,0.003300,0.000000
684,0.624943,1.014101,1.017400,0.927000,1112.000000,844467114.000000,1318204976.000000,234864640.000000,1568690176.000000,0.000700,0.000000,0.000000,0.000000,0.039800,0.000000,0.000000,0.000000,0.004400,0.000000
685,0.625809,0.862599,0.864600,0.780900,1112.000000,844470386.000000,1318204976.000000,234864640.000000,1568690176.000000,0.000500,0.000000,0.000000,0.000000,0.010500,0.000000,0.000000,0.000000,0.003400,0.000000
686,0.626924,1.123406,1.116600,1.035200,1112.000000,844470410.000000,1318204976.000000,234864640.000000,1568690176.000000,0.000600,0.000000,0.000000,0.000000,0.010800,0.000000,0.000000,0.000000,0.003200,0.000000
687,0.628003,1.068800,1.063200,0.932100,1112.000000,844470434.000000,1318204976.000000,234864640.000000,1568690176.000000,0.000500,0.000000,0.000000,0.000000,0.016000,0.000000,0.000000,0.000000,0.003800,0.000000
688,0.629093,1.101396,1.101000,1.012600,1112.000000,844470882.000000,1318204976.000000,234864640.000000,1568690176.000000,0.000600,0.000000,0.000000,0.000000,0.011400,0.000000,0.000000,0.000000,0.003700,0.000000
689,0.630052,0.967198,0.959500,0.874800,1112.000000,844470482.000000,1318204976.000000,234864640.000000,1568690176.000000,0.000600,0.000000,0.000000,0.000000,0.010900,0.000000,0.000000,0.000000,0.003300,0.000000
690,0.630969,0.904804,0.912400,0.820800,1112.000000,844470506.000000,1318204976.000000,234864640.000000,1568690176.000000,0.000600,0.000000,0.000000,0.000000,0.010300,0.000000,0.000000,0.000000,0.003500,0.000000
691,0.632259,1.210502,0.982400,0.900300,1112.000000,844474626.000000,1318204976.000000,234864640.000000,1568690176.000000,0.000600,0.000000,0.000000,0.000000,0.028100,0.000000,0.000000,0.000000,0.003500,0.000000
692,0.633246,1.078600,1.302100,1.217900,1112.000000,844491786.000000,1318204976.000000,234864640.000000,1568690176.000000,0.000700,0.000000,0.000000,0.000000,0.028400,0.000000,0.000000,0.000000,0.004100,0.000000
693,0.634026,0.783199,0.785400,0.704100,1112.000000,844474858.000000,1318204976.000000,234864640.000000,1568690176.000000,0.000600,0.000000,0.000000,0.000000,0.010400,0.000000,0.000000,0.000000,0.003100,0.000000
694,0.634836,0.808000,0.806200,0.729300,1112.000000,844474882.000000,1318204976.000000,234864640.000000,1568690176.000000,0.000500,0.000000,0.000000,0.000000,0.010400,0.000000,0.000000,0.000000,0.003000,0.000000
695,0.635674,0.843800,0.842700,0.766500,1112.000000,844474922.000000,1318204976.000000,234864640.000000,1568690176.000000,0.000500,0.000000,0.000000,0.000000,0.114400,0.000000,0.000000,0.000000,0.003200,0.000000
696,0.636688,1.003699,0.996800,0.919700,1112.000000,844475794.000000,1318204976.000000,234864640.000000,1568690176.000000,0.000500,0.000000,0.000000,0.000000,0.094800,0.000000,0.000000,0.000000,0.003000,0.000000
697,0.637909,1.223498,1.221700,1.141800,1112.000000,844476794.000000,1318204976.000000,234864640.000000,1568690176.000000,0.262100,0.036800,0.011000,0.017600,0.113500,0.018500,0.017500,0.014200,0.003100,0.000000
698,0.638905,0.987302,0.983200,0.901800,1112.000000,844484586.000000,1318204976.000000,234864640.000000,1568690176.000000,0.000600,0.000000,0.000000,0.000000,0.116700,0.000000,0.000000,0.000000,0.003100,0.000000
699,0.640051,1.073200,1.067800,0.985100,1112.000000,844484610.000000,1318204976.000000,234864640.000000,1568690176.000000,0.000600,0.000000,0.000000,0.000000,0.109100,0.000000,0.000000,0.000000,0.003500,0.000000
700,0.641139,1.153997,1.152200,1.065200,1112.000000,844485482.000000,1318204976.000000,234864640.000000,1568690176.000000,0.000600,0.000000,0.000000,0.000000,0.033600,0.000000,0.000000,0.000000,0.005000,0.000000
701,0.642195,1.068304,1.057700,0.972400,1112.000000,844483298.000000,1318204976.000000,234864640.000000,1568690176.000000,0.000600,0.000000,0.000000,0.000000,0.010800,0.000000,0.000000,0.000000,0.004000,0.000000
702,0.643202,0.994402,1.001400,0.906400,1112.000000,844483322.000000,1318204976.000000,234864640.000000,1568690176.000000,0.000500,0.000000,0.000000,0.000000,0.010400,0.000000,0.000000,0.000000,0.003400,0.000000
703,0.644139,0.942999,0.941100,0.857000,1112.000000,844483346.000000,1318204976.000000,234864640.000000,1568690176.000000,0.000600,0.000000,0.000000,0.000000,0.091200,0.000000,0.000000,0.000000,0.004000,0.000000
704,0.645185,1.049596,1.049200,0.965100,1112.000000,844487890.000000,1318204976.000000,234864640.000000,1568690176.000000,0.000500,0.000000,0.000000,0.000000,0.025700,0.000000,0.000000,0.000000,0.003800,0.000000
705,0.646353,1.124603,1.090400,0.999600,1112.000000,844487490.000000,1318204976.000000,234864640.000000,1568690176.000000,0.000600,0.000000,0.000000,0.000000,0.100800,0.000000,0.000000,0.000000,0.003700,0.000000
706,0.647430,1.109403,1.130800,1.016900,1164.000000,844487514.000000,1318204976.000000,234864640.000000,1568690176.000000,0.000500,0.000000,0.000000,0.000000,0.030300,0.000000,0.000000,0.000000,0.004000,0.000000
707,0.648366,0.941893,0.945500,0.854800,1112.000000,844487538.000000,1318204976.000000,234864640.000000,1568690176.000000,0.000600,0.000000,0.000000,0.000000,0.027000,0.000000,0.000000,0.000000,0.003700,0.000000
708,0.649327,0.971400,0.973500,0.889900,1112.000000,844504114.000000,1318204976.000000,234864640.000000,1568690176.000000,0.000500,0.000000,0.000000,0.000000,0.011400,0.000000,0.000000,0.000000,0.003800,0.000000
709,0.650201,0.867503,0.861900,0.781500,1112.000000,844487186.000000,1318204976.000000,234864640.000000,1568690176.000000,0.000600,0.000000,0.000000,0.000000,0.015100,0.000000,0.000000,0.000000,0.003700,0.000000
710,0.651132,0.943098,0.943600,0.862400,1112.000000,844487210.000000,1318204976.000000,234864640.000000,1568690176.000000,0.000500,0.000000,0.000000,0.000000,0.080600,0.000000,0.000000,0.000000,0.003500,0.000000
711,0.652176,1.039605,1.034300,0.953100,1112.000000,844491882.000000,1318204976.000000,234864640.000000,1568690176.000000,0.000500,0.000000,0.000000,0.000000,0.037100,0.000000,0.000000,0.000000,0.003100,0.000000
712,0.653021,0.842999,0.843200,0.760700,1112.000000,844491906.000000,1318204976.000000,234864640.000000,1568690176.000000,0.000600,0.000000,0.000000,0.000000,0.011200,0.000000,0.000000,0.000000,0.003300,0.000000
713,0.654230,1.183099,1.175200,1.094600,1112.000000,844495434.000000,1318204976.000000,234864640.000000,1568690176.000000,0.372200,0.113600,0.011800,0.016700,0.010400,0.019700,0.016500,0.014200,0.003500,0.000000
714,0.655086,0.884701,0.891600,0.806000,1112.000000,844495458.000000,1318204976.000000,234864640.000000,1568690176.000000,0.000700,0.000000,0.000000,0.000000,0.010600,0.000000,0.000000,0.000000,0.003700,0.000000
715,0.655898,0.782398,0.775300,0.698200,1112.000000,844499706.000000,1318204976.000000,234864640.000000,1568690176.000000,0.000500,0.000000,0.000000,0.000000,0.010600,0.000000,0.000000,0.000000,0.003100,0.000000
716,0.656992,0.978302,0.962700,0.876900,1112.000000,844499746.000000,1318204976.000000,234864640.000000,1568690176.000000,0.000600,0.000000,0.000000,0.000000,0.011700,0.000000,0.000000,0.000000,0.003900,0.000000
717,0.658112,1.243098,1.244100,1.145100,1112.000000,844514122.000000,1318204976.000000,234864640.000000,1568694272.000000,0.000800,0.000000,0.000000,0.000000,0.012900,0.000000,0.000000,0.000000,0.004600,0.000000
718,0.658967,0.869196,0.879900,0.788700,1112.000000,844514770.000000,1318204976.000000,234864640.000000,1568694272.000000,0.000500,0.000000,0.000000,0.000000,0.011400,0.000000,0.000000,0.000000,0.003600,0.000000
719,0.659783,0.809403,0.808400,0.728600,1112.000000,844514794.000000,1318204976.000000,234864640.000000,1568694272.000000,0.000500,0.000000,0.000000,0.000000,0.010600,0.000000,0.000000,0.000000,0.003300,0.000000
720,0.660688,0.884403,0.862700,0.780200,1112.000000,844514818.000000,1318204976.000000,234864640.000000,1568694272.000000,0.000700,0.000000,0.000000,0.000000,0.011100,0.000000,0.000000,0.000000,0.003500,0.000000
721,0.661557,0.901198,0.899900,0.803100,1112.000000,844515690.000000,1318204976.000000,234864640.000000,1568694272.000000,0.000500,0.000000,0.000000,0.000000,0.011900,0.000000,0.000000,0.000000,0.004400,0.000000
722,0.662586,0.977700,0.969300,0.866300,1112.000000,844514914.000000,1318204976.000000,234864640.000000,1568694272.000000,0.000600,0.000000,0.000000,0.000000,0.010900,0.000000,0.000000,0.000000,0.003400,0.000000
723,0.663493,0.954202,0.972200,0.872000,1112.000000,844519042.000000,1318204976.000000,234864640.000000,1568694272.000000,0.000600,0.000000,0.000000,0.000000,0.012700,0.000000,0.000000,0.000000,0.004500,0.000000
724,0.664304,0.820096,0.820200,0.738200,1112.000000,844519066.000000,1318204976.000000,234864640.000000,1568694272.000000,0.000500,0.000000,0.000000,0.000000,0.010900,0.000000,0.000000,0.000000,0.003400,0.000000
725,0.665239,0.923703,0.921900,0.841200,1112.000000,844519698.000000,1318204976.000000,234864640.000000,1568694272.000000,0.000500,0.000000,0.000000,0.000000,0.011800,0.000000,0.000000,0.000000,0.003600,0.000000
726,0.666065,0.815497,0.814500,0.734300,1112.000000,844519346.000000,1318204976.000000,234864640.000000,1568694272.000000,0.000700,0.000000,0.000000,0.000000,0.011100,0.000000,0.000000,0.000000,0.003200,0.000000
727,0.666911,0.862302,0.854900,0.775100,1112.000000,844519370.000000,1318204976.000000,234864640.000000,1568694272.000000,0.000600,0.000000,0.000000,0.000000,0.010700,0.000000,0.000000,0.000000,0.003500,0.000000
728,0.667696,0.787798,0.793900,0.710300,1112.000000,844523914.000000,1318204976.000000,234864640.000000,1568694272.000000,0.000600,0.000000,0.000000,0.000000,0.013300,0.000000,0.000000,0.000000,0.003300,0.000000
729,0.668476,0.788202,0.784600,0.708600,1112.000000,844540666.000000,1318204976.000000,234864640.000000,1568694272.000000,0.000600,0.000000,0.000000,0.000000,0.012500,0.000000,0.000000,0.000000,0.004000,0.000000
730,0.669225,0.749596,0.750400,0.672900,1112.000000,844527386.000000,1318204976.000000,234864640.000000,1568694272.000000,0.000500,0.000000,0.000000,0.000000,0.010500,0.000000,0.000000,0.000000,0.003300,0.000000
731,0.670247,1.009906,1.003800,0.929000,1112.000000,844527922.000000,1318204976.000000,234864640.000000,1568694272.000000,0.254500,0.034700,0.010600,0.016000,0.009300,0.017800,0.017100,0.012200,0.003300,0.000000
732,0.671078,0.816298,0.812700,0.732500,1112.000000,844536154.000000,1318204976.000000,234864640.000000,1568694272.000000,0.000800,0.000000,0.000000,0.000000,0.013400,0.000000,0.000000,0.000000,0.003400,0.000000
733,0.672158,1.089002,1.083700,1.001900,1112.000000,844536602.000000,1318204976.000000,234864640.000000,1568694272.000000,0.000600,0.000000,0.000000,0.000000,0.012800,0.000000,0.000000,0.000000,0.004000,0.000000
734,0.672978,0.818693,0.818200,0.734300,1112.000000,844536202.000000,1318204976.000000,234864640.000000,1568694272.000000,0.000600,0.000000,0.000000,0.000000,0.012300,0.000000,0.000000,0.000000,0.003200,0.000000
735,0.673964,0.953401,0.926300,0.837700,1112.000000,844535714.000000,1318204976.000000,234864640.000000,1568694272.000000,0.000700,0.000000,0.000000,0.000000,0.010300,0.000000,0.000000,0.000000,0.003300,0.000000
736,0.674839,0.919402,0.940500,0.838500,1112.000000,844539834.000000,1318204976.000000,234864640.000000,1568694272.000000,0.000600,0.000000,0.000000,0.000000,0.012200,0.000000,0.000000,0.000000,0.003700,0.000000
737,0.675646,0.807703,0.810600,0.727900,1112.000000,844540706.000000,1318204976.000000,234864640.000000,1568694272.000000,0.000500,0.000000,0.000000,0.000000,0.011400,0.000000,0.000000,0.000000,0.003100,0.000000
738,0.676442,0.797796,0.796500,0.718800,1112.000000,844539882.000000,1318204976.000000,234864640.000000,1568694272.000000,0.000600,0.000000,0.000000,0.000000,0.010500,0.000000,0.000000,0.000000,0.003100,0.000000
739,0.677280,0.832504,0.829600,0.751300,1112.000000,844539906.000000,1318204976.000000,234864640.000000,1568694272.000000,0.000600,0.000000,0.000000,0.000000,0.010600,0.000000,0.000000,0.000000,0.003200,0.000000
740,0.678095,0.813294,0.811900,0.734500,1112.000000,844539930.000000,1318204976.000000,234864640.000000,1568694272.000000,0.000600,0.000000,0.000000,0.000000,0.011100,0.000000,0.000000,0.000000,0.003200,0.000000
741,0.678891,0.805704,0.802900,0.726000,1112.000000,844540378.000000,1318204976.000000,234864640.000000,1568694272.000000,0.000600,0.000000,0.000000,0.000000,0.012200,0.000000,0.000000,0.000000,0.003400,0.000000
742,0.679662,0.771896,0.769400,0.692700,1112.000000,844540426.000000,1318204976.000000,234864640.000000,1568694272.000000,0.000600,0.000000,0.000000,0.000000,0.011900,0.000000,0.000000,0.000000,0.003300,0.000000
743,0.680433,0.767304,0.767300,0.689900,1112.000000,844544098.000000,1318204976.000000,234864640.000000,1568694272.000000,0.000600,0.000000,0.000000,0.000000,0.010900,0.000000,0.000000,0.000000,0.003200,0.000000
744,0.681249,0.816397,0.815500,0.740600,1112.000000,844544554.000000,1318204976.000000,234864640.000000,1568694272.000000,0.000600,0.000000,0.000000,0.000000,0.012300,0.000000,0.000000,0.000000,0.003200,0.000000
745,0.682101,0.850801,0.848000,0.773800,1112.000000,844560882.000000,1318204976.000000,234864640.000000,1568694272.000000,0.000500,0.000000,0.000000,0.000000,0.011400,0.000000,0.000000,0.000000,0.003100,0.000000
746,0.682858,0.766298,0.765800,0.691200,1112.000000,844543954.000000,1318204976.000000,234864640.000000,1568694272.000000,0.000600,0.000000,0.000000,0.000000,0.009800,0.000000,0.000000,0.000000,0.003300,0.000000
747,0.683607,0.747803,0.747200,0.673800,1112.000000,844544042.000000,1318204976.000000,234864640.000000,1568694272.000000,0.000500,0.000000,0.000000,0.000000,0.010200,0.000000,0.000000,0.000000,0.002700,0.000000
748,0.684382,0.763400,0.758500,0.685900,1112.000000,844544818.000000,1318204976.000000,234864640.000000,1568694272.000000,0.000500,0.000000,0.000000,0.000000,0.010700,0.000000,0.000000,0.000000,0.002900,0.000000
749,0.685199,0.826701,0.823800,0.749100,1112.000000,844553802.000000,1318204976.000000,234864640.000000,1568694272.000000,0.000600,0.000000,0.000000,0.000000,0.011500,0.000000,0.000000,0.000000,0.003200,0.000000
750,0.686037,0.819501,0.818800,0.743200,1112.000000,844553634.000000,1318204976.000000,234864640.000000,1568694272.000000,0.000600,0.000000,0.000000,0.000000,0.010300,0.000000,0.000000,0.000000,0.003000,0.000000
751,0.689141,3.062195,3.049300,2.970700,1112.000000,844556322.000000,1318204976.000000,234864640.000000,1568759808.000000,1.805700,0.081600,0.011000,0.022000,0.011200,0.020100,0.018000,0.019000,0.003300,0.000000
752,0.690015,0.910799,0.908100,0.821200,1112.000000,844556346.000000,1318204976.000000,234864640.000000,1568759808.000000,0.000600,0.000000,0.000000,0.000000,0.010300,0.000000,0.000000,0.000000,0.005200,0.000000
753,0.690776,0.773299,0.778500,0.692000,1112.000000,844556370.000000,1318204976.000000,234864640.000000,1568759808.000000,0.000500,0.000000,0.000000,0.000000,0.010700,0.000000,0.000000,0.000000,0.003300,0.000000
754,0.691602,0.824405,0.822700,0.742600,1112.000000,844556538.000000,1318204976.000000,234864640.000000,1568759808.000000,0.000600,0.000000,0.000000,0.000000,0.010200,0.000000,0.000000,0.000000,0.003300,0.000000
755,0.692362,0.772499,0.772700,0.694400,1112.000000,844561082.000000,1318204976.000000,234864640.000000,1568759808.000000,0.000600,0.000000,0.000000,0.000000,0.010100,0.000000,0.000000,0.000000,0.003300,0.000000
756,0.693116,0.755499,0.755200,0.679400,1112.000000,844560682.000000,1318204976.000000,234864640.000000,1568759808.000000,0.000600,0.000000,0.000000,0.000000,0.009800,0.000000,0.000000,0.000000,0.003200,0.000000
757,0.694119,0.975702,0.741800,0.667100,1112.000000,844560722.000000,1318204976.000000,234864640.000000,1568759808.000000,0.000600,0.000000,0.000000,0.000000,0.009700,0.000000,0.000000,0.000000,0.003100,0.000000
758,0.694967,0.867900,1.093300,0.789300,1112.000000,844560778.000000,1318204976.000000,234864640.000000,1568759808.000000,0.000700,0.000000,0.000000,0.000000,0.011300,0.000000,0.000000,0.000000,0.003600,0.000000
759,0.695770,0.805400,0.802300,0.722500,1112.000000,844562138.000000,1318204976.000000,234864640.000000,1568759808.000000,0.000600,0.000000,0.000000,0.000000,0.011900,0.000000,0.000000,0.000000,0.003200,0.000000
760,0.696601,0.824100,0.820800,0.739500,1112.000000,844561442.000000,1318204976.000000,234864640.000000,1568759808.000000,0.000600,0.000000,0.000000,0.000000,0.010100,0.000000,0.000000,0.000000,0.003300,0.000000
761,0.697440,0.841001,0.837800,0.755700,1112.000000,844561538.000000,1318204976.000000,234864640.000000,1568759808.000000,0.000600,0.000000,0.000000,0.000000,0.010700,0.000000,0.000000,0.000000,0.003200,0.000000
762,0.698233,0.795302,0.799200,0.716400,1112.000000,844565746.000000,1318204976.000000,234864640.000000,1568759808.000000,0.000600,0.000000,0.000000,0.000000,0.012000,0.000000,0.000000,0.000000,0.003100,0.000000
763,0.699002,0.771599,0.771400,0.694800,1112.000000,844566250.000000,1318204976.000000,234864640.000000,1568759808.000000,0.000600,0.000000,0.000000,0.000000,0.011600,0.000000,0.000000,0.000000,0.002900,0.000000
764,0.699780,0.783100,0.781500,0.706600,1112.000000,844565874.000000,1318204976.000000,234864640.000000,1568759808.000000,0.000500,0.000000,0.000000,0.000000,0.010200,0.000000,0.000000,0.000000,0.002800,0.000000
765,0.700518,0.733298,0.731300,0.656500,1112.000000,844566058.000000,1318204976.000000,234864640.000000,1568759808.000000,0.000500,0.000000,0.000000,0.000000,0.010600,0.000000,0.000000,0.000000,0.002800,0.000000
766,0.701309,0.787698,0.784000,0.708800,1112.000000,844571786.000000,1318204976.000000,234864640.000000,1568759808.000000,0.000500,0.000000,0.000000,0.000000,0.013000,0.000000,0.000000,0.000000,0.002800,0.000000
767,0.702120,0.814002,0.813100,0.735900,1112.000000,844593138.000000,1318204976.000000,234864640.000000,1568759808.000000,0.000500,0.000000,0.000000,0.000000,0.013100,0.000000,0.000000,0.000000,0.002900,0.000000
768,0.702887,0.773101,0.772200,0.696500,1112.000000,844579970.000000,1318204976.000000,234864640.000000,1568759808.000000,0.000500,0.000000,0.000000,0.000000,0.010400,0.000000,0.000000,0.000000,0.003000,0.000000
769,0.703943,1.031002,0.990300,0.915700,1112.000000,844583855.000000,1318204976.000000,234864640.000000,1568763904.000000,0.253200,0.034900,0.010500,0.015300,0.009600,0.018100,0.018400,0.010300,0.003000,0.000000
770,0.704823,0.888995,0.918300,0.804800,1112.000000,844580682.000000,1318204976.000000,234864640.000000,1568763904.000000,0.000600,0.000000,0.000000,0.000000,0.012800,0.000000,0.000000,0.000000,0.003500,0.000000
771,0.705684,0.860105,0.859900,0.777100,1112.000000,844581250.000000,1318204976.000000,234864640.000000,1568763904.000000,0.000700,0.000000,0.000000,0.000000,0.012900,0.000000,0.000000,0.000000,0.003300,0.000000
772,0.706768,0.990497,0.956400,0.863000,1112.000000,844580850.000000,1318204976.000000,234864640.000000,1568763904.000000,0.000600,0.000000,0.000000,0.000000,0.012000,0.000000,0.000000,0.000000,0.003400,0.000000
773,0.707869,1.142602,1.141300,1.022600,1112.000000,844580522.000000,1318204976.000000,234864640.000000,1568763904.000000,0.000700,0.000000,0.000000,0.000000,0.015200,0.000000,0.000000,0.000000,0.005400,0.000000
774,0.708855,1.007001,1.016500,0.904900,1112.000000,844580586.000000,1318204976.000000,234864640.000000,1568763904.000000,0.000600,0.000000,0.000000,0.000000,0.013500,0.000000,0.000000,0.000000,0.004400,0.000000
775,0.709809,0.955400,0.954400,0.852400,1112.000000,844585594.000000,1318204976.000000,234864640.000000,1568763904.000000,0.000700,0.000000,0.000000,0.000000,0.013200,0.000000,0.000000,0.000000,0.004000,0.000000
776,0.710710,0.887096,0.904300,0.810700,1112.000000,844584770.000000,1318204976.000000,234864640.000000,1568763904.000000,0.000600,0.000000,0.000000,0.000000,0.012400,0.000000,0.000000,0.000000,0.004500,0.000000
777,0.711684,1.014201,0.987700,0.907700,1112.000000,844584922.000000,1318204976.000000,234864640.000000,1568763904.000000,0.001000,0.000000,0.000000,0.000000,0.010800,0.000000,0.000000,0.000000,0.006200,0.000000
778,0.712547,0.864498,0.870600,0.767400,1112.000000,844584946.000000,1318204976.000000,234864640.000000,1568763904.000000,0.000600,0.000000,0.000000,0.000000,0.011600,0.000000,0.000000,0.000000,0.003500,0.000000
779,0.713399,0.852501,0.863100,0.768900,1112.000000,844585410.000000,1318204976.000000,234864640.000000,1568763904.000000,0.000600,0.000000,0.000000,0.000000,0.012600,0.000000,0.000000,0.000000,0.003500,0.000000
780,0.714269,0.867404,0.864700,0.783800,1112.000000,844586450.000000,1318204976.000000,234864640.000000,1568763904.000000,0.000600,0.000000,0.000000,0.000000,0.014200,0.000000,0.000000,0.000000,0.003300,0.000000
781,0.715064,0.806895,0.807700,0.727300,1112.000000,844590986.000000,1318204976.000000,234864640.000000,1568763904.000000,0.000600,0.000000,0.000000,0.000000,0.012300,0.000000,0.000000,0.000000,0.003500,0.000000
782,0.715843,0.779904,0.778800,0.690200,1112.000000,844591970.000000,1318204976.000000,234864640.000000,1568763904.000000,0.000600,0.000000,0.000000,0.000000,0.012300,0.000000,0.000000,0.000000,0.003300,0.000000
783,0.716670,0.829202,0.825000,0.748100,1112.000000,844614922.000000,1318204976.000000,234864640.000000,1568763904.000000,0.000600,0.000000,0.000000,0.000000,0.011300,0.000000,0.000000,0.000000,0.002900,0.000000
784,0.717422,0.754698,0.757600,0.679300,1112.000000,844598122.000000,1318204976.000000,234864640.000000,1568763904.000000,0.000600,0.000000,0.000000,0.000000,0.009900,0.000000,0.000000,0.000000,0.003200,0.000000
785,0.718164,0.745897,0.744500,0.670500,1112.000000,844598274.000000,1318204976.000000,234864640.000000,1568763904.000000,0.000500,0.000000,0.000000,0.000000,0.009900,0.000000,0.000000,0.000000,0.003100,0.000000
786,0.718886,0.719700,0.718100,0.644400,1112.000000,844598314.000000,1318204976.000000,234864640.000000,1568763904.000000,0.000500,0.000000,0.000000,0.000000,0.009800,0.000000,0.000000,0.000000,0.003200,0.000000
787,0.719602,0.720401,0.718800,0.645800,1112.000000,844602858.000000,1318204976.000000,234864640.000000,1568763904.000000,0.000500,0.000000,0.000000,0.000000,0.010000,0.000000,0.000000,0.000000,0.003100,0.000000
788,0.720692,1.070004,1.060400,0.985400,1112.000000,844603282.000000,1318204976.000000,234864640.000000,1568763904.000000,0.278100,0.033000,0.011300,0.019800,0.010500,0.019600,0.017000,0.020900,0.003100,0.000000
789,0.721697,1.000999,0.996600,0.914100,1112.000000,844603378.000000,1318204976.000000,234864640.000000,1568763904.000000,0.000600,0.000000,0.000000,0.000000,0.096800,0.000000,0.000000,0.000000,0.003500,0.000000
790,0.722604,0.912798,0.912500,0.829000,1112.000000,844603530.000000,1318204976.000000,234864640.000000,1568763904.000000,0.000700,0.000000,0.000000,0.000000,0.013500,0.000000,0.000000,0.000000,0.003500,0.000000
791,0.723562,0.949001,0.943900,0.861600,1112.000000,844604418.000000,1318204976.000000,234864640.000000,1568763904.000000,0.000500,0.000000,0.000000,0.000000,0.103100,0.000000,0.000000,0.000000,0.003100,0.000000
792,0.724654,1.074901,1.070000,0.981800,1112.000000,844606874.000000,1318204976.000000,234864640.000000,1568763904.000000,0.000700,0.000000,0.000000,0.000000,0.125300,0.000000,0.000000,0.000000,0.003400,0.000000
793,0.725620,0.989101,0.991500,0.903600,1112.000000,844606898.000000,1318204976.000000,234864640.000000,1568763904.000000,0.000500,0.000000,0.000000,0.000000,0.142500,0.000000,0.000000,0.000000,0.004600,0.000000
794,0.726619,0.923498,0.899200,0.808900,1112.000000,844611458.000000,1318204976.000000,234864640.000000,1568763904.000000,0.000600,0.000000,0.000000,0.000000,0.013600,0.000000,0.000000,0.000000,0.003300,0.000000
795,0.727717,1.163797,1.175000,1.071000,1112.000000,844611522.000000,1318204976.000000,234864640.000000,1568763904.000000,0.000600,0.000000,0.000000,0.000000,0.013600,0.000000,0.000000,0.000000,0.005000,0.000000
796,0.728883,1.153600,1.156500,1.063800,1112.000000,844611122.000000,1318204976.000000,234864640.000000,1568763904.000000,0.000500,0.000000,0.000000,0.000000,0.011200,0.000000,0.000000,0.000000,0.003900,0.000000
797,0.729723,0.859800,0.863600,0.777700,1112.000000,844611586.000000,1318204976.000000,234864640.000000,1568763904.000000,0.000600,0.000000,0.000000,0.000000,0.012400,0.000000,0.000000,0.000000,0.003700,0.000000
798,0.730472,0.762302,0.762300,0.682800,1112.000000,844611290.000000,1318204976.000000,234864640.000000,1568763904.000000,0.000600,0.000000,0.000000,0.000000,0.011600,0.000000,0.000000,0.000000,0.003600,0.000000
799,0.731524,1.033900,1.025500,0.945700,1112.000000,844629050.000000,1318204976.000000,234864640.000000,1568763904.000000,0.000600,0.000000,0.000000,0.000000,0.011300,0.000000,0.000000,0.000000,0.003200,0.000000
800,0.732612,1.097399,1.052600,0.967500,1112.000000,844620298.000000,1318204976.000000,234864640.000000,1568763904.000000,0.000500,0.000000,0.000000,0.000000,0.011200,0.000000,0.000000,0.000000,0.003400,0.000000
801,0.733474,0.864704,0.910300,0.784100,1112.000000,844620322.000000,1318204976.000000,234864640.000000,1568763904.000000,0.000600,0.000000,0.000000,0.000000,0.010800,0.000000,0.000000,0.000000,0.003100,0.000000
802,0.734402,0.924795,0.922900,0.843900,1112.000000,844620362.000000,1318204976.000000,234864640.000000,1568763904.000000,0.000600,0.000000,0.000000,0.000000,0.010600,0.000000,0.000000,0.000000,0.003300,0.000000
803,0.735257,0.855804,0.851600,0.772200,1112.000000,844620826.000000,1318204976.000000,234864640.000000,1568763904.000000,0.000600,0.000000,0.000000,0.000000,0.011100,0.000000,0.000000,0.000000,0.003200,0.000000
804,0.736260,1.004996,1.003400,0.922500,1112.000000,844609682.000000,1318204976.000000,234864640.000000,1568763904.000000,0.000600,0.000000,0.000000,0.000000,0.011600,0.000000,0.000000,0.000000,0.003400,0.000000
805,0.737331,1.069905,1.068300,0.987700,1112.000000,844611530.000000,1318204976.000000,234864640.000000,1568763904.000000,0.258800,0.034400,0.010900,0.016900,0.012100,0.019400,0.017700,0.013300,0.003300,0.000000
806,0.738094,0.776899,0.774700,0.696100,1112.000000,844611898.000000,1318204976.000000,234864640.000000,1568763904.000000,0.000500,0.000000,0.000000,0.000000,0.013900,0.000000,0.000000,0.000000,0.003300,0.000000
807,0.738837,0.741497,0.745800,0.666700,1112.000000,844617178.000000,1318204976.000000,234864640.000000,1568763904.000000,0.000500,0.000000,0.000000,0.000000,0.012300,0.000000,0.000000,0.000000,0.003000,0.000000
808,0.739607,0.764803,0.759700,0.685300,1112.000000,844617042.000000,1318204976.000000,234864640.000000,1568763904.000000,0.000500,0.000000,0.000000,0.000000,0.013400,0.000000,0.000000,0.000000,0.002800,0.000000
809,0.740558,0.948299,0.942500,0.827700,1112.000000,844615994.000000,1318204976.000000,234864640.000000,1568763904.000000,0.000500,0.000000,0.000000,0.000000,0.011500,0.000000,0.000000,0.000000,0.002900,0.000000
810,0.741489,0.922003,0.918500,0.837400,1112.000000,844616474.000000,1318204976.000000,234864640.000000,1568763904.000000,0.000500,0.000000,0.000000,0.000000,0.011600,0.000000,0.000000,0.000000,0.003000,0.000000
811,0.742516,1.018396,1.011000,0.927500,1112.000000,844617042.000000,1318204976.000000,234864640.000000,1568763904.000000,0.000600,0.000000,0.000000,0.000000,0.012900,0.000000,0.000000,0.000000,0.003200,0.000000
812,0.743351,0.851899,0.858300,0.771900,1112.000000,844617378.000000,1318204976.000000,234864640.000000,1568763904.000000,0.000600,0.000000,0.000000,0.000000,0.012700,0.000000,0.000000,0.000000,0.003800,0.000000
813,0.744137,0.793601,0.793300,0.715600,1112.000000,844621066.000000,1318204976.000000,234864640.000000,1568763904.000000,0.000600,0.000000,0.000000,0.000000,0.011300,0.000000,0.000000,0.000000,0.003100,0.000000
814,0.745379,1.224901,1.216600,1.139200,1112.000000,844621082.000000,1318204976.000000,234864640.000000,1568763904.000000,0.000600,0.000000,0.000000,0.000000,0.010000,0.000000,0.000000,0.000000,0.002800,0.000000
815,0.746416,1.016702,1.010500,0.927600,1112.000000,844640890.000000,1318204976.000000,234864640.000000,1568763904.000000,0.000500,0.000000,0.000000,0.000000,0.012300,0.000000,0.000000,0.000000,0.003600,0.000000
816,0.747394,0.987897,0.982600,0.893100,1112.000000,844624458.000000,1318204976.000000,234864640.000000,1568763904.000000,0.000600,0.000000,0.000000,0.000000,0.011300,0.000000,0.000000,0.000000,0.003700,0.000000
817,0.748227,0.852402,0.859600,0.770200,1112.000000,844633050.000000,1318204976.000000,234864640.000000,1568763904.000000,0.000600,0.000000,0.000000,0.000000,0.011800,0.000000,0.000000,0.000000,0.003400,0.000000
818,0.749288,1.055201,1.051700,0.944500,1112.000000,844633290.000000,1318204976.000000,234864640.000000,1568763904.000000,0.000600,0.000000,0.000000,0.000000,0.011600,0.000000,0.000000,0.000000,0.003300,0.000000
819,0.750146,0.838797,0.826500,0.745600,1112.000000,844638282.000000,1318204976.000000,234864640.000000,1568763904.000000,0.000600,0.000000,0.000000,0.000000,0.012300,0.000000,0.000000,0.000000,0.003400,0.000000
820,0.751120,0.961600,0.926700,0.830200,1112.000000,844637930.000000,1318204976.000000,234864640.000000,1568763904.000000,0.000700,0.000000,0.000000,0.000000,0.010700,0.000000,0.000000,0.000000,0.003900,0.000000
821,0.752327,1.224603,1.253700,1.088300,1112.000000,844637970.000000,1318204976.000000,234864640.000000,1568763904.000000,0.000700,0.000000,0.000000,0.000000,0.012100,0.000000,0.000000,0.000000,0.004000,0.000000
822,0.753194,0.883298,0.891100,0.800800,1112.000000,844638042.000000,1318204976.000000,234864640.000000,1568763904.000000,0.000500,0.000000,0.000000,0.000000,0.011100,0.000000,0.000000,0.000000,0.003700,0.000000
823,0.754316,1.117297,1.117600,1.033800,1112.000000,844640866.000000,1318204976.000000,234864640.000000,1568763904.000000,0.261100,0.035100,0.008900,0.018200,0.010800,0.019000,0.017300,0.013500,0.003600,0.000000
824,0.755156,0.845805,0.843000,0.761800,1112.000000,844640050.000000,1318204976.000000,234864640.000000,1568763904.000000,0.000500,0.000000,0.000000,0.000000,0.012600,0.000000,0.000000,0.000000,0.002900,0.000000
825,0.756065,0.903196,0.892400,0.809200,1112.000000,844642281.000000,1318204976.000000,234864640.000000,1568763904.000000,0.000500,0.000000,0.000000,0.000000,0.013300,0.000000,0.000000,0.000000,0.003300,0.000000
826,0.757609,1.483503,1.438200,1.329000,1112.000000,844644306.000000,1318204976.000000,234864640.000000,1568763904.000000,0.000800,0.000000,0.000000,0.000000,0.117800,0.000000,0.000000,0.000000,0.003700,0.000000
827,0.758682,1.115299,1.147900,1.015900,1112.000000,844643698.000000,1318204976.000000,234864640.000000,1568763904.000000,0.000700,0.000000,0.000000,0.000000,0.014700,0.000000,0.000000,0.000000,0.004900,0.000000
828,0.759595,0.936203,0.949600,0.854900,1112.000000,844642938.000000,1318204976.000000,234864640.000000,1568763904.000000,0.000700,0.000000,0.000000,0.000000,0.037200,0.000000,0.000000,0.000000,0.003900,0.000000
829,0.760618,0.937096,0.920700,0.836100,1112.000000,844642962.000000,1318204976.000000,234864640.000000,1568763904.000000,0.000600,0.000000,0.000000,0.000000,0.010900,0.000000,0.000000,0.000000,0.003200,0.000000
830,0.761599,1.054797,1.063200,0.970000,1112.000000,844643354.000000,1318204976.000000,234864640.000000,1568763904.000000,0.000700,0.000000,0.000000,0.000000,0.040100,0.000000,0.000000,0.000000,0.004900,0.000000
831,0.762719,1.097605,1.067300,0.980400,1112.000000,844664754.000000,1318204976.000000,234864640.000000,1568763904.000000,0.000600,0.000000,0.000000,0.000000,0.102300,0.000000,0.000000,0.000000,0.003400,0.000000
832,0.763823,1.134198,1.160300,1.049800,1112.000000,844651922.000000,1318204976.000000,234864640.000000,1568763904.000000,0.000600,0.000000,0.000000,0.000000,0.094300,0.000000,0.000000,0.000000,0.004100,0.000000
833,0.764729,0.903203,0.902800,0.821400,1112.000000,844652098.000000,1318204976.000000,234864640.000000,1568763904.000000,0.000600,0.000000,0.000000,0.000000,0.011700,0.000000,0.000000,0.000000,0.003400,0.000000
834,0.765937,1.191001,0.916400,0.821300,1112.000000,844656386.000000,1318204976.000000,234864640.000000,1568763904.000000,0.000600,0.000000,0.000000,0.000000,0.035900,0.000000,0.000000,0.000000,0.003300,0.000000
835,0.766805,0.890497,1.160700,0.809500,1112.000000,844657034.000000,1318204976.000000,234864640.000000,1568763904.000000,0.000600,0.000000,0.000000,0.000000,0.011800,0.000000,0.000000,0.000000,0.003800,0.000000
836,0.767686,0.888903,0.889400,0.809400,1112.000000,844656770.000000,1318204976.000000,234864640.000000,1568763904.000000,0.000600,0.000000,0.000000,0.000000,0.010600,0.000000,0.000000,0.000000,0.003400,0.000000
837,0.768491,0.802097,0.799000,0.720200,1112.000000,844656770.000000,1318204976.000000,234864640.000000,1568763904.000000,0.000500,0.000000,0.000000,0.000000,0.010900,0.000000,0.000000,0.000000,0.003300,0.000000
838,0.769340,0.847399,0.841000,0.762300,1112.000000,844657218.000000,1318204976.000000,234864640.000000,1568763904.000000,0.000600,0.000000,0.000000,0.000000,0.070000,0.000000,0.000000,0.000000,0.003300,0.000000
839,0.770402,1.065101,1.068300,0.985200,1112.000000,844663074.000000,1318204976.000000,234864640.000000,1568763904.000000,0.256800,0.032900,0.011700,0.016800,0.011100,0.018700,0.019100,0.013200,0.003500,0.000000
840,0.771195,0.794700,0.792700,0.715400,1112.000000,844662250.000000,1318204976.000000,234864640.000000,1568763904.000000,0.000500,0.000000,0.000000,0.000000,0.013200,0.000000,0.000000,0.000000,0.003300,0.000000
841,0.772261,1.057299,1.006700,0.927800,1112.000000,844662314.000000,1318204976.000000,234864640.000000,1568763904.000000,0.000600,0.000000,0.000000,0.000000,0.033400,0.000000,0.000000,0.000000,0.003100,0.000000
842,0.773130,0.867602,0.912300,0.786100,1112.000000,844662762.000000,1318204976.000000,234864640.000000,1568763904.000000,0.000600,0.000000,0.000000,0.000000,0.087300,0.000000,0.000000,0.000000,0.003400,0.000000
843,0.774328,1.196301,1.189400,1.108700,1112.000000,844661618.000000,1318204976.000000,234864640.000000,1568763904.000000,0.000600,0.000000,0.000000,0.000000,0.011600,0.000000,0.000000,0.000000,0.003400,0.000000
844,0.775318,0.999100,1.002800,0.918200,1112.000000,844661242.000000,1318204976.000000,234864640.000000,1568763904.000000,0.000500,0.000000,0.000000,0.000000,0.010800,0.000000,0.000000,0.000000,0.003500,0.000000
845,0.776136,0.826098,0.827900,0.750600,1112.000000,844665338.000000,1318204976.000000,234864640.000000,1568763904.000000,0.000400,0.000000,0.000000,0.000000,0.010300,0.000000,0.000000,0.000000,0.002800,0.000000
846,0.777097,0.904897,0.888700,0.813600,1112.000000,844665370.000000,1318204976.000000,234864640.000000,1568763904.000000,0.000500,0.000000,0.000000,0.000000,0.009700,0.000000,0.000000,0.000000,0.003000,0.000000
847,0.778123,1.068800,1.024900,0.937900,1112.000000,844681946.000000,1318204976.000000,234864640.000000,1568763904.000000,0.000600,0.000000,0.000000,0.000000,0.014400,0.000000,0.000000,0.000000,0.004400,0.000000
848,0.779061,0.941404,0.987100,0.858400,1112.000000,844665018.000000,1318204976.000000,234864640.000000,1568763904.000000,0.000600,0.000000,0.000000,0.000000,0.018900,0.000000,0.000000,0.000000,0.003500,0.000000
849,0.779990,0.934602,0.932900,0.850400,1112.000000,844665042.000000,1318204976.000000,234864640.000000,1568763904.000000,0.000600,0.000000,0.000000,0.000000,0.010200,0.000000,0.000000,0.000000,0.003100,0.000000
850,0.780838,0.831200,0.829500,0.747200,1112.000000,844665082.000000,1318204976.000000,234864640.000000,1568763904.000000,0.000700,0.000000,0.000000,0.000000,0.010200,0.000000,0.000000,0.000000,0.003100,0.000000
851,0.781735,0.911699,0.913400,0.832400,1112.000000,844673762.000000,1318204976.000000,234864640.000000,1568763904.000000,0.000600,0.000000,0.000000,0.000000,0.012600,0.000000,0.000000,0.000000,0.003300,0.000000
852,0.782865,1.118197,1.109900,1.030300,1112.000000,844673794.000000,1318204976.000000,234864640.000000,1568763904.000000,0.000600,0.000000,0.000000,0.000000,0.126500,0.000000,0.000000,0.000000,0.002800,0.000000
853,0.783780,0.922003,0.923900,0.840000,1112.000000,844673370.000000,1318204976.000000,234864640.000000,1568763904.000000,0.000600,0.000000,0.000000,0.000000,0.020700,0.000000,0.000000,0.000000,0.003400,0.000000
854,0.784588,0.811898,0.809800,0.729900,1112.000000,844673402.000000,1318204976.000000,234864640.000000,1568763904.000000,0.000500,0.000000,0.000000,0.000000,0.011200,0.000000,0.000000,0.000000,0.003300,0.000000
855,0.785484,0.902700,0.900000,0.821200,1112.000000,844674266.000000,1318204976.000000,234864640.000000,1568763904.000000,0.000600,0.000000,0.000000,0.000000,0.011400,0.000000,0.000000,0.000000,0.003300,0.000000
856,0.786425,0.898902,0.892400,0.809700,1112.000000,844677810.000000,1318204976.000000,234864640.000000,1568763904.000000,0.000500,0.000000,0.000000,0.000000,0.033000,0.000000,0.000000,0.000000,0.002900,0.000000
857,0.787631,1.236501,1.234300,1.149800,1112.000000,844679962.000000,1318204976.000000,234864640.000000,1568763904.000000,0.282400,0.031500,0.013400,0.017000,0.011000,0.021600,0.017700,0.013700,0.004000,0.000000
858,0.788542,0.919196,0.923400,0.840500,1112.000000,844683786.000000,1318204976.000000,234864640.000000,1568763904.000000,0.000600,0.000000,0.000000,0.000000,0.033500,0.000000,0.000000,0.000000,0.003600,0.000000
859,0.789414,0.876502,0.876200,0.799900,1112.000000,844684234.000000,1318204976.000000,234864640.000000,1568763904.000000,0.000600,0.000000,0.000000,0.000000,0.034200,0.000000,0.000000,0.000000,0.003000,0.000000
860,0.790313,0.873200,0.857800,0.779500,1112.000000,844683834.000000,1318204976.000000,234864640.000000,1568763904.000000,0.000600,0.000000,0.000000,0.000000,0.012100,0.000000,0.000000,0.000000,0.002900,0.000000
861,0.791312,1.005896,1.007400,0.917100,1112.000000,844682282.000000,1318204976.000000,234864640.000000,1568763904.000000,0.000600,0.000000,0.000000,0.000000,0.010600,0.000000,0.000000,0.000000,0.003600,0.000000
862,0.792188,0.874702,0.876600,0.790800,1112.000000,844682442.000000,1318204976.000000,234864640.000000,1568763904.000000,0.000600,0.000000,0.000000,0.000000,0.011800,0.000000,0.000000,0.000000,0.003600,0.000000
863,0.793018,0.837302,0.839000,0.757500,1112.000000,844699170.000000,1318204976.000000,234864640.000000,1568763904.000000,0.000600,0.000000,0.000000,0.000000,0.011400,0.000000,0.000000,0.000000,0.003400,0.000000
864,0.793823,0.812096,0.805700,0.727400,1112.000000,844686338.000000,1318204976.000000,234864640.000000,1568763904.000000,0.000500,0.000000,0.000000,0.000000,0.010600,0.000000,0.000000,0.000000,0.003200,0.000000
865,0.794614,0.792106,0.795100,0.713400,1112.000000,844686362.000000,1318204976.000000,234864640.000000,1568763904.000000,0.000600,0.000000,0.000000,0.000000,0.010500,0.000000,0.000000,0.000000,0.003000,0.000000
866,0.795426,0.807299,0.801300,0.723900,1112.000000,844686938.000000,1318204976.000000,234864640.000000,1568763904.000000,0.000600,0.000000,0.000000,0.000000,0.011600,0.000000,0.000000,0.000000,0.003300,0.000000
867,0.796258,0.823795,0.821700,0.741200,1112.000000,844686970.000000,1318204976.000000,234864640.000000,1568763904.000000,0.000600,0.000000,0.000000,0.000000,0.012600,0.000000,0.000000,0.000000,0.003400,0.000000
868,0.797280,1.009205,1.000200,0.917600,1112.000000,844690666.000000,1318204976.000000,234864640.000000,1568763904.000000,0.000600,0.000000,0.000000,0.000000,0.010900,0.000000,0.000000,0.000000,0.003500,0.000000
869,0.798112,0.851998,0.857500,0.771500,1112.000000,844690690.000000,1318204976.000000,234864640.000000,1568763904.000000,0.000600,0.000000,0.000000,0.000000,0.011700,0.000000,0.000000,0.000000,0.003500,0.000000
870,0.798911,0.801297,0.798400,0.718500,1112.000000,844690722.000000,1318204976.000000,234864640.000000,1568763904.000000,0.000600,0.000000,0.000000,0.000000,0.011700,0.000000,0.000000,0.000000,0.003300,0.000000
871,0.799707,0.796903,0.799200,0.718700,1112.000000,844695690.000000,1318204976.000000,234864640.000000,1568763904.000000,0.000600,0.000000,0.000000,0.000000,0.012400,0.000000,0.000000,0.000000,0.003100,0.000000
872,0.800462,0.762096,0.758500,0.682900,1112.000000,844694866.000000,1318204976.000000,234864640.000000,1568763904.000000,0.000500,0.000000,0.000000,0.000000,0.010300,0.000000,0.000000,0.000000,0.003000,0.000000
873,0.801280,0.814101,0.814800,0.737500,1112.000000,844695442.000000,1318204976.000000,234864640.000000,1568763904.000000,0.000600,0.000000,0.000000,0.000000,0.011300,0.000000,0.000000,0.000000,0.003400,0.000000
874,0.802052,0.777204,0.774600,0.700000,1112.000000,844695042.000000,1318204976.000000,234864640.000000,1568763904.000000,0.000600,0.000000,0.000000,0.000000,0.011000,0.000000,0.000000,0.000000,0.002900,0.000000
875,0.802841,0.782299,0.778000,0.702400,1112.000000,844695490.000000,1318204976.000000,234864640.000000,1568763904.000000,0.000500,0.000000,0.000000,0.000000,0.010100,0.000000,0.000000,0.000000,0.003100,0.000000
876,0.803837,0.994799,0.996600,0.919400,1112.000000,844696538.000000,1318204976.000000,234864640.000000,1568763904.000000,0.259900,0.035300,0.011100,0.016500,0.009200,0.019100,0.017300,0.014100,0.003200,0.000000
877,0.804564,0.737401,0.736800,0.663100,1112.000000,844700658.000000,1318204976.000000,234864640.000000,1568763904.000000,0.000500,0.000000,0.000000,0.000000,0.012500,0.000000,0.000000,0.000000,0.003100,0.000000
878,0.805325,0.761402,0.757900,0.685500,1112.000000,844700690.000000,1318204976.000000,234864640.000000,1568763904.000000,0.000600,0.000000,0.000000,0.000000,0.011700,0.000000,0.000000,0.000000,0.003000,0.000000
879,0.806143,0.775801,0.769600,0.695600,1112.000000,844717266.000000,1318204976.000000,234864640.000000,1568763904.000000,0.000600,0.000000,0.000000,0.000000,0.012400,0.000000,0.000000,0.000000,0.003000,0.000000
880,0.807093,0.947499,0.929700,0.848200,1112.000000,844699354.000000,1318204976.000000,234864640.000000,1568763904.000000,0.000600,0.000000,0.000000,0.000000,0.012600,0.000000,0.000000,0.000000,0.003400,0.000000
881,0.807963,0.903699,0.912400,0.818200,1112.000000,844698954.000000,1318204976.000000,234864640.000000,1568763904.000000,0.000600,0.000000,0.000000,0.000000,0.012700,0.000000,0.000000,0.000000,0.003600,0.000000
882,0.808962,0.958199,0.941800,0.853700,1112.000000,844698994.000000,1318204976.000000,234864640.000000,1568763904.000000,0.000500,0.000000,0.000000,0.000000,0.011300,0.000000,0.000000,0.000000,0.003200,0.000000
883,0.809916,0.960899,0.962400,0.862100,1112.000000,844703546.000000,1318204976.000000,234864640.000000,1568763904.000000,0.000500,0.000000,0.000000,0.000000,0.013000,0.000000,0.000000,0.000000,0.003900,0.000000
884,0.810712,0.825404,0.833200,0.741800,1112.000000,844703170.000000,1318204976.000000,234864640.000000,1568763904.000000,0.000600,0.000000,0.000000,0.000000,0.011000,0.000000,0.000000,0.000000,0.004200,0.000000
885,0.811548,0.837698,0.839000,0.756000,1112.000000,844707954.000000,1318204976.000000,234864640.000000,1568763904.000000,0.000600,0.000000,0.000000,0.000000,0.011600,0.000000,0.000000,0.000000,0.003200,0.000000
886,0.812405,0.847598,0.843500,0.762400,1112.000000,844708578.000000,1318204976.000000,234864640.000000,1568763904.000000,0.000500,0.000000,0.000000,0.000000,0.012100,0.000000,0.000000,0.000000,0.002500,0.000000
887,0.813255,0.862401,0.850100,0.767800,1112.000000,844710058.000000,1318204976.000000,234864640.000000,1568763904.000000,0.000600,0.000000,0.000000,0.000000,0.012900,0.000000,0.000000,0.000000,0.003300,0.000000
888,0.814178,0.927898,0.940500,0.848300,1112.000000,844709682.000000,1318204976.000000,234864640.000000,1568763904.000000,0.000600,0.000000,0.000000,0.000000,0.012000,0.000000,0.000000,0.000000,0.003400,0.000000
889,0.814991,0.812606,0.809600,0.731700,1112.000000,844709282.000000,1318204976.000000,234864640.000000,1568763904.000000,0.000600,0.000000,0.000000,0.000000,0.011600,0.000000,0.000000,0.000000,0.002900,0.000000
890,0.815761,0.773299,0.774600,0.695400,1112.000000,844713706.000000,1318204976.000000,234864640.000000,1568763904.000000,0.000600,0.000000,0.000000,0.000000,0.010500,0.000000,0.000000,0.000000,0.003200,0.000000
891,0.816545,0.771400,0.767600,0.691700,1112.000000,844714162.000000,1318204976.000000,234864640.000000,1568763904.000000,0.000500,0.000000,0.000000,0.000000,0.010700,0.000000,0.000000,0.000000,0.003200,0.000000
892,0.817377,0.838797,0.837100,0.760600,1112.000000,844713786.000000,1318204976.000000,234864640.000000,1568763904.000000,0.000600,0.000000,0.000000,0.000000,0.010600,0.000000,0.000000,0.000000,0.003400,0.000000
893,0.818150,0.774802,0.774500,0.698200,1112.000000,844713818.000000,1318204976.000000,234864640.000000,1568763904.000000,0.000600,0.000000,0.000000,0.000000,0.010500,0.000000,0.000000,0.000000,0.003200,0.000000
894,0.818913,0.763698,0.761500,0.686900,1112.000000,844713938.000000,1318204976.000000,234864640.000000,1568763904.000000,0.000700,0.000000,0.000000,0.000000,0.010800,0.000000,0.000000,0.000000,0.003100,0.000000
895,0.819794,0.865398,0.858000,0.781300,1112.000000,844733954.000000,1318204976.000000,234864640.000000,1568763904.000000,0.000600,0.000000,0.000000,0.000000,0.010600,0.000000,0.000000,0.000000,0.003100,0.000000
896,0.820852,1.062500,1.058200,0.964400,1112.000000,844723194.000000,1318204976.000000,234864640.000000,1568763904.000000,0.264900,0.036700,0.010600,0.017800,0.010700,0.020300,0.017200,0.014800,0.003300,0.000000
897,0.821699,0.840802,0.839700,0.756000,1112.000000,844723218.000000,1318204976.000000,234864640.000000,1568763904.000000,0.000700,0.000000,0.000000,0.000000,0.013100,0.000000,0.000000,0.000000,0.003100,0.000000
898,0.822551,0.865703,0.868600,0.787300,1112.000000,844723386.000000,1318204976.000000,234864640.000000,1568763904.000000,0.000700,0.000000,0.000000,0.000000,0.012600,0.000000,0.000000,0.000000,0.003100,0.000000
899,0.823611,0.996499,0.966700,0.882100,1112.000000,844723850.000000,1318204976.000000,234864640.000000,1568763904.000000,0.000600,0.000000,0.000000,0.000000,0.013100,0.000000,0.000000,0.000000,0.003000,0.000000
900,0.824526,0.975999,0.998100,0.897200,1112.000000,844721538.000000,1318204976.000000,234864640.000000,1568763904.000000,0.000700,0.000000,0.000000,0.000000,0.012400,0.000000,0.000000,0.000000,0.004700,0.000000
901,0.825448,0.907497,0.896800,0.815200,1112.000000,844721538.000000,1318204976.000000,234864640.000000,1568763904.000000,0.000600,0.000000,0.000000,0.000000,0.010400,0.000000,0.000000,0.000000,0.003000,0.000000
902,0.826395,0.931101,0.891800,0.802100,1112.000000,844729754.000000,1318204976.000000,234864640.000000,1568763904.000000,0.000600,0.000000,0.000000,0.000000,0.017900,0.000000,0.000000,0.000000,0.003500,0.000000
903,0.827446,1.059999,0.979700,0.854900,1112.000000,844735146.000000,1318204976.000000,234864640.000000,1568763904.000000,0.000500,0.000000,0.000000,0.000000,0.012700,0.000000,0.000000,0.000000,0.003900,0.000000
904,0.828285,0.854202,0.973200,0.773800,1112.000000,844733898.000000,1318204976.000000,234864640.000000,1568763904.000000,0.000500,0.000000,0.000000,0.000000,0.012000,0.000000,0.000000,0.000000,0.004000,0.000000
905,0.829268,0.965200,0.962200,0.880200,1112.000000,844733922.000000,1318204976.000000,234864640.000000,1568763904.000000,0.000600,0.000000,0.000000,0.000000,0.035700,0.000000,0.000000,0.000000,0.003500,0.000000
906,0.830042,0.806002,0.810400,0.728500,1112.000000,844733946.000000,1318204976.000000,234864640.000000,1568763904.000000,0.000700,0.000000,0.000000,0.000000,0.010900,0.000000,0.000000,0.000000,0.003500,0.000000
907,0.830808,0.766596,0.764900,0.688800,1112.000000,844734394.000000,1318204976.000000,234864640.000000,1568763904.000000,0.000600,0.000000,0.000000,0.000000,0.010900,0.000000,0.000000,0.000000,0.003100,0.000000
908,0.831596,0.780704,0.775200,0.699200,1112.000000,844734018.000000,1318204976.000000,234864640.000000,1568763904.000000,0.000500,0.000000,0.000000,0.000000,0.010300,0.000000,0.000000,0.000000,0.003000,0.000000
909,0.832374,0.773498,0.773300,0.693600,1112.000000,844738114.000000,1318204976.000000,234864640.000000,1568763904.000000,0.000500,0.000000,0.000000,0.000000,0.010400,0.000000,0.000000,0.000000,0.003200,0.000000
910,0.833174,0.806200,0.803800,0.726400,1112.000000,844738578.000000,1318204976.000000,234864640.000000,1568763904.000000,0.000600,0.000000,0.000000,0.000000,0.012200,0.000000,0.000000,0.000000,0.002900,0.000000
911,0.833952,0.784304,0.785800,0.708300,1112.000000,844754730.000000,1318204976.000000,234864640.000000,1568763904.000000,0.000600,0.000000,0.000000,0.000000,0.012000,0.000000,0.000000,0.000000,0.003100,0.000000
912,0.834699,0.748895,0.747000,0.672800,1112.000000,844737826.000000,1318204976.000000,234864640.000000,1568763904.000000,0.000600,0.000000,0.000000,0.000000,0.010900,0.000000,0.000000,0.000000,0.003200,0.000000
913,0.835467,0.760601,0.757500,0.683000,1112.000000,844738562.000000,1318204976.000000,234864640.000000,1568763904.000000,0.000600,0.000000,0.000000,0.000000,0.011000,0.000000,0.000000,0.000000,0.003000,0.000000
914,0.836401,0.918601,0.911300,0.834300,1112.000000,844738970.000000,1318204976.000000,234864640.000000,1568763904.000000,0.000600,0.000000,0.000000,0.000000,0.012400,0.000000,0.000000,0.000000,0.003100,0.000000
915,0.837570,1.171698,1.170300,1.089000,1112.000000,844747234.000000,1318204976.000000,234864640.000000,1568763904.000000,0.293600,0.043000,0.012000,0.017300,0.011800,0.025200,0.020800,0.014700,0.003400,0.000000
916,0.838367,0.807901,0.793100,0.712900,1112.000000,844746882.000000,1318204976.000000,234864640.000000,1568763904.000000,0.000600,0.000000,0.000000,0.000000,0.014200,0.000000,0.000000,0.000000,0.003300,0.000000
917,0.839149,0.780201,0.794800,0.702300,1112.000000,844746906.000000,1318204976.000000,234864640.000000,1568763904.000000,0.000600,0.000000,0.000000,0.000000,0.013300,0.000000,0.000000,0.000000,0.003300,0.000000
918,0.839963,0.810700,0.803500,0.727200,1112.000000,844747730.000000,1318204976.000000,234864640.000000,1568763904.000000,0.000600,0.000000,0.000000,0.000000,0.013800,0.000000,0.000000,0.000000,0.003600,0.000000
919,0.840840,0.870203,0.861000,0.778200,1112.000000,844751369.000000,1318204976.000000,234864640.000000,1568763904.000000,0.000600,0.000000,0.000000,0.000000,0.011700,0.000000,0.000000,0.000000,0.003000,0.000000
920,0.841666,0.829996,0.833900,0.745200,1112.000000,844752778.000000,1318204976.000000,234864640.000000,1568763904.000000,0.000600,0.000000,0.000000,0.000000,0.011100,0.000000,0.000000,0.000000,0.003300,0.000000
921,0.842510,0.846202,0.845000,0.762700,1112.000000,844752922.000000,1318204976.000000,234864640.000000,1568763904.000000,0.000500,0.000000,0.000000,0.000000,0.010700,0.000000,0.000000,0.000000,0.003100,0.000000
922,0.843282,0.782497,0.785200,0.704700,1112.000000,844757066.000000,1318204976.000000,234864640.000000,1568763904.000000,0.000500,0.000000,0.000000,0.000000,0.010100,0.000000,0.000000,0.000000,0.003000,0.000000
923,0.844087,0.801701,0.797100,0.720400,1112.000000,844757522.000000,1318204976.000000,234864640.000000,1568763904.000000,0.000500,0.000000,0.000000,0.000000,0.010200,0.000000,0.000000,0.000000,0.003000,0.000000
924,0.844911,0.805300,0.786500,0.708000,1112.000000,844757546.000000,1318204976.000000,234864640.000000,1568763904.000000,0.000600,0.000000,0.000000,0.000000,0.012700,0.000000,0.000000,0.000000,0.003400,0.000000
925,0.845737,0.832398,0.849200,0.756500,1112.000000,844757186.000000,1318204976.000000,234864640.000000,1568763904.000000,0.000600,0.000000,0.000000,0.000000,0.011600,0.000000,0.000000,0.000000,0.003300,0.000000
926,0.846561,0.839201,0.824500,0.746500,1112.000000,844757242.000000,1318204976.000000,234864640.000000,1568763904.000000,0.000500,0.000000,0.000000,0.000000,0.010200,0.000000,0.000000,0.000000,0.003200,0.000000
927,0.847487,0.911104,0.913400,0.824200,1164.000000,844777306.000000,1318204976.000000,234864640.000000,1568763904.000000,0.000600,0.000000,0.000000,0.000000,0.011400,0.000000,0.000000,0.000000,0.003200,0.000000
928,0.848310,0.822499,0.795500,0.710600,1112.000000,844764474.000000,1318204976.000000,234864640.000000,1568763904.000000,0.000600,0.000000,0.000000,0.000000,0.011200,0.000000,0.000000,0.000000,0.003200,0.000000
929,0.849125,0.826601,0.855600,0.748400,1112.000000,844764898.000000,1318204976.000000,234864640.000000,1568763904.000000,0.000500,0.000000,0.000000,0.000000,0.012000,0.000000,0.000000,0.000000,0.003500,0.000000
930,0.849895,0.770196,0.771000,0.692100,1112.000000,844765634.000000,1318204976.000000,234864640.000000,1568763904.000000,0.000500,0.000000,0.000000,0.000000,0.012000,0.000000,0.000000,0.000000,0.003300,0.000000
931,0.850671,0.762202,0.761500,0.685700,1112.000000,844766586.000000,1318204976.000000,234864640.000000,1568763904.000000,0.000500,0.000000,0.000000,0.000000,0.011900,0.000000,0.000000,0.000000,0.003200,0.000000
932,0.851452,0.796003,0.793900,0.717900,1112.000000,844766170.000000,1318204976.000000,234864640.000000,1568763904.000000,0.000600,0.000000,0.000000,0.000000,0.010600,0.000000,0.000000,0.000000,0.003900,0.000000
933,0.852226,0.775198,0.770600,0.695200,1112.000000,844766298.000000,1318204976.000000,234864640.000000,1568763904.000000,0.000600,0.000000,0.000000,0.000000,0.010700,0.000000,0.000000,0.000000,0.003100,0.000000
934,0.853012,0.785197,0.781100,0.703100,1112.000000,844767114.000000,1318204976.000000,234864640.000000,1568763904.000000,0.000500,0.000000,0.000000,0.000000,0.012900,0.000000,0.000000,0.000000,0.003200,0.000000
935,0.854025,1.010204,1.011300,0.931300,1112.000000,844773282.000000,1318204976.000000,234864640.000000,1568763904.000000,0.257500,0.035100,0.010500,0.016700,0.010700,0.019000,0.016900,0.013400,0.003000,0.000000
936,0.854785,0.766100,0.764000,0.687600,1112.000000,844776586.000000,1318204976.000000,234864640.000000,1568763904.000000,0.000500,0.000000,0.000000,0.000000,0.012600,0.000000,0.000000,0.000000,0.003000,0.000000
937,0.855549,0.763499,0.760900,0.683600,1112.000000,844776818.000000,1318204976.000000,234864640.000000,1568763904.000000,0.000500,0.000000,0.000000,0.000000,0.012300,0.000000,0.000000,0.000000,0.003000,0.000000
938,0.856488,0.923002,0.912600,0.833100,1112.000000,844777562.000000,1318204976.000000,234864640.000000,1568763904.000000,0.000600,0.000000,0.000000,0.000000,0.014500,0.000000,0.000000,0.000000,0.003000,0.000000
939,0.857533,1.037195,1.030400,0.940400,1112.000000,844776730.000000,1318204976.000000,234864640.000000,1568763904.000000,0.000600,0.000000,0.000000,0.000000,0.012500,0.000000,0.000000,0.000000,0.003600,0.000000
940,0.858366,0.851998,0.861500,0.772000,1112.000000,844776402.000000,1318204976.000000,234864640.000000,1568763904.000000,0.000700,0.000000,0.000000,0.000000,0.010800,0.000000,0.000000,0.000000,0.003700,0.000000
941,0.859131,0.775000,0.776800,0.698300,1112.000000,844780514.000000,1318204976.000000,234864640.000000,1568763904.000000,0.000600,0.000000,0.000000,0.000000,0.010800,0.000000,0.000000,0.000000,0.003000,0.000000
942,0.859920,0.777303,0.773700,0.698500,1112.000000,844780554.000000,1318204976.000000,234864640.000000,1568763904.000000,0.000600,0.000000,0.000000,0.000000,0.010500,0.000000,0.000000,0.000000,0.002800,0.000000
943,0.860737,0.823399,0.821600,0.745600,1112.000000,844802626.000000,1318204976.000000,234864640.000000,1568763904.000000,0.000600,0.000000,0.000000,0.000000,0.011700,0.000000,0.000000,0.000000,0.003200,0.000000
944,0.861504,0.763705,0.761900,0.686200,1112.000000,844785858.000000,1318204976.000000,234864640.000000,1568763904.000000,0.000600,0.000000,0.000000,0.000000,0.011500,0.000000,0.000000,0.000000,0.002900,0.000000
945,0.862409,0.895394,0.881900,0.804600,1112.000000,844786050.000000,1318204976.000000,234864640.000000,1568763904.000000,0.000700,0.000000,0.000000,0.000000,0.011600,0.000000,0.000000,0.000000,0.003100,0.000000
946,0.863220,0.822300,0.830900,0.744600,1112.000000,844786258.000000,1318204976.000000,234864640.000000,1568763904.000000,0.000600,0.000000,0.000000,0.000000,0.011900,0.000000,0.000000,0.000000,0.003400,0.000000
947,0.863997,0.782901,0.770800,0.694000,1112.000000,844790890.000000,1318204976.000000,234864640.000000,1568763904.000000,0.000600,0.000000,0.000000,0.000000,0.011400,0.000000,0.000000,0.000000,0.003200,0.000000
948,0.864758,0.758000,0.756100,0.669700,1112.000000,844790618.000000,1318204976.000000,234864640.000000,1568763904.000000,0.000600,0.000000,0.000000,0.000000,0.010100,0.000000,0.000000,0.000000,0.003000,0.000000
949,0.865939,0.926899,0.928500,0.839800,1112.000000,844791146.000000,1318204976.000000,234864640.000000,1568763904.000000,0.000600,0.000000,0.000000,0.000000,0.011400,0.000000,0.000000,0.000000,0.003100,0.000000
950,0.866982,1.253805,1.249000,1.164000,1112.000000,844790874.000000,1318204976.000000,234864640.000000,1568763904.000000,0.000600,0.000000,0.000000,0.000000,0.011700,0.000000,0.000000,0.000000,0.004700,0.000000
951,0.867808,0.855499,0.857800,0.772700,1112.000000,844791746.000000,1318204976.000000,234864640.000000,1568763904.000000,0.000600,0.000000,0.000000,0.000000,0.011600,0.000000,0.000000,0.000000,0.003700,0.000000
952,0.868597,0.791397,0.793100,0.713200,1112.000000,844790922.000000,1318204976.000000,234864640.000000,1568763904.000000,0.000700,0.000000,0.000000,0.000000,0.010400,0.000000,0.000000,0.000000,0.003300,0.000000
953,0.869370,0.778104,0.774500,0.698200,1112.000000,844795042.000000,1318204976.000000,234864640.000000,1568763904.000000,0.000600,0.000000,0.000000,0.000000,0.010600,0.000000,0.000000,0.000000,0.003100,0.000000
954,0.870474,1.092397,1.071100,0.991700,1112.000000,844801274.000000,1318204976.000000,234864640.000000,1568763904.000000,0.289200,0.040400,0.011400,0.018900,0.010500,0.018800,0.016700,0.023400,0.003200,0.000000
955,0.871418,0.946599,0.956500,0.859000,1112.000000,844801810.000000,1318204976.000000,234864640.000000,1568763904.000000,0.000600,0.000000,0.000000,0.000000,0.013100,0.000000,0.000000,0.000000,0.003500,0.000000
956,0.872360,0.947102,0.900900,0.816100,1112.000000,844801410.000000,1318204976.000000,234864640.000000,1568763904.000000,0.000700,0.000000,0.000000,0.000000,0.012900,0.000000,0.000000,0.000000,0.003500,0.000000
957,0.873219,0.844799,0.890900,0.761500,1112.000000,844801434.000000,1318204976.000000,234864640.000000,1568763904.000000,0.000600,0.000000,0.000000,0.000000,0.013800,0.000000,0.000000,0.000000,0.003200,0.000000
958,0.874259,1.047300,1.040400,0.957000,1112.000000,844809234.000000,1318204976.000000,234864640.000000,1568763904.000000,0.000600,0.000000,0.000000,0.000000,0.010700,0.000000,0.000000,0.000000,0.003500,0.000000
959,0.875278,1.014605,1.016200,0.930000,1112.000000,844827082.000000,1318204976.000000,234864640.000000,1568763904.000000,0.000600,0.000000,0.000000,0.000000,0.011800,0.000000,0.000000,0.000000,0.003200,0.000000
960,0.876086,0.814498,0.815300,0.733700,1112.000000,844814250.000000,1318204976.000000,234864640.000000,1568763904.000000,0.000600,0.000000,0.000000,0.000000,0.011100,0.000000,0.000000,0.000000,0.003400,0.000000
961,0.876893,0.811501,0.808900,0.729400,1112.000000,844814226.000000,1318204976.000000,234864640.000000,1568763904.000000,0.000600,0.000000,0.000000,0.000000,0.011000,0.000000,0.000000,0.000000,0.003400,0.000000
962,0.877705,0.814697,0.815300,0.736000,1112.000000,844814266.000000,1318204976.000000,234864640.000000,1568763904.000000,0.000600,0.000000,0.000000,0.000000,0.011200,0.000000,0.000000,0.000000,0.003400,0.000000
963,0.878537,0.806200,0.799800,0.723200,1112.000000,844814722.000000,1318204976.000000,234864640.000000,1568763904.000000,0.000600,0.000000,0.000000,0.000000,0.011900,0.000000,0.000000,0.000000,0.003100,0.000000
964,0.879507,0.997300,0.998900,0.919200,1112.000000,844814858.000000,1318204976.000000,234864640.000000,1568763904.000000,0.000500,0.000000,0.000000,0.000000,0.013100,0.000000,0.000000,0.000000,0.003600,0.000000
965,0.880462,0.946499,0.939800,0.861000,1112.000000,844814458.000000,1318204976.000000,234864640.000000,1568763904.000000,0.000600,0.000000,0.000000,0.000000,0.011400,0.000000,0.000000,0.000000,0.002900,0.000000
966,0.881377,0.905400,0.897200,0.814500,1112.000000,844814482.000000,1318204976.000000,234864640.000000,1568763904.000000,0.000600,0.000000,0.000000,0.000000,0.011400,0.000000,0.000000,0.000000,0.003300,0.000000
967,0.882249,0.878005,0.880700,0.792000,1112.000000,844819450.000000,1318204976.000000,234864640.000000,1568763904.000000,0.000700,0.000000,0.000000,0.000000,0.012400,0.000000,0.000000,0.000000,0.003600,0.000000
968,0.883071,0.827594,0.828800,0.745400,1112.000000,844819050.000000,1318204976.000000,234864640.000000,1568763904.000000,0.000600,0.000000,0.000000,0.000000,0.013000,0.000000,0.000000,0.000000,0.003800,0.000000
969,0.883862,0.788903,0.784000,0.703800,1112.000000,844818650.000000,1318204976.000000,234864640.000000,1568763904.000000,0.000500,0.000000,0.000000,0.000000,0.011600,0.000000,0.000000,0.000000,0.003300,0.000000
970,0.884747,0.862103,0.863700,0.781300,1112.000000,844822770.000000,1318204976.000000,234864640.000000,1568763904.000000,0.000600,0.000000,0.000000,0.000000,0.011900,0.000000,0.000000,0.000000,0.003600,0.000000
971,0.885615,0.892099,0.888800,0.809400,1112.000000,844823218.000000,1318204976.000000,234864640.000000,1568763904.000000,0.000600,0.000000,0.000000,0.000000,0.011200,0.000000,0.000000,0.000000,0.003300,0.000000
972,0.886503,0.864101,0.859400,0.778400,1112.000000,844822818.000000,1318204976.000000,234864640.000000,1568763904.000000,0.000600,0.000000,0.000000,0.000000,0.011200,0.000000,0.000000,0.000000,0.003700,0.000000
973,0.887639,1.155095,1.153200,1.070300,1112.000000,844828322.000000,1318204976.000000,234864640.000000,1568763904.000000,0.262800,0.037000,0.011600,0.016600,0.010700,0.018700,0.017800,0.014100,0.003500,0.000000
974,0.888429,0.800702,0.803200,0.721600,1112.000000,844828346.000000,1318204976.000000,234864640.000000,1568763904.000000,0.000600,0.000000,0.000000,0.000000,0.013200,0.000000,0.000000,0.000000,0.003100,0.000000
975,0.889266,0.836302,0.801700,0.724500,1112.000000,844844922.000000,1318204976.000000,234864640.000000,1568763904.000000,0.000600,0.000000,0.000000,0.000000,0.013000,0.000000,0.000000,0.000000,0.003100,0.000000
976,0.890060,0.794097,0.823400,0.712400,1112.000000,844827994.000000,1318204976.000000,234864640.000000,1568763904.000000,0.000600,0.000000,0.000000,0.000000,0.012600,0.000000,0.000000,0.000000,0.003200,0.000000
977,0.890869,0.810197,0.803600,0.724900,1112.000000,844826786.000000,1318204976.000000,234864640.000000,1568763904.000000,0.000600,0.000000,0.000000,0.000000,0.010800,0.000000,0.000000,0.000000,0.003000,0.000000
978,0.891668,0.796301,0.800000,0.717200,1112.000000,844826826.000000,1318204976.000000,234864640.000000,1568763904.000000,0.000600,0.000000,0.000000,0.000000,0.010800,0.000000,0.000000,0.000000,0.003200,0.000000
979,0.892509,0.840299,0.835500,0.757500,1112.000000,844831922.000000,1318204976.000000,234864640.000000,1568763904.000000,0.000600,0.000000,0.000000,0.000000,0.012000,0.000000,0.000000,0.000000,0.003300,0.000000
980,0.893431,0.927501,0.928100,0.848600,1112.000000,844831106.000000,1318204976.000000,234864640.000000,1568763904.000000,0.000500,0.000000,0.000000,0.000000,0.011100,0.000000,0.000000,0.000000,0.003100,0.000000
981,0.894215,0.790405,0.788500,0.711600,1112.000000,844831122.000000,1318204976.000000,234864640.000000,1568763904.000000,0.000400,0.000000,0.000000,0.000000,0.010600,0.000000,0.000000,0.000000,0.002700,0.000000
982,0.894997,0.776495,0.775600,0.698400,1112.000000,844831570.000000,1318204976.000000,234864640.000000,1568763904.000000,0.000600,0.000000,0.000000,0.000000,0.012600,0.000000,0.000000,0.000000,0.003100,0.000000
983,0.895815,0.803005,0.796500,0.720900,1112.000000,844832018.000000,1318204976.000000,234864640.000000,1568763904.000000,0.000600,0.000000,0.000000,0.000000,0.011800,0.000000,0.000000,0.000000,0.003200,0.000000
984,0.896616,0.813499,0.815000,0.734700,1112.000000,844835290.000000,1318204976.000000,234864640.000000,1568763904.000000,0.000700,0.000000,0.000000,0.000000,0.010400,0.000000,0.000000,0.000000,0.003900,0.000000
985,0.897421,0.803097,0.796300,0.715700,1112.000000,844835314.000000,1318204976.000000,234864640.000000,1568763904.000000,0.000600,0.000000,0.000000,0.000000,0.010800,0.000000,0.000000,0.000000,0.003100,0.000000
986,0.898202,0.785700,0.788300,0.706800,1112.000000,844839434.000000,1318204976.000000,234864640.000000,1568763904.000000,0.000600,0.000000,0.000000,0.000000,0.011000,0.000000,0.000000,0.000000,0.003300,0.000000
987,0.898973,0.775000,0.776100,0.699100,1112.000000,844848074.000000,1318204976.000000,234864640.000000,1568763904.000000,0.000600,0.000000,0.000000,0.000000,0.010600,0.000000,0.000000,0.000000,0.003200,0.000000
988,0.899721,0.749199,0.747800,0.674000,1112.000000,844847698.000000,1318204976.000000,234864640.000000,1568763904.000000,0.000600,0.000000,0.000000,0.000000,0.010500,0.000000,0.000000,0.000000,0.003100,0.000000
989,0.900676,0.951998,0.947000,0.873600,1112.000000,844836946.000000,1318204976.000000,234864640.000000,1568763904.000000,0.000500,0.000000,0.000000,0.000000,0.009900,0.000000,0.000000,0.000000,0.003000,0.000000
990,0.901483,0.802905,0.802700,0.726600,1112.000000,844837018.000000,1318204976.000000,234864640.000000,1568763904.000000,0.000600,0.000000,0.000000,0.000000,0.010700,0.000000,0.000000,0.000000,0.003200,0.000000
991,0.902405,0.856498,0.854700,0.780200,1112.000000,844853594.000000,1318204976.000000,234864640.000000,1568763904.000000,0.000700,0.000000,0.000000,0.000000,0.012000,0.000000,0.000000,0.000000,0.002900,0.000000
992,0.903312,0.958900,0.948300,0.870900,1112.000000,844840762.000000,1318204976.000000,234864640.000000,1568763904.000000,0.000600,0.000000,0.000000,0.000000,0.011200,0.000000,0.000000,0.000000,0.006100,0.000000
993,0.904360,1.060402,1.065200,0.983500,1112.000000,844842170.000000,1318204976.000000,234864640.000000,1568763904.000000,0.268700,0.036000,0.011000,0.017900,0.010000,0.021200,0.017600,0.014600,0.003600,0.000000
994,0.905277,0.903196,0.888900,0.809500,1112.000000,844842634.000000,1318204976.000000,234864640.000000,1568763904.000000,0.000600,0.000000,0.000000,0.000000,0.014400,0.000000,0.000000,0.000000,0.003500,0.000000
995,0.906254,0.841702,0.846600,0.758600,1112.000000,844842658.000000,1318204976.000000,234864640.000000,1568763904.000000,0.000600,0.000000,0.000000,0.000000,0.062600,0.000000,0.000000,0.000000,0.003800,0.000000
996,0.907526,1.355102,1.325800,1.232100,1112.000000,844842682.000000,1318204976.000000,234864640.000000,1568763904.000000,0.000700,0.000000,0.000000,0.000000,0.056500,0.000000,0.000000,0.000000,0.005800,0.000000
997,0.908468,0.996400,1.017100,0.902200,1112.000000,844840922.000000,1318204976.000000,234864640.000000,1568763904.000000,0.000600,0.000000,0.000000,0.000000,0.013200,0.000000,0.000000,0.000000,0.004100,0.000000
998,0.909406,0.901198,0.881300,0.794800,1112.000000,844840970.000000,1318204976.000000,234864640.000000,1568763904.000000,0.000500,0.000000,0.000000,0.000000,0.010400,0.000000,0.000000,0.000000,0.003200,0.000000
999,0.910220,0.871202,0.899100,0.796600,1112.000000,844845914.000000,1318204976.000000,234864640.000000,1568763904.000000,0.000700,0.000000,0.000000,0.000000,0.011100,0.000000,0.000000,0.000000,0.004000,0.000000
1000,0.911035,0.797796,0.790000,0.714200,1112.000000,844845090.000000,1318204976.000000,234864640.000000,1568763904.000000,0.000500,0.000000,0.000000,0.000000,0.009600,0.000000,0.000000,0.000000,0.003000,0.000000
1001,0.912338,1.059899,1.035000,0.947800,1112.000000,844845114.000000,1318204976.000000,234864640.000000,1568763904.000000,0.000600,0.000000,0.000000,0.000000,0.010700,0.000000,0.000000,0.000000,0.003400,0.000000
1002,0.913250,1.163301,1.185100,1.084900,1112.000000,844845138.000000,1318204976.000000,234864640.000000,1568763904.000000,0.000700,0.000000,0.000000,0.000000,0.011800,0.000000,0.000000,0.000000,0.005100,0.000000
1003,0.914087,0.843700,0.812100,0.733800,1112.000000,844845586.000000,1318204976.000000,234864640.000000,1568763904.000000,0.000500,0.000000,0.000000,0.000000,0.011100,0.000000,0.000000,0.000000,0.003300,0.000000
1004,0.914913,0.810403,0.833600,0.725400,1112.000000,844849306.000000,1318204976.000000,234864640.000000,1568763904.000000,0.000500,0.000000,0.000000,0.000000,0.009900,0.000000,0.000000,0.000000,0.002800,0.000000
1005,0.915745,0.807696,0.810300,0.727700,1112.000000,844853402.000000,1318204976.000000,234864640.000000,1568763904.000000,0.000600,0.000000,0.000000,0.000000,0.011200,0.000000,0.000000,0.000000,0.003500,0.000000
1006,0.916700,0.979500,0.973400,0.893800,1112.000000,844853426.000000,1318204976.000000,234864640.000000,1568763904.000000,0.000700,0.000000,0.000000,0.000000,0.011400,0.000000,0.000000,0.000000,0.004400,0.000000
1007,0.917624,0.929500,0.929300,0.848000,1112.000000,844870146.000000,1318204976.000000,234864640.000000,1568763904.000000,0.000600,0.000000,0.000000,0.000000,0.011900,0.000000,0.000000,0.000000,0.003600,0.000000
1008,0.918775,1.063506,0.782000,0.703400,1112.000000,844853218.000000,1318204976.000000,234864640.000000,1568763904.000000,0.000500,0.000000,0.000000,0.000000,0.011400,0.000000,0.000000,0.000000,0.003200,0.000000
1009,0.919780,1.087798,1.365600,1.013100,1112.000000,844853242.000000,1318204976.000000,234864640.000000,1568763904.000000,0.000700,0.000000,0.000000,0.000000,0.037300,0.000000,0.000000,0.000000,0.005400,0.000000
1010,0.920885,1.104400,1.068000,0.988600,1112.000000,844855202.000000,1318204976.000000,234864640.000000,1568763904.000000,0.288900,0.039200,0.012000,0.016700,0.011600,0.018100,0.017300,0.016000,0.003400,0.000000
1011,0.921714,0.838499,0.871100,0.757600,1112.000000,844859322.000000,1318204976.000000,234864640.000000,1568763904.000000,0.000700,0.000000,0.000000,0.000000,0.014700,0.000000,0.000000,0.000000,0.003400,0.000000
1012,0.922571,0.829500,0.827400,0.748600,1112.000000,844858922.000000,1318204976.000000,234864640.000000,1568763904.000000,0.000500,0.000000,0.000000,0.000000,0.013000,0.000000,0.000000,0.000000,0.003400,0.000000
1013,0.923428,0.869204,0.866800,0.786700,1112.000000,844858946.000000,1318204976.000000,234864640.000000,1568763904.000000,0.000600,0.000000,0.000000,0.000000,0.012500,0.000000,0.000000,0.000000,0.003600,0.000000
1014,0.924284,0.865200,0.861400,0.780300,1112.000000,844857522.000000,1318204976.000000,234864640.000000,1568763904.000000,0.000600,0.000000,0.000000,0.000000,0.010300,0.000000,0.000000,0.000000,0.003400,0.000000
1015,0.925172,0.891893,0.890800,0.809600,1112.000000,844858370.000000,1318204976.000000,234864640.000000,1568763904.000000,0.000600,0.000000,0.000000,0.000000,0.012100,0.000000,0.000000,0.000000,0.003200,0.000000
1016,0.926082,0.891801,0.892500,0.811800,1112.000000,844857546.000000,1318204976.000000,234864640.000000,1568763904.000000,0.000600,0.000000,0.000000,0.000000,0.010700,0.000000,0.000000,0.000000,0.003300,0.000000
1017,0.926867,0.812599,0.809400,0.731900,1112.000000,844857570.000000,1318204976.000000,234864640.000000,1568763904.000000,0.000500,0.000000,0.000000,0.000000,0.011800,0.000000,0.000000,0.000000,0.003300,0.000000
1018,0.927691,0.811302,0.809300,0.729700,1112.000000,844861690.000000,1318204976.000000,234864640.000000,1568763904.000000,0.000600,0.000000,0.000000,0.000000,0.010300,0.000000,0.000000,0.000000,0.003200,0.000000
1019,0.928631,0.948604,0.948800,0.870300,1112.000000,844862138.000000,1318204976.000000,234864640.000000,1568763904.000000,0.000600,0.000000,0.000000,0.000000,0.010600,0.000000,0.000000,0.000000,0.003400,0.000000
1020,0.929420,0.791199,0.792200,0.716000,1112.000000,844861762.000000,1318204976.000000,234864640.000000,1568763904.000000,0.000600,0.000000,0.000000,0.000000,0.009800,0.000000,0.000000,0.000000,0.003100,0.000000
1021,0.930186,0.764697,0.761500,0.687400,1112.000000,844865858.000000,1318204976.000000,234864640.000000,1568763904.000000,0.000500,0.000000,0.000000,0.000000,0.009900,0.000000,0.000000,0.000000,0.003000,0.000000
1022,0.931002,0.812004,0.808000,0.732900,1112.000000,844865882.000000,1318204976.000000,234864640.000000,1568763904.000000,0.000600,0.000000,0.000000,0.000000,0.010400,0.000000,0.000000,0.000000,0.003000,0.000000
1023,0.931831,0.827098,0.823800,0.746000,1112.000000,844882618.000000,1318204976.000000,234864640.000000,1568763904.000000,0.000500,0.000000,0.000000,0.000000,0.012200,0.000000,0.000000,0.000000,0.003200,0.000000
1024,0.932796,0.974901,0.975900,0.898000,1112.000000,844869786.000000,1318204976.000000,234864640.000000,1568763904.000000,0.000500,0.000000,0.000000,0.000000,0.010800,0.000000,0.000000,0.000000,0.003000,0.000000
1025,0.933581,0.783596,0.781600,0.706400,1112.000000,844870234.000000,1318204976.000000,234864640.000000,1568763904.000000,0.000600,0.000000,0.000000,0.000000,0.011600,0.000000,0.000000,0.000000,0.003100,0.000000
1026,0.934367,0.756703,0.756700,0.682700,1112.000000,844870274.000000,1318204976.000000,234864640.000000,1568763904.000000,0.000600,0.000000,0.000000,0.000000,0.012600,0.000000,0.000000,0.000000,0.002800,0.000000
1027,0.935203,0.848902,0.836600,0.763400,1112.000000,844870298.000000,1318204976.000000,234864640.000000,1568763904.000000,0.000600,0.000000,0.000000,0.000000,0.011600,0.000000,0.000000,0.000000,0.003300,0.000000
1028,0.936005,0.809198,0.812000,0.729500,1112.000000,844869898.000000,1318204976.000000,234864640.000000,1568763904.000000,0.000600,0.000000,0.000000,0.000000,0.010000,0.000000,0.000000,0.000000,0.003200,0.000000
1029,0.937070,1.066001,1.063000,0.984100,1112.000000,844871618.000000,1318204976.000000,234864640.000000,1568763904.000000,0.272900,0.048100,0.011300,0.016500,0.010200,0.019900,0.017500,0.014600,0.003400,0.000000
1030,0.937836,0.771797,0.770700,0.691200,1112.000000,844872434.000000,1318204976.000000,234864640.000000,1568763904.000000,0.000500,0.000000,0.000000,0.000000,0.012900,0.000000,0.000000,0.000000,0.003200,0.000000
1031,0.938586,0.752204,0.753400,0.675200,1112.000000,844878002.000000,1318204976.000000,234864640.000000,1568763904.000000,0.000500,0.000000,0.000000,0.000000,0.012200,0.000000,0.000000,0.000000,0.003200,0.000000
1032,0.939333,0.740497,0.739100,0.663700,1112.000000,844877506.000000,1318204976.000000,234864640.000000,1568763904.000000,0.000500,0.000000,0.000000,0.000000,0.011700,0.000000,0.000000,0.000000,0.002600,0.000000
1033,0.940122,0.789300,0.784100,0.708900,1112.000000,844876170.000000,1318204976.000000,234864640.000000,1568763904.000000,0.000500,0.000000,0.000000,0.000000,0.009900,0.000000,0.000000,0.000000,0.003200,0.000000
1034,0.941016,0.878401,0.869900,0.788900,1112.000000,844876426.000000,1318204976.000000,234864640.000000,1568763904.000000,0.000600,0.000000,0.000000,0.000000,0.010700,0.000000,0.000000,0.000000,0.003000,0.000000
1035,0.941891,0.877197,0.876500,0.790900,1112.000000,844877018.000000,1318204976.000000,234864640.000000,1568763904.000000,0.000600,0.000000,0.000000,0.000000,0.026600,0.000000,0.000000,0.000000,0.003400,0.000000
1036,0.942750,0.854705,0.853100,0.769100,1112.000000,844876658.000000,1318204976.000000,234864640.000000,1568763904.000000,0.000500,0.000000,0.000000,0.000000,0.010800,0.000000,0.000000,0.000000,0.003700,0.000000
1037,0.943626,0.879096,0.875400,0.792500,1112.000000,844880906.000000,1318204976.000000,234864640.000000,1568763904.000000,0.000600,0.000000,0.000000,0.000000,0.011600,0.000000,0.000000,0.000000,0.003400,0.000000
1038,0.944574,0.953005,0.953000,0.868700,1112.000000,844885194.000000,1318204976.000000,234864640.000000,1568763904.000000,0.000600,0.000000,0.000000,0.000000,0.029900,0.000000,0.000000,0.000000,0.003400,0.000000
1039,0.945506,0.937599,0.936400,0.855200,1112.000000,844905130.000000,1318204976.000000,234864640.000000,1568763904.000000,0.000700,0.000000,0.000000,0.000000,0.096400,0.000000,0.000000,0.000000,0.003600,0.000000
1040,0.946587,1.052501,1.042200,0.959300,1112.000000,844889034.000000,1318204976.000000,234864640.000000,1568763904.000000,0.000700,0.000000,0.000000,0.000000,0.030900,0.000000,0.000000,0.000000,0.003000,0.000000
1041,0.947516,0.944097,0.939300,0.851900,1112.000000,844888210.000000,1318204976.000000,234864640.000000,1568763904.000000,0.000500,0.000000,0.000000,0.000000,0.012800,0.000000,0.000000,0.000000,0.003700,0.000000
1042,0.948386,0.883100,0.893800,0.804000,1112.000000,844888250.000000,1318204976.000000,234864640.000000,1568763904.000000,0.000600,0.000000,0.000000,0.000000,0.011100,0.000000,0.000000,0.000000,0.003600,0.000000
1043,0.949204,0.817999,0.815400,0.736100,1112.000000,844892810.000000,1318204976.000000,234864640.000000,1568763904.000000,0.000700,0.000000,0.000000,0.000000,0.010800,0.000000,0.000000,0.000000,0.003100,0.000000
1044,0.950065,0.854500,0.850200,0.770600,1112.000000,844892394.000000,1318204976.000000,234864640.000000,1568763904.000000,0.000600,0.000000,0.000000,0.000000,0.010600,0.000000,0.000000,0.000000,0.003300,0.000000
1045,0.951044,0.975999,0.823200,0.742900,1112.000000,844892418.000000,1318204976.000000,234864640.000000,1568763904.000000,0.000600,0.000000,0.000000,0.000000,0.011000,0.000000,0.000000,0.000000,0.003600,0.000000
1046,0.952110,1.069905,1.218400,0.988800,1112.000000,844892442.000000,1318204976.000000,234864640.000000,1568763904.000000,0.000700,0.000000,0.000000,0.000000,0.011700,0.000000,0.000000,0.000000,0.003500,0.000000
1047,0.952911,0.810197,0.810000,0.729700,1112.000000,844893458.000000,1318204976.000000,234864640.000000,1568763904.000000,0.000600,0.000000,0.000000,0.000000,0.011200,0.000000,0.000000,0.000000,0.003400,0.000000
1048,0.953911,1.003104,1.005700,0.926500,1112.000000,844900474.000000,1318204976.000000,234864640.000000,1568763904.000000,0.258900,0.035600,0.011600,0.021100,0.009300,0.018100,0.016600,0.014500,0.003200,0.000000
1049,0.954651,0.741199,0.736300,0.662500,1112.000000,844900498.000000,1318204976.000000,234864640.000000,1568763904.000000,0.000700,0.000000,0.000000,0.000000,0.013400,0.000000,0.000000,0.000000,0.002900,0.000000
1050,0.955406,0.755995,0.756500,0.679500,1112.000000,844905226.000000,1318204976.000000,234864640.000000,1568763904.000000,0.000500,0.000000,0.000000,0.000000,0.012300,0.000000,0.000000,0.000000,0.002800,0.000000
1051,0.956285,0.837302,0.812500,0.733000,1112.000000,844906738.000000,1318204976.000000,234864640.000000,1568763904.000000,0.000600,0.000000,0.000000,0.000000,0.012800,0.000000,0.000000,0.000000,0.002900,0.000000
1052,0.957300,1.016603,1.015400,0.914800,1112.000000,844903106.000000,1318204976.000000,234864640.000000,1568763904.000000,0.000600,0.000000,0.000000,0.000000,0.010900,0.000000,0.000000,0.000000,0.003300,0.000000
1053,0.958190,0.902898,0.914300,0.818600,1112.000000,844903418.000000,1318204976.000000,234864640.000000,1568763904.000000,0.000600,0.000000,0.000000,0.000000,0.011800,0.000000,0.000000,0.000000,0.003200,0.000000
1054,0.959005,0.825198,0.827300,0.744600,1112.000000,844903858.000000,1318204976.000000,234864640.000000,1568763904.000000,0.000500,0.000000,0.000000,0.000000,0.013400,0.000000,0.000000,0.000000,0.003400,0.000000
1055,0.959833,0.845600,0.844400,0.766000,1112.000000,844928202.000000,1318204976.000000,234864640.000000,1568763904.000000,0.000600,0.000000,0.000000,0.000000,0.012800,0.000000,0.000000,0.000000,0.003000,0.000000
1056,0.960632,0.792404,0.788600,0.711200,1112.000000,844914906.000000,1318204976.000000,234864640.000000,1568763904.000000,0.000500,0.000000,0.000000,0.000000,0.011000,0.000000,0.000000,0.000000,0.002900,0.000000
1057,0.961432,0.788301,0.786800,0.708200,1112.000000,844915058.000000,1318204976.000000,234864640.000000,1568763904.000000,0.000600,0.000000,0.000000,0.000000,0.010900,0.000000,0.000000,0.000000,0.003400,0.000000
1058,0.962269,0.828196,0.824200,0.745800,1112.000000,844915098.000000,1318204976.000000,234864640.000000,1568763904.000000,0.000600,0.000000,0.000000,0.000000,0.010900,0.000000,0.000000,0.000000,0.003800,0.000000
1059,0.963251,1.001304,1.000200,0.920200,1112.000000,844925250.000000,1318204976.000000,234864640.000000,1568763904.000000,0.000600,0.000000,0.000000,0.000000,0.010500,0.000000,0.000000,0.000000,0.003700,0.000000
1060,0.964032,0.788598,0.789100,0.710100,1112.000000,844925898.000000,1318204976.000000,234864640.000000,1568763904.000000,0.000600,0.000000,0.000000,0.000000,0.010300,0.000000,0.000000,0.000000,0.003400,0.000000
1061,0.964866,0.805796,0.788400,0.711400,1112.000000,844925922.000000,1318204976.000000,234864640.000000,1568763904.000000,0.000600,0.000000,0.000000,0.000000,0.010500,0.000000,0.000000,0.000000,0.003100,0.000000
1062,0.965641,0.798604,0.809500,0.718300,1112.000000,844925946.000000,1318204976.000000,234864640.000000,1568763904.000000,0.000700,0.000000,0.000000,0.000000,0.009800,0.000000,0.000000,0.000000,0.003900,0.000000
1063,0.966529,0.863301,0.859500,0.780800,1112.000000,844931026.000000,1318204976.000000,234864640.000000,1568763904.000000,0.000400,0.000000,0.000000,0.000000,0.010400,0.000000,0.000000,0.000000,0.002700,0.000000
1064,0.967325,0.818396,0.822000,0.740800,1112.000000,844930202.000000,1318204976.000000,234864640.000000,1568763904.000000,0.000600,0.000000,0.000000,0.000000,0.010200,0.000000,0.000000,0.000000,0.003400,0.000000
1065,0.968076,0.761302,0.760400,0.685300,1112.000000,844930226.000000,1318204976.000000,234864640.000000,1568763904.000000,0.000600,0.000000,0.000000,0.000000,0.010100,0.000000,0.000000,0.000000,0.002900,0.000000
1066,0.968878,0.795203,0.789400,0.714800,1112.000000,844930250.000000,1318204976.000000,234864640.000000,1568763904.000000,0.000500,0.000000,0.000000,0.000000,0.010100,0.000000,0.000000,0.000000,0.003000,0.000000
1067,0.969622,0.744196,0.744600,0.667000,1112.000000,844930698.000000,1318204976.000000,234864640.000000,1568763904.000000,0.000600,0.000000,0.000000,0.000000,0.010400,0.000000,0.000000,0.000000,0.003200,0.000000
1068,0.970783,1.068998,1.062100,0.985400,1112.000000,844935986.000000,1318204976.000000,234864640.000000,1568763904.000000,0.290300,0.039300,0.011900,0.020300,0.012300,0.022300,0.021400,0.022500,0.002900,0.000000
1069,0.971717,1.017304,1.013900,0.933000,1112.000000,844939658.000000,1318204976.000000,234864640.000000,1568763904.000000,0.000700,0.000000,0.000000,0.000000,0.014800,0.000000,0.000000,0.000000,0.004200,0.000000
1070,0.972566,0.837698,0.834600,0.753200,1112.000000,844940138.000000,1318204976.000000,234864640.000000,1568763904.000000,0.000500,0.000000,0.000000,0.000000,0.013900,0.000000,0.000000,0.000000,0.003500,0.000000
1071,0.973585,0.978104,0.958600,0.870600,1112.000000,844956458.000000,1318204976.000000,234864640.000000,1568763904.000000,0.000600,0.000000,0.000000,0.000000,0.015000,0.000000,0.000000,0.000000,0.004200,0.000000
1072,0.974535,0.994799,1.008600,0.908800,1112.000000,844942610.000000,1318204976.000000,234864640.000000,1568763904.000000,0.000500,0.000000,0.000000,0.000000,0.012400,0.000000,0.000000,0.000000,0.004800,0.000000
1073,0.975493,0.961699,0.960600,0.876100,1112.000000,844942682.000000,1318204976.000000,234864640.000000,1568763904.000000,0.000600,0.000000,0.000000,0.000000,0.034100,0.000000,0.000000,0.000000,0.003600,0.000000
1074,0.976455,0.955201,0.953000,0.869300,1112.000000,844942722.000000,1318204976.000000,234864640.000000,1568763904.000000,0.000600,0.000000,0.000000,0.000000,0.020900,0.000000,0.000000,0.000000,0.003600,0.000000
1075,0.977423,0.970401,0.926200,0.843100,1112.000000,844947266.000000,1318204976.000000,234864640.000000,1568763904.000000,0.000700,0.000000,0.000000,0.000000,0.011700,0.000000,0.000000,0.000000,0.003400,0.000000
1076,0.978301,0.849093,0.889400,0.767400,1112.000000,844946866.000000,1318204976.000000,234864640.000000,1568763904.000000,0.000600,0.000000,0.000000,0.000000,0.011000,0.000000,0.000000,0.000000,0.003700,0.000000
1077,0.979654,1.326205,1.318600,1.234700,1112.000000,844946890.000000,1318204976.000000,234864640.000000,1568763904.000000,0.000700,0.000000,0.000000,0.000000,0.011400,0.000000,0.000000,0.000000,0.003900,0.000000
1078,0.980577,0.988896,0.992500,0.904700,1112.000000,844946914.000000,1318204976.000000,234864640.000000,1568763904.000000,0.000600,0.000000,0.000000,0.000000,0.024600,0.000000,0.000000,0.000000,0.053600,0.000000
1079,0.981539,0.955400,0.952600,0.868400,1112.000000,844947786.000000,1318204976.000000,234864640.000000,1568763904.000000,0.000600,0.000000,0.000000,0.000000,0.011000,0.000000,0.000000,0.000000,0.003300,0.000000
1080,0.982517,0.978904,0.861700,0.778600,1112.000000,844946962.000000,1318204976.000000,234864640.000000,1568763904.000000,0.000600,0.000000,0.000000,0.000000,0.011700,0.000000,0.000000,0.000000,0.003600,0.000000
1081,0.983426,0.920996,1.033600,0.838300,1112.000000,844946986.000000,1318204976.000000,234864640.000000,1568763904.000000,0.000600,0.000000,0.000000,0.000000,0.010500,0.000000,0.000000,0.000000,0.003400,0.000000
1082,0.984256,0.819905,0.809100,0.697600,1112.000000,844951106.000000,1318204976.000000,234864640.000000,1568763904.000000,0.000500,0.000000,0.000000,0.000000,0.010500,0.000000,0.000000,0.000000,0.003000,0.000000
1083,0.985062,0.806597,0.813700,0.726600,1112.000000,844951562.000000,1318204976.000000,234864640.000000,1568763904.000000,0.000600,0.000000,0.000000,0.000000,0.022800,0.000000,0.000000,0.000000,0.003400,0.000000
1084,0.985984,0.901198,0.826300,0.746100,1112.000000,844951610.000000,1318204976.000000,234864640.000000,1568763904.000000,0.000600,0.000000,0.000000,0.000000,0.012700,0.000000,0.000000,0.000000,0.003300,0.000000
1085,0.987154,1.179301,1.244300,1.090100,1112.000000,844952434.000000,1318204976.000000,234864640.000000,1568763904.000000,0.266400,0.031200,0.010900,0.017000,0.013300,0.020400,0.017600,0.013300,0.003300,0.000000
1086,0.988023,0.880003,0.878500,0.791800,1112.000000,844952042.000000,1318204976.000000,234864640.000000,1568763904.000000,0.000500,0.000000,0.000000,0.000000,0.013100,0.000000,0.000000,0.000000,0.003500,0.000000
1087,0.988971,0.950702,0.954600,0.869800,1112.000000,844968634.000000,1318204976.000000,234864640.000000,1568763904.000000,0.000600,0.000000,0.000000,0.000000,0.028400,0.000000,0.000000,0.000000,0.003500,0.000000
1088,0.989988,1.001594,0.994800,0.910800,1112.000000,844955802.000000,1318204976.000000,234864640.000000,1568763904.000000,0.000600,0.000000,0.000000,0.000000,0.021500,0.000000,0.000000,0.000000,0.003200,0.000000
1089,0.990897,0.915604,0.915200,0.830000,1112.000000,844959098.000000,1318204976.000000,234864640.000000,1568763904.000000,0.000600,0.000000,0.000000,0.000000,0.011300,0.000000,0.000000,0.000000,0.003900,0.000000
1090,0.991966,1.068700,1.063700,0.980100,1112.000000,844948370.000000,1318204976.000000,234864640.000000,1568763904.000000,0.000600,0.000000,0.000000,0.000000,0.011100,0.000000,0.000000,0.000000,0.003700,0.000000
1091,0.992851,0.886699,0.882800,0.797600,1112.000000,844948818.000000,1318204976.000000,234864640.000000,1568763904.000000,0.000600,0.000000,0.000000,0.000000,0.011500,0.000000,0.000000,0.000000,0.003500,0.000000
1092,0.993674,0.827098,0.829100,0.742000,1112.000000,844948418.000000,1318204976.000000,234864640.000000,1568763904.000000,0.000500,0.000000,0.000000,0.000000,0.011300,0.000000,0.000000,0.000000,0.003600,0.000000
1093,0.994511,0.844501,0.845300,0.763600,1112.000000,844948442.000000,1318204976.000000,234864640.000000,1568763904.000000,0.000500,0.000000,0.000000,0.000000,0.011700,0.000000,0.000000,0.000000,0.003500,0.000000
1094,0.995463,0.940497,0.926800,0.846500,1112.000000,844948538.000000,1318204976.000000,234864640.000000,1568763904.000000,0.000500,0.000000,0.000000,0.000000,0.036100,0.000000,0.000000,0.000000,0.003200,0.000000
1095,0.996403,0.948604,0.956600,0.868900,1112.000000,844954706.000000,1318204976.000000,234864640.000000,1568763904.000000,0.000700,0.000000,0.000000,0.000000,0.021600,0.000000,0.000000,0.000000,0.003300,0.000000
1096,0.997609,1.168502,1.053200,0.934500,1112.000000,845019610.000000,1318204976.000000,234864640.000000,1568763904.000000,0.000500,0.000000,0.000000,0.000000,0.011300,0.000000,0.000000,0.000000,0.003400,0.000000
1097,0.998464,0.889194,0.988900,0.796000,1112.000000,844954266.000000,1318204976.000000,234864640.000000,1568763904.000000,0.000700,0.000000,0.000000,0.000000,0.012700,0.000000,0.000000,0.000000,0.003800,0.000000
1098,0.999347,0.881002,0.889800,0.798200,1112.000000,844954898.000000,1318204976.000000,234864640.000000,1568763904.000000,0.000600,0.000000,0.000000,0.000000,0.025100,0.000000,0.000000,0.000000,0.003200,0.000000
1099,1.000197,0.852898,0.852700,0.772200,1112.000000,844955154.000000,1318204976.000000,234864640.000000,1568763904.000000,0.000500,0.000000,0.000000,0.000000,0.013500,0.000000,0.000000,0.000000,0.003500,0.000000
1100,1.001054,0.861501,0.859900,0.781100,1112.000000,844955010.000000,1318204976.000000,234864640.000000,1568763904.000000,0.000600,0.000000,0.000000,0.000000,0.011200,0.000000,0.000000,0.000000,0.003400,0.000000
1101,1.001997,0.934899,0.928800,0.849500,1112.000000,844959530.000000,1318204976.000000,234864640.000000,1568763904.000000,0.000600,0.000000,0.000000,0.000000,0.011700,0.000000,0.000000,0.000000,0.003300,0.000000
1102,1.002823,0.827204,0.824100,0.741500,1112.000000,844959490.000000,1318204976.000000,234864640.000000,1568763904.000000,0.000500,0.000000,0.000000,0.000000,0.012000,0.000000,0.000000,0.000000,0.003400,0.000000
1103,1.003938,1.122102,1.124200,1.041700,1112.000000,844980450.000000,1318204976.000000,234864640.000000,1568763904.000000,0.262900,0.033600,0.010600,0.017200,0.023600,0.021200,0.017300,0.013200,0.003300,0.000000
1104,1.004781,0.846095,0.845500,0.766900,1112.000000,844963506.000000,1318204976.000000,234864640.000000,1568763904.000000,0.000700,0.000000,0.000000,0.000000,0.026800,0.000000,0.000000,0.000000,0.003200,0.000000
1105,1.005644,0.851304,0.842800,0.763400,1112.000000,844963530.000000,1318204976.000000,234864640.000000,1568763904.000000,0.000600,0.000000,0.000000,0.000000,0.013100,0.000000,0.000000,0.000000,0.003400,0.000000
1106,1.006637,0.954195,0.945100,0.859900,1112.000000,844967690.000000,1318204976.000000,234864640.000000,1568763904.000000,0.000600,0.000000,0.000000,0.000000,0.013000,0.000000,0.000000,0.000000,0.003400,0.000000
1107,1.007842,1.205804,1.194600,1.096600,1112.000000,844981042.000000,1318204976.000000,234864640.000000,1568763904.000000,0.000500,0.000000,0.000000,0.000000,0.038100,0.000000,0.000000,0.000000,0.003200,0.000000
1108,1.008729,0.929797,0.938700,0.839500,1112.000000,844981674.000000,1318204976.000000,234864640.000000,1568763904.000000,0.000600,0.000000,0.000000,0.000000,0.012000,0.000000,0.000000,0.000000,0.003900,0.000000
1109,1.009728,0.999306,1.005200,0.918500,1112.000000,844981698.000000,1318204976.000000,234864640.000000,1568763904.000000,0.000600,0.000000,0.000000,0.000000,0.010900,0.000000,0.000000,0.000000,0.003400,0.000000
1110,1.010516,0.792900,0.794800,0.715800,1112.000000,844981722.000000,1318204976.000000,234864640.000000,1568763904.000000,0.000700,0.000000,0.000000,0.000000,0.010500,0.000000,0.000000,0.000000,0.003200,0.000000
1111,1.011373,0.854996,0.843400,0.767400,1112.000000,844982738.000000,1318204976.000000,234864640.000000,1568763904.000000,0.000600,0.000000,0.000000,0.000000,0.010700,0.000000,0.000000,0.000000,0.003200,0.000000
1112,1.012166,0.793800,0.800000,0.715200,1112.000000,844986434.000000,1318204976.000000,234864640.000000,1568763904.000000,0.000600,0.000000,0.000000,0.000000,0.011500,0.000000,0.000000,0.000000,0.003200,0.000000
1113,1.012950,0.788301,0.783700,0.706700,1112.000000,844986018.000000,1318204976.000000,234864640.000000,1568763904.000000,0.000600,0.000000,0.000000,0.000000,0.011500,0.000000,0.000000,0.000000,0.003000,0.000000
1114,1.013699,0.750702,0.752900,0.673900,1112.000000,844990138.000000,1318204976.000000,234864640.000000,1568763904.000000,0.000500,0.000000,0.000000,0.000000,0.010700,0.000000,0.000000,0.000000,0.003300,0.000000
1115,1.014484,0.783397,0.781000,0.706000,1112.000000,844990762.000000,1318204976.000000,234864640.000000,1568763904.000000,0.000600,0.000000,0.000000,0.000000,0.039800,0.000000,0.000000,0.000000,0.002900,0.000000
1116,1.015303,0.827005,0.813700,0.738900,1112.000000,844990794.000000,1318204976.000000,234864640.000000,1568763904.000000,0.000500,0.000000,0.000000,0.000000,0.011900,0.000000,0.000000,0.000000,0.003100,0.000000
1117,1.016058,0.750099,0.758200,0.672200,1112.000000,844990386.000000,1318204976.000000,234864640.000000,1568763904.000000,0.000500,0.000000,0.000000,0.000000,0.010500,0.000000,0.000000,0.000000,0.002600,0.000000
1118,1.016865,0.798498,0.795800,0.717300,1112.000000,844990394.000000,1318204976.000000,234864640.000000,1568763904.000000,0.000500,0.000000,0.000000,0.000000,0.010400,0.000000,0.000000,0.000000,0.002700,0.000000
1119,1.017649,0.784800,0.785500,0.708000,1112.000000,845007138.000000,1318204976.000000,234864640.000000,1568763904.000000,0.000500,0.000000,0.000000,0.000000,0.011100,0.000000,0.000000,0.000000,0.003100,0.000000
1120,1.018394,0.750801,0.749200,0.674500,1112.000000,844994810.000000,1318204976.000000,234864640.000000,1568763904.000000,0.000500,0.000000,0.000000,0.000000,0.010500,0.000000,0.000000,0.000000,0.003000,0.000000
1121,1.019257,0.857596,0.849700,0.775000,1112.000000,844995202.000000,1318204976.000000,234864640.000000,1568763904.000000,0.000500,0.000000,0.000000,0.000000,0.010700,0.000000,0.000000,0.000000,0.003100,0.000000
1122,1.020296,1.035601,1.035200,0.955100,1112.000000,844996762.000000,1318204976.000000,234864640.000000,1568763904.000000,0.253400,0.034200,0.010100,0.017000,0.010500,0.019900,0.017000,0.013200,0.003100,0.000000
1123,1.021109,0.816504,0.816200,0.738000,1112.000000,845001418.000000,1318204976.000000,234864640.000000,1568763904.000000,0.000700,0.000000,0.000000,0.000000,0.014500,0.000000,0.000000,0.000000,0.003500,0.000000
1124,1.021912,0.801701,0.795800,0.719200,1112.000000,845001018.000000,1318204976.000000,234864640.000000,1568763904.000000,0.000600,0.000000,0.000000,0.000000,0.012400,0.000000,0.000000,0.000000,0.003200,0.000000
1125,1.023023,1.001297,0.874700,0.792900,1112.000000,845001042.000000,1318204976.000000,234864640.000000,1568763904.000000,0.000600,0.000000,0.000000,0.000000,0.012500,0.000000,0.000000,0.000000,0.003000,0.000000
1126,1.023895,0.975702,1.092400,0.888200,1112.000000,845000426.000000,1318204976.000000,234864640.000000,1568763904.000000,0.000600,0.000000,0.000000,0.000000,0.107800,0.000000,0.000000,0.000000,0.004700,0.000000
1127,1.024893,0.976701,0.978500,0.892100,1112.000000,845005138.000000,1318204976.000000,234864640.000000,1568763904.000000,0.000600,0.000000,0.000000,0.000000,0.012300,0.000000,0.000000,0.000000,0.003100,0.000000
1128,1.025697,0.838499,0.843000,0.762000,1112.000000,845004298.000000,1318204976.000000,234864640.000000,1568763904.000000,0.000700,0.000000,0.000000,0.000000,0.011700,0.000000,0.000000,0.000000,0.003400,0.000000
1129,1.026591,0.870500,0.866300,0.790700,1112.000000,845004322.000000,1318204976.000000,234864640.000000,1568763904.000000,0.000600,0.000000,0.000000,0.000000,0.010400,0.000000,0.000000,0.000000,0.003100,0.000000
1130,1.027443,0.861898,0.860000,0.781600,1112.000000,845004346.000000,1318204976.000000,234864640.000000,1568763904.000000,0.000500,0.000000,0.000000,0.000000,0.011100,0.000000,0.000000,0.000000,0.003500,0.000000
1131,1.028506,1.060899,1.054100,0.975400,1112.000000,845005218.000000,1318204976.000000,234864640.000000,1568763904.000000,0.000600,0.000000,0.000000,0.000000,0.011900,0.000000,0.000000,0.000000,0.003400,0.000000
1132,1.029394,0.891801,0.870900,0.788500,1112.000000,845004394.000000,1318204976.000000,234864640.000000,1568763904.000000,0.000700,0.000000,0.000000,0.000000,0.025200,0.000000,0.000000,0.000000,0.003200,0.000000
1133,1.030209,0.821400,0.842700,0.742000,1112.000000,845008530.000000,1318204976.000000,234864640.000000,1568763904.000000,0.000500,0.000000,0.000000,0.000000,0.010900,0.000000,0.000000,0.000000,0.003300,0.000000
1134,1.031078,0.869303,0.866500,0.788500,1112.000000,845008538.000000,1318204976.000000,234864640.000000,1568763904.000000,0.000500,0.000000,0.000000,0.000000,0.010300,0.000000,0.000000,0.000000,0.003100,0.000000
1135,1.032123,0.999695,0.977200,0.892600,1112.000000,845028490.000000,1318204976.000000,234864640.000000,1568763904.000000,0.000600,0.000000,0.000000,0.000000,0.011000,0.000000,0.000000,0.000000,0.003100,0.000000
1136,1.032947,0.868502,0.886100,0.790600,1112.000000,845011674.000000,1318204976.000000,234864640.000000,1568763904.000000,0.000500,0.000000,0.000000,0.000000,0.011000,0.000000,0.000000,0.000000,0.004400,0.000000
1137,1.033716,0.775602,0.776000,0.697600,1112.000000,845011698.000000,1318204976.000000,234864640.000000,1568763904.000000,0.000500,0.000000,0.000000,0.000000,0.010700,0.000000,0.000000,0.000000,0.003400,0.000000
1138,1.034693,0.967297,0.963100,0.886200,1112.000000,845000970.000000,1318204976.000000,234864640.000000,1568763904.000000,0.000500,0.000000,0.000000,0.000000,0.010500,0.000000,0.000000,0.000000,0.003000,0.000000
1139,1.035480,0.793700,0.794000,0.715400,1112.000000,845005586.000000,1318204976.000000,234864640.000000,1568763904.000000,0.000500,0.000000,0.000000,0.000000,0.011400,0.000000,0.000000,0.000000,0.003200,0.000000
1140,1.036383,0.897902,0.878600,0.801900,1112.000000,845009266.000000,1318204976.000000,234864640.000000,1568763904.000000,0.000500,0.000000,0.000000,0.000000,0.010100,0.000000,0.000000,0.000000,0.003100,0.000000
1141,1.037551,1.164895,1.179200,1.085600,1112.000000,845011026.000000,1318204976.000000,234864640.000000,1568763904.000000,0.287000,0.041900,0.010300,0.018000,0.010400,0.019800,0.016300,0.015500,0.003200,0.000000
1142,1.038348,0.806002,0.773900,0.697700,1112.000000,845011066.000000,1318204976.000000,234864640.000000,1568763904.000000,0.000700,0.000000,0.000000,0.000000,0.012500,0.000000,0.000000,0.000000,0.003100,0.000000
1143,1.039096,0.748200,0.778000,0.671700,1112.000000,845012082.000000,1318204976.000000,234864640.000000,1568763904.000000,0.000500,0.000000,0.000000,0.000000,0.013900,0.000000,0.000000,0.000000,0.002900,0.000000
1144,1.039873,0.763003,0.759000,0.684700,1112.000000,845011258.000000,1318204976.000000,234864640.000000,1568763904.000000,0.000600,0.000000,0.000000,0.000000,0.014200,0.000000,0.000000,0.000000,0.003000,0.000000
1145,1.040754,0.851198,0.843500,0.765800,1112.000000,845009674.000000,1318204976.000000,234864640.000000,1568763904.000000,0.000700,0.000000,0.000000,0.000000,0.010700,0.000000,0.000000,0.000000,0.003600,0.000000
1146,1.041615,0.896400,0.898800,0.815900,1112.000000,845014218.000000,1318204976.000000,234864640.000000,1568763904.000000,0.000700,0.000000,0.000000,0.000000,0.011800,0.000000,0.000000,0.000000,0.004300,0.000000
1147,1.042612,0.990299,0.984000,0.904500,1112.000000,845014258.000000,1318204976.000000,234864640.000000,1568763904.000000,0.000500,0.000000,0.000000,0.000000,0.010900,0.000000,0.000000,0.000000,0.003100,0.000000
1148,1.043409,0.805300,0.808600,0.726400,1112.000000,845013866.000000,1318204976.000000,234864640.000000,1568763904.000000,0.000500,0.000000,0.000000,0.000000,0.010700,0.000000,0.000000,0.000000,0.003100,0.000000
1149,1.044319,0.912302,0.910800,0.833400,1112.000000,845013882.000000,1318204976.000000,234864640.000000,1568763904.000000,0.000500,0.000000,0.000000,0.000000,0.010300,0.000000,0.000000,0.000000,0.003300,0.000000
1150,1.045102,0.790802,0.788800,0.712600,1112.000000,845013922.000000,1318204976.000000,234864640.000000,1568763904.000000,0.000500,0.000000,0.000000,0.000000,0.010200,0.000000,0.000000,0.000000,0.003300,0.000000
1151,1.046028,0.876998,0.782200,0.705800,1112.000000,845030770.000000,1318204976.000000,234864640.000000,1568763904.000000,0.000500,0.000000,0.000000,0.000000,0.013800,0.000000,0.000000,0.000000,0.003100,0.000000
1152,1.046886,0.891497,0.966900,0.799200,1112.000000,845017922.000000,1318204976.000000,234864640.000000,1568763904.000000,0.000700,0.000000,0.000000,0.000000,0.010900,0.000000,0.000000,0.000000,0.003600,0.000000
1153,1.047800,0.921301,0.933300,0.841400,1164.000000,845017946.000000,1318204976.000000,234864640.000000,1568763904.000000,0.000500,0.000000,0.000000,0.000000,0.010900,0.000000,0.000000,0.000000,0.003100,0.000000
1154,1.048564,0.771400,0.771900,0.693400,1112.000000,845017986.000000,1318204976.000000,234864640.000000,1568763904.000000,0.000600,0.000000,0.000000,0.000000,0.011000,0.000000,0.000000,0.000000,0.003000,0.000000
1155,1.049313,0.750801,0.749700,0.675000,1112.000000,845018450.000000,1318204976.000000,234864640.000000,1568763904.000000,0.000600,0.000000,0.000000,0.000000,0.010100,0.000000,0.000000,0.000000,0.003400,0.000000
1156,1.050079,0.765703,0.758800,0.684800,1112.000000,845018458.000000,1318204976.000000,234864640.000000,1568763904.000000,0.000600,0.000000,0.000000,0.000000,0.011200,0.000000,0.000000,0.000000,0.003000,0.000000
1157,1.050792,0.712897,0.716800,0.637400,1112.000000,845026250.000000,1318204976.000000,234864640.000000,1568763904.000000,0.000400,0.000000,0.000000,0.000000,0.010500,0.000000,0.000000,0.000000,0.003100,0.000000
1158,1.051559,0.768899,0.762400,0.688800,1112.000000,845026274.000000,1318204976.000000,234864640.000000,1568763904.000000,0.000600,0.000000,0.000000,0.000000,0.010100,0.000000,0.000000,0.000000,0.003100,0.000000
1159,1.052357,0.791801,0.790500,0.712100,1112.000000,845031402.000000,1318204976.000000,234864640.000000,1568763904.000000,0.000500,0.000000,0.000000,0.000000,0.011500,0.000000,0.000000,0.000000,0.003000,0.000000
1160,1.053112,0.756300,0.756300,0.679100,1112.000000,845030562.000000,1318204976.000000,234864640.000000,1568763904.000000,0.000500,0.000000,0.000000,0.000000,0.010100,0.000000,0.000000,0.000000,0.003100,0.000000
1161,1.054137,1.027997,1.026100,0.950800,1112.000000,845032714.000000,1318204976.000000,234864640.000000,1568763904.000000,0.265600,0.032300,0.011900,0.017400,0.010300,0.018200,0.016400,0.013400,0.003100,0.000000
1162,1.054862,0.729004,0.728600,0.653900,1112.000000,845032314.000000,1318204976.000000,234864640.000000,1568763904.000000,0.000500,0.000000,0.000000,0.000000,0.012400,0.000000,0.000000,0.000000,0.002600,0.000000
1163,1.055610,0.739399,0.736200,0.662000,1112.000000,845032762.000000,1318204976.000000,234864640.000000,1568763904.000000,0.000600,0.000000,0.000000,0.000000,0.012200,0.000000,0.000000,0.000000,0.002900,0.000000
1164,1.056458,0.821804,0.813200,0.737000,1112.000000,845032386.000000,1318204976.000000,234864640.000000,1568763904.000000,0.000500,0.000000,0.000000,0.000000,0.012100,0.000000,0.000000,0.000000,0.003300,0.000000
1165,1.057380,0.928699,0.916300,0.831900,1112.000000,845034794.000000,1318204976.000000,234864640.000000,1568763904.000000,0.000600,0.000000,0.000000,0.000000,0.010700,0.000000,0.000000,0.000000,0.003300,0.000000
1166,1.058206,0.846301,0.860200,0.770400,1112.000000,845034826.000000,1318204976.000000,234864640.000000,1568763904.000000,0.000600,0.000000,0.000000,0.000000,0.010700,0.000000,0.000000,0.000000,0.003600,0.000000
1167,1.059001,0.796797,0.794600,0.719200,1112.000000,845051642.000000,1318204976.000000,234864640.000000,1568763904.000000,0.000500,0.000000,0.000000,0.000000,0.010700,0.000000,0.000000,0.000000,0.003000,0.000000
1168,1.059803,0.802303,0.802300,0.726800,1112.000000,845034698.000000,1318204976.000000,234864640.000000,1568763904.000000,0.000500,0.000000,0.000000,0.000000,0.010600,0.000000,0.000000,0.000000,0.002900,0.000000
1169,1.060561,0.760395,0.756900,0.682800,1112.000000,845034722.000000,1318204976.000000,234864640.000000,1568763904.000000,0.000600,0.000000,0.000000,0.000000,0.010500,0.000000,0.000000,0.000000,0.002800,0.000000
1170,1.061422,0.855598,0.855200,0.779400,1112.000000,845035314.000000,1318204976.000000,234864640.000000,1568763904.000000,0.000500,0.000000,0.000000,0.000000,0.011700,0.000000,0.000000,0.000000,0.003000,0.000000
1171,1.062224,0.799306,0.793400,0.717700,1112.000000,845039450.000000,1318204976.000000,234864640.000000,1568763904.000000,0.000600,0.000000,0.000000,0.000000,0.011700,0.000000,0.000000,0.000000,0.002900,0.000000
1172,1.063004,0.785998,0.786100,0.707700,1112.000000,845039034.000000,1318204976.000000,234864640.000000,1568763904.000000,0.000600,0.000000,0.000000,0.000000,0.010800,0.000000,0.000000,0.000000,0.003000,0.000000
1173,1.063855,0.831902,0.825000,0.746000,1112.000000,845039058.000000,1318204976.000000,234864640.000000,1568763904.000000,0.000500,0.000000,0.000000,0.000000,0.011200,0.000000,0.000000,0.000000,0.003100,0.000000
1174,1.064688,0.843601,0.843200,0.761200,1112.000000,845043178.000000,1318204976.000000,234864640.000000,1568763904.000000,0.000600,0.000000,0.000000,0.000000,0.011100,0.000000,0.000000,0.000000,0.003500,0.000000
1175,1.065594,0.905598,0.889400,0.808500,1112.000000,845044074.000000,1318204976.000000,234864640.000000,1568763904.000000,0.000600,0.000000,0.000000,0.000000,0.026000,0.000000,0.000000,0.000000,0.003100,0.000000
1176,1.066515,0.888995,0.898500,0.803500,1112.000000,845047330.000000,1318204976.000000,234864640.000000,1568763904.000000,0.000600,0.000000,0.000000,0.000000,0.011200,0.000000,0.000000,0.000000,0.003200,0.000000
1177,1.067372,0.885601,0.883600,0.800700,1112.000000,845047778.000000,1318204976.000000,234864640.000000,1568763904.000000,0.000600,0.000000,0.000000,0.000000,0.012700,0.000000,0.000000,0.000000,0.003800,0.000000
1178,1.068238,0.861005,0.857200,0.773400,1112.000000,845051474.000000,1318204976.000000,234864640.000000,1568763904.000000,0.000500,0.000000,0.000000,0.000000,0.011200,0.000000,0.000000,0.000000,0.003200,0.000000
1179,1.069145,0.910998,0.911200,0.827700,1112.000000,845051938.000000,1318204976.000000,234864640.000000,1568763904.000000,0.000600,0.000000,0.000000,0.000000,0.020800,0.000000,0.000000,0.000000,0.003500,0.000000
1180,1.070263,1.126297,1.128500,1.048100,1112.000000,845052954.000000,1318204976.000000,234864640.000000,1568763904.000000,0.304900,0.035200,0.011600,0.016800,0.010400,0.060400,0.016400,0.015000,0.003500,0.000000
1181,1.071095,0.815505,0.804400,0.725400,1112.000000,845052970.000000,1318204976.000000,234864640.000000,1568763904.000000,0.000500,0.000000,0.000000,0.000000,0.012300,0.000000,0.000000,0.000000,0.002900,0.000000
1182,1.072255,1.177395,1.182400,1.097700,1112.000000,845052978.000000,1318204976.000000,234864640.000000,1568763904.000000,0.000600,0.000000,0.000000,0.000000,0.013800,0.000000,0.000000,0.000000,0.003400,0.000000
1183,1.073252,0.970302,0.963600,0.884900,1112.000000,845069570.000000,1318204976.000000,234864640.000000,1568763904.000000,0.000600,0.000000,0.000000,0.000000,0.029500,0.000000,0.000000,0.000000,0.003000,0.000000
1184,1.074158,0.926205,0.923900,0.840700,1112.000000,845055754.000000,1318204976.000000,234864640.000000,1568763904.000000,0.000600,0.000000,0.000000,0.000000,0.011300,0.000000,0.000000,0.000000,0.003700,0.000000
1185,1.075075,0.915299,0.914900,0.831600,1112.000000,845055338.000000,1318204976.000000,234864640.000000,1568763904.000000,0.000500,0.000000,0.000000,0.000000,0.011800,0.000000,0.000000,0.000000,0.003300,0.000000
1186,1.075911,0.839399,0.828300,0.748000,1112.000000,845055378.000000,1318204976.000000,234864640.000000,1568763904.000000,0.000600,0.000000,0.000000,0.000000,0.011600,0.000000,0.000000,0.000000,0.003400,0.000000
1187,1.076999,1.027197,1.015900,0.920100,1112.000000,845055842.000000,1318204976.000000,234864640.000000,1568763904.000000,0.000600,0.000000,0.000000,0.000000,0.010700,0.000000,0.000000,0.000000,0.003300,0.000000
1188,1.077971,1.021202,1.035200,0.937900,1112.000000,845055426.000000,1318204976.000000,234864640.000000,1568763904.000000,0.000800,0.000000,0.000000,0.000000,0.012500,0.000000,0.000000,0.000000,0.005200,0.000000
1189,1.078895,0.932100,0.928000,0.844800,1112.000000,845055450.000000,1318204976.000000,234864640.000000,1568763904.000000,0.000600,0.000000,0.000000,0.000000,0.010800,0.000000,0.000000,0.000000,0.003800,0.000000
1190,1.079735,0.843502,0.846100,0.765500,1112.000000,845055490.000000,1318204976.000000,234864640.000000,1568763904.000000,0.000500,0.000000,0.000000,0.000000,0.011100,0.000000,0.000000,0.000000,0.003400,0.000000
1191,1.080578,0.850999,0.852300,0.772600,1112.000000,845064690.000000,1318204976.000000,234864640.000000,1568763904.000000,0.000600,0.000000,0.000000,0.000000,0.012200,0.000000,0.000000,0.000000,0.003100,0.000000
1192,1.081514,0.924497,0.915600,0.838700,1112.000000,845064274.000000,1318204976.000000,234864640.000000,1568763904.000000,0.000600,0.000000,0.000000,0.000000,0.119000,0.000000,0.000000,0.000000,0.003100,0.000000
1193,1.082309,0.801899,0.805700,0.722900,1112.000000,845063874.000000,1318204976.000000,234864640.000000,1568763904.000000,0.000600,0.000000,0.000000,0.000000,0.011100,0.000000,0.000000,0.000000,0.003300,0.000000
1194,1.083134,0.821903,0.819700,0.741900,1112.000000,845063898.000000,1318204976.000000,234864640.000000,1568763904.000000,0.000700,0.000000,0.000000,0.000000,0.009800,0.000000,0.000000,0.000000,0.003200,0.000000
1195,1.083902,0.775000,0.775900,0.698800,1112.000000,845064346.000000,1318204976.000000,234864640.000000,1568763904.000000,0.000600,0.000000,0.000000,0.000000,0.010900,0.000000,0.000000,0.000000,0.003700,0.000000
1196,1.084676,0.769997,0.767000,0.693000,1112.000000,845063946.000000,1318204976.000000,234864640.000000,1568763904.000000,0.000600,0.000000,0.000000,0.000000,0.009800,0.000000,0.000000,0.000000,0.002900,0.000000
1197,1.085524,0.841901,0.836300,0.760500,1112.000000,845068082.000000,1318204976.000000,234864640.000000,1568763904.000000,0.000600,0.000000,0.000000,0.000000,0.063700,0.000000,0.000000,0.000000,0.002800,0.000000
1198,1.086466,0.922003,0.917100,0.837800,1112.000000,845068114.000000,1318204976.000000,234864640.000000,1568763904.000000,0.000500,0.000000,0.000000,0.000000,0.010800,0.000000,0.000000,0.000000,0.003200,0.000000
1199,1.087676,1.226098,1.226400,1.144900,1112.000000,845086754.000000,1318204976.000000,234864640.000000,1568763904.000000,0.260100,0.034200,0.010400,0.018200,0.021800,0.019400,0.017100,0.014100,0.003200,0.000000
1200,1.088507,0.838102,0.836900,0.757900,1112.000000,845069826.000000,1318204976.000000,234864640.000000,1568763904.000000,0.000700,0.000000,0.000000,0.000000,0.012400,0.000000,0.000000,0.000000,0.003200,0.000000
1201,1.089384,0.844402,0.820200,0.742900,1112.000000,845069850.000000,1318204976.000000,234864640.000000,1568763904.000000,0.000600,0.000000,0.000000,0.000000,0.012100,0.000000,0.000000,0.000000,0.003200,0.000000
1202,1.090236,0.878897,0.896700,0.798100,1112.000000,845069890.000000,1318204976.000000,234864640.000000,1568763904.000000,0.000600,0.000000,0.000000,0.000000,0.013400,0.000000,0.000000,0.000000,0.004500,0.000000
1203,1.091297,1.056002,1.050300,0.968400,1112.000000,845072482.000000,1318204976.000000,234864640.000000,1568763904.000000,0.000600,0.000000,0.000000,0.000000,0.011600,0.000000,0.000000,0.000000,0.003000,0.000000
1204,1.092225,0.937295,0.931400,0.847800,1112.000000,845072082.000000,1318204976.000000,234864640.000000,1568763904.000000,0.000600,0.000000,0.000000,0.000000,0.012400,0.000000,0.000000,0.000000,0.003200,0.000000
1205,1.093032,0.807001,0.813800,0.726300,1112.000000,845072106.000000,1318204976.000000,234864640.000000,1568763904.000000,0.000600,0.000000,0.000000,0.000000,0.011100,0.000000,0.000000,0.000000,0.003200,0.000000
1206,1.093922,0.824100,0.823700,0.745000,1112.000000,845072130.000000,1318204976.000000,234864640.000000,1568763904.000000,0.000600,0.000000,0.000000,0.000000,0.010700,0.000000,0.000000,0.000000,0.003200,0.000000
1207,1.094742,0.878005,0.871900,0.794100,1112.000000,845073554.000000,1318204976.000000,234864640.000000,1568763904.000000,0.000600,0.000000,0.000000,0.000000,0.014000,0.000000,0.000000,0.000000,0.005300,0.000000
1208,1.095659,0.927594,0.928000,0.847500,1112.000000,845076402.000000,1318204976.000000,234864640.000000,1568763904.000000,0.000600,0.000000,0.000000,0.000000,0.011200,0.000000,0.000000,0.000000,0.003200,0.000000
1209,1.096548,0.886005,0.879200,0.800200,1112.000000,845076426.000000,1318204976.000000,234864640.000000,1568763904.000000,0.000700,0.000000,0.000000,0.000000,0.010300,0.000000,0.000000,0.000000,0.003300,0.000000
1210,1.097387,0.846896,0.848300,0.765200,1112.000000,845080546.000000,1318204976.000000,234864640.000000,1568763904.000000,0.000500,0.000000,0.000000,0.000000,0.010000,0.000000,0.000000,0.000000,0.003100,0.000000
1211,1.098150,0.765505,0.762200,0.684400,1112.000000,845080994.000000,1318204976.000000,234864640.000000,1568763904.000000,0.000600,0.000000,0.000000,0.000000,0.010100,0.000000,0.000000,0.000000,0.003000,0.000000
1212,1.098912,0.754500,0.755500,0.675000,1112.000000,845080594.000000,1318204976.000000,234864640.000000,1568763904.000000,0.000500,0.000000,0.000000,0.000000,0.009500,0.000000,0.000000,0.000000,0.002800,0.000000
1213,1.099706,0.796797,0.796400,0.719500,1112.000000,845080706.000000,1318204976.000000,234864640.000000,1568763904.000000,0.000600,0.000000,0.000000,0.000000,0.012100,0.000000,0.000000,0.000000,0.003200,0.000000
1214,1.100459,0.755804,0.755100,0.678900,1112.000000,845081178.000000,1318204976.000000,234864640.000000,1568763904.000000,0.000600,0.000000,0.000000,0.000000,0.012200,0.000000,0.000000,0.000000,0.003100,0.000000
1215,1.101298,0.828798,0.825800,0.749900,1112.000000,845097442.000000,1318204976.000000,234864640.000000,1568763904.000000,0.000500,0.000000,0.000000,0.000000,0.012200,0.000000,0.000000,0.000000,0.003100,0.000000
1216,1.102085,0.803302,0.803200,0.728000,1112.000000,845084610.000000,1318204976.000000,234864640.000000,1568763904.000000,0.000600,0.000000,0.000000,0.000000,0.009900,0.000000,0.000000,0.000000,0.003000,0.000000
1217,1.102849,0.755095,0.749600,0.675200,1112.000000,845084634.000000,1318204976.000000,234864640.000000,1568763904.000000,0.000500,0.000000,0.000000,0.000000,0.009600,0.000000,0.000000,0.000000,0.002900,0.000000
1218,1.103895,1.043403,1.041300,0.962700,1112.000000,845087810.000000,1318204976.000000,234864640.000000,1568763904.000000,0.282400,0.036300,0.011900,0.018900,0.010600,0.022500,0.019800,0.022600,0.003400,0.000000
1219,1.104701,0.807802,0.808500,0.730800,1112.000000,845088282.000000,1318204976.000000,234864640.000000,1568763904.000000,0.000600,0.000000,0.000000,0.000000,0.014500,0.000000,0.000000,0.000000,0.003400,0.000000
1220,1.105462,0.764895,0.764100,0.689300,1112.000000,845087874.000000,1318204976.000000,234864640.000000,1568763904.000000,0.000600,0.000000,0.000000,0.000000,0.012200,0.000000,0.000000,0.000000,0.003100,0.000000
1221,1.106577,1.059106,0.845600,0.768100,1112.000000,845087890.000000,1318204976.000000,234864640.000000,1568763904.000000,0.000500,0.000000,0.000000,0.000000,0.012400,0.000000,0.000000,0.000000,0.003200,0.000000
1222,1.107822,1.264194,1.448700,1.159800,1112.000000,845085282.000000,1318204976.000000,234864640.000000,1568763904.000000,0.000700,0.000000,0.000000,0.000000,0.013600,0.000000,0.000000,0.000000,0.004000,0.000000
1223,1.108741,0.937302,0.949600,0.850900,1112.000000,845089834.000000,1318204976.000000,234864640.000000,1568763904.000000,0.000600,0.000000,0.000000,0.000000,0.012000,0.000000,0.000000,0.000000,0.003800,0.000000
1224,1.109634,0.904301,0.909800,0.826300,1112.000000,845089002.000000,1318204976.000000,234864640.000000,1568763904.000000,0.000400,0.000000,0.000000,0.000000,0.023100,0.000000,0.000000,0.000000,0.003000,0.000000
1225,1.110486,0.859099,0.859000,0.783700,1112.000000,845093122.000000,1318204976.000000,234864640.000000,1568763904.000000,0.000600,0.000000,0.000000,0.000000,0.010400,0.000000,0.000000,0.000000,0.003200,0.000000
1226,1.111426,0.921400,0.910900,0.834700,1112.000000,845093146.000000,1318204976.000000,234864640.000000,1568763904.000000,0.000600,0.000000,0.000000,0.000000,0.010100,0.000000,0.000000,0.000000,0.002800,0.000000
1227,1.112325,0.894104,0.892400,0.808600,1112.000000,845093594.000000,1318204976.000000,234864640.000000,1568763904.000000,0.000600,0.000000,0.000000,0.000000,0.011200,0.000000,0.000000,0.000000,0.003700,0.000000
1228,1.113169,0.858496,0.856200,0.773300,1112.000000,845093642.000000,1318204976.000000,234864640.000000,1568763904.000000,0.000500,0.000000,0.000000,0.000000,0.016100,0.000000,0.000000,0.000000,0.003200,0.000000
1229,1.114124,0.961104,0.962200,0.878700,1112.000000,845107050.000000,1318204976.000000,234864640.000000,1568763904.000000,0.000500,0.000000,0.000000,0.000000,0.011800,0.000000,0.000000,0.000000,0.003500,0.000000
1230,1.114932,0.808000,0.808000,0.729100,1112.000000,845108130.000000,1318204976.000000,234864640.000000,1568763904.000000,0.000500,0.000000,0.000000,0.000000,0.010600,0.000000,0.000000,0.000000,0.003200,0.000000
1231,1.115749,0.814697,0.799100,0.721700,1112.000000,845124722.000000,1318204976.000000,234864640.000000,1568763904.000000,0.000500,0.000000,0.000000,0.000000,0.011400,0.000000,0.000000,0.000000,0.003100,0.000000
1232,1.116539,0.790497,0.799800,0.708700,1112.000000,845107778.000000,1318204976.000000,234864640.000000,1568763904.000000,0.000600,0.000000,0.000000,0.000000,0.011000,0.000000,0.000000,0.000000,0.003200,0.000000
1233,1.117296,0.760006,0.762200,0.682800,1112.000000,845107802.000000,1318204976.000000,234864640.000000,1568763904.000000,0.000600,0.000000,0.000000,0.000000,0.010900,0.000000,0.000000,0.000000,0.003300,0.000000
1234,1.118048,0.752296,0.751400,0.676100,1112.000000,845107842.000000,1318204976.000000,234864640.000000,1568763904.000000,0.000600,0.000000,0.000000,0.000000,0.010800,0.000000,0.000000,0.000000,0.003000,0.000000
1235,1.118788,0.746499,0.744700,0.671000,1112.000000,845112386.000000,1318204976.000000,234864640.000000,1568763904.000000,0.000500,0.000000,0.000000,0.000000,0.011400,0.000000,0.000000,0.000000,0.003000,0.000000
1236,1.119655,0.849901,0.743800,0.669900,1112.000000,845111986.000000,1318204976.000000,234864640.000000,1568763904.000000,0.000500,0.000000,0.000000,0.000000,0.010400,0.000000,0.000000,0.000000,0.002900,0.000000
1237,1.120791,1.063804,1.160700,0.985100,1112.000000,845113426.000000,1318204976.000000,234864640.000000,1568763904.000000,0.262000,0.034400,0.011500,0.017000,0.011700,0.021400,0.017700,0.013500,0.003600,0.000000
1238,1.121671,0.949497,0.944000,0.863300,1112.000000,845113034.000000,1318204976.000000,234864640.000000,1568763904.000000,0.000600,0.000000,0.000000,0.000000,0.013800,0.000000,0.000000,0.000000,0.004000,0.000000
1239,1.122467,0.804599,0.805100,0.722200,1112.000000,845114026.000000,1318204976.000000,234864640.000000,1568763904.000000,0.000600,0.000000,0.000000,0.000000,0.012800,0.000000,0.000000,0.000000,0.003400,0.000000
1240,1.123271,0.795798,0.793400,0.712800,1112.000000,845117298.000000,1318204976.000000,234864640.000000,1568763904.000000,0.000600,0.000000,0.000000,0.000000,0.011600,0.000000,0.000000,0.000000,0.003100,0.000000
1241,1.124074,0.810204,0.804900,0.723700,1112.000000,845116330.000000,1318204976.000000,234864640.000000,1568763904.000000,0.000700,0.000000,0.000000,0.000000,0.010200,0.000000,0.000000,0.000000,0.003200,0.000000
1242,1.124863,0.795096,0.800400,0.716300,1112.000000,845129066.000000,1318204976.000000,234864640.000000,1568763904.000000,0.000500,0.000000,0.000000,0.000000,0.011500,0.000000,0.000000,0.000000,0.003100,0.000000
1243,1.125605,0.746606,0.747000,0.670400,1112.000000,845129090.000000,1318204976.000000,234864640.000000,1568763904.000000,0.000600,0.000000,0.000000,0.000000,0.011300,0.000000,0.000000,0.000000,0.003200,0.000000
1244,1.126499,0.859099,0.851600,0.774900,1112.000000,845128690.000000,1318204976.000000,234864640.000000,1568763904.000000,0.000500,0.000000,0.000000,0.000000,0.010000,0.000000,0.000000,0.000000,0.003300,0.000000
1245,1.127287,0.810098,0.810100,0.730000,1112.000000,845128730.000000,1318204976.000000,234864640.000000,1568763904.000000,0.000600,0.000000,0.000000,0.000000,0.011500,0.000000,0.000000,0.000000,0.003800,0.000000
1246,1.128087,0.804904,0.803100,0.725500,1112.000000,845128762.000000,1318204976.000000,234864640.000000,1568763904.000000,0.000600,0.000000,0.000000,0.000000,0.010400,0.000000,0.000000,0.000000,0.003500,0.000000
1247,1.128892,0.805598,0.805900,0.728100,1112.000000,845145330.000000,1318204976.000000,234864640.000000,1568763904.000000,0.000500,0.000000,0.000000,0.000000,0.011000,0.000000,0.000000,0.000000,0.003200,0.000000
1248,1.129665,0.776701,0.773500,0.697700,1112.000000,845132482.000000,1318204976.000000,234864640.000000,1568763904.000000,0.000600,0.000000,0.000000,0.000000,0.009900,0.000000,0.000000,0.000000,0.003200,0.000000
1249,1.130414,0.750000,0.751800,0.676300,1112.000000,845132506.000000,1318204976.000000,234864640.000000,1568763904.000000,0.000600,0.000000,0.000000,0.000000,0.010200,0.000000,0.000000,0.000000,0.003000,0.000000
1250,1.131161,0.753295,0.750700,0.678900,1112.000000,845132546.000000,1318204976.000000,234864640.000000,1568763904.000000,0.000600,0.000000,0.000000,0.000000,0.010100,0.000000,0.000000,0.000000,0.003000,0.000000
1251,1.131932,0.762004,0.759200,0.685600,1112.000000,845133002.000000,1318204976.000000,234864640.000000,1568763904.000000,0.000500,0.000000,0.000000,0.000000,0.010600,0.000000,0.000000,0.000000,0.002900,0.000000
1252,1.132709,0.780300,0.777500,0.703500,1112.000000,845132602.000000,1318204976.000000,234864640.000000,1568763904.000000,0.000600,0.000000,0.000000,0.000000,0.010200,0.000000,0.000000,0.000000,0.002700,0.000000
1253,1.133476,0.764498,0.759700,0.684500,1112.000000,845133050.000000,1318204976.000000,234864640.000000,1568763904.000000,0.000500,0.000000,0.000000,0.000000,0.011800,0.000000,0.000000,0.000000,0.003000,0.000000
1254,1.134226,0.749802,0.748700,0.671200,1112.000000,845132658.000000,1318204976.000000,234864640.000000,1568763904.000000,0.000500,0.000000,0.000000,0.000000,0.011600,0.000000,0.000000,0.000000,0.003300,0.000000
1255,1.135248,1.002098,0.993900,0.914800,1112.000000,845137634.000000,1318204976.000000,234864640.000000,1568763904.000000,0.000500,0.000000,0.000000,0.000000,0.010800,0.000000,0.000000,0.000000,0.003100,0.000000
1256,1.136275,1.029301,1.027800,0.944600,1112.000000,845136794.000000,1318204976.000000,234864640.000000,1568763904.000000,0.000700,0.000000,0.000000,0.000000,0.011400,0.000000,0.000000,0.000000,0.003500,0.000000
1257,1.137616,1.345096,1.343300,1.258900,1112.000000,845138786.000000,1318204976.000000,234864640.000000,1568763904.000000,0.490600,0.037400,0.013500,0.021500,0.010400,0.020900,0.206900,0.024300,0.003300,0.000000
1258,1.138506,0.888202,0.881000,0.798300,1112.000000,845138810.000000,1318204976.000000,234864640.000000,1568763904.000000,0.000700,0.000000,0.000000,0.000000,0.013100,0.000000,0.000000,0.000000,0.003300,0.000000
1259,1.139376,0.872399,0.874500,0.786400,1112.000000,845143370.000000,1318204976.000000,234864640.000000,1568763904.000000,0.000600,0.000000,0.000000,0.000000,0.013400,0.000000,0.000000,0.000000,0.003400,0.000000
1260,1.140612,1.198505,1.175600,1.089100,1112.000000,845132226.000000,1318204976.000000,234864640.000000,1568763904.000000,0.000600,0.000000,0.000000,0.000000,0.013500,0.000000,0.000000,0.000000,0.003500,0.000000
1261,1.141585,1.001800,1.016300,0.912400,1112.000000,845134370.000000,1318204976.000000,234864640.000000,1568763904.000000,0.000700,0.000000,0.000000,0.000000,0.024400,0.000000,0.000000,0.000000,0.004000,0.000000
1262,1.142924,1.252997,1.208900,1.111700,1112.000000,845134402.000000,1318204976.000000,234864640.000000,1568763904.000000,0.000600,0.000000,0.000000,0.000000,0.011100,0.000000,0.000000,0.000000,0.003700,0.000000
1263,1.143991,1.157901,1.195500,1.071200,1112.000000,845151266.000000,1318204976.000000,234864640.000000,1568763904.000000,0.000700,0.000000,0.000000,0.000000,0.039700,0.000000,0.000000,0.000000,0.005900,0.000000
1264,1.145151,1.158298,1.158200,1.069300,1112.000000,845134322.000000,1318204976.000000,234864640.000000,1568763904.000000,0.000600,0.000000,0.000000,0.000000,0.011100,0.000000,0.000000,0.000000,0.003500,0.000000
1265,1.146054,0.885402,0.881500,0.794700,1112.000000,845134346.000000,1318204976.000000,234864640.000000,1568763904.000000,0.000500,0.000000,0.000000,0.000000,0.011300,0.000000,0.000000,0.000000,0.003800,0.000000
1266,1.147010,0.965901,0.965000,0.875800,1112.000000,845134386.000000,1318204976.000000,234864640.000000,1568763904.000000,0.000500,0.000000,0.000000,0.000000,0.011100,0.000000,0.000000,0.000000,0.003400,0.000000
1267,1.147950,0.952494,0.954400,0.868300,1112.000000,845138962.000000,1318204976.000000,234864640.000000,1568763904.000000,0.000600,0.000000,0.000000,0.000000,0.013600,0.000000,0.000000,0.000000,0.003400,0.000000
1268,1.148832,0.879301,0.879400,0.793000,1112.000000,845138986.000000,1318204976.000000,234864640.000000,1568763904.000000,0.000600,0.000000,0.000000,0.000000,0.011600,0.000000,0.000000,0.000000,0.003400,0.000000
1269,1.149604,0.788003,0.789900,0.711200,1112.000000,845138706.000000,1318204976.000000,234864640.000000,1568763904.000000,0.001100,0.000000,0.000000,0.000000,0.011600,0.000000,0.000000,0.000000,0.003200,0.000000
1270,1.150474,0.853897,0.844500,0.767700,1112.000000,845138738.000000,1318204976.000000,234864640.000000,1568763904.000000,0.000700,0.000000,0.000000,0.000000,0.010600,0.000000,0.000000,0.000000,0.003100,0.000000
1271,1.151433,0.955003,0.949000,0.866000,1112.000000,845139642.000000,1318204976.000000,234864640.000000,1568763904.000000,0.000700,0.000000,0.000000,0.000000,0.010900,0.000000,0.000000,0.000000,0.004000,0.000000
1272,1.152375,0.944296,0.941700,0.806200,1112.000000,845139226.000000,1318204976.000000,234864640.000000,1568763904.000000,0.000600,0.000000,0.000000,0.000000,0.012700,0.000000,0.000000,0.000000,0.003400,0.000000
1273,1.153167,0.801502,0.801900,0.715900,1112.000000,845138826.000000,1318204976.000000,234864640.000000,1568763904.000000,0.000600,0.000000,0.000000,0.000000,0.012500,0.000000,0.000000,0.000000,0.003500,0.000000
1274,1.154282,1.112904,1.111700,1.027000,1112.000000,845144178.000000,1318204976.000000,234864640.000000,1568763904.000000,0.258800,0.033700,0.010400,0.017000,0.035000,0.018700,0.017100,0.013700,0.003500,0.000000
1275,1.155218,0.915696,0.914000,0.830200,1112.000000,845144626.000000,1318204976.000000,234864640.000000,1568763904.000000,0.000600,0.000000,0.000000,0.000000,0.014000,0.000000,0.000000,0.000000,0.003500,0.000000
1276,1.156167,0.890101,0.882700,0.799900,1112.000000,845148322.000000,1318204976.000000,234864640.000000,1568763904.000000,0.000600,0.000000,0.000000,0.000000,0.013000,0.000000,0.000000,0.000000,0.003500,0.000000
1277,1.157301,1.173498,1.155200,1.060800,1112.000000,845148362.000000,1318204976.000000,234864640.000000,1568763904.000000,0.000500,0.000000,0.000000,0.000000,0.013300,0.000000,0.000000,0.000000,0.005200,0.000000
1278,1.158291,1.026502,1.040500,0.936400,1112.000000,845147298.000000,1318204976.000000,234864640.000000,1568763904.000000,0.000600,0.000000,0.000000,0.000000,0.012200,0.000000,0.000000,0.000000,0.004000,0.000000
1279,1.159337,1.044799,1.035100,0.945300,1112.000000,845163866.000000,1318204976.000000,234864640.000000,1568763904.000000,0.000500,0.000000,0.000000,0.000000,0.011100,0.000000,0.000000,0.000000,0.003100,0.000000
1280,1.160153,0.823902,0.837800,0.745900,1112.000000,845151018.000000,1318204976.000000,234864640.000000,1568763904.000000,0.000500,0.000000,0.000000,0.000000,0.011700,0.000000,0.000000,0.000000,0.003500,0.000000
1281,1.161070,0.890001,0.874600,0.792400,1112.000000,845151042.000000,1318204976.000000,234864640.000000,1568763904.000000,0.000600,0.000000,0.000000,0.000000,0.010800,0.000000,0.000000,0.000000,0.003300,0.000000
1282,1.162095,1.009602,0.996600,0.901100,1112.000000,845151082.000000,1318204976.000000,234864640.000000,1568763904.000000,0.000600,0.000000,0.000000,0.000000,0.011600,0.000000,0.000000,0.000000,0.003600,0.000000
1283,1.163075,1.006994,1.010800,0.906100,1112.000000,845152058.000000,1318204976.000000,234864640.000000,1568763904.000000,0.000700,0.000000,0.000000,0.000000,0.014000,0.000000,0.000000,0.000000,0.004500,0.000000
1284,1.163943,0.887500,0.900500,0.807300,1112.000000,845151234.000000,1318204976.000000,234864640.000000,1568763904.000000,0.000600,0.000000,0.000000,0.000000,0.012300,0.000000,0.000000,0.000000,0.003800,0.000000
1285,1.164799,0.845600,0.837200,0.756300,1112.000000,845151258.000000,1318204976.000000,234864640.000000,1568763904.000000,0.000500,0.000000,0.000000,0.000000,0.010500,0.000000,0.000000,0.000000,0.003400,0.000000
1286,1.165678,0.871705,0.873600,0.787900,1112.000000,845151714.000000,1318204976.000000,234864640.000000,1568763904.000000,0.000600,0.000000,0.000000,0.000000,0.012500,0.000000,0.000000,0.000000,0.003700,0.000000
1287,1.166673,0.987401,0.966400,0.882000,1112.000000,845156266.000000,1318204976.000000,234864640.000000,1568763904.000000,0.000600,0.000000,0.000000,0.000000,0.100000,0.000000,0.000000,0.000000,0.003300,0.000000
1288,1.167524,0.867496,0.883700,0.782600,1112.000000,845155426.000000,1318204976.000000,234864640.000000,1568763904.000000,0.000600,0.000000,0.000000,0.000000,0.011000,0.000000,0.000000,0.000000,0.003600,0.000000
1289,1.168386,0.860204,0.859000,0.776400,1112.000000,845155450.000000,1318204976.000000,234864640.000000,1568763904.000000,0.000600,0.000000,0.000000,0.000000,0.011100,0.000000,0.000000,0.000000,0.003500,0.000000
1290,1.169302,0.915497,0.913800,0.832000,1112.000000,845155602.000000,1318204976.000000,234864640.000000,1568763904.000000,0.000600,0.000000,0.000000,0.000000,0.011500,0.000000,0.000000,0.000000,0.003700,0.000000
1291,1.170352,1.054797,1.053900,0.972700,1112.000000,845157714.000000,1318204976.000000,234864640.000000,1568763904.000000,0.263200,0.036100,0.011400,0.017100,0.010900,0.019900,0.017100,0.014100,0.003500,0.000000
1292,1.171239,0.875404,0.871000,0.790700,1112.000000,845157314.000000,1318204976.000000,234864640.000000,1568763904.000000,0.000600,0.000000,0.000000,0.000000,0.013200,0.000000,0.000000,0.000000,0.003600,0.000000
1293,1.172182,0.952997,0.936600,0.853600,1112.000000,845165546.000000,1318204976.000000,234864640.000000,1568763904.000000,0.000600,0.000000,0.000000,0.000000,0.013900,0.000000,0.000000,0.000000,0.003700,0.000000
1294,1.173114,0.930704,0.945200,0.849100,1112.000000,845165586.000000,1318204976.000000,234864640.000000,1568763904.000000,0.000500,0.000000,0.000000,0.000000,0.013200,0.000000,0.000000,0.000000,0.003600,0.000000
1295,1.174114,0.993594,0.984100,0.902200,1112.000000,845180938.000000,1318204976.000000,234864640.000000,1568763904.000000,0.000700,0.000000,0.000000,0.000000,0.012300,0.000000,0.000000,0.000000,0.003400,0.000000
1296,1.174999,0.894806,0.898000,0.811300,1112.000000,845163994.000000,1318204976.000000,234864640.000000,1568763904.000000,0.000600,0.000000,0.000000,0.000000,0.021400,0.000000,0.000000,0.000000,0.003500,0.000000
1297,1.175862,0.859899,0.858800,0.776300,1112.000000,845164018.000000,1318204976.000000,234864640.000000,1568763904.000000,0.000600,0.000000,0.000000,0.000000,0.011200,0.000000,0.000000,0.000000,0.003100,0.000000
1298,1.176771,0.909595,0.908000,0.827100,1112.000000,845164482.000000,1318204976.000000,234864640.000000,1568763904.000000,0.000600,0.000000,0.000000,0.000000,0.027200,0.000000,0.000000,0.000000,0.003500,0.000000
1299,1.177740,0.963301,0.934900,0.853800,1112.000000,845168618.000000,1318204976.000000,234864640.000000,1568763904.000000,0.000500,0.000000,0.000000,0.000000,0.011100,0.000000,0.000000,0.000000,0.003000,0.000000
1300,1.178641,0.901105,0.920700,0.814300,1112.000000,845168626.000000,1318204976.000000,234864640.000000,1568763904.000000,0.000500,0.000000,0.000000,0.000000,0.012700,0.000000,0.000000,0.000000,0.003200,0.000000
1301,1.179560,0.922895,0.914200,0.829500,1112.000000,845168226.000000,1318204976.000000,234864640.000000,1568763904.000000,0.000500,0.000000,0.000000,0.000000,0.013100,0.000000,0.000000,0.000000,0.003600,0.000000
1302,1.180434,0.850305,0.860200,0.770900,1112.000000,845168258.000000,1318204976.000000,234864640.000000,1568763904.000000,0.000700,0.000000,0.000000,0.000000,0.011100,0.000000,0.000000,0.000000,0.003400,0.000000
1303,1.181327,0.924298,0.920100,0.841600,1112.000000,845169138.000000,1318204976.000000,234864640.000000,1568763904.000000,0.000600,0.000000,0.000000,0.000000,0.010500,0.000000,0.000000,0.000000,0.004200,0.000000
1304,1.182231,0.897697,0.892600,0.809700,1112.000000,845172394.000000,1318204976.000000,234864640.000000,1568763904.000000,0.000600,0.000000,0.000000,0.000000,0.010700,0.000000,0.000000,0.000000,0.003200,0.000000
1305,1.183144,0.909304,0.902800,0.818100,1112.000000,845172418.000000,1318204976.000000,234864640.000000,1568763904.000000,0.000600,0.000000,0.000000,0.000000,0.010700,0.000000,0.000000,0.000000,0.003600,0.000000
1306,1.183946,0.806696,0.812300,0.723900,1112.000000,845176538.000000,1318204976.000000,234864640.000000,1568763904.000000,0.000600,0.000000,0.000000,0.000000,0.011500,0.000000,0.000000,0.000000,0.003400,0.000000
1307,1.184787,0.829004,0.761300,0.680800,1112.000000,845176986.000000,1318204976.000000,234864640.000000,1568763904.000000,0.000600,0.000000,0.000000,0.000000,0.011700,0.000000,0.000000,0.000000,0.003500,0.000000
1308,1.185663,0.886798,0.946200,0.802500,1112.000000,845176586.000000,1318204976.000000,234864640.000000,1568763904.000000,0.000900,0.000000,0.000000,0.000000,0.025900,0.000000,0.000000,0.000000,0.006600,0.000000
1309,1.186641,0.946202,0.943500,0.859100,1112.000000,845176626.000000,1318204976.000000,234864640.000000,1568763904.000000,0.000600,0.000000,0.000000,0.000000,0.010500,0.000000,0.000000,0.000000,0.003600,0.000000
1310,1.187868,1.234595,1.231600,1.145700,1112.000000,845182498.000000,1318204976.000000,234864640.000000,1568763904.000000,0.328300,0.044300,0.013000,0.022500,0.011000,0.022400,0.019200,0.026500,0.003300,0.000000
1311,1.188718,0.883199,0.888100,0.802900,1112.000000,845199626.000000,1318204976.000000,234864640.000000,1568763904.000000,0.000800,0.000000,0.000000,0.000000,0.014600,0.000000,0.000000,0.000000,0.003600,0.000000
1312,1.189552,0.834403,0.792100,0.713000,1112.000000,845186778.000000,1318204976.000000,234864640.000000,1568763904.000000,0.000600,0.000000,0.000000,0.000000,0.012700,0.000000,0.000000,0.000000,0.003300,0.000000
1313,1.190421,0.831200,0.870500,0.751900,1112.000000,845187354.000000,1318204976.000000,234864640.000000,1568763904.000000,0.000500,0.000000,0.000000,0.000000,0.014900,0.000000,0.000000,0.000000,0.003200,0.000000
1314,1.191263,0.864598,0.858400,0.779100,1112.000000,845186042.000000,1318204976.000000,234864640.000000,1568763904.000000,0.000600,0.000000,0.000000,0.000000,0.013300,0.000000,0.000000,0.000000,0.004000,0.000000
1315,1.192078,0.827105,0.827000,0.744600,1112.000000,845186186.000000,1318204976.000000,234864640.000000,1568763904.000000,0.000700,0.000000,0.000000,0.000000,0.012100,0.000000,0.000000,0.000000,0.003700,0.000000
1316,1.192917,0.829195,0.829600,0.749600,1112.000000,845185770.000000,1318204976.000000,234864640.000000,1568763904.000000,0.000600,0.000000,0.000000,0.000000,0.011000,0.000000,0.000000,0.000000,0.003500,0.000000
1317,1.193795,0.877402,0.869600,0.790300,1112.000000,845185794.000000,1318204976.000000,234864640.000000,1568763904.000000,0.000600,0.000000,0.000000,0.000000,0.010400,0.000000,0.000000,0.000000,0.003700,0.000000
1318,1.194627,0.841504,0.839000,0.755000,1112.000000,845185826.000000,1318204976.000000,234864640.000000,1568763904.000000,0.000500,0.000000,0.000000,0.000000,0.011500,0.000000,0.000000,0.000000,0.003400,0.000000
1319,1.195427,0.803699,0.807000,0.723300,1112.000000,845190802.000000,1318204976.000000,234864640.000000,1568763904.000000,0.000700,0.000000,0.000000,0.000000,0.011000,0.000000,0.000000,0.000000,0.003200,0.000000
1320,1.196477,1.022095,1.013200,0.934000,1112.000000,845189962.000000,1318204976.000000,234864640.000000,1568763904.000000,0.000500,0.000000,0.000000,0.000000,0.010000,0.000000,0.000000,0.000000,0.003400,0.000000
1321,1.197436,0.978904,0.981400,0.896800,1112.000000,845189986.000000,1318204976.000000,234864640.000000,1568763904.000000,0.000600,0.000000,0.000000,0.000000,0.012100,0.000000,0.000000,0.000000,0.003900,0.000000
1322,1.198213,0.787996,0.788900,0.709800,1112.000000,845190010.000000,1318204976.000000,234864640.000000,1568763904.000000,0.000600,0.000000,0.000000,0.000000,0.011100,0.000000,0.000000,0.000000,0.003700,0.000000
1323,1.198982,0.770401,0.768800,0.691800,1112.000000,845190458.000000,1318204976.000000,234864640.000000,1568763904.000000,0.000500,0.000000,0.000000,0.000000,0.010700,0.000000,0.000000,0.000000,0.003300,0.000000
1324,1.199953,0.956300,0.949100,0.871500,1112.000000,845190186.000000,1318204976.000000,234864640.000000,1568763904.000000,0.000600,0.000000,0.000000,0.000000,0.010800,0.000000,0.000000,0.000000,0.003100,0.000000
1325,1.200806,0.860402,0.861200,0.779600,1112.000000,845194322.000000,1318204976.000000,234864640.000000,1568763904.000000,0.000600,0.000000,0.000000,0.000000,0.011300,0.000000,0.000000,0.000000,0.003600,0.000000
1326,1.201675,0.864796,0.858300,0.778300,1112.000000,845194354.000000,1318204976.000000,234864640.000000,1568763904.000000,0.000500,0.000000,0.000000,0.000000,0.010400,0.000000,0.000000,0.000000,0.003400,0.000000
1327,1.202502,0.829705,0.832400,0.749200,1112.000000,845219826.000000,1318204976.000000,234864640.000000,1568763904.000000,0.000600,0.000000,0.000000,0.000000,0.012400,0.000000,0.000000,0.000000,0.003600,0.000000
1328,1.203663,1.144296,1.044700,0.966100,1112.000000,845205658.000000,1318204976.000000,234864640.000000,1568763904.000000,0.262400,0.036100,0.011100,0.017900,0.012900,0.018700,0.017300,0.015000,0.003300,0.000000
1329,1.204442,0.794005,0.888800,0.716200,1112.000000,845204834.000000,1318204976.000000,234864640.000000,1568763904.000000,0.000600,0.000000,0.000000,0.000000,0.013800,0.000000,0.000000,0.000000,0.003600,0.000000
1330,1.205193,0.756696,0.757200,0.678300,1112.000000,845204994.000000,1318204976.000000,234864640.000000,1568763904.000000,0.000700,0.000000,0.000000,0.000000,0.012500,0.000000,0.000000,0.000000,0.003200,0.000000
1331,1.205982,0.767999,0.764500,0.688000,1112.000000,845209570.000000,1318204976.000000,234864640.000000,1568763904.000000,0.000500,0.000000,0.000000,0.000000,0.012600,0.000000,0.000000,0.000000,0.003100,0.000000
1332,1.206889,0.891702,0.873000,0.790700,1112.000000,845207666.000000,1318204976.000000,234864640.000000,1568763904.000000,0.000600,0.000000,0.000000,0.000000,0.010200,0.000000,0.000000,0.000000,0.003400,0.000000
1333,1.208075,1.197300,1.196300,1.098700,1112.000000,845207690.000000,1318204976.000000,234864640.000000,1568763904.000000,0.000500,0.000000,0.000000,0.000000,0.011800,0.000000,0.000000,0.000000,0.004300,0.000000
1334,1.208980,0.926403,0.934700,0.842300,1112.000000,845207722.000000,1318204976.000000,234864640.000000,1568763904.000000,0.000600,0.000000,0.000000,0.000000,0.012800,0.000000,0.000000,0.000000,0.003600,0.000000
1335,1.209770,0.792397,0.794500,0.712700,1112.000000,845208698.000000,1318204976.000000,234864640.000000,1568763904.000000,0.000600,0.000000,0.000000,0.000000,0.011200,0.000000,0.000000,0.000000,0.003300,0.000000
1336,1.210546,0.780598,0.778200,0.700200,1112.000000,845207858.000000,1318204976.000000,234864640.000000,1568763904.000000,0.000600,0.000000,0.000000,0.000000,0.010400,0.000000,0.000000,0.000000,0.002900,0.000000
1337,1.211440,0.867000,0.861600,0.783400,1112.000000,845207882.000000,1318204976.000000,234864640.000000,1568763904.000000,0.000500,0.000000,0.000000,0.000000,0.010400,0.000000,0.000000,0.000000,0.003000,0.000000
1338,1.212293,0.865001,0.861800,0.778000,1112.000000,845212002.000000,1318204976.000000,234864640.000000,1568763904.000000,0.000700,0.000000,0.000000,0.000000,0.010900,0.000000,0.000000,0.000000,0.004000,0.000000
1339,1.213142,0.859602,0.861200,0.778500,1112.000000,845212466.000000,1318204976.000000,234864640.000000,1568763904.000000,0.000600,0.000000,0.000000,0.000000,0.011500,0.000000,0.000000,0.000000,0.003000,0.000000
1340,1.213919,0.784396,0.783800,0.704800,1112.000000,845212074.000000,1318204976.000000,234864640.000000,1568763904.000000,0.000600,0.000000,0.000000,0.000000,0.010300,0.000000,0.000000,0.000000,0.003100,0.000000
1341,1.214700,0.780903,0.779900,0.701800,1112.000000,845212090.000000,1318204976.000000,234864640.000000,1568763904.000000,0.000600,0.000000,0.000000,0.000000,0.010600,0.000000,0.000000,0.000000,0.002900,0.000000
1342,1.215497,0.786501,0.783400,0.706300,1112.000000,845212122.000000,1318204976.000000,234864640.000000,1568763904.000000,0.000500,0.000000,0.000000,0.000000,0.010500,0.000000,0.000000,0.000000,0.002900,0.000000
1343,1.216382,0.836097,0.835500,0.758700,1112.000000,845228970.000000,1318204976.000000,234864640.000000,1568763904.000000,0.000600,0.000000,0.000000,0.000000,0.012300,0.000000,0.000000,0.000000,0.003200,0.000000
1344,1.217178,0.854804,0.839000,0.762900,1112.000000,845221066.000000,1318204976.000000,234864640.000000,1568763904.000000,0.000600,0.000000,0.000000,0.000000,0.012600,0.000000,0.000000,0.000000,0.004300,0.000000
1345,1.217967,0.784899,0.796300,0.706300,1112.000000,845220242.000000,1318204976.000000,234864640.000000,1568763904.000000,0.000500,0.000000,0.000000,0.000000,0.010800,0.000000,0.000000,0.000000,0.003000,0.000000
1346,1.218712,0.750000,0.750000,0.673900,1112.000000,845220306.000000,1318204976.000000,234864640.000000,1568763904.000000,0.000700,0.000000,0.000000,0.000000,0.010800,0.000000,0.000000,0.000000,0.003000,0.000000
1347,1.219468,0.750999,0.747400,0.672700,1112.000000,845220762.000000,1318204976.000000,234864640.000000,1568763904.000000,0.000500,0.000000,0.000000,0.000000,0.010400,0.000000,0.000000,0.000000,0.002800,0.000000
1348,1.220484,1.016199,1.014900,0.938600,1112.000000,845224010.000000,1318204976.000000,234864640.000000,1568763904.000000,0.266600,0.035700,0.011400,0.022000,0.009500,0.020000,0.017300,0.014800,0.002600,0.000000
1349,1.221398,0.904400,0.895700,0.818400,1112.000000,845224034.000000,1318204976.000000,234864640.000000,1568763904.000000,0.000500,0.000000,0.000000,0.000000,0.012800,0.000000,0.000000,0.000000,0.002700,0.000000
1350,1.222352,0.931002,0.926600,0.843100,1112.000000,845224066.000000,1318204976.000000,234864640.000000,1568763904.000000,0.000500,0.000000,0.000000,0.000000,0.014000,0.000000,0.000000,0.000000,0.003200,0.000000
1351,1.223164,0.830300,0.831800,0.746400,1112.000000,845229162.000000,1318204976.000000,234864640.000000,1568763904.000000,0.000600,0.000000,0.000000,0.000000,0.012900,0.000000,0.000000,0.000000,0.004800,0.000000
1352,1.224002,0.842800,0.839800,0.758100,1112.000000,845224802.000000,1318204976.000000,234864640.000000,1568763904.000000,0.000500,0.000000,0.000000,0.000000,0.010200,0.000000,0.000000,0.000000,0.003300,0.000000
1353,1.224807,0.812294,0.813400,0.731600,1112.000000,845224826.000000,1318204976.000000,234864640.000000,1568763904.000000,0.000500,0.000000,0.000000,0.000000,0.010400,0.000000,0.000000,0.000000,0.003200,0.000000
1354,1.225566,0.761203,0.760700,0.681900,1112.000000,845224850.000000,1318204976.000000,234864640.000000,1568763904.000000,0.000600,0.000000,0.000000,0.000000,0.010200,0.000000,0.000000,0.000000,0.003100,0.000000
1355,1.226391,0.786600,0.784500,0.707100,1112.000000,845225322.000000,1318204976.000000,234864640.000000,1568763904.000000,0.000600,0.000000,0.000000,0.000000,0.011500,0.000000,0.000000,0.000000,0.003200,0.000000
1356,1.227171,0.813698,0.812100,0.734800,1112.000000,845224930.000000,1318204976.000000,234864640.000000,1568763904.000000,0.000800,0.000000,0.000000,0.000000,0.010300,0.000000,0.000000,0.000000,0.004200,0.000000
1357,1.227947,0.781505,0.776000,0.699500,1112.000000,845229042.000000,1318204976.000000,234864640.000000,1568763904.000000,0.000600,0.000000,0.000000,0.000000,0.010700,0.000000,0.000000,0.000000,0.003200,0.000000
1358,1.228747,0.803493,0.805000,0.724800,1112.000000,845229498.000000,1318204976.000000,234864640.000000,1568763904.000000,0.000600,0.000000,0.000000,0.000000,0.011700,0.000000,0.000000,0.000000,0.003300,0.000000
1359,1.229561,0.808900,0.808100,0.731300,1112.000000,845246386.000000,1318204976.000000,234864640.000000,1568763904.000000,0.000600,0.000000,0.000000,0.000000,0.012600,0.000000,0.000000,0.000000,0.003300,0.000000
1360,1.230331,0.756505,0.754300,0.678600,1112.000000,845228994.000000,1318204976.000000,234864640.000000,1568763904.000000,0.000500,0.000000,0.000000,0.000000,0.011000,0.000000,0.000000,0.000000,0.003200,0.000000
1361,1.231061,0.750694,0.750500,0.675300,1112.000000,845233114.000000,1318204976.000000,234864640.000000,1568763904.000000,0.000500,0.000000,0.000000,0.000000,0.010300,0.000000,0.000000,0.000000,0.003100,0.000000
1362,1.231840,0.776701,0.774000,0.700000,1112.000000,845233178.000000,1318204976.000000,234864640.000000,1568763904.000000,0.000400,0.000000,0.000000,0.000000,0.009900,0.000000,0.000000,0.000000,0.002900,0.000000
1363,1.232902,1.044700,1.036300,0.960000,1112.000000,845237842.000000,1318204976.000000,234864640.000000,1568763904.000000,0.000500,0.000000,0.000000,0.000000,0.010200,0.000000,0.000000,0.000000,0.003200,0.000000
1364,1.233689,0.797704,0.799600,0.718000,1112.000000,845237426.000000,1318204976.000000,234864640.000000,1568763904.000000,0.000700,0.000000,0.000000,0.000000,0.011200,0.000000,0.000000,0.000000,0.003600,0.000000
1365,1.234559,0.868998,0.866400,0.789100,1112.000000,845237450.000000,1318204976.000000,234864640.000000,1568763904.000000,0.000600,0.000000,0.000000,0.000000,0.010800,0.000000,0.000000,0.000000,0.004200,0.000000
1366,1.235441,0.871698,0.852800,0.772100,1112.000000,845237482.000000,1318204976.000000,234864640.000000,1568763904.000000,0.000600,0.000000,0.000000,0.000000,0.010600,0.000000,0.000000,0.000000,0.003000,0.000000
1367,1.236272,0.810006,0.823400,0.731800,1112.000000,845238490.000000,1318204976.000000,234864640.000000,1568763904.000000,0.000700,0.000000,0.000000,0.000000,0.011500,0.000000,0.000000,0.000000,0.003300,0.000000
1368,1.237520,1.267000,1.258800,1.177900,1112.000000,845246858.000000,1318204976.000000,234864640.000000,1568763904.000000,0.302300,0.040300,0.010400,0.019700,0.010500,0.022400,0.021500,0.024100,0.004200,0.000000
1369,1.238304,0.797399,0.798900,0.715500,1112.000000,845246882.000000,1318204976.000000,234864640.000000,1568763904.000000,0.000600,0.000000,0.000000,0.000000,0.013400,0.000000,0.000000,0.000000,0.003300,0.000000
1370,1.239074,0.775496,0.778200,0.697400,1112.000000,845251002.000000,1318204976.000000,234864640.000000,1568763904.000000,0.000500,0.000000,0.000000,0.000000,0.013000,0.000000,0.000000,0.000000,0.003000,0.000000
1371,1.239984,0.890604,0.869200,0.787100,1112.000000,845251466.000000,1318204976.000000,234864640.000000,1568763904.000000,0.000500,0.000000,0.000000,0.000000,0.014400,0.000000,0.000000,0.000000,0.003300,0.000000
1372,1.241034,1.052700,1.062100,0.966200,1112.000000,845246378.000000,1318204976.000000,234864640.000000,1568763904.000000,0.000600,0.000000,0.000000,0.000000,0.011800,0.000000,0.000000,0.000000,0.003200,0.000000
1373,1.241834,0.808100,0.810200,0.725800,1112.000000,845245994.000000,1318204976.000000,234864640.000000,1568763904.000000,0.000500,0.000000,0.000000,0.000000,0.012200,0.000000,0.000000,0.000000,0.003400,0.000000
1374,1.242608,0.776601,0.778000,0.698700,1112.000000,845246450.000000,1318204976.000000,234864640.000000,1568763904.000000,0.000600,0.000000,0.000000,0.000000,0.011600,0.000000,0.000000,0.000000,0.003200,0.000000
1375,1.243379,0.775198,0.775100,0.699100,1112.000000,845262890.000000,1318204976.000000,234864640.000000,1568763904.000000,0.000500,0.000000,0.000000,0.000000,0.011500,0.000000,0.000000,0.000000,0.003200,0.000000
1376,1.244141,0.759701,0.754800,0.680300,1112.000000,845250042.000000,1318204976.000000,234864640.000000,1568763904.000000,0.000600,0.000000,0.000000,0.000000,0.010100,0.000000,0.000000,0.000000,0.002900,0.000000
1377,1.244895,0.753295,0.752800,0.675900,1112.000000,845250066.000000,1318204976.000000,234864640.000000,1568763904.000000,0.000600,0.000000,0.000000,0.000000,0.009900,0.000000,0.000000,0.000000,0.003400,0.000000
1378,1.245635,0.745904,0.745200,0.670200,1112.000000,845254202.000000,1318204976.000000,234864640.000000,1568763904.000000,0.000600,0.000000,0.000000,0.000000,0.009900,0.000000,0.000000,0.000000,0.003200,0.000000
1379,1.246447,0.791596,0.787800,0.713600,1112.000000,845254666.000000,1318204976.000000,234864640.000000,1568763904.000000,0.000600,0.000000,0.000000,0.000000,0.009900,0.000000,0.000000,0.000000,0.003100,0.000000
1380,1.247280,0.781002,0.770000,0.693200,1112.000000,845254250.000000,1318204976.000000,234864640.000000,1568763904.000000,0.000600,0.000000,0.000000,0.000000,0.009900,0.000000,0.000000,0.000000,0.003000,0.000000
1381,1.248082,0.863598,0.868100,0.782000,1164.000000,845254274.000000,1318204976.000000,234864640.000000,1568763904.000000,0.000700,0.000000,0.000000,0.000000,0.011000,0.000000,0.000000,0.000000,0.005800,0.000000
1382,1.248982,0.903302,0.898300,0.820000,1112.000000,845254306.000000,1318204976.000000,234864640.000000,1568763904.000000,0.000600,0.000000,0.000000,0.000000,0.010900,0.000000,0.000000,0.000000,0.003300,0.000000
1383,1.249746,0.768403,0.773300,0.691900,1112.000000,845259282.000000,1318204976.000000,234864640.000000,1568763904.000000,0.000600,0.000000,0.000000,0.000000,0.011500,0.000000,0.000000,0.000000,0.003100,0.000000
1384,1.250515,0.769097,0.768200,0.694500,1112.000000,845258442.000000,1318204976.000000,234864640.000000,1568763904.000000,0.000600,0.000000,0.000000,0.000000,0.010300,0.000000,0.000000,0.000000,0.003200,0.000000
1385,1.251331,0.814704,0.777500,0.704000,1112.000000,845258466.000000,1318204976.000000,234864640.000000,1568763904.000000,0.000600,0.000000,0.000000,0.000000,0.010900,0.000000,0.000000,0.000000,0.003100,0.000000
1386,1.252277,0.934396,0.960800,0.853600,1112.000000,845258490.000000,1318204976.000000,234864640.000000,1568763904.000000,0.000600,0.000000,0.000000,0.000000,0.010500,0.000000,0.000000,0.000000,0.003100,0.000000
1387,1.253063,0.794203,0.793800,0.714200,1112.000000,845258938.000000,1318204976.000000,234864640.000000,1568763904.000000,0.000700,0.000000,0.000000,0.000000,0.011200,0.000000,0.000000,0.000000,0.003500,0.000000
1388,1.254148,1.080697,1.079000,1.000400,1112.000000,845259762.000000,1318204976.000000,234864640.000000,1568763904.000000,0.276500,0.035900,0.010100,0.018600,0.009800,0.018700,0.016300,0.022000,0.003200,0.000000
1389,1.254943,0.784800,0.782100,0.703800,1112.000000,845264322.000000,1318204976.000000,234864640.000000,1568763904.000000,0.000500,0.000000,0.000000,0.000000,0.013800,0.000000,0.000000,0.000000,0.003300,0.000000
1390,1.255716,0.790001,0.785200,0.707000,1112.000000,845263906.000000,1318204976.000000,234864640.000000,1568763904.000000,0.000600,0.000000,0.000000,0.000000,0.014100,0.000000,0.000000,0.000000,0.003600,0.000000
1391,1.256769,1.005796,0.989400,0.903200,1112.000000,845280610.000000,1318204976.000000,234864640.000000,1568763904.000000,0.000500,0.000000,0.000000,0.000000,0.014200,0.000000,0.000000,0.000000,0.003200,0.000000
1392,1.257862,1.112401,1.114200,1.017000,1112.000000,845272146.000000,1318204976.000000,234864640.000000,1568763904.000000,0.000600,0.000000,0.000000,0.000000,0.012700,0.000000,0.000000,0.000000,0.004300,0.000000
1393,1.258729,0.892701,0.900300,0.809500,1112.000000,845273218.000000,1318204976.000000,234864640.000000,1568763904.000000,0.000800,0.000000,0.000000,0.000000,0.011700,0.000000,0.000000,0.000000,0.003400,0.000000
1394,1.259529,0.800503,0.802600,0.721900,1112.000000,845273258.000000,1318204976.000000,234864640.000000,1568763904.000000,0.000500,0.000000,0.000000,0.000000,0.010600,0.000000,0.000000,0.000000,0.003300,0.000000
1395,1.260265,0.745394,0.745400,0.668700,1112.000000,845281914.000000,1318204976.000000,234864640.000000,1568763904.000000,0.000600,0.000000,0.000000,0.000000,0.010500,0.000000,0.000000,0.000000,0.003000,0.000000
1396,1.260996,0.732405,0.731900,0.657600,1112.000000,845281498.000000,1318204976.000000,234864640.000000,1568763904.000000,0.000500,0.000000,0.000000,0.000000,0.009900,0.000000,0.000000,0.000000,0.003100,0.000000
1397,1.261745,0.742496,0.739000,0.666200,1112.000000,845281522.000000,1318204976.000000,234864640.000000,1568763904.000000,0.000500,0.000000,0.000000,0.000000,0.009900,0.000000,0.000000,0.000000,0.002900,0.000000
1398,1.262569,0.823902,0.819200,0.743500,1112.000000,845281554.000000,1318204976.000000,234864640.000000,1568763904.000000,0.000500,0.000000,0.000000,0.000000,0.010400,0.000000,0.000000,0.000000,0.003100,0.000000
1399,1.263424,0.859602,0.860000,0.783000,1112.000000,845282434.000000,1318204976.000000,234864640.000000,1568763904.000000,0.000600,0.000000,0.000000,0.000000,0.010200,0.000000,0.000000,0.000000,0.003100,0.000000
1400,1.264175,0.751701,0.750900,0.676100,1112.000000,845281594.000000,1318204976.000000,234864640.000000,1568763904.000000,0.000500,0.000000,0.000000,0.000000,0.009800,0.000000,0.000000,0.000000,0.003100,0.000000
1401,1.264946,0.774199,0.768200,0.693800,1112.000000,845281618.000000,1318204976.000000,234864640.000000,1568763904.000000,0.000500,0.000000,0.000000,0.000000,0.010700,0.000000,0.000000,0.000000,0.003000,0.000000
1402,1.265686,0.741497,0.742200,0.664100,1112.000000,845286162.000000,1318204976.000000,234864640.000000,1568763904.000000,0.000500,0.000000,0.000000,0.000000,0.011900,0.000000,0.000000,0.000000,0.002900,0.000000
1403,1.266470,0.764399,0.761200,0.686100,1112.000000,845286194.000000,1318204976.000000,234864640.000000,1568763904.000000,0.000600,0.000000,0.000000,0.000000,0.011600,0.000000,0.000000,0.000000,0.003100,0.000000
1404,1.267238,0.787606,0.776200,0.700100,1112.000000,845285794.000000,1318204976.000000,234864640.000000,1568763904.000000,0.000500,0.000000,0.000000,0.000000,0.009900,0.000000,0.000000,0.000000,0.002900,0.000000
1405,1.267975,0.728997,0.736700,0.651400,1112.000000,845286258.000000,1318204976.000000,234864640.000000,1568763904.000000,0.000500,0.000000,0.000000,0.000000,0.011400,0.000000,0.000000,0.000000,0.002700,0.000000
1406,1.268708,0.737202,0.737700,0.661900,1112.000000,845285842.000000,1318204976.000000,234864640.000000,1568763904.000000,0.000500,0.000000,0.000000,0.000000,0.011300,0.000000,0.000000,0.000000,0.003500,0.000000
1407,1.269462,0.750099,0.749000,0.676200,1112.000000,845302586.000000,1318204976.000000,234864640.000000,1568763904.000000,0.000600,0.000000,0.000000,0.000000,0.010700,0.000000,0.000000,0.000000,0.003100,0.000000
1408,1.270434,0.974695,0.970300,0.898000,1112.000000,845290666.000000,1318204976.000000,234864640.000000,1568763904.000000,0.248800,0.032800,0.009900,0.017300,0.009100,0.017600,0.016500,0.012600,0.002900,0.000000
1409,1.271334,0.876906,0.865300,0.787400,1112.000000,845290690.000000,1318204976.000000,234864640.000000,1568763904.000000,0.000500,0.000000,0.000000,0.000000,0.011900,0.000000,0.000000,0.000000,0.002900,0.000000
1410,1.272284,0.957200,0.960300,0.875000,1112.000000,845290730.000000,1318204976.000000,234864640.000000,1568763904.000000,0.000500,0.000000,0.000000,0.000000,0.012500,0.000000,0.000000,0.000000,0.003100,0.000000
1411,1.273189,0.902296,0.896000,0.816700,1112.000000,845291210.000000,1318204976.000000,234864640.000000,1568763904.000000,0.000500,0.000000,0.000000,0.000000,0.012700,0.000000,0.000000,0.000000,0.003200,0.000000
1412,1.274283,1.099100,1.099500,1.016400,1112.000000,845298042.000000,1318204976.000000,234864640.000000,1568763904.000000,0.000600,0.000000,0.000000,0.000000,0.093700,0.000000,0.000000,0.000000,0.003300,0.000000
1413,1.275078,0.803401,0.808000,0.726800,1112.000000,845298066.000000,1318204976.000000,234864640.000000,1568763904.000000,0.000600,0.000000,0.000000,0.000000,0.010500,0.000000,0.000000,0.000000,0.003500,0.000000
1414,1.275837,0.766397,0.761800,0.686800,1112.000000,845298098.000000,1318204976.000000,234864640.000000,1568763904.000000,0.000700,0.000000,0.000000,0.000000,0.010200,0.000000,0.000000,0.000000,0.003000,0.000000
1415,1.276659,0.811302,0.805600,0.724600,1112.000000,845303074.000000,1318204976.000000,234864640.000000,1568763904.000000,0.000600,0.000000,0.000000,0.000000,0.010200,0.000000,0.000000,0.000000,0.003100,0.000000
1416,1.277475,0.815101,0.812400,0.732400,1112.000000,845302674.000000,1318204976.000000,234864640.000000,1568763904.000000,0.000500,0.000000,0.000000,0.000000,0.011800,0.000000,0.000000,0.000000,0.003500,0.000000
1417,1.278252,0.781101,0.783900,0.704800,1112.000000,845302258.000000,1318204976.000000,234864640.000000,1568763904.000000,0.000600,0.000000,0.000000,0.000000,0.011900,0.000000,0.000000,0.000000,0.003100,0.000000
1418,1.279026,0.769600,0.768100,0.692500,1112.000000,845302282.000000,1318204976.000000,234864640.000000,1568763904.000000,0.000500,0.000000,0.000000,0.000000,0.009800,0.000000,0.000000,0.000000,0.003200,0.000000
1419,1.279767,0.753501,0.752200,0.677700,1112.000000,845302762.000000,1318204976.000000,234864640.000000,1568763904.000000,0.000500,0.000000,0.000000,0.000000,0.011300,0.000000,0.000000,0.000000,0.003000,0.000000
1420,1.280519,0.740795,0.735400,0.660800,1112.000000,845302786.000000,1318204976.000000,234864640.000000,1568763904.000000,0.000500,0.000000,0.000000,0.000000,0.011300,0.000000,0.000000,0.000000,0.003000,0.000000
1421,1.281303,0.762805,0.760800,0.683300,1112.000000,845306498.000000,1318204976.000000,234864640.000000,1568763904.000000,0.000600,0.000000,0.000000,0.000000,0.011500,0.000000,0.000000,0.000000,0.003200,0.000000
1422,1.282079,0.800694,0.801100,0.724600,1112.000000,845306506.000000,1318204976.000000,234864640.000000,1568763904.000000,0.000600,0.000000,0.000000,0.000000,0.009800,0.000000,0.000000,0.000000,0.003400,0.000000
1423,1.283030,0.954705,0.953500,0.877500,1112.000000,845312562.000000,1318204976.000000,234864640.000000,1568763904.000000,0.000600,0.000000,0.000000,0.000000,0.010200,0.000000,0.000000,0.000000,0.003300,0.000000
1424,1.283785,0.751601,0.748800,0.673800,1112.000000,845295618.000000,1318204976.000000,234864640.000000,1568763904.000000,0.000500,0.000000,0.000000,0.000000,0.009700,0.000000,0.000000,0.000000,0.003100,0.000000
1425,1.284524,0.742595,0.742400,0.667400,1112.000000,845295642.000000,1318204976.000000,234864640.000000,1568763904.000000,0.000500,0.000000,0.000000,0.000000,0.010500,0.000000,0.000000,0.000000,0.003100,0.000000
1426,1.285272,0.749405,0.748100,0.674900,1112.000000,845295682.000000,1318204976.000000,234864640.000000,1568763904.000000,0.000400,0.000000,0.000000,0.000000,0.010100,0.000000,0.000000,0.000000,0.002600,0.000000
1427,1.286128,0.793296,0.783200,0.710900,1112.000000,845300242.000000,1318204976.000000,234864640.000000,1568763904.000000,0.000500,0.000000,0.000000,0.000000,0.010400,0.000000,0.000000,0.000000,0.003000,0.000000
1428,1.287272,1.190901,1.187900,1.106800,1112.000000,845300906.000000,1318204976.000000,234864640.000000,1568763904.000000,0.266700,0.030700,0.011300,0.017300,0.010400,0.019300,0.016200,0.014600,0.003700,0.000000
1429,1.288088,0.822201,0.823200,0.741000,1112.000000,845305026.000000,1318204976.000000,234864640.000000,1568763904.000000,0.000500,0.000000,0.000000,0.000000,0.013700,0.000000,0.000000,0.000000,0.003300,0.000000
1430,1.288857,0.773399,0.773200,0.693600,1112.000000,845305482.000000,1318204976.000000,234864640.000000,1568763904.000000,0.000500,0.000000,0.000000,0.000000,0.015200,0.000000,0.000000,0.000000,0.002900,0.000000
1431,1.289702,0.819898,0.784800,0.707900,1112.000000,845305930.000000,1318204976.000000,234864640.000000,1568763904.000000,0.000500,0.000000,0.000000,0.000000,0.013700,0.000000,0.000000,0.000000,0.003300,0.000000
1432,1.290594,0.904301,0.926600,0.818700,1112.000000,845308138.000000,1318204976.000000,234864640.000000,1568763904.000000,0.000600,0.000000,0.000000,0.000000,0.011300,0.000000,0.000000,0.000000,0.003900,0.000000
1433,1.291440,0.852098,0.851900,0.765800,1112.000000,845308162.000000,1318204976.000000,234864640.000000,1568763904.000000,0.000500,0.000000,0.000000,0.000000,0.010800,0.000000,0.000000,0.000000,0.003400,0.000000
1434,1.292239,0.801502,0.802400,0.717800,1112.000000,845312282.000000,1318204976.000000,234864640.000000,1568763904.000000,0.000600,0.000000,0.000000,0.000000,0.010600,0.000000,0.000000,0.000000,0.003300,0.000000
1435,1.293038,0.802204,0.799100,0.718700,1112.000000,845313154.000000,1318204976.000000,234864640.000000,1568763904.000000,0.000600,0.000000,0.000000,0.000000,0.012600,0.000000,0.000000,0.000000,0.003200,0.000000
1436,1.293823,0.788499,0.790400,0.709500,1112.000000,845312330.000000,1318204976.000000,234864640.000000,1568763904.000000,0.000500,0.000000,0.000000,0.000000,0.010900,0.000000,0.000000,0.000000,0.003000,0.000000
1437,1.294633,0.803501,0.800500,0.722500,1112.000000,845312370.000000,1318204976.000000,234864640.000000,1568763904.000000,0.000500,0.000000,0.000000,0.000000,0.010700,0.000000,0.000000,0.000000,0.003100,0.000000
1438,1.295444,0.812599,0.809800,0.730600,1112.000000,845312386.000000,1318204976.000000,234864640.000000,1568763904.000000,0.000500,0.000000,0.000000,0.000000,0.010200,0.000000,0.000000,0.000000,0.003200,0.000000
1439,1.296279,0.826396,0.825000,0.745600,1112.000000,845329370.000000,1318204976.000000,234864640.000000,1568763904.000000,0.000600,0.000000,0.000000,0.000000,0.010800,0.000000,0.000000,0.000000,0.003400,0.000000
1440,1.297210,0.920600,0.912000,0.831000,1112.000000,845316522.000000,1318204976.000000,234864640.000000,1568763904.000000,0.000600,0.000000,0.000000,0.000000,0.010600,0.000000,0.000000,0.000000,0.003200,0.000000
1441,1.298087,0.889505,0.892800,0.807200,1112.000000,845316546.000000,1318204976.000000,234864640.000000,1568763904.000000,0.000600,0.000000,0.000000,0.000000,0.011500,0.000000,0.000000,0.000000,0.003500,0.000000
1442,1.298871,0.789498,0.789400,0.710300,1112.000000,845316586.000000,1318204976.000000,234864640.000000,1568763904.000000,0.000600,0.000000,0.000000,0.000000,0.010500,0.000000,0.000000,0.000000,0.003100,0.000000
1443,1.299638,0.769402,0.768800,0.691300,1112.000000,845317066.000000,1318204976.000000,234864640.000000,1568763904.000000,0.000600,0.000000,0.000000,0.000000,0.010400,0.000000,0.000000,0.000000,0.003200,0.000000
1444,1.300429,0.793594,0.791200,0.715300,1112.000000,845316634.000000,1318204976.000000,234864640.000000,1568763904.000000,0.000600,0.000000,0.000000,0.000000,0.010200,0.000000,0.000000,0.000000,0.003100,0.000000
1445,1.301380,0.932703,0.921600,0.843700,1112.000000,845316658.000000,1318204976.000000,234864640.000000,1568763904.000000,0.000500,0.000000,0.000000,0.000000,0.010800,0.000000,0.000000,0.000000,0.003200,0.000000
1446,1.302190,0.818700,0.820800,0.735400,1112.000000,845321210.000000,1318204976.000000,234864640.000000,1568763904.000000,0.000600,0.000000,0.000000,0.000000,0.013000,0.000000,0.000000,0.000000,0.003400,0.000000
1447,1.303244,0.979599,0.825600,0.743800,1112.000000,845325762.000000,1318204976.000000,234864640.000000,1568763904.000000,0.000600,0.000000,0.000000,0.000000,0.012200,0.000000,0.000000,0.000000,0.003300,0.000000
1448,1.304373,1.170599,1.319900,1.090200,1112.000000,845326090.000000,1318204976.000000,234864640.000000,1568763904.000000,0.269800,0.061000,0.010600,0.017600,0.009900,0.020500,0.017400,0.015300,0.006200,0.000000
1449,1.305343,0.988804,0.987700,0.905500,1112.000000,845326114.000000,1318204976.000000,234864640.000000,1568763904.000000,0.000600,0.000000,0.000000,0.000000,0.013500,0.000000,0.000000,0.000000,0.004300,0.000000
1450,1.306244,0.869997,0.862900,0.780500,1112.000000,845326570.000000,1318204976.000000,234864640.000000,1568763904.000000,0.000600,0.000000,0.000000,0.000000,0.014600,0.000000,0.000000,0.000000,0.004200,0.000000
1451,1.307197,0.971301,0.955700,0.866700,1112.000000,845326602.000000,1318204976.000000,234864640.000000,1568763904.000000,0.000600,0.000000,0.000000,0.000000,0.014800,0.000000,0.000000,0.000000,0.004000,0.000000
1452,1.308111,0.928401,0.940500,0.842700,1112.000000,845325042.000000,1318204976.000000,234864640.000000,1568763904.000000,0.000600,0.000000,0.000000,0.000000,0.011700,0.000000,0.000000,0.000000,0.003900,0.000000
1453,1.308914,0.818495,0.821200,0.737300,1112.000000,845329154.000000,1318204976.000000,234864640.000000,1568763904.000000,0.000500,0.000000,0.000000,0.000000,0.011200,0.000000,0.000000,0.000000,0.003400,0.000000
1454,1.309695,0.785906,0.787700,0.709100,1112.000000,845329162.000000,1318204976.000000,234864640.000000,1568763904.000000,0.000600,0.000000,0.000000,0.000000,0.011100,0.000000,0.000000,0.000000,0.003200,0.000000
1455,1.310605,0.896995,0.891400,0.815300,1112.000000,845345882.000000,1318204976.000000,234864640.000000,1568763904.000000,0.000500,0.000000,0.000000,0.000000,0.011600,0.000000,0.000000,0.000000,0.003100,0.000000
1456,1.311456,0.834899,0.830000,0.751000,1112.000000,845328938.000000,1318204976.000000,234864640.000000,1568763904.000000,0.000700,0.000000,0.000000,0.000000,0.010700,0.000000,0.000000,0.000000,0.003900,0.000000
1457,1.312307,0.871103,0.870800,0.788900,1112.000000,845328962.000000,1318204976.000000,234864640.000000,1568763904.000000,0.000700,0.000000,0.000000,0.000000,0.010700,0.000000,0.000000,0.000000,0.004100,0.000000
1458,1.313137,0.825900,0.825100,0.744300,1112.000000,845329002.000000,1318204976.000000,234864640.000000,1568763904.000000,0.000600,0.000000,0.000000,0.000000,0.010300,0.000000,0.000000,0.000000,0.003200,0.000000
1459,1.314063,0.940101,0.940600,0.861800,1112.000000,845333578.000000,1318204976.000000,234864640.000000,1568763904.000000,0.000600,0.000000,0.000000,0.000000,0.010200,0.000000,0.000000,0.000000,0.003300,0.000000
1460,1.314817,0.748802,0.745200,0.669100,1112.000000,845333570.000000,1318204976.000000,234864640.000000,1568763904.000000,0.000600,0.000000,0.000000,0.000000,0.011900,0.000000,0.000000,0.000000,0.003100,0.000000
1461,1.315593,0.781498,0.781500,0.705200,1112.000000,845333170.000000,1318204976.000000,234864640.000000,1568763904.000000,0.000500,0.000000,0.000000,0.000000,0.011300,0.000000,0.000000,0.000000,0.003500,0.000000
1462,1.316424,0.806597,0.806000,0.730500,1112.000000,845333202.000000,1318204976.000000,234864640.000000,1568763904.000000,0.000600,0.000000,0.000000,0.000000,0.010000,0.000000,0.000000,0.000000,0.003000,0.000000
1463,1.317218,0.818105,0.811700,0.736000,1112.000000,845338186.000000,1318204976.000000,234864640.000000,1568763904.000000,0.000600,0.000000,0.000000,0.000000,0.011600,0.000000,0.000000,0.000000,0.003200,0.000000
1464,1.318006,0.791695,0.778600,0.700600,1112.000000,845337346.000000,1318204976.000000,234864640.000000,1568763904.000000,0.000600,0.000000,0.000000,0.000000,0.010400,0.000000,0.000000,0.000000,0.003200,0.000000
1465,1.318833,0.829301,0.839800,0.750500,1112.000000,845337370.000000,1318204976.000000,234864640.000000,1568763904.000000,0.000600,0.000000,0.000000,0.000000,0.010600,0.000000,0.000000,0.000000,0.003100,0.000000
1466,1.319585,0.749298,0.749500,0.672500,1112.000000,845341922.000000,1318204976.000000,234864640.000000,1568763904.000000,0.000500,0.000000,0.000000,0.000000,0.011300,0.000000,0.000000,0.000000,0.003300,0.000000
1467,1.320625,1.029202,1.024300,0.948800,1112.000000,845343674.000000,1318204976.000000,234864640.000000,1568763904.000000,0.278200,0.034500,0.013500,0.017200,0.010500,0.018800,0.017000,0.015300,0.003000,0.000000
1468,1.321402,0.764498,0.761800,0.684500,1112.000000,845343274.000000,1318204976.000000,234864640.000000,1568763904.000000,0.000500,0.000000,0.000000,0.000000,0.012500,0.000000,0.000000,0.000000,0.003300,0.000000
1469,1.322192,0.806200,0.803400,0.726600,1112.000000,845343298.000000,1318204976.000000,234864640.000000,1568763904.000000,0.000600,0.000000,0.000000,0.000000,0.012700,0.000000,0.000000,0.000000,0.004100,0.000000
1470,1.322989,0.794303,0.794800,0.716700,1112.000000,845343346.000000,1318204976.000000,234864640.000000,1568763904.000000,0.000600,0.000000,0.000000,0.000000,0.012200,0.000000,0.000000,0.000000,0.002800,0.000000
1471,1.323871,0.877395,0.868600,0.790600,1112.000000,845358194.000000,1318204976.000000,234864640.000000,1568763904.000000,0.000600,0.000000,0.000000,0.000000,0.010900,0.000000,0.000000,0.000000,0.003100,0.000000
1472,1.324709,0.849001,0.853500,0.770400,1112.000000,845345346.000000,1318204976.000000,234864640.000000,1568763904.000000,0.000600,0.000000,0.000000,0.000000,0.010400,0.000000,0.000000,0.000000,0.003000,0.000000
1473,1.325514,0.789101,0.787200,0.710400,1112.000000,845345370.000000,1318204976.000000,234864640.000000,1568763904.000000,0.000600,0.000000,0.000000,0.000000,0.009800,0.000000,0.000000,0.000000,0.003100,0.000000
1474,1.326381,0.859099,0.854400,0.776900,1112.000000,845345834.000000,1318204976.000000,234864640.000000,1568763904.000000,0.000600,0.000000,0.000000,0.000000,0.012700,0.000000,0.000000,0.000000,0.003400,0.000000
1475,1.327320,0.912904,0.904500,0.824400,1112.000000,845345890.000000,1318204976.000000,234864640.000000,1568763904.000000,0.000500,0.000000,0.000000,0.000000,0.011500,0.000000,0.000000,0.000000,0.003000,0.000000
1476,1.328170,0.891298,0.893700,0.808700,1112.000000,845345458.000000,1318204976.000000,234864640.000000,1568763904.000000,0.000900,0.000000,0.000000,0.000000,0.012500,0.000000,0.000000,0.000000,0.004400,0.000000
1477,1.328977,0.808801,0.808100,0.727800,1112.000000,845345482.000000,1318204976.000000,234864640.000000,1568763904.000000,0.000600,0.000000,0.000000,0.000000,0.011800,0.000000,0.000000,0.000000,0.003200,0.000000
1478,1.329798,0.824298,0.821000,0.742900,1112.000000,845345514.000000,1318204976.000000,234864640.000000,1568763904.000000,0.000500,0.000000,0.000000,0.000000,0.011400,0.000000,0.000000,0.000000,0.003400,0.000000
1479,1.330613,0.806498,0.806600,0.726300,1112.000000,845350522.000000,1318204976.000000,234864640.000000,1568763904.000000,0.000500,0.000000,0.000000,0.000000,0.012200,0.000000,0.000000,0.000000,0.003200,0.000000
1480,1.331515,0.896003,0.893500,0.815800,1112.000000,845354074.000000,1318204976.000000,234864640.000000,1568763904.000000,0.000600,0.000000,0.000000,0.000000,0.011700,0.000000,0.000000,0.000000,0.003300,0.000000
1481,1.332343,0.842900,0.837700,0.758300,1112.000000,845354802.000000,1318204976.000000,234864640.000000,1568763904.000000,0.000600,0.000000,0.000000,0.000000,0.012500,0.000000,0.000000,0.000000,0.004200,0.000000
1482,1.333133,0.790497,0.793900,0.712600,1112.000000,845354514.000000,1318204976.000000,234864640.000000,1568763904.000000,0.000500,0.000000,0.000000,0.000000,0.011700,0.000000,0.000000,0.000000,0.003200,0.000000
1483,1.334018,0.876899,0.782600,0.705400,1112.000000,845355090.000000,1318204976.000000,234864640.000000,1568763904.000000,0.000500,0.000000,0.000000,0.000000,0.011400,0.000000,0.000000,0.000000,0.003200,0.000000
1484,1.334830,0.788804,0.875300,0.708300,1112.000000,845354818.000000,1318204976.000000,234864640.000000,1568763904.000000,0.000700,0.000000,0.000000,0.000000,0.011100,0.000000,0.000000,0.000000,0.003500,0.000000
1485,1.335824,1.004797,0.998100,0.916500,1112.000000,845359002.000000,1318204976.000000,234864640.000000,1568763904.000000,0.000700,0.000000,0.000000,0.000000,0.011100,0.000000,0.000000,0.000000,0.003500,0.000000
1486,1.337325,1.497300,1.490800,1.404400,1112.000000,845360586.000000,1318204976.000000,234864640.000000,1568763904.000000,0.274700,0.038000,0.011900,0.017600,0.036700,0.021100,0.018100,0.015800,0.003600,0.000000
1487,1.338192,0.883702,0.888700,0.800500,1112.000000,845377554.000000,1318204976.000000,234864640.000000,1568763904.000000,0.000600,0.000000,0.000000,0.000000,0.014300,0.000000,0.000000,0.000000,0.003600,0.000000
1488,1.339007,0.815299,0.814000,0.732200,1112.000000,845361050.000000,1318204976.000000,234864640.000000,1568763904.000000,0.000500,0.000000,0.000000,0.000000,0.014600,0.000000,0.000000,0.000000,0.003200,0.000000
1489,1.340041,0.999901,0.823000,0.741600,1112.000000,845360634.000000,1318204976.000000,234864640.000000,1568763904.000000,0.000600,0.000000,0.000000,0.000000,0.014400,0.000000,0.000000,0.000000,0.003500,0.000000
1490,1.340954,0.927098,1.087100,0.832500,1112.000000,845359266.000000,1318204976.000000,234864640.000000,1568763904.000000,0.000600,0.000000,0.000000,0.000000,0.012100,0.000000,0.000000,0.000000,0.003900,0.000000
1491,1.341837,0.895401,0.902300,0.808500,1112.000000,845363826.000000,1318204976.000000,234864640.000000,1568763904.000000,0.000600,0.000000,0.000000,0.000000,0.012200,0.000000,0.000000,0.000000,0.003300,0.000000
1492,1.342699,0.866900,0.863700,0.778600,1112.000000,845363410.000000,1318204976.000000,234864640.000000,1568763904.000000,0.000600,0.000000,0.000000,0.000000,0.011000,0.000000,0.000000,0.000000,0.003500,0.000000
1493,1.343516,0.819402,0.822100,0.736300,1112.000000,845363450.000000,1318204976.000000,234864640.000000,1568763904.000000,0.000500,0.000000,0.000000,0.000000,0.011100,0.000000,0.000000,0.000000,0.003500,0.000000
1494,1.344415,0.879698,0.872000,0.790100,1112.000000,845363466.000000,1318204976.000000,234864640.000000,1568763904.000000,0.000500,0.000000,0.000000,0.000000,0.010600,0.000000,0.000000,0.000000,0.003200,0.000000
1495,1.345284,0.884099,0.882200,0.797300,1112.000000,845364522.000000,1318204976.000000,234864640.000000,1568763904.000000,0.000600,0.000000,0.000000,0.000000,0.012200,0.000000,0.000000,0.000000,0.003600,0.000000
1496,1.346141,0.840505,0.838700,0.753100,1112.000000,845368202.000000,1318204976.000000,234864640.000000,1568763904.000000,0.000600,0.000000,0.000000,0.000000,0.012100,0.000000,0.000000,0.000000,0.003300,0.000000
1497,1.347010,0.883397,0.880900,0.794500,1112.000000,845375994.000000,1318204976.000000,234864640.000000,1568763904.000000,0.000600,0.000000,0.000000,0.000000,0.023400,0.000000,0.000000,0.000000,0.003500,0.000000
1498,1.348036,1.024001,1.022200,0.935300,1112.000000,845380146.000000,1318204976.000000,234864640.000000,1568763904.000000,0.000500,0.000000,0.000000,0.000000,0.010900,0.000000,0.000000,0.000000,0.003200,0.000000
1499,1.348866,0.835601,0.834000,0.749500,1112.000000,845380866.000000,1318204976.000000,234864640.000000,1568763904.000000,0.000600,0.000000,0.000000,0.000000,0.012100,0.000000,0.000000,0.000000,0.003500,0.000000
1500,1.349782,0.814697,0.818200,0.734200,1112.000000,845380466.000000,1318204976.000000,234864640.000000,1568763904.000000,0.000600,0.000000,0.000000,0.000000,0.011000,0.000000,0.000000,0.000000,0.003400,0.000000
1501,1.350672,0.951205,0.946400,0.867500,1112.000000,845380514.000000,1318204976.000000,234864640.000000,1568763904.000000,0.000700,0.000000,0.000000,0.000000,0.011000,0.000000,0.000000,0.000000,0.004800,0.000000
1502,1.351715,1.062698,0.930800,0.849200,1112.000000,845380522.000000,1318204976.000000,234864640.000000,1568763904.000000,0.000600,0.000000,0.000000,0.000000,0.011000,0.000000,0.000000,0.000000,0.004600,0.000000
1503,1.352659,0.958999,1.083900,0.875300,1112.000000,845397386.000000,1318204976.000000,234864640.000000,1568763904.000000,0.000600,0.000000,0.000000,0.000000,0.013000,0.000000,0.000000,0.000000,0.003700,0.000000
1504,1.353837,1.181902,1.139800,1.056600,1112.000000,845386602.000000,1318204976.000000,234864640.000000,1568763904.000000,0.295200,0.040900,0.011500,0.018900,0.010600,0.019500,0.018200,0.021300,0.003600,0.000000
1505,1.354643,0.811295,0.852000,0.730000,1112.000000,845386626.000000,1318204976.000000,234864640.000000,1568763904.000000,0.000600,0.000000,0.000000,0.000000,0.012700,0.000000,0.000000,0.000000,0.003100,0.000000
1506,1.355510,0.858900,0.856100,0.775800,1112.000000,845386666.000000,1318204976.000000,234864640.000000,1568763904.000000,0.000600,0.000000,0.000000,0.000000,0.014000,0.000000,0.000000,0.000000,0.003200,0.000000
1507,1.356556,1.011600,0.889800,0.804500,1112.000000,845387138.000000,1318204976.000000,234864640.000000,1568763904.000000,0.000600,0.000000,0.000000,0.000000,0.015300,0.000000,0.000000,0.000000,0.003700,0.000000
1508,1.357606,1.063400,1.162700,0.958000,1112.000000,845384762.000000,1318204976.000000,234864640.000000,1568763904.000000,0.000600,0.000000,0.000000,0.000000,0.013300,0.000000,0.000000,0.000000,0.004500,0.000000
1509,1.358986,1.259099,1.092900,0.994000,1112.000000,845384802.000000,1318204976.000000,234864640.000000,1568763904.000000,0.000700,0.000000,0.000000,0.000000,0.011900,0.000000,0.000000,0.000000,0.003500,0.000000
1510,1.360439,1.536104,1.218700,0.958800,1112.000000,845384810.000000,1318204976.000000,234864640.000000,1568763904.000000,0.000800,0.000000,0.000000,0.000000,0.012300,0.000000,0.000000,0.000000,0.005100,0.000000
1511,1.361362,0.978600,1.454100,0.882200,1112.000000,845390226.000000,1318204976.000000,234864640.000000,1568763904.000000,0.000700,0.000000,0.000000,0.000000,0.013600,0.000000,0.000000,0.000000,0.005500,0.000000
1512,1.362241,0.868998,0.880000,0.780100,1112.000000,845388978.000000,1318204976.000000,234864640.000000,1568763904.000000,0.000500,0.000000,0.000000,0.000000,0.012100,0.000000,0.000000,0.000000,0.002900,0.000000
1513,1.363229,1.004004,1.005700,0.919800,1112.000000,845389002.000000,1318204976.000000,234864640.000000,1568763904.000000,0.000600,0.000000,0.000000,0.000000,0.011200,0.000000,0.000000,0.000000,0.003400,0.000000
1514,1.364041,0.820599,0.815300,0.733500,1112.000000,845393122.000000,1318204976.000000,234864640.000000,1568763904.000000,0.000600,0.000000,0.000000,0.000000,0.010700,0.000000,0.000000,0.000000,0.003500,0.000000
1515,1.364862,0.819997,0.823500,0.738800,1112.000000,845393586.000000,1318204976.000000,234864640.000000,1568763904.000000,0.000600,0.000000,0.000000,0.000000,0.010500,0.000000,0.000000,0.000000,0.003300,0.000000
1516,1.365662,0.795004,0.792900,0.713400,1112.000000,845393170.000000,1318204976.000000,234864640.000000,1568763904.000000,0.000600,0.000000,0.000000,0.000000,0.009900,0.000000,0.000000,0.000000,0.003000,0.000000
1517,1.366729,0.959800,0.949400,0.867900,1112.000000,845397306.000000,1318204976.000000,234864640.000000,1568763904.000000,0.000500,0.000000,0.000000,0.000000,0.010500,0.000000,0.000000,0.000000,0.003100,0.000000
1518,1.367694,1.068098,1.069300,0.981500,1112.000000,845397826.000000,1318204976.000000,234864640.000000,1568763904.000000,0.000700,0.000000,0.000000,0.000000,0.012800,0.000000,0.000000,0.000000,0.004900,0.000000
1519,1.368562,0.884800,0.872500,0.788600,1112.000000,845414282.000000,1318204976.000000,234864640.000000,1568763904.000000,0.000600,0.000000,0.000000,0.000000,0.014400,0.000000,0.000000,0.000000,0.003200,0.000000
1520,1.369381,0.809297,0.820200,0.726000,1112.000000,845397338.000000,1318204976.000000,234864640.000000,1568763904.000000,0.000500,0.000000,0.000000,0.000000,0.010400,0.000000,0.000000,0.000000,0.003000,0.000000
1521,1.370533,1.145103,1.141300,1.058900,1112.000000,845400538.000000,1318204976.000000,234864640.000000,1568763904.000000,0.321700,0.037900,0.011100,0.020200,0.010900,0.022400,0.020900,0.021700,0.003700,0.000000
1522,1.371401,0.866397,0.865400,0.781900,1112.000000,845400578.000000,1318204976.000000,234864640.000000,1568763904.000000,0.000500,0.000000,0.000000,0.000000,0.012900,0.000000,0.000000,0.000000,0.003300,0.000000
1523,1.372303,0.906200,0.903900,0.821200,1112.000000,845405154.000000,1318204976.000000,234864640.000000,1568763904.000000,0.000500,0.000000,0.000000,0.000000,0.014900,0.000000,0.000000,0.000000,0.003300,0.000000
1524,1.373196,0.858099,0.856600,0.773600,1112.000000,845404738.000000,1318204976.000000,234864640.000000,1568763904.000000,0.000500,0.000000,0.000000,0.000000,0.013600,0.000000,0.000000,0.000000,0.003300,0.000000
1525,1.374296,1.089803,1.056300,0.967500,1112.000000,845401698.000000,1318204976.000000,234864640.000000,1568763904.000000,0.000700,0.000000,0.000000,0.000000,0.012700,0.000000,0.000000,0.000000,0.003700,0.000000
1526,1.375273,1.020401,1.045000,0.935100,1112.000000,845402130.000000,1318204976.000000,234864640.000000,1568763904.000000,0.000700,0.000000,0.000000,0.000000,0.013600,0.000000,0.000000,0.000000,0.004000,0.000000
1527,1.376109,0.836295,0.836900,0.751200,1112.000000,845402594.000000,1318204976.000000,234864640.000000,1568763904.000000,0.000500,0.000000,0.000000,0.000000,0.012900,0.000000,0.000000,0.000000,0.003500,0.000000
1528,1.376970,0.855704,0.853700,0.770000,1112.000000,845401754.000000,1318204976.000000,234864640.000000,1568763904.000000,0.000600,0.000000,0.000000,0.000000,0.011000,0.000000,0.000000,0.000000,0.003400,0.000000
1529,1.377806,0.846499,0.842800,0.759900,1112.000000,845401778.000000,1318204976.000000,234864640.000000,1568763904.000000,0.000600,0.000000,0.000000,0.000000,0.011000,0.000000,0.000000,0.000000,0.003500,0.000000
1530,1.378618,0.814094,0.817700,0.733500,1112.000000,845405898.000000,1318204976.000000,234864640.000000,1568763904.000000,0.000600,0.000000,0.000000,0.000000,0.010500,0.000000,0.000000,0.000000,0.003200,0.000000
1531,1.379414,0.793807,0.791200,0.712200,1112.000000,845410442.000000,1318204976.000000,234864640.000000,1568763904.000000,0.000500,0.000000,0.000000,0.000000,0.010600,0.000000,0.000000,0.000000,0.003100,0.000000
1532,1.380444,1.023398,1.017200,0.936400,1112.000000,845410466.000000,1318204976.000000,234864640.000000,1568763904.000000,0.000600,0.000000,0.000000,0.000000,0.012000,0.000000,0.000000,0.000000,0.003000,0.000000
1533,1.381371,0.909701,0.840100,0.756400,1112.000000,845410082.000000,1318204976.000000,234864640.000000,1568763904.000000,0.000600,0.000000,0.000000,0.000000,0.012900,0.000000,0.000000,0.000000,0.003700,0.000000
1534,1.382219,0.865696,0.930200,0.782200,1112.000000,845410090.000000,1318204976.000000,234864640.000000,1568763904.000000,0.000700,0.000000,0.000000,0.000000,0.011700,0.000000,0.000000,0.000000,0.003700,0.000000
1535,1.383246,1.016504,0.857900,0.773400,1112.000000,845427186.000000,1318204976.000000,234864640.000000,1568763904.000000,0.000600,0.000000,0.000000,0.000000,0.012700,0.000000,0.000000,0.000000,0.003400,0.000000
1536,1.384133,0.900397,1.056800,0.822000,1112.000000,845414338.000000,1318204976.000000,234864640.000000,1568763904.000000,0.000700,0.000000,0.000000,0.000000,0.011900,0.000000,0.000000,0.000000,0.003900,0.000000
1537,1.385029,0.887599,0.882000,0.799200,1112.000000,845414362.000000,1318204976.000000,234864640.000000,1568763904.000000,0.000600,0.000000,0.000000,0.000000,0.010700,0.000000,0.000000,0.000000,0.003500,0.000000
1538,1.385955,0.914704,0.911400,0.825800,1112.000000,845414402.000000,1318204976.000000,234864640.000000,1568763904.000000,0.000700,0.000000,0.000000,0.000000,0.025500,0.000000,0.000000,0.000000,0.003500,0.000000
1539,1.387247,1.298895,1.274200,1.186000,1112.000000,845415874.000000,1318204976.000000,234864640.000000,1568763904.000000,0.319000,0.033900,0.011300,0.017700,0.012800,0.019300,0.018200,0.015600,0.003400,0.000000
1540,1.388094,0.842404,0.868400,0.761600,1112.000000,845415474.000000,1318204976.000000,234864640.000000,1568763904.000000,0.000600,0.000000,0.000000,0.000000,0.013600,0.000000,0.000000,0.000000,0.003600,0.000000
1541,1.388928,0.861501,0.861200,0.779900,1112.000000,845415938.000000,1318204976.000000,234864640.000000,1568763904.000000,0.000700,0.000000,0.000000,0.000000,0.014400,0.000000,0.000000,0.000000,0.003800,0.000000
1542,1.389850,0.911798,0.905200,0.824600,1112.000000,845415522.000000,1318204976.000000,234864640.000000,1568763904.000000,0.000700,0.000000,0.000000,0.000000,0.013900,0.000000,0.000000,0.000000,0.003000,0.000000
1543,1.391374,1.476800,0.983100,0.832600,1112.000000,845419490.000000,1318204976.000000,234864640.000000,1568763904.000000,0.000500,0.000000,0.000000,0.000000,0.010700,0.000000,0.000000,0.000000,0.003300,0.000000
1544,1.392355,1.009503,1.488400,0.903300,1112.000000,845418666.000000,1318204976.000000,234864640.000000,1568763904.000000,0.000800,0.000000,0.000000,0.000000,0.012100,0.000000,0.000000,0.000000,0.004600,0.000000
1545,1.393218,0.879996,0.888800,0.794700,1112.000000,845418690.000000,1318204976.000000,234864640.000000,1568763904.000000,0.000600,0.000000,0.000000,0.000000,0.010900,0.000000,0.000000,0.000000,0.003600,0.000000
1546,1.394136,0.921903,0.920600,0.836900,1112.000000,845419178.000000,1318204976.000000,234864640.000000,1568763904.000000,0.000600,0.000000,0.000000,0.000000,0.012500,0.000000,0.000000,0.000000,0.003500,0.000000
1547,1.394997,0.859396,0.859700,0.777700,1112.000000,845419202.000000,1318204976.000000,234864640.000000,1568763904.000000,0.000600,0.000000,0.000000,0.000000,0.011800,0.000000,0.000000,0.000000,0.003300,0.000000
1548,1.395805,0.814101,0.809800,0.730100,1112.000000,845422898.000000,1318204976.000000,234864640.000000,1568763904.000000,0.000600,0.000000,0.000000,0.000000,0.010600,0.000000,0.000000,0.000000,0.003300,0.000000
1549,1.396690,0.869600,0.864500,0.781100,1112.000000,845427018.000000,1318204976.000000,234864640.000000,1568763904.000000,0.000600,0.000000,0.000000,0.000000,0.011000,0.000000,0.000000,0.000000,0.003200,0.000000
1550,1.397592,0.909503,0.910700,0.825400,1112.000000,845427042.000000,1318204976.000000,234864640.000000,1568763904.000000,0.000600,0.000000,0.000000,0.000000,0.011600,0.000000,0.000000,0.000000,0.003400,0.000000
1551,1.398481,0.840696,0.840000,0.758500,1112.000000,845443946.000000,1318204976.000000,234864640.000000,1568763904.000000,0.000600,0.000000,0.000000,0.000000,0.011800,0.000000,0.000000,0.000000,0.003500,0.000000
1552,1.399283,0.854804,0.854800,0.774200,1112.000000,845427018.000000,1318204976.000000,234864640.000000,1568763904.000000,0.000600,0.000000,0.000000,0.000000,0.010800,0.000000,0.000000,0.000000,0.004400,0.000000
1553,1.400101,0.814697,0.809400,0.730300,1112.000000,845427042.000000,1318204976.000000,234864640.000000,1568763904.000000,0.000500,0.000000,0.000000,0.000000,0.010900,0.000000,0.000000,0.000000,0.003000,0.000000
1554,1.400907,0.809602,0.807300,0.726000,1112.000000,845427082.000000,1318204976.000000,234864640.000000,1568763904.000000,0.000600,0.000000,0.000000,0.000000,0.011400,0.000000,0.000000,0.000000,0.003700,0.000000
1555,1.401773,0.869700,0.869100,0.787700,1112.000000,845431626.000000,1318204976.000000,234864640.000000,1568763904.000000,0.000500,0.000000,0.000000,0.000000,0.011500,0.000000,0.000000,0.000000,0.003100,0.000000
1556,1.402698,0.927098,0.926000,0.845800,1112.000000,845431226.000000,1318204976.000000,234864640.000000,1568763904.000000,0.000600,0.000000,0.000000,0.000000,0.011000,0.000000,0.000000,0.000000,0.003100,0.000000
1557,1.403790,1.080499,1.075700,0.995200,1112.000000,845432882.000000,1318204976.000000,234864640.000000,1568763904.000000,0.295500,0.039300,0.011000,0.017900,0.010000,0.018300,0.018300,0.016000,0.003100,0.000000
1558,1.404622,0.838506,0.839000,0.756900,1112.000000,845432890.000000,1318204976.000000,234864640.000000,1568763904.000000,0.000500,0.000000,0.000000,0.000000,0.013700,0.000000,0.000000,0.000000,0.003000,0.000000
1559,1.405421,0.799199,0.794500,0.714300,1112.000000,845433762.000000,1318204976.000000,234864640.000000,1568763904.000000,0.000500,0.000000,0.000000,0.000000,0.013300,0.000000,0.000000,0.000000,0.003200,0.000000
1560,1.406459,0.976998,0.908400,0.819900,1112.000000,845437458.000000,1318204976.000000,234864640.000000,1568763904.000000,0.000600,0.000000,0.000000,0.000000,0.013800,0.000000,0.000000,0.000000,0.003100,0.000000
1561,1.408071,1.575702,1.155600,1.005500,1112.000000,845435442.000000,1318204976.000000,234864640.000000,1568763904.000000,0.000700,0.000000,0.000000,0.000000,0.014000,0.000000,0.000000,0.000000,0.004400,0.000000
1562,1.409045,1.015497,1.491800,0.928500,1112.000000,845439562.000000,1318204976.000000,234864640.000000,1568763904.000000,0.000700,0.000000,0.000000,0.000000,0.013200,0.000000,0.000000,0.000000,0.004500,0.000000
1563,1.409921,0.933199,0.936400,0.849700,1112.000000,845440010.000000,1318204976.000000,234864640.000000,1568763904.000000,0.000600,0.000000,0.000000,0.000000,0.012600,0.000000,0.000000,0.000000,0.004100,0.000000
1564,1.410740,0.819402,0.820100,0.738600,1112.000000,845439610.000000,1318204976.000000,234864640.000000,1568763904.000000,0.000600,0.000000,0.000000,0.000000,0.010900,0.000000,0.000000,0.000000,0.003400,0.000000
1565,1.411613,0.868998,0.864500,0.778600,1112.000000,845443730.000000,1318204976.000000,234864640.000000,1568763904.000000,0.000600,0.000000,0.000000,0.000000,0.010400,0.000000,0.000000,0.000000,0.003400,0.000000
1566,1.412527,0.870203,0.867200,0.785900,1112.000000,845443754.000000,1318204976.000000,234864640.000000,1568763904.000000,0.000600,0.000000,0.000000,0.000000,0.010800,0.000000,0.000000,0.000000,0.003300,0.000000
1567,1.413379,0.895203,0.891100,0.809900,1112.000000,845460354.000000,1318204976.000000,234864640.000000,1568763904.000000,0.000700,0.000000,0.000000,0.000000,0.012400,0.000000,0.000000,0.000000,0.003700,0.000000
1568,1.414277,0.903196,0.904700,0.821400,1112.000000,845447522.000000,1318204976.000000,234864640.000000,1568763904.000000,0.000600,0.000000,0.000000,0.000000,0.010900,0.000000,0.000000,0.000000,0.004000,0.000000
1569,1.415259,0.960700,0.874200,0.792900,1112.000000,845447546.000000,1318204976.000000,234864640.000000,1568763904.000000,0.000500,0.000000,0.000000,0.000000,0.011800,0.000000,0.000000,0.000000,0.003200,0.000000
1570,1.416210,0.937302,1.015300,0.854100,1112.000000,845447586.000000,1318204976.000000,234864640.000000,1568763904.000000,0.000600,0.000000,0.000000,0.000000,0.012400,0.000000,0.000000,0.000000,0.003400,0.000000
1571,1.417101,0.918296,0.878100,0.793400,1112.000000,845448042.000000,1318204976.000000,234864640.000000,1568763904.000000,0.000700,0.000000,0.000000,0.000000,0.012800,0.000000,0.000000,0.000000,0.003500,0.000000
1572,1.417924,0.824306,0.864300,0.742800,1112.000000,845448066.000000,1318204976.000000,234864640.000000,1568763904.000000,0.000600,0.000000,0.000000,0.000000,0.012900,0.000000,0.000000,0.000000,0.003300,0.000000
1573,1.418753,0.837096,0.821200,0.740600,1112.000000,845447682.000000,1318204976.000000,234864640.000000,1568763904.000000,0.000600,0.000000,0.000000,0.000000,0.011700,0.000000,0.000000,0.000000,0.003300,0.000000
1574,1.419550,0.793502,0.803300,0.709800,1112.000000,845447690.000000,1318204976.000000,234864640.000000,1568763904.000000,0.000500,0.000000,0.000000,0.000000,0.011400,0.000000,0.000000,0.000000,0.003200,0.000000
1575,1.420609,1.057802,1.057200,0.975200,1112.000000,845454314.000000,1318204976.000000,234864640.000000,1568763904.000000,0.268000,0.035900,0.011900,0.018500,0.010200,0.019600,0.016900,0.014600,0.003300,0.000000
1576,1.421436,0.829996,0.829600,0.749500,1112.000000,845453490.000000,1318204976.000000,234864640.000000,1568763904.000000,0.000500,0.000000,0.000000,0.000000,0.013300,0.000000,0.000000,0.000000,0.003200,0.000000
1577,1.422237,0.807001,0.805500,0.726900,1112.000000,845453514.000000,1318204976.000000,234864640.000000,1568763904.000000,0.000500,0.000000,0.000000,0.000000,0.013000,0.000000,0.000000,0.000000,0.003200,0.000000
1578,1.423423,1.142999,0.901200,0.821300,1112.000000,845453538.000000,1318204976.000000,234864640.000000,1568763904.000000,0.000600,0.000000,0.000000,0.000000,0.013400,0.000000,0.000000,0.000000,0.003000,0.000000
1579,1.424417,1.009503,1.234300,0.917100,1112.000000,845452330.000000,1318204976.000000,234864640.000000,1568763904.000000,0.000700,0.000000,0.000000,0.000000,0.013200,0.000000,0.000000,0.000000,0.004100,0.000000
1580,1.425347,0.939201,0.944500,0.853600,1112.000000,845451930.000000,1318204976.000000,234864640.000000,1568763904.000000,0.000600,0.000000,0.000000,0.000000,0.011600,0.000000,0.000000,0.000000,0.003600,0.000000
1581,1.426241,0.876800,0.874300,0.790700,1112.000000,845456050.000000,1318204976.000000,234864640.000000,1568763904.000000,0.000500,0.000000,0.000000,0.000000,0.011500,0.000000,0.000000,0.000000,0.003500,0.000000
1582,1.427144,0.917099,0.909800,0.824900,1112.000000,845464266.000000,1318204976.000000,234864640.000000,1568763904.000000,0.000700,0.000000,0.000000,0.000000,0.011800,0.000000,0.000000,0.000000,0.003600,0.000000
1583,1.428101,0.956399,0.958900,0.869200,1112.000000,845480850.000000,1318204976.000000,234864640.000000,1568763904.000000,0.000800,0.000000,0.000000,0.000000,0.013200,0.000000,0.000000,0.000000,0.004200,0.000000
1584,1.428984,0.891199,0.889400,0.805500,1112.000000,845463922.000000,1318204976.000000,234864640.000000,1568763904.000000,0.000700,0.000000,0.000000,0.000000,0.011200,0.000000,0.000000,0.000000,0.003500,0.000000
1585,1.429800,0.820599,0.822600,0.740400,1112.000000,845463946.000000,1318204976.000000,234864640.000000,1568763904.000000,0.000700,0.000000,0.000000,0.000000,0.011800,0.000000,0.000000,0.000000,0.003400,0.000000
1586,1.430696,0.825305,0.825300,0.746100,1112.000000,845463986.000000,1318204976.000000,234864640.000000,1568763904.000000,0.000600,0.000000,0.000000,0.000000,0.010800,0.000000,0.000000,0.000000,0.003300,0.000000
1587,1.431767,1.120500,0.997400,0.916900,1112.000000,845468970.000000,1318204976.000000,234864640.000000,1568763904.000000,0.000500,0.000000,0.000000,0.000000,0.012900,0.000000,0.000000,0.000000,0.005600,0.000000
1588,1.432794,1.032596,1.141700,0.944000,1112.000000,845468146.000000,1318204976.000000,234864640.000000,1568763904.000000,0.000700,0.000000,0.000000,0.000000,0.012600,0.000000,0.000000,0.000000,0.004000,0.000000
1589,1.433612,0.833900,0.838500,0.751600,1112.000000,845468186.000000,1318204976.000000,234864640.000000,1568763904.000000,0.000600,0.000000,0.000000,0.000000,0.011400,0.000000,0.000000,0.000000,0.003500,0.000000
1590,1.434438,0.826403,0.825600,0.745900,1112.000000,845468626.000000,1318204976.000000,234864640.000000,1568763904.000000,0.000600,0.000000,0.000000,0.000000,0.012600,0.000000,0.000000,0.000000,0.003200,0.000000
1591,1.435294,0.855300,0.852600,0.774300,1112.000000,845469066.000000,1318204976.000000,234864640.000000,1568763904.000000,0.000500,0.000000,0.000000,0.000000,0.012100,0.000000,0.000000,0.000000,0.003200,0.000000
1592,1.436117,0.818297,0.808400,0.729200,1112.000000,845468242.000000,1318204976.000000,234864640.000000,1568763904.000000,0.000600,0.000000,0.000000,0.000000,0.010300,0.000000,0.000000,0.000000,0.003500,0.000000
1593,1.437344,1.231399,1.226900,1.140900,1112.000000,845469626.000000,1318204976.000000,234864640.000000,1568763904.000000,0.277700,0.036600,0.011900,0.017600,0.010200,0.019600,0.017400,0.017200,0.003000,0.000000
1594,1.438180,0.811600,0.815700,0.726300,1112.000000,845473746.000000,1318204976.000000,234864640.000000,1568763904.000000,0.000600,0.000000,0.000000,0.000000,0.013000,0.000000,0.000000,0.000000,0.003300,0.000000
1595,1.439165,1.003203,0.873900,0.791600,1112.000000,845474194.000000,1318204976.000000,234864640.000000,1568763904.000000,0.000600,0.000000,0.000000,0.000000,0.013600,0.000000,0.000000,0.000000,0.003500,0.000000
1596,1.440001,0.833999,0.958900,0.747900,1112.000000,845473794.000000,1318204976.000000,234864640.000000,1568763904.000000,0.000500,0.000000,0.000000,0.000000,0.014200,0.000000,0.000000,0.000000,0.004900,0.000000
1597,1.440907,0.894402,0.888300,0.804200,1112.000000,845472458.000000,1318204976.000000,234864640.000000,1568763904.000000,0.000500,0.000000,0.000000,0.000000,0.011300,0.000000,0.000000,0.000000,0.003300,0.000000
1598,1.441787,0.886699,0.889000,0.802700,1112.000000,845472482.000000,1318204976.000000,234864640.000000,1568763904.000000,0.000500,0.000000,0.000000,0.000000,0.011900,0.000000,0.000000,0.000000,0.003400,0.000000
1599,1.442727,0.924901,0.924600,0.841000,1112.000000,845493290.000000,1318204976.000000,234864640.000000,1568763904.000000,0.000700,0.000000,0.000000,0.000000,0.012700,0.000000,0.000000,0.000000,0.003200,0.000000
1600,1.443802,1.087500,1.064400,0.981500,1112.000000,845480458.000000,1318204976.000000,234864640.000000,1568763904.000000,0.000700,0.000000,0.000000,0.000000,0.010800,0.000000,0.000000,0.000000,0.004200,0.000000
1601,1.444650,0.857795,0.876600,0.773800,1112.000000,845480482.000000,1318204976.000000,234864640.000000,1568763904.000000,0.000600,0.000000,0.000000,0.000000,0.012100,0.000000,0.000000,0.000000,0.003800,0.000000
1602,1.445463,0.818502,0.817300,0.735400,1112.000000,845480946.000000,1318204976.000000,234864640.000000,1568763904.000000,0.000600,0.000000,0.000000,0.000000,0.012800,0.000000,0.000000,0.000000,0.003400,0.000000
1603,1.446622,0.971499,0.965400,0.884000,1112.000000,845480970.000000,1318204976.000000,234864640.000000,1568763904.000000,0.000600,0.000000,0.000000,0.000000,0.012200,0.000000,0.000000,0.000000,0.003200,0.000000
1604,1.447676,1.173399,1.151300,1.062900,1112.000000,845480994.000000,1318204976.000000,234864640.000000,1568763904.000000,0.000500,0.000000,0.000000,0.000000,0.013400,0.000000,0.000000,0.000000,0.005800,0.000000
1605,1.448561,0.937401,0.951500,0.846300,1164.000000,845480610.000000,1318204976.000000,234864640.000000,1568763904.000000,0.000700,0.000000,0.000000,0.000000,0.011600,0.000000,0.000000,0.000000,0.005400,0.000000
1606,1.449426,0.888598,0.853600,0.765300,1112.000000,845480626.000000,1318204976.000000,234864640.000000,1568763904.000000,0.000600,0.000000,0.000000,0.000000,0.011500,0.000000,0.000000,0.000000,0.003600,0.000000
1607,1.450241,0.814002,0.852100,0.731400,1112.000000,845485586.000000,1318204976.000000,234864640.000000,1568763904.000000,0.000600,0.000000,0.000000,0.000000,0.011800,0.000000,0.000000,0.000000,0.003500,0.000000
1608,1.451047,0.804103,0.802500,0.722000,1112.000000,845484762.000000,1318204976.000000,234864640.000000,1568763904.000000,0.000600,0.000000,0.000000,0.000000,0.010700,0.000000,0.000000,0.000000,0.003100,0.000000
1609,1.451964,0.903798,0.896900,0.816000,1112.000000,845484786.000000,1318204976.000000,234864640.000000,1568763904.000000,0.000600,0.000000,0.000000,0.000000,0.010500,0.000000,0.000000,0.000000,0.003100,0.000000
1610,1.452782,0.827997,0.831600,0.748300,1112.000000,845484810.000000,1318204976.000000,234864640.000000,1568763904.000000,0.000600,0.000000,0.000000,0.000000,0.011100,0.000000,0.000000,0.000000,0.003400,0.000000
1611,1.453877,1.083702,1.043200,0.964400,1112.000000,845486730.000000,1318204976.000000,234864640.000000,1568763904.000000,0.276700,0.034300,0.010900,0.017400,0.009700,0.019600,0.016800,0.014300,0.003400,0.000000
1612,1.455130,1.244402,0.850000,0.736200,1112.000000,845486330.000000,1318204976.000000,234864640.000000,1568763904.000000,0.000700,0.000000,0.000000,0.000000,0.013600,0.000000,0.000000,0.000000,0.003600,0.000000
1613,1.456143,0.987897,1.376600,0.864400,1112.000000,845490450.000000,1318204976.000000,234864640.000000,1568763904.000000,0.000700,0.000000,0.000000,0.000000,0.012600,0.000000,0.000000,0.000000,0.003400,0.000000
1614,1.457312,1.152905,1.152900,1.026300,1112.000000,845490474.000000,1318204976.000000,234864640.000000,1568763904.000000,0.000800,0.000000,0.000000,0.000000,0.015400,0.000000,0.000000,0.000000,0.005100,0.000000
1615,1.458254,0.994395,1.020900,0.905900,1112.000000,845505626.000000,1318204976.000000,234864640.000000,1568763904.000000,0.000700,0.000000,0.000000,0.000000,0.013300,0.000000,0.000000,0.000000,0.004300,0.000000
1616,1.459150,0.848200,0.853000,0.765900,1112.000000,845492794.000000,1318204976.000000,234864640.000000,1568763904.000000,0.000600,0.000000,0.000000,0.000000,0.011700,0.000000,0.000000,0.000000,0.003000,0.000000
1617,1.459997,0.905201,0.905300,0.825000,1112.000000,845493242.000000,1318204976.000000,234864640.000000,1568763904.000000,0.000700,0.000000,0.000000,0.000000,0.012400,0.000000,0.000000,0.000000,0.004400,0.000000
1618,1.460813,0.813903,0.793900,0.713700,1112.000000,845493282.000000,1318204976.000000,234864640.000000,1568763904.000000,0.000500,0.000000,0.000000,0.000000,0.012900,0.000000,0.000000,0.000000,0.003400,0.000000
1619,1.461713,0.803600,0.819800,0.724200,1112.000000,845497402.000000,1318204976.000000,234864640.000000,1568763904.000000,0.000600,0.000000,0.000000,0.000000,0.011400,0.000000,0.000000,0.000000,0.003200,0.000000
1620,1.462678,0.992496,0.981400,0.901300,1112.000000,845497130.000000,1318204976.000000,234864640.000000,1568763904.000000,0.000700,0.000000,0.000000,0.000000,0.010200,0.000000,0.000000,0.000000,0.004900,0.000000
1621,1.463959,1.333503,1.327000,1.185900,1112.000000,845497170.000000,1318204976.000000,234864640.000000,1568763904.000000,0.000500,0.000000,0.000000,0.000000,0.011800,0.000000,0.000000,0.000000,0.005800,0.000000
1622,1.464929,0.983999,0.988400,0.879800,1112.000000,845497186.000000,1318204976.000000,234864640.000000,1568763904.000000,0.000600,0.000000,0.000000,0.000000,0.012000,0.000000,0.000000,0.000000,0.003500,0.000000
1623,1.466121,1.155400,0.872400,0.777200,1112.000000,845498050.000000,1318204976.000000,234864640.000000,1568763904.000000,0.000600,0.000000,0.000000,0.000000,0.011400,0.000000,0.000000,0.000000,0.003300,0.000000
1624,1.466977,0.893800,1.173500,0.810700,1112.000000,845501322.000000,1318204976.000000,234864640.000000,1568763904.000000,0.000600,0.000000,0.000000,0.000000,0.010800,0.000000,0.000000,0.000000,0.003700,0.000000
1625,1.467798,0.826800,0.826500,0.743200,1112.000000,845501346.000000,1318204976.000000,234864640.000000,1568763904.000000,0.000600,0.000000,0.000000,0.000000,0.010700,0.000000,0.000000,0.000000,0.003200,0.000000
1626,1.468604,0.799901,0.797800,0.716900,1112.000000,845505490.000000,1318204976.000000,234864640.000000,1568763904.000000,0.000600,0.000000,0.000000,0.000000,0.010500,0.000000,0.000000,0.000000,0.003100,0.000000
1627,1.469401,0.805400,0.794000,0.713600,1112.000000,845505938.000000,1318204976.000000,234864640.000000,1568763904.000000,0.000600,0.000000,0.000000,0.000000,0.011400,0.000000,0.000000,0.000000,0.003200,0.000000
1628,1.470425,1.021896,1.033800,0.944300,1112.000000,845507482.000000,1318204976.000000,234864640.000000,1568763904.000000,0.260800,0.036100,0.010600,0.017800,0.009500,0.018400,0.017200,0.014000,0.003200,0.000000
1629,1.471271,0.845401,0.842200,0.765700,1112.000000,845507482.000000,1318204976.000000,234864640.000000,1568763904.000000,0.000700,0.000000,0.000000,0.000000,0.013000,0.000000,0.000000,0.000000,0.003000,0.000000
1630,1.472104,0.830903,0.828800,0.751100,1112.000000,845507506.000000,1318204976.000000,234864640.000000,1568763904.000000,0.000600,0.000000,0.000000,0.000000,0.013600,0.000000,0.000000,0.000000,0.003400,0.000000
1631,1.473051,0.922902,0.825200,0.746300,1112.000000,845524378.000000,1318204976.000000,234864640.000000,1568763904.000000,0.000600,0.000000,0.000000,0.000000,0.015000,0.000000,0.000000,0.000000,0.003600,0.000000
1632,1.473967,0.926297,1.013800,0.840500,1112.000000,845510794.000000,1318204976.000000,234864640.000000,1568763904.000000,0.000700,0.000000,0.000000,0.000000,0.014400,0.000000,0.000000,0.000000,0.003700,0.000000
1633,1.474799,0.848299,0.851700,0.767900,1112.000000,845514066.000000,1318204976.000000,234864640.000000,1568763904.000000,0.000600,0.000000,0.000000,0.000000,0.011600,0.000000,0.000000,0.000000,0.003400,0.000000
1634,1.475592,0.780201,0.780200,0.702400,1112.000000,845514106.000000,1318204976.000000,234864640.000000,1568763904.000000,0.000600,0.000000,0.000000,0.000000,0.010500,0.000000,0.000000,0.000000,0.003200,0.000000
1635,1.476443,0.847300,0.843400,0.767100,1112.000000,845514554.000000,1318204976.000000,234864640.000000,1568763904.000000,0.000600,0.000000,0.000000,0.000000,0.010500,0.000000,0.000000,0.000000,0.003600,0.000000
1636,1.477262,0.818899,0.810100,0.733300,1112.000000,845514154.000000,1318204976.000000,234864640.000000,1568763904.000000,0.000600,0.000000,0.000000,0.000000,0.010500,0.000000,0.000000,0.000000,0.003100,0.000000
1637,1.478142,0.854500,0.851700,0.769000,1112.000000,845514194.000000,1318204976.000000,234864640.000000,1568763904.000000,0.000600,0.000000,0.000000,0.000000,0.010000,0.000000,0.000000,0.000000,0.003400,0.000000
1638,1.479600,1.439300,0.943900,0.858500,1112.000000,845514210.000000,1318204976.000000,234864640.000000,1568763904.000000,0.000600,0.000000,0.000000,0.000000,0.011500,0.000000,0.000000,0.000000,0.004500,0.000000
1639,1.480519,0.921903,1.415500,0.841500,1112.000000,845519170.000000,1318204976.000000,234864640.000000,1568763904.000000,0.000700,0.000000,0.000000,0.000000,0.012700,0.000000,0.000000,0.000000,0.004000,0.000000
1640,1.481342,0.872995,0.874800,0.791800,1112.000000,845518346.000000,1318204976.000000,234864640.000000,1568763904.000000,0.000600,0.000000,0.000000,0.000000,0.011000,0.000000,0.000000,0.000000,0.004200,0.000000
1641,1.482166,0.828104,0.827000,0.747200,1112.000000,845518370.000000,1318204976.000000,234864640.000000,1568763904.000000,0.000600,0.000000,0.000000,0.000000,0.013400,0.000000,0.000000,0.000000,0.003400,0.000000
1642,1.483049,0.875198,0.867700,0.787800,1112.000000,845518394.000000,1318204976.000000,234864640.000000,1568763904.000000,0.000600,0.000000,0.000000,0.000000,0.011700,0.000000,0.000000,0.000000,0.003100,0.000000
1643,1.483845,0.803104,0.804600,0.721800,1112.000000,845518842.000000,1318204976.000000,234864640.000000,1568763904.000000,0.000600,0.000000,0.000000,0.000000,0.011500,0.000000,0.000000,0.000000,0.003700,0.000000
1644,1.484643,0.799100,0.796800,0.716500,1112.000000,845518442.000000,1318204976.000000,234864640.000000,1568763904.000000,0.000600,0.000000,0.000000,0.000000,0.011000,0.000000,0.000000,0.000000,0.003400,0.000000
1645,1.485435,0.795699,0.796100,0.717000,1112.000000,845522610.000000,1318204976.000000,234864640.000000,1568763904.000000,0.000400,0.000000,0.000000,0.000000,0.010900,0.000000,0.000000,0.000000,0.002900,0.000000
1646,1.486253,0.801297,0.797000,0.719900,1112.000000,845522634.000000,1318204976.000000,234864640.000000,1568763904.000000,0.000600,0.000000,0.000000,0.000000,0.010800,0.000000,0.000000,0.000000,0.003200,0.000000
1647,1.487675,1.400099,1.243100,1.158400,1112.000000,845544250.000000,1318204976.000000,234864640.000000,1568763904.000000,0.292500,0.038000,0.011600,0.029800,0.012800,0.019200,0.016900,0.020900,0.003300,0.000000
1648,1.488519,0.877501,1.027100,0.797200,1112.000000,845526986.000000,1318204976.000000,234864640.000000,1568763904.000000,0.000600,0.000000,0.000000,0.000000,0.013300,0.000000,0.000000,0.000000,0.003900,0.000000
1649,1.489339,0.817198,0.815400,0.729300,1112.000000,845527010.000000,1318204976.000000,234864640.000000,1568763904.000000,0.000700,0.000000,0.000000,0.000000,0.013300,0.000000,0.000000,0.000000,0.003200,0.000000
1650,1.490282,0.894104,0.875900,0.787800,1112.000000,845531146.000000,1318204976.000000,234864640.000000,1568763904.000000,0.000600,0.000000,0.000000,0.000000,0.012700,0.000000,0.000000,0.000000,0.003000,0.000000
1651,1.491241,1.003699,1.013200,0.915700,1112.000000,845531722.000000,1318204976.000000,234864640.000000,1568763904.000000,0.000500,0.000000,0.000000,0.000000,0.012000,0.000000,0.000000,0.000000,0.004500,0.000000
1652,1.492077,0.840200,0.842100,0.754800,1112.000000,845531330.000000,1318204976.000000,234864640.000000,1568763904.000000,0.000500,0.000000,0.000000,0.000000,0.010500,0.000000,0.000000,0.000000,0.003300,0.000000
1653,1.492890,0.815703,0.815200,0.731500,1112.000000,845531362.000000,1318204976.000000,234864640.000000,1568763904.000000,0.000500,0.000000,0.000000,0.000000,0.010300,0.000000,0.000000,0.000000,0.003400,0.000000
1654,1.493688,0.803798,0.802000,0.722200,1112.000000,845531378.000000,1318204976.000000,234864640.000000,1568763904.000000,0.000600,0.000000,0.000000,0.000000,0.010400,0.000000,0.000000,0.000000,0.003100,0.000000
1655,1.494922,1.079897,0.860000,0.778800,1112.000000,845534361.000000,1318204976.000000,234864640.000000,1568763904.000000,0.000600,0.000000,0.000000,0.000000,0.010500,0.000000,0.000000,0.000000,0.003400,0.000000
1656,1.495799,1.015200,1.226400,0.936000,1112.000000,845531418.000000,1318204976.000000,234864640.000000,1568763904.000000,0.000600,0.000000,0.000000,0.000000,0.010500,0.000000,0.000000,0.000000,0.006100,0.000000
1657,1.496678,0.885799,0.881000,0.795300,1112.000000,845531586.000000,1318204976.000000,234864640.000000,1568763904.000000,0.000500,0.000000,0.000000,0.000000,0.011000,0.000000,0.000000,0.000000,0.003300,0.000000
1658,1.497483,0.809800,0.813700,0.726100,1112.000000,845535690.000000,1318204976.000000,234864640.000000,1568763904.000000,0.000600,0.000000,0.000000,0.000000,0.010700,0.000000,0.000000,0.000000,0.003200,0.000000
1659,1.498295,0.816206,0.817100,0.736700,1112.000000,845536138.000000,1318204976.000000,234864640.000000,1568763904.000000,0.000500,0.000000,0.000000,0.000000,0.010700,0.000000,0.000000,0.000000,0.003200,0.000000
1660,1.499076,0.783893,0.782300,0.704700,1112.000000,845535738.000000,1318204976.000000,234864640.000000,1568763904.000000,0.000600,0.000000,0.000000,0.000000,0.009700,0.000000,0.000000,0.000000,0.003000,0.000000
1661,1.499882,0.794707,0.788200,0.710800,1112.000000,845535762.000000,1318204976.000000,234864640.000000,1568763904.000000,0.000500,0.000000,0.000000,0.000000,0.010200,0.000000,0.000000,0.000000,0.003000,0.000000
1662,1.500647,0.772598,0.774000,0.693200,1112.000000,845536346.000000,1318204976.000000,234864640.000000,1568763904.000000,0.000600,0.000000,0.000000,0.000000,0.012500,0.000000,0.000000,0.000000,0.003300,0.000000
1663,1.501504,0.852098,0.846200,0.768400,1112.000000,845553122.000000,1318204976.000000,234864640.000000,1568763904.000000,0.000500,0.000000,0.000000,0.000000,0.013500,0.000000,0.000000,0.000000,0.003100,0.000000
1664,1.502323,0.827601,0.830100,0.748100,1112.000000,845539842.000000,1318204976.000000,234864640.000000,1568763904.000000,0.000600,0.000000,0.000000,0.000000,0.010900,0.000000,0.000000,0.000000,0.003300,0.000000
1665,1.503218,0.879301,0.791700,0.714800,1112.000000,845539866.000000,1318204976.000000,234864640.000000,1568763904.000000,0.000500,0.000000,0.000000,0.000000,0.066600,0.000000,0.000000,0.000000,0.003200,0.000000
1666,1.504334,1.118998,1.196000,1.035900,1112.000000,845545018.000000,1318204976.000000,234864640.000000,1568763904.000000,0.293900,0.039600,0.010400,0.018900,0.010100,0.025600,0.021500,0.022400,0.003400,0.000000
1667,1.505185,0.851998,0.852200,0.768200,1112.000000,845553658.000000,1318204976.000000,234864640.000000,1568763904.000000,0.000500,0.000000,0.000000,0.000000,0.013200,0.000000,0.000000,0.000000,0.003500,0.000000
1668,1.505998,0.795904,0.796400,0.715400,1112.000000,845553266.000000,1318204976.000000,234864640.000000,1568763904.000000,0.000600,0.000000,0.000000,0.000000,0.012600,0.000000,0.000000,0.000000,0.003700,0.000000
1669,1.506874,0.868296,0.856400,0.774000,1112.000000,845553298.000000,1318204976.000000,234864640.000000,1568763904.000000,0.000500,0.000000,0.000000,0.000000,0.012100,0.000000,0.000000,0.000000,0.003800,0.000000
1670,1.507727,0.875999,0.873600,0.783500,1112.000000,845548202.000000,1318204976.000000,234864640.000000,1568763904.000000,0.000700,0.000000,0.000000,0.000000,0.011200,0.000000,0.000000,0.000000,0.003500,0.000000
1671,1.508544,0.824603,0.833200,0.745300,1112.000000,845553162.000000,1318204976.000000,234864640.000000,1568763904.000000,0.000600,0.000000,0.000000,0.000000,0.010900,0.000000,0.000000,0.000000,0.003100,0.000000
1672,1.509323,0.783000,0.781300,0.703300,1112.000000,845552338.000000,1318204976.000000,234864640.000000,1568763904.000000,0.000600,0.000000,0.000000,0.000000,0.010600,0.000000,0.000000,0.000000,0.003100,0.000000
1673,1.510081,0.756696,0.754200,0.676400,1112.000000,845552362.000000,1318204976.000000,234864640.000000,1568763904.000000,0.000600,0.000000,0.000000,0.000000,0.010200,0.000000,0.000000,0.000000,0.003200,0.000000
1674,1.511106,0.960402,0.753300,0.675600,1112.000000,845552386.000000,1318204976.000000,234864640.000000,1568763904.000000,0.000600,0.000000,0.000000,0.000000,0.010000,0.000000,0.000000,0.000000,0.003200,0.000000
1675,1.512082,1.012904,1.203400,0.918400,1112.000000,845552834.000000,1318204976.000000,234864640.000000,1568763904.000000,0.000700,0.000000,0.000000,0.000000,0.011500,0.000000,0.000000,0.000000,0.006000,0.000000
1676,1.512995,0.919494,0.923800,0.830200,1112.000000,845552858.000000,1318204976.000000,234864640.000000,1568763904.000000,0.000500,0.000000,0.000000,0.000000,0.014200,0.000000,0.000000,0.000000,0.004000,0.000000
1677,1.513814,0.837805,0.842200,0.757500,1112.000000,845556554.000000,1318204976.000000,234864640.000000,1568763904.000000,0.000600,0.000000,0.000000,0.000000,0.011600,0.000000,0.000000,0.000000,0.003400,0.000000
1678,1.514679,0.863301,0.861600,0.783200,1112.000000,845557010.000000,1318204976.000000,234864640.000000,1568763904.000000,0.000600,0.000000,0.000000,0.000000,0.011900,0.000000,0.000000,0.000000,0.003600,0.000000
1679,1.515607,0.919395,0.913400,0.833500,1112.000000,845573162.000000,1318204976.000000,234864640.000000,1568763904.000000,0.000600,0.000000,0.000000,0.000000,0.011800,0.000000,0.000000,0.000000,0.003300,0.000000
1680,1.516464,0.854804,0.854800,0.772300,1112.000000,845556234.000000,1318204976.000000,234864640.000000,1568763904.000000,0.000600,0.000000,0.000000,0.000000,0.011600,0.000000,0.000000,0.000000,0.003600,0.000000
1681,1.517355,0.896797,0.893300,0.811300,1112.000000,845556258.000000,1318204976.000000,234864640.000000,1568763904.000000,0.000600,0.000000,0.000000,0.000000,0.010900,0.000000,0.000000,0.000000,0.003500,0.000000
1682,1.518268,0.913598,0.915000,0.833900,1112.000000,845556298.000000,1318204976.000000,234864640.000000,1568763904.000000,0.000600,0.000000,0.000000,0.000000,0.010500,0.000000,0.000000,0.000000,0.003400,0.000000
1683,1.519223,0.918304,0.819400,0.740500,1112.000000,845560842.000000,1318204976.000000,234864640.000000,1568763904.000000,0.000600,0.000000,0.000000,0.000000,0.011100,0.000000,0.000000,0.000000,0.003100,0.000000
1684,1.520325,1.141801,1.216500,1.044300,1112.000000,845565346.000000,1318204976.000000,234864640.000000,1568763904.000000,0.261300,0.035500,0.010800,0.016900,0.009200,0.018000,0.016600,0.013300,0.005500,0.000000
1685,1.521105,0.783496,0.800200,0.703200,1112.000000,845565378.000000,1318204976.000000,234864640.000000,1568763904.000000,0.000600,0.000000,0.000000,0.000000,0.013100,0.000000,0.000000,0.000000,0.003200,0.000000
1686,1.521916,0.811302,0.809700,0.730500,1112.000000,845565394.000000,1318204976.000000,234864640.000000,1568763904.000000,0.000600,0.000000,0.000000,0.000000,0.012700,0.000000,0.000000,0.000000,0.003400,0.000000
1687,1.522879,0.919700,0.908600,0.827900,1112.000000,845566258.000000,1318204976.000000,234864640.000000,1568763904.000000,0.000700,0.000000,0.000000,0.000000,0.012900,0.000000,0.000000,0.000000,0.003100,0.000000
1688,1.523901,1.035502,1.025300,0.934800,1112.000000,845568730.000000,1318204976.000000,234864640.000000,1568763904.000000,0.000600,0.000000,0.000000,0.000000,0.012300,0.000000,0.000000,0.000000,0.004700,0.000000
1689,1.524705,0.834899,0.847300,0.753000,1112.000000,845568754.000000,1318204976.000000,234864640.000000,1568763904.000000,0.000600,0.000000,0.000000,0.000000,0.011100,0.000000,0.000000,0.000000,0.003600,0.000000
1690,1.525478,0.779996,0.784000,0.703200,1112.000000,845573546.000000,1318204976.000000,234864640.000000,1568763904.000000,0.000600,0.000000,0.000000,0.000000,0.013600,0.000000,0.000000,0.000000,0.003300,0.000000
1691,1.526304,0.802402,0.799800,0.725300,1112.000000,845573794.000000,1318204976.000000,234864640.000000,1568763904.000000,0.000600,0.000000,0.000000,0.000000,0.012400,0.000000,0.000000,0.000000,0.003300,0.000000
1692,1.527246,0.948002,0.821700,0.745700,1112.000000,845573562.000000,1318204976.000000,234864640.000000,1568763904.000000,0.000600,0.000000,0.000000,0.000000,0.010400,0.000000,0.000000,0.000000,0.003400,0.000000
1693,1.528066,0.824596,0.944600,0.747200,1112.000000,845574178.000000,1318204976.000000,234864640.000000,1568763904.000000,0.000600,0.000000,0.000000,0.000000,0.012100,0.000000,0.000000,0.000000,0.003300,0.000000
1694,1.528847,0.790802,0.789600,0.712100,1112.000000,845573802.000000,1318204976.000000,234864640.000000,1568763904.000000,0.000600,0.000000,0.000000,0.000000,0.010800,0.000000,0.000000,0.000000,0.003800,0.000000
1695,1.529634,0.784701,0.785900,0.710000,1112.000000,845594010.000000,1318204976.000000,234864640.000000,1568763904.000000,0.000600,0.000000,0.000000,0.000000,0.011900,0.000000,0.000000,0.000000,0.003000,0.000000
1696,1.530380,0.752098,0.748700,0.676200,1112.000000,845581178.000000,1318204976.000000,234864640.000000,1568763904.000000,0.000500,0.000000,0.000000,0.000000,0.010200,0.000000,0.000000,0.000000,0.003100,0.000000
1697,1.531101,0.725000,0.726200,0.651700,1112.000000,845581202.000000,1318204976.000000,234864640.000000,1568763904.000000,0.000500,0.000000,0.000000,0.000000,0.010500,0.000000,0.000000,0.000000,0.002900,0.000000
1698,1.531850,0.748002,0.744200,0.672900,1112.000000,845581242.000000,1318204976.000000,234864640.000000,1568763904.000000,0.000500,0.000000,0.000000,0.000000,0.010000,0.000000,0.000000,0.000000,0.002900,0.000000
1699,1.532863,0.992198,0.983300,0.907800,1112.000000,845581818.000000,1318204976.000000,234864640.000000,1568763904.000000,0.000500,0.000000,0.000000,0.000000,0.010000,0.000000,0.000000,0.000000,0.002900,0.000000
1700,1.533767,0.906505,0.885700,0.805100,1112.000000,845581418.000000,1318204976.000000,234864640.000000,1568763904.000000,0.000500,0.000000,0.000000,0.000000,0.010500,0.000000,0.000000,0.000000,0.003600,0.000000
1701,1.534630,0.768296,0.790800,0.692100,1112.000000,845585554.000000,1318204976.000000,234864640.000000,1568763904.000000,0.000500,0.000000,0.000000,0.000000,0.011000,0.000000,0.000000,0.000000,0.003300,0.000000
1702,1.535603,1.059304,0.917600,0.842100,1112.000000,845585698.000000,1318204976.000000,234864640.000000,1568763904.000000,0.000700,0.000000,0.000000,0.000000,0.013400,0.000000,0.000000,0.000000,0.005000,0.000000
1703,1.536594,0.996294,1.128000,0.915900,1112.000000,845590658.000000,1318204976.000000,234864640.000000,1568763904.000000,0.000600,0.000000,0.000000,0.000000,0.011700,0.000000,0.000000,0.000000,0.003600,0.000000
1704,1.538029,1.430704,1.373900,1.292100,1112.000000,845591186.000000,1318204976.000000,234864640.000000,1568763904.000000,0.556900,0.033600,0.010000,0.316800,0.012200,0.019500,0.016800,0.013300,0.003100,0.000000
1705,1.538868,0.851601,0.907000,0.772100,1112.000000,845590786.000000,1318204976.000000,234864640.000000,1568763904.000000,0.000600,0.000000,0.000000,0.000000,0.014500,0.000000,0.000000,0.000000,0.003500,0.000000
1706,1.540074,1.124100,1.119600,1.040700,1112.000000,845590810.000000,1318204976.000000,234864640.000000,1568763904.000000,0.000600,0.000000,0.000000,0.000000,0.013000,0.000000,0.000000,0.000000,0.003100,0.000000
1707,1.541363,1.295600,1.277300,1.195100,1112.000000,845591274.000000,1318204976.000000,234864640.000000,1568763904.000000,0.000700,0.000000,0.000000,0.000000,0.015300,0.000000,0.000000,0.000000,0.004400,0.000000
1708,1.542386,1.078196,1.027600,0.928600,1112.000000,845590370.000000,1318204976.000000,234864640.000000,1568763904.000000,0.000600,0.000000,0.000000,0.000000,0.012300,0.000000,0.000000,0.000000,0.004200,0.000000
1709,1.543340,0.965101,1.026900,0.882800,1112.000000,845594066.000000,1318204976.000000,234864640.000000,1568763904.000000,0.000600,0.000000,0.000000,0.000000,0.012200,0.000000,0.000000,0.000000,0.003800,0.000000
1710,1.544171,0.842701,0.841900,0.760100,1112.000000,845594090.000000,1318204976.000000,234864640.000000,1568763904.000000,0.000600,0.000000,0.000000,0.000000,0.010700,0.000000,0.000000,0.000000,0.003700,0.000000
1711,1.544990,0.822201,0.824100,0.744600,1112.000000,845610698.000000,1318204976.000000,234864640.000000,1568763904.000000,0.000600,0.000000,0.000000,0.000000,0.011200,0.000000,0.000000,0.000000,0.003400,0.000000
1712,1.545804,0.795096,0.793600,0.718100,1112.000000,845593770.000000,1318204976.000000,234864640.000000,1568763904.000000,0.000600,0.000000,0.000000,0.000000,0.010400,0.000000,0.000000,0.000000,0.003400,0.000000
1713,1.546597,0.810700,0.807500,0.731900,1112.000000,845593794.000000,1318204976.000000,234864640.000000,1568763904.000000,0.000600,0.000000,0.000000,0.000000,0.010200,0.000000,0.000000,0.000000,0.003400,0.000000
1714,1.547456,0.850503,0.848000,0.771100,1112.000000,845593834.000000,1318204976.000000,234864640.000000,1568763904.000000,0.000600,0.000000,0.000000,0.000000,0.010200,0.000000,0.000000,0.000000,0.003300,0.000000
1715,1.548223,0.776998,0.774900,0.697300,1112.000000,845598378.000000,1318204976.000000,234864640.000000,1568763904.000000,0.000600,0.000000,0.000000,0.000000,0.010100,0.000000,0.000000,0.000000,0.003300,0.000000
1716,1.548974,0.754797,0.756000,0.678500,1112.000000,845597978.000000,1318204976.000000,234864640.000000,1568763904.000000,0.000600,0.000000,0.000000,0.000000,0.009300,0.000000,0.000000,0.000000,0.003000,0.000000
1717,1.549729,0.749603,0.748100,0.673800,1112.000000,845598018.000000,1318204976.000000,234864640.000000,1568763904.000000,0.000500,0.000000,0.000000,0.000000,0.009500,0.000000,0.000000,0.000000,0.003000,0.000000
1718,1.550630,0.764597,0.761600,0.687500,1112.000000,845602130.000000,1318204976.000000,234864640.000000,1568763904.000000,0.000500,0.000000,0.000000,0.000000,0.009700,0.000000,0.000000,0.000000,0.003100,0.000000
1719,1.551590,1.028203,0.983400,0.905700,1112.000000,845602994.000000,1318204976.000000,234864640.000000,1568763904.000000,0.000600,0.000000,0.000000,0.000000,0.010600,0.000000,0.000000,0.000000,0.005700,0.000000
1720,1.552723,1.197102,1.234600,1.120600,1112.000000,845602722.000000,1318204976.000000,234864640.000000,1568763904.000000,0.000500,0.000000,0.000000,0.000000,0.011900,0.000000,0.000000,0.000000,0.005300,0.000000
1721,1.553768,1.044997,1.043400,0.965300,1112.000000,845603386.000000,1318204976.000000,234864640.000000,1568763904.000000,0.254100,0.033700,0.010500,0.017000,0.011600,0.020300,0.016900,0.013200,0.003400,0.000000
1722,1.554531,0.768800,0.770800,0.692400,1112.000000,845607506.000000,1318204976.000000,234864640.000000,1568763904.000000,0.000500,0.000000,0.000000,0.000000,0.012800,0.000000,0.000000,0.000000,0.003200,0.000000
1723,1.555324,0.793304,0.791900,0.717700,1112.000000,845608506.000000,1318204976.000000,234864640.000000,1568763904.000000,0.000500,0.000000,0.000000,0.000000,0.014000,0.000000,0.000000,0.000000,0.003100,0.000000
1724,1.556060,0.732795,0.731400,0.657200,1112.000000,845607682.000000,1318204976.000000,234864640.000000,1568763904.000000,0.000500,0.000000,0.000000,0.000000,0.012900,0.000000,0.000000,0.000000,0.002900,0.000000
1725,1.557093,0.993906,0.972100,0.892500,1112.000000,845606642.000000,1318204976.000000,234864640.000000,1568763904.000000,0.000600,0.000000,0.000000,0.000000,0.009900,0.000000,0.000000,0.000000,0.003000,0.000000
1726,1.558214,1.032299,1.037900,0.942300,1112.000000,845616402.000000,1318204976.000000,234864640.000000,1568763904.000000,0.000500,0.000000,0.000000,0.000000,0.011400,0.000000,0.000000,0.000000,0.004200,0.000000
1727,1.559230,1.130300,1.132000,1.044700,1112.000000,845634026.000000,1318204976.000000,234864640.000000,1568763904.000000,0.000600,0.000000,0.000000,0.000000,0.012200,0.000000,0.000000,0.000000,0.006000,0.000000
1728,1.560027,0.806696,0.810000,0.728600,1112.000000,845621194.000000,1318204976.000000,234864640.000000,1568763904.000000,0.000700,0.000000,0.000000,0.000000,0.010500,0.000000,0.000000,0.000000,0.003400,0.000000
1729,1.560781,0.758900,0.758400,0.682800,1112.000000,845621218.000000,1318204976.000000,234864640.000000,1568763904.000000,0.000600,0.000000,0.000000,0.000000,0.010300,0.000000,0.000000,0.000000,0.003200,0.000000
1730,1.561538,0.761798,0.755500,0.681400,1112.000000,845621258.000000,1318204976.000000,234864640.000000,1568763904.000000,0.000600,0.000000,0.000000,0.000000,0.010100,0.000000,0.000000,0.000000,0.003100,0.000000
1731,1.562285,0.748002,0.750700,0.672000,1112.000000,845621706.000000,1318204976.000000,234864640.000000,1568763904.000000,0.000500,0.000000,0.000000,0.000000,0.009900,0.000000,0.000000,0.000000,0.003100,0.000000
1732,1.563034,0.749901,0.745400,0.669600,1112.000000,845621306.000000,1318204976.000000,234864640.000000,1568763904.000000,0.000600,0.000000,0.000000,0.000000,0.009800,0.000000,0.000000,0.000000,0.003500,0.000000
1733,1.563767,0.731597,0.733800,0.657200,1112.000000,845621346.000000,1318204976.000000,234864640.000000,1568763904.000000,0.000500,0.000000,0.000000,0.000000,0.009800,0.000000,0.000000,0.000000,0.003200,0.000000
1734,1.564523,0.751800,0.748100,0.675600,1112.000000,845621786.000000,1318204976.000000,234864640.000000,1568763904.000000,0.000500,0.000000,0.000000,0.000000,0.010800,0.000000,0.000000,0.000000,0.003000,0.000000
1735,1.565287,0.772003,0.772700,0.698300,1112.000000,845630426.000000,1318204976.000000,234864640.000000,1568763904.000000,0.000600,0.000000,0.000000,0.000000,0.011900,0.000000,0.000000,0.000000,0.003100,0.000000
1736,1.566050,0.742900,0.741300,0.669500,1112.000000,845629602.000000,1318204976.000000,234864640.000000,1568763904.000000,0.000500,0.000000,0.000000,0.000000,0.010300,0.000000,0.000000,0.000000,0.002900,0.000000
1737,1.567215,1.143998,0.763700,0.691700,1112.000000,845629626.000000,1318204976.000000,234864640.000000,1568763904.000000,0.000500,0.000000,0.000000,0.000000,0.010200,0.000000,0.000000,0.000000,0.003200,0.000000
1738,1.568029,0.836402,1.205300,0.757900,1112.000000,845629650.000000,1318204976.000000,234864640.000000,1568763904.000000,0.000600,0.000000,0.000000,0.000000,0.012200,0.000000,0.000000,0.000000,0.003400,0.000000
1739,1.568856,0.836699,0.838700,0.758500,1112.000000,845630522.000000,1318204976.000000,234864640.000000,1568763904.000000,0.000500,0.000000,0.000000,0.000000,0.012800,0.000000,0.000000,0.000000,0.003300,0.000000
1740,1.569625,0.767900,0.767100,0.691300,1112.000000,845629698.000000,1318204976.000000,234864640.000000,1568763904.000000,0.000500,0.000000,0.000000,0.000000,0.011200,0.000000,0.000000,0.000000,0.003400,0.000000
1741,1.570617,0.997803,0.983100,0.908100,1112.000000,845634986.000000,1318204976.000000,234864640.000000,1568763904.000000,0.249100,0.032600,0.011400,0.016100,0.009400,0.017800,0.016400,0.013500,0.003200,0.000000
1742,1.571413,0.789598,0.800400,0.713000,1112.000000,845635010.000000,1318204976.000000,234864640.000000,1568763904.000000,0.000600,0.000000,0.000000,0.000000,0.012300,0.000000,0.000000,0.000000,0.002900,0.000000
1743,1.572306,0.886501,0.877900,0.801500,1112.000000,845651586.000000,1318204976.000000,234864640.000000,1568763904.000000,0.000500,0.000000,0.000000,0.000000,0.012800,0.000000,0.000000,0.000000,0.017700,0.000000
1744,1.573132,0.824802,0.824700,0.742800,1112.000000,845700194.000000,1318204976.000000,234864640.000000,1568763904.000000,0.000600,0.000000,0.000000,0.000000,0.012100,0.000000,0.000000,0.000000,0.003000,0.000000
1745,1.574334,1.193998,1.187800,1.106000,1112.000000,845633514.000000,1318204976.000000,234864640.000000,1568763904.000000,0.000500,0.000000,0.000000,0.000000,0.013400,0.000000,0.000000,0.000000,0.003200,0.000000
1746,1.575374,1.038202,0.845800,0.761700,1112.000000,845633554.000000,1318204976.000000,234864640.000000,1568763904.000000,0.000500,0.000000,0.000000,0.000000,0.010900,0.000000,0.000000,0.000000,0.003500,0.000000
1747,1.576207,0.846797,1.039000,0.766600,1112.000000,845638098.000000,1318204976.000000,234864640.000000,1568763904.000000,0.000600,0.000000,0.000000,0.000000,0.011100,0.000000,0.000000,0.000000,0.003300,0.000000
1748,1.577111,0.899405,0.895000,0.814400,1112.000000,845638122.000000,1318204976.000000,234864640.000000,1568763904.000000,0.000600,0.000000,0.000000,0.000000,0.011600,0.000000,0.000000,0.000000,0.003700,0.000000
1749,1.577968,0.865200,0.865100,0.775900,1112.000000,845637738.000000,1318204976.000000,234864640.000000,1568763904.000000,0.000500,0.000000,0.000000,0.000000,0.011200,0.000000,0.000000,0.000000,0.003400,0.000000
1750,1.578761,0.795897,0.796400,0.717500,1112.000000,845637754.000000,1318204976.000000,234864640.000000,1568763904.000000,0.000600,0.000000,0.000000,0.000000,0.010000,0.000000,0.000000,0.000000,0.003200,0.000000
1751,1.579574,0.809800,0.802400,0.724800,1112.000000,845638626.000000,1318204976.000000,234864640.000000,1568763904.000000,0.000500,0.000000,0.000000,0.000000,0.012000,0.000000,0.000000,0.000000,0.003100,0.000000
1752,1.580324,0.751899,0.756500,0.674400,1112.000000,845650090.000000,1318204976.000000,234864640.000000,1568763904.000000,0.000500,0.000000,0.000000,0.000000,0.010600,0.000000,0.000000,0.000000,0.002700,0.000000
1753,1.581084,0.759099,0.756100,0.680800,1112.000000,845650114.000000,1318204976.000000,234864640.000000,1568763904.000000,0.000500,0.000000,0.000000,0.000000,0.010200,0.000000,0.000000,0.000000,0.002800,0.000000
1754,1.581879,0.796003,0.794700,0.717200,1112.000000,845654658.000000,1318204976.000000,234864640.000000,1568763904.000000,0.000600,0.000000,0.000000,0.000000,0.011500,0.000000,0.000000,0.000000,0.002900,0.000000
1755,1.583117,1.213903,0.832300,0.755900,1112.000000,845654682.000000,1318204976.000000,234864640.000000,1568763904.000000,0.000500,0.000000,0.000000,0.000000,0.010900,0.000000,0.000000,0.000000,0.003000,0.000000
1756,1.583912,0.817198,1.192800,0.741400,1112.000000,845654282.000000,1318204976.000000,234864640.000000,1568763904.000000,0.000600,0.000000,0.000000,0.000000,0.010400,0.000000,0.000000,0.000000,0.003200,0.000000
1757,1.584875,0.961600,0.955000,0.877800,1112.000000,845643554.000000,1318204976.000000,234864640.000000,1568763904.000000,0.000600,0.000000,0.000000,0.000000,0.010600,0.000000,0.000000,0.000000,0.003000,0.000000
1758,1.585653,0.784099,0.789400,0.708200,1112.000000,845643578.000000,1318204976.000000,234864640.000000,1568763904.000000,0.000500,0.000000,0.000000,0.000000,0.009900,0.000000,0.000000,0.000000,0.003100,0.000000
1759,1.586510,0.813598,0.809400,0.734300,1112.000000,845660154.000000,1318204976.000000,234864640.000000,1568763904.000000,0.000500,0.000000,0.000000,0.000000,0.010400,0.000000,0.000000,0.000000,0.002900,0.000000
1760,1.587576,1.101899,1.100100,1.022300,1112.000000,845649026.000000,1318204976.000000,234864640.000000,1568763904.000000,0.275900,0.034100,0.012600,0.017100,0.009400,0.020300,0.016700,0.013400,0.003400,0.000000
1761,1.588355,0.786104,0.786100,0.709400,1112.000000,845649050.000000,1318204976.000000,234864640.000000,1568763904.000000,0.000500,0.000000,0.000000,0.000000,0.012400,0.000000,0.000000,0.000000,0.003000,0.000000
1762,1.589166,0.752700,0.752300,0.677400,1112.000000,845649514.000000,1318204976.000000,234864640.000000,1568763904.000000,0.000600,0.000000,0.000000,0.000000,0.013900,0.000000,0.000000,0.000000,0.002800,0.000000
1763,1.590098,0.963698,0.950600,0.873700,1112.000000,845649538.000000,1318204976.000000,234864640.000000,1568763904.000000,0.000600,0.000000,0.000000,0.000000,0.013600,0.000000,0.000000,0.000000,0.006000,0.000000
1764,1.591171,1.073498,0.846200,0.760700,1112.000000,845647434.000000,1318204976.000000,234864640.000000,1568763904.000000,0.000600,0.000000,0.000000,0.000000,0.011600,0.000000,0.000000,0.000000,0.003900,0.000000
1765,1.592062,0.901800,1.128100,0.819600,1112.000000,845647474.000000,1318204976.000000,234864640.000000,1568763904.000000,0.000500,0.000000,0.000000,0.000000,0.012000,0.000000,0.000000,0.000000,0.004000,0.000000
1766,1.592899,0.844204,0.839900,0.758800,1112.000000,845647490.000000,1318204976.000000,234864640.000000,1568763904.000000,0.000700,0.000000,0.000000,0.000000,0.011300,0.000000,0.000000,0.000000,0.003600,0.000000
1767,1.593687,0.792297,0.798200,0.714800,1112.000000,845652458.000000,1318204976.000000,234864640.000000,1568763904.000000,0.000600,0.000000,0.000000,0.000000,0.011600,0.000000,0.000000,0.000000,0.003300,0.000000
1768,1.594461,0.775099,0.773200,0.698300,1112.000000,845651634.000000,1318204976.000000,234864640.000000,1568763904.000000,0.000500,0.000000,0.000000,0.000000,0.010400,0.000000,0.000000,0.000000,0.003000,0.000000
1769,1.595322,0.855102,0.852000,0.776200,1112.000000,845656178.000000,1318204976.000000,234864640.000000,1568763904.000000,0.000600,0.000000,0.000000,0.000000,0.011800,0.000000,0.000000,0.000000,0.003100,0.000000
1770,1.596247,0.921400,0.914800,0.837300,1112.000000,845655778.000000,1318204976.000000,234864640.000000,1568763904.000000,0.000600,0.000000,0.000000,0.000000,0.010800,0.000000,0.000000,0.000000,0.003200,0.000000
1771,1.597065,0.823299,0.822100,0.741500,1112.000000,845656226.000000,1318204976.000000,234864640.000000,1568763904.000000,0.000500,0.000000,0.000000,0.000000,0.011600,0.000000,0.000000,0.000000,0.003500,0.000000
1772,1.597838,0.776205,0.776800,0.697200,1112.000000,845655826.000000,1318204976.000000,234864640.000000,1568763904.000000,0.001000,0.000000,0.000000,0.000000,0.010500,0.000000,0.000000,0.000000,0.003000,0.000000
1773,1.598668,0.777296,0.776800,0.699800,1112.000000,845659946.000000,1318204976.000000,234864640.000000,1568763904.000000,0.000600,0.000000,0.000000,0.000000,0.010500,0.000000,0.000000,0.000000,0.003100,0.000000
1774,1.599629,0.990497,0.848200,0.771000,1112.000000,845659970.000000,1318204976.000000,234864640.000000,1568763904.000000,0.000500,0.000000,0.000000,0.000000,0.010700,0.000000,0.000000,0.000000,0.005200,0.000000
1775,1.600515,0.901205,1.034600,0.822000,1112.000000,845676546.000000,1318204976.000000,234864640.000000,1568763904.000000,0.000600,0.000000,0.000000,0.000000,0.012300,0.000000,0.000000,0.000000,0.003400,0.000000
1776,1.601488,0.973498,0.972200,0.891000,1112.000000,845659618.000000,1318204976.000000,234864640.000000,1568763904.000000,0.000600,0.000000,0.000000,0.000000,0.010600,0.000000,0.000000,0.000000,0.003200,0.000000
1777,1.602659,1.169104,1.119100,1.038700,1112.000000,845659642.000000,1318204976.000000,234864640.000000,1568763904.000000,0.000600,0.000000,0.000000,0.000000,0.010500,0.000000,0.000000,0.000000,0.003200,0.000000
1778,1.603807,1.151098,1.194700,1.068300,1112.000000,845661514.000000,1318204976.000000,234864640.000000,1568763904.000000,0.309700,0.034300,0.011900,0.019900,0.010500,0.021600,0.035100,0.021400,0.006100,0.000000
1779,1.604589,0.788202,0.791900,0.710500,1112.000000,845666058.000000,1318204976.000000,234864640.000000,1568763904.000000,0.000500,0.000000,0.000000,0.000000,0.013200,0.000000,0.000000,0.000000,0.003400,0.000000
1780,1.605390,0.802197,0.793600,0.718000,1112.000000,845665658.000000,1318204976.000000,234864640.000000,1568763904.000000,0.000600,0.000000,0.000000,0.000000,0.012600,0.000000,0.000000,0.000000,0.003000,0.000000
1781,1.606386,0.945699,0.833900,0.757900,1112.000000,845665698.000000,1318204976.000000,234864640.000000,1568763904.000000,0.000500,0.000000,0.000000,0.000000,0.012000,0.000000,0.000000,0.000000,0.003100,0.000000
1782,1.607429,1.051601,1.135500,0.935100,1112.000000,845663882.000000,1318204976.000000,234864640.000000,1568763904.000000,0.000600,0.000000,0.000000,0.000000,0.012500,0.000000,0.000000,0.000000,0.003800,0.000000
1783,1.608268,0.871301,0.893500,0.788700,1112.000000,845664754.000000,1318204976.000000,234864640.000000,1568763904.000000,0.000700,0.000000,0.000000,0.000000,0.012400,0.000000,0.000000,0.000000,0.003800,0.000000
1784,1.609124,0.869799,0.873600,0.792900,1112.000000,845664354.000000,1318204976.000000,234864640.000000,1568763904.000000,0.000600,0.000000,0.000000,0.000000,0.012100,0.000000,0.000000,0.000000,0.002800,0.000000
1785,1.609894,0.770302,0.765900,0.690100,1112.000000,845663954.000000,1318204976.000000,234864640.000000,1568763904.000000,0.000500,0.000000,0.000000,0.000000,0.011100,0.000000,0.000000,0.000000,0.003100,0.000000
1786,1.610652,0.758496,0.758900,0.681700,1112.000000,845672170.000000,1318204976.000000,234864640.000000,1568763904.000000,0.000500,0.000000,0.000000,0.000000,0.010000,0.000000,0.000000,0.000000,0.002800,0.000000
1787,1.611452,0.792099,0.788800,0.712800,1112.000000,845672618.000000,1318204976.000000,234864640.000000,1568763904.000000,0.000500,0.000000,0.000000,0.000000,0.010500,0.000000,0.000000,0.000000,0.003100,0.000000
1788,1.612247,0.800106,0.794700,0.718200,1112.000000,845672218.000000,1318204976.000000,234864640.000000,1568763904.000000,0.000600,0.000000,0.000000,0.000000,0.010000,0.000000,0.000000,0.000000,0.003000,0.000000
1789,1.613011,0.767297,0.770400,0.691200,1112.000000,845672242.000000,1318204976.000000,234864640.000000,1568763904.000000,0.000600,0.000000,0.000000,0.000000,0.009700,0.000000,0.000000,0.000000,0.003000,0.000000
1790,1.613752,0.742099,0.740900,0.666700,1112.000000,845672266.000000,1318204976.000000,234864640.000000,1568763904.000000,0.000600,0.000000,0.000000,0.000000,0.009900,0.000000,0.000000,0.000000,0.002700,0.000000
1791,1.614649,0.784403,0.780200,0.707000,1112.000000,845688842.000000,1318204976.000000,234864640.000000,1568763904.000000,0.000500,0.000000,0.000000,0.000000,0.010000,0.000000,0.000000,0.000000,0.002800,0.000000
1792,1.615559,0.993396,0.946700,0.869300,1112.000000,845676434.000000,1318204976.000000,234864640.000000,1568763904.000000,0.000500,0.000000,0.000000,0.000000,0.012500,0.000000,0.000000,0.000000,0.005500,0.000000
1793,1.616640,1.081803,1.116200,0.998000,1112.000000,845676034.000000,1318204976.000000,234864640.000000,1568763904.000000,0.000600,0.000000,0.000000,0.000000,0.020800,0.000000,0.000000,0.000000,0.003800,0.000000
1794,1.617912,1.281200,1.231800,1.146700,1112.000000,845676074.000000,1318204976.000000,234864640.000000,1568763904.000000,0.000600,0.000000,0.000000,0.000000,0.011900,0.000000,0.000000,0.000000,0.003900,0.000000
1795,1.618770,0.864895,0.915800,0.785600,1112.000000,845676522.000000,1318204976.000000,234864640.000000,1568763904.000000,0.000600,0.000000,0.000000,0.000000,0.011300,0.000000,0.000000,0.000000,0.003400,0.000000
1796,1.619589,0.824901,0.825000,0.747200,1112.000000,845676122.000000,1318204976.000000,234864640.000000,1568763904.000000,0.000600,0.000000,0.000000,0.000000,0.009800,0.000000,0.000000,0.000000,0.003200,0.000000
1797,1.620652,1.060204,1.041900,0.965600,1112.000000,845677706.000000,1318204976.000000,234864640.000000,1568763904.000000,0.275000,0.033600,0.010300,0.019300,0.009800,0.017400,0.016100,0.024900,0.003000,0.000000
1798,1.621439,0.786898,0.797000,0.705800,1112.000000,845677722.000000,1318204976.000000,234864640.000000,1568763904.000000,0.000600,0.000000,0.000000,0.000000,0.013200,0.000000,0.000000,0.000000,0.003300,0.000000
1799,1.622215,0.778401,0.780500,0.701300,1112.000000,845683106.000000,1318204976.000000,234864640.000000,1568763904.000000,0.000600,0.000000,0.000000,0.000000,0.014500,0.000000,0.000000,0.000000,0.003200,0.000000
1800,1.623427,1.177898,0.748800,0.673900,1112.000000,845681858.000000,1318204976.000000,234864640.000000,1568763904.000000,0.000500,0.000000,0.000000,0.000000,0.012700,0.000000,0.000000,0.000000,0.003400,0.000000
1801,1.624419,0.984701,1.386200,0.880200,1112.000000,845680346.000000,1318204976.000000,234864640.000000,1568763904.000000,0.000600,0.000000,0.000000,0.000000,0.011100,0.000000,0.000000,0.000000,0.004000,0.000000
1802,1.625275,0.891603,0.905200,0.807900,1112.000000,845680370.000000,1318204976.000000,234864640.000000,1568763904.000000,0.000700,0.000000,0.000000,0.000000,0.010800,0.000000,0.000000,0.000000,0.003800,0.000000
1803,1.626090,0.805194,0.809000,0.725600,1112.000000,845684914.000000,1318204976.000000,234864640.000000,1568763904.000000,0.000500,0.000000,0.000000,0.000000,0.010700,0.000000,0.000000,0.000000,0.003100,0.000000
1804,1.626874,0.796606,0.793200,0.716700,1112.000000,845684538.000000,1318204976.000000,234864640.000000,1568763904.000000,0.000600,0.000000,0.000000,0.000000,0.010100,0.000000,0.000000,0.000000,0.003400,0.000000
1805,1.627655,0.779797,0.779400,0.701100,1112.000000,845688634.000000,1318204976.000000,234864640.000000,1568763904.000000,0.000500,0.000000,0.000000,0.000000,0.010600,0.000000,0.000000,0.000000,0.003100,0.000000
1806,1.628425,0.778501,0.776400,0.700100,1112.000000,845689082.000000,1318204976.000000,234864640.000000,1568763904.000000,0.000600,0.000000,0.000000,0.000000,0.012100,0.000000,0.000000,0.000000,0.003200,0.000000
1807,1.629216,0.793800,0.794600,0.718500,1112.000000,845705234.000000,1318204976.000000,234864640.000000,1568763904.000000,0.000600,0.000000,0.000000,0.000000,0.012600,0.000000,0.000000,0.000000,0.002900,0.000000
1808,1.629983,0.755003,0.752000,0.678000,1112.000000,845690425.000000,1318204976.000000,234864640.000000,1568763904.000000,0.000500,0.000000,0.000000,0.000000,0.009700,0.000000,0.000000,0.000000,0.003000,0.000000
1809,1.630751,0.775496,0.773400,0.698600,1112.000000,845688330.000000,1318204976.000000,234864640.000000,1568763904.000000,0.000600,0.000000,0.000000,0.000000,0.010500,0.000000,0.000000,0.000000,0.003200,0.000000
1810,1.631511,0.761898,0.761300,0.685900,1112.000000,845688370.000000,1318204976.000000,234864640.000000,1568763904.000000,0.000700,0.000000,0.000000,0.000000,0.010300,0.000000,0.000000,0.000000,0.003200,0.000000
1811,1.632267,0.760402,0.758200,0.684500,1112.000000,845692914.000000,1318204976.000000,234864640.000000,1568763904.000000,0.000600,0.000000,0.000000,0.000000,0.010300,0.000000,0.000000,0.000000,0.003000,0.000000
1812,1.633055,0.776800,0.773300,0.698900,1112.000000,845692514.000000,1318204976.000000,234864640.000000,1568763904.000000,0.000700,0.000000,0.000000,0.000000,0.010900,0.000000,0.000000,0.000000,0.002900,0.000000
1813,1.633798,0.750602,0.751700,0.676500,1112.000000,845692554.000000,1318204976.000000,234864640.000000,1568763904.000000,0.000700,0.000000,0.000000,0.000000,0.010200,0.000000,0.000000,0.000000,0.003100,0.000000
1814,1.634552,0.750900,0.749600,0.677100,1112.000000,845692570.000000,1318204976.000000,234864640.000000,1568763904.000000,0.000500,0.000000,0.000000,0.000000,0.010500,0.000000,0.000000,0.000000,0.003000,0.000000
1815,1.635333,0.774802,0.767900,0.696300,1112.000000,845693858.000000,1318204976.000000,234864640.000000,1568763904.000000,0.000600,0.000000,0.000000,0.000000,0.011100,0.000000,0.000000,0.000000,0.003100,0.000000
1816,1.636091,0.760197,0.755800,0.678400,1112.000000,845696706.000000,1318204976.000000,234864640.000000,1568763904.000000,0.000600,0.000000,0.000000,0.000000,0.010100,0.000000,0.000000,0.000000,0.003000,0.000000
1817,1.637194,1.098002,1.092800,1.013700,1112.000000,845699842.000000,1318204976.000000,234864640.000000,1568763904.000000,0.293100,0.036300,0.010600,0.018900,0.010100,0.021500,0.020000,0.023700,0.002800,0.000000
1818,1.637969,0.782901,0.788000,0.705400,1112.000000,845703962.000000,1318204976.000000,234864640.000000,1568763904.000000,0.000500,0.000000,0.000000,0.000000,0.012800,0.000000,0.000000,0.000000,0.003500,0.000000
1819,1.638778,0.770295,0.768400,0.693400,1112.000000,845704538.000000,1318204976.000000,234864640.000000,1568763904.000000,0.000600,0.000000,0.000000,0.000000,0.012800,0.000000,0.000000,0.000000,0.003100,0.000000
1820,1.639548,0.808206,0.803000,0.728100,1112.000000,845708658.000000,1318204976.000000,234864640.000000,1568763904.000000,0.000600,0.000000,0.000000,0.000000,0.013300,0.000000,0.000000,0.000000,0.003800,0.000000
1821,1.640594,1.027197,1.016400,0.933900,1112.000000,845705194.000000,1318204976.000000,234864640.000000,1568763904.000000,0.000500,0.000000,0.000000,0.000000,0.025300,0.000000,0.000000,0.000000,0.003100,0.000000
1822,1.641479,0.885303,0.886200,0.797900,1112.000000,845705218.000000,1318204976.000000,234864640.000000,1568763904.000000,0.000600,0.000000,0.000000,0.000000,0.010700,0.000000,0.000000,0.000000,0.003300,0.000000
1823,1.642471,0.986997,0.985900,0.901700,1112.000000,845721794.000000,1318204976.000000,234864640.000000,1568763904.000000,0.000600,0.000000,0.000000,0.000000,0.051000,0.000000,0.000000,0.000000,0.003400,0.000000
1824,1.643413,0.940101,0.942000,0.859600,1112.000000,845708962.000000,1318204976.000000,234864640.000000,1568763904.000000,0.000600,0.000000,0.000000,0.000000,0.010800,0.000000,0.000000,0.000000,0.003300,0.000000
1825,1.644297,0.901701,0.900200,0.821800,1112.000000,845708986.000000,1318204976.000000,234864640.000000,1568763904.000000,0.000600,0.000000,0.000000,0.000000,0.010500,0.000000,0.000000,0.000000,0.003200,0.000000
1826,1.645228,0.906200,0.891300,0.811200,1112.000000,845709026.000000,1318204976.000000,234864640.000000,1568763904.000000,0.000600,0.000000,0.000000,0.000000,0.010300,0.000000,0.000000,0.000000,0.003200,0.000000
1827,1.646089,0.867198,0.873900,0.785200,1112.000000,845709474.000000,1318204976.000000,234864640.000000,1568763904.000000,0.000700,0.000000,0.000000,0.000000,0.011900,0.000000,0.000000,0.000000,0.003900,0.000000
1828,1.646944,0.879401,0.881300,0.799500,1112.000000,845709074.000000,1318204976.000000,234864640.000000,1568763904.000000,0.000600,0.000000,0.000000,0.000000,0.010500,0.000000,0.000000,0.000000,0.003500,0.000000
1829,1.647826,0.875900,0.861900,0.782000,1112.000000,845709114.000000,1318204976.000000,234864640.000000,1568763904.000000,0.000600,0.000000,0.000000,0.000000,0.010600,0.000000,0.000000,0.000000,0.003300,0.000000
1830,1.648670,0.852098,0.859800,0.770700,1164.000000,845709554.000000,1318204976.000000,234864640.000000,1568763904.000000,0.000400,0.000000,0.000000,0.000000,0.012600,0.000000,0.000000,0.000000,0.003200,0.000000
1831,1.649482,0.813400,0.815600,0.736100,1112.000000,845714090.000000,1318204976.000000,234864640.000000,1568763904.000000,0.000600,0.000000,0.000000,0.000000,0.010400,0.000000,0.000000,0.000000,0.003100,0.000000
1832,1.650217,0.735303,0.734800,0.659600,1112.000000,845713266.000000,1318204976.000000,234864640.000000,1568763904.000000,0.000500,0.000000,0.000000,0.000000,0.009600,0.000000,0.000000,0.000000,0.002900,0.000000
1833,1.650963,0.742701,0.740200,0.665900,1112.000000,845713290.000000,1318204976.000000,234864640.000000,1568763904.000000,0.000600,0.000000,0.000000,0.000000,0.009800,0.000000,0.000000,0.000000,0.002900,0.000000
1834,1.651837,0.863698,0.855900,0.779400,1112.000000,845713314.000000,1318204976.000000,234864640.000000,1568763904.000000,0.000600,0.000000,0.000000,0.000000,0.010300,0.000000,0.000000,0.000000,0.003000,0.000000
1835,1.652740,0.902402,0.898700,0.816400,1112.000000,845713762.000000,1318204976.000000,234864640.000000,1568763904.000000,0.000600,0.000000,0.000000,0.000000,0.011500,0.000000,0.000000,0.000000,0.003200,0.000000
1836,1.653827,1.087195,1.063300,0.980700,1112.000000,845714930.000000,1318204976.000000,234864640.000000,1568763904.000000,0.257600,0.035600,0.010500,0.017000,0.010600,0.020300,0.017500,0.013600,0.003700,0.000000
1837,1.654606,0.791001,0.817400,0.716200,1112.000000,845727274.000000,1318204976.000000,234864640.000000,1568763904.000000,0.000600,0.000000,0.000000,0.000000,0.012700,0.000000,0.000000,0.000000,0.003300,0.000000
1838,1.655449,0.818403,0.813400,0.738100,1112.000000,845727298.000000,1318204976.000000,234864640.000000,1568763904.000000,0.000500,0.000000,0.000000,0.000000,0.013200,0.000000,0.000000,0.000000,0.003200,0.000000
1839,1.656509,1.040299,1.026200,0.945100,1112.000000,845744450.000000,1318204976.000000,234864640.000000,1568763904.000000,0.000600,0.000000,0.000000,0.000000,0.013500,0.000000,0.000000,0.000000,0.003500,0.000000
1840,1.657570,1.076899,1.073500,0.980000,1112.000000,845726106.000000,1318204976.000000,234864640.000000,1568763904.000000,0.000600,0.000000,0.000000,0.000000,0.013200,0.000000,0.000000,0.000000,0.004100,0.000000
1841,1.658370,0.824702,0.834000,0.742300,1112.000000,845726130.000000,1318204976.000000,234864640.000000,1568763904.000000,0.000600,0.000000,0.000000,0.000000,0.012400,0.000000,0.000000,0.000000,0.003500,0.000000
1842,1.659149,0.775298,0.777300,0.697800,1112.000000,845726170.000000,1318204976.000000,234864640.000000,1568763904.000000,0.000600,0.000000,0.000000,0.000000,0.011200,0.000000,0.000000,0.000000,0.003200,0.000000
1843,1.659925,0.778600,0.775300,0.698600,1112.000000,845730738.000000,1318204976.000000,234864640.000000,1568763904.000000,0.000600,0.000000,0.000000,0.000000,0.012300,0.000000,0.000000,0.000000,0.003300,0.000000
1844,1.660694,0.773902,0.773400,0.695600,1112.000000,845730338.000000,1318204976.000000,234864640.000000,1568763904.000000,0.000400,0.000000,0.000000,0.000000,0.010700,0.000000,0.000000,0.000000,0.003200,0.000000
1845,1.661473,0.772796,0.768600,0.692400,1112.000000,845730802.000000,1318204976.000000,234864640.000000,1568763904.000000,0.000500,0.000000,0.000000,0.000000,0.011600,0.000000,0.000000,0.000000,0.002900,0.000000
1846,1.662504,0.996003,0.988200,0.909300,1112.000000,845730394.000000,1318204976.000000,234864640.000000,1568763904.000000,0.000600,0.000000,0.000000,0.000000,0.011000,0.000000,0.000000,0.000000,0.003400,0.000000
1847,1.663307,0.843800,0.849800,0.766400,1112.000000,845731258.000000,1318204976.000000,234864640.000000,1568763904.000000,0.000600,0.000000,0.000000,0.000000,0.010800,0.000000,0.000000,0.000000,0.004000,0.000000
1848,1.664097,0.790901,0.790100,0.714800,1112.000000,845730434.000000,1318204976.000000,234864640.000000,1568763904.000000,0.000600,0.000000,0.000000,0.000000,0.010500,0.000000,0.000000,0.000000,0.003100,0.000000
1849,1.664907,0.810899,0.803000,0.724600,1112.000000,845730458.000000,1318204976.000000,234864640.000000,1568763904.000000,0.000600,0.000000,0.000000,0.000000,0.010500,0.000000,0.000000,0.000000,0.003000,0.000000
1850,1.665680,0.768197,0.772700,0.671900,1112.000000,845735002.000000,1318204976.000000,234864640.000000,1568763904.000000,0.000600,0.000000,0.000000,0.000000,0.011800,0.000000,0.000000,0.000000,0.003000,0.000000
1851,1.666611,0.870607,0.839800,0.759600,1112.000000,845735026.000000,1318204976.000000,234864640.000000,1568763904.000000,0.000600,0.000000,0.000000,0.000000,0.011100,0.000000,0.000000,0.000000,0.004000,0.000000
1852,1.667449,0.895500,0.917400,0.818200,1112.000000,845734650.000000,1318204976.000000,234864640.000000,1568763904.000000,0.000700,0.000000,0.000000,0.000000,0.010900,0.000000,0.000000,0.000000,0.004200,0.000000
1853,1.668198,0.750099,0.750500,0.672400,1112.000000,845734650.000000,1318204976.000000,234864640.000000,1568763904.000000,0.000600,0.000000,0.000000,0.000000,0.011100,0.000000,0.000000,0.000000,0.003100,0.000000
1854,1.668954,0.764895,0.762500,0.686700,1112.000000,845738770.000000,1318204976.000000,234864640.000000,1568763904.000000,0.000500,0.000000,0.000000,0.000000,0.010800,0.000000,0.000000,0.000000,0.003400,0.000000
1855,1.669746,0.785006,0.782900,0.706300,1112.000000,845755506.000000,1318204976.000000,234864640.000000,1568763904.000000,0.000500,0.000000,0.000000,0.000000,0.011000,0.000000,0.000000,0.000000,0.003300,0.000000
1856,1.670802,1.056994,1.040200,0.963300,1112.000000,845744338.000000,1318204976.000000,234864640.000000,1568763904.000000,0.279200,0.037200,0.011600,0.018900,0.009900,0.019500,0.016600,0.022900,0.003500,0.000000
1857,1.671661,0.856604,0.864400,0.773700,1112.000000,845744362.000000,1318204976.000000,234864640.000000,1568763904.000000,0.000600,0.000000,0.000000,0.000000,0.013200,0.000000,0.000000,0.000000,0.003400,0.000000
1858,1.672479,0.793197,0.796800,0.716400,1112.000000,845744402.000000,1318204976.000000,234864640.000000,1568763904.000000,0.000600,0.000000,0.000000,0.000000,0.013100,0.000000,0.000000,0.000000,0.003100,0.000000
1859,1.673368,0.902601,0.891200,0.814400,1112.000000,845744874.000000,1318204976.000000,234864640.000000,1568763904.000000,0.000700,0.000000,0.000000,0.000000,0.014200,0.000000,0.000000,0.000000,0.005800,0.000000
1860,1.674545,1.184602,1.187500,1.103000,1112.000000,845743354.000000,1318204976.000000,234864640.000000,1568763904.000000,0.000500,0.000000,0.000000,0.000000,0.011500,0.000000,0.000000,0.000000,0.003300,0.000000
1861,1.675378,0.839498,0.839700,0.760500,1112.000000,845742970.000000,1318204976.000000,234864640.000000,1568763904.000000,0.000500,0.000000,0.000000,0.000000,0.010700,0.000000,0.000000,0.000000,0.003500,0.000000
1862,1.676303,0.903302,0.890700,0.810800,1112.000000,845742986.000000,1318204976.000000,234864640.000000,1568763904.000000,0.000600,0.000000,0.000000,0.000000,0.009600,0.000000,0.000000,0.000000,0.003100,0.000000
1863,1.677244,0.953097,0.954000,0.864900,1112.000000,845747946.000000,1318204976.000000,234864640.000000,1568763904.000000,0.000600,0.000000,0.000000,0.000000,0.011000,0.000000,0.000000,0.000000,0.003500,0.000000
1864,1.678255,1.000900,0.981500,0.892800,1112.000000,845747546.000000,1318204976.000000,234864640.000000,1568763904.000000,0.000700,0.000000,0.000000,0.000000,0.011700,0.000000,0.000000,0.000000,0.003300,0.000000
1865,1.679146,0.903104,0.921200,0.822400,1112.000000,845747234.000000,1318204976.000000,234864640.000000,1568763904.000000,0.000700,0.000000,0.000000,0.000000,0.011800,0.000000,0.000000,0.000000,0.003700,0.000000
1866,1.679968,0.824901,0.826600,0.746800,1112.000000,845747258.000000,1318204976.000000,234864640.000000,1568763904.000000,0.000600,0.000000,0.000000,0.000000,0.010900,0.000000,0.000000,0.000000,0.003500,0.000000
1867,1.680741,0.775794,0.774100,0.697700,1112.000000,845747818.000000,1318204976.000000,234864640.000000,1568763904.000000,0.000600,0.000000,0.000000,0.000000,0.011000,0.000000,0.000000,0.000000,0.003200,0.000000
1868,1.681689,0.933702,0.926500,0.848200,1112.000000,845747674.000000,1318204976.000000,234864640.000000,1568763904.000000,0.000500,0.000000,0.000000,0.000000,0.010200,0.000000,0.000000,0.000000,0.003000,0.000000
1869,1.682694,1.018700,1.020500,0.939300,1112.000000,845751770.000000,1318204976.000000,234864640.000000,1568763904.000000,0.000600,0.000000,0.000000,0.000000,0.010900,0.000000,0.000000,0.000000,0.003500,0.000000
1870,1.683540,0.849100,0.850500,0.773800,1112.000000,845751794.000000,1318204976.000000,234864640.000000,1568763904.000000,0.000600,0.000000,0.000000,0.000000,0.010300,0.000000,0.000000,0.000000,0.003200,0.000000
1871,1.684437,0.881704,0.875900,0.800900,1112.000000,845776178.000000,1318204976.000000,234864640.000000,1568763904.000000,0.000500,0.000000,0.000000,0.000000,0.010800,0.000000,0.000000,0.000000,0.003000,0.000000
1872,1.685265,0.841001,0.836600,0.758800,1112.000000,845759314.000000,1318204976.000000,234864640.000000,1568763904.000000,0.000700,0.000000,0.000000,0.000000,0.011200,0.000000,0.000000,0.000000,0.004100,0.000000
1873,1.686061,0.778897,0.780100,0.699600,1112.000000,845759338.000000,1318204976.000000,234864640.000000,1568763904.000000,0.000600,0.000000,0.000000,0.000000,0.011000,0.000000,0.000000,0.000000,0.003100,0.000000
1874,1.687597,1.538400,1.495900,1.416200,1112.000000,845761922.000000,1318204976.000000,234864640.000000,1568763904.000000,0.526800,0.081300,0.011100,0.017800,0.034300,0.018700,0.016900,0.015400,0.003400,0.000000
1875,1.688397,0.816397,0.854300,0.738100,1112.000000,845766042.000000,1318204976.000000,234864640.000000,1568763904.000000,0.000600,0.000000,0.000000,0.000000,0.010400,0.000000,0.000000,0.000000,0.003500,0.000000
1876,1.689178,0.782299,0.782400,0.705200,1112.000000,845766066.000000,1318204976.000000,234864640.000000,1568763904.000000,0.000700,0.000000,0.000000,0.000000,0.010800,0.000000,0.000000,0.000000,0.003100,0.000000
1877,1.690011,0.822003,0.812900,0.736400,1112.000000,845766106.000000,1318204976.000000,234864640.000000,1568763904.000000,0.000500,0.000000,0.000000,0.000000,0.010500,0.000000,0.000000,0.000000,0.003100,0.000000
1878,1.690830,0.822803,0.825300,0.743100,1112.000000,845766554.000000,1318204976.000000,234864640.000000,1568763904.000000,0.000600,0.000000,0.000000,0.000000,0.010700,0.000000,0.000000,0.000000,0.003400,0.000000
1879,1.691650,0.821599,0.815600,0.737700,1112.000000,845766154.000000,1318204976.000000,234864640.000000,1568763904.000000,0.000500,0.000000,0.000000,0.000000,0.010500,0.000000,0.000000,0.000000,0.003200,0.000000
1880,1.692441,0.795996,0.798500,0.717400,1112.000000,845770274.000000,1318204976.000000,234864640.000000,1568763904.000000,0.000500,0.000000,0.000000,0.000000,0.010700,0.000000,0.000000,0.000000,0.003200,0.000000
1881,1.693209,0.773406,0.772100,0.696000,1112.000000,845770298.000000,1318204976.000000,234864640.000000,1568763904.000000,0.000600,0.000000,0.000000,0.000000,0.010300,0.000000,0.000000,0.000000,0.003000,0.000000
1882,1.693962,0.750595,0.750200,0.673600,1112.000000,845775394.000000,1318204976.000000,234864640.000000,1568763904.000000,0.000500,0.000000,0.000000,0.000000,0.010300,0.000000,0.000000,0.000000,0.003200,0.000000
1883,1.694731,0.771705,0.771400,0.697000,1112.000000,845774570.000000,1318204976.000000,234864640.000000,1568763904.000000,0.000600,0.000000,0.000000,0.000000,0.009700,0.000000,0.000000,0.000000,0.003100,0.000000
1884,1.695522,0.788698,0.784300,0.711400,1112.000000,845774594.000000,1318204976.000000,234864640.000000,1568763904.000000,0.000600,0.000000,0.000000,0.000000,0.009900,0.000000,0.000000,0.000000,0.003000,0.000000
1885,1.696286,0.763102,0.763400,0.688400,1112.000000,845774618.000000,1318204976.000000,234864640.000000,1568763904.000000,0.000400,0.000000,0.000000,0.000000,0.010800,0.000000,0.000000,0.000000,0.003300,0.000000
1886,1.697057,0.769494,0.767800,0.694800,1112.000000,845775074.000000,1318204976.000000,234864640.000000,1568763904.000000,0.000600,0.000000,0.000000,0.000000,0.011600,0.000000,0.000000,0.000000,0.002800,0.000000
1887,1.697841,0.776502,0.768900,0.695400,1112.000000,845774674.000000,1318204976.000000,234864640.000000,1568763904.000000,0.000500,0.000000,0.000000,0.000000,0.010100,0.000000,0.000000,0.000000,0.003000,0.000000
1888,1.698593,0.763598,0.763900,0.685400,1112.000000,845782898.000000,1318204976.000000,234864640.000000,1568763904.000000,0.000600,0.000000,0.000000,0.000000,0.010600,0.000000,0.000000,0.000000,0.003300,0.000000
1889,1.699334,0.744005,0.744500,0.668800,1112.000000,845783354.000000,1318204976.000000,234864640.000000,1568763904.000000,0.000600,0.000000,0.000000,0.000000,0.012200,0.000000,0.000000,0.000000,0.003000,0.000000
1890,1.700094,0.759198,0.759700,0.686200,1112.000000,845800090.000000,1318204976.000000,234864640.000000,1568763904.000000,0.000600,0.000000,0.000000,0.000000,0.012400,0.000000,0.000000,0.000000,0.003200,0.000000
1891,1.700813,0.722499,0.719400,0.648200,1112.000000,845782714.000000,1318204976.000000,234864640.000000,1568763904.000000,0.000500,0.000000,0.000000,0.000000,0.010100,0.000000,0.000000,0.000000,0.003100,0.000000
1892,1.701610,0.792404,0.790300,0.718100,1112.000000,845782738.000000,1318204976.000000,234864640.000000,1568763904.000000,0.000500,0.000000,0.000000,0.000000,0.009800,0.000000,0.000000,0.000000,0.003100,0.000000
1893,1.702424,0.772598,0.767300,0.694200,1112.000000,845782778.000000,1318204976.000000,234864640.000000,1568763904.000000,0.000500,0.000000,0.000000,0.000000,0.010400,0.000000,0.000000,0.000000,0.003100,0.000000
1894,1.703485,1.091497,1.084900,1.007900,1112.000000,845783754.000000,1318204976.000000,234864640.000000,1568763904.000000,0.258700,0.034700,0.010300,0.017500,0.009900,0.019700,0.018900,0.012800,0.006000,0.000000
1895,1.704260,0.781406,0.784500,0.703600,1112.000000,845787450.000000,1318204976.000000,234864640.000000,1568763904.000000,0.000600,0.000000,0.000000,0.000000,0.012900,0.000000,0.000000,0.000000,0.003000,0.000000
1896,1.705024,0.759297,0.757300,0.682100,1112.000000,845787474.000000,1318204976.000000,234864640.000000,1568763904.000000,0.000600,0.000000,0.000000,0.000000,0.011500,0.000000,0.000000,0.000000,0.002900,0.000000
1897,1.705912,0.844898,0.830800,0.752600,1112.000000,845787506.000000,1318204976.000000,234864640.000000,1568763904.000000,0.000500,0.000000,0.000000,0.000000,0.012000,0.000000,0.000000,0.000000,0.003000,0.000000
1898,1.706881,0.966900,0.957000,0.863900,1112.000000,845787842.000000,1318204976.000000,234864640.000000,1568763904.000000,0.000600,0.000000,0.000000,0.000000,0.011200,0.000000,0.000000,0.000000,0.003900,0.000000
1899,1.708608,1.732200,1.724800,1.621600,1112.000000,845787018.000000,1318204976.000000,234864640.000000,1568763904.000000,0.000600,0.000000,0.000000,0.000000,0.012200,0.000000,0.000000,0.000000,0.005300,0.000000
1900,1.709470,0.892099,0.907700,0.807600,1112.000000,845787042.000000,1318204976.000000,234864640.000000,1568763904.000000,0.000600,0.000000,0.000000,0.000000,0.012900,0.000000,0.000000,0.000000,0.003700,0.000000
1901,1.710255,0.799206,0.803100,0.721300,1112.000000,845791162.000000,1318204976.000000,234864640.000000,1568763904.000000,0.000500,0.000000,0.000000,0.000000,0.011000,0.000000,0.000000,0.000000,0.003200,0.000000
1902,1.711002,0.746698,0.745300,0.669400,1112.000000,845791618.000000,1318204976.000000,234864640.000000,1568763904.000000,0.000500,0.000000,0.000000,0.000000,0.011700,0.000000,0.000000,0.000000,0.002900,0.000000
1903,1.711807,0.805499,0.801400,0.725400,1112.000000,845791666.000000,1318204976.000000,234864640.000000,1568763904.000000,0.000500,0.000000,0.000000,0.000000,0.011800,0.000000,0.000000,0.000000,0.003100,0.000000
1904,1.712591,0.783603,0.783200,0.705600,1112.000000,845791242.000000,1318204976.000000,234864640.000000,1568763904.000000,0.000500,0.000000,0.000000,0.000000,0.010700,0.000000,0.000000,0.000000,0.002800,0.000000
1905,1.713358,0.773094,0.772800,0.697700,1112.000000,845795786.000000,1318204976.000000,234864640.000000,1568763904.000000,0.000600,0.000000,0.000000,0.000000,0.011500,0.000000,0.000000,0.000000,0.002800,0.000000
1906,1.714149,0.781803,0.778400,0.704100,1112.000000,845812074.000000,1318204976.000000,234864640.000000,1568763904.000000,0.000600,0.000000,0.000000,0.000000,0.011100,0.000000,0.000000,0.000000,0.002800,0.000000
1907,1.714914,0.766397,0.765300,0.690100,1112.000000,845799242.000000,1318204976.000000,234864640.000000,1568763904.000000,0.000600,0.000000,0.000000,0.000000,0.010100,0.000000,0.000000,0.000000,0.003000,0.000000
1908,1.715673,0.761302,0.761200,0.686800,1112.000000,845799266.000000,1318204976.000000,234864640.000000,1568763904.000000,0.000500,0.000000,0.000000,0.000000,0.010100,0.000000,0.000000,0.000000,0.003000,0.000000
1909,1.716435,0.766001,0.763500,0.690700,1112.000000,845799306.000000,1318204976.000000,234864640.000000,1568763904.000000,0.000600,0.000000,0.000000,0.000000,0.009600,0.000000,0.000000,0.000000,0.002900,0.000000
1910,1.717196,0.754401,0.748900,0.675700,1112.000000,845799754.000000,1318204976.000000,234864640.000000,1568763904.000000,0.000500,0.000000,0.000000,0.000000,0.009800,0.000000,0.000000,0.000000,0.002800,0.000000
1911,1.718057,0.855003,0.778900,0.702800,1112.000000,845799354.000000,1318204976.000000,234864640.000000,1568763904.000000,0.000600,0.000000,0.000000,0.000000,0.010200,0.000000,0.000000,0.000000,0.002900,0.000000
1912,1.718859,0.810700,0.881000,0.732400,1112.000000,845799394.000000,1318204976.000000,234864640.000000,1568763904.000000,0.000500,0.000000,0.000000,0.000000,0.011200,0.000000,0.000000,0.000000,0.003600,0.000000
1913,1.719616,0.757696,0.756500,0.677500,1112.000000,845799410.000000,1318204976.000000,234864640.000000,1568763904.000000,0.000600,0.000000,0.000000,0.000000,0.010800,0.000000,0.000000,0.000000,0.003200,0.000000
1914,1.720672,1.048902,1.048500,0.970300,1112.000000,845803994.000000,1318204976.000000,234864640.000000,1568763904.000000,0.299200,0.068600,0.010800,0.016800,0.009400,0.018000,0.017200,0.013100,0.002800,0.000000
1915,1.721448,0.785799,0.758300,0.682000,1112.000000,845804018.000000,1318204976.000000,234864640.000000,1568763904.000000,0.000500,0.000000,0.000000,0.000000,0.010400,0.000000,0.000000,0.000000,0.003000,0.000000
1916,1.722374,0.914399,0.934900,0.832700,1112.000000,845804042.000000,1318204976.000000,234864640.000000,1568763904.000000,0.000600,0.000000,0.000000,0.000000,0.010300,0.000000,0.000000,0.000000,0.003200,0.000000
1917,1.723147,0.776205,0.775800,0.696600,1112.000000,845804082.000000,1318204976.000000,234864640.000000,1568763904.000000,0.000500,0.000000,0.000000,0.000000,0.011200,0.000000,0.000000,0.000000,0.003300,0.000000
1918,1.723986,0.832795,0.826300,0.747900,1112.000000,845804530.000000,1318204976.000000,234864640.000000,1568763904.000000,0.000500,0.000000,0.000000,0.000000,0.011200,0.000000,0.000000,0.000000,0.003400,0.000000
1919,1.724762,0.782504,0.786100,0.704400,1112.000000,845804130.000000,1318204976.000000,234864640.000000,1568763904.000000,0.000500,0.000000,0.000000,0.000000,0.011300,0.000000,0.000000,0.000000,0.003200,0.000000
1920,1.725520,0.761798,0.760000,0.683300,1112.000000,845808266.000000,1318204976.000000,234864640.000000,1568763904.000000,0.000600,0.000000,0.000000,0.000000,0.010800,0.000000,0.000000,0.000000,0.003200,0.000000
1921,1.726320,0.781796,0.777400,0.701100,1112.000000,845808282.000000,1318204976.000000,234864640.000000,1568763904.000000,0.000500,0.000000,0.000000,0.000000,0.011100,0.000000,0.000000,0.000000,0.003200,0.000000
1922,1.727116,0.811905,0.810800,0.731800,1112.000000,845817338.000000,1318204976.000000,234864640.000000,1568763904.000000,0.000500,0.000000,0.000000,0.000000,0.010500,0.000000,0.000000,0.000000,0.003300,0.000000
1923,1.727921,0.789300,0.788300,0.710100,1112.000000,845816514.000000,1318204976.000000,234864640.000000,1568763904.000000,0.000400,0.000000,0.000000,0.000000,0.019900,0.000000,0.000000,0.000000,0.002700,0.000000
1924,1.728695,0.794196,0.794900,0.717400,1112.000000,845816538.000000,1318204976.000000,234864640.000000,1568763904.000000,0.000600,0.000000,0.000000,0.000000,0.010300,0.000000,0.000000,0.000000,0.003100,0.000000
1925,1.729469,0.773802,0.769800,0.693700,1112.000000,845816562.000000,1318204976.000000,234864640.000000,1568763904.000000,0.000500,0.000000,0.000000,0.000000,0.010700,0.000000,0.000000,0.000000,0.003100,0.000000
1926,1.730220,0.751701,0.750500,0.673200,1112.000000,845817018.000000,1318204976.000000,234864640.000000,1568763904.000000,0.000500,0.000000,0.000000,0.000000,0.012500,0.000000,0.000000,0.000000,0.003200,0.000000
1927,1.730968,0.748399,0.750200,0.673800,1112.000000,845820738.000000,1318204976.000000,234864640.000000,1568763904.000000,0.000600,0.000000,0.000000,0.000000,0.010800,0.000000,0.000000,0.000000,0.003100,0.000000
1928,1.731737,0.762698,0.757700,0.683200,1112.000000,845820738.000000,1318204976.000000,234864640.000000,1568763904.000000,0.000600,0.000000,0.000000,0.000000,0.010500,0.000000,0.000000,0.000000,0.003000,0.000000
1929,1.732718,0.986501,0.985700,0.909600,1112.000000,845821186.000000,1318204976.000000,234864640.000000,1568763904.000000,0.000600,0.000000,0.000000,0.000000,0.012300,0.000000,0.000000,0.000000,0.003300,0.000000
1930,1.733501,0.781200,0.781800,0.707100,1112.000000,845837922.000000,1318204976.000000,234864640.000000,1568763904.000000,0.000600,0.000000,0.000000,0.000000,0.012700,0.000000,0.000000,0.000000,0.003500,0.000000
1931,1.734240,0.743098,0.741500,0.669300,1112.000000,845820546.000000,1318204976.000000,234864640.000000,1568763904.000000,0.000500,0.000000,0.000000,0.000000,0.010300,0.000000,0.000000,0.000000,0.003000,0.000000
1932,1.735395,1.132504,0.887500,0.812800,1112.000000,845820570.000000,1318204976.000000,234864640.000000,1568763904.000000,0.000500,0.000000,0.000000,0.000000,0.010000,0.000000,0.000000,0.000000,0.003100,0.000000
1933,1.736209,0.829202,1.065100,0.752100,1112.000000,845824706.000000,1318204976.000000,234864640.000000,1568763904.000000,0.000600,0.000000,0.000000,0.000000,0.010800,0.000000,0.000000,0.000000,0.003100,0.000000
1934,1.737389,1.165398,1.158600,1.078800,1112.000000,845825682.000000,1318204976.000000,234864640.000000,1568763904.000000,0.281100,0.035500,0.011100,0.019100,0.010600,0.018500,0.018000,0.022100,0.003200,0.000000
1935,1.738179,0.802601,0.805000,0.722000,1112.000000,845825282.000000,1318204976.000000,234864640.000000,1568763904.000000,0.000500,0.000000,0.000000,0.000000,0.012600,0.000000,0.000000,0.000000,0.003300,0.000000
1936,1.738941,0.765795,0.765700,0.688200,1112.000000,845825306.000000,1318204976.000000,234864640.000000,1568763904.000000,0.000600,0.000000,0.000000,0.000000,0.012600,0.000000,0.000000,0.000000,0.003300,0.000000
1937,1.739878,0.897704,0.877200,0.795200,1112.000000,845825338.000000,1318204976.000000,234864640.000000,1568763904.000000,0.000600,0.000000,0.000000,0.000000,0.012300,0.000000,0.000000,0.000000,0.003600,0.000000
1938,1.740924,1.025801,1.015500,0.917800,1112.000000,845825674.000000,1318204976.000000,234864640.000000,1568763904.000000,0.000600,0.000000,0.000000,0.000000,0.011800,0.000000,0.000000,0.000000,0.004000,0.000000
1939,1.741882,0.984999,0.992200,0.890200,1112.000000,845833042.000000,1318204976.000000,234864640.000000,1568763904.000000,0.000700,0.000000,0.000000,0.000000,0.011500,0.000000,0.000000,0.000000,0.004400,0.000000
1940,1.743012,1.138301,0.954900,0.857600,1112.000000,845833066.000000,1318204976.000000,234864640.000000,1568763904.000000,0.000600,0.000000,0.000000,0.000000,0.010700,0.000000,0.000000,0.000000,0.003900,0.000000
1941,1.744018,1.000496,1.180100,0.907100,1112.000000,845833090.000000,1318204976.000000,234864640.000000,1568763904.000000,0.000600,0.000000,0.000000,0.000000,0.011300,0.000000,0.000000,0.000000,0.003800,0.000000
1942,1.744899,0.899199,0.910700,0.821000,1112.000000,845833546.000000,1318204976.000000,234864640.000000,1568763904.000000,0.000600,0.000000,0.000000,0.000000,0.012700,0.000000,0.000000,0.000000,0.003600,0.000000
1943,1.745696,0.790200,0.786200,0.709600,1112.000000,845833594.000000,1318204976.000000,234864640.000000,1568763904.000000,0.000600,0.000000,0.000000,0.000000,0.012000,0.000000,0.000000,0.000000,0.003500,0.000000
1944,1.746661,0.949100,0.944000,0.863100,1112.000000,845837266.000000,1318204976.000000,234864640.000000,1568763904.000000,0.000600,0.000000,0.000000,0.000000,0.011500,0.000000,0.000000,0.000000,0.003900,0.000000
1945,1.747750,1.110204,1.103600,1.019900,1112.000000,845837714.000000,1318204976.000000,234864640.000000,1568763904.000000,0.000500,0.000000,0.000000,0.000000,0.012600,0.000000,0.000000,0.000000,0.003400,0.000000
1946,1.748575,0.832596,0.838600,0.751900,1112.000000,845857962.000000,1318204976.000000,234864640.000000,1568763904.000000,0.000500,0.000000,0.000000,0.000000,0.012700,0.000000,0.000000,0.000000,0.003500,0.000000
1947,1.749429,0.862202,0.861900,0.783200,1112.000000,845843153.000000,1318204976.000000,234864640.000000,1568763904.000000,0.000600,0.000000,0.000000,0.000000,0.010400,0.000000,0.000000,0.000000,0.003300,0.000000
1948,1.750204,0.774901,0.771500,0.694900,1112.000000,845841058.000000,1318204976.000000,234864640.000000,1568763904.000000,0.000500,0.000000,0.000000,0.000000,0.010300,0.000000,0.000000,0.000000,0.003300,0.000000
1949,1.751374,1.063301,0.818200,0.736000,1112.000000,845841098.000000,1318204976.000000,234864640.000000,1568763904.000000,0.000500,0.000000,0.000000,0.000000,0.010100,0.000000,0.000000,0.000000,0.003500,0.000000
1950,1.752618,1.268700,1.472500,1.149200,1112.000000,845841546.000000,1318204976.000000,234864640.000000,1568763904.000000,0.000800,0.000000,0.000000,0.000000,0.019400,0.000000,0.000000,0.000000,0.006000,0.000000
1951,1.753792,1.212599,1.246000,1.134700,1112.000000,845841946.000000,1318204976.000000,234864640.000000,1568763904.000000,0.314600,0.049300,0.014700,0.018200,0.010400,0.028700,0.023600,0.021000,0.005000,0.000000
1952,1.754577,0.821797,0.822200,0.744500,1112.000000,845846082.000000,1318204976.000000,234864640.000000,1568763904.000000,0.000600,0.000000,0.000000,0.000000,0.013200,0.000000,0.000000,0.000000,0.003400,0.000000
1953,1.755398,0.828302,0.827600,0.752100,1112.000000,845846098.000000,1318204976.000000,234864640.000000,1568763904.000000,0.000500,0.000000,0.000000,0.000000,0.012900,0.000000,0.000000,0.000000,0.003100,0.000000
1954,1.756257,0.839002,0.831400,0.755100,1112.000000,845846962.000000,1318204976.000000,234864640.000000,1568763904.000000,0.000500,0.000000,0.000000,0.000000,0.012400,0.000000,0.000000,0.000000,0.003300,0.000000
1955,1.757149,0.874100,0.857800,0.773000,1112.000000,845845338.000000,1318204976.000000,234864640.000000,1568763904.000000,0.000600,0.000000,0.000000,0.000000,0.011200,0.000000,0.000000,0.000000,0.003400,0.000000
1956,1.758145,1.021499,1.030000,0.934800,1112.000000,845859162.000000,1318204976.000000,234864640.000000,1568763904.000000,0.000600,0.000000,0.000000,0.000000,0.009300,0.000000,0.000000,0.000000,0.003500,0.000000
1957,1.759252,1.094997,0.818900,0.735900,1112.000000,845860658.000000,1318204976.000000,234864640.000000,1568763904.000000,0.000500,0.000000,0.000000,0.000000,0.012000,0.000000,0.000000,0.000000,0.003200,0.000000
1958,1.760293,1.055903,1.160700,0.796800,1112.000000,845860690.000000,1318204976.000000,234864640.000000,1568763904.000000,0.000500,0.000000,0.000000,0.000000,0.012700,0.000000,0.000000,0.000000,0.003300,0.000000
1959,1.761111,0.816199,0.984100,0.734400,1112.000000,845864410.000000,1318204976.000000,234864640.000000,1568763904.000000,0.000600,0.000000,0.000000,0.000000,0.010300,0.000000,0.000000,0.000000,0.003300,0.000000
1960,1.761962,0.849298,0.845300,0.762100,1112.000000,845864834.000000,1318204976.000000,234864640.000000,1568763904.000000,0.000400,0.000000,0.000000,0.000000,0.013800,0.000000,0.000000,0.000000,0.002900,0.000000
1961,1.763149,1.181300,1.172700,1.086600,1112.000000,845864434.000000,1318204976.000000,234864640.000000,1568763904.000000,0.000600,0.000000,0.000000,0.000000,0.011000,0.000000,0.000000,0.000000,0.002800,0.000000
1962,1.764297,1.148299,1.153900,1.064500,1112.000000,845881138.000000,1318204976.000000,234864640.000000,1568763904.000000,0.000500,0.000000,0.000000,0.000000,0.011400,0.000000,0.000000,0.000000,0.003400,0.000000
1963,1.765114,0.827204,0.828500,0.747400,1112.000000,845864210.000000,1318204976.000000,234864640.000000,1568763904.000000,0.000600,0.000000,0.000000,0.000000,0.010500,0.000000,0.000000,0.000000,0.003500,0.000000
1964,1.765940,0.810098,0.807200,0.729600,1112.000000,845868536.000000,1318204976.000000,234864640.000000,1568763904.000000,0.000600,0.000000,0.000000,0.000000,0.010700,0.000000,0.000000,0.000000,0.003000,0.000000
1965,1.767937,1.978798,1.954800,1.866200,1112.000000,845868370.000000,1318204976.000000,234864640.000000,1568763904.000000,0.000600,0.000000,0.000000,0.000000,0.010000,0.000000,0.000000,0.000000,0.003400,0.000000
1966,1.769256,1.338804,1.347200,1.246100,1112.000000,845868818.000000,1318204976.000000,234864640.000000,1568763904.000000,0.000500,0.000000,0.000000,0.000000,0.012900,0.000000,0.000000,0.000000,0.004300,0.000000
1967,1.770705,1.430598,1.430200,1.341500,1112.000000,845869346.000000,1318204976.000000,234864640.000000,1568763904.000000,0.292700,0.036800,0.010700,0.023400,0.010700,0.021400,0.017200,0.026900,0.004100,0.000000
1968,1.771576,0.895203,0.881500,0.792500,1112.000000,845869498.000000,1318204976.000000,234864640.000000,1568763904.000000,0.000600,0.000000,0.000000,0.000000,0.012600,0.000000,0.000000,0.000000,0.004000,0.000000
1969,1.772488,0.873101,0.885100,0.780900,1112.000000,845869514.000000,1318204976.000000,234864640.000000,1568763904.000000,0.000600,0.000000,0.000000,0.000000,0.013900,0.000000,0.000000,0.000000,0.003600,0.000000
1970,1.773413,0.939194,0.939400,0.852900,1112.000000,845870378.000000,1318204976.000000,234864640.000000,1568763904.000000,0.000500,0.000000,0.000000,0.000000,0.013600,0.000000,0.000000,0.000000,0.006500,0.000000
1971,1.774323,0.934304,0.932100,0.848400,1112.000000,845873146.000000,1318204976.000000,234864640.000000,1568763904.000000,0.000600,0.000000,0.000000,0.000000,0.012900,0.000000,0.000000,0.000000,0.003300,0.000000
1972,1.775565,1.240802,0.821700,0.739000,1112.000000,845873202.000000,1318204976.000000,234864640.000000,1568763904.000000,0.000600,0.000000,0.000000,0.000000,0.013200,0.000000,0.000000,0.000000,0.003600,0.000000
1973,1.776465,0.895196,1.310300,0.812100,1112.000000,845877634.000000,1318204976.000000,234864640.000000,1568763904.000000,0.000600,0.000000,0.000000,0.000000,0.010700,0.000000,0.000000,0.000000,0.003800,0.000000
1974,1.777386,0.926304,0.831900,0.748800,1112.000000,845878506.000000,1318204976.000000,234864640.000000,1568763904.000000,0.000500,0.000000,0.000000,0.000000,0.011500,0.000000,0.000000,0.000000,0.003400,0.000000
1975,1.778180,0.812897,0.909000,0.736300,1112.000000,845878938.000000,1318204976.000000,234864640.000000,1568763904.000000,0.000500,0.000000,0.000000,0.000000,0.011100,0.000000,0.000000,0.000000,0.004800,0.000000
1976,1.779272,1.067999,1.034000,0.955900,1112.000000,845878538.000000,1318204976.000000,234864640.000000,1568763904.000000,0.000500,0.000000,0.000000,0.000000,0.009800,0.000000,0.000000,0.000000,0.003100,0.000000
1977,1.780102,0.808305,0.833700,0.752500,1112.000000,845878882.000000,1318204976.000000,234864640.000000,1568763904.000000,0.000600,0.000000,0.000000,0.000000,0.010400,0.000000,0.000000,0.000000,0.003400,0.000000
1978,1.780963,0.895394,0.897300,0.814300,1112.000000,845903282.000000,1318204976.000000,234864640.000000,1568763904.000000,0.000600,0.000000,0.000000,0.000000,0.010400,0.000000,0.000000,0.000000,0.004200,0.000000
1979,1.781847,0.889201,0.883600,0.805600,1112.000000,845886466.000000,1318204976.000000,234864640.000000,1568763904.000000,0.000600,0.000000,0.000000,0.000000,0.091100,0.000000,0.000000,0.000000,0.003300,0.000000
1980,1.782896,0.974405,0.810200,0.727900,1112.000000,845886490.000000,1318204976.000000,234864640.000000,1568763904.000000,0.000500,0.000000,0.000000,0.000000,0.009800,0.000000,0.000000,0.000000,0.003000,0.000000
1981,1.783762,0.889895,1.053800,0.811200,1112.000000,845886530.000000,1318204976.000000,234864640.000000,1568763904.000000,0.000600,0.000000,0.000000,0.000000,0.010500,0.000000,0.000000,0.000000,0.004300,0.000000
1982,1.784535,0.829301,0.830100,0.752500,1112.000000,845886994.000000,1318204976.000000,234864640.000000,1568763904.000000,0.000600,0.000000,0.000000,0.000000,0.010500,0.000000,0.000000,0.000000,0.003200,0.000000
1983,1.785316,0.778897,0.777600,0.703300,1112.000000,845886578.000000,1318204976.000000,234864640.000000,1568763904.000000,0.000500,0.000000,0.000000,0.000000,0.010200,0.000000,0.000000,0.000000,0.003200,0.000000
1984,1.786115,0.777204,0.776000,0.702900,1112.000000,845890698.000000,1318204976.000000,234864640.000000,1568763904.000000,0.000600,0.000000,0.000000,0.000000,0.010000,0.000000,0.000000,0.000000,0.003000,0.000000
1985,1.787433,1.316900,1.300200,1.223300,1112.000000,845892194.000000,1318204976.000000,234864640.000000,1568763904.000000,0.252200,0.035000,0.009900,0.016400,0.011500,0.018400,0.017400,0.013400,0.003200,0.000000
1986,1.788233,0.813400,0.820800,0.733500,1112.000000,845892690.000000,1318204976.000000,234864640.000000,1568763904.000000,0.000500,0.000000,0.000000,0.000000,0.015200,0.000000,0.000000,0.000000,0.003800,0.000000
1987,1.789182,0.961302,0.962200,0.883900,1112.000000,845881130.000000,1318204976.000000,234864640.000000,1568763904.000000,0.000600,0.000000,0.000000,0.000000,0.013000,0.000000,0.000000,0.000000,0.003200,0.000000
1988,1.789971,0.778493,0.772300,0.696500,1112.000000,845881162.000000,1318204976.000000,234864640.000000,1568763904.000000,0.000600,0.000000,0.000000,0.000000,0.012300,0.000000,0.000000,0.000000,0.003100,0.000000
1989,1.791281,1.276304,0.938200,0.856000,1112.000000,845889986.000000,1318204976.000000,234864640.000000,1568763904.000000,0.000600,0.000000,0.000000,0.000000,0.010100,0.000000,0.000000,0.000000,0.003300,0.000000
1990,1.792210,0.950999,1.275800,0.861900,1112.000000,845896026.000000,1318204976.000000,234864640.000000,1568763904.000000,0.000700,0.000000,0.000000,0.000000,0.013600,0.000000,0.000000,0.000000,0.003800,0.000000
1991,1.793031,0.832802,0.840700,0.751600,1112.000000,845899330.000000,1318204976.000000,234864640.000000,1568763904.000000,0.000600,0.000000,0.000000,0.000000,0.011400,0.000000,0.000000,0.000000,0.003100,0.000000
1992,1.793776,0.753699,0.753800,0.675100,1112.000000,845899346.000000,1318204976.000000,234864640.000000,1568763904.000000,0.000500,0.000000,0.000000,0.000000,0.010900,0.000000,0.000000,0.000000,0.003200,0.000000
1993,1.794558,0.786898,0.786800,0.710100,1112.000000,845899370.000000,1318204976.000000,234864640.000000,1568763904.000000,0.000600,0.000000,0.000000,0.000000,0.009800,0.000000,0.000000,0.000000,0.003100,0.000000
1994,1.795376,0.817800,0.813200,0.738400,1112.000000,845916114.000000,1318204976.000000,234864640.000000,1568763904.000000,0.000600,0.000000,0.000000,0.000000,0.011100,0.000000,0.000000,0.000000,0.003000,0.000000
1995,1.796219,0.828501,0.825000,0.750200,1112.000000,845899186.000000,1318204976.000000,234864640.000000,1568763904.000000,0.000600,0.000000,0.000000,0.000000,0.010200,0.000000,0.000000,0.000000,0.003200,0.000000
1996,1.797049,0.828104,0.826600,0.747200,1112.000000,845899210.000000,1318204976.000000,234864640.000000,1568763904.000000,0.000500,0.000000,0.000000,0.000000,0.010400,0.000000,0.000000,0.000000,0.003000,0.000000
1997,1.797883,0.833794,0.804400,0.726500,1112.000000,845903346.000000,1318204976.000000,234864640.000000,1568763904.000000,0.000600,0.000000,0.000000,0.000000,0.011100,0.000000,0.000000,0.000000,0.003100,0.000000
1998,1.798863,0.924001,0.813000,0.710100,1112.000000,845903794.000000,1318204976.000000,234864640.000000,1568763904.000000,0.000600,0.000000,0.000000,0.000000,0.011300,0.000000,0.000000,0.000000,0.003400,0.000000
1999,1.799688,0.882603,1.017300,0.803200,1112.000000,845903394.000000,1318204976.000000,234864640.000000,1568763904.000000,0.000500,0.000000,0.000000,0.000000,0.010400,0.000000,0.000000,0.000000,0.005100,0.000000
2000,1.800435,0.752601,0.752800,0.675200,1112.000000,845903434.000000,1318204976.000000,234864640.000000,1568763904.000000,0.000600,0.000000,0.000000,0.000000,0.010100,0.000000,0.000000,0.000000,0.003100,0.000000
2001,1.801332,0.888202,0.882000,0.806000,1112.000000,845903866.000000,1318204976.000000,234864640.000000,1568763904.000000,0.000600,0.000000,0.000000,0.000000,0.011300,0.000000,0.000000,0.000000,0.003000,0.000000
2002,1.802137,0.809297,0.807600,0.728500,1112.000000,845904769.000000,1318204976.000000,234864640.000000,1568763904.000000,0.000500,0.000000,0.000000,0.000000,0.011900,0.000000,0.000000,0.000000,0.003400,0.000000
2003,1.802900,0.772300,0.771200,0.692500,1112.000000,845907586.000000,1318204976.000000,234864640.000000,1568763904.000000,0.000700,0.000000,0.000000,0.000000,0.010800,0.000000,0.000000,0.000000,0.003300,0.000000
2004,1.803922,1.019501,1.021000,0.943100,1112.000000,845908802.000000,1318204976.000000,234864640.000000,1568763904.000000,0.249000,0.034100,0.010300,0.017000,0.009800,0.017200,0.016200,0.013300,0.003100,0.000000
2005,1.804653,0.737996,0.736600,0.662300,1112.000000,845909250.000000,1318204976.000000,234864640.000000,1568763904.000000,0.000600,0.000000,0.000000,0.000000,0.013700,0.000000,0.000000,0.000000,0.003200,0.000000
2006,1.805411,0.748406,0.743900,0.670300,1112.000000,845909274.000000,1318204976.000000,234864640.000000,1568763904.000000,0.000500,0.000000,0.000000,0.000000,0.013700,0.000000,0.000000,0.000000,0.003000,0.000000
2007,1.806195,0.766199,0.764600,0.688100,1112.000000,845917066.000000,1318204976.000000,234864640.000000,1568763904.000000,0.000600,0.000000,0.000000,0.000000,0.012800,0.000000,0.000000,0.000000,0.003100,0.000000
2008,1.807688,1.351594,0.879700,0.798400,1112.000000,845920018.000000,1318204976.000000,234864640.000000,1568763904.000000,0.000600,0.000000,0.000000,0.000000,0.010100,0.000000,0.000000,0.000000,0.003100,0.000000
2009,1.808758,1.203706,1.658100,1.119100,1112.000000,845920050.000000,1318204976.000000,234864640.000000,1568763904.000000,0.000800,0.000000,0.000000,0.000000,0.019700,0.000000,0.000000,0.000000,0.006300,0.000000
2010,1.809623,0.884694,0.890100,0.799400,1112.000000,845940722.000000,1318204976.000000,234864640.000000,1568763904.000000,0.000600,0.000000,0.000000,0.000000,0.012700,0.000000,0.000000,0.000000,0.004300,0.000000
2011,1.810430,0.816504,0.819000,0.737600,1112.000000,845923794.000000,1318204976.000000,234864640.000000,1568763904.000000,0.000600,0.000000,0.000000,0.000000,0.010700,0.000000,0.000000,0.000000,0.003300,0.000000
2012,1.811199,0.767198,0.766300,0.689600,1112.000000,845923818.000000,1318204976.000000,234864640.000000,1568763904.000000,0.000500,0.000000,0.000000,0.000000,0.010900,0.000000,0.000000,0.000000,0.003200,0.000000
2013,1.812007,0.808603,0.803300,0.727400,1112.000000,845923858.000000,1318204976.000000,234864640.000000,1568763904.000000,0.000500,0.000000,0.000000,0.000000,0.011000,0.000000,0.000000,0.000000,0.003300,0.000000
2014,1.812858,0.850198,0.849300,0.770000,1112.000000,845924434.000000,1318204976.000000,234864640.000000,1568763904.000000,0.000500,0.000000,0.000000,0.000000,0.012100,0.000000,0.000000,0.000000,0.003500,0.000000
2015,1.813630,0.772300,0.767100,0.689700,1112.000000,845924458.000000,1318204976.000000,234864640.000000,1568763904.000000,0.000500,0.000000,0.000000,0.000000,0.011500,0.000000,0.000000,0.000000,0.003000,0.000000
2016,1.814623,0.985098,0.929900,0.849300,1112.000000,845928170.000000,1318204976.000000,234864640.000000,1568763904.000000,0.000500,0.000000,0.000000,0.000000,0.010900,0.000000,0.000000,0.000000,0.003100,0.000000
2017,1.815661,1.034503,0.952800,0.815200,1112.000000,845928178.000000,1318204976.000000,234864640.000000,1568763904.000000,0.000500,0.000000,0.000000,0.000000,0.011300,0.000000,0.000000,0.000000,0.003100,0.000000
2018,1.816470,0.817999,0.951900,0.741300,1112.000000,845929058.000000,1318204976.000000,234864640.000000,1568763904.000000,0.000600,0.000000,0.000000,0.000000,0.012500,0.000000,0.000000,0.000000,0.003100,0.000000
2019,1.817243,0.772399,0.767600,0.689800,1112.000000,845928234.000000,1318204976.000000,234864640.000000,1568763904.000000,0.000600,0.000000,0.000000,0.000000,0.011000,0.000000,0.000000,0.000000,0.003100,0.000000
2020,1.818205,0.958801,0.958700,0.878600,1112.000000,845917490.000000,1318204976.000000,234864640.000000,1568763904.000000,0.000600,0.000000,0.000000,0.000000,0.010700,0.000000,0.000000,0.000000,0.003300,0.000000
2021,1.818945,0.750999,0.751600,0.674200,1112.000000,845917938.000000,1318204976.000000,234864640.000000,1568763904.000000,0.000600,0.000000,0.000000,0.000000,0.012500,0.000000,0.000000,0.000000,0.003000,0.000000
2022,1.819685,0.742000,0.738200,0.663100,1112.000000,845917962.000000,1318204976.000000,234864640.000000,1568763904.000000,0.000500,0.000000,0.000000,0.000000,0.011900,0.000000,0.000000,0.000000,0.003100,0.000000
2023,1.820718,1.017304,1.015400,0.936500,1112.000000,845923410.000000,1318204976.000000,234864640.000000,1568763904.000000,0.266000,0.032900,0.011800,0.016600,0.009000,0.017500,0.016600,0.013300,0.003000,0.000000
2024,1.821495,0.780095,0.778900,0.701500,1112.000000,845927506.000000,1318204976.000000,234864640.000000,1568763904.000000,0.000500,0.000000,0.000000,0.000000,0.012000,0.000000,0.000000,0.000000,0.003000,0.000000
2025,1.822316,0.830102,0.815800,0.739300,1112.000000,845927530.000000,1318204976.000000,234864640.000000,1568763904.000000,0.000600,0.000000,0.000000,0.000000,0.012300,0.000000,0.000000,0.000000,0.003000,0.000000
2026,1.823690,1.195798,0.780200,0.691200,1112.000000,845944634.000000,1318204976.000000,234864640.000000,1568763904.000000,0.000500,0.000000,0.000000,0.000000,0.014300,0.000000,0.000000,0.000000,0.002800,0.000000
2027,1.825160,1.618204,2.029000,1.489600,1112.000000,845926002.000000,1318204976.000000,234864640.000000,1568763904.000000,0.000800,0.000000,0.000000,0.000000,0.012600,0.000000,0.000000,0.000000,0.007000,0.000000
2028,1.826197,1.026098,1.029200,0.938200,1112.000000,845926026.000000,1318204976.000000,234864640.000000,1568763904.000000,0.000700,0.000000,0.000000,0.000000,0.012000,0.000000,0.000000,0.000000,0.003300,0.000000
2029,1.827213,1.033397,1.019600,0.934900,1112.000000,845930586.000000,1318204976.000000,234864640.000000,1568763904.000000,0.000700,0.000000,0.000000,0.000000,0.013000,0.000000,0.000000,0.000000,0.003300,0.000000
2030,1.828057,0.851205,0.860100,0.774800,1112.000000,845930610.000000,1318204976.000000,234864640.000000,1568763904.000000,0.000600,0.000000,0.000000,0.000000,0.012700,0.000000,0.000000,0.000000,0.003700,0.000000
2031,1.828927,0.875900,0.879100,0.794100,1112.000000,845930218.000000,1318204976.000000,234864640.000000,1568763904.000000,0.000600,0.000000,0.000000,0.000000,0.011100,0.000000,0.000000,0.000000,0.003500,0.000000
2032,1.829788,0.857200,0.811300,0.731400,1112.000000,845930234.000000,1318204976.000000,234864640.000000,1568763904.000000,0.000500,0.000000,0.000000,0.000000,0.011000,0.000000,0.000000,0.000000,0.002900,0.000000
2033,1.830943,1.107497,0.874500,0.753800,1112.000000,845930258.000000,1318204976.000000,234864640.000000,1568763904.000000,0.000700,0.000000,0.000000,0.000000,0.011700,0.000000,0.000000,0.000000,0.003600,0.000000
2034,1.831870,0.964605,1.165600,0.813000,1112.000000,845931138.000000,1318204976.000000,234864640.000000,1568763904.000000,0.000600,0.000000,0.000000,0.000000,0.012000,0.000000,0.000000,0.000000,0.004300,0.000000
2035,1.832752,0.894395,0.959500,0.809900,1112.000000,845934410.000000,1318204976.000000,234864640.000000,1568763904.000000,0.000500,0.000000,0.000000,0.000000,0.011200,0.000000,0.000000,0.000000,0.003600,0.000000
2036,1.833540,0.794501,0.799400,0.716900,1112.000000,845934858.000000,1318204976.000000,234864640.000000,1568763904.000000,0.000600,0.000000,0.000000,0.000000,0.011700,0.000000,0.000000,0.000000,0.003600,0.000000
2037,1.834304,0.767297,0.765900,0.689200,1112.000000,845934458.000000,1318204976.000000,234864640.000000,1568763904.000000,0.000500,0.000000,0.000000,0.000000,0.011200,0.000000,0.000000,0.000000,0.003200,0.000000
2038,1.835154,0.850404,0.847200,0.771200,1112.000000,845934906.000000,1318204976.000000,234864640.000000,1568763904.000000,0.000600,0.000000,0.000000,0.000000,0.010700,0.000000,0.000000,0.000000,0.003200,0.000000
2039,1.835913,0.763698,0.761400,0.684000,1112.000000,845934530.000000,1318204976.000000,234864640.000000,1568763904.000000,0.000500,0.000000,0.000000,0.000000,0.010000,0.000000,0.000000,0.000000,0.003300,0.000000
2040,1.837222,1.279301,1.270200,1.160600,1112.000000,845935978.000000,1318204976.000000,234864640.000000,1568763904.000000,0.259500,0.035600,0.010700,0.016500,0.009500,0.018600,0.017200,0.015100,0.003300,0.000000
2041,1.838074,0.841603,0.843600,0.759600,1112.000000,845940098.000000,1318204976.000000,234864640.000000,1568763904.000000,0.000500,0.000000,0.000000,0.000000,0.013600,0.000000,0.000000,0.000000,0.003600,0.000000
2042,1.839291,1.222399,0.861200,0.780400,1112.000000,845960770.000000,1318204976.000000,234864640.000000,1568763904.000000,0.000600,0.000000,0.000000,0.000000,0.014700,0.000000,0.000000,0.000000,0.003900,0.000000
2043,1.840580,1.135700,1.435900,0.997700,1112.000000,845944266.000000,1318204976.000000,234864640.000000,1568763904.000000,0.000600,0.000000,0.000000,0.000000,0.045200,0.000000,0.000000,0.000000,0.003500,0.000000
2044,1.841736,1.315497,1.364900,1.225800,1112.000000,845942458.000000,1318204976.000000,234864640.000000,1568763904.000000,0.000600,0.000000,0.000000,0.000000,0.013400,0.000000,0.000000,0.000000,0.004700,0.000000
2045,1.842653,0.930903,0.882900,0.796100,1112.000000,845942498.000000,1318204976.000000,234864640.000000,1568763904.000000,0.000500,0.000000,0.000000,0.000000,0.065000,0.000000,0.000000,0.000000,0.003400,0.000000
2046,1.843527,0.876098,0.928200,0.797900,1112.000000,845942946.000000,1318204976.000000,234864640.000000,1568763904.000000,0.000500,0.000000,0.000000,0.000000,0.011100,0.000000,0.000000,0.000000,0.003600,0.000000
2047,1.844494,0.963102,0.913100,0.835300,1112.000000,845942546.000000,1318204976.000000,234864640.000000,1568763904.000000,0.000500,0.000000,0.000000,0.000000,0.010700,0.000000,0.000000,0.000000,0.003300,0.000000
2048,1.845853,1.094600,1.127900,1.001500,1112.000000,845946682.000000,1318204976.000000,234864640.000000,1568763904.000000,0.000500,0.000000,0.000000,0.000000,0.010500,0.000000,0.000000,0.000000,0.003200,0.000000
2049,1.846940,1.205697,1.206000,1.116400,1112.000000,845946690.000000,1318204976.000000,234864640.000000,1568763904.000000,0.000700,0.000000,0.000000,0.000000,0.011800,0.000000,0.000000,0.000000,0.005600,0.000000
2050,1.848070,1.261402,1.248400,1.157900,1112.000000,845947570.000000,1318204976.000000,234864640.000000,1568763904.000000,0.000600,0.000000,0.000000,0.000000,0.012800,0.000000,0.000000,0.000000,0.006300,0.000000
2051,1.848891,0.837698,0.852600,0.754300,1164.000000,845947170.000000,1318204976.000000,234864640.000000,1568763904.000000,0.000700,0.000000,0.000000,0.000000,0.012800,0.000000,0.000000,0.000000,0.004000,0.000000
2052,1.849689,0.804797,0.802600,0.721700,1112.000000,845946770.000000,1318204976.000000,234864640.000000,1568763904.000000,0.000500,0.000000,0.000000,0.000000,0.011700,0.000000,0.000000,0.000000,0.003700,0.000000
2053,1.850451,0.763301,0.765200,0.684100,1112.000000,845946794.000000,1318204976.000000,234864640.000000,1568763904.000000,0.000600,0.000000,0.000000,0.000000,0.010500,0.000000,0.000000,0.000000,0.003400,0.000000
2054,1.851245,0.792304,0.787700,0.711100,1112.000000,845947242.000000,1318204976.000000,234864640.000000,1568763904.000000,0.000600,0.000000,0.000000,0.000000,0.010700,0.000000,0.000000,0.000000,0.003100,0.000000
2055,1.852118,0.873994,0.872100,0.792000,1112.000000,845950962.000000,1318204976.000000,234864640.000000,1568763904.000000,0.000400,0.000000,0.000000,0.000000,0.010100,0.000000,0.000000,0.000000,0.003100,0.000000
2056,1.852899,0.783107,0.784700,0.706200,1112.000000,845950962.000000,1318204976.000000,234864640.000000,1568763904.000000,0.000600,0.000000,0.000000,0.000000,0.010200,0.000000,0.000000,0.000000,0.003400,0.000000
2057,1.853935,1.022194,1.016300,0.939300,1112.000000,845952986.000000,1318204976.000000,234864640.000000,1568763904.000000,0.257900,0.035000,0.010400,0.017300,0.011000,0.018600,0.017100,0.015000,0.003200,0.000000
2058,1.855139,1.198306,0.897800,0.818200,1112.000000,845973234.000000,1318204976.000000,234864640.000000,1568763904.000000,0.000700,0.000000,0.000000,0.000000,0.014000,0.000000,0.000000,0.000000,0.003400,0.000000
2059,1.856043,0.875595,1.159900,0.784600,1112.000000,845956306.000000,1318204976.000000,234864640.000000,1568763904.000000,0.000600,0.000000,0.000000,0.000000,0.013500,0.000000,0.000000,0.000000,0.003700,0.000000
2060,1.857207,1.106300,1.079600,0.979300,1112.000000,845956330.000000,1318204976.000000,234864640.000000,1568763904.000000,0.000600,0.000000,0.000000,0.000000,0.013400,0.000000,0.000000,0.000000,0.004300,0.000000
2061,1.858211,1.085204,1.106600,0.991600,1112.000000,845958930.000000,1318204976.000000,234864640.000000,1568763904.000000,0.000700,0.000000,0.000000,0.000000,0.013500,0.000000,0.000000,0.000000,0.004900,0.000000
2062,1.859046,0.851998,0.861800,0.771000,1112.000000,845959378.000000,1318204976.000000,234864640.000000,1568763904.000000,0.000600,0.000000,0.000000,0.000000,0.012100,0.000000,0.000000,0.000000,0.003300,0.000000
2063,1.859846,0.789201,0.785800,0.706500,1112.000000,845958978.000000,1318204976.000000,234864640.000000,1568763904.000000,0.000600,0.000000,0.000000,0.000000,0.011300,0.000000,0.000000,0.000000,0.003200,0.000000
2064,1.860632,0.803600,0.804800,0.725600,1112.000000,845959018.000000,1318204976.000000,234864640.000000,1568763904.000000,0.000600,0.000000,0.000000,0.000000,0.011000,0.000000,0.000000,0.000000,0.003500,0.000000
2065,1.861418,0.785098,0.784500,0.707600,1112.000000,845959026.000000,1318204976.000000,234864640.000000,1568763904.000000,0.000700,0.000000,0.000000,0.000000,0.010600,0.000000,0.000000,0.000000,0.003100,0.000000
2066,1.862261,0.831604,0.818900,0.740200,1112.000000,845960322.000000,1318204976.000000,234864640.000000,1568763904.000000,0.000500,0.000000,0.000000,0.000000,0.011800,0.000000,0.000000,0.000000,0.003100,0.000000
2067,1.863165,0.890993,0.882900,0.796900,1112.000000,845963170.000000,1318204976.000000,234864640.000000,1568763904.000000,0.000600,0.000000,0.000000,0.000000,0.011000,0.000000,0.000000,0.000000,0.003000,0.000000
2068,1.864019,0.867404,0.878700,0.787500,1112.000000,845963194.000000,1318204976.000000,234864640.000000,1568763904.000000,0.000600,0.000000,0.000000,0.000000,0.011700,0.000000,0.000000,0.000000,0.004000,0.000000
2069,1.864794,0.788698,0.789900,0.711400,1112.000000,845963218.000000,1318204976.000000,234864640.000000,1568763904.000000,0.000600,0.000000,0.000000,0.000000,0.010800,0.000000,0.000000,0.000000,0.003700,0.000000
2070,1.865561,0.769204,0.767500,0.692300,1112.000000,845963666.000000,1318204976.000000,234864640.000000,1568763904.000000,0.000600,0.000000,0.000000,0.000000,0.010500,0.000000,0.000000,0.000000,0.002900,0.000000
2071,1.866419,0.822300,0.814200,0.739200,1112.000000,845963266.000000,1318204976.000000,234864640.000000,1568763904.000000,0.000600,0.000000,0.000000,0.000000,0.010000,0.000000,0.000000,0.000000,0.002800,0.000000
2072,1.867224,0.834297,0.834000,0.751700,1112.000000,845967386.000000,1318204976.000000,234864640.000000,1568763904.000000,0.000600,0.000000,0.000000,0.000000,0.010100,0.000000,0.000000,0.000000,0.003700,0.000000
2073,1.868255,1.018502,1.010500,0.930100,1112.000000,845967834.000000,1318204976.000000,234864640.000000,1568763904.000000,0.000600,0.000000,0.000000,0.000000,0.011800,0.000000,0.000000,0.000000,0.003000,0.000000
2074,1.869121,0.867503,0.871000,0.785400,1112.000000,845988090.000000,1318204976.000000,234864640.000000,1568763904.000000,0.000600,0.000000,0.000000,0.000000,0.012500,0.000000,0.000000,0.000000,0.003600,0.000000
2075,1.870206,1.093899,1.092400,1.012900,1112.000000,845978458.000000,1318204976.000000,234864640.000000,1568763904.000000,0.284000,0.036600,0.011600,0.018000,0.010000,0.022200,0.020800,0.018300,0.003500,0.000000
2076,1.871320,1.093197,0.792300,0.713700,1112.000000,845978482.000000,1318204976.000000,234864640.000000,1568763904.000000,0.000600,0.000000,0.000000,0.000000,0.012300,0.000000,0.000000,0.000000,0.003000,0.000000
2077,1.873009,1.617999,1.387600,1.010600,1112.000000,845978650.000000,1318204976.000000,234864640.000000,1568763904.000000,0.000600,0.000000,0.000000,0.000000,0.013500,0.000000,0.000000,0.000000,0.003200,0.000000
2078,1.874158,1.212004,1.720300,1.112300,1112.000000,845979098.000000,1318204976.000000,234864640.000000,1568763904.000000,0.000600,0.000000,0.000000,0.000000,0.013800,0.000000,0.000000,0.000000,0.006000,0.000000
2079,1.875120,0.980201,0.989500,0.894300,1112.000000,845975634.000000,1318204976.000000,234864640.000000,1568763904.000000,0.000600,0.000000,0.000000,0.000000,0.011800,0.000000,0.000000,0.000000,0.003600,0.000000
2080,1.875904,0.788797,0.786600,0.703200,1112.000000,845979770.000000,1318204976.000000,234864640.000000,1568763904.000000,0.000400,0.000000,0.000000,0.000000,0.011300,0.000000,0.000000,0.000000,0.003000,0.000000
2081,1.876831,0.886501,0.885400,0.801100,1112.000000,845980202.000000,1318204976.000000,234864640.000000,1568763904.000000,0.000600,0.000000,0.000000,0.000000,0.012600,0.000000,0.000000,0.000000,0.003300,0.000000
2082,1.877797,1.001396,0.998100,0.914300,1112.000000,845980650.000000,1318204976.000000,234864640.000000,1568763904.000000,0.000500,0.000000,0.000000,0.000000,0.012000,0.000000,0.000000,0.000000,0.003400,0.000000
2083,1.879040,1.226006,0.959700,0.872600,1112.000000,845979826.000000,1318204976.000000,234864640.000000,1568763904.000000,0.000700,0.000000,0.000000,0.000000,0.010400,0.000000,0.000000,0.000000,0.003300,0.000000
2084,1.880087,1.067595,1.330000,0.985900,1112.000000,845979850.000000,1318204976.000000,234864640.000000,1568763904.000000,0.000600,0.000000,0.000000,0.000000,0.010900,0.000000,0.000000,0.000000,0.003500,0.000000
2085,1.880898,0.816001,0.814800,0.731400,1112.000000,845979874.000000,1318204976.000000,234864640.000000,1568763904.000000,0.000700,0.000000,0.000000,0.000000,0.011000,0.000000,0.000000,0.000000,0.003200,0.000000
2086,1.881733,0.833298,0.830700,0.748400,1112.000000,845980322.000000,1318204976.000000,234864640.000000,1568763904.000000,0.000600,0.000000,0.000000,0.000000,0.011000,0.000000,0.000000,0.000000,0.003300,0.000000
2087,1.882674,0.946804,0.947700,0.865300,1112.000000,845984442.000000,1318204976.000000,234864640.000000,1568763904.000000,0.000500,0.000000,0.000000,0.000000,0.012300,0.000000,0.000000,0.000000,0.003400,0.000000
2088,1.883440,0.770302,0.771600,0.693000,1112.000000,845984042.000000,1318204976.000000,234864640.000000,1568763904.000000,0.000600,0.000000,0.000000,0.000000,0.011400,0.000000,0.000000,0.000000,0.003200,0.000000
2089,1.884210,0.769296,0.767700,0.692200,1112.000000,845984066.000000,1318204976.000000,234864640.000000,1568763904.000000,0.000600,0.000000,0.000000,0.000000,0.010100,0.000000,0.000000,0.000000,0.003200,0.000000
2090,1.885138,0.916199,0.905400,0.828700,1112.000000,846000818.000000,1318204976.000000,234864640.000000,1568763904.000000,0.000600,0.000000,0.000000,0.000000,0.011800,0.000000,0.000000,0.000000,0.003200,0.000000
2091,1.885975,0.820599,0.820000,0.736700,1112.000000,845983890.000000,1318204976.000000,234864640.000000,1568763904.000000,0.000700,0.000000,0.000000,0.000000,0.011800,0.000000,0.000000,0.000000,0.003200,0.000000
2092,1.887326,1.348306,1.062000,0.977600,1112.000000,845993130.000000,1318204976.000000,234864640.000000,1568763904.000000,0.262000,0.036600,0.011100,0.016800,0.009400,0.019400,0.017300,0.013700,0.003300,0.000000
2093,1.888163,0.861295,1.146400,0.783600,1112.000000,845997266.000000,1318204976.000000,234864640.000000,1568763904.000000,0.000600,0.000000,0.000000,0.000000,0.013900,0.000000,0.000000,0.000000,0.003700,0.000000
2094,1.888931,0.774504,0.777200,0.698600,1112.000000,845997714.000000,1318204976.000000,234864640.000000,1568763904.000000,0.000500,0.000000,0.000000,0.000000,0.013500,0.000000,0.000000,0.000000,0.002700,0.000000
2095,1.889741,0.780697,0.774700,0.700800,1112.000000,845997314.000000,1318204976.000000,234864640.000000,1568763904.000000,0.000600,0.000000,0.000000,0.000000,0.012200,0.000000,0.000000,0.000000,0.003100,0.000000
2096,1.890585,0.836898,0.835700,0.758800,1112.000000,845996778.000000,1318204976.000000,234864640.000000,1568763904.000000,0.000900,0.000000,0.000000,0.000000,0.011500,0.000000,0.000000,0.000000,0.004200,0.000000
2097,1.891405,0.852303,0.843200,0.764700,1112.000000,845996362.000000,1318204976.000000,234864640.000000,1568763904.000000,0.000600,0.000000,0.000000,0.000000,0.011900,0.000000,0.000000,0.000000,0.004500,0.000000
2098,1.892208,0.799497,0.804600,0.720400,1112.000000,845997234.000000,1318204976.000000,234864640.000000,1568763904.000000,0.000600,0.000000,0.000000,0.000000,0.010600,0.000000,0.000000,0.000000,0.003200,0.000000
2099,1.892993,0.797003,0.798300,0.721900,1112.000000,846000506.000000,1318204976.000000,234864640.000000,1568763904.000000,0.000700,0.000000,0.000000,0.000000,0.009600,0.000000,0.000000,0.000000,0.003300,0.000000
2100,1.894191,1.175397,0.730800,0.657700,1112.000000,846000530.000000,1318204976.000000,234864640.000000,1568763904.000000,0.000600,0.000000,0.000000,0.000000,0.009200,0.000000,0.000000,0.000000,0.003200,0.000000
2101,1.895226,1.036302,1.368100,0.853700,1112.000000,846000978.000000,1318204976.000000,234864640.000000,1568763904.000000,0.000500,0.000000,0.000000,0.000000,0.012500,0.000000,0.000000,0.000000,0.003600,0.000000
2102,1.896091,0.872598,0.974600,0.795600,1112.000000,846001002.000000,1318204976.000000,234864640.000000,1568763904.000000,0.000600,0.000000,0.000000,0.000000,0.012500,0.000000,0.000000,0.000000,0.003800,0.000000
2103,1.896900,0.816305,0.814800,0.736200,1112.000000,846000602.000000,1318204976.000000,234864640.000000,1568763904.000000,0.000500,0.000000,0.000000,0.000000,0.010200,0.000000,0.000000,0.000000,0.003200,0.000000
2104,1.897747,0.853097,0.850300,0.773200,1112.000000,846000626.000000,1318204976.000000,234864640.000000,1568763904.000000,0.000500,0.000000,0.000000,0.000000,0.010500,0.000000,0.000000,0.000000,0.003200,0.000000
2105,1.898548,0.801403,0.799700,0.721500,1112.000000,846000650.000000,1318204976.000000,234864640.000000,1568763904.000000,0.000500,0.000000,0.000000,0.000000,0.010400,0.000000,0.000000,0.000000,0.002800,0.000000
2106,1.899369,0.820500,0.822600,0.744800,1112.000000,846021458.000000,1318204976.000000,234864640.000000,1568763904.000000,0.000600,0.000000,0.000000,0.000000,0.011500,0.000000,0.000000,0.000000,0.003000,0.000000
2107,1.900162,0.787798,0.783700,0.709100,1112.000000,846004530.000000,1318204976.000000,234864640.000000,1568763904.000000,0.000600,0.000000,0.000000,0.000000,0.010300,0.000000,0.000000,0.000000,0.003000,0.000000
2108,1.900988,0.760502,0.759300,0.683800,1112.000000,846004554.000000,1318204976.000000,234864640.000000,1568763904.000000,0.000600,0.000000,0.000000,0.000000,0.010700,0.000000,0.000000,0.000000,0.003100,0.000000
2109,1.901819,0.884495,0.878300,0.802600,1112.000000,846008690.000000,1318204976.000000,234864640.000000,1568763904.000000,0.000700,0.000000,0.000000,0.000000,0.010800,0.000000,0.000000,0.000000,0.003900,0.000000
2110,1.902622,0.791702,0.793100,0.714500,1112.000000,846009210.000000,1318204976.000000,234864640.000000,1568763904.000000,0.000600,0.000000,0.000000,0.000000,0.011100,0.000000,0.000000,0.000000,0.003200,0.000000
2111,1.903730,1.112904,1.104400,1.026900,1112.000000,846010802.000000,1318204976.000000,234864640.000000,1568763904.000000,0.270700,0.040100,0.010900,0.017100,0.012100,0.021600,0.017700,0.014000,0.005600,0.000000
2112,1.904581,0.833596,0.806500,0.724100,1112.000000,846014514.000000,1318204976.000000,234864640.000000,1568763904.000000,0.000600,0.000000,0.000000,0.000000,0.013700,0.000000,0.000000,0.000000,0.003400,0.000000
2113,1.905362,0.811699,0.839700,0.758900,1112.000000,846014522.000000,1318204976.000000,234864640.000000,1568763904.000000,0.000600,0.000000,0.000000,0.000000,0.015700,0.000000,0.000000,0.000000,0.003300,0.000000
2114,1.906190,0.799001,0.796200,0.717000,1112.000000,846015394.000000,1318204976.000000,234864640.000000,1568763904.000000,0.000600,0.000000,0.000000,0.000000,0.012900,0.000000,0.000000,0.000000,0.003000,0.000000
2115,1.907308,1.063705,1.023200,0.933900,1112.000000,846013450.000000,1318204976.000000,234864640.000000,1568763904.000000,0.000700,0.000000,0.000000,0.000000,0.011800,0.000000,0.000000,0.000000,0.003300,0.000000
2116,1.908388,1.150694,1.147900,1.032200,1112.000000,846013050.000000,1318204976.000000,234864640.000000,1568763904.000000,0.000800,0.000000,0.000000,0.000000,0.015800,0.000000,0.000000,0.000000,0.005100,0.000000
2117,1.909193,0.819005,0.853000,0.736900,1112.000000,846013074.000000,1318204976.000000,234864640.000000,1568763904.000000,0.000600,0.000000,0.000000,0.000000,0.011200,0.000000,0.000000,0.000000,0.003300,0.000000
2118,1.910012,0.817900,0.813600,0.733900,1112.000000,846013522.000000,1318204976.000000,234864640.000000,1568763904.000000,0.000700,0.000000,0.000000,0.000000,0.011100,0.000000,0.000000,0.000000,0.003200,0.000000
2119,1.911332,1.217297,0.831700,0.749100,1112.000000,846017218.000000,1318204976.000000,234864640.000000,1568763904.000000,0.000500,0.000000,0.000000,0.000000,0.010300,0.000000,0.000000,0.000000,0.003000,0.000000
2120,1.912674,1.348002,1.679600,1.207100,1112.000000,846017242.000000,1318204976.000000,234864640.000000,1568763904.000000,0.000700,0.000000,0.000000,0.000000,0.022600,0.000000,0.000000,0.000000,0.005700,0.000000
2121,1.913854,1.186097,1.196800,1.060900,1112.000000,846017266.000000,1318204976.000000,234864640.000000,1568763904.000000,0.000700,0.000000,0.000000,0.000000,0.018000,0.000000,0.000000,0.000000,0.005200,0.000000
2122,1.915067,1.226701,1.223800,1.100600,1112.000000,846033954.000000,1318204976.000000,234864640.000000,1568763904.000000,0.000800,0.000000,0.000000,0.000000,0.017500,0.000000,0.000000,0.000000,0.005000,0.000000
2123,1.916227,1.158199,1.159000,1.036800,1112.000000,846017026.000000,1318204976.000000,234864640.000000,1568763904.000000,0.000700,0.000000,0.000000,0.000000,0.017700,0.000000,0.000000,0.000000,0.004900,0.000000
2124,1.917358,1.191702,1.218700,1.106300,1112.000000,846017050.000000,1318204976.000000,234864640.000000,1568763904.000000,0.000800,0.000000,0.000000,0.000000,0.017700,0.000000,0.000000,0.000000,0.005300,0.000000
2125,1.918194,0.852098,0.856100,0.773000,1112.000000,846021186.000000,1318204976.000000,234864640.000000,1568763904.000000,0.000500,0.000000,0.000000,0.000000,0.029700,0.000000,0.000000,0.000000,0.004000,0.000000
2126,1.919195,0.994700,0.793100,0.715800,1112.000000,846025738.000000,1318204976.000000,234864640.000000,1568763904.000000,0.000500,0.000000,0.000000,0.000000,0.011600,0.000000,0.000000,0.000000,0.003400,0.000000
2127,1.920282,1.090505,1.285300,1.011200,1112.000000,846026594.000000,1318204976.000000,234864640.000000,1568763904.000000,0.287300,0.039800,0.010800,0.017800,0.009400,0.021400,0.017600,0.022900,0.003500,0.000000
2128,1.921038,0.762996,0.761700,0.682400,1112.000000,846026634.000000,1318204976.000000,234864640.000000,1568763904.000000,0.000400,0.000000,0.000000,0.000000,0.012800,0.000000,0.000000,0.000000,0.002700,0.000000
2129,1.921812,0.771705,0.768900,0.689600,1112.000000,846027066.000000,1318204976.000000,234864640.000000,1568763904.000000,0.000500,0.000000,0.000000,0.000000,0.014300,0.000000,0.000000,0.000000,0.002900,0.000000
2130,1.922802,0.986600,0.972100,0.891700,1112.000000,846027538.000000,1318204976.000000,234864640.000000,1568763904.000000,0.000500,0.000000,0.000000,0.000000,0.013100,0.000000,0.000000,0.000000,0.003300,0.000000
2131,1.923651,0.838896,0.794900,0.703300,1112.000000,846029562.000000,1318204976.000000,234864640.000000,1568763904.000000,0.000500,0.000000,0.000000,0.000000,0.010300,0.000000,0.000000,0.000000,0.003100,0.000000
2132,1.924501,0.862103,0.915000,0.784300,1112.000000,846029586.000000,1318204976.000000,234864640.000000,1568763904.000000,0.000600,0.000000,0.000000,0.000000,0.011100,0.000000,0.000000,0.000000,0.003500,0.000000
2133,1.925290,0.794097,0.795800,0.716700,1112.000000,846029610.000000,1318204976.000000,234864640.000000,1568763904.000000,0.000400,0.000000,0.000000,0.000000,0.009900,0.000000,0.000000,0.000000,0.002900,0.000000
2134,1.926082,0.779599,0.778600,0.703400,1112.000000,846030058.000000,1318204976.000000,234864640.000000,1568763904.000000,0.000600,0.000000,0.000000,0.000000,0.010200,0.000000,0.000000,0.000000,0.002900,0.000000
2135,1.927342,1.239399,0.787000,0.712000,1112.000000,846029658.000000,1318204976.000000,234864640.000000,1568763904.000000,0.000500,0.000000,0.000000,0.000000,0.009800,0.000000,0.000000,0.000000,0.003100,0.000000
2136,1.928224,0.905506,1.345900,0.823600,1112.000000,846033778.000000,1318204976.000000,234864640.000000,1568763904.000000,0.000600,0.000000,0.000000,0.000000,0.011200,0.000000,0.000000,0.000000,0.004000,0.000000
2137,1.929048,0.834800,0.834500,0.752300,1112.000000,846033802.000000,1318204976.000000,234864640.000000,1568763904.000000,0.000600,0.000000,0.000000,0.000000,0.011100,0.000000,0.000000,0.000000,0.003100,0.000000
2138,1.929851,0.801594,0.798300,0.718100,1112.000000,846054474.000000,1318204976.000000,234864640.000000,1568763904.000000,0.000600,0.000000,0.000000,0.000000,0.010700,0.000000,0.000000,0.000000,0.003000,0.000000
2139,1.930658,0.792000,0.792500,0.712100,1112.000000,846037546.000000,1318204976.000000,234864640.000000,1568763904.000000,0.000500,0.000000,0.000000,0.000000,0.010500,0.000000,0.000000,0.000000,0.003200,0.000000
2140,1.931448,0.811600,0.814100,0.736000,1112.000000,846037570.000000,1318204976.000000,234864640.000000,1568763904.000000,0.000700,0.000000,0.000000,0.000000,0.012300,0.000000,0.000000,0.000000,0.003500,0.000000
2141,1.932234,0.776800,0.771800,0.696900,1112.000000,846037610.000000,1318204976.000000,234864640.000000,1568763904.000000,0.000600,0.000000,0.000000,0.000000,0.010300,0.000000,0.000000,0.000000,0.002900,0.000000
2142,1.933092,0.857802,0.856100,0.778300,1112.000000,846038482.000000,1318204976.000000,234864640.000000,1568763904.000000,0.000600,0.000000,0.000000,0.000000,0.012200,0.000000,0.000000,0.000000,0.003200,0.000000
2143,1.933849,0.761203,0.762700,0.685400,1112.000000,846041754.000000,1318204976.000000,234864640.000000,1568763904.000000,0.000600,0.000000,0.000000,0.000000,0.011100,0.000000,0.000000,0.000000,0.003000,0.000000
2144,1.934832,0.955194,0.820200,0.654100,1112.000000,846045890.000000,1318204976.000000,234864640.000000,1568763904.000000,0.000600,0.000000,0.000000,0.000000,0.010300,0.000000,0.000000,0.000000,0.003000,0.000000
2145,1.935637,0.824702,0.913200,0.711800,1112.000000,846046322.000000,1318204976.000000,234864640.000000,1568763904.000000,0.000500,0.000000,0.000000,0.000000,0.011300,0.000000,0.000000,0.000000,0.002900,0.000000
2146,1.936445,0.811600,0.847900,0.734700,1112.000000,846046786.000000,1318204976.000000,234864640.000000,1568763904.000000,0.000500,0.000000,0.000000,0.000000,0.012500,0.000000,0.000000,0.000000,0.003400,0.000000
2147,1.937524,1.074901,1.067700,0.989300,1112.000000,846047330.000000,1318204976.000000,234864640.000000,1568763904.000000,0.275800,0.035000,0.011100,0.018200,0.009500,0.018800,0.016500,0.020900,0.003300,0.000000
2148,1.938301,0.785899,0.789600,0.707300,1112.000000,846047354.000000,1318204976.000000,234864640.000000,1568763904.000000,0.000600,0.000000,0.000000,0.000000,0.012700,0.000000,0.000000,0.000000,0.003100,0.000000
2149,1.939055,0.752898,0.752100,0.675300,1112.000000,846047378.000000,1318204976.000000,234864640.000000,1568763904.000000,0.000700,0.000000,0.000000,0.000000,0.012200,0.000000,0.000000,0.000000,0.003200,0.000000
2150,1.939844,0.782703,0.773900,0.697900,1112.000000,846047826.000000,1318204976.000000,234864640.000000,1568763904.000000,0.000600,0.000000,0.000000,0.000000,0.012400,0.000000,0.000000,0.000000,0.003100,0.000000
2151,1.940881,0.987004,0.964300,0.873900,1112.000000,846050162.000000,1318204976.000000,234864640.000000,1568763904.000000,0.000500,0.000000,0.000000,0.000000,0.009700,0.000000,0.000000,0.000000,0.002900,0.000000
2152,1.941884,1.013896,1.012800,0.906800,1112.000000,846050186.000000,1318204976.000000,234864640.000000,1568763904.000000,0.000600,0.000000,0.000000,0.000000,0.012600,0.000000,0.000000,0.000000,0.005500,0.000000
2153,1.942867,0.925503,0.936700,0.837500,1112.000000,846050210.000000,1318204976.000000,234864640.000000,1568763904.000000,0.000500,0.000000,0.000000,0.000000,0.012200,0.000000,0.000000,0.000000,0.004600,0.000000
2154,1.943716,0.938598,0.942000,0.853300,1112.000000,846066786.000000,1318204976.000000,234864640.000000,1568763904.000000,0.000500,0.000000,0.000000,0.000000,0.011000,0.000000,0.000000,0.000000,0.005300,0.000000
2155,1.944494,0.789598,0.792600,0.710500,1112.000000,846049858.000000,1318204976.000000,234864640.000000,1568763904.000000,0.000600,0.000000,0.000000,0.000000,0.010600,0.000000,0.000000,0.000000,0.003100,0.000000
2156,1.945356,0.853805,0.850100,0.772500,1112.000000,846049882.000000,1318204976.000000,234864640.000000,1568763904.000000,0.000600,0.000000,0.000000,0.000000,0.010200,0.000000,0.000000,0.000000,0.003200,0.000000
2157,1.946161,0.795295,0.795100,0.716500,1112.000000,846054442.000000,1318204976.000000,234864640.000000,1568763904.000000,0.000500,0.000000,0.000000,0.000000,0.012300,0.000000,0.000000,0.000000,0.003300,0.000000
2158,1.947006,0.844303,0.839500,0.762200,1112.000000,846054466.000000,1318204976.000000,234864640.000000,1568763904.000000,0.000600,0.000000,0.000000,0.000000,0.010800,0.000000,0.000000,0.000000,0.003700,0.000000
2159,1.947817,0.829202,0.829100,0.749700,1112.000000,846054490.000000,1318204976.000000,234864640.000000,1568763904.000000,0.000700,0.000000,0.000000,0.000000,0.011700,0.000000,0.000000,0.000000,0.003400,0.000000
2160,1.948578,0.758900,0.757500,0.680600,1112.000000,846058202.000000,1318204976.000000,234864640.000000,1568763904.000000,0.000500,0.000000,0.000000,0.000000,0.010800,0.000000,0.000000,0.000000,0.003200,0.000000
2161,1.949425,0.851396,0.850900,0.774800,1112.000000,846058210.000000,1318204976.000000,234864640.000000,1568763904.000000,0.000600,0.000000,0.000000,0.000000,0.013400,0.000000,0.000000,0.000000,0.003100,0.000000
2162,1.950175,0.750999,0.750700,0.676000,1112.000000,846059098.000000,1318204976.000000,234864640.000000,1568763904.000000,0.000600,0.000000,0.000000,0.000000,0.010700,0.000000,0.000000,0.000000,0.003100,0.000000
2163,1.951308,1.116001,0.769100,0.693500,1112.000000,846062354.000000,1318204976.000000,234864640.000000,1568763904.000000,0.000500,0.000000,0.000000,0.000000,0.009500,0.000000,0.000000,0.000000,0.002800,0.000000
2164,1.952152,0.857100,1.193700,0.777800,1112.000000,846062378.000000,1318204976.000000,234864640.000000,1568763904.000000,0.000500,0.000000,0.000000,0.000000,0.011600,0.000000,0.000000,0.000000,0.003500,0.000000
2165,1.952940,0.795203,0.795900,0.716800,1112.000000,846062402.000000,1318204976.000000,234864640.000000,1568763904.000000,0.000600,0.000000,0.000000,0.000000,0.010600,0.000000,0.000000,0.000000,0.003100,0.000000
2166,1.953953,1.008999,1.009400,0.933000,1112.000000,846064346.000000,1318204976.000000,234864640.000000,1568763904.000000,0.268600,0.035200,0.010500,0.017300,0.009800,0.017700,0.017000,0.014300,0.003400,0.000000
2167,1.954681,0.734899,0.732800,0.659200,1112.000000,846063946.000000,1318204976.000000,234864640.000000,1568763904.000000,0.000500,0.000000,0.000000,0.000000,0.012300,0.000000,0.000000,0.000000,0.003100,0.000000
2168,1.955433,0.751502,0.750800,0.677100,1112.000000,846064010.000000,1318204976.000000,234864640.000000,1568763904.000000,0.000500,0.000000,0.000000,0.000000,0.012000,0.000000,0.000000,0.000000,0.003000,0.000000
2169,1.956373,0.914796,0.897100,0.822700,1112.000000,846064066.000000,1318204976.000000,234864640.000000,1568763904.000000,0.000500,0.000000,0.000000,0.000000,0.012900,0.000000,0.000000,0.000000,0.003000,0.000000
2170,1.957359,0.973299,0.968800,0.875000,1112.000000,846083578.000000,1318204976.000000,234864640.000000,1568763904.000000,0.000600,0.000000,0.000000,0.000000,0.013800,0.000000,0.000000,0.000000,0.003600,0.000000
2171,1.958171,0.836501,0.846000,0.754100,1112.000000,846066650.000000,1318204976.000000,234864640.000000,1568763904.000000,0.000600,0.000000,0.000000,0.000000,0.011800,0.000000,0.000000,0.000000,0.003500,0.000000
2172,1.959148,0.979500,0.868400,0.788300,1112.000000,846067098.000000,1318204976.000000,234864640.000000,1568763904.000000,0.000600,0.000000,0.000000,0.000000,0.012800,0.000000,0.000000,0.000000,0.003200,0.000000
2173,1.959917,0.778005,0.888500,0.701700,1112.000000,846067138.000000,1318204976.000000,234864640.000000,1568763904.000000,0.000600,0.000000,0.000000,0.000000,0.012700,0.000000,0.000000,0.000000,0.003000,0.000000
2174,1.960707,0.791596,0.789800,0.714800,1112.000000,846067162.000000,1318204976.000000,234864640.000000,1568763904.000000,0.000600,0.000000,0.000000,0.000000,0.011500,0.000000,0.000000,0.000000,0.002800,0.000000
2175,1.961513,0.795599,0.789600,0.714800,1112.000000,846066762.000000,1318204976.000000,234864640.000000,1568763904.000000,0.000500,0.000000,0.000000,0.000000,0.023200,0.000000,0.000000,0.000000,0.003000,0.000000
2176,1.962321,0.809403,0.803900,0.724700,1112.000000,846070898.000000,1318204976.000000,234864640.000000,1568763904.000000,0.000600,0.000000,0.000000,0.000000,0.010600,0.000000,0.000000,0.000000,0.003200,0.000000
2177,1.963086,0.769898,0.773900,0.692200,1112.000000,846079098.000000,1318204976.000000,234864640.000000,1568763904.000000,0.000600,0.000000,0.000000,0.000000,0.010800,0.000000,0.000000,0.000000,0.003400,0.000000
2178,1.963915,0.832001,0.823200,0.744400,1112.000000,846082129.000000,1318204976.000000,234864640.000000,1568763904.000000,0.000500,0.000000,0.000000,0.000000,0.011400,0.000000,0.000000,0.000000,0.003200,0.000000
2179,1.964754,0.816397,0.823200,0.741700,1112.000000,846079186.000000,1318204976.000000,234864640.000000,1568763904.000000,0.000600,0.000000,0.000000,0.000000,0.009400,0.000000,0.000000,0.000000,0.003100,0.000000
2180,1.965505,0.769799,0.765500,0.691400,1112.000000,846079210.000000,1318204976.000000,234864640.000000,1568763904.000000,0.000600,0.000000,0.000000,0.000000,0.009600,0.000000,0.000000,0.000000,0.003000,0.000000
2181,1.966358,0.826800,0.820800,0.743600,1112.000000,846079234.000000,1318204976.000000,234864640.000000,1568763904.000000,0.000600,0.000000,0.000000,0.000000,0.010100,0.000000,0.000000,0.000000,0.003000,0.000000
2182,1.967235,0.862202,0.857900,0.776400,1112.000000,846079682.000000,1318204976.000000,234864640.000000,1568763904.000000,0.000600,0.000000,0.000000,0.000000,0.011100,0.000000,0.000000,0.000000,0.003500,0.000000
2183,1.968232,1.022300,0.920000,0.836200,1112.000000,846083402.000000,1318204976.000000,234864640.000000,1568763904.000000,0.000500,0.000000,0.000000,0.000000,0.011400,0.000000,0.000000,0.000000,0.005900,0.000000
2184,1.969062,0.837798,0.941100,0.759100,1112.000000,846083434.000000,1318204976.000000,234864640.000000,1568763904.000000,0.000500,0.000000,0.000000,0.000000,0.011400,0.000000,0.000000,0.000000,0.003600,0.000000
2185,1.970229,1.172102,1.169300,1.091000,1112.000000,846085162.000000,1318204976.000000,234864640.000000,1568763904.000000,0.262600,0.035300,0.010700,0.016900,0.009700,0.018700,0.016500,0.014100,0.003200,0.000000
2186,1.971176,0.948498,0.945600,0.865600,1112.000000,846101762.000000,1318204976.000000,234864640.000000,1568763904.000000,0.000600,0.000000,0.000000,0.000000,0.014400,0.000000,0.000000,0.000000,0.003100,0.000000
2187,1.972083,0.895805,0.889600,0.809800,1112.000000,846085810.000000,1318204976.000000,234864640.000000,1568763904.000000,0.000600,0.000000,0.000000,0.000000,0.016000,0.000000,0.000000,0.000000,0.003100,0.000000
2188,1.973036,0.917496,0.888000,0.801400,1112.000000,846084986.000000,1318204976.000000,234864640.000000,1568763904.000000,0.000600,0.000000,0.000000,0.000000,0.014600,0.000000,0.000000,0.000000,0.003300,0.000000
2189,1.973965,0.963003,0.987600,0.879800,1112.000000,846087522.000000,1318204976.000000,234864640.000000,1568763904.000000,0.000600,0.000000,0.000000,0.000000,0.011500,0.000000,0.000000,0.000000,0.004600,0.000000
2190,1.975044,1.035098,0.789000,0.705500,1112.000000,846087970.000000,1318204976.000000,234864640.000000,1568763904.000000,0.000500,0.000000,0.000000,0.000000,0.010800,0.000000,0.000000,0.000000,0.003400,0.000000
2191,1.975906,0.909403,1.153800,0.827700,1112.000000,846087570.000000,1318204976.000000,234864640.000000,1568763904.000000,0.000700,0.000000,0.000000,0.000000,0.010100,0.000000,0.000000,0.000000,0.004600,0.000000
2192,1.976715,0.811295,0.812100,0.731600,1112.000000,846087682.000000,1318204976.000000,234864640.000000,1568763904.000000,0.000600,0.000000,0.000000,0.000000,0.011400,0.000000,0.000000,0.000000,0.003300,0.000000
2193,1.977558,0.822201,0.819000,0.740900,1112.000000,846088202.000000,1318204976.000000,234864640.000000,1568763904.000000,0.000600,0.000000,0.000000,0.000000,0.011800,0.000000,0.000000,0.000000,0.003000,0.000000
2194,1.978509,0.938301,0.917600,0.833400,1112.000000,846093618.000000,1318204976.000000,234864640.000000,1568763904.000000,0.000500,0.000000,0.000000,0.000000,0.012200,0.000000,0.000000,0.000000,0.003900,0.000000
2195,1.979456,0.950999,0.950800,0.852200,1112.000000,846097042.000000,1318204976.000000,234864640.000000,1568763904.000000,0.000600,0.000000,0.000000,0.000000,0.011600,0.000000,0.000000,0.000000,0.003700,0.000000
2196,1.980354,0.931002,0.943400,0.846500,1112.000000,846097090.000000,1318204976.000000,234864640.000000,1568763904.000000,0.000500,0.000000,0.000000,0.000000,0.012900,0.000000,0.000000,0.000000,0.004300,0.000000
2197,1.981158,0.801098,0.798400,0.718400,1112.000000,846097354.000000,1318204976.000000,234864640.000000,1568763904.000000,0.000600,0.000000,0.000000,0.000000,0.010600,0.000000,0.000000,0.000000,0.002900,0.000000
2198,1.982018,0.856703,0.839500,0.758800,1112.000000,846097898.000000,1318204976.000000,234864640.000000,1568763904.000000,0.000500,0.000000,0.000000,0.000000,0.011800,0.000000,0.000000,0.000000,0.003100,0.000000
2199,1.983035,1.004500,0.849500,0.751100,1112.000000,846097554.000000,1318204976.000000,234864640.000000,1568763904.000000,0.000600,0.000000,0.000000,0.000000,0.010600,0.000000,0.000000,0.000000,0.003100,0.000000
2200,1.983868,0.824001,0.988800,0.743400,1112.000000,846101666.000000,1318204976.000000,234864640.000000,1568763904.000000,0.000600,0.000000,0.000000,0.000000,0.011000,0.000000,0.000000,0.000000,0.003400,0.000000
2201,1.984774,0.856796,0.852600,0.769700,1112.000000,846101826.000000,1318204976.000000,234864640.000000,1568763904.000000,0.000700,0.000000,0.000000,0.000000,0.011500,0.000000,0.000000,0.000000,0.006300,0.000000
2202,1.985663,0.939704,0.942000,0.858600,1112.000000,846126034.000000,1318204976.000000,234864640.000000,1568763904.000000,0.000700,0.000000,0.000000,0.000000,0.013500,0.000000,0.000000,0.000000,0.004700,0.000000
2203,1.986501,0.849298,0.848300,0.769200,1112.000000,846110082.000000,1318204976.000000,234864640.000000,1568763904.000000,0.000600,0.000000,0.000000,0.000000,0.014000,0.000000,0.000000,0.000000,0.003400,0.000000
2204,1.987633,1.144898,1.141200,1.062400,1112.000000,846113138.000000,1318204976.000000,234864640.000000,1568763904.000000,0.296800,0.036400,0.038700,0.021100,0.012600,0.019800,0.017300,0.014900,0.003500,0.000000
2205,1.988441,0.808404,0.806700,0.727000,1112.000000,846113178.000000,1318204976.000000,234864640.000000,1568763904.000000,0.000600,0.000000,0.000000,0.000000,0.013100,0.000000,0.000000,0.000000,0.003300,0.000000
2206,1.989298,0.844700,0.816200,0.727200,1112.000000,846113626.000000,1318204976.000000,234864640.000000,1568763904.000000,0.000500,0.000000,0.000000,0.000000,0.013700,0.000000,0.000000,0.000000,0.003100,0.000000
2207,1.990193,0.866695,0.887400,0.784800,1112.000000,846113226.000000,1318204976.000000,234864640.000000,1568763904.000000,0.000600,0.000000,0.000000,0.000000,0.013100,0.000000,0.000000,0.000000,0.003600,0.000000
2208,1.991551,1.277806,0.919600,0.835800,1112.000000,846113826.000000,1318204976.000000,234864640.000000,1568763904.000000,0.000600,0.000000,0.000000,0.000000,0.010700,0.000000,0.000000,0.000000,0.003400,0.000000
2209,1.992847,1.332100,1.638900,1.195700,1112.000000,846113850.000000,1318204976.000000,234864640.000000,1568763904.000000,0.000800,0.000000,0.000000,0.000000,0.019600,0.000000,0.000000,0.000000,0.007100,0.000000
2210,1.993737,0.949596,0.982200,0.856300,1112.000000,846114850.000000,1318204976.000000,234864640.000000,1568763904.000000,0.000600,0.000000,0.000000,0.000000,0.011700,0.000000,0.000000,0.000000,0.004300,0.000000
2211,1.994560,0.844898,0.856700,0.765000,1112.000000,846118122.000000,1318204976.000000,234864640.000000,1568763904.000000,0.000600,0.000000,0.000000,0.000000,0.010100,0.000000,0.000000,0.000000,0.004000,0.000000
2212,1.995384,0.832306,0.829300,0.750200,1112.000000,846118146.000000,1318204976.000000,234864640.000000,1568763904.000000,0.000500,0.000000,0.000000,0.000000,0.011100,0.000000,0.000000,0.000000,0.003100,0.000000
2213,1.996191,0.805995,0.802800,0.719500,1112.000000,846118170.000000,1318204976.000000,234864640.000000,1568763904.000000,0.000500,0.000000,0.000000,0.000000,0.010500,0.000000,0.000000,0.000000,0.003100,0.000000
2214,1.997051,0.853104,0.844600,0.763600,1112.000000,846118626.000000,1318204976.000000,234864640.000000,1568763904.000000,0.000600,0.000000,0.000000,0.000000,0.011600,0.000000,0.000000,0.000000,0.003100,0.000000
2215,1.997863,0.807200,0.811100,0.724300,1112.000000,846122330.000000,1318204976.000000,234864640.000000,1568763904.000000,0.000600,0.000000,0.000000,0.000000,0.010000,0.000000,0.000000,0.000000,0.003200,0.000000
2216,1.999055,1.184899,0.875200,0.794800,1112.000000,846122346.000000,1318204976.000000,234864640.000000,1568763904.000000,0.000600,0.000000,0.000000,0.000000,0.010800,0.000000,0.000000,0.000000,0.003200,0.000000
2217,1.999888,0.845798,1.152400,0.768300,1112.000000,846122810.000000,1318204976.000000,234864640.000000,1568763904.000000,0.000600,0.000000,0.000000,0.000000,0.013200,0.000000,0.000000,0.000000,0.003500,0.000000
2218,2.000739,0.844600,0.846000,0.766700,1112.000000,846139538.000000,1318204976.000000,234864640.000000,1568763904.000000,0.000600,0.000000,0.000000,0.000000,0.012800,0.000000,0.000000,0.000000,0.003200,0.000000
2219,2.001576,0.824802,0.819000,0.742800,1112.000000,846122162.000000,1318204976.000000,234864640.000000,1568763904.000000,0.000600,0.000000,0.000000,0.000000,0.010500,0.000000,0.000000,0.000000,0.003500,0.000000
2220,2.002430,0.867503,0.865100,0.785500,1112.000000,846122186.000000,1318204976.000000,234864640.000000,1568763904.000000,0.000600,0.000000,0.000000,0.000000,0.010000,0.000000,0.000000,0.000000,0.003500,0.000000
2221,2.003544,1.094494,1.094300,1.015200,1112.000000,846131434.000000,1318204976.000000,234864640.000000,1568763904.000000,0.307300,0.039600,0.010500,0.016800,0.010100,0.046800,0.020800,0.014700,0.003200,0.000000
2222,2.004316,0.802601,0.800600,0.723000,1112.000000,846131882.000000,1318204976.000000,234864640.000000,1568763904.000000,0.000700,0.000000,0.000000,0.000000,0.013300,0.000000,0.000000,0.000000,0.004100,0.000000
2223,2.005156,0.838903,0.834100,0.734400,1112.000000,846131482.000000,1318204976.000000,234864640.000000,1568763904.000000,0.000600,0.000000,0.000000,0.000000,0.012500,0.000000,0.000000,0.000000,0.003000,0.000000
2224,2.006046,0.832802,0.820800,0.742400,1112.000000,846131506.000000,1318204976.000000,234864640.000000,1568763904.000000,0.000600,0.000000,0.000000,0.000000,0.011900,0.000000,0.000000,0.000000,0.003200,0.000000
2225,2.007710,1.541397,1.029100,0.930700,1112.000000,846126418.000000,1318204976.000000,234864640.000000,1568763904.000000,0.000500,0.000000,0.000000,0.000000,0.012300,0.000000,0.000000,0.000000,0.003600,0.000000
2226,2.009043,1.411997,1.882200,1.281700,1112.000000,846127290.000000,1318204976.000000,234864640.000000,1568763904.000000,0.001000,0.000000,0.000000,0.000000,0.020300,0.000000,0.000000,0.000000,0.007600,0.000000
2227,2.010210,1.178904,1.184600,1.053500,1112.000000,846130690.000000,1318204976.000000,234864640.000000,1568763904.000000,0.000700,0.000000,0.000000,0.000000,0.018100,0.000000,0.000000,0.000000,0.005300,0.000000
2228,2.011408,1.191298,1.187100,1.063700,1112.000000,846134810.000000,1318204976.000000,234864640.000000,1568763904.000000,0.000700,0.000000,0.000000,0.000000,0.018400,0.000000,0.000000,0.000000,0.005400,0.000000
2229,2.012598,1.194997,1.190200,1.064800,1112.000000,846134834.000000,1318204976.000000,234864640.000000,1568763904.000000,0.000700,0.000000,0.000000,0.000000,0.018100,0.000000,0.000000,0.000000,0.005200,0.000000
2230,2.013730,1.140901,1.143300,1.017300,1112.000000,846135282.000000,1318204976.000000,234864640.000000,1568763904.000000,0.000700,0.000000,0.000000,0.000000,0.018900,0.000000,0.000000,0.000000,0.005200,0.000000
2231,2.015170,1.489498,1.127200,1.006400,1112.000000,846135314.000000,1318204976.000000,234864640.000000,1568763904.000000,0.000700,0.000000,0.000000,0.000000,0.019800,0.000000,0.000000,0.000000,0.005200,0.000000
2232,2.016043,0.896804,1.287200,0.816500,1112.000000,846134906.000000,1318204976.000000,234864640.000000,1568763904.000000,0.000800,0.000000,0.000000,0.000000,0.011900,0.000000,0.000000,0.000000,0.003900,0.000000
2233,2.016906,0.867999,0.861500,0.780100,1112.000000,846135354.000000,1318204976.000000,234864640.000000,1568763904.000000,0.000600,0.000000,0.000000,0.000000,0.011700,0.000000,0.000000,0.000000,0.003400,0.000000
2234,2.017730,0.825198,0.830700,0.744200,1112.000000,846155738.000000,1318204976.000000,234864640.000000,1568763904.000000,0.000600,0.000000,0.000000,0.000000,0.012000,0.000000,0.000000,0.000000,0.003300,0.000000
2235,2.018513,0.780003,0.778600,0.701000,1112.000000,846138810.000000,1318204976.000000,234864640.000000,1568763904.000000,0.000600,0.000000,0.000000,0.000000,0.010100,0.000000,0.000000,0.000000,0.003300,0.000000
2236,2.019285,0.781101,0.779300,0.702600,1112.000000,846138834.000000,1318204976.000000,234864640.000000,1568763904.000000,0.000600,0.000000,0.000000,0.000000,0.010700,0.000000,0.000000,0.000000,0.003300,0.000000
2237,2.020432,1.080400,1.075400,0.997900,1112.000000,846139698.000000,1318204976.000000,234864640.000000,1568763904.000000,0.277700,0.035800,0.011000,0.019700,0.010500,0.019600,0.017000,0.022100,0.003700,0.000000
2238,2.021243,0.863896,0.863500,0.783800,1112.000000,846140146.000000,1318204976.000000,234864640.000000,1568763904.000000,0.000700,0.000000,0.000000,0.000000,0.013500,0.000000,0.000000,0.000000,0.004000,0.000000
2239,2.022100,0.856703,0.852500,0.774200,1112.000000,846139746.000000,1318204976.000000,234864640.000000,1568763904.000000,0.000500,0.000000,0.000000,0.000000,0.012800,0.000000,0.000000,0.000000,0.003400,0.000000
2240,2.023488,1.328699,0.814600,0.734800,1112.000000,846143882.000000,1318204976.000000,234864640.000000,1568763904.000000,0.000600,0.000000,0.000000,0.000000,0.012400,0.000000,0.000000,0.000000,0.003400,0.000000
2241,2.024555,1.117297,1.617200,1.025500,1112.000000,846143066.000000,1318204976.000000,234864640.000000,1568763904.000000,0.000700,0.000000,0.000000,0.000000,0.012800,0.000000,0.000000,0.000000,0.004300,0.000000
2242,2.025402,0.861104,0.866600,0.776900,1112.000000,846143938.000000,1318204976.000000,234864640.000000,1568763904.000000,0.000500,0.000000,0.000000,0.000000,0.012500,0.000000,0.000000,0.000000,0.003700,0.000000
2243,2.026241,0.821995,0.820200,0.738000,1112.000000,846143114.000000,1318204976.000000,234864640.000000,1568763904.000000,0.000600,0.000000,0.000000,0.000000,0.010700,0.000000,0.000000,0.000000,0.003300,0.000000
2244,2.027165,0.919700,0.917300,0.835500,1112.000000,846143266.000000,1318204976.000000,234864640.000000,1568763904.000000,0.000600,0.000000,0.000000,0.000000,0.010900,0.000000,0.000000,0.000000,0.003200,0.000000
2245,2.027996,0.845302,0.844800,0.762600,1112.000000,846147810.000000,1318204976.000000,234864640.000000,1568763904.000000,0.000600,0.000000,0.000000,0.000000,0.013400,0.000000,0.000000,0.000000,0.003400,0.000000
2246,2.028830,0.839704,0.835600,0.754800,1112.000000,846147850.000000,1318204976.000000,234864640.000000,1568763904.000000,0.000700,0.000000,0.000000,0.000000,0.012900,0.000000,0.000000,0.000000,0.003800,0.000000
2247,2.029678,0.856796,0.860500,0.778700,1112.000000,846151554.000000,1318204976.000000,234864640.000000,1568763904.000000,0.000600,0.000000,0.000000,0.000000,0.012600,0.000000,0.000000,0.000000,0.003300,0.000000
2248,2.030471,0.792404,0.791300,0.715300,1112.000000,846151994.000000,1318204976.000000,234864640.000000,1568763904.000000,0.000500,0.000000,0.000000,0.000000,0.012300,0.000000,0.000000,0.000000,0.003300,0.000000
2249,2.031551,0.977501,0.948300,0.870900,1112.000000,846151594.000000,1318204976.000000,234864640.000000,1568763904.000000,0.000500,0.000000,0.000000,0.000000,0.011000,0.000000,0.000000,0.000000,0.003000,0.000000
2250,2.032613,1.145798,1.163100,1.059300,1112.000000,846168170.000000,1318204976.000000,234864640.000000,1568763904.000000,0.000700,0.000000,0.000000,0.000000,0.012000,0.000000,0.000000,0.000000,0.006300,0.000000
2251,2.033466,0.834999,0.831600,0.748400,1112.000000,846151242.000000,1318204976.000000,234864640.000000,1568763904.000000,0.000600,0.000000,0.000000,0.000000,0.010700,0.000000,0.000000,0.000000,0.003300,0.000000
2252,2.034245,0.813598,0.819000,0.735000,1112.000000,846151266.000000,1318204976.000000,234864640.000000,1568763904.000000,0.000800,0.000000,0.000000,0.000000,0.010200,0.000000,0.000000,0.000000,0.003500,0.000000
2253,2.035037,0.788705,0.782100,0.705800,1112.000000,846155402.000000,1318204976.000000,234864640.000000,1568763904.000000,0.000600,0.000000,0.000000,0.000000,0.010400,0.000000,0.000000,0.000000,0.003300,0.000000
2254,2.035849,0.810594,0.809100,0.729400,1112.000000,846155850.000000,1318204976.000000,234864640.000000,1568763904.000000,0.000600,0.000000,0.000000,0.000000,0.010200,0.000000,0.000000,0.000000,0.003000,0.000000
2255,2.037098,1.242602,1.228500,1.142600,1112.000000,846156378.000000,1318204976.000000,234864640.000000,1568763904.000000,0.258000,0.034400,0.010800,0.016000,0.010500,0.018900,0.017100,0.011500,0.003200,0.000000
2256,2.037900,0.811905,0.824100,0.734500,1112.000000,846156418.000000,1318204976.000000,234864640.000000,1568763904.000000,0.000600,0.000000,0.000000,0.000000,0.013500,0.000000,0.000000,0.000000,0.003500,0.000000
2257,2.039013,1.098200,0.797300,0.719300,1112.000000,846156426.000000,1318204976.000000,234864640.000000,1568763904.000000,0.000500,0.000000,0.000000,0.000000,0.012400,0.000000,0.000000,0.000000,0.003000,0.000000
2258,2.039861,0.848498,1.140100,0.765400,1112.000000,846157298.000000,1318204976.000000,234864640.000000,1568763904.000000,0.000700,0.000000,0.000000,0.000000,0.013800,0.000000,0.000000,0.000000,0.003600,0.000000
2259,2.040736,0.878501,0.878000,0.793200,1112.000000,846160066.000000,1318204976.000000,234864640.000000,1568763904.000000,0.000400,0.000000,0.000000,0.000000,0.012300,0.000000,0.000000,0.000000,0.003000,0.000000
2260,2.041592,0.858900,0.855700,0.772700,1112.000000,846159666.000000,1318204976.000000,234864640.000000,1568763904.000000,0.000500,0.000000,0.000000,0.000000,0.012100,0.000000,0.000000,0.000000,0.003300,0.000000
2261,2.042419,0.832001,0.829800,0.746700,1112.000000,846159690.000000,1318204976.000000,234864640.000000,1568763904.000000,0.000600,0.000000,0.000000,0.000000,0.010800,0.000000,0.000000,0.000000,0.003300,0.000000
2262,2.043200,0.785098,0.788700,0.705500,1112.000000,846168338.000000,1318204976.000000,234864640.000000,1568763904.000000,0.000600,0.000000,0.000000,0.000000,0.012100,0.000000,0.000000,0.000000,0.003400,0.000000
2263,2.043975,0.777997,0.772700,0.695400,1112.000000,846168370.000000,1318204976.000000,234864640.000000,1568763904.000000,0.000500,0.000000,0.000000,0.000000,0.011100,0.000000,0.000000,0.000000,0.003100,0.000000
2264,2.044786,0.802402,0.801500,0.719600,1112.000000,846172058.000000,1318204976.000000,234864640.000000,1568763904.000000,0.000500,0.000000,0.000000,0.000000,0.010700,0.000000,0.000000,0.000000,0.003100,0.000000
2265,2.045602,0.821499,0.817600,0.736400,1112.000000,846172082.000000,1318204976.000000,234864640.000000,1568763904.000000,0.000600,0.000000,0.000000,0.000000,0.010600,0.000000,0.000000,0.000000,0.003300,0.000000
2266,2.046642,0.906200,0.902000,0.820300,1112.000000,846192818.000000,1318204976.000000,234864640.000000,1568763904.000000,0.000600,0.000000,0.000000,0.000000,0.012300,0.000000,0.000000,0.000000,0.003400,0.000000
2267,2.047599,1.061302,0.995700,0.911400,1112.000000,846175890.000000,1318204976.000000,234864640.000000,1568763904.000000,0.000600,0.000000,0.000000,0.000000,0.010800,0.000000,0.000000,0.000000,0.004900,0.000000
2268,2.048459,0.875694,0.928500,0.794900,1112.000000,846175914.000000,1318204976.000000,234864640.000000,1568763904.000000,0.000500,0.000000,0.000000,0.000000,0.011500,0.000000,0.000000,0.000000,0.003900,0.000000
2269,2.049267,0.811203,0.822800,0.731700,1164.000000,846175954.000000,1318204976.000000,234864640.000000,1568763904.000000,0.000600,0.000000,0.000000,0.000000,0.011400,0.000000,0.000000,0.000000,0.003300,0.000000
2270,2.050071,0.811501,0.807600,0.729100,1112.000000,846176402.000000,1318204976.000000,234864640.000000,1568763904.000000,0.000500,0.000000,0.000000,0.000000,0.011700,0.000000,0.000000,0.000000,0.003400,0.000000
2271,2.050886,0.808298,0.805200,0.725600,1112.000000,846176002.000000,1318204976.000000,234864640.000000,1568763904.000000,0.000600,0.000000,0.000000,0.000000,0.011400,0.000000,0.000000,0.000000,0.003300,0.000000
2272,2.051709,0.828401,0.827700,0.746900,1112.000000,846180138.000000,1318204976.000000,234864640.000000,1568763904.000000,0.000600,0.000000,0.000000,0.000000,0.011500,0.000000,0.000000,0.000000,0.003500,0.000000
2273,2.052503,0.801998,0.801300,0.722800,1112.000000,846180146.000000,1318204976.000000,234864640.000000,1568763904.000000,0.000600,0.000000,0.000000,0.000000,0.010900,0.000000,0.000000,0.000000,0.003300,0.000000
2274,2.053511,1.006300,1.005000,0.929000,1112.000000,846182482.000000,1318204976.000000,234864640.000000,1568763904.000000,0.259000,0.035000,0.011300,0.018600,0.009700,0.018300,0.016900,0.013100,0.003100,0.000000
2275,2.054265,0.756604,0.754800,0.678900,1112.000000,846181666.000000,1318204976.000000,234864640.000000,1568763904.000000,0.000600,0.000000,0.000000,0.000000,0.012500,0.000000,0.000000,0.000000,0.003000,0.000000
2276,2.055501,1.211097,0.844200,0.767000,1112.000000,846181738.000000,1318204976.000000,234864640.000000,1568763904.000000,0.000500,0.000000,0.000000,0.000000,0.012800,0.000000,0.000000,0.000000,0.003000,0.000000
2277,2.056682,1.146903,1.462900,1.017700,1112.000000,846181802.000000,1318204976.000000,234864640.000000,1568763904.000000,0.000700,0.000000,0.000000,0.000000,0.014700,0.000000,0.000000,0.000000,0.003600,0.000000
2278,2.057963,1.286799,1.299700,1.173400,1112.000000,846181210.000000,1318204976.000000,234864640.000000,1568763904.000000,0.000600,0.000000,0.000000,0.000000,0.042600,0.000000,0.000000,0.000000,0.004100,0.000000
2279,2.058988,1.053097,1.064300,0.953900,1112.000000,846188586.000000,1318204976.000000,234864640.000000,1568763904.000000,0.000700,0.000000,0.000000,0.000000,0.023300,0.000000,0.000000,0.000000,0.004000,0.000000
2280,2.059955,0.974100,0.982700,0.889400,1112.000000,846188602.000000,1318204976.000000,234864640.000000,1568763904.000000,0.000400,0.000000,0.000000,0.000000,0.037900,0.000000,0.000000,0.000000,0.003300,0.000000
2281,2.060925,0.933305,0.912500,0.825300,1112.000000,846188706.000000,1318204976.000000,234864640.000000,1568763904.000000,0.000600,0.000000,0.000000,0.000000,0.012100,0.000000,0.000000,0.000000,0.003700,0.000000
2282,2.061880,0.990894,1.006200,0.907200,1112.000000,846205282.000000,1318204976.000000,234864640.000000,1568763904.000000,0.000600,0.000000,0.000000,0.000000,0.013000,0.000000,0.000000,0.000000,0.004700,0.000000
2283,2.063024,1.120706,1.009300,0.924700,1112.000000,846188354.000000,1318204976.000000,234864640.000000,1568763904.000000,0.000600,0.000000,0.000000,0.000000,0.011600,0.000000,0.000000,0.000000,0.003400,0.000000
2284,2.064156,1.146294,1.248700,1.059700,1112.000000,846188378.000000,1318204976.000000,234864640.000000,1568763904.000000,0.000800,0.000000,0.000000,0.000000,0.011600,0.000000,0.000000,0.000000,0.004100,0.000000
2285,2.065121,0.981902,0.985700,0.898500,1112.000000,846192514.000000,1318204976.000000,234864640.000000,1568763904.000000,0.000600,0.000000,0.000000,0.000000,0.011800,0.000000,0.000000,0.000000,0.003500,0.000000
2286,2.065979,0.810601,0.804100,0.723200,1112.000000,846192978.000000,1318204976.000000,234864640.000000,1568763904.000000,0.000600,0.000000,0.000000,0.000000,0.011800,0.000000,0.000000,0.000000,0.003400,0.000000
2287,2.067467,1.278501,1.264400,0.956400,1112.000000,846192562.000000,1318204976.000000,234864640.000000,1568763904.000000,0.000700,0.000000,0.000000,0.000000,0.010900,0.000000,0.000000,0.000000,0.003800,0.000000
2288,2.068360,1.143601,1.104400,1.009100,1112.000000,846192602.000000,1318204976.000000,234864640.000000,1568763904.000000,0.000700,0.000000,0.000000,0.000000,0.011400,0.000000,0.000000,0.000000,0.003800,0.000000
2289,2.069287,0.932100,0.982800,0.849300,1112.000000,846193034.000000,1318204976.000000,234864640.000000,1568763904.000000,0.000600,0.000000,0.000000,0.000000,0.018400,0.000000,0.000000,0.000000,0.003200,0.000000
2290,2.070373,1.083999,1.083400,1.002300,1112.000000,846194658.000000,1318204976.000000,234864640.000000,1568763904.000000,0.257400,0.033800,0.010800,0.017300,0.012000,0.018700,0.016900,0.013400,0.003100,0.000000
2291,2.071171,0.801297,0.798800,0.719300,1112.000000,846197930.000000,1318204976.000000,234864640.000000,1568763904.000000,0.000600,0.000000,0.000000,0.000000,0.013600,0.000000,0.000000,0.000000,0.003700,0.000000
2292,2.072000,0.824199,0.822500,0.743100,1112.000000,846197954.000000,1318204976.000000,234864640.000000,1568763904.000000,0.000600,0.000000,0.000000,0.000000,0.012800,0.000000,0.000000,0.000000,0.003500,0.000000
2293,2.072842,0.831803,0.827800,0.747500,1112.000000,846198402.000000,1318204976.000000,234864640.000000,1568763904.000000,0.000600,0.000000,0.000000,0.000000,0.014300,0.000000,0.000000,0.000000,0.003200,0.000000
2294,2.073766,0.936402,0.917300,0.835200,1112.000000,846197258.000000,1318204976.000000,234864640.000000,1568763904.000000,0.000500,0.000000,0.000000,0.000000,0.011300,0.000000,0.000000,0.000000,0.003500,0.000000
2295,2.074588,0.826601,0.844300,0.746100,1112.000000,846196866.000000,1318204976.000000,234864640.000000,1568763904.000000,0.000500,0.000000,0.000000,0.000000,0.010100,0.000000,0.000000,0.000000,0.003100,0.000000
2296,2.075423,0.840398,0.839300,0.760700,1112.000000,846200978.000000,1318204976.000000,234864640.000000,1568763904.000000,0.000600,0.000000,0.000000,0.000000,0.010500,0.000000,0.000000,0.000000,0.003400,0.000000
2297,2.076250,0.810899,0.808000,0.730400,1112.000000,846201010.000000,1318204976.000000,234864640.000000,1568763904.000000,0.000600,0.000000,0.000000,0.000000,0.010200,0.000000,0.000000,0.000000,0.003000,0.000000
2298,2.077070,0.838499,0.837600,0.758500,1112.000000,846221930.000000,1318204976.000000,234864640.000000,1568763904.000000,0.000700,0.000000,0.000000,0.000000,0.011400,0.000000,0.000000,0.000000,0.005400,0.000000
2299,2.077942,0.858397,0.848600,0.770700,1112.000000,846205002.000000,1318204976.000000,234864640.000000,1568763904.000000,0.000600,0.000000,0.000000,0.000000,0.009500,0.000000,0.000000,0.000000,0.002900,0.000000
2300,2.079007,1.053607,0.839800,0.757400,1112.000000,846205026.000000,1318204976.000000,234864640.000000,1568763904.000000,0.000600,0.000000,0.000000,0.000000,0.009700,0.000000,0.000000,0.000000,0.003600,0.000000
2301,2.079886,0.885899,1.096700,0.804800,1112.000000,846205066.000000,1318204976.000000,234864640.000000,1568763904.000000,0.000600,0.000000,0.000000,0.000000,0.011200,0.000000,0.000000,0.000000,0.003400,0.000000
2302,2.080722,0.844997,0.845800,0.763700,1112.000000,846205530.000000,1318204976.000000,234864640.000000,1568763904.000000,0.000600,0.000000,0.000000,0.000000,0.011400,0.000000,0.000000,0.000000,0.003300,0.000000
2303,2.081593,0.867999,0.863200,0.783200,1112.000000,846205538.000000,1318204976.000000,234864640.000000,1568763904.000000,0.000600,0.000000,0.000000,0.000000,0.012300,0.000000,0.000000,0.000000,0.003300,0.000000
2304,2.082406,0.818601,0.819700,0.738700,1112.000000,846209250.000000,1318204976.000000,234864640.000000,1568763904.000000,0.000500,0.000000,0.000000,0.000000,0.011800,0.000000,0.000000,0.000000,0.003200,0.000000
2305,2.083392,0.981399,0.976800,0.897500,1112.000000,846209282.000000,1318204976.000000,234864640.000000,1568763904.000000,0.000500,0.000000,0.000000,0.000000,0.011500,0.000000,0.000000,0.000000,0.003100,0.000000
2306,2.084223,0.833999,0.835700,0.754700,1112.000000,846210130.000000,1318204976.000000,234864640.000000,1568763904.000000,0.000600,0.000000,0.000000,0.000000,0.011500,0.000000,0.000000,0.000000,0.003100,0.000000
2307,2.085050,0.828905,0.827200,0.750200,1112.000000,846209306.000000,1318204976.000000,234864640.000000,1568763904.000000,0.000500,0.000000,0.000000,0.000000,0.011400,0.000000,0.000000,0.000000,0.003400,0.000000
2308,2.085819,0.755400,0.753500,0.676900,1112.000000,846209330.000000,1318204976.000000,234864640.000000,1568763904.000000,0.000500,0.000000,0.000000,0.000000,0.011200,0.000000,0.000000,0.000000,0.003100,0.000000
2309,2.087137,1.292099,1.176100,1.096400,1112.000000,846211058.000000,1318204976.000000,234864640.000000,1568763904.000000,0.309600,0.037900,0.012400,0.019800,0.010600,0.018500,0.016700,0.024700,0.003200,0.000000
2310,2.088261,1.153699,1.251700,1.063400,1112.000000,846211506.000000,1318204976.000000,234864640.000000,1568763904.000000,0.000700,0.000000,0.000000,0.000000,0.013900,0.000000,0.000000,0.000000,0.005900,0.000000
2311,2.089071,0.822102,0.830700,0.739900,1112.000000,846215226.000000,1318204976.000000,234864640.000000,1568763904.000000,0.000600,0.000000,0.000000,0.000000,0.013500,0.000000,0.000000,0.000000,0.003500,0.000000
2312,2.089892,0.806002,0.804000,0.724600,1112.000000,846215226.000000,1318204976.000000,234864640.000000,1568763904.000000,0.000500,0.000000,0.000000,0.000000,0.012500,0.000000,0.000000,0.000000,0.003500,0.000000
2313,2.090913,0.999398,0.961100,0.853600,1112.000000,846217642.000000,1318204976.000000,234864640.000000,1568763904.000000,0.000600,0.000000,0.000000,0.000000,0.010600,0.000000,0.000000,0.000000,0.003500,0.000000
2314,2.091909,1.011196,1.020000,0.907900,1112.000000,846234346.000000,1318204976.000000,234864640.000000,1568763904.000000,0.000600,0.000000,0.000000,0.000000,0.011900,0.000000,0.000000,0.000000,0.003600,0.000000
2315,2.092833,0.933503,0.948900,0.845900,1112.000000,846217418.000000,1318204976.000000,234864640.000000,1568763904.000000,0.000500,0.000000,0.000000,0.000000,0.011000,0.000000,0.000000,0.000000,0.003500,0.000000
2316,2.093766,0.836600,0.834100,0.749800,1112.000000,846217442.000000,1318204976.000000,234864640.000000,1568763904.000000,0.000600,0.000000,0.000000,0.000000,0.011400,0.000000,0.000000,0.000000,0.003300,0.000000
2317,2.094629,0.940597,0.944500,0.861900,1112.000000,846222002.000000,1318204976.000000,234864640.000000,1568763904.000000,0.000500,0.000000,0.000000,0.000000,0.012100,0.000000,0.000000,0.000000,0.004500,0.000000
2318,2.095538,0.905804,0.887300,0.808700,1112.000000,846222042.000000,1318204976.000000,234864640.000000,1568763904.000000,0.000600,0.000000,0.000000,0.000000,0.012700,0.000000,0.000000,0.000000,0.004000,0.000000
2319,2.096444,0.917602,0.923300,0.827300,1112.000000,846221626.000000,1318204976.000000,234864640.000000,1568763904.000000,0.000600,0.000000,0.000000,0.000000,0.013000,0.000000,0.000000,0.000000,0.004300,0.000000
2320,2.097461,1.025900,1.020700,0.933500,1112.000000,846221666.000000,1318204976.000000,234864640.000000,1568763904.000000,0.000600,0.000000,0.000000,0.000000,0.011700,0.000000,0.000000,0.000000,0.003700,0.000000
2321,2.098377,0.926297,0.931900,0.842400,1112.000000,846221698.000000,1318204976.000000,234864640.000000,1568763904.000000,0.000500,0.000000,0.000000,0.000000,0.011300,0.000000,0.000000,0.000000,0.003700,0.000000
2322,2.099143,0.769799,0.772500,0.691100,1112.000000,846222570.000000,1318204976.000000,234864640.000000,1568763904.000000,0.000600,0.000000,0.000000,0.000000,0.011800,0.000000,0.000000,0.000000,0.003200,0.000000
2323,2.099900,0.762202,0.758500,0.681300,1112.000000,846225842.000000,1318204976.000000,234864640.000000,1568763904.000000,0.000500,0.000000,0.000000,0.000000,0.010300,0.000000,0.000000,0.000000,0.002800,0.000000
2324,2.100662,0.758801,0.761300,0.682700,1112.000000,846226290.000000,1318204976.000000,234864640.000000,1568763904.000000,0.000600,0.000000,0.000000,0.000000,0.011100,0.000000,0.000000,0.000000,0.003100,0.000000
2325,2.101429,0.769501,0.761000,0.685700,1112.000000,846225890.000000,1318204976.000000,234864640.000000,1568763904.000000,0.000600,0.000000,0.000000,0.000000,0.010600,0.000000,0.000000,0.000000,0.003100,0.000000
2326,2.102230,0.799901,0.802400,0.722200,1112.000000,846226338.000000,1318204976.000000,234864640.000000,1568763904.000000,0.000600,0.000000,0.000000,0.000000,0.010700,0.000000,0.000000,0.000000,0.003000,0.000000
2327,2.102971,0.744898,0.742100,0.666200,1112.000000,846225962.000000,1318204976.000000,234864640.000000,1568763904.000000,0.000500,0.000000,0.000000,0.000000,0.009600,0.000000,0.000000,0.000000,0.002900,0.000000
2328,2.103984,1.011295,1.010400,0.933200,1112.000000,846231466.000000,1318204976.000000,234864640.000000,1568763904.000000,0.256500,0.034300,0.010600,0.016900,0.009300,0.018000,0.017000,0.014200,0.002900,0.000000
2329,2.104724,0.742106,0.739700,0.663800,1112.000000,846231490.000000,1318204976.000000,234864640.000000,1568763904.000000,0.000600,0.000000,0.000000,0.000000,0.012100,0.000000,0.000000,0.000000,0.002700,0.000000
2330,2.105507,0.782894,0.783100,0.705900,1112.000000,846256258.000000,1318204976.000000,234864640.000000,1568763904.000000,0.000600,0.000000,0.000000,0.000000,0.012500,0.000000,0.000000,0.000000,0.003000,0.000000
2331,2.106381,0.845904,0.762600,0.687000,1112.000000,846239754.000000,1318204976.000000,234864640.000000,1568763904.000000,0.000600,0.000000,0.000000,0.000000,0.013000,0.000000,0.000000,0.000000,0.002900,0.000000
2332,2.107269,0.893502,0.953800,0.794400,1112.000000,846237946.000000,1318204976.000000,234864640.000000,1568763904.000000,0.000600,0.000000,0.000000,0.000000,0.011300,0.000000,0.000000,0.000000,0.003400,0.000000
2333,2.108151,0.897598,0.907900,0.812300,1112.000000,846237986.000000,1318204976.000000,234864640.000000,1568763904.000000,0.000600,0.000000,0.000000,0.000000,0.010100,0.000000,0.000000,0.000000,0.003400,0.000000
2334,2.108918,0.766397,0.765000,0.683400,1112.000000,846238450.000000,1318204976.000000,234864640.000000,1568763904.000000,0.000600,0.000000,0.000000,0.000000,0.009900,0.000000,0.000000,0.000000,0.002900,0.000000
2335,2.109681,0.766504,0.768300,0.688200,1112.000000,846238034.000000,1318204976.000000,234864640.000000,1568763904.000000,0.000500,0.000000,0.000000,0.000000,0.010500,0.000000,0.000000,0.000000,0.003200,0.000000
2336,2.110415,0.738698,0.738700,0.663200,1112.000000,846242170.000000,1318204976.000000,234864640.000000,1568763904.000000,0.000600,0.000000,0.000000,0.000000,0.010400,0.000000,0.000000,0.000000,0.003100,0.000000
2337,2.111196,0.758503,0.756500,0.682400,1112.000000,846242202.000000,1318204976.000000,234864640.000000,1568763904.000000,0.000500,0.000000,0.000000,0.000000,0.010500,0.000000,0.000000,0.000000,0.002900,0.000000
2338,2.112032,0.842000,0.835700,0.758900,1112.000000,846243058.000000,1318204976.000000,234864640.000000,1568763904.000000,0.000500,0.000000,0.000000,0.000000,0.011000,0.000000,0.000000,0.000000,0.003700,0.000000
2339,2.112835,0.811395,0.807700,0.728800,1112.000000,846242658.000000,1318204976.000000,234864640.000000,1568763904.000000,0.000600,0.000000,0.000000,0.000000,0.012900,0.000000,0.000000,0.000000,0.003900,0.000000
2340,2.113832,1.003805,1.008100,0.928700,1112.000000,846242258.000000,1318204976.000000,234864640.000000,1568763904.000000,0.000500,0.000000,0.000000,0.000000,0.011200,0.000000,0.000000,0.000000,0.002900,0.000000
2341,2.114716,0.867397,0.859000,0.782600,1112.000000,846242282.000000,1318204976.000000,234864640.000000,1568763904.000000,0.000600,0.000000,0.000000,0.000000,0.010500,0.000000,0.000000,0.000000,0.003000,0.000000
2342,2.115598,0.876800,0.871100,0.789600,1112.000000,846242730.000000,1318204976.000000,234864640.000000,1568763904.000000,0.000600,0.000000,0.000000,0.000000,0.011200,0.000000,0.000000,0.000000,0.003600,0.000000
2343,2.116585,0.982398,0.977700,0.889000,1112.000000,846246450.000000,1318204976.000000,234864640.000000,1568763904.000000,0.000600,0.000000,0.000000,0.000000,0.044600,0.000000,0.000000,0.000000,0.004100,0.000000
2344,2.117505,0.925503,0.927100,0.840700,1112.000000,846246450.000000,1318204976.000000,234864640.000000,1568763904.000000,0.000700,0.000000,0.000000,0.000000,0.011500,0.000000,0.000000,0.000000,0.003700,0.000000
2345,2.118371,0.864803,0.860400,0.775200,1112.000000,846246474.000000,1318204976.000000,234864640.000000,1568763904.000000,0.000700,0.000000,0.000000,0.000000,0.011200,0.000000,0.000000,0.000000,0.003800,0.000000
2346,2.119442,1.066497,0.975400,0.891200,1112.000000,846263050.000000,1318204976.000000,234864640.000000,1568763904.000000,0.000600,0.000000,0.000000,0.000000,0.106000,0.000000,0.000000,0.000000,0.003300,0.000000
2347,2.120599,1.166801,1.256100,1.083300,1112.000000,846256274.000000,1318204976.000000,234864640.000000,1568763904.000000,0.285900,0.037200,0.011800,0.018900,0.010900,0.022500,0.017900,0.019700,0.003500,0.000000
2348,2.121459,0.852700,0.844300,0.761500,1112.000000,846256298.000000,1318204976.000000,234864640.000000,1568763904.000000,0.000600,0.000000,0.000000,0.000000,0.013000,0.000000,0.000000,0.000000,0.003700,0.000000
2349,2.122318,0.872399,0.880300,0.794700,1112.000000,846260434.000000,1318204976.000000,234864640.000000,1568763904.000000,0.000500,0.000000,0.000000,0.000000,0.013400,0.000000,0.000000,0.000000,0.003500,0.000000
2350,2.123130,0.809800,0.807800,0.728700,1112.000000,846260898.000000,1318204976.000000,234864640.000000,1568763904.000000,0.000600,0.000000,0.000000,0.000000,0.012600,0.000000,0.000000,0.000000,0.003500,0.000000
2351,2.123915,0.797598,0.785200,0.706900,1112.000000,846258522.000000,1318204976.000000,234864640.000000,1568763904.000000,0.000600,0.000000,0.000000,0.000000,0.010200,0.000000,0.000000,0.000000,0.003300,0.000000
2352,2.124675,0.759205,0.770100,0.681800,1112.000000,846258562.000000,1318204976.000000,234864640.000000,1568763904.000000,0.000600,0.000000,0.000000,0.000000,0.010300,0.000000,0.000000,0.000000,0.003100,0.000000
2353,2.125421,0.741497,0.739100,0.663200,1112.000000,846258594.000000,1318204976.000000,234864640.000000,1568763904.000000,0.000600,0.000000,0.000000,0.000000,0.010500,0.000000,0.000000,0.000000,0.002900,0.000000
2354,2.126240,0.797102,0.782800,0.706600,1112.000000,846259994.000000,1318204976.000000,234864640.000000,1568763904.000000,0.000500,0.000000,0.000000,0.000000,0.011800,0.000000,0.000000,0.000000,0.003000,0.000000
2355,2.127088,0.854500,0.865200,0.789200,1112.000000,846262842.000000,1318204976.000000,234864640.000000,1568763904.000000,0.000500,0.000000,0.000000,0.000000,0.010800,0.000000,0.000000,0.000000,0.003000,0.000000
2356,2.127876,0.799398,0.796900,0.720400,1112.000000,846262866.000000,1318204976.000000,234864640.000000,1568763904.000000,0.000600,0.000000,0.000000,0.000000,0.010000,0.000000,0.000000,0.000000,0.002800,0.000000
2357,2.129010,1.127601,1.120400,1.041600,1112.000000,846262890.000000,1318204976.000000,234864640.000000,1568763904.000000,0.000500,0.000000,0.000000,0.000000,0.010700,0.000000,0.000000,0.000000,0.003300,0.000000
2358,2.129827,0.825000,0.824100,0.741800,1112.000000,846263338.000000,1318204976.000000,234864640.000000,1568763904.000000,0.000500,0.000000,0.000000,0.000000,0.012000,0.000000,0.000000,0.000000,0.003300,0.000000
2359,2.130617,0.794799,0.797300,0.716400,1112.000000,846262962.000000,1318204976.000000,234864640.000000,1568763904.000000,0.000500,0.000000,0.000000,0.000000,0.010000,0.000000,0.000000,0.000000,0.003100,0.000000
2360,2.131495,0.860601,0.857000,0.780300,1112.000000,846262962.000000,1318204976.000000,234864640.000000,1568763904.000000,0.000600,0.000000,0.000000,0.000000,0.010300,0.000000,0.000000,0.000000,0.003000,0.000000
2361,2.132369,0.876205,0.867500,0.788800,1112.000000,846263410.000000,1318204976.000000,234864640.000000,1568763904.000000,0.000600,0.000000,0.000000,0.000000,0.012000,0.000000,0.000000,0.000000,0.003500,0.000000
2362,2.133387,1.014697,1.014200,0.927700,1112.000000,846283682.000000,1318204976.000000,234864640.000000,1568763904.000000,0.000500,0.000000,0.000000,0.000000,0.012800,0.000000,0.000000,0.000000,0.003500,0.000000
2363,2.134239,0.854797,0.853700,0.770600,1112.000000,846266754.000000,1318204976.000000,234864640.000000,1568763904.000000,0.000700,0.000000,0.000000,0.000000,0.014800,0.000000,0.000000,0.000000,0.003500,0.000000
2364,2.135322,0.963202,0.950900,0.868500,1112.000000,846270874.000000,1318204976.000000,234864640.000000,1568763904.000000,0.000500,0.000000,0.000000,0.000000,0.011300,0.000000,0.000000,0.000000,0.003300,0.000000
2365,2.136177,0.974504,0.984100,0.894400,1112.000000,846270914.000000,1318204976.000000,234864640.000000,1568763904.000000,0.000500,0.000000,0.000000,0.000000,0.014600,0.000000,0.000000,0.000000,0.005400,0.000000
2366,2.137459,1.279195,1.272700,1.188900,1112.000000,846274442.000000,1318204976.000000,234864640.000000,1568763904.000000,0.299300,0.037600,0.010900,0.019600,0.010600,0.023900,0.021200,0.020000,0.003700,0.000000
2367,2.138276,0.823101,0.824600,0.739300,1112.000000,846274026.000000,1318204976.000000,234864640.000000,1568763904.000000,0.000600,0.000000,0.000000,0.000000,0.012300,0.000000,0.000000,0.000000,0.003600,0.000000
2368,2.139076,0.807603,0.807800,0.726500,1112.000000,846278162.000000,1318204976.000000,234864640.000000,1568763904.000000,0.000600,0.000000,0.000000,0.000000,0.014100,0.000000,0.000000,0.000000,0.003300,0.000000
2369,2.140070,0.976198,0.964000,0.881700,1112.000000,846278618.000000,1318204976.000000,234864640.000000,1568763904.000000,0.000600,0.000000,0.000000,0.000000,0.013900,0.000000,0.000000,0.000000,0.003400,0.000000
2370,2.140903,0.836203,0.839700,0.737100,1112.000000,846275978.000000,1318204976.000000,234864640.000000,1568763904.000000,0.000500,0.000000,0.000000,0.000000,0.012500,0.000000,0.000000,0.000000,0.003600,0.000000
2371,2.141762,0.867999,0.865400,0.781400,1112.000000,846275154.000000,1318204976.000000,234864640.000000,1568763904.000000,0.000700,0.000000,0.000000,0.000000,0.010800,0.000000,0.000000,0.000000,0.003600,0.000000
2372,2.142677,0.843296,0.845700,0.762100,1112.000000,846275178.000000,1318204976.000000,234864640.000000,1568763904.000000,0.000600,0.000000,0.000000,0.000000,0.011200,0.000000,0.000000,0.000000,0.003400,0.000000
2373,2.144020,1.007398,0.998200,0.916900,1112.000000,846275202.000000,1318204976.000000,234864640.000000,1568763904.000000,0.000600,0.000000,0.000000,0.000000,0.011600,0.000000,0.000000,0.000000,0.006100,0.000000
2374,2.145062,1.394005,1.388200,1.238600,1112.000000,846275650.000000,1318204976.000000,234864640.000000,1568763904.000000,0.000700,0.000000,0.000000,0.000000,0.012000,0.000000,0.000000,0.000000,0.005400,0.000000
2375,2.146035,1.011799,1.017700,0.928200,1112.000000,846279794.000000,1318204976.000000,234864640.000000,1568763904.000000,0.000700,0.000000,0.000000,0.000000,0.012600,0.000000,0.000000,0.000000,0.004300,0.000000
2376,2.147102,0.904599,0.901300,0.818400,1112.000000,846279370.000000,1318204976.000000,234864640.000000,1568763904.000000,0.000600,0.000000,0.000000,0.000000,0.012300,0.000000,0.000000,0.000000,0.003300,0.000000
2377,2.148239,1.210303,1.153300,1.069500,1112.000000,846279394.000000,1318204976.000000,234864640.000000,1568763904.000000,0.000700,0.000000,0.000000,0.000000,0.011100,0.000000,0.000000,0.000000,0.004900,0.000000
2378,2.149139,1.003897,1.056400,0.920000,1112.000000,846295970.000000,1318204976.000000,234864640.000000,1568763904.000000,0.000600,0.000000,0.000000,0.000000,0.011600,0.000000,0.000000,0.000000,0.003600,0.000000
2379,2.149980,0.839597,0.837900,0.754400,1112.000000,846279042.000000,1318204976.000000,234864640.000000,1568763904.000000,0.000500,0.000000,0.000000,0.000000,0.010400,0.000000,0.000000,0.000000,0.003400,0.000000
2380,2.150816,0.835303,0.811600,0.729800,1112.000000,846279066.000000,1318204976.000000,234864640.000000,1568763904.000000,0.000600,0.000000,0.000000,0.000000,0.011300,0.000000,0.000000,0.000000,0.003600,0.000000
2381,2.151655,0.836600,0.852400,0.747900,1112.000000,846287298.000000,1318204976.000000,234864640.000000,1568763904.000000,0.000500,0.000000,0.000000,0.000000,0.010900,0.000000,0.000000,0.000000,0.002900,0.000000
2382,2.152524,0.881803,0.885800,0.800600,1112.000000,846287762.000000,1318204976.000000,234864640.000000,1568763904.000000,0.000500,0.000000,0.000000,0.000000,0.010900,0.000000,0.000000,0.000000,0.003300,0.000000
2383,2.153630,1.093899,1.089800,1.009200,1112.000000,846288362.000000,1318204976.000000,234864640.000000,1568763904.000000,0.284900,0.035500,0.011500,0.020400,0.010600,0.018100,0.017600,0.023800,0.003000,0.000000
2384,2.154439,0.815497,0.816000,0.733000,1112.000000,846288826.000000,1318204976.000000,234864640.000000,1568763904.000000,0.000400,0.000000,0.000000,0.000000,0.014600,0.000000,0.000000,0.000000,0.003100,0.000000
2385,2.155229,0.797902,0.797600,0.719700,1112.000000,846288434.000000,1318204976.000000,234864640.000000,1568763904.000000,0.000600,0.000000,0.000000,0.000000,0.013800,0.000000,0.000000,0.000000,0.003400,0.000000
2386,2.156087,0.816497,0.798500,0.718900,1112.000000,846289282.000000,1318204976.000000,234864640.000000,1568763904.000000,0.000500,0.000000,0.000000,0.000000,0.013300,0.000000,0.000000,0.000000,0.003200,0.000000
2387,2.157086,0.980201,0.965100,0.869200,1112.000000,846291538.000000,1318204976.000000,234864640.000000,1568763904.000000,0.000700,0.000000,0.000000,0.000000,0.011600,0.000000,0.000000,0.000000,0.003900,0.000000
2388,2.158241,1.174100,1.174000,1.063700,1112.000000,846291562.000000,1318204976.000000,234864640.000000,1568763904.000000,0.000900,0.000000,0.000000,0.000000,0.012100,0.000000,0.000000,0.000000,0.004500,0.000000
2389,2.159184,0.965802,0.963500,0.860800,1112.000000,846292010.000000,1318204976.000000,234864640.000000,1568763904.000000,0.000700,0.000000,0.000000,0.000000,0.014200,0.000000,0.000000,0.000000,0.004400,0.000000
2390,2.160001,0.827395,0.849000,0.746800,1112.000000,846292034.000000,1318204976.000000,234864640.000000,1568763904.000000,0.000600,0.000000,0.000000,0.000000,0.012200,0.000000,0.000000,0.000000,0.003600,0.000000
2391,2.160821,0.810799,0.802900,0.723700,1112.000000,846291658.000000,1318204976.000000,234864640.000000,1568763904.000000,0.000600,0.000000,0.000000,0.000000,0.010700,0.000000,0.000000,0.000000,0.003100,0.000000
2392,2.161682,0.873406,0.874200,0.788600,1112.000000,846295754.000000,1318204976.000000,234864640.000000,1568763904.000000,0.000500,0.000000,0.000000,0.000000,0.010800,0.000000,0.000000,0.000000,0.003600,0.000000
2393,2.162539,0.850397,0.849100,0.767100,1112.000000,846295778.000000,1318204976.000000,234864640.000000,1568763904.000000,0.000600,0.000000,0.000000,0.000000,0.010900,0.000000,0.000000,0.000000,0.003100,0.000000
2394,2.163395,0.859099,0.854500,0.773900,1112.000000,846316450.000000,1318204976.000000,234864640.000000,1568763904.000000,0.000600,0.000000,0.000000,0.000000,0.010900,0.000000,0.000000,0.000000,0.003300,0.000000
2395,2.164193,0.806002,0.807600,0.724900,1112.000000,846299522.000000,1318204976.000000,234864640.000000,1568763904.000000,0.000600,0.000000,0.000000,0.000000,0.010800,0.000000,0.000000,0.000000,0.003200,0.000000
2396,2.165248,1.037302,1.030000,0.948500,1112.000000,846299546.000000,1318204976.000000,234864640.000000,1568763904.000000,0.000600,0.000000,0.000000,0.000000,0.010600,0.000000,0.000000,0.000000,0.003400,0.000000
2397,2.166247,0.977601,0.976500,0.891200,1112.000000,846299586.000000,1318204976.000000,234864640.000000,1568763904.000000,0.000500,0.000000,0.000000,0.000000,0.011600,0.000000,0.000000,0.000000,0.003500,0.000000
2398,2.167860,1.584999,1.012500,0.926700,1112.000000,846304146.000000,1318204976.000000,234864640.000000,1568763904.000000,0.000600,0.000000,0.000000,0.000000,0.011800,0.000000,0.000000,0.000000,0.003600,0.000000
2399,2.168864,1.038003,1.598400,0.945400,1112.000000,846303730.000000,1318204976.000000,234864640.000000,1568763904.000000,0.000800,0.000000,0.000000,0.000000,0.012700,0.000000,0.000000,0.000000,0.004300,0.000000
2400,2.169751,0.909793,0.916400,0.825500,1112.000000,846308290.000000,1318204976.000000,234864640.000000,1568763904.000000,0.000500,0.000000,0.000000,0.000000,0.013100,0.000000,0.000000,0.000000,0.003700,0.000000
2401,2.170827,1.080003,1.077400,0.995200,1112.000000,846309570.000000,1318204976.000000,234864640.000000,1568763904.000000,0.261300,0.036100,0.010600,0.016900,0.011000,0.019200,0.017300,0.013700,0.003200,0.000000
2402,2.171853,1.008801,0.900600,0.816900,1112.000000,846310418.000000,1318204976.000000,234864640.000000,1568763904.000000,0.000500,0.000000,0.000000,0.000000,0.012800,0.000000,0.000000,0.000000,0.002900,0.000000
2403,2.172986,1.117099,1.135600,0.947400,1112.000000,846310018.000000,1318204976.000000,234864640.000000,1568763904.000000,0.000600,0.000000,0.000000,0.000000,0.032000,0.000000,0.000000,0.000000,0.003800,0.000000
2404,2.174039,1.072201,1.136200,0.970600,1112.000000,846309618.000000,1318204976.000000,234864640.000000,1568763904.000000,0.000500,0.000000,0.000000,0.000000,0.112100,0.000000,0.000000,0.000000,0.004400,0.000000
2405,2.174935,0.906300,0.919700,0.819300,1112.000000,846308098.000000,1318204976.000000,234864640.000000,1568763904.000000,0.000600,0.000000,0.000000,0.000000,0.011400,0.000000,0.000000,0.000000,0.003700,0.000000
2406,2.175762,0.831300,0.830700,0.745200,1112.000000,846308546.000000,1318204976.000000,234864640.000000,1568763904.000000,0.000600,0.000000,0.000000,0.000000,0.011400,0.000000,0.000000,0.000000,0.003100,0.000000
2407,2.176812,1.030598,0.996900,0.909500,1112.000000,846312266.000000,1318204976.000000,234864640.000000,1568763904.000000,0.000700,0.000000,0.000000,0.000000,0.010400,0.000000,0.000000,0.000000,0.003300,0.000000
2408,2.177829,1.022399,1.052100,0.938200,1112.000000,846312266.000000,1318204976.000000,234864640.000000,1568763904.000000,0.000700,0.000000,0.000000,0.000000,0.011600,0.000000,0.000000,0.000000,0.003700,0.000000
2409,2.178616,0.800305,0.803900,0.720200,1112.000000,846312290.000000,1318204976.000000,234864640.000000,1568763904.000000,0.000700,0.000000,0.000000,0.000000,0.011200,0.000000,0.000000,0.000000,0.003500,0.000000
2410,2.179416,0.801396,0.800000,0.721300,1112.000000,846328866.000000,1318204976.000000,234864640.000000,1568763904.000000,0.000600,0.000000,0.000000,0.000000,0.011200,0.000000,0.000000,0.000000,0.003400,0.000000
2411,2.180317,0.879904,0.786900,0.709400,1112.000000,846311938.000000,1318204976.000000,234864640.000000,1568763904.000000,0.000600,0.000000,0.000000,0.000000,0.010600,0.000000,0.000000,0.000000,0.002900,0.000000
2412,2.181153,0.848299,0.930000,0.765000,1112.000000,846311962.000000,1318204976.000000,234864640.000000,1568763904.000000,0.000600,0.000000,0.000000,0.000000,0.011400,0.000000,0.000000,0.000000,0.003600,0.000000
2413,2.181989,0.837698,0.839100,0.753500,1112.000000,846316098.000000,1318204976.000000,234864640.000000,1568763904.000000,0.000600,0.000000,0.000000,0.000000,0.010900,0.000000,0.000000,0.000000,0.003400,0.000000
2414,2.183004,1.000801,0.962800,0.879500,1112.000000,846316562.000000,1318204976.000000,234864640.000000,1568763904.000000,0.000500,0.000000,0.000000,0.000000,0.012100,0.000000,0.000000,0.000000,0.003400,0.000000
2415,2.183974,0.970302,1.002200,0.889100,1112.000000,846320666.000000,1318204976.000000,234864640.000000,1568763904.000000,0.000600,0.000000,0.000000,0.000000,0.013100,0.000000,0.000000,0.000000,0.003700,0.000000
2416,2.184814,0.844600,0.843800,0.762100,1112.000000,846320282.000000,1318204976.000000,234864640.000000,1568763904.000000,0.000500,0.000000,0.000000,0.000000,0.012000,0.000000,0.000000,0.000000,0.004100,0.000000
2417,2.185697,0.900000,0.901300,0.822000,1112.000000,846320314.000000,1318204976.000000,234864640.000000,1568763904.000000,0.000600,0.000000,0.000000,0.000000,0.010500,0.000000,0.000000,0.000000,0.003600,0.000000
2418,2.186762,1.016801,0.993300,0.910800,1112.000000,846321162.000000,1318204976.000000,234864640.000000,1568763904.000000,0.000600,0.000000,0.000000,0.000000,0.011100,0.000000,0.000000,0.000000,0.003500,0.000000
2419,2.187912,1.188698,1.199000,1.101700,1112.000000,846326842.000000,1318204976.000000,234864640.000000,1568763904.000000,0.283200,0.036600,0.010900,0.017300,0.011200,0.019800,0.017600,0.025000,0.004400,0.000000
2420,2.188721,0.815497,0.819200,0.734700,1112.000000,846327082.000000,1318204976.000000,234864640.000000,1568763904.000000,0.000500,0.000000,0.000000,0.000000,0.013800,0.000000,0.000000,0.000000,0.003300,0.000000
2421,2.189513,0.797399,0.795900,0.716300,1112.000000,846327106.000000,1318204976.000000,234864640.000000,1568763904.000000,0.000600,0.000000,0.000000,0.000000,0.012600,0.000000,0.000000,0.000000,0.003100,0.000000
2422,2.190398,0.865901,0.858400,0.778400,1112.000000,846327706.000000,1318204976.000000,234864640.000000,1568763904.000000,0.000600,0.000000,0.000000,0.000000,0.012900,0.000000,0.000000,0.000000,0.003100,0.000000
2423,2.191390,0.980804,0.894300,0.809500,1112.000000,846325898.000000,1318204976.000000,234864640.000000,1568763904.000000,0.000600,0.000000,0.000000,0.000000,0.011200,0.000000,0.000000,0.000000,0.003600,0.000000
2424,2.192341,0.957596,1.036900,0.871200,1112.000000,846325962.000000,1318204976.000000,234864640.000000,1568763904.000000,0.000600,0.000000,0.000000,0.000000,0.012200,0.000000,0.000000,0.000000,0.003800,0.000000
2425,2.193195,0.876403,0.878300,0.791800,1112.000000,846325994.000000,1318204976.000000,234864640.000000,1568763904.000000,0.000600,0.000000,0.000000,0.000000,0.011700,0.000000,0.000000,0.000000,0.003500,0.000000
2426,2.194112,0.913698,0.907300,0.819000,1112.000000,846350466.000000,1318204976.000000,234864640.000000,1568763904.000000,0.000600,0.000000,0.000000,0.000000,0.011600,0.000000,0.000000,0.000000,0.003200,0.000000
2427,2.194988,0.872903,0.876100,0.790100,1112.000000,846333538.000000,1318204976.000000,234864640.000000,1568763904.000000,0.000600,0.000000,0.000000,0.000000,0.011000,0.000000,0.000000,0.000000,0.003500,0.000000
2428,2.196089,1.051701,1.026100,0.936200,1112.000000,846333562.000000,1318204976.000000,234864640.000000,1568763904.000000,0.000700,0.000000,0.000000,0.000000,0.011600,0.000000,0.000000,0.000000,0.004700,0.000000
2429,2.196978,0.930796,0.946500,0.844000,1112.000000,846333618.000000,1318204976.000000,234864640.000000,1568763904.000000,0.000600,0.000000,0.000000,0.000000,0.013200,0.000000,0.000000,0.000000,0.004700,0.000000
2430,2.197857,0.886600,0.889300,0.802800,1112.000000,846334618.000000,1318204976.000000,234864640.000000,1568763904.000000,0.000600,0.000000,0.000000,0.000000,0.012700,0.000000,0.000000,0.000000,0.003400,0.000000
2431,2.198806,0.930201,0.803900,0.723300,1112.000000,846333794.000000,1318204976.000000,234864640.000000,1568763904.000000,0.000600,0.000000,0.000000,0.000000,0.011200,0.000000,0.000000,0.000000,0.003200,0.000000
2432,2.199618,0.831300,0.953900,0.750800,1112.000000,846346106.000000,1318204976.000000,234864640.000000,1568763904.000000,0.000600,0.000000,0.000000,0.000000,0.010900,0.000000,0.000000,0.000000,0.003400,0.000000
2433,2.200393,0.785402,0.787200,0.706600,1112.000000,846346554.000000,1318204976.000000,234864640.000000,1568763904.000000,0.000600,0.000000,0.000000,0.000000,0.012000,0.000000,0.000000,0.000000,0.003200,0.000000
2434,2.201276,0.767496,0.763600,0.686700,1112.000000,846347130.000000,1318204976.000000,234864640.000000,1568763904.000000,0.000600,0.000000,0.000000,0.000000,0.011000,0.000000,0.000000,0.000000,0.003000,0.000000
2435,2.202214,1.033603,1.020800,0.940400,1112.000000,846346306.000000,1318204976.000000,234864640.000000,1568763904.000000,0.000700,0.000000,0.000000,0.000000,0.010700,0.000000,0.000000,0.000000,0.005900,0.000000
2436,2.203016,0.813499,0.821500,0.732900,1112.000000,846346330.000000,1318204976.000000,234864640.000000,1568763904.000000,0.000700,0.000000,0.000000,0.000000,0.010600,0.000000,0.000000,0.000000,0.003800,0.000000
2437,2.204050,1.035303,1.035200,0.955600,1112.000000,846347738.000000,1318204976.000000,234864640.000000,1568763904.000000,0.262100,0.036600,0.010900,0.017400,0.009900,0.018800,0.017400,0.014200,0.003200,0.000000
2438,2.204824,0.780400,0.774800,0.697000,1112.000000,846348186.000000,1318204976.000000,234864640.000000,1568763904.000000,0.000500,0.000000,0.000000,0.000000,0.012900,0.000000,0.000000,0.000000,0.003100,0.000000
2439,2.205616,0.786295,0.787100,0.705800,1112.000000,846351882.000000,1318204976.000000,234864640.000000,1568763904.000000,0.000500,0.000000,0.000000,0.000000,0.012500,0.000000,0.000000,0.000000,0.003100,0.000000
2440,2.206592,0.844799,0.833000,0.752300,1112.000000,846351906.000000,1318204976.000000,234864640.000000,1568763904.000000,0.000600,0.000000,0.000000,0.000000,0.013300,0.000000,0.000000,0.000000,0.003400,0.000000
2441,2.207732,1.223200,1.084300,0.992300,1112.000000,846350570.000000,1318204976.000000,234864640.000000,1568763904.000000,0.000600,0.000000,0.000000,0.000000,0.012200,0.000000,0.000000,0.000000,0.005200,0.000000
2442,2.208646,0.954202,1.093300,0.870800,1112.000000,846367186.000000,1318204976.000000,234864640.000000,1568763904.000000,0.000600,0.000000,0.000000,0.000000,0.013500,0.000000,0.000000,0.000000,0.004100,0.000000
2443,2.209446,0.812202,0.814100,0.730300,1112.000000,846350258.000000,1318204976.000000,234864640.000000,1568763904.000000,0.000600,0.000000,0.000000,0.000000,0.010600,0.000000,0.000000,0.000000,0.003700,0.000000
2444,2.210248,0.795699,0.795100,0.716000,1112.000000,846350282.000000,1318204976.000000,234864640.000000,1568763904.000000,0.000600,0.000000,0.000000,0.000000,0.010400,0.000000,0.000000,0.000000,0.003200,0.000000
2445,2.211033,0.790299,0.787900,0.710400,1112.000000,846354842.000000,1318204976.000000,234864640.000000,1568763904.000000,0.000500,0.000000,0.000000,0.000000,0.011900,0.000000,0.000000,0.000000,0.003200,0.000000
2446,2.211815,0.778501,0.775100,0.697800,1112.000000,846354866.000000,1318204976.000000,234864640.000000,1568763904.000000,0.000500,0.000000,0.000000,0.000000,0.010800,0.000000,0.000000,0.000000,0.003300,0.000000
2447,2.212604,0.796797,0.794800,0.716800,1112.000000,846355002.000000,1318204976.000000,234864640.000000,1568763904.000000,0.000600,0.000000,0.000000,0.000000,0.011200,0.000000,0.000000,0.000000,0.003300,0.000000
2448,2.213354,0.747300,0.748700,0.670200,1112.000000,846354602.000000,1318204976.000000,234864640.000000,1568763904.000000,0.000700,0.000000,0.000000,0.000000,0.010800,0.000000,0.000000,0.000000,0.003200,0.000000
2449,2.214149,0.798002,0.797300,0.722300,1112.000000,846358722.000000,1318204976.000000,234864640.000000,1568763904.000000,0.000600,0.000000,0.000000,0.000000,0.010000,0.000000,0.000000,0.000000,0.002900,0.000000
2450,2.214980,0.803699,0.737600,0.663100,1112.000000,846359594.000000,1318204976.000000,234864640.000000,1568763904.000000,0.000600,0.000000,0.000000,0.000000,0.010000,0.000000,0.000000,0.000000,0.002900,0.000000
2451,2.215829,0.856803,0.899200,0.762400,1112.000000,846362866.000000,1318204976.000000,234864640.000000,1568763904.000000,0.000600,0.000000,0.000000,0.000000,0.011500,0.000000,0.000000,0.000000,0.003400,0.000000
2452,2.216663,0.838301,0.849400,0.754100,1112.000000,846362890.000000,1318204976.000000,234864640.000000,1568763904.000000,0.000500,0.000000,0.000000,0.000000,0.010800,0.000000,0.000000,0.000000,0.003400,0.000000
2453,2.217614,0.946797,0.807600,0.728000,1112.000000,846362914.000000,1318204976.000000,234864640.000000,1568763904.000000,0.000600,0.000000,0.000000,0.000000,0.011000,0.000000,0.000000,0.000000,0.003600,0.000000
2454,2.218473,0.870203,1.006500,0.791000,1112.000000,846363362.000000,1318204976.000000,234864640.000000,1568763904.000000,0.000500,0.000000,0.000000,0.000000,0.011800,0.000000,0.000000,0.000000,0.003600,0.000000
2455,2.219274,0.799695,0.795600,0.716300,1112.000000,846362986.000000,1318204976.000000,234864640.000000,1568763904.000000,0.000500,0.000000,0.000000,0.000000,0.010500,0.000000,0.000000,0.000000,0.003300,0.000000
2456,2.220381,1.112103,1.113600,1.031800,1112.000000,846368578.000000,1318204976.000000,234864640.000000,1568763904.000000,0.275200,0.035900,0.012100,0.016600,0.010800,0.018300,0.016900,0.014500,0.003400,0.000000
2457,2.221218,0.832703,0.828100,0.750100,1112.000000,846368602.000000,1318204976.000000,234864640.000000,1568763904.000000,0.000600,0.000000,0.000000,0.000000,0.013300,0.000000,0.000000,0.000000,0.003200,0.000000
2458,2.222142,0.907795,0.903100,0.821200,1112.000000,846389282.000000,1318204976.000000,234864640.000000,1568763904.000000,0.000700,0.000000,0.000000,0.000000,0.014600,0.000000,0.000000,0.000000,0.003100,0.000000
2459,2.223119,0.969501,0.961600,0.875900,1112.000000,846372354.000000,1318204976.000000,234864640.000000,1568763904.000000,0.000600,0.000000,0.000000,0.000000,0.013800,0.000000,0.000000,0.000000,0.003600,0.000000
2460,2.224049,0.943403,0.929800,0.839200,1112.000000,846371330.000000,1318204976.000000,234864640.000000,1568763904.000000,0.000600,0.000000,0.000000,0.000000,0.012800,0.000000,0.000000,0.000000,0.004100,0.000000
2461,2.224879,0.835700,0.855000,0.754700,1112.000000,846371370.000000,1318204976.000000,234864640.000000,1568763904.000000,0.000600,0.000000,0.000000,0.000000,0.014300,0.000000,0.000000,0.000000,0.003600,0.000000
2462,2.225662,0.795401,0.794600,0.716200,1112.000000,846371394.000000,1318204976.000000,234864640.000000,1568763904.000000,0.000600,0.000000,0.000000,0.000000,0.011400,0.000000,0.000000,0.000000,0.003200,0.000000
2463,2.226472,0.786097,0.785300,0.707900,1112.000000,846370994.000000,1318204976.000000,234864640.000000,1568763904.000000,0.000500,0.000000,0.000000,0.000000,0.010200,0.000000,0.000000,0.000000,0.003100,0.000000
2464,2.227288,0.833900,0.827600,0.751100,1112.000000,846375114.000000,1318204976.000000,234864640.000000,1568763904.000000,0.000600,0.000000,0.000000,0.000000,0.010600,0.000000,0.000000,0.000000,0.003100,0.000000
2465,2.228066,0.778401,0.779200,0.699000,1112.000000,846375138.000000,1318204976.000000,234864640.000000,1568763904.000000,0.000600,0.000000,0.000000,0.000000,0.010900,0.000000,0.000000,0.000000,0.003000,0.000000
2466,2.228853,0.790802,0.790600,0.713600,1112.000000,846380106.000000,1318204976.000000,234864640.000000,1568763904.000000,0.000500,0.000000,0.000000,0.000000,0.010400,0.000000,0.000000,0.000000,0.003200,0.000000
2467,2.229722,0.778699,0.777300,0.701600,1112.000000,846379282.000000,1318204976.000000,234864640.000000,1568763904.000000,0.000600,0.000000,0.000000,0.000000,0.010000,0.000000,0.000000,0.000000,0.002800,0.000000
2468,2.230579,0.880499,0.876100,0.800700,1112.000000,846379306.000000,1318204976.000000,234864640.000000,1568763904.000000,0.000600,0.000000,0.000000,0.000000,0.010200,0.000000,0.000000,0.000000,0.004900,0.000000
2469,2.231478,0.956002,0.953400,0.875400,1112.000000,846379330.000000,1318204976.000000,234864640.000000,1568763904.000000,0.000700,0.000000,0.000000,0.000000,0.011200,0.000000,0.000000,0.000000,0.006100,0.000000
2470,2.232350,0.873498,0.866600,0.786300,1112.000000,846379778.000000,1318204976.000000,234864640.000000,1568763904.000000,0.000700,0.000000,0.000000,0.000000,0.011200,0.000000,0.000000,0.000000,0.003300,0.000000
2471,2.233175,0.835998,0.837600,0.754400,1112.000000,846383498.000000,1318204976.000000,234864640.000000,1568763904.000000,0.000500,0.000000,0.000000,0.000000,0.011100,0.000000,0.000000,0.000000,0.003400,0.000000
2472,2.233944,0.767000,0.769400,0.690100,1112.000000,846383498.000000,1318204976.000000,234864640.000000,1568763904.000000,0.000600,0.000000,0.000000,0.000000,0.011500,0.000000,0.000000,0.000000,0.003600,0.000000
2473,2.234709,0.767000,0.765400,0.690100,1112.000000,846383522.000000,1318204976.000000,234864640.000000,1568763904.000000,0.000600,0.000000,0.000000,0.000000,0.010400,0.000000,0.000000,0.000000,0.003100,0.000000
2474,2.235543,0.823802,0.819400,0.743800,1112.000000,846400234.000000,1318204976.000000,234864640.000000,1568763904.000000,0.000500,0.000000,0.000000,0.000000,0.010900,0.000000,0.000000,0.000000,0.003200,0.000000
2475,2.236393,0.856002,0.854200,0.777100,1112.000000,846383306.000000,1318204976.000000,234864640.000000,1568763904.000000,0.000600,0.000000,0.000000,0.000000,0.011500,0.000000,0.000000,0.000000,0.003100,0.000000
2476,2.237531,1.123597,1.116500,1.037800,1112.000000,846385386.000000,1318204976.000000,234864640.000000,1568763904.000000,0.298000,0.040000,0.011700,0.019000,0.011000,0.020200,0.017100,0.025200,0.003300,0.000000
2477,2.238322,0.803005,0.804700,0.723000,1112.000000,846389522.000000,1318204976.000000,234864640.000000,1568763904.000000,0.000600,0.000000,0.000000,0.000000,0.012700,0.000000,0.000000,0.000000,0.003500,0.000000
2478,2.239134,0.813896,0.814100,0.736100,1112.000000,846389970.000000,1318204976.000000,234864640.000000,1568763904.000000,0.000500,0.000000,0.000000,0.000000,0.012900,0.000000,0.000000,0.000000,0.003600,0.000000
2479,2.239968,0.823299,0.819500,0.743100,1112.000000,846389570.000000,1318204976.000000,234864640.000000,1568763904.000000,0.000500,0.000000,0.000000,0.000000,0.013300,0.000000,0.000000,0.000000,0.003100,0.000000
2480,2.240852,0.887599,0.882700,0.804100,1112.000000,846387570.000000,1318204976.000000,234864640.000000,1568763904.000000,0.000600,0.000000,0.000000,0.000000,0.010500,0.000000,0.000000,0.000000,0.003400,0.000000
2481,2.241650,0.803302,0.803800,0.723600,1112.000000,846387618.000000,1318204976.000000,234864640.000000,1568763904.000000,0.000500,0.000000,0.000000,0.000000,0.011400,0.000000,0.000000,0.000000,0.003300,0.000000
2482,2.242482,0.820699,0.816500,0.737700,1112.000000,846388466.000000,1318204976.000000,234864640.000000,1568763904.000000,0.000500,0.000000,0.000000,0.000000,0.011000,0.000000,0.000000,0.000000,0.003200,0.000000
2483,2.243402,0.921301,0.914200,0.833200,1112.000000,846395834.000000,1318204976.000000,234864640.000000,1568763904.000000,0.000600,0.000000,0.000000,0.000000,0.010000,0.000000,0.000000,0.000000,0.003200,0.000000
2484,2.244228,0.829500,0.832500,0.747200,1112.000000,846395858.000000,1318204976.000000,234864640.000000,1568763904.000000,0.000600,0.000000,0.000000,0.000000,0.011800,0.000000,0.000000,0.000000,0.003800,0.000000
2485,2.245071,0.847902,0.846400,0.765600,1112.000000,846395882.000000,1318204976.000000,234864640.000000,1568763904.000000,0.000500,0.000000,0.000000,0.000000,0.011100,0.000000,0.000000,0.000000,0.003300,0.000000
2486,2.245920,0.831200,0.827200,0.747700,1112.000000,846396330.000000,1318204976.000000,234864640.000000,1568763904.000000,0.000500,0.000000,0.000000,0.000000,0.011800,0.000000,0.000000,0.000000,0.003200,0.000000
2487,2.246729,0.827898,0.811500,0.730000,1112.000000,846395930.000000,1318204976.000000,234864640.000000,1568763904.000000,0.000600,0.000000,0.000000,0.000000,0.010500,0.000000,0.000000,0.000000,0.003400,0.000000
2488,2.247542,0.812302,0.827600,0.732000,1112.000000,846395978.000000,1318204976.000000,234864640.000000,1568763904.000000,0.000500,0.000000,0.000000,0.000000,0.010800,0.000000,0.000000,0.000000,0.003300,0.000000
2489,2.248310,0.772300,0.769100,0.691000,1112.000000,846396010.000000,1318204976.000000,234864640.000000,1568763904.000000,0.000600,0.000000,0.000000,0.000000,0.010200,0.000000,0.000000,0.000000,0.003200,0.000000
2490,2.249144,0.827700,0.816600,0.735900,1112.000000,846416834.000000,1318204976.000000,234864640.000000,1568763904.000000,0.000600,0.000000,0.000000,0.000000,0.011600,0.000000,0.000000,0.000000,0.003100,0.000000
2491,2.249956,0.817496,0.826400,0.737700,1164.000000,846400754.000000,1318204976.000000,234864640.000000,1568763904.000000,0.000600,0.000000,0.000000,0.000000,0.013300,0.000000,0.000000,0.000000,0.003300,0.000000
2492,2.250728,0.770805,0.770800,0.693300,1112.000000,846399930.000000,1318204976.000000,234864640.000000,1568763904.000000,0.000500,0.000000,0.000000,0.000000,0.011700,0.000000,0.000000,0.000000,0.003500,0.000000
2493,2.251524,0.798696,0.798700,0.723000,1112.000000,846399970.000000,1318204976.000000,234864640.000000,1568763904.000000,0.000600,0.000000,0.000000,0.000000,0.009700,0.000000,0.000000,0.000000,0.003200,0.000000
2494,2.252606,1.028501,0.998200,0.917600,1112.000000,846400418.000000,1318204976.000000,234864640.000000,1568763904.000000,0.000500,0.000000,0.000000,0.000000,0.010500,0.000000,0.000000,0.000000,0.003200,0.000000
2495,2.253856,1.282299,1.297500,1.197800,1112.000000,846403666.000000,1318204976.000000,234864640.000000,1568763904.000000,0.336700,0.047800,0.011900,0.028400,0.023700,0.023500,0.019900,0.019300,0.004800,0.000000
2496,2.254854,0.978600,0.956900,0.870200,1112.000000,846408154.000000,1318204976.000000,234864640.000000,1568763904.000000,0.000600,0.000000,0.000000,0.000000,0.013000,0.000000,0.000000,0.000000,0.003600,0.000000
2497,2.255762,0.934403,0.955500,0.869900,1112.000000,846408298.000000,1318204976.000000,234864640.000000,1568763904.000000,0.000600,0.000000,0.000000,0.000000,0.014700,0.000000,0.000000,0.000000,0.003600,0.000000
2498,2.256754,0.969600,0.950200,0.866100,1112.000000,846409274.000000,1318204976.000000,234864640.000000,1568763904.000000,0.000600,0.000000,0.000000,0.000000,0.024500,0.000000,0.000000,0.000000,0.004300,0.000000
2499,2.257944,1.187599,1.186600,1.084200,1112.000000,846414690.000000,1318204976.000000,234864640.000000,1568763904.000000,0.000600,0.000000,0.000000,0.000000,0.011300,0.000000,0.000000,0.000000,0.004200,0.000000
2500,2.258821,0.904500,0.915300,0.819100,1112.000000,846420098.000000,1318204976.000000,234864640.000000,1568763904.000000,0.000600,0.000000,0.000000,0.000000,0.010900,0.000000,0.000000,0.000000,0.003900,0.000000
2501,2.259688,0.868800,0.871000,0.788000,1112.000000,846420258.000000,1318204976.000000,234864640.000000,1568763904.000000,0.000500,0.000000,0.000000,0.000000,0.012400,0.000000,0.000000,0.000000,0.003400,0.000000
2502,2.260549,0.867297,0.862900,0.784400,1112.000000,846420746.000000,1318204976.000000,234864640.000000,1568763904.000000,0.000500,0.000000,0.000000,0.000000,0.025900,0.000000,0.000000,0.000000,0.003500,0.000000
2503,2.261616,1.056300,1.052800,0.970100,1112.000000,846425026.000000,1318204976.000000,234864640.000000,1568763904.000000,0.000500,0.000000,0.000000,0.000000,0.011300,0.000000,0.000000,0.000000,0.002900,0.000000
2504,2.262517,0.900702,0.897900,0.814600,1112.000000,846425050.000000,1318204976.000000,234864640.000000,1568763904.000000,0.000600,0.000000,0.000000,0.000000,0.011900,0.000000,0.000000,0.000000,0.003800,0.000000
2505,2.263392,0.877204,0.875300,0.791300,1112.000000,846425554.000000,1318204976.000000,234864640.000000,1568763904.000000,0.000500,0.000000,0.000000,0.000000,0.013700,0.000000,0.000000,0.000000,0.003600,0.000000
2506,2.264277,0.891199,0.888100,0.805100,1112.000000,846442698.000000,1318204976.000000,234864640.000000,1568763904.000000,0.000600,0.000000,0.000000,0.000000,0.033500,0.000000,0.000000,0.000000,0.003600,0.000000
2507,2.265256,0.904195,0.903700,0.818100,1112.000000,846425394.000000,1318204976.000000,234864640.000000,1568763904.000000,0.000600,0.000000,0.000000,0.000000,0.010700,0.000000,0.000000,0.000000,0.003100,0.000000
2508,2.266184,0.961600,0.959100,0.876000,1112.000000,846425434.000000,1318204976.000000,234864640.000000,1568763904.000000,0.000700,0.000000,0.000000,0.000000,0.010400,0.000000,0.000000,0.000000,0.005800,0.000000
2509,2.267322,1.141100,1.128000,1.042700,1112.000000,846429722.000000,1318204976.000000,234864640.000000,1568763904.000000,0.000600,0.000000,0.000000,0.000000,0.011000,0.000000,0.000000,0.000000,0.003400,0.000000
2510,2.268176,0.890604,0.879000,0.785100,1112.000000,846430146.000000,1318204976.000000,234864640.000000,1568763904.000000,0.000600,0.000000,0.000000,0.000000,0.011300,0.000000,0.000000,0.000000,0.003600,0.000000
2511,2.269112,0.910296,0.914200,0.832800,1112.000000,846429746.000000,1318204976.000000,234864640.000000,1568763904.000000,0.000600,0.000000,0.000000,0.000000,0.010700,0.000000,0.000000,0.000000,0.003300,0.000000
2512,2.270173,1.092007,1.089300,0.986100,1112.000000,846434882.000000,1318204976.000000,234864640.000000,1568763904.000000,0.270300,0.039700,0.010900,0.016700,0.009600,0.023500,0.020700,0.014400,0.003000,0.000000
2513,2.270959,0.771294,0.770900,0.694500,1112.000000,846434906.000000,1318204976.000000,234864640.000000,1568763904.000000,0.000600,0.000000,0.000000,0.000000,0.013200,0.000000,0.000000,0.000000,0.003200,0.000000
2514,2.271905,0.946903,0.937200,0.858400,1112.000000,846435778.000000,1318204976.000000,234864640.000000,1568763904.000000,0.000600,0.000000,0.000000,0.000000,0.012500,0.000000,0.000000,0.000000,0.003800,0.000000
2515,2.272749,0.846698,0.848600,0.765900,1112.000000,846439050.000000,1318204976.000000,234864640.000000,1568763904.000000,0.000600,0.000000,0.000000,0.000000,0.013100,0.000000,0.000000,0.000000,0.003200,0.000000
2516,2.273598,0.830400,0.825300,0.745600,1112.000000,846433962.000000,1318204976.000000,234864640.000000,1568763904.000000,0.000700,0.000000,0.000000,0.000000,0.010900,0.000000,0.000000,0.000000,0.003300,0.000000
2517,2.274431,0.865200,0.852400,0.769400,1112.000000,846442186.000000,1318204976.000000,234864640.000000,1568763904.000000,0.000700,0.000000,0.000000,0.000000,0.011200,0.000000,0.000000,0.000000,0.003900,0.000000
2518,2.275222,0.790604,0.805000,0.712100,1112.000000,846442746.000000,1318204976.000000,234864640.000000,1568763904.000000,0.000600,0.000000,0.000000,0.000000,0.010700,0.000000,0.000000,0.000000,0.003400,0.000000
2519,2.276010,0.788598,0.784200,0.707400,1112.000000,846442770.000000,1318204976.000000,234864640.000000,1568763904.000000,0.000600,0.000000,0.000000,0.000000,0.012100,0.000000,0.000000,0.000000,0.002900,0.000000
2520,2.276837,0.814803,0.815400,0.736900,1112.000000,846446466.000000,1318204976.000000,234864640.000000,1568763904.000000,0.000600,0.000000,0.000000,0.000000,0.011200,0.000000,0.000000,0.000000,0.003000,0.000000
2521,2.277997,1.140398,0.885800,0.808000,1112.000000,846446914.000000,1318204976.000000,234864640.000000,1568763904.000000,0.000600,0.000000,0.000000,0.000000,0.012700,0.000000,0.000000,0.000000,0.004100,0.000000
2522,2.278888,0.906300,1.148400,0.823400,1112.000000,846467346.000000,1318204976.000000,234864640.000000,1568763904.000000,0.000600,0.000000,0.000000,0.000000,0.012900,0.000000,0.000000,0.000000,0.003800,0.000000
2523,2.279717,0.842099,0.845800,0.761300,1112.000000,846450418.000000,1318204976.000000,234864640.000000,1568763904.000000,0.000600,0.000000,0.000000,0.000000,0.011300,0.000000,0.000000,0.000000,0.003500,0.000000
2524,2.280525,0.807603,0.807200,0.728500,1112.000000,846450442.000000,1318204976.000000,234864640.000000,1568763904.000000,0.000600,0.000000,0.000000,0.000000,0.010500,0.000000,0.000000,0.000000,0.003100,0.000000
2525,2.281465,0.925694,0.784700,0.707000,1112.000000,846450482.000000,1318204976.000000,234864640.000000,1568763904.000000,0.000500,0.000000,0.000000,0.000000,0.011200,0.000000,0.000000,0.000000,0.003400,0.000000
2526,2.282305,0.848002,0.980400,0.766300,1112.000000,846450930.000000,1318204976.000000,234864640.000000,1568763904.000000,0.000600,0.000000,0.000000,0.000000,0.011700,0.000000,0.000000,0.000000,0.003400,0.000000
2527,2.283108,0.807001,0.809100,0.728000,1112.000000,846450530.000000,1318204976.000000,234864640.000000,1568763904.000000,0.000500,0.000000,0.000000,0.000000,0.011200,0.000000,0.000000,0.000000,0.003400,0.000000
2528,2.283865,0.764002,0.762400,0.685400,1112.000000,846454650.000000,1318204976.000000,234864640.000000,1568763904.000000,0.000500,0.000000,0.000000,0.000000,0.010700,0.000000,0.000000,0.000000,0.003200,0.000000
2529,2.284625,0.762698,0.760800,0.684000,1112.000000,846454674.000000,1318204976.000000,234864640.000000,1568763904.000000,0.000600,0.000000,0.000000,0.000000,0.010200,0.000000,0.000000,0.000000,0.003000,0.000000
2530,2.285581,0.951899,0.950100,0.873300,1112.000000,846444778.000000,1318204976.000000,234864640.000000,1568763904.000000,0.000500,0.000000,0.000000,0.000000,0.010800,0.000000,0.000000,0.000000,0.003000,0.000000
2531,2.286418,0.814002,0.813400,0.737200,1112.000000,846443954.000000,1318204976.000000,234864640.000000,1568763904.000000,0.000600,0.000000,0.000000,0.000000,0.011500,0.000000,0.000000,0.000000,0.003200,0.000000
2532,2.287533,1.125000,1.115800,1.038400,1112.000000,846444778.000000,1318204976.000000,234864640.000000,1568763904.000000,0.282900,0.036200,0.010700,0.018400,0.010200,0.018500,0.017300,0.022400,0.003500,0.000000
2533,2.288312,0.787195,0.790000,0.708000,1112.000000,846445226.000000,1318204976.000000,234864640.000000,1568763904.000000,0.000500,0.000000,0.000000,0.000000,0.014300,0.000000,0.000000,0.000000,0.002700,0.000000
2534,2.289064,0.755003,0.751500,0.674300,1112.000000,846449346.000000,1318204976.000000,234864640.000000,1568763904.000000,0.000500,0.000000,0.000000,0.000000,0.013200,0.000000,0.000000,0.000000,0.003000,0.000000
2535,2.289822,0.755797,0.756500,0.677800,1112.000000,846453042.000000,1318204976.000000,234864640.000000,1568763904.000000,0.000600,0.000000,0.000000,0.000000,0.012100,0.000000,0.000000,0.000000,0.003000,0.000000
2536,2.290633,0.807100,0.796800,0.720200,1112.000000,846452690.000000,1318204976.000000,234864640.000000,1568763904.000000,0.000500,0.000000,0.000000,0.000000,0.011000,0.000000,0.000000,0.000000,0.003100,0.000000
2537,2.291458,0.825000,0.826000,0.741200,1112.000000,846452290.000000,1318204976.000000,234864640.000000,1568763904.000000,0.000500,0.000000,0.000000,0.000000,0.011000,0.000000,0.000000,0.000000,0.003200,0.000000
2538,2.292273,0.821301,0.821300,0.739500,1112.000000,846468890.000000,1318204976.000000,234864640.000000,1568763904.000000,0.000500,0.000000,0.000000,0.000000,0.011300,0.000000,0.000000,0.000000,0.003200,0.000000
2539,2.293037,0.764101,0.763000,0.683300,1112.000000,846451962.000000,1318204976.000000,234864640.000000,1568763904.000000,0.000600,0.000000,0.000000,0.000000,0.010100,0.000000,0.000000,0.000000,0.003100,0.000000
2540,2.293801,0.765200,0.766500,0.688400,1112.000000,846451986.000000,1318204976.000000,234864640.000000,1568763904.000000,0.000600,0.000000,0.000000,0.000000,0.009800,0.000000,0.000000,0.000000,0.003300,0.000000
2541,2.294630,0.819501,0.814400,0.739000,1112.000000,846456146.000000,1318204976.000000,234864640.000000,1568763904.000000,0.000500,0.000000,0.000000,0.000000,0.010100,0.000000,0.000000,0.000000,0.002900,0.000000
2542,2.295475,0.850298,0.847500,0.766100,1112.000000,846456610.000000,1318204976.000000,234864640.000000,1568763904.000000,0.000600,0.000000,0.000000,0.000000,0.011800,0.000000,0.000000,0.000000,0.003300,0.000000
2543,2.296572,0.989002,0.982100,0.901500,1112.000000,846456194.000000,1318204976.000000,234864640.000000,1568763904.000000,0.000500,0.000000,0.000000,0.000000,0.010400,0.000000,0.000000,0.000000,0.002900,0.000000
2544,2.297433,0.950198,0.950700,0.866300,1112.000000,846456218.000000,1318204976.000000,234864640.000000,1568763904.000000,0.000700,0.000000,0.000000,0.000000,0.011100,0.000000,0.000000,0.000000,0.005200,0.000000
2545,2.298221,0.808999,0.811100,0.730400,1112.000000,846456242.000000,1318204976.000000,234864640.000000,1568763904.000000,0.000600,0.000000,0.000000,0.000000,0.011000,0.000000,0.000000,0.000000,0.004000,0.000000
2546,2.299081,0.821400,0.818900,0.742500,1112.000000,846457130.000000,1318204976.000000,234864640.000000,1568763904.000000,0.000600,0.000000,0.000000,0.000000,0.011000,0.000000,0.000000,0.000000,0.003100,0.000000
2547,2.299860,0.814498,0.813600,0.736500,1112.000000,846460386.000000,1318204976.000000,234864640.000000,1568763904.000000,0.000500,0.000000,0.000000,0.000000,0.010100,0.000000,0.000000,0.000000,0.003300,0.000000
2548,2.300658,0.802601,0.800800,0.724800,1112.000000,846460410.000000,1318204976.000000,234864640.000000,1568763904.000000,0.000600,0.000000,0.000000,0.000000,0.011600,0.000000,0.000000,0.000000,0.003300,0.000000
2549,2.301471,0.806002,0.801100,0.722000,1112.000000,846460858.000000,1318204976.000000,234864640.000000,1568763904.000000,0.000600,0.000000,0.000000,0.000000,0.011900,0.000000,0.000000,0.000000,0.003200,0.000000
2550,2.302397,0.918800,0.916000,0.836400,1112.000000,846460882.000000,1318204976.000000,234864640.000000,1568763904.000000,0.000600,0.000000,0.000000,0.000000,0.011300,0.000000,0.000000,0.000000,0.003600,0.000000
2551,2.303491,1.067503,1.056600,0.976300,1112.000000,846465930.000000,1318204976.000000,234864640.000000,1568763904.000000,0.259800,0.034300,0.011200,0.017500,0.012400,0.019000,0.016800,0.013400,0.003300,0.000000
2552,2.304308,0.853394,0.862800,0.774100,1112.000000,846465546.000000,1318204976.000000,234864640.000000,1568763904.000000,0.000600,0.000000,0.000000,0.000000,0.013300,0.000000,0.000000,0.000000,0.003500,0.000000
2553,2.305133,0.832207,0.785700,0.708500,1112.000000,846465554.000000,1318204976.000000,234864640.000000,1568763904.000000,0.000500,0.000000,0.000000,0.000000,0.012600,0.000000,0.000000,0.000000,0.002900,0.000000
2554,2.306120,0.849398,0.885900,0.764600,1112.000000,846486242.000000,1318204976.000000,234864640.000000,1568763904.000000,0.000500,0.000000,0.000000,0.000000,0.013300,0.000000,0.000000,0.000000,0.002900,0.000000
2555,2.307212,1.181498,1.130100,1.034300,1112.000000,846468370.000000,1318204976.000000,234864640.000000,1568763904.000000,0.000700,0.000000,0.000000,0.000000,0.010300,0.000000,0.000000,0.000000,0.004300,0.000000
2556,2.308155,0.961302,0.998500,0.864300,1112.000000,846468394.000000,1318204976.000000,234864640.000000,1568763904.000000,0.000600,0.000000,0.000000,0.000000,0.012600,0.000000,0.000000,0.000000,0.004100,0.000000
2557,2.309000,0.864498,0.874600,0.781700,1112.000000,846468434.000000,1318204976.000000,234864640.000000,1568763904.000000,0.000600,0.000000,0.000000,0.000000,0.012300,0.000000,0.000000,0.000000,0.003800,0.000000
2558,2.309787,0.791702,0.792700,0.711600,1112.000000,846468898.000000,1318204976.000000,234864640.000000,1568763904.000000,0.000500,0.000000,0.000000,0.000000,0.011600,0.000000,0.000000,0.000000,0.003300,0.000000
2559,2.310582,0.785998,0.782000,0.703100,1112.000000,846468482.000000,1318204976.000000,234864640.000000,1568763904.000000,0.000500,0.000000,0.000000,0.000000,0.025200,0.000000,0.000000,0.000000,0.003200,0.000000
2560,2.311415,0.832001,0.831800,0.751000,1112.000000,846472602.000000,1318204976.000000,234864640.000000,1568763904.000000,0.000500,0.000000,0.000000,0.000000,0.011000,0.000000,0.000000,0.000000,0.003500,0.000000
2561,2.312247,0.838598,0.824400,0.744800,1112.000000,846472626.000000,1318204976.000000,234864640.000000,1568763904.000000,0.000600,0.000000,0.000000,0.000000,0.011000,0.000000,0.000000,0.000000,0.003200,0.000000
2562,2.313061,0.815604,0.826900,0.736800,1112.000000,846473514.000000,1318204976.000000,234864640.000000,1568763904.000000,0.000600,0.000000,0.000000,0.000000,0.010900,0.000000,0.000000,0.000000,0.002900,0.000000
2563,2.314112,1.042496,1.034000,0.955800,1112.000000,846473114.000000,1318204976.000000,234864640.000000,1568763904.000000,0.000500,0.000000,0.000000,0.000000,0.011700,0.000000,0.000000,0.000000,0.003200,0.000000
2564,2.315027,0.877501,0.876900,0.793300,1112.000000,846472698.000000,1318204976.000000,234864640.000000,1568763904.000000,0.000600,0.000000,0.000000,0.000000,0.012400,0.000000,0.000000,0.000000,0.003500,0.000000
2565,2.315891,0.902898,0.896600,0.815500,1112.000000,846472770.000000,1318204976.000000,234864640.000000,1568763904.000000,0.000700,0.000000,0.000000,0.000000,0.011700,0.000000,0.000000,0.000000,0.003500,0.000000
2566,2.316780,0.887698,0.882400,0.797400,1112.000000,846473218.000000,1318204976.000000,234864640.000000,1568763904.000000,0.000700,0.000000,0.000000,0.000000,0.011800,0.000000,0.000000,0.000000,0.003300,0.000000
2567,2.317653,0.879804,0.887200,0.799100,1112.000000,846477338.000000,1318204976.000000,234864640.000000,1568763904.000000,0.000500,0.000000,0.000000,0.000000,0.012500,0.000000,0.000000,0.000000,0.003300,0.000000
2568,2.318473,0.814101,0.810200,0.730100,1112.000000,846481050.000000,1318204976.000000,234864640.000000,1568763904.000000,0.000600,0.000000,0.000000,0.000000,0.012000,0.000000,0.000000,0.000000,0.003200,0.000000
2569,2.319323,0.857497,0.857500,0.776100,1112.000000,846481066.000000,1318204976.000000,234864640.000000,1568763904.000000,0.000500,0.000000,0.000000,0.000000,0.011400,0.000000,0.000000,0.000000,0.003700,0.000000
2570,2.320368,1.050000,1.050900,0.972400,1112.000000,846498698.000000,1318204976.000000,234864640.000000,1568763904.000000,0.257300,0.034100,0.010500,0.017200,0.010900,0.018300,0.016900,0.013300,0.003200,0.000000
2571,2.321212,0.824398,0.816800,0.739900,1112.000000,846481754.000000,1318204976.000000,234864640.000000,1568763904.000000,0.000500,0.000000,0.000000,0.000000,0.012600,0.000000,0.000000,0.000000,0.003000,0.000000
2572,2.322141,0.928104,0.919700,0.835700,1112.000000,846481778.000000,1318204976.000000,234864640.000000,1568763904.000000,0.000700,0.000000,0.000000,0.000000,0.026300,0.000000,0.000000,0.000000,0.003600,0.000000
2573,2.323011,0.869700,0.873200,0.785600,1112.000000,846485914.000000,1318204976.000000,234864640.000000,1568763904.000000,0.000500,0.000000,0.000000,0.000000,0.012800,0.000000,0.000000,0.000000,0.003400,0.000000
2574,2.324061,1.050999,1.013200,0.927900,1112.000000,846485338.000000,1318204976.000000,234864640.000000,1568763904.000000,0.000600,0.000000,0.000000,0.000000,0.011400,0.000000,0.000000,0.000000,0.003700,0.000000
2575,2.325013,0.956704,0.972300,0.854300,1112.000000,846484922.000000,1318204976.000000,234864640.000000,1568763904.000000,0.000600,0.000000,0.000000,0.000000,0.011200,0.000000,0.000000,0.000000,0.003400,0.000000
2576,2.326029,0.919799,0.934300,0.835400,1112.000000,846484946.000000,1318204976.000000,234864640.000000,1568763904.000000,0.000700,0.000000,0.000000,0.000000,0.028800,0.000000,0.000000,0.000000,0.003700,0.000000
2577,2.327040,1.088698,1.081100,0.997200,1112.000000,846485394.000000,1318204976.000000,234864640.000000,1568763904.000000,0.000400,0.000000,0.000000,0.000000,0.012500,0.000000,0.000000,0.000000,0.005700,0.000000
2578,2.327914,0.891199,0.891700,0.802900,1112.000000,846485866.000000,1318204976.000000,234864640.000000,1568763904.000000,0.000600,0.000000,0.000000,0.000000,0.013600,0.000000,0.000000,0.000000,0.004100,0.000000
2579,2.328928,0.955598,0.953400,0.867500,1112.000000,846489122.000000,1318204976.000000,234864640.000000,1568763904.000000,0.000500,0.000000,0.000000,0.000000,0.011000,0.000000,0.000000,0.000000,0.003100,0.000000
2580,2.329827,0.948101,0.950100,0.865100,1112.000000,846489146.000000,1318204976.000000,234864640.000000,1568763904.000000,0.000500,0.000000,0.000000,0.000000,0.012000,0.000000,0.000000,0.000000,0.005500,0.000000
2581,2.330652,0.839505,0.836600,0.755100,1112.000000,846489170.000000,1318204976.000000,234864640.000000,1568763904.000000,0.000700,0.000000,0.000000,0.000000,0.012500,0.000000,0.000000,0.000000,0.004200,0.000000
2582,2.331553,0.900099,0.896700,0.815200,1112.000000,846490042.000000,1318204976.000000,234864640.000000,1568763904.000000,0.000500,0.000000,0.000000,0.000000,0.026100,0.000000,0.000000,0.000000,0.003700,0.000000
2583,2.332560,1.004500,0.998500,0.915300,1112.000000,846489218.000000,1318204976.000000,234864640.000000,1568763904.000000,0.000700,0.000000,0.000000,0.000000,0.025500,0.000000,0.000000,0.000000,0.003400,0.000000
2584,2.333388,0.832901,0.837400,0.751300,1112.000000,846493354.000000,1318204976.000000,234864640.000000,1568763904.000000,0.000500,0.000000,0.000000,0.000000,0.011000,0.000000,0.000000,0.000000,0.003500,0.000000
2585,2.334167,0.784297,0.781900,0.702600,1112.000000,846497458.000000,1318204976.000000,234864640.000000,1568763904.000000,0.000600,0.000000,0.000000,0.000000,0.011200,0.000000,0.000000,0.000000,0.003200,0.000000
2586,2.334985,0.815597,0.813500,0.733500,1112.000000,846518146.000000,1318204976.000000,234864640.000000,1568763904.000000,0.000600,0.000000,0.000000,0.000000,0.011800,0.000000,0.000000,0.000000,0.003300,0.000000
2587,2.335759,0.783305,0.784900,0.705500,1112.000000,846501202.000000,1318204976.000000,234864640.000000,1568763904.000000,0.000700,0.000000,0.000000,0.000000,0.011000,0.000000,0.000000,0.000000,0.003500,0.000000
2588,2.337177,1.372300,1.349600,1.267600,1112.000000,846502394.000000,1318204976.000000,234864640.000000,1568763904.000000,0.248800,0.031400,0.010300,0.015800,0.009500,0.019100,0.017300,0.012100,0.003100,0.000000
2589,2.338067,0.923902,0.938100,0.842900,1112.000000,846502458.000000,1318204976.000000,234864640.000000,1568763904.000000,0.000600,0.000000,0.000000,0.000000,0.014400,0.000000,0.000000,0.000000,0.004000,0.000000
2590,2.338892,0.831796,0.796000,0.716700,1112.000000,846502882.000000,1318204976.000000,234864640.000000,1568763904.000000,0.000600,0.000000,0.000000,0.000000,0.013200,0.000000,0.000000,0.000000,0.003500,0.000000
2591,2.339681,0.785402,0.820700,0.737000,1112.000000,846502906.000000,1318204976.000000,234864640.000000,1568763904.000000,0.000600,0.000000,0.000000,0.000000,0.013700,0.000000,0.000000,0.000000,0.003100,0.000000
2592,2.340595,0.901800,0.891000,0.812800,1112.000000,846505434.000000,1318204976.000000,234864640.000000,1568763904.000000,0.000500,0.000000,0.000000,0.000000,0.011100,0.000000,0.000000,0.000000,0.003100,0.000000
2593,2.341439,0.853600,0.856100,0.769800,1112.000000,846505458.000000,1318204976.000000,234864640.000000,1568763904.000000,0.000600,0.000000,0.000000,0.000000,0.011700,0.000000,0.000000,0.000000,0.003400,0.000000
2594,2.342249,0.813797,0.812600,0.731100,1112.000000,846506354.000000,1318204976.000000,234864640.000000,1568763904.000000,0.000500,0.000000,0.000000,0.000000,0.012100,0.000000,0.000000,0.000000,0.003200,0.000000
2595,2.343041,0.796804,0.796900,0.717500,1112.000000,846505514.000000,1318204976.000000,234864640.000000,1568763904.000000,0.000500,0.000000,0.000000,0.000000,0.011100,0.000000,0.000000,0.000000,0.003200,0.000000
2596,2.343810,0.774001,0.774700,0.698300,1112.000000,846505538.000000,1318204976.000000,234864640.000000,1568763904.000000,0.000500,0.000000,0.000000,0.000000,0.010400,0.000000,0.000000,0.000000,0.003200,0.000000
2597,2.344555,0.748895,0.747800,0.674200,1112.000000,846505986.000000,1318204976.000000,234864640.000000,1568763904.000000,0.000500,0.000000,0.000000,0.000000,0.012500,0.000000,0.000000,0.000000,0.003000,0.000000
2598,2.345326,0.767800,0.762300,0.690000,1112.000000,846506010.000000,1318204976.000000,234864640.000000,1568763904.000000,0.000500,0.000000,0.000000,0.000000,0.010700,0.000000,0.000000,0.000000,0.003200,0.000000
2599,2.346083,0.737706,0.738800,0.662500,1112.000000,846509706.000000,1318204976.000000,234864640.000000,1568763904.000000,0.000500,0.000000,0.000000,0.000000,0.009500,0.000000,0.000000,0.000000,0.003000,0.000000
2600,2.346900,0.824894,0.816300,0.737900,1112.000000,846509746.000000,1318204976.000000,234864640.000000,1568763904.000000,0.000600,0.000000,0.000000,0.000000,0.010100,0.000000,0.000000,0.000000,0.003300,0.000000
2601,2.347724,0.828005,0.825200,0.746000,1112.000000,846509754.000000,1318204976.000000,234864640.000000,1568763904.000000,0.000500,0.000000,0.000000,0.000000,0.010600,0.000000,0.000000,0.000000,0.003200,0.000000
2602,2.348494,0.775397,0.780100,0.699900,1112.000000,846534538.000000,1318204976.000000,234864640.000000,1568763904.000000,0.000600,0.000000,0.000000,0.000000,0.011900,0.000000,0.000000,0.000000,0.003100,0.000000
2603,2.349229,0.740200,0.739900,0.666200,1112.000000,846517594.000000,1318204976.000000,234864640.000000,1568763904.000000,0.000500,0.000000,0.000000,0.000000,0.009600,0.000000,0.000000,0.000000,0.003000,0.000000
2604,2.349959,0.722102,0.714500,0.643000,1112.000000,846517618.000000,1318204976.000000,234864640.000000,1568763904.000000,0.000400,0.000000,0.000000,0.000000,0.009500,0.000000,0.000000,0.000000,0.003300,0.000000
2605,2.350766,0.756101,0.760100,0.682200,1112.000000,846521754.000000,1318204976.000000,234864640.000000,1568763904.000000,0.000600,0.000000,0.000000,0.000000,0.010400,0.000000,0.000000,0.000000,0.003000,0.000000
2606,2.351586,0.871995,0.867600,0.795000,1112.000000,846522202.000000,1318204976.000000,234864640.000000,1568763904.000000,0.000600,0.000000,0.000000,0.000000,0.011000,0.000000,0.000000,0.000000,0.003300,0.000000
2607,2.352578,0.982703,0.975800,0.900600,1112.000000,846522370.000000,1318204976.000000,234864640.000000,1568763904.000000,0.000600,0.000000,0.000000,0.000000,0.011500,0.000000,0.000000,0.000000,0.003000,0.000000
2608,2.353646,1.061203,1.058100,0.977800,1112.000000,846523674.000000,1318204976.000000,234864640.000000,1568763904.000000,0.272000,0.033800,0.012200,0.017100,0.010700,0.019100,0.016800,0.013500,0.003200,0.000000
2609,2.354435,0.800298,0.800900,0.719900,1112.000000,846523698.000000,1318204976.000000,234864640.000000,1568763904.000000,0.000600,0.000000,0.000000,0.000000,0.013500,0.000000,0.000000,0.000000,0.003500,0.000000
2610,2.355305,0.866298,0.864100,0.786000,1112.000000,846524594.000000,1318204976.000000,234864640.000000,1568763904.000000,0.000600,0.000000,0.000000,0.000000,0.028900,0.000000,0.000000,0.000000,0.003200,0.000000
2611,2.356054,0.751403,0.752100,0.674800,1112.000000,846527850.000000,1318204976.000000,234864640.000000,1568763904.000000,0.000500,0.000000,0.000000,0.000000,0.012000,0.000000,0.000000,0.000000,0.003200,0.000000
2612,2.356902,0.833801,0.821600,0.743400,1112.000000,846526594.000000,1318204976.000000,234864640.000000,1568763904.000000,0.000500,0.000000,0.000000,0.000000,0.011100,0.000000,0.000000,0.000000,0.002900,0.000000
2613,2.357788,0.895699,0.893800,0.808000,1112.000000,846526194.000000,1318204976.000000,234864640.000000,1568763904.000000,0.000600,0.000000,0.000000,0.000000,0.011300,0.000000,0.000000,0.000000,0.003300,0.000000
2614,2.358546,0.770196,0.776300,0.692300,1112.000000,846526642.000000,1318204976.000000,234864640.000000,1568763904.000000,0.000500,0.000000,0.000000,0.000000,0.010400,0.000000,0.000000,0.000000,0.003200,0.000000
2615,2.359278,0.735806,0.736200,0.660900,1112.000000,846526242.000000,1318204976.000000,234864640.000000,1568763904.000000,0.000600,0.000000,0.000000,0.000000,0.009300,0.000000,0.000000,0.000000,0.003000,0.000000
2616,2.359987,0.710799,0.708400,0.634400,1112.000000,846526282.000000,1318204976.000000,234864640.000000,1568763904.000000,0.000400,0.000000,0.000000,0.000000,0.009400,0.000000,0.000000,0.000000,0.003000,0.000000
2617,2.360967,0.952494,0.709500,0.636700,1112.000000,846526290.000000,1318204976.000000,234864640.000000,1568763904.000000,0.000500,0.000000,0.000000,0.000000,0.009500,0.000000,0.000000,0.000000,0.002800,0.000000
2618,2.361938,0.974702,1.205100,0.892700,1112.000000,846546986.000000,1318204976.000000,234864640.000000,1568763904.000000,0.000500,0.000000,0.000000,0.000000,0.011800,0.000000,0.000000,0.000000,0.003700,0.000000
2619,2.362750,0.824100,0.826300,0.744100,1112.000000,846534138.000000,1318204976.000000,234864640.000000,1568763904.000000,0.000600,0.000000,0.000000,0.000000,0.010700,0.000000,0.000000,0.000000,0.003400,0.000000
2620,2.363698,0.951502,0.949900,0.872000,1112.000000,846534162.000000,1318204976.000000,234864640.000000,1568763904.000000,0.000600,0.000000,0.000000,0.000000,0.010400,0.000000,0.000000,0.000000,0.003300,0.000000
2621,2.364451,0.755896,0.755500,0.678400,1112.000000,846534626.000000,1318204976.000000,234864640.000000,1568763904.000000,0.000500,0.000000,0.000000,0.000000,0.011700,0.000000,0.000000,0.000000,0.003100,0.000000
2622,2.365240,0.788202,0.788900,0.713400,1112.000000,846534650.000000,1318204976.000000,234864640.000000,1568763904.000000,0.000600,0.000000,0.000000,0.000000,0.010400,0.000000,0.000000,0.000000,0.003000,0.000000
2623,2.366066,0.798299,0.794200,0.721000,1112.000000,846534250.000000,1318204976.000000,234864640.000000,1568763904.000000,0.000600,0.000000,0.000000,0.000000,0.009900,0.000000,0.000000,0.000000,0.002800,0.000000
2624,2.366898,0.856703,0.853500,0.777700,1112.000000,846538370.000000,1318204976.000000,234864640.000000,1568763904.000000,0.000500,0.000000,0.000000,0.000000,0.010600,0.000000,0.000000,0.000000,0.003400,0.000000
2625,2.367662,0.767900,0.769500,0.693400,1112.000000,846538394.000000,1318204976.000000,234864640.000000,1568763904.000000,0.000600,0.000000,0.000000,0.000000,0.010800,0.000000,0.000000,0.000000,0.003200,0.000000
2626,2.368400,0.740398,0.737800,0.665200,1112.000000,846539282.000000,1318204976.000000,234864640.000000,1568763904.000000,0.000500,0.000000,0.000000,0.000000,0.010500,0.000000,0.000000,0.000000,0.003100,0.000000
2627,2.369126,0.727501,0.728500,0.655000,1112.000000,846538442.000000,1318204976.000000,234864640.000000,1568763904.000000,0.000600,0.000000,0.000000,0.000000,0.010300,0.000000,0.000000,0.000000,0.002800,0.000000
2628,2.370249,1.100702,1.093200,1.020300,1112.000000,846540042.000000,1318204976.000000,234864640.000000,1568763904.000000,0.294200,0.035100,0.010400,0.039200,0.010000,0.017700,0.016500,0.023900,0.003000,0.000000
2629,2.371047,0.810998,0.805400,0.728500,1112.000000,846540154.000000,1318204976.000000,234864640.000000,1568763904.000000,0.000500,0.000000,0.000000,0.000000,0.012800,0.000000,0.000000,0.000000,0.003400,0.000000
2630,2.371843,0.797598,0.793400,0.713100,1112.000000,846540602.000000,1318204976.000000,234864640.000000,1568763904.000000,0.000600,0.000000,0.000000,0.000000,0.012500,0.000000,0.000000,0.000000,0.003200,0.000000
2631,2.372648,0.789002,0.795200,0.712700,1112.000000,846544298.000000,1318204976.000000,234864640.000000,1568763904.000000,0.000600,0.000000,0.000000,0.000000,0.012200,0.000000,0.000000,0.000000,0.003000,0.000000
2632,2.373572,0.883900,0.870000,0.792000,1112.000000,846542930.000000,1318204976.000000,234864640.000000,1568763904.000000,0.000600,0.000000,0.000000,0.000000,0.009800,0.000000,0.000000,0.000000,0.003200,0.000000
2633,2.374437,0.918197,0.924200,0.837800,1112.000000,846542938.000000,1318204976.000000,234864640.000000,1568763904.000000,0.000600,0.000000,0.000000,0.000000,0.011000,0.000000,0.000000,0.000000,0.003500,0.000000
2634,2.375441,1.014605,1.003200,0.924800,1112.000000,846561186.000000,1318204976.000000,234864640.000000,1568763904.000000,0.000600,0.000000,0.000000,0.000000,0.011300,0.000000,0.000000,0.000000,0.003900,0.000000
2635,2.376350,0.868700,0.864600,0.772300,1112.000000,846544682.000000,1318204976.000000,234864640.000000,1568763904.000000,0.000400,0.000000,0.000000,0.000000,0.011600,0.000000,0.000000,0.000000,0.002900,0.000000
2636,2.377428,1.086295,0.913000,0.824700,1112.000000,846548362.000000,1318204976.000000,234864640.000000,1568763904.000000,0.000500,0.000000,0.000000,0.000000,0.012100,0.000000,0.000000,0.000000,0.003600,0.000000
2637,2.378244,0.820599,0.998600,0.739300,1112.000000,846552498.000000,1318204976.000000,234864640.000000,1568763904.000000,0.000500,0.000000,0.000000,0.000000,0.010900,0.000000,0.000000,0.000000,0.003900,0.000000
2638,2.379084,0.853805,0.851400,0.770200,1112.000000,846552962.000000,1318204976.000000,234864640.000000,1568763904.000000,0.000600,0.000000,0.000000,0.000000,0.012900,0.000000,0.000000,0.000000,0.003500,0.000000
2639,2.379878,0.802197,0.807000,0.726200,1112.000000,846552546.000000,1318204976.000000,234864640.000000,1568763904.000000,0.000500,0.000000,0.000000,0.000000,0.010800,0.000000,0.000000,0.000000,0.003200,0.000000
2640,2.380633,0.759899,0.758600,0.684300,1112.000000,846552570.000000,1318204976.000000,234864640.000000,1568763904.000000,0.000500,0.000000,0.000000,0.000000,0.010300,0.000000,0.000000,0.000000,0.003000,0.000000
2641,2.381449,0.753203,0.750700,0.677700,1112.000000,846552594.000000,1318204976.000000,234864640.000000,1568763904.000000,0.000500,0.000000,0.000000,0.000000,0.010000,0.000000,0.000000,0.000000,0.002800,0.000000
2642,2.382372,0.925397,0.907200,0.830700,1112.000000,846553514.000000,1318204976.000000,234864640.000000,1568763904.000000,0.000600,0.000000,0.000000,0.000000,0.011800,0.000000,0.000000,0.000000,0.003800,0.000000
2643,2.383199,0.873902,0.883500,0.794600,1112.000000,846557306.000000,1318204976.000000,234864640.000000,1568763904.000000,0.000500,0.000000,0.000000,0.000000,0.012100,0.000000,0.000000,0.000000,0.004800,0.000000
2644,2.383985,0.794501,0.795500,0.717100,1112.000000,846556906.000000,1318204976.000000,234864640.000000,1568763904.000000,0.000600,0.000000,0.000000,0.000000,0.011600,0.000000,0.000000,0.000000,0.003300,0.000000
2645,2.384730,0.741596,0.740000,0.664600,1112.000000,846556930.000000,1318204976.000000,234864640.000000,1568763904.000000,0.000600,0.000000,0.000000,0.000000,0.010800,0.000000,0.000000,0.000000,0.003300,0.000000
2646,2.385483,0.758206,0.757800,0.682900,1112.000000,846557394.000000,1318204976.000000,234864640.000000,1568763904.000000,0.000600,0.000000,0.000000,0.000000,0.010500,0.000000,0.000000,0.000000,0.003000,0.000000
2647,2.386419,0.876396,0.866300,0.791400,1112.000000,846557002.000000,1318204976.000000,234864640.000000,1568763904.000000,0.000500,0.000000,0.000000,0.000000,0.010100,0.000000,0.000000,0.000000,0.003200,0.000000
2648,2.387644,1.267503,1.263800,1.180300,1112.000000,846562674.000000,1318204976.000000,234864640.000000,1568763904.000000,0.268700,0.035900,0.010400,0.018400,0.010000,0.019000,0.018200,0.014600,0.004200,0.000000
2649,2.388457,0.820295,0.821600,0.738100,1112.000000,846563130.000000,1318204976.000000,234864640.000000,1568763904.000000,0.000600,0.000000,0.000000,0.000000,0.015100,0.000000,0.000000,0.000000,0.003500,0.000000
2650,2.389354,0.854904,0.810900,0.731200,1112.000000,846583730.000000,1318204976.000000,234864640.000000,1568763904.000000,0.000700,0.000000,0.000000,0.000000,0.014200,0.000000,0.000000,0.000000,0.003300,0.000000
2651,2.390337,0.972598,0.994000,0.872200,1112.000000,846566802.000000,1318204976.000000,234864640.000000,1568763904.000000,0.000700,0.000000,0.000000,0.000000,0.013400,0.000000,0.000000,0.000000,0.004500,0.000000
2652,2.391381,1.029500,1.017200,0.912500,1112.000000,846565290.000000,1318204976.000000,234864640.000000,1568763904.000000,0.000500,0.000000,0.000000,0.000000,0.012100,0.000000,0.000000,0.000000,0.004600,0.000000
2653,2.392369,1.018403,1.023700,0.913900,1112.000000,846569426.000000,1318204976.000000,234864640.000000,1568763904.000000,0.000600,0.000000,0.000000,0.000000,0.013400,0.000000,0.000000,0.000000,0.005100,0.000000
2654,2.393370,0.948002,0.947500,0.844800,1112.000000,846569882.000000,1318204976.000000,234864640.000000,1568763904.000000,0.000700,0.000000,0.000000,0.000000,0.013800,0.000000,0.000000,0.000000,0.003800,0.000000
2655,2.394290,0.994501,0.978300,0.880800,1112.000000,846569482.000000,1318204976.000000,234864640.000000,1568763904.000000,0.000600,0.000000,0.000000,0.000000,0.011300,0.000000,0.000000,0.000000,0.005600,0.000000
2656,2.395129,0.850794,0.876300,0.765100,1112.000000,846573602.000000,1318204976.000000,234864640.000000,1568763904.000000,0.000600,0.000000,0.000000,0.000000,0.010800,0.000000,0.000000,0.000000,0.003600,0.000000
2657,2.396023,0.890703,0.876200,0.792200,1112.000000,846573650.000000,1318204976.000000,234864640.000000,1568763904.000000,0.000500,0.000000,0.000000,0.000000,0.011600,0.000000,0.000000,0.000000,0.003200,0.000000
2658,2.396907,0.872697,0.880600,0.782900,1112.000000,846575050.000000,1318204976.000000,234864640.000000,1568763904.000000,0.000700,0.000000,0.000000,0.000000,0.012600,0.000000,0.000000,0.000000,0.003300,0.000000
2659,2.397750,0.855605,0.854500,0.767000,1112.000000,846573802.000000,1318204976.000000,234864640.000000,1568763904.000000,0.000600,0.000000,0.000000,0.000000,0.010700,0.000000,0.000000,0.000000,0.003400,0.000000
2660,2.398603,0.850099,0.850100,0.764700,1112.000000,846573826.000000,1318204976.000000,234864640.000000,1568763904.000000,0.000500,0.000000,0.000000,0.000000,0.010600,0.000000,0.000000,0.000000,0.003400,0.000000
2661,2.399414,0.814796,0.813800,0.731000,1112.000000,846573850.000000,1318204976.000000,234864640.000000,1568763904.000000,0.000600,0.000000,0.000000,0.000000,0.011000,0.000000,0.000000,0.000000,0.003400,0.000000
2662,2.400201,0.791001,0.788500,0.707000,1112.000000,846574298.000000,1318204976.000000,234864640.000000,1568763904.000000,0.000600,0.000000,0.000000,0.000000,0.011300,0.000000,0.000000,0.000000,0.003400,0.000000
2663,2.400978,0.781300,0.783400,0.701600,1112.000000,846578018.000000,1318204976.000000,234864640.000000,1568763904.000000,0.000600,0.000000,0.000000,0.000000,0.010600,0.000000,0.000000,0.000000,0.003100,0.000000
2664,2.401828,0.842900,0.836200,0.757100,1112.000000,846578018.000000,1318204976.000000,234864640.000000,1568763904.000000,0.000600,0.000000,0.000000,0.000000,0.011300,0.000000,0.000000,0.000000,0.003300,0.000000
2665,2.402645,0.820904,0.820800,0.738300,1112.000000,846578466.000000,1318204976.000000,234864640.000000,1568763904.000000,0.000700,0.000000,0.000000,0.000000,0.012700,0.000000,0.000000,0.000000,0.003200,0.000000
2666,2.403853,1.163797,1.160100,1.079500,1112.000000,846597762.000000,1318204976.000000,234864640.000000,1568763904.000000,0.300700,0.036800,0.011100,0.019900,0.012400,0.022500,0.020800,0.023800,0.003300,0.000000
2667,2.404722,0.887904,0.882200,0.800400,1112.000000,846580834.000000,1318204976.000000,234864640.000000,1568763904.000000,0.000700,0.000000,0.000000,0.000000,0.013800,0.000000,0.000000,0.000000,0.003700,0.000000
2668,2.405552,0.847201,0.850800,0.766800,1112.000000,846580858.000000,1318204976.000000,234864640.000000,1568763904.000000,0.000600,0.000000,0.000000,0.000000,0.013600,0.000000,0.000000,0.000000,0.003800,0.000000
2669,2.406675,1.015094,0.981100,0.893800,1112.000000,846584994.000000,1318204976.000000,234864640.000000,1568763904.000000,0.000600,0.000000,0.000000,0.000000,0.013500,0.000000,0.000000,0.000000,0.003700,0.000000
2670,2.407845,1.236806,1.234200,1.116600,1112.000000,846586482.000000,1318204976.000000,234864640.000000,1568763904.000000,0.000800,0.000000,0.000000,0.000000,0.016100,0.000000,0.000000,0.000000,0.006600,0.000000
2671,2.408854,1.008298,1.012700,0.898400,1112.000000,846586082.000000,1318204976.000000,234864640.000000,1568763904.000000,0.000600,0.000000,0.000000,0.000000,0.012000,0.000000,0.000000,0.000000,0.004100,0.000000
2672,2.409809,0.977501,0.982000,0.875900,1112.000000,846586106.000000,1318204976.000000,234864640.000000,1568763904.000000,0.000700,0.000000,0.000000,0.000000,0.013500,0.000000,0.000000,0.000000,0.004200,0.000000
2673,2.410749,0.935601,0.935700,0.835200,1112.000000,846586554.000000,1318204976.000000,234864640.000000,1568763904.000000,0.000600,0.000000,0.000000,0.000000,0.013100,0.000000,0.000000,0.000000,0.003400,0.000000
2674,2.411778,1.005598,0.988600,0.890800,1112.000000,846587002.000000,1318204976.000000,234864640.000000,1568763904.000000,0.000600,0.000000,0.000000,0.000000,0.013500,0.000000,0.000000,0.000000,0.004700,0.000000
2675,2.412659,0.931200,0.954000,0.849000,1112.000000,846590274.000000,1318204976.000000,234864640.000000,1568763904.000000,0.000600,0.000000,0.000000,0.000000,0.011300,0.000000,0.000000,0.000000,0.004400,0.000000
2676,2.413502,0.842800,0.840200,0.755400,1112.000000,846590298.000000,1318204976.000000,234864640.000000,1568763904.000000,0.000500,0.000000,0.000000,0.000000,0.011300,0.000000,0.000000,0.000000,0.003100,0.000000
2677,2.414376,0.865299,0.861700,0.777200,1112.000000,846590322.000000,1318204976.000000,234864640.000000,1568763904.000000,0.000500,0.000000,0.000000,0.000000,0.011300,0.000000,0.000000,0.000000,0.003200,0.000000
2678,2.415272,0.900702,0.900600,0.815200,1112.000000,846590770.000000,1318204976.000000,234864640.000000,1568763904.000000,0.000600,0.000000,0.000000,0.000000,0.012300,0.000000,0.000000,0.000000,0.003500,0.000000
2679,2.416106,0.845699,0.842600,0.759500,1112.000000,846590818.000000,1318204976.000000,234864640.000000,1568763904.000000,0.000600,0.000000,0.000000,0.000000,0.012800,0.000000,0.000000,0.000000,0.003300,0.000000
2680,2.417176,1.057901,1.052400,0.971000,1112.000000,846590394.000000,1318204976.000000,234864640.000000,1568763904.000000,0.000600,0.000000,0.000000,0.000000,0.011900,0.000000,0.000000,0.000000,0.003300,0.000000
2681,2.418099,0.903501,0.866500,0.783600,1112.000000,846590418.000000,1318204976.000000,234864640.000000,1568763904.000000,0.000600,0.000000,0.000000,0.000000,0.012100,0.000000,0.000000,0.000000,0.003600,0.000000
2682,2.419020,0.938896,0.971200,0.857300,1112.000000,846611090.000000,1318204976.000000,234864640.000000,1568763904.000000,0.000600,0.000000,0.000000,0.000000,0.012200,0.000000,0.000000,0.000000,0.003900,0.000000
2683,2.419868,0.851899,0.849700,0.766300,1112.000000,846594162.000000,1318204976.000000,234864640.000000,1568763904.000000,0.000600,0.000000,0.000000,0.000000,0.011700,0.000000,0.000000,0.000000,0.003600,0.000000
2684,2.420931,1.069402,1.069300,0.985700,1112.000000,846595274.000000,1318204976.000000,234864640.000000,1568763904.000000,0.268500,0.037500,0.011700,0.017100,0.010700,0.019300,0.017100,0.014200,0.003200,0.000000
2685,2.421979,1.030499,0.993800,0.910500,1112.000000,846595314.000000,1318204976.000000,234864640.000000,1568763904.000000,0.000600,0.000000,0.000000,0.000000,0.013200,0.000000,0.000000,0.000000,0.003300,0.000000
2686,2.422900,0.920103,0.943400,0.829900,1112.000000,846595770.000000,1318204976.000000,234864640.000000,1568763904.000000,0.000600,0.000000,0.000000,0.000000,0.043100,0.000000,0.000000,0.000000,0.003700,0.000000
2687,2.423958,1.050298,1.046600,0.953800,1112.000000,846603562.000000,1318204976.000000,234864640.000000,1568763904.000000,0.000600,0.000000,0.000000,0.000000,0.013900,0.000000,0.000000,0.000000,0.004200,0.000000
2688,2.424953,1.008503,1.011200,0.919600,1112.000000,846607114.000000,1318204976.000000,234864640.000000,1568763904.000000,0.000700,0.000000,0.000000,0.000000,0.022000,0.000000,0.000000,0.000000,0.003800,0.000000
2689,2.425888,0.921599,0.906300,0.818700,1112.000000,846606714.000000,1318204976.000000,234864640.000000,1568763904.000000,0.000600,0.000000,0.000000,0.000000,0.017700,0.000000,0.000000,0.000000,0.003700,0.000000
2690,2.426853,0.976899,0.989200,0.889000,1112.000000,846607586.000000,1318204976.000000,234864640.000000,1568763904.000000,0.000500,0.000000,0.000000,0.000000,0.012400,0.000000,0.000000,0.000000,0.003700,0.000000
2691,2.427865,1.005903,0.987000,0.897800,1112.000000,846606762.000000,1318204976.000000,234864640.000000,1568763904.000000,0.000600,0.000000,0.000000,0.000000,0.011700,0.000000,0.000000,0.000000,0.003400,0.000000
2692,2.429180,1.319296,1.328900,1.223500,1112.000000,846606786.000000,1318204976.000000,234864640.000000,1568763904.000000,0.000600,0.000000,0.000000,0.000000,0.011800,0.000000,0.000000,0.000000,0.004000,0.000000
2693,2.430032,0.850602,0.854100,0.765000,1112.000000,846607234.000000,1318204976.000000,234864640.000000,1568763904.000000,0.000500,0.000000,0.000000,0.000000,0.013300,0.000000,0.000000,0.000000,0.003900,0.000000
2694,2.430886,0.843601,0.835600,0.751700,1112.000000,846607258.000000,1318204976.000000,234864640.000000,1568763904.000000,0.000500,0.000000,0.000000,0.000000,0.012600,0.000000,0.000000,0.000000,0.003800,0.000000
2695,2.431707,0.845996,0.853200,0.764700,1112.000000,846610978.000000,1318204976.000000,234864640.000000,1568763904.000000,0.000600,0.000000,0.000000,0.000000,0.010600,0.000000,0.000000,0.000000,0.004300,0.000000
2696,2.432809,1.097704,1.091400,1.010000,1112.000000,846610978.000000,1318204976.000000,234864640.000000,1568763904.000000,0.000600,0.000000,0.000000,0.000000,0.010500,0.000000,0.000000,0.000000,0.003300,0.000000
2697,2.433646,0.834396,0.834200,0.749900,1112.000000,846611010.000000,1318204976.000000,234864640.000000,1568763904.000000,0.000500,0.000000,0.000000,0.000000,0.011200,0.000000,0.000000,0.000000,0.003600,0.000000
2698,2.434500,0.863003,0.861500,0.779300,1112.000000,846627730.000000,1318204976.000000,234864640.000000,1568763904.000000,0.000600,0.000000,0.000000,0.000000,0.011500,0.000000,0.000000,0.000000,0.003400,0.000000
2699,2.435407,0.896499,0.892500,0.810400,1112.000000,846610802.000000,1318204976.000000,234864640.000000,1568763904.000000,0.000500,0.000000,0.000000,0.000000,0.010700,0.000000,0.000000,0.000000,0.003400,0.000000
2700,2.436371,0.962302,0.956500,0.873300,1112.000000,846610826.000000,1318204976.000000,234864640.000000,1568763904.000000,0.000600,0.000000,0.000000,0.000000,0.012200,0.000000,0.000000,0.000000,0.003200,0.000000
2701,2.437512,1.146995,1.149600,1.062300,1112.000000,846616658.000000,1318204976.000000,234864640.000000,1568763904.000000,0.278000,0.039000,0.011600,0.017600,0.011000,0.019700,0.017500,0.016300,0.003500,0.000000
2702,2.438327,0.818700,0.819200,0.738300,1112.000000,846617114.000000,1318204976.000000,234864640.000000,1568763904.000000,0.000600,0.000000,0.000000,0.000000,0.014500,0.000000,0.000000,0.000000,0.003400,0.000000
2703,2.439182,0.843304,0.836700,0.756700,1112.000000,846617138.000000,1318204976.000000,234864640.000000,1568763904.000000,0.000600,0.000000,0.000000,0.000000,0.014300,0.000000,0.000000,0.000000,0.003100,0.000000
2704,2.440053,0.875496,0.868400,0.784600,1112.000000,846620834.000000,1318204976.000000,234864640.000000,1568763904.000000,0.000600,0.000000,0.000000,0.000000,0.014700,0.000000,0.000000,0.000000,0.003800,0.000000
2705,2.441152,1.069104,1.067200,0.977100,1112.000000,846619314.000000,1318204976.000000,234864640.000000,1568763904.000000,0.000700,0.000000,0.000000,0.000000,0.011300,0.000000,0.000000,0.000000,0.003600,0.000000
2706,2.442028,0.896599,0.898600,0.810400,1112.000000,846620186.000000,1318204976.000000,234864640.000000,1568763904.000000,0.000700,0.000000,0.000000,0.000000,0.012200,0.000000,0.000000,0.000000,0.003900,0.000000
2707,2.442846,0.831101,0.830800,0.746400,1112.000000,846623882.000000,1318204976.000000,234864640.000000,1568763904.000000,0.000500,0.000000,0.000000,0.000000,0.012200,0.000000,0.000000,0.000000,0.003600,0.000000
2708,2.443657,0.813400,0.812900,0.730200,1112.000000,846623482.000000,1318204976.000000,234864640.000000,1568763904.000000,0.000500,0.000000,0.000000,0.000000,0.012500,0.000000,0.000000,0.000000,0.003500,0.000000
2709,2.444478,0.820295,0.815800,0.733700,1112.000000,846623506.000000,1318204976.000000,234864640.000000,1568763904.000000,0.000500,0.000000,0.000000,0.000000,0.011100,0.000000,0.000000,0.000000,0.003300,0.000000
2710,2.445331,0.855506,0.854900,0.771600,1112.000000,846623954.000000,1318204976.000000,234864640.000000,1568763904.000000,0.000600,0.000000,0.000000,0.000000,0.011400,0.000000,0.000000,0.000000,0.003300,0.000000
2711,2.446173,0.819494,0.816300,0.730300,1112.000000,846623578.000000,1318204976.000000,234864640.000000,1568763904.000000,0.000600,0.000000,0.000000,0.000000,0.010100,0.000000,0.000000,0.000000,0.003000,0.000000
2712,2.447063,0.899504,0.895900,0.812400,1112.000000,846627674.000000,1318204976.000000,234864640.000000,1568763904.000000,0.000500,0.000000,0.000000,0.000000,0.010800,0.000000,0.000000,0.000000,0.003300,0.000000
2713,2.447893,0.844296,0.842600,0.758800,1112.000000,846627698.000000,1318204976.000000,234864640.000000,1568763904.000000,0.000600,0.000000,0.000000,0.000000,0.011200,0.000000,0.000000,0.000000,0.003700,0.000000
2714,2.448738,0.849206,0.851400,0.768100,1112.000000,846648386.000000,1318204976.000000,234864640.000000,1568763904.000000,0.000500,0.000000,0.000000,0.000000,0.011300,0.000000,0.000000,0.000000,0.003500,0.000000
2715,2.449562,0.826694,0.814400,0.734800,1112.000000,846631458.000000,1318204976.000000,234864640.000000,1568763904.000000,0.000500,0.000000,0.000000,0.000000,0.010400,0.000000,0.000000,0.000000,0.003400,0.000000
2716,2.450342,0.773306,0.778900,0.688900,1164.000000,846631482.000000,1318204976.000000,234864640.000000,1568763904.000000,0.000600,0.000000,0.000000,0.000000,0.010700,0.000000,0.000000,0.000000,0.003100,0.000000
2717,2.451126,0.787599,0.788200,0.706400,1112.000000,846631522.000000,1318204976.000000,234864640.000000,1568763904.000000,0.000500,0.000000,0.000000,0.000000,0.011300,0.000000,0.000000,0.000000,0.003500,0.000000
2718,2.451948,0.818800,0.816500,0.737700,1112.000000,846631994.000000,1318204976.000000,234864640.000000,1568763904.000000,0.000600,0.000000,0.000000,0.000000,0.012300,0.000000,0.000000,0.000000,0.003300,0.000000
2719,2.452752,0.807200,0.807300,0.728700,1112.000000,846632018.000000,1318204976.000000,234864640.000000,1568763904.000000,0.000600,0.000000,0.000000,0.000000,0.012500,0.000000,0.000000,0.000000,0.003200,0.000000
2720,2.453828,1.069700,1.066600,0.989000,1112.000000,846637010.000000,1318204976.000000,234864640.000000,1568763904.000000,0.267000,0.036200,0.011900,0.017200,0.011000,0.019600,0.017600,0.014300,0.003100,0.000000
2721,2.454642,0.819501,0.818100,0.739800,1112.000000,846641554.000000,1318204976.000000,234864640.000000,1568763904.000000,0.000500,0.000000,0.000000,0.000000,0.015500,0.000000,0.000000,0.000000,0.003400,0.000000
2722,2.455474,0.823299,0.820000,0.742000,1112.000000,846642002.000000,1318204976.000000,234864640.000000,1568763904.000000,0.000600,0.000000,0.000000,0.000000,0.014600,0.000000,0.000000,0.000000,0.003200,0.000000
2723,2.456632,1.030201,1.012600,0.930400,1112.000000,846641178.000000,1318204976.000000,234864640.000000,1568763904.000000,0.000700,0.000000,0.000000,0.000000,0.013300,0.000000,0.000000,0.000000,0.003200,0.000000
2724,2.457726,1.189895,1.182800,1.082500,1112.000000,846639970.000000,1318204976.000000,234864640.000000,1568763904.000000,0.000600,0.000000,0.000000,0.000000,0.012800,0.000000,0.000000,0.000000,0.006200,0.000000
2725,2.458671,0.962904,0.937900,0.839900,1112.000000,846639994.000000,1318204976.000000,234864640.000000,1568763904.000000,0.000600,0.000000,0.000000,0.000000,0.012700,0.000000,0.000000,0.000000,0.003600,0.000000
2726,2.459563,0.906696,0.938600,0.820100,1112.000000,846640442.000000,1318204976.000000,234864640.000000,1568763904.000000,0.000700,0.000000,0.000000,0.000000,0.012100,0.000000,0.000000,0.000000,0.004000,0.000000
2727,2.460380,0.823200,0.825000,0.737800,1112.000000,846644162.000000,1318204976.000000,234864640.000000,1568763904.000000,0.000600,0.000000,0.000000,0.000000,0.011100,0.000000,0.000000,0.000000,0.003600,0.000000
2728,2.461273,0.865505,0.845100,0.756200,1112.000000,846644162.000000,1318204976.000000,234864640.000000,1568763904.000000,0.000600,0.000000,0.000000,0.000000,0.011000,0.000000,0.000000,0.000000,0.003200,0.000000
2729,2.462155,0.905300,0.918800,0.819100,1112.000000,846644298.000000,1318204976.000000,234864640.000000,1568763904.000000,0.000600,0.000000,0.000000,0.000000,0.010900,0.000000,0.000000,0.000000,0.003500,0.000000
2730,2.463001,0.847796,0.848000,0.765000,1112.000000,846660882.000000,1318204976.000000,234864640.000000,1568763904.000000,0.000600,0.000000,0.000000,0.000000,0.013200,0.000000,0.000000,0.000000,0.003300,0.000000
2731,2.463828,0.822003,0.818700,0.737500,1112.000000,846643954.000000,1318204976.000000,234864640.000000,1568763904.000000,0.000600,0.000000,0.000000,0.000000,0.010700,0.000000,0.000000,0.000000,0.003300,0.000000
2732,2.464643,0.820196,0.818700,0.736400,1112.000000,846643978.000000,1318204976.000000,234864640.000000,1568763904.000000,0.000600,0.000000,0.000000,0.000000,0.010400,0.000000,0.000000,0.000000,0.003700,0.000000
2733,2.465446,0.806101,0.807900,0.726400,1112.000000,846648114.000000,1318204976.000000,234864640.000000,1568763904.000000,0.000600,0.000000,0.000000,0.000000,0.010700,0.000000,0.000000,0.000000,0.003300,0.000000
2734,2.466459,0.970500,0.960400,0.880200,1112.000000,846649002.000000,1318204976.000000,234864640.000000,1568763904.000000,0.000600,0.000000,0.000000,0.000000,0.012700,0.000000,0.000000,0.000000,0.003000,0.000000
2735,2.467552,1.125198,1.123900,1.036000,1112.000000,846648162.000000,1318204976.000000,234864640.000000,1568763904.000000,0.000700,0.000000,0.000000,0.000000,0.012000,0.000000,0.000000,0.000000,0.004200,0.000000
2736,2.468477,0.835799,0.836600,0.751400,1112.000000,846648186.000000,1318204976.000000,234864640.000000,1568763904.000000,0.000600,0.000000,0.000000,0.000000,0.012100,0.000000,0.000000,0.000000,0.003900,0.000000
2737,2.469363,0.969005,0.965800,0.883100,1112.000000,846648634.000000,1318204976.000000,234864640.000000,1568763904.000000,0.000600,0.000000,0.000000,0.000000,0.013000,0.000000,0.000000,0.000000,0.006300,0.000000
2738,2.470434,1.080896,1.078000,0.994900,1112.000000,846654578.000000,1318204976.000000,234864640.000000,1568763904.000000,0.272300,0.037400,0.011300,0.018200,0.011500,0.020200,0.018000,0.014600,0.003600,0.000000
2739,2.471380,0.928699,0.925600,0.841200,1112.000000,846657850.000000,1318204976.000000,234864640.000000,1568763904.000000,0.000600,0.000000,0.000000,0.000000,0.013600,0.000000,0.000000,0.000000,0.003100,0.000000
2740,2.472412,1.044905,1.041500,0.956100,1112.000000,846657874.000000,1318204976.000000,234864640.000000,1568763904.000000,0.000800,0.000000,0.000000,0.000000,0.012900,0.000000,0.000000,0.000000,0.004300,0.000000
2741,2.473305,0.884099,0.879400,0.793600,1112.000000,846657898.000000,1318204976.000000,234864640.000000,1568763904.000000,0.000600,0.000000,0.000000,0.000000,0.014500,0.000000,0.000000,0.000000,0.003600,0.000000
2742,2.474243,0.942900,0.941700,0.851800,1112.000000,846656986.000000,1318204976.000000,234864640.000000,1568763904.000000,0.000600,0.000000,0.000000,0.000000,0.012000,0.000000,0.000000,0.000000,0.003600,0.000000
2743,2.475107,0.876098,0.879200,0.792200,1112.000000,846656610.000000,1318204976.000000,234864640.000000,1568763904.000000,0.000500,0.000000,0.000000,0.000000,0.011600,0.000000,0.000000,0.000000,0.003000,0.000000
2744,2.475916,0.812302,0.798300,0.716300,1112.000000,846656610.000000,1318204976.000000,234864640.000000,1568763904.000000,0.000600,0.000000,0.000000,0.000000,0.011600,0.000000,0.000000,0.000000,0.003300,0.000000
2745,2.476754,0.831002,0.837500,0.744000,1112.000000,846656634.000000,1318204976.000000,234864640.000000,1568763904.000000,0.000500,0.000000,0.000000,0.000000,0.011200,0.000000,0.000000,0.000000,0.003100,0.000000
2746,2.477810,1.042800,1.038600,0.952000,1112.000000,846677314.000000,1318204976.000000,234864640.000000,1568763904.000000,0.000500,0.000000,0.000000,0.000000,0.014000,0.000000,0.000000,0.000000,0.003400,0.000000
2747,2.478692,0.889796,0.889400,0.801500,1112.000000,846660386.000000,1318204976.000000,234864640.000000,1568763904.000000,0.000600,0.000000,0.000000,0.000000,0.012400,0.000000,0.000000,0.000000,0.003600,0.000000
2748,2.479588,0.901098,0.901600,0.816800,1112.000000,846660410.000000,1318204976.000000,234864640.000000,1568763904.000000,0.000500,0.000000,0.000000,0.000000,0.011900,0.000000,0.000000,0.000000,0.003500,0.000000
2749,2.480390,0.809701,0.810100,0.728000,1112.000000,846660874.000000,1318204976.000000,234864640.000000,1568763904.000000,0.000600,0.000000,0.000000,0.000000,0.012900,0.000000,0.000000,0.000000,0.003500,0.000000
2750,2.481191,0.798505,0.794900,0.714600,1112.000000,846660914.000000,1318204976.000000,234864640.000000,1568763904.000000,0.000500,0.000000,0.000000,0.000000,0.012500,0.000000,0.000000,0.000000,0.003300,0.000000
2751,2.482011,0.819799,0.819300,0.737300,1112.000000,846660922.000000,1318204976.000000,234864640.000000,1568763904.000000,0.000600,0.000000,0.000000,0.000000,0.012200,0.000000,0.000000,0.000000,0.003500,0.000000
2752,2.482836,0.817999,0.816000,0.736200,1112.000000,846664618.000000,1318204976.000000,234864640.000000,1568763904.000000,0.000500,0.000000,0.000000,0.000000,0.011500,0.000000,0.000000,0.000000,0.003100,0.000000
2753,2.483691,0.852799,0.814500,0.734500,1112.000000,846664642.000000,1318204976.000000,234864640.000000,1568763904.000000,0.000600,0.000000,0.000000,0.000000,0.011200,0.000000,0.000000,0.000000,0.003500,0.000000
2754,2.484552,0.835303,0.868200,0.754600,1112.000000,846665514.000000,1318204976.000000,234864640.000000,1568763904.000000,0.000500,0.000000,0.000000,0.000000,0.012000,0.000000,0.000000,0.000000,0.003700,0.000000
2755,2.485434,0.911196,0.907000,0.825200,1112.000000,846668914.000000,1318204976.000000,234864640.000000,1568763904.000000,0.000700,0.000000,0.000000,0.000000,0.011300,0.000000,0.000000,0.000000,0.003600,0.000000
2756,2.486254,0.803005,0.799100,0.705300,1112.000000,846668938.000000,1318204976.000000,234864640.000000,1568763904.000000,0.000600,0.000000,0.000000,0.000000,0.010900,0.000000,0.000000,0.000000,0.003400,0.000000
2757,2.487359,1.129393,1.130700,1.045500,1112.000000,846670530.000000,1318204976.000000,234864640.000000,1568763904.000000,0.286900,0.037500,0.011700,0.017400,0.010500,0.019700,0.017300,0.014500,0.003200,0.000000
2758,2.488130,0.778805,0.778000,0.698200,1112.000000,846670978.000000,1318204976.000000,234864640.000000,1568763904.000000,0.000500,0.000000,0.000000,0.000000,0.012800,0.000000,0.000000,0.000000,0.003000,0.000000
2759,2.488870,0.742000,0.744600,0.665900,1112.000000,846674698.000000,1318204976.000000,234864640.000000,1568763904.000000,0.000500,0.000000,0.000000,0.000000,0.011400,0.000000,0.000000,0.000000,0.003000,0.000000
2760,2.489671,0.789399,0.784000,0.707300,1112.000000,846674698.000000,1318204976.000000,234864640.000000,1568763904.000000,0.000500,0.000000,0.000000,0.000000,0.011800,0.000000,0.000000,0.000000,0.003000,0.000000
2761,2.490474,0.801601,0.797900,0.719600,1112.000000,846673258.000000,1318204976.000000,234864640.000000,1568763904.000000,0.000500,0.000000,0.000000,0.000000,0.010700,0.000000,0.000000,0.000000,0.003300,0.000000
2762,2.491634,1.165001,1.162100,1.082100,1112.000000,846689986.000000,1318204976.000000,234864640.000000,1568763904.000000,0.000600,0.000000,0.000000,0.000000,0.012000,0.000000,0.000000,0.000000,0.003200,0.000000
2763,2.492558,0.905598,0.898600,0.815000,1112.000000,846673058.000000,1318204976.000000,234864640.000000,1568763904.000000,0.000500,0.000000,0.000000,0.000000,0.010700,0.000000,0.000000,0.000000,0.003100,0.000000
2764,2.493490,0.922102,0.921100,0.834800,1112.000000,846673506.000000,1318204976.000000,234864640.000000,1568763904.000000,0.000600,0.000000,0.000000,0.000000,0.013500,0.000000,0.000000,0.000000,0.003500,0.000000
2765,2.494338,0.870196,0.870800,0.786500,1112.000000,846677642.000000,1318204976.000000,234864640.000000,1568763904.000000,0.000700,0.000000,0.000000,0.000000,0.014400,0.000000,0.000000,0.000000,0.003900,0.000000
2766,2.495289,0.944402,0.942000,0.859800,1112.000000,846677682.000000,1318204976.000000,234864640.000000,1568763904.000000,0.000600,0.000000,0.000000,0.000000,0.011500,0.000000,0.000000,0.000000,0.003500,0.000000
2767,2.496151,0.869196,0.868300,0.786800,1112.000000,846677266.000000,1318204976.000000,234864640.000000,1568763904.000000,0.000500,0.000000,0.000000,0.000000,0.011100,0.000000,0.000000,0.000000,0.003400,0.000000
2768,2.497026,0.874199,0.871800,0.790000,1112.000000,846677290.000000,1318204976.000000,234864640.000000,1568763904.000000,0.000600,0.000000,0.000000,0.000000,0.011400,0.000000,0.000000,0.000000,0.003200,0.000000
2769,2.497806,0.787004,0.787400,0.706500,1112.000000,846677314.000000,1318204976.000000,234864640.000000,1568763904.000000,0.000500,0.000000,0.000000,0.000000,0.010600,0.000000,0.000000,0.000000,0.003200,0.000000
2770,2.498578,0.766199,0.763700,0.685300,1112.000000,846678362.000000,1318204976.000000,234864640.000000,1568763904.000000,0.000600,0.000000,0.000000,0.000000,0.011000,0.000000,0.000000,0.000000,0.003300,0.000000
2771,2.499390,0.806704,0.798700,0.718900,1112.000000,846681634.000000,1318204976.000000,234864640.000000,1568763904.000000,0.000700,0.000000,0.000000,0.000000,0.010500,0.000000,0.000000,0.000000,0.003100,0.000000
2772,2.500221,0.835594,0.837700,0.752800,1112.000000,846689906.000000,1318204976.000000,234864640.000000,1568763904.000000,0.000500,0.000000,0.000000,0.000000,0.011200,0.000000,0.000000,0.000000,0.003500,0.000000
2773,2.501085,0.869806,0.870400,0.790100,1112.000000,846689930.000000,1318204976.000000,234864640.000000,1568763904.000000,0.000700,0.000000,0.000000,0.000000,0.011800,0.000000,0.000000,0.000000,0.003200,0.000000
2774,2.502092,0.989994,0.977000,0.897300,1112.000000,846690378.000000,1318204976.000000,234864640.000000,1568763904.000000,0.000600,0.000000,0.000000,0.000000,0.010700,0.000000,0.000000,0.000000,0.003200,0.000000
2775,2.503032,0.945401,0.945100,0.856500,1112.000000,846690002.000000,1318204976.000000,234864640.000000,1568763904.000000,0.000700,0.000000,0.000000,0.000000,0.011500,0.000000,0.000000,0.000000,0.003600,0.000000
2776,2.504165,1.136905,1.139100,1.052400,1112.000000,846695802.000000,1318204976.000000,234864640.000000,1568763904.000000,0.279000,0.041000,0.011400,0.019100,0.039600,0.020200,0.018700,0.015700,0.003700,0.000000
2777,2.505004,0.837798,0.834400,0.751000,1112.000000,846695906.000000,1318204976.000000,234864640.000000,1568763904.000000,0.000700,0.000000,0.000000,0.000000,0.013500,0.000000,0.000000,0.000000,0.003700,0.000000
2778,2.506002,0.966199,0.929700,0.845800,1112.000000,846716602.000000,1318204976.000000,234864640.000000,1568763904.000000,0.000700,0.000000,0.000000,0.000000,0.100400,0.000000,0.000000,0.000000,0.003600,0.000000
2779,2.507187,1.174001,1.186000,1.063500,1112.000000,846700522.000000,1318204976.000000,234864640.000000,1568763904.000000,0.000700,0.000000,0.000000,0.000000,0.066200,0.000000,0.000000,0.000000,0.003800,0.000000
2780,2.508423,1.257001,1.263100,1.157900,1112.000000,846698098.000000,1318204976.000000,234864640.000000,1568763904.000000,0.000600,0.000000,0.000000,0.000000,0.013100,0.000000,0.000000,0.000000,0.003800,0.000000
2781,2.509261,0.861097,0.870400,0.775200,1112.000000,846698138.000000,1318204976.000000,234864640.000000,1568763904.000000,0.000600,0.000000,0.000000,0.000000,0.011900,0.000000,0.000000,0.000000,0.003900,0.000000
2782,2.510077,0.827105,0.829000,0.744500,1112.000000,846698586.000000,1318204976.000000,234864640.000000,1568763904.000000,0.000600,0.000000,0.000000,0.000000,0.010900,0.000000,0.000000,0.000000,0.003200,0.000000
2783,2.510896,0.814399,0.812000,0.732700,1112.000000,846698186.000000,1318204976.000000,234864640.000000,1568763904.000000,0.000500,0.000000,0.000000,0.000000,0.010400,0.000000,0.000000,0.000000,0.003200,0.000000
2784,2.511736,0.838598,0.834300,0.754000,1112.000000,846702306.000000,1318204976.000000,234864640.000000,1568763904.000000,0.000600,0.000000,0.000000,0.000000,0.010400,0.000000,0.000000,0.000000,0.003200,0.000000
2785,2.512554,0.822697,0.818800,0.736800,1112.000000,846702330.000000,1318204976.000000,234864640.000000,1568763904.000000,0.000500,0.000000,0.000000,0.000000,0.010800,0.000000,0.000000,0.000000,0.003000,0.000000
2786,2.513371,0.808999,0.808800,0.725300,1112.000000,846703202.000000,1318204976.000000,234864640.000000,1568763904.000000,0.000500,0.000000,0.000000,0.000000,0.010600,0.000000,0.000000,0.000000,0.003300,0.000000
2787,2.514165,0.801502,0.804400,0.722800,1112.000000,846702378.000000,1318204976.000000,234864640.000000,1568763904.000000,0.000600,0.000000,0.000000,0.000000,0.010700,0.000000,0.000000,0.000000,0.003500,0.000000
2788,2.514943,0.774199,0.771000,0.694400,1112.000000,846702402.000000,1318204976.000000,234864640.000000,1568763904.000000,0.000600,0.000000,0.000000,0.000000,0.010400,0.000000,0.000000,0.000000,0.003400,0.000000
2789,2.515708,0.769600,0.768100,0.690700,1112.000000,846706522.000000,1318204976.000000,234864640.000000,1568763904.000000,0.000500,0.000000,0.000000,0.000000,0.010700,0.000000,0.000000,0.000000,0.003100,0.000000
2790,2.516493,0.780003,0.774900,0.684000,1112.000000,846706970.000000,1318204976.000000,234864640.000000,1568763904.000000,0.000600,0.000000,0.000000,0.000000,0.010100,0.000000,0.000000,0.000000,0.002900,0.000000
2791,2.517311,0.817595,0.818800,0.737800,1112.000000,846710690.000000,1318204976.000000,234864640.000000,1568763904.000000,0.000600,0.000000,0.000000,0.000000,0.010000,0.000000,0.000000,0.000000,0.002900,0.000000
2792,2.518289,0.927402,0.926900,0.848100,1112.000000,846710690.000000,1318204976.000000,234864640.000000,1568763904.000000,0.000600,0.000000,0.000000,0.000000,0.011200,0.000000,0.000000,0.000000,0.003300,0.000000
2793,2.519125,0.882398,0.875200,0.798600,1112.000000,846710802.000000,1318204976.000000,234864640.000000,1568763904.000000,0.000700,0.000000,0.000000,0.000000,0.011400,0.000000,0.000000,0.000000,0.006200,0.000000
2794,2.520283,1.130407,1.128300,1.047000,1112.000000,846732098.000000,1318204976.000000,234864640.000000,1568763904.000000,0.289400,0.035300,0.011600,0.024800,0.012000,0.019900,0.017100,0.022500,0.003000,0.000000
2795,2.521109,0.830896,0.830800,0.751000,1112.000000,846714722.000000,1318204976.000000,234864640.000000,1568763904.000000,0.000600,0.000000,0.000000,0.000000,0.013400,0.000000,0.000000,0.000000,0.003400,0.000000
2796,2.521959,0.877303,0.873500,0.793700,1112.000000,846714746.000000,1318204976.000000,234864640.000000,1568763904.000000,0.000600,0.000000,0.000000,0.000000,0.012100,0.000000,0.000000,0.000000,0.003200,0.000000
2797,2.522854,0.873597,0.868500,0.787600,1112.000000,846718882.000000,1318204976.000000,234864640.000000,1568763904.000000,0.000600,0.000000,0.000000,0.000000,0.012700,0.000000,0.000000,0.000000,0.003300,0.000000
2798,2.523798,0.933298,0.931400,0.846700,1112.000000,846715378.000000,1318204976.000000,234864640.000000,1568763904.000000,0.000800,0.000000,0.000000,0.000000,0.010800,0.000000,0.000000,0.000000,0.004300,0.000000
2799,2.524596,0.834304,0.838000,0.755100,1112.000000,846714962.000000,1318204976.000000,234864640.000000,1568763904.000000,0.000600,0.000000,0.000000,0.000000,0.010900,0.000000,0.000000,0.000000,0.003200,0.000000
2800,2.525428,0.831696,0.830200,0.753300,1112.000000,846714986.000000,1318204976.000000,234864640.000000,1568763904.000000,0.000500,0.000000,0.000000,0.000000,0.010900,0.000000,0.000000,0.000000,0.003100,0.000000
2801,2.526301,0.824405,0.803900,0.727100,1112.000000,846715010.000000,1318204976.000000,234864640.000000,1568763904.000000,0.000600,0.000000,0.000000,0.000000,0.010600,0.000000,0.000000,0.000000,0.003100,0.000000
2802,2.527186,0.876998,0.891200,0.797100,1112.000000,846715882.000000,1318204976.000000,234864640.000000,1568763904.000000,0.000600,0.000000,0.000000,0.000000,0.010700,0.000000,0.000000,0.000000,0.003600,0.000000
2803,2.528192,0.994898,0.974400,0.891100,1112.000000,846719154.000000,1318204976.000000,234864640.000000,1568763904.000000,0.000700,0.000000,0.000000,0.000000,0.011400,0.000000,0.000000,0.000000,0.004400,0.000000
2804,2.529120,0.946499,0.961600,0.867000,1112.000000,846719178.000000,1318204976.000000,234864640.000000,1568763904.000000,0.000600,0.000000,0.000000,0.000000,0.012400,0.000000,0.000000,0.000000,0.005200,0.000000
2805,2.529940,0.866100,0.865700,0.786300,1112.000000,846719202.000000,1318204976.000000,234864640.000000,1568763904.000000,0.000600,0.000000,0.000000,0.000000,0.011400,0.000000,0.000000,0.000000,0.004800,0.000000
2806,2.530769,0.819600,0.814300,0.735100,1112.000000,846723746.000000,1318204976.000000,234864640.000000,1568763904.000000,0.000500,0.000000,0.000000,0.000000,0.010500,0.000000,0.000000,0.000000,0.003000,0.000000
2807,2.531558,0.799504,0.799800,0.719400,1112.000000,846723370.000000,1318204976.000000,234864640.000000,1568763904.000000,0.000500,0.000000,0.000000,0.000000,0.010700,0.000000,0.000000,0.000000,0.003600,0.000000
2808,2.532353,0.792900,0.791400,0.713000,1112.000000,846723370.000000,1318204976.000000,234864640.000000,1568763904.000000,0.000600,0.000000,0.000000,0.000000,0.010700,0.000000,0.000000,0.000000,0.003500,0.000000
2809,2.533114,0.765901,0.760900,0.683300,1112.000000,846723818.000000,1318204976.000000,234864640.000000,1568763904.000000,0.000600,0.000000,0.000000,0.000000,0.011600,0.000000,0.000000,0.000000,0.003300,0.000000
2810,2.533896,0.788095,0.791600,0.711100,1112.000000,846744698.000000,1318204976.000000,234864640.000000,1568763904.000000,0.000500,0.000000,0.000000,0.000000,0.012500,0.000000,0.000000,0.000000,0.003200,0.000000
2811,2.534641,0.740200,0.739600,0.664800,1112.000000,846727322.000000,1318204976.000000,234864640.000000,1568763904.000000,0.000600,0.000000,0.000000,0.000000,0.010400,0.000000,0.000000,0.000000,0.002800,0.000000
2812,2.535414,0.772201,0.766300,0.692300,1112.000000,846727346.000000,1318204976.000000,234864640.000000,1568763904.000000,0.000600,0.000000,0.000000,0.000000,0.015100,0.000000,0.000000,0.000000,0.002900,0.000000
2813,2.536154,0.744303,0.744400,0.666900,1112.000000,846727386.000000,1318204976.000000,234864640.000000,1568763904.000000,0.000600,0.000000,0.000000,0.000000,0.010600,0.000000,0.000000,0.000000,0.003200,0.000000
2814,2.537423,1.242297,1.227000,1.104100,1112.000000,846732946.000000,1318204976.000000,234864640.000000,1568763904.000000,0.301000,0.040900,0.010600,0.019800,0.010800,0.021600,0.021000,0.023300,0.003100,0.000000
2815,2.538307,0.888804,0.892800,0.804400,1112.000000,846732546.000000,1318204976.000000,234864640.000000,1568763904.000000,0.000600,0.000000,0.000000,0.000000,0.025600,0.000000,0.000000,0.000000,0.003600,0.000000
2816,2.539081,0.794296,0.798600,0.717500,1112.000000,846736666.000000,1318204976.000000,234864640.000000,1568763904.000000,0.000600,0.000000,0.000000,0.000000,0.014000,0.000000,0.000000,0.000000,0.003600,0.000000
2817,2.540010,0.895103,0.884900,0.807200,1112.000000,846736690.000000,1318204976.000000,234864640.000000,1568763904.000000,0.000500,0.000000,0.000000,0.000000,0.012400,0.000000,0.000000,0.000000,0.003100,0.000000
2818,2.541038,1.041199,1.035900,0.951300,1112.000000,846732450.000000,1318204976.000000,234864640.000000,1568763904.000000,0.000600,0.000000,0.000000,0.000000,0.011500,0.000000,0.000000,0.000000,0.003700,0.000000
2819,2.541955,0.918899,0.919900,0.831300,1112.000000,846731626.000000,1318204976.000000,234864640.000000,1568763904.000000,0.000600,0.000000,0.000000,0.000000,0.010800,0.000000,0.000000,0.000000,0.003800,0.000000
2820,2.543037,1.085898,1.083800,0.998300,1112.000000,846731650.000000,1318204976.000000,234864640.000000,1568763904.000000,0.000600,0.000000,0.000000,0.000000,0.011000,0.000000,0.000000,0.000000,0.003600,0.000000
2821,2.543854,0.824100,0.824400,0.740800,1112.000000,846731674.000000,1318204976.000000,234864640.000000,1568763904.000000,0.000700,0.000000,0.000000,0.000000,0.011500,0.000000,0.000000,0.000000,0.003500,0.000000
2822,2.544655,0.800503,0.799100,0.718600,1112.000000,846732122.000000,1318204976.000000,234864640.000000,1568763904.000000,0.000600,0.000000,0.000000,0.000000,0.011900,0.000000,0.000000,0.000000,0.003300,0.000000
2823,2.545484,0.811097,0.801300,0.721300,1112.000000,846740362.000000,1318204976.000000,234864640.000000,1568763904.000000,0.000600,0.000000,0.000000,0.000000,0.012000,0.000000,0.000000,0.000000,0.003400,0.000000
2824,2.546493,0.994303,0.993400,0.905700,1112.000000,846739938.000000,1318204976.000000,234864640.000000,1568763904.000000,0.000600,0.000000,0.000000,0.000000,0.012300,0.000000,0.000000,0.000000,0.003400,0.000000
2825,2.547339,0.876198,0.879500,0.793500,1112.000000,846740410.000000,1318204976.000000,234864640.000000,1568763904.000000,0.000700,0.000000,0.000000,0.000000,0.013000,0.000000,0.000000,0.000000,0.003800,0.000000
2826,2.548175,0.837599,0.838100,0.757100,1112.000000,846756714.000000,1318204976.000000,234864640.000000,1568763904.000000,0.000500,0.000000,0.000000,0.000000,0.012800,0.000000,0.000000,0.000000,0.003500,0.000000
2827,2.548959,0.786501,0.784400,0.705400,1112.000000,846739786.000000,1318204976.000000,234864640.000000,1568763904.000000,0.000500,0.000000,0.000000,0.000000,0.010600,0.000000,0.000000,0.000000,0.003200,0.000000
2828,2.549729,0.772598,0.772600,0.694300,1112.000000,846739810.000000,1318204976.000000,234864640.000000,1568763904.000000,0.000600,0.000000,0.000000,0.000000,0.010400,0.000000,0.000000,0.000000,0.003300,0.000000
2829,2.550478,0.752905,0.753300,0.678100,1112.000000,846743946.000000,1318204976.000000,234864640.000000,1568763904.000000,0.000500,0.000000,0.000000,0.000000,0.010600,0.000000,0.000000,0.000000,0.003100,0.000000
2830,2.551357,0.870599,0.863500,0.789100,1112.000000,846744394.000000,1318204976.000000,234864640.000000,1568763904.000000,0.000500,0.000000,0.000000,0.000000,0.010600,0.000000,0.000000,0.000000,0.003000,0.000000
2831,2.552141,0.791001,0.791900,0.713300,1112.000000,846743994.000000,1318204976.000000,234864640.000000,1568763904.000000,0.000500,0.000000,0.000000,0.000000,0.010900,0.000000,0.000000,0.000000,0.003300,0.000000
2832,2.552895,0.757696,0.756700,0.681500,1112.000000,846744018.000000,1318204976.000000,234864640.000000,1568763904.000000,0.000400,0.000000,0.000000,0.000000,0.010500,0.000000,0.000000,0.000000,0.002600,0.000000
2833,2.553905,1.006902,1.002600,0.928200,1112.000000,846744842.000000,1318204976.000000,234864640.000000,1568763904.000000,0.252500,0.034200,0.010100,0.016400,0.009900,0.020000,0.017200,0.012800,0.003300,0.000000
2834,2.554652,0.741504,0.741900,0.665800,1112.000000,846745714.000000,1318204976.000000,234864640.000000,1568763904.000000,0.000500,0.000000,0.000000,0.000000,0.012900,0.000000,0.000000,0.000000,0.002800,0.000000
2835,2.555413,0.768495,0.767900,0.693600,1112.000000,846748986.000000,1318204976.000000,234864640.000000,1568763904.000000,0.000600,0.000000,0.000000,0.000000,0.012200,0.000000,0.000000,0.000000,0.003300,0.000000
2836,2.556580,1.005102,0.897500,0.823900,1112.000000,846749010.000000,1318204976.000000,234864640.000000,1568763904.000000,0.000500,0.000000,0.000000,0.000000,0.012500,0.000000,0.000000,0.000000,0.003300,0.000000
2837,2.557591,1.133199,1.213600,1.032300,1112.000000,846748658.000000,1318204976.000000,234864640.000000,1568763904.000000,0.000700,0.000000,0.000000,0.000000,0.026400,0.000000,0.000000,0.000000,0.005500,0.000000
2838,2.558416,0.853904,0.867000,0.769600,1112.000000,846748682.000000,1318204976.000000,234864640.000000,1568763904.000000,0.000600,0.000000,0.000000,0.000000,0.013200,0.000000,0.000000,0.000000,0.003800,0.000000
2839,2.559167,0.759495,0.758100,0.678300,1112.000000,846748306.000000,1318204976.000000,234864640.000000,1568763904.000000,0.000500,0.000000,0.000000,0.000000,0.010600,0.000000,0.000000,0.000000,0.003200,0.000000
2840,2.559901,0.738804,0.743100,0.663600,1112.000000,846756922.000000,1318204976.000000,234864640.000000,1568763904.000000,0.000600,0.000000,0.000000,0.000000,0.011300,0.000000,0.000000,0.000000,0.002800,0.000000
2841,2.560662,0.759297,0.755300,0.681700,1112.000000,846756546.000000,1318204976.000000,234864640.000000,1568763904.000000,0.000600,0.000000,0.000000,0.000000,0.010900,0.000000,0.000000,0.000000,0.003100,0.000000
2842,2.561620,0.935197,0.924200,0.845100,1112.000000,846777322.000000,1318204976.000000,234864640.000000,1568763904.000000,0.000500,0.000000,0.000000,0.000000,0.010600,0.000000,0.000000,0.000000,0.003000,0.000000
2843,2.562671,0.954904,0.905000,0.819400,1112.000000,846760394.000000,1318204976.000000,234864640.000000,1568763904.000000,0.000500,0.000000,0.000000,0.000000,0.013900,0.000000,0.000000,0.000000,0.003600,0.000000
2844,2.563714,1.153401,1.204200,1.073800,1112.000000,846760418.000000,1318204976.000000,234864640.000000,1568763904.000000,0.000600,0.000000,0.000000,0.000000,0.011000,0.000000,0.000000,0.000000,0.004500,0.000000
2845,2.564587,0.847895,0.810600,0.732300,1112.000000,846760458.000000,1318204976.000000,234864640.000000,1568763904.000000,0.000500,0.000000,0.000000,0.000000,0.010600,0.000000,0.000000,0.000000,0.003100,0.000000
2846,2.565424,0.862103,0.895700,0.795800,1112.000000,846760906.000000,1318204976.000000,234864640.000000,1568763904.000000,0.000600,0.000000,0.000000,0.000000,0.013000,0.000000,0.000000,0.000000,0.002900,0.000000
2847,2.566508,0.937500,0.934000,0.854100,1112.000000,846760506.000000,1318204976.000000,234864640.000000,1568763904.000000,0.000600,0.000000,0.000000,0.000000,0.009900,0.000000,0.000000,0.000000,0.003100,0.000000
2848,2.567545,1.182200,1.181600,1.100600,1112.000000,846764626.000000,1318204976.000000,234864640.000000,1568763904.000000,0.000700,0.000000,0.000000,0.000000,0.010800,0.000000,0.000000,0.000000,0.003700,0.000000
2849,2.568461,0.922803,0.922900,0.844000,1112.000000,846764650.000000,1318204976.000000,234864640.000000,1568763904.000000,0.000600,0.000000,0.000000,0.000000,0.011000,0.000000,0.000000,0.000000,0.002800,0.000000
2850,2.569276,0.811699,0.809600,0.732600,1112.000000,846765522.000000,1318204976.000000,234864640.000000,1568763904.000000,0.000500,0.000000,0.000000,0.000000,0.011000,0.000000,0.000000,0.000000,0.003000,0.000000
2851,2.570317,1.041497,1.041200,0.964200,1112.000000,846766050.000000,1318204976.000000,234864640.000000,1568763904.000000,0.249200,0.032700,0.010300,0.017000,0.010800,0.018700,0.016600,0.013100,0.003000,0.000000
2852,2.571359,0.925198,0.918200,0.841100,1112.000000,846765650.000000,1318204976.000000,234864640.000000,1568763904.000000,0.000500,0.000000,0.000000,0.000000,0.013600,0.000000,0.000000,0.000000,0.002800,0.000000
2853,2.572261,1.012202,1.011600,0.931100,1112.000000,846765674.000000,1318204976.000000,234864640.000000,1568763904.000000,0.000700,0.000000,0.000000,0.000000,0.012500,0.000000,0.000000,0.000000,0.004400,0.000000
2854,2.573089,0.820699,0.804900,0.710500,1112.000000,846766122.000000,1318204976.000000,234864640.000000,1568763904.000000,0.000600,0.000000,0.000000,0.000000,0.013900,0.000000,0.000000,0.000000,0.003300,0.000000
2855,2.574253,1.168304,1.173100,1.082500,1112.000000,846769338.000000,1318204976.000000,234864640.000000,1568763904.000000,0.000500,0.000000,0.000000,0.000000,0.125600,0.000000,0.000000,0.000000,0.003600,0.000000
2856,2.575172,0.922300,0.917100,0.832200,1112.000000,846768914.000000,1318204976.000000,234864640.000000,1568763904.000000,0.000600,0.000000,0.000000,0.000000,0.011800,0.000000,0.000000,0.000000,0.003400,0.000000
2857,2.576159,0.976998,0.980300,0.891900,1112.000000,846777130.000000,1318204976.000000,234864640.000000,1568763904.000000,0.000600,0.000000,0.000000,0.000000,0.010500,0.000000,0.000000,0.000000,0.003500,0.000000
2858,2.577109,0.963499,0.948600,0.866100,1112.000000,846793706.000000,1318204976.000000,234864640.000000,1568763904.000000,0.000600,0.000000,0.000000,0.000000,0.017800,0.000000,0.000000,0.000000,0.003500,0.000000
2859,2.577987,0.871202,0.881700,0.787200,1112.000000,846776778.000000,1318204976.000000,234864640.000000,1568763904.000000,0.000600,0.000000,0.000000,0.000000,0.010700,0.000000,0.000000,0.000000,0.003200,0.000000
2860,2.578851,0.860998,0.859700,0.777700,1112.000000,846776802.000000,1318204976.000000,234864640.000000,1568763904.000000,0.000600,0.000000,0.000000,0.000000,0.010700,0.000000,0.000000,0.000000,0.003600,0.000000
2861,2.579676,0.836699,0.837900,0.757900,1112.000000,846780938.000000,1318204976.000000,234864640.000000,1568763904.000000,0.000600,0.000000,0.000000,0.000000,0.010500,0.000000,0.000000,0.000000,0.003400,0.000000
2862,2.580449,0.774702,0.775600,0.698700,1112.000000,846781386.000000,1318204976.000000,234864640.000000,1568763904.000000,0.000600,0.000000,0.000000,0.000000,0.010900,0.000000,0.000000,0.000000,0.003200,0.000000
2863,2.581259,0.787500,0.768500,0.692500,1112.000000,846780986.000000,1318204976.000000,234864640.000000,1568763904.000000,0.000600,0.000000,0.000000,0.000000,0.010000,0.000000,0.000000,0.000000,0.003200,0.000000
2864,2.582025,0.792198,0.804700,0.716100,1112.000000,846781010.000000,1318204976.000000,234864640.000000,1568763904.000000,0.000600,0.000000,0.000000,0.000000,0.010400,0.000000,0.000000,0.000000,0.003700,0.000000
2865,2.582939,0.841702,0.837900,0.762000,1112.000000,846781034.000000,1318204976.000000,234864640.000000,1568763904.000000,0.000600,0.000000,0.000000,0.000000,0.010000,0.000000,0.000000,0.000000,0.003200,0.000000
2866,2.583789,0.907299,0.903200,0.823700,1112.000000,846782178.000000,1318204976.000000,234864640.000000,1568763904.000000,0.000500,0.000000,0.000000,0.000000,0.011200,0.000000,0.000000,0.000000,0.005400,0.000000
2867,2.584680,0.893304,0.892400,0.799100,1112.000000,846785874.000000,1318204976.000000,234864640.000000,1568763904.000000,0.000700,0.000000,0.000000,0.000000,0.023500,0.000000,0.000000,0.000000,0.003300,0.000000
2868,2.585528,0.853600,0.849800,0.770900,1112.000000,846785474.000000,1318204976.000000,234864640.000000,1568763904.000000,0.000600,0.000000,0.000000,0.000000,0.012000,0.000000,0.000000,0.000000,0.003200,0.000000
2869,2.586515,0.960395,0.861000,0.780100,1112.000000,846785498.000000,1318204976.000000,234864640.000000,1568763904.000000,0.000600,0.000000,0.000000,0.000000,0.011600,0.000000,0.000000,0.000000,0.003200,0.000000
2870,2.587657,1.164498,1.206500,1.127600,1112.000000,846787690.000000,1318204976.000000,234864640.000000,1568763904.000000,0.276200,0.031700,0.011000,0.017000,0.011600,0.019800,0.017000,0.015200,0.003600,0.000000
2871,2.588604,0.848002,0.902000,0.768900,1112.000000,846786938.000000,1318204976.000000,234864640.000000,1568763904.000000,0.000700,0.000000,0.000000,0.000000,0.013700,0.000000,0.000000,0.000000,0.003400,0.000000
2872,2.589642,1.119799,0.943300,0.864500,1112.000000,846786962.000000,1318204976.000000,234864640.000000,1568763904.000000,0.000700,0.000000,0.000000,0.000000,0.012700,0.000000,0.000000,0.000000,0.004200,0.000000
2873,2.590550,0.903401,1.059600,0.812900,1112.000000,846786994.000000,1318204976.000000,234864640.000000,1568763904.000000,0.000600,0.000000,0.000000,0.000000,0.014600,0.000000,0.000000,0.000000,0.003600,0.000000
2874,2.591523,0.990200,0.999100,0.892200,1112.000000,846814282.000000,1318204976.000000,234864640.000000,1568763904.000000,0.000600,0.000000,0.000000,0.000000,0.012500,0.000000,0.000000,0.000000,0.003400,0.000000
2875,2.592420,0.888903,0.871500,0.787300,1112.000000,846797338.000000,1318204976.000000,234864640.000000,1568763904.000000,0.000500,0.000000,0.000000,0.000000,0.011300,0.000000,0.000000,0.000000,0.003400,0.000000
2876,2.593235,0.826198,0.841200,0.757800,1112.000000,846797362.000000,1318204976.000000,234864640.000000,1568763904.000000,0.000600,0.000000,0.000000,0.000000,0.011300,0.000000,0.000000,0.000000,0.003600,0.000000
2877,2.594338,1.094799,1.075200,0.993400,1112.000000,846797402.000000,1318204976.000000,234864640.000000,1568763904.000000,0.000600,0.000000,0.000000,0.000000,0.011000,0.000000,0.000000,0.000000,0.003200,0.000000
2878,2.595170,0.840101,0.856100,0.772900,1112.000000,846797850.000000,1318204976.000000,234864640.000000,1568763904.000000,0.000700,0.000000,0.000000,0.000000,0.011600,0.000000,0.000000,0.000000,0.003500,0.000000
2879,2.595997,0.828401,0.821200,0.740600,1112.000000,846797450.000000,1318204976.000000,234864640.000000,1568763904.000000,0.000600,0.000000,0.000000,0.000000,0.010700,0.000000,0.000000,0.000000,0.003300,0.000000
2880,2.596821,0.821202,0.823700,0.738100,1112.000000,846801570.000000,1318204976.000000,234864640.000000,1568763904.000000,0.000500,0.000000,0.000000,0.000000,0.011000,0.000000,0.000000,0.000000,0.003200,0.000000
2881,2.597622,0.811699,0.811400,0.731100,1112.000000,846802018.000000,1318204976.000000,234864640.000000,1568763904.000000,0.000600,0.000000,0.000000,0.000000,0.012600,0.000000,0.000000,0.000000,0.003400,0.000000
2882,2.598440,0.808397,0.803900,0.724200,1112.000000,846802474.000000,1318204976.000000,234864640.000000,1568763904.000000,0.000500,0.000000,0.000000,0.000000,0.012800,0.000000,0.000000,0.000000,0.003200,0.000000
2883,2.599220,0.788301,0.789400,0.708600,1112.000000,846801650.000000,1318204976.000000,234864640.000000,1568763904.000000,0.000600,0.000000,0.000000,0.000000,0.010800,0.000000,0.000000,0.000000,0.003400,0.000000
2884,2.599988,0.770401,0.765400,0.687900,1112.000000,846801674.000000,1318204976.000000,234864640.000000,1568763904.000000,0.000500,0.000000,0.000000,0.000000,0.010900,0.000000,0.000000,0.000000,0.003200,0.000000
2885,2.600768,0.776998,0.779100,0.698700,1112.000000,846801698.000000,1318204976.000000,234864640.000000,1568763904.000000,0.000600,0.000000,0.000000,0.000000,0.011100,0.000000,0.000000,0.000000,0.003100,0.000000
2886,2.601543,0.776601,0.771400,0.695000,1112.000000,846802570.000000,1318204976.000000,234864640.000000,1568763904.000000,0.000500,0.000000,0.000000,0.000000,0.011500,0.000000,0.000000,0.000000,0.002800,0.000000
2887,2.602355,0.807603,0.805400,0.725400,1112.000000,846805866.000000,1318204976.000000,234864640.000000,1568763904.000000,0.000600,0.000000,0.000000,0.000000,0.010800,0.000000,0.000000,0.000000,0.003300,0.000000
2888,2.603122,0.771698,0.772800,0.693600,1112.000000,846805874.000000,1318204976.000000,234864640.000000,1568763904.000000,0.000500,0.000000,0.000000,0.000000,0.010300,0.000000,0.000000,0.000000,0.003300,0.000000
2889,2.604225,1.094501,1.088900,1.011500,1112.000000,846807170.000000,1318204976.000000,234864640.000000,1568763904.000000,0.274500,0.035600,0.011000,0.019200,0.010200,0.017800,0.016700,0.023000,0.003200,0.000000
2890,2.605125,0.898696,0.897000,0.816800,1112.000000,846824010.000000,1318204976.000000,234864640.000000,1568763904.000000,0.000500,0.000000,0.000000,0.000000,0.013400,0.000000,0.000000,0.000000,0.003300,0.000000
2891,2.605982,0.835899,0.787200,0.707500,1112.000000,846811178.000000,1318204976.000000,234864640.000000,1568763904.000000,0.000600,0.000000,0.000000,0.000000,0.013100,0.000000,0.000000,0.000000,0.003500,0.000000
2892,2.607070,1.064505,1.071500,0.940100,1112.000000,846811202.000000,1318204976.000000,234864640.000000,1568763904.000000,0.000600,0.000000,0.000000,0.000000,0.012700,0.000000,0.000000,0.000000,0.003700,0.000000
2893,2.608070,1.032795,1.059700,0.943400,1112.000000,846814170.000000,1318204976.000000,234864640.000000,1568763904.000000,0.000600,0.000000,0.000000,0.000000,0.012100,0.000000,0.000000,0.000000,0.004100,0.000000
2894,2.608933,0.886302,0.893900,0.808400,1112.000000,846814618.000000,1318204976.000000,234864640.000000,1568763904.000000,0.000600,0.000000,0.000000,0.000000,0.011400,0.000000,0.000000,0.000000,0.003600,0.000000
2895,2.609721,0.785998,0.783700,0.706800,1112.000000,846814754.000000,1318204976.000000,234864640.000000,1568763904.000000,0.000600,0.000000,0.000000,0.000000,0.011300,0.000000,0.000000,0.000000,0.003000,0.000000
2896,2.610567,0.838804,0.820600,0.743500,1112.000000,846814354.000000,1318204976.000000,234864640.000000,1568763904.000000,0.000500,0.000000,0.000000,0.000000,0.011800,0.000000,0.000000,0.000000,0.003400,0.000000
2897,2.611427,0.857802,0.867900,0.774500,1112.000000,846814378.000000,1318204976.000000,234864640.000000,1568763904.000000,0.000500,0.000000,0.000000,0.000000,0.011000,0.000000,0.000000,0.000000,0.003400,0.000000
2898,2.612494,1.058099,1.050500,0.921000,1112.000000,846815266.000000,1318204976.000000,234864640.000000,1568763904.000000,0.000600,0.000000,0.000000,0.000000,0.045800,0.000000,0.000000,0.000000,0.003300,0.000000
2899,2.613374,0.883801,0.889400,0.804900,1112.000000,846818538.000000,1318204976.000000,234864640.000000,1568763904.000000,0.000500,0.000000,0.000000,0.000000,0.011400,0.000000,0.000000,0.000000,0.003400,0.000000
2900,2.614254,0.886097,0.882800,0.804000,1112.000000,846818562.000000,1318204976.000000,234864640.000000,1568763904.000000,0.000600,0.000000,0.000000,0.000000,0.024600,0.000000,0.000000,0.000000,0.004300,0.000000
2901,2.615200,0.950999,0.950300,0.870300,1112.000000,846819082.000000,1318204976.000000,234864640.000000,1568763904.000000,0.000600,0.000000,0.000000,0.000000,0.011700,0.000000,0.000000,0.000000,0.003200,0.000000
2902,2.616108,0.868304,0.853400,0.775200,1112.000000,846819146.000000,1318204976.000000,234864640.000000,1568763904.000000,0.000600,0.000000,0.000000,0.000000,0.011600,0.000000,0.000000,0.000000,0.003200,0.000000
2903,2.617023,0.952799,0.955000,0.865100,1112.000000,846818770.000000,1318204976.000000,234864640.000000,1568763904.000000,0.000600,0.000000,0.000000,0.000000,0.011800,0.000000,0.000000,0.000000,0.004100,0.000000
2904,2.617872,0.852700,0.860200,0.773900,1112.000000,846822866.000000,1318204976.000000,234864640.000000,1568763904.000000,0.000500,0.000000,0.000000,0.000000,0.010200,0.000000,0.000000,0.000000,0.003100,0.000000
2905,2.618667,0.791695,0.785500,0.707400,1112.000000,846822890.000000,1318204976.000000,234864640.000000,1568763904.000000,0.000600,0.000000,0.000000,0.000000,0.009900,0.000000,0.000000,0.000000,0.003000,0.000000
2906,2.619531,0.866603,0.869700,0.789000,1112.000000,846843586.000000,1318204976.000000,234864640.000000,1568763904.000000,0.000600,0.000000,0.000000,0.000000,0.011500,0.000000,0.000000,0.000000,0.003200,0.000000
2907,2.620622,1.077997,1.071000,0.993100,1112.000000,846828386.000000,1318204976.000000,234864640.000000,1568763904.000000,0.270300,0.033400,0.012300,0.016800,0.009800,0.019400,0.016400,0.013400,0.003300,0.000000
2908,2.621565,0.866900,0.867200,0.786200,1112.000000,846832506.000000,1318204976.000000,234864640.000000,1568763904.000000,0.000500,0.000000,0.000000,0.000000,0.026000,0.000000,0.000000,0.000000,0.003700,0.000000
2909,2.622487,0.983503,0.983000,0.904100,1112.000000,846832970.000000,1318204976.000000,234864640.000000,1568763904.000000,0.000700,0.000000,0.000000,0.000000,0.015300,0.000000,0.000000,0.000000,0.004500,0.000000
2910,2.623458,0.989902,0.982100,0.903900,1112.000000,846832994.000000,1318204976.000000,234864640.000000,1568763904.000000,0.000700,0.000000,0.000000,0.000000,0.013800,0.000000,0.000000,0.000000,0.003800,0.000000
2911,2.624380,0.922697,0.921700,0.837800,1112.000000,846830890.000000,1318204976.000000,234864640.000000,1568763904.000000,0.000700,0.000000,0.000000,0.000000,0.010000,0.000000,0.000000,0.000000,0.003300,0.000000
2912,2.625255,0.889002,0.892600,0.811200,1112.000000,846835010.000000,1318204976.000000,234864640.000000,1568763904.000000,0.000600,0.000000,0.000000,0.000000,0.023300,0.000000,0.000000,0.000000,0.003500,0.000000
2913,2.626054,0.772399,0.768200,0.691700,1112.000000,846835034.000000,1318204976.000000,234864640.000000,1568763904.000000,0.000600,0.000000,0.000000,0.000000,0.022400,0.000000,0.000000,0.000000,0.002900,0.000000
2914,2.626980,0.933695,0.928300,0.848600,1112.000000,846835914.000000,1318204976.000000,234864640.000000,1568763904.000000,0.000600,0.000000,0.000000,0.000000,0.012200,0.000000,0.000000,0.000000,0.003400,0.000000
2915,2.627895,0.923200,0.907100,0.824300,1112.000000,846835090.000000,1318204976.000000,234864640.000000,1568763904.000000,0.000600,0.000000,0.000000,0.000000,0.011500,0.000000,0.000000,0.000000,0.003300,0.000000
2916,2.628899,1.009906,1.016100,0.920400,1112.000000,846835538.000000,1318204976.000000,234864640.000000,1568763904.000000,0.000500,0.000000,0.000000,0.000000,0.012300,0.000000,0.000000,0.000000,0.003600,0.000000
2917,2.629680,0.782894,0.793400,0.706600,1112.000000,846835138.000000,1318204976.000000,234864640.000000,1568763904.000000,0.000500,0.000000,0.000000,0.000000,0.011000,0.000000,0.000000,0.000000,0.003200,0.000000
2918,2.630494,0.792404,0.783000,0.706900,1112.000000,846835586.000000,1318204976.000000,234864640.000000,1568763904.000000,0.000600,0.000000,0.000000,0.000000,0.010000,0.000000,0.000000,0.000000,0.003100,0.000000
2919,2.631424,0.939697,0.939500,0.855400,1112.000000,846839306.000000,1318204976.000000,234864640.000000,1568763904.000000,0.000700,0.000000,0.000000,0.000000,0.010700,0.000000,0.000000,0.000000,0.003300,0.000000
2920,2.632553,1.132100,1.130600,1.049400,1112.000000,846839306.000000,1318204976.000000,234864640.000000,1568763904.000000,0.000600,0.000000,0.000000,0.000000,0.011200,0.000000,0.000000,0.000000,0.003300,0.000000
2921,2.633342,0.793899,0.793000,0.712900,1112.000000,846839330.000000,1318204976.000000,234864640.000000,1568763904.000000,0.000500,0.000000,0.000000,0.000000,0.010400,0.000000,0.000000,0.000000,0.003000,0.000000
2922,2.634171,0.831101,0.831200,0.752900,1112.000000,846855906.000000,1318204976.000000,234864640.000000,1568763904.000000,0.000500,0.000000,0.000000,0.000000,0.011500,0.000000,0.000000,0.000000,0.003300,0.000000
2923,2.634968,0.788804,0.780600,0.703600,1112.000000,846838978.000000,1318204976.000000,234864640.000000,1568763904.000000,0.000600,0.000000,0.000000,0.000000,0.019900,0.000000,0.000000,0.000000,0.003200,0.000000
2924,2.635805,0.842800,0.846300,0.766100,1112.000000,846839002.000000,1318204976.000000,234864640.000000,1568763904.000000,0.000600,0.000000,0.000000,0.000000,0.010500,0.000000,0.000000,0.000000,0.003400,0.000000
2925,2.637000,1.183900,1.175200,1.095700,1112.000000,846849170.000000,1318204976.000000,234864640.000000,1568763904.000000,0.256500,0.036500,0.010600,0.016400,0.010100,0.018300,0.017000,0.014900,0.003100,0.000000
2926,2.637870,0.873597,0.876900,0.793700,1112.000000,846849650.000000,1318204976.000000,234864640.000000,1568763904.000000,0.000700,0.000000,0.000000,0.000000,0.027600,0.000000,0.000000,0.000000,0.003500,0.000000
2927,2.638688,0.821903,0.817100,0.738600,1112.000000,846849250.000000,1318204976.000000,234864640.000000,1568763904.000000,0.000600,0.000000,0.000000,0.000000,0.035400,0.000000,0.000000,0.000000,0.003500,0.000000
2928,2.639530,0.830400,0.831200,0.749500,1112.000000,846849274.000000,1318204976.000000,234864640.000000,1568763904.000000,0.000500,0.000000,0.000000,0.000000,0.028000,0.000000,0.000000,0.000000,0.003400,0.000000
2929,2.641081,1.526800,1.176800,1.064000,1112.000000,846847466.000000,1318204976.000000,234864640.000000,1568763904.000000,0.000500,0.000000,0.000000,0.000000,0.011700,0.000000,0.000000,0.000000,0.004600,0.000000
2930,2.642030,0.968396,1.304200,0.906000,1112.000000,846848506.000000,1318204976.000000,234864640.000000,1568763904.000000,0.000600,0.000000,0.000000,0.000000,0.012500,0.000000,0.000000,0.000000,0.004000,0.000000
2931,2.642897,0.888705,0.896600,0.810300,1112.000000,846852202.000000,1318204976.000000,234864640.000000,1568763904.000000,0.000500,0.000000,0.000000,0.000000,0.012700,0.000000,0.000000,0.000000,0.003400,0.000000
2932,2.643722,0.818297,0.812800,0.735600,1112.000000,846851802.000000,1318204976.000000,234864640.000000,1568763904.000000,0.000500,0.000000,0.000000,0.000000,0.010800,0.000000,0.000000,0.000000,0.002900,0.000000
2933,2.644552,0.831200,0.831700,0.751500,1112.000000,846851826.000000,1318204976.000000,234864640.000000,1568763904.000000,0.000600,0.000000,0.000000,0.000000,0.010700,0.000000,0.000000,0.000000,0.003300,0.000000
2934,2.645439,0.881704,0.875800,0.796900,1112.000000,846852378.000000,1318204976.000000,234864640.000000,1568763904.000000,0.000600,0.000000,0.000000,0.000000,0.010600,0.000000,0.000000,0.000000,0.003300,0.000000
2935,2.646442,0.983000,0.979600,0.897000,1112.000000,846851978.000000,1318204976.000000,234864640.000000,1568763904.000000,0.000600,0.000000,0.000000,0.000000,0.088900,0.000000,0.000000,0.000000,0.003400,0.000000
2936,2.647421,1.002494,1.002300,0.919400,1112.000000,846852002.000000,1318204976.000000,234864640.000000,1568763904.000000,0.000600,0.000000,0.000000,0.000000,0.011000,0.000000,0.000000,0.000000,0.003600,0.000000
2937,2.648284,0.826304,0.823000,0.742000,1112.000000,846852066.000000,1318204976.000000,234864640.000000,1568763904.000000,0.000600,0.000000,0.000000,0.000000,0.010900,0.000000,0.000000,0.000000,0.003600,0.000000
2938,2.649115,0.869997,0.867600,0.784700,1112.000000,846875770.000000,1318204976.000000,234864640.000000,1568763904.000000,0.000600,0.000000,0.000000,0.000000,0.011600,0.000000,0.000000,0.000000,0.004100,0.000000
2939,2.649902,0.790901,0.784900,0.701600,1112.000000,846859266.000000,1318204976.000000,234864640.000000,1568763904.000000,0.000600,0.000000,0.000000,0.000000,0.012500,0.000000,0.000000,0.000000,0.003300,0.000000
2940,2.650653,0.758801,0.767700,0.681900,1164.000000,846858866.000000,1318204976.000000,234864640.000000,1568763904.000000,0.000600,0.000000,0.000000,0.000000,0.011300,0.000000,0.000000,0.000000,0.003200,0.000000
2941,2.651646,0.978302,0.967400,0.890400,1112.000000,846858906.000000,1318204976.000000,234864640.000000,1568763904.000000,0.000600,0.000000,0.000000,0.000000,0.010700,0.000000,0.000000,0.000000,0.002800,0.000000
2942,2.652580,0.935799,0.890800,0.805600,1112.000000,846867546.000000,1318204976.000000,234864640.000000,1568763904.000000,0.000500,0.000000,0.000000,0.000000,0.011300,0.000000,0.000000,0.000000,0.003400,0.000000
2943,2.653597,1.020897,1.069900,0.944400,1112.000000,846868722.000000,1318204976.000000,234864640.000000,1568763904.000000,0.254900,0.034800,0.010600,0.017200,0.010500,0.018500,0.016700,0.014500,0.003600,0.000000
2944,2.654491,0.834198,0.828500,0.751200,1112.000000,846872842.000000,1318204976.000000,234864640.000000,1568763904.000000,0.000600,0.000000,0.000000,0.000000,0.012600,0.000000,0.000000,0.000000,0.003100,0.000000
2945,2.655341,0.889704,0.888300,0.808800,1112.000000,846872866.000000,1318204976.000000,234864640.000000,1568763904.000000,0.000600,0.000000,0.000000,0.000000,0.013800,0.000000,0.000000,0.000000,0.003400,0.000000
2946,2.656322,0.897300,0.893900,0.815500,1112.000000,846874290.000000,1318204976.000000,234864640.000000,1568763904.000000,0.000600,0.000000,0.000000,0.000000,0.014100,0.000000,0.000000,0.000000,0.003600,0.000000
2947,2.657458,1.198002,1.177000,1.090900,1112.000000,846871634.000000,1318204976.000000,234864640.000000,1568763904.000000,0.000700,0.000000,0.000000,0.000000,0.012000,0.000000,0.000000,0.000000,0.005800,0.000000
2948,2.658371,0.946294,0.956500,0.855800,1112.000000,846871658.000000,1318204976.000000,234864640.000000,1568763904.000000,0.000600,0.000000,0.000000,0.000000,0.012100,0.000000,0.000000,0.000000,0.004000,0.000000
2949,2.659176,0.817304,0.823900,0.739000,1112.000000,846871682.000000,1318204976.000000,234864640.000000,1568763904.000000,0.000600,0.000000,0.000000,0.000000,0.010800,0.000000,0.000000,0.000000,0.003300,0.000000
2950,2.660017,0.815597,0.808800,0.730400,1112.000000,846872130.000000,1318204976.000000,234864640.000000,1568763904.000000,0.000600,0.000000,0.000000,0.000000,0.010100,0.000000,0.000000,0.000000,0.003000,0.000000
2951,2.660837,0.843403,0.844900,0.761800,1112.000000,846875850.000000,1318204976.000000,234864640.000000,1568763904.000000,0.000700,0.000000,0.000000,0.000000,0.011300,0.000000,0.000000,0.000000,0.004200,0.000000
2952,2.661691,0.845196,0.839900,0.758600,1112.000000,846875850.000000,1318204976.000000,234864640.000000,1568763904.000000,0.000700,0.000000,0.000000,0.000000,0.011300,0.000000,0.000000,0.000000,0.003500,0.000000
2953,2.662667,0.972003,0.965300,0.881800,1112.000000,846876298.000000,1318204976.000000,234864640.000000,1568763904.000000,0.000600,0.000000,0.000000,0.000000,0.012900,0.000000,0.000000,0.000000,0.003100,0.000000
2954,2.663580,0.923299,0.926100,0.836800,1112.000000,846892866.000000,1318204976.000000,234864640.000000,1568763904.000000,0.000600,0.000000,0.000000,0.000000,0.069100,0.000000,0.000000,0.000000,0.003400,0.000000
2955,2.664414,0.833099,0.834000,0.752900,1112.000000,846875938.000000,1318204976.000000,234864640.000000,1568763904.000000,0.000500,0.000000,0.000000,0.000000,0.010800,0.000000,0.000000,0.000000,0.003000,0.000000
2956,2.665251,0.833199,0.829700,0.751300,1112.000000,846875962.000000,1318204976.000000,234864640.000000,1568763904.000000,0.000600,0.000000,0.000000,0.000000,0.010700,0.000000,0.000000,0.000000,0.003300,0.000000
2957,2.666063,0.802105,0.799900,0.720700,1112.000000,846880098.000000,1318204976.000000,234864640.000000,1568763904.000000,0.000500,0.000000,0.000000,0.000000,0.011600,0.000000,0.000000,0.000000,0.003300,0.000000
2958,2.666952,0.899596,0.896000,0.815800,1112.000000,846880554.000000,1318204976.000000,234864640.000000,1568763904.000000,0.000500,0.000000,0.000000,0.000000,0.012300,0.000000,0.000000,0.000000,0.003300,0.000000
2959,2.667736,0.793403,0.796400,0.716500,1112.000000,846884250.000000,1318204976.000000,234864640.000000,1568763904.000000,0.000500,0.000000,0.000000,0.000000,0.011300,0.000000,0.000000,0.000000,0.003400,0.000000
2960,2.668649,0.904897,0.900200,0.824200,1112.000000,846884274.000000,1318204976.000000,234864640.000000,1568763904.000000,0.000700,0.000000,0.000000,0.000000,0.010800,0.000000,0.000000,0.000000,0.003200,0.000000
2961,2.669452,0.783603,0.783500,0.705700,1112.000000,846884298.000000,1318204976.000000,234864640.000000,1568763904.000000,0.000600,0.000000,0.000000,0.000000,0.011300,0.000000,0.000000,0.000000,0.003100,0.000000
2962,2.670495,1.061798,1.057800,0.980600,1112.000000,846888322.000000,1318204976.000000,234864640.000000,1568763904.000000,0.278300,0.038900,0.010800,0.017800,0.009800,0.021400,0.020000,0.021000,0.003400,0.000000
2963,2.671286,0.796903,0.797300,0.719200,1112.000000,846891594.000000,1318204976.000000,234864640.000000,1568763904.000000,0.000500,0.000000,0.000000,0.000000,0.012700,0.000000,0.000000,0.000000,0.003200,0.000000
2964,2.672065,0.784899,0.783500,0.707400,1112.000000,846891618.000000,1318204976.000000,234864640.000000,1568763904.000000,0.000500,0.000000,0.000000,0.000000,0.012400,0.000000,0.000000,0.000000,0.003000,0.000000
2965,2.672827,0.755903,0.753300,0.678300,1112.000000,846891642.000000,1318204976.000000,234864640.000000,1568763904.000000,0.000500,0.000000,0.000000,0.000000,0.012600,0.000000,0.000000,0.000000,0.003200,0.000000
2966,2.673691,0.859198,0.852800,0.775800,1112.000000,846889026.000000,1318204976.000000,234864640.000000,1568763904.000000,0.000600,0.000000,0.000000,0.000000,0.010400,0.000000,0.000000,0.000000,0.003100,0.000000
2967,2.674497,0.818297,0.816500,0.736300,1112.000000,846889074.000000,1318204976.000000,234864640.000000,1568763904.000000,0.000500,0.000000,0.000000,0.000000,0.012400,0.000000,0.000000,0.000000,0.003000,0.000000
2968,2.675356,0.846804,0.844500,0.763000,1112.000000,846892746.000000,1318204976.000000,234864640.000000,1568763904.000000,0.000500,0.000000,0.000000,0.000000,0.011500,0.000000,0.000000,0.000000,0.003000,0.000000
2969,2.676138,0.784999,0.782800,0.702700,1112.000000,846892770.000000,1318204976.000000,234864640.000000,1568763904.000000,0.000500,0.000000,0.000000,0.000000,0.011300,0.000000,0.000000,0.000000,0.003500,0.000000
2970,2.677147,0.999001,0.993200,0.911300,1112.000000,846913562.000000,1318204976.000000,234864640.000000,1568763904.000000,0.000500,0.000000,0.000000,0.000000,0.012700,0.000000,0.000000,0.000000,0.003100,0.000000
2971,2.678047,0.909099,0.897800,0.813400,1112.000000,846896634.000000,1318204976.000000,234864640.000000,1568763904.000000,0.000500,0.000000,0.000000,0.000000,0.011400,0.000000,0.000000,0.000000,0.003800,0.000000
2972,2.678998,0.948802,0.960300,0.864000,1112.000000,846896658.000000,1318204976.000000,234864640.000000,1568763904.000000,0.000600,0.000000,0.000000,0.000000,0.011300,0.000000,0.000000,0.000000,0.003400,0.000000
2973,2.679867,0.868296,0.861200,0.780900,1112.000000,846896698.000000,1318204976.000000,234864640.000000,1568763904.000000,0.000500,0.000000,0.000000,0.000000,0.011900,0.000000,0.000000,0.000000,0.003400,0.000000
2974,2.680764,0.867198,0.867600,0.779100,1112.000000,846897154.000000,1318204976.000000,234864640.000000,1568763904.000000,0.000500,0.000000,0.000000,0.000000,0.012400,0.000000,0.000000,0.000000,0.003200,0.000000
2975,2.681631,0.892205,0.891300,0.809400,1112.000000,846896754.000000,1318204976.000000,234864640.000000,1568763904.000000,0.000600,0.000000,0.000000,0.000000,0.011000,0.000000,0.000000,0.000000,0.003600,0.000000
2976,2.682715,1.090696,1.088600,1.007600,1112.000000,846904970.000000,1318204976.000000,234864640.000000,1568763904.000000,0.000500,0.000000,0.000000,0.000000,0.011000,0.000000,0.000000,0.000000,0.003200,0.000000
2977,2.683544,0.837805,0.839500,0.759600,1112.000000,846905418.000000,1318204976.000000,234864640.000000,1568763904.000000,0.000600,0.000000,0.000000,0.000000,0.012000,0.000000,0.000000,0.000000,0.003400,0.000000
2978,2.684308,0.767000,0.768100,0.691700,1112.000000,846905866.000000,1318204976.000000,234864640.000000,1568763904.000000,0.000600,0.000000,0.000000,0.000000,0.011900,0.000000,0.000000,0.000000,0.003700,0.000000
2979,2.685118,0.784595,0.781400,0.707800,1112.000000,846905042.000000,1318204976.000000,234864640.000000,1568763904.000000,0.000600,0.000000,0.000000,0.000000,0.010200,0.000000,0.000000,0.000000,0.003000,0.000000
2980,2.685966,0.836501,0.827300,0.751800,1112.000000,846905066.000000,1318204976.000000,234864640.000000,1568763904.000000,0.000600,0.000000,0.000000,0.000000,0.012000,0.000000,0.000000,0.000000,0.006500,0.000000
2981,2.687155,1.192000,1.112200,1.029200,1112.000000,846906610.000000,1318204976.000000,234864640.000000,1568763904.000000,0.260500,0.035300,0.011700,0.016800,0.012200,0.018900,0.017000,0.013700,0.003100,0.000000
2982,2.688000,0.866405,0.940000,0.782400,1112.000000,846906634.000000,1318204976.000000,234864640.000000,1568763904.000000,0.000600,0.000000,0.000000,0.000000,0.015400,0.000000,0.000000,0.000000,0.003800,0.000000
2983,2.688821,0.824596,0.827600,0.743700,1112.000000,846910354.000000,1318204976.000000,234864640.000000,1568763904.000000,0.000600,0.000000,0.000000,0.000000,0.013100,0.000000,0.000000,0.000000,0.003100,0.000000
2984,2.689635,0.804500,0.800600,0.721300,1112.000000,846910354.000000,1318204976.000000,234864640.000000,1568763904.000000,0.000500,0.000000,0.000000,0.000000,0.013400,0.000000,0.000000,0.000000,0.003200,0.000000
2985,2.690478,0.845904,0.840000,0.758500,1112.000000,846909362.000000,1318204976.000000,234864640.000000,1568763904.000000,0.000600,0.000000,0.000000,0.000000,0.011500,0.000000,0.000000,0.000000,0.003100,0.000000
2986,2.691375,0.895295,0.897400,0.812000,1112.000000,846925946.000000,1318204976.000000,234864640.000000,1568763904.000000,0.000600,0.000000,0.000000,0.000000,0.011900,0.000000,0.000000,0.000000,0.003400,0.000000
2987,2.692197,0.827700,0.826300,0.745400,1112.000000,846909018.000000,1318204976.000000,234864640.000000,1568763904.000000,0.000500,0.000000,0.000000,0.000000,0.011000,0.000000,0.000000,0.000000,0.003100,0.000000
2988,2.692977,0.786402,0.787300,0.707900,1112.000000,846909042.000000,1318204976.000000,234864640.000000,1568763904.000000,0.000500,0.000000,0.000000,0.000000,0.010600,0.000000,0.000000,0.000000,0.003100,0.000000
2989,2.693787,0.797803,0.793000,0.715100,1112.000000,846913178.000000,1318204976.000000,234864640.000000,1568763904.000000,0.000500,0.000000,0.000000,0.000000,0.010500,0.000000,0.000000,0.000000,0.003100,0.000000
2990,2.694777,0.973498,0.792500,0.713100,1112.000000,846913634.000000,1318204976.000000,234864640.000000,1568763904.000000,0.000600,0.000000,0.000000,0.000000,0.012000,0.000000,0.000000,0.000000,0.003400,0.000000
2991,2.695620,0.861600,1.034100,0.779100,1112.000000,846913234.000000,1318204976.000000,234864640.000000,1568763904.000000,0.000600,0.000000,0.000000,0.000000,0.011300,0.000000,0.000000,0.000000,0.003800,0.000000
2992,2.696491,0.867099,0.867600,0.783200,1112.000000,846913682.000000,1318204976.000000,234864640.000000,1568763904.000000,0.000600,0.000000,0.000000,0.000000,0.012800,0.000000,0.000000,0.000000,0.003300,0.000000
2993,2.697340,0.853600,0.842100,0.760100,1112.000000,846919497.000000,1318204976.000000,234864640.000000,1568763904.000000,0.000700,0.000000,0.000000,0.000000,0.011600,0.000000,0.000000,0.000000,0.003200,0.000000
2994,2.698146,0.811699,0.817000,0.727600,1112.000000,846918250.000000,1318204976.000000,234864640.000000,1568763904.000000,0.000500,0.000000,0.000000,0.000000,0.010800,0.000000,0.000000,0.000000,0.003100,0.000000
2995,2.698914,0.767503,0.771600,0.690900,1112.000000,846921522.000000,1318204976.000000,234864640.000000,1568763904.000000,0.000600,0.000000,0.000000,0.000000,0.010300,0.000000,0.000000,0.000000,0.003100,0.000000
2996,2.699736,0.825503,0.824600,0.748200,1112.000000,846921546.000000,1318204976.000000,234864640.000000,1568763904.000000,0.000600,0.000000,0.000000,0.000000,0.010800,0.000000,0.000000,0.000000,0.003100,0.000000
2997,2.700523,0.793098,0.789300,0.714100,1112.000000,846921994.000000,1318204976.000000,234864640.000000,1568763904.000000,0.000600,0.000000,0.000000,0.000000,0.012500,0.000000,0.000000,0.000000,0.003500,0.000000
2998,2.701316,0.788400,0.790000,0.712800,1112.000000,846922018.000000,1318204976.000000,234864640.000000,1568763904.000000,0.000600,0.000000,0.000000,0.000000,0.011500,0.000000,0.000000,0.000000,0.003000,0.000000
2999,2.702140,0.800801,0.791500,0.717200,1112.000000,846921642.000000,1318204976.000000,234864640.000000,1568763904.000000,0.000600,0.000000,0.000000,0.000000,0.010100,0.000000,0.000000,0.000000,0.002900,0.000000
3000,2.703138,1.000198,0.861900,0.780000,1112.000000,846921642.000000,1318204976.000000,234864640.000000,1568763904.000000,0.000600,0.000000,0.000000,0.000000,0.011400,0.000000,0.000000,0.000000,0.004400,0.000000
3001,2.704263,1.132802,1.262600,1.048400,1112.000000,846923210.000000,1318204976.000000,234864640.000000,1568763904.000000,0.278300,0.038200,0.012300,0.016900,0.010900,0.022300,0.017400,0.015300,0.004100,0.000000
3002,2.705182,0.928394,0.932700,0.847600,1112.000000,846944018.000000,1318204976.000000,234864640.000000,1568763904.000000,0.000600,0.000000,0.000000,0.000000,0.013400,0.000000,0.000000,0.000000,0.003400,0.000000
3003,2.706007,0.792404,0.787700,0.709300,1112.000000,846927090.000000,1318204976.000000,234864640.000000,1568763904.000000,0.000600,0.000000,0.000000,0.000000,0.012900,0.000000,0.000000,0.000000,0.003100,0.000000
3004,2.707028,0.998299,0.964900,0.873100,1112.000000,846927114.000000,1318204976.000000,234864640.000000,1568763904.000000,0.000600,0.000000,0.000000,0.000000,0.014000,0.000000,0.000000,0.000000,0.003600,0.000000
3005,2.708042,1.038903,1.058100,0.946600,1112.000000,846925610.000000,1318204976.000000,234864640.000000,1568763904.000000,0.000700,0.000000,0.000000,0.000000,0.012700,0.000000,0.000000,0.000000,0.003700,0.000000
3006,2.708885,0.866695,0.873800,0.783700,1112.000000,846926066.000000,1318204976.000000,234864640.000000,1568763904.000000,0.000600,0.000000,0.000000,0.000000,0.012700,0.000000,0.000000,0.000000,0.003600,0.000000
3007,2.709715,0.833702,0.834300,0.753600,1112.000000,846926090.000000,1318204976.000000,234864640.000000,1568763904.000000,0.000600,0.000000,0.000000,0.000000,0.011900,0.000000,0.000000,0.000000,0.003300,0.000000
3008,2.710634,0.783999,0.781500,0.703600,1112.000000,846929786.000000,1318204976.000000,234864640.000000,1568763904.000000,0.000600,0.000000,0.000000,0.000000,0.011700,0.000000,0.000000,0.000000,0.003500,0.000000
3009,2.711617,1.097201,1.087300,1.006600,1112.000000,846929810.000000,1318204976.000000,234864640.000000,1568763904.000000,0.000700,0.000000,0.000000,0.000000,0.010100,0.000000,0.000000,0.000000,0.004700,0.000000
3010,2.712460,0.860601,0.862900,0.776600,1112.000000,846934778.000000,1318204976.000000,234864640.000000,1568763904.000000,0.000700,0.000000,0.000000,0.000000,0.011500,0.000000,0.000000,0.000000,0.004000,0.000000
3011,2.713247,0.793998,0.797000,0.716500,1112.000000,846934378.000000,1318204976.000000,234864640.000000,1568763904.000000,0.000600,0.000000,0.000000,0.000000,0.011800,0.000000,0.000000,0.000000,0.003200,0.000000
3012,2.714057,0.814201,0.814200,0.738100,1112.000000,846933978.000000,1318204976.000000,234864640.000000,1568763904.000000,0.000500,0.000000,0.000000,0.000000,0.011400,0.000000,0.000000,0.000000,0.002900,0.000000
3013,2.714788,0.732398,0.730700,0.656500,1112.000000,846934002.000000,1318204976.000000,234864640.000000,1568763904.000000,0.000500,0.000000,0.000000,0.000000,0.010200,0.000000,0.000000,0.000000,0.003300,0.000000
3014,2.715541,0.754401,0.750300,0.676500,1112.000000,846934450.000000,1318204976.000000,234864640.000000,1568763904.000000,0.000500,0.000000,0.000000,0.000000,0.010500,0.000000,0.000000,0.000000,0.003400,0.000000
3015,2.716398,0.853805,0.852800,0.776700,1112.000000,846938170.000000,1318204976.000000,234864640.000000,1568763904.000000,0.000600,0.000000,0.000000,0.000000,0.010100,0.000000,0.000000,0.000000,0.003200,0.000000
3016,2.717189,0.779500,0.774400,0.698100,1112.000000,846938170.000000,1318204976.000000,234864640.000000,1568763904.000000,0.000600,0.000000,0.000000,0.000000,0.010300,0.000000,0.000000,0.000000,0.003400,0.000000
3017,2.717947,0.769997,0.772300,0.694200,1112.000000,846938194.000000,1318204976.000000,234864640.000000,1568763904.000000,0.000500,0.000000,0.000000,0.000000,0.011200,0.000000,0.000000,0.000000,0.003200,0.000000
3018,2.718896,0.926297,0.769500,0.695400,1112.000000,846954906.000000,1318204976.000000,234864640.000000,1568763904.000000,0.000600,0.000000,0.000000,0.000000,0.011800,0.000000,0.000000,0.000000,0.003300,0.000000
3019,2.719975,1.038705,1.013300,0.786700,1112.000000,846937978.000000,1318204976.000000,234864640.000000,1568763904.000000,0.000600,0.000000,0.000000,0.000000,0.011600,0.000000,0.000000,0.000000,0.003700,0.000000
3020,2.721157,1.225397,1.394400,1.143900,1112.000000,846940202.000000,1318204976.000000,234864640.000000,1568763904.000000,0.341700,0.080700,0.011100,0.017700,0.010200,0.018200,0.017500,0.013300,0.005400,0.000000
3021,2.722001,0.853302,0.848700,0.766900,1112.000000,846944322.000000,1318204976.000000,234864640.000000,1568763904.000000,0.000600,0.000000,0.000000,0.000000,0.011300,0.000000,0.000000,0.000000,0.003200,0.000000
3022,2.722821,0.824199,0.827000,0.742400,1112.000000,846944346.000000,1318204976.000000,234864640.000000,1568763904.000000,0.000500,0.000000,0.000000,0.000000,0.011000,0.000000,0.000000,0.000000,0.003300,0.000000
3023,2.723775,0.939201,0.931000,0.849700,1112.000000,846944386.000000,1318204976.000000,234864640.000000,1568763904.000000,0.000600,0.000000,0.000000,0.000000,0.010800,0.000000,0.000000,0.000000,0.003100,0.000000
3024,2.724576,0.812798,0.817700,0.732300,1112.000000,846944834.000000,1318204976.000000,234864640.000000,1568763904.000000,0.000700,0.000000,0.000000,0.000000,0.011700,0.000000,0.000000,0.000000,0.003600,0.000000
3025,2.725338,0.766305,0.766600,0.688600,1112.000000,846944434.000000,1318204976.000000,234864640.000000,1568763904.000000,0.000600,0.000000,0.000000,0.000000,0.010300,0.000000,0.000000,0.000000,0.003200,0.000000
3026,2.726151,0.792099,0.783800,0.707200,1112.000000,846944458.000000,1318204976.000000,234864640.000000,1568763904.000000,0.000700,0.000000,0.000000,0.000000,0.011100,0.000000,0.000000,0.000000,0.003000,0.000000
3027,2.727012,0.874901,0.873000,0.789800,1112.000000,846956770.000000,1318204976.000000,234864640.000000,1568763904.000000,0.000600,0.000000,0.000000,0.000000,0.010600,0.000000,0.000000,0.000000,0.003200,0.000000
3028,2.727836,0.831498,0.832300,0.750000,1112.000000,846957642.000000,1318204976.000000,234864640.000000,1568763904.000000,0.000600,0.000000,0.000000,0.000000,0.010700,0.000000,0.000000,0.000000,0.003200,0.000000
3029,2.729088,1.244296,1.223700,1.142400,1112.000000,846956818.000000,1318204976.000000,234864640.000000,1568763904.000000,0.000600,0.000000,0.000000,0.000000,0.010400,0.000000,0.000000,0.000000,0.003400,0.000000
3030,2.729903,0.814505,0.827900,0.729300,1112.000000,846956842.000000,1318204976.000000,234864640.000000,1568763904.000000,0.000600,0.000000,0.000000,0.000000,0.011800,0.000000,0.000000,0.000000,0.003500,0.000000
3031,2.730751,0.843601,0.838200,0.754400,1112.000000,846956866.000000,1318204976.000000,234864640.000000,1568763904.000000,0.000600,0.000000,0.000000,0.000000,0.012000,0.000000,0.000000,0.000000,0.003500,0.000000
3032,2.731604,0.854195,0.852000,0.764700,1112.000000,846961410.000000,1318204976.000000,234864640.000000,1568763904.000000,0.000600,0.000000,0.000000,0.000000,0.011900,0.000000,0.000000,0.000000,0.003600,0.000000
3033,2.732498,0.889101,0.883000,0.795900,1112.000000,846961034.000000,1318204976.000000,234864640.000000,1568763904.000000,0.000700,0.000000,0.000000,0.000000,0.011100,0.000000,0.000000,0.000000,0.003400,0.000000
3034,2.733402,0.915901,0.920800,0.830100,1112.000000,846965130.000000,1318204976.000000,234864640.000000,1568763904.000000,0.000600,0.000000,0.000000,0.000000,0.011100,0.000000,0.000000,0.000000,0.003600,0.000000
3035,2.734219,0.819097,0.820500,0.738500,1112.000000,846965578.000000,1318204976.000000,234864640.000000,1568763904.000000,0.000500,0.000000,0.000000,0.000000,0.012900,0.000000,0.000000,0.000000,0.003200,0.000000
3036,2.735351,1.009503,0.997900,0.915900,1112.000000,846982418.000000,1318204976.000000,234864640.000000,1568763904.000000,0.000500,0.000000,0.000000,0.000000,0.013200,0.000000,0.000000,0.000000,0.003100,0.000000
3037,2.736410,1.155102,1.153500,1.064100,1112.000000,846965042.000000,1318204976.000000,234864640.000000,1568763904.000000,0.000700,0.000000,0.000000,0.000000,0.015800,0.000000,0.000000,0.000000,0.006500,0.000000
3038,2.737726,1.320996,1.317600,1.229100,1112.000000,846965578.000000,1318204976.000000,234864640.000000,1568763904.000000,0.331800,0.034700,0.011900,0.018000,0.034400,0.021600,0.019800,0.015100,0.003300,0.000000
3039,2.738611,0.897902,0.902500,0.814100,1112.000000,846965618.000000,1318204976.000000,234864640.000000,1568763904.000000,0.000600,0.000000,0.000000,0.000000,0.014500,0.000000,0.000000,0.000000,0.003700,0.000000
3040,2.739517,0.898399,0.891400,0.808300,1112.000000,846970162.000000,1318204976.000000,234864640.000000,1568763904.000000,0.000500,0.000000,0.000000,0.000000,0.013400,0.000000,0.000000,0.000000,0.003600,0.000000
3041,2.740613,1.084503,1.076400,0.987400,1112.000000,846969762.000000,1318204976.000000,234864640.000000,1568763904.000000,0.000600,0.000000,0.000000,0.000000,0.013600,0.000000,0.000000,0.000000,0.003800,0.000000
3042,2.741731,1.124298,1.120400,1.025900,1112.000000,846969402.000000,1318204976.000000,234864640.000000,1568763904.000000,0.000600,0.000000,0.000000,0.000000,0.011000,0.000000,0.000000,0.000000,0.004000,0.000000
3043,2.742679,0.901198,0.906000,0.811900,1112.000000,846969426.000000,1318204976.000000,234864640.000000,1568763904.000000,0.000600,0.000000,0.000000,0.000000,0.011600,0.000000,0.000000,0.000000,0.003700,0.000000
3044,2.743928,1.253203,1.225600,1.131200,1112.000000,846974394.000000,1318204976.000000,234864640.000000,1568763904.000000,0.000900,0.000000,0.000000,0.000000,0.023000,0.000000,0.000000,0.000000,0.008500,0.000000
3045,2.744968,1.081200,1.092800,0.984400,1112.000000,846973570.000000,1318204976.000000,234864640.000000,1568763904.000000,0.000700,0.000000,0.000000,0.000000,0.030600,0.000000,0.000000,0.000000,0.004800,0.000000
3046,2.745929,0.944799,0.942500,0.844600,1112.000000,846973594.000000,1318204976.000000,234864640.000000,1568763904.000000,0.000600,0.000000,0.000000,0.000000,0.012700,0.000000,0.000000,0.000000,0.003900,0.000000
3047,2.747329,1.316001,1.026700,0.929900,1112.000000,846977714.000000,1318204976.000000,234864640.000000,1568763904.000000,0.000600,0.000000,0.000000,0.000000,0.012900,0.000000,0.000000,0.000000,0.003900,0.000000
3048,2.748366,1.127799,1.417600,1.041900,1112.000000,846978162.000000,1318204976.000000,234864640.000000,1568763904.000000,0.000800,0.000000,0.000000,0.000000,0.043800,0.000000,0.000000,0.000000,0.006000,0.000000
3049,2.749355,1.012599,1.016600,0.925800,1112.000000,846978210.000000,1318204976.000000,234864640.000000,1568763904.000000,0.000600,0.000000,0.000000,0.000000,0.015900,0.000000,0.000000,0.000000,0.004300,0.000000
3050,2.750357,1.000503,0.998800,0.913000,1112.000000,846977786.000000,1318204976.000000,234864640.000000,1568763904.000000,0.000600,0.000000,0.000000,0.000000,0.012800,0.000000,0.000000,0.000000,0.003300,0.000000
3051,2.751474,1.035395,1.021000,0.932000,1112.000000,846978234.000000,1318204976.000000,234864640.000000,1568763904.000000,0.000600,0.000000,0.000000,0.000000,0.023000,0.000000,0.000000,0.000000,0.003900,0.000000
3052,2.752753,1.308702,1.291600,1.188900,1112.000000,846994386.000000,1318204976.000000,234864640.000000,1568763904.000000,0.001000,0.000000,0.000000,0.000000,0.014500,0.000000,0.000000,0.000000,0.007600,0.000000
3053,2.754299,1.561402,1.567100,1.453900,1112.000000,846981802.000000,1318204976.000000,234864640.000000,1568763904.000000,0.354200,0.076800,0.012400,0.019800,0.011100,0.022500,0.019700,0.015800,0.004000,0.000000
3054,2.755360,1.082200,1.091400,0.988800,1112.000000,846981826.000000,1318204976.000000,234864640.000000,1568763904.000000,0.000800,0.000000,0.000000,0.000000,0.013500,0.000000,0.000000,0.000000,0.004500,0.000000
3055,2.756606,1.214902,1.201400,1.107100,1112.000000,846981850.000000,1318204976.000000,234864640.000000,1568763904.000000,0.000600,0.000000,0.000000,0.000000,0.013100,0.000000,0.000000,0.000000,0.003800,0.000000
3056,2.758124,1.510296,1.332700,1.225600,1112.000000,846981890.000000,1318204976.000000,234864640.000000,1568763904.000000,0.000600,0.000000,0.000000,0.000000,0.058600,0.000000,0.000000,0.000000,0.004500,0.000000
3057,2.759123,1.035403,1.211600,0.954700,1112.000000,846982338.000000,1318204976.000000,234864640.000000,1568763904.000000,0.000600,0.000000,0.000000,0.000000,0.014800,0.000000,0.000000,0.000000,0.004700,0.000000
3058,2.760227,1.109595,1.114200,1.016500,1112.000000,846981938.000000,1318204976.000000,234864640.000000,1568763904.000000,0.000700,0.000000,0.000000,0.000000,0.012800,0.000000,0.000000,0.000000,0.003500,0.000000
3059,2.761148,0.922102,0.919900,0.830500,1112.000000,846986058.000000,1318204976.000000,234864640.000000,1568763904.000000,0.000500,0.000000,0.000000,0.000000,0.012500,0.000000,0.000000,0.000000,0.003100,0.000000
3060,2.762299,1.143098,1.138300,1.046900,1112.000000,846986082.000000,1318204976.000000,234864640.000000,1568763904.000000,0.000600,0.000000,0.000000,0.000000,0.012900,0.000000,0.000000,0.000000,0.003400,0.000000
3061,2.763235,0.948002,0.946100,0.853700,1112.000000,846991178.000000,1318204976.000000,234864640.000000,1568763904.000000,0.000600,0.000000,0.000000,0.000000,0.012700,0.000000,0.000000,0.000000,0.003600,0.000000
3062,2.764139,0.909503,0.911300,0.819400,1112.000000,846990354.000000,1318204976.000000,234864640.000000,1568763904.000000,0.000600,0.000000,0.000000,0.000000,0.011900,0.000000,0.000000,0.000000,0.003600,0.000000
3063,2.765185,1.038698,1.035700,0.947400,1112.000000,846990378.000000,1318204976.000000,234864640.000000,1568763904.000000,0.000700,0.000000,0.000000,0.000000,0.023200,0.000000,0.000000,0.000000,0.003700,0.000000
3064,2.766205,1.007100,1.003100,0.915100,1112.000000,846990530.000000,1318204976.000000,234864640.000000,1568763904.000000,0.000600,0.000000,0.000000,0.000000,0.011800,0.000000,0.000000,0.000000,0.003700,0.000000
3065,2.767681,1.407604,1.256300,1.159400,1112.000000,846990978.000000,1318204976.000000,234864640.000000,1568763904.000000,0.000600,0.000000,0.000000,0.000000,0.012400,0.000000,0.000000,0.000000,0.003700,0.000000
3066,2.768687,1.080499,1.224200,0.990200,1112.000000,846994674.000000,1318204976.000000,234864640.000000,1568763904.000000,0.000800,0.000000,0.000000,0.000000,0.013100,0.000000,0.000000,0.000000,0.005000,0.000000
3067,2.769591,0.916397,0.919400,0.826300,1112.000000,846994698.000000,1318204976.000000,234864640.000000,1568763904.000000,0.000700,0.000000,0.000000,0.000000,0.013000,0.000000,0.000000,0.000000,0.003900,0.000000
3068,2.770872,1.260601,1.258700,1.170600,1112.000000,846996082.000000,1318204976.000000,234864640.000000,1568763904.000000,0.357200,0.037100,0.012700,0.020200,0.012600,0.021300,0.020100,0.018100,0.003700,0.000000
3069,2.771875,1.010700,1.005700,0.917300,1112.000000,847012234.000000,1318204976.000000,234864640.000000,1568763904.000000,0.000700,0.000000,0.000000,0.000000,0.015900,0.000000,0.000000,0.000000,0.003800,0.000000
3070,2.772868,0.954698,0.934800,0.844100,1112.000000,846995306.000000,1318204976.000000,234864640.000000,1568763904.000000,0.000600,0.000000,0.000000,0.000000,0.014400,0.000000,0.000000,0.000000,0.003400,0.000000
3071,2.774247,1.389201,1.045700,0.940800,1112.000000,846995330.000000,1318204976.000000,234864640.000000,1568763904.000000,0.000700,0.000000,0.000000,0.000000,0.014600,0.000000,0.000000,0.000000,0.004600,0.000000
3072,2.775270,1.044402,1.394500,0.948700,1112.000000,846998674.000000,1318204976.000000,234864640.000000,1568763904.000000,0.000700,0.000000,0.000000,0.000000,0.012300,0.000000,0.000000,0.000000,0.004200,0.000000
3073,2.776269,1.001198,1.001500,0.905700,1112.000000,846999122.000000,1318204976.000000,234864640.000000,1568763904.000000,0.000600,0.000000,0.000000,0.000000,0.012500,0.000000,0.000000,0.000000,0.003800,0.000000
3074,2.777177,0.919104,0.920300,0.825300,1112.000000,846998722.000000,1318204976.000000,234864640.000000,1568763904.000000,0.000600,0.000000,0.000000,0.000000,0.013400,0.000000,0.000000,0.000000,0.003900,0.000000
3075,2.778098,0.926396,0.926500,0.836500,1112.000000,846998746.000000,1318204976.000000,234864640.000000,1568763904.000000,0.000600,0.000000,0.000000,0.000000,0.011700,0.000000,0.000000,0.000000,0.003400,0.000000
3076,2.778984,0.883199,0.880500,0.792800,1112.000000,846998770.000000,1318204976.000000,234864640.000000,1568763904.000000,0.000600,0.000000,0.000000,0.000000,0.012100,0.000000,0.000000,0.000000,0.003600,0.000000
3077,2.780154,1.174603,1.156600,1.068400,1112.000000,846999642.000000,1318204976.000000,234864640.000000,1568763904.000000,0.000700,0.000000,0.000000,0.000000,0.012300,0.000000,0.000000,0.000000,0.003600,0.000000
3078,2.781045,0.889697,0.901600,0.798600,1112.000000,847002914.000000,1318204976.000000,234864640.000000,1568763904.000000,0.000700,0.000000,0.000000,0.000000,0.011500,0.000000,0.000000,0.000000,0.003500,0.000000
3079,2.782094,1.008107,0.988100,0.893500,1112.000000,847007034.000000,1318204976.000000,234864640.000000,1568763904.000000,0.000600,0.000000,0.000000,0.000000,0.011600,0.000000,0.000000,0.000000,0.003500,0.000000
3080,2.783177,1.098398,1.105500,0.996600,1112.000000,847007058.000000,1318204976.000000,234864640.000000,1568763904.000000,0.000700,0.000000,0.000000,0.000000,0.014000,0.000000,0.000000,0.000000,0.004100,0.000000
3081,2.784171,1.001701,0.993800,0.896100,1112.000000,847007506.000000,1318204976.000000,234864640.000000,1568763904.000000,0.000700,0.000000,0.000000,0.000000,0.012900,0.000000,0.000000,0.000000,0.004500,0.000000
3082,2.785286,1.116497,1.118800,1.009600,1112.000000,847007530.000000,1318204976.000000,234864640.000000,1568763904.000000,0.000600,0.000000,0.000000,0.000000,0.013600,0.000000,0.000000,0.000000,0.003600,0.000000
3083,2.786294,1.000198,1.006100,0.910400,1112.000000,847007130.000000,1318204976.000000,234864640.000000,1568763904.000000,0.000700,0.000000,0.000000,0.000000,0.012900,0.000000,0.000000,0.000000,0.003900,0.000000
3084,2.787635,1.338804,1.326500,1.236200,1112.000000,847007962.000000,1318204976.000000,234864640.000000,1568763904.000000,0.310700,0.041800,0.011500,0.020300,0.011400,0.021300,0.018800,0.020800,0.003800,0.000000
3085,2.788911,1.288698,1.286700,1.186000,1112.000000,847028690.000000,1318204976.000000,234864640.000000,1568763904.000000,0.000600,0.000000,0.000000,0.000000,0.016900,0.000000,0.000000,0.000000,0.003700,0.000000
3086,2.790145,1.220103,0.935200,0.839000,1112.000000,847011762.000000,1318204976.000000,234864640.000000,1568763904.000000,0.000600,0.000000,0.000000,0.000000,0.015100,0.000000,0.000000,0.000000,0.003600,0.000000
3087,2.791167,1.030697,1.313200,0.932600,1112.000000,847011786.000000,1318204976.000000,234864640.000000,1568763904.000000,0.000700,0.000000,0.000000,0.000000,0.014600,0.000000,0.000000,0.000000,0.003900,0.000000
3088,2.792352,1.126701,1.101000,0.998700,1112.000000,847011026.000000,1318204976.000000,234864640.000000,1568763904.000000,0.000800,0.000000,0.000000,0.000000,0.012900,0.000000,0.000000,0.000000,0.004000,0.000000
3089,2.793930,1.602402,1.571300,1.450600,1112.000000,847011602.000000,1318204976.000000,234864640.000000,1568763904.000000,0.000600,0.000000,0.000000,0.000000,0.039600,0.000000,0.000000,0.000000,0.005500,0.000000
3090,2.795124,1.208298,1.088000,0.945500,1112.000000,847011202.000000,1318204976.000000,234864640.000000,1568763904.000000,0.000800,0.000000,0.000000,0.000000,0.013900,0.000000,0.000000,0.000000,0.004600,0.000000
3091,2.796130,1.028501,1.194700,0.932900,1112.000000,847015322.000000,1318204976.000000,234864640.000000,1568763904.000000,0.000700,0.000000,0.000000,0.000000,0.012200,0.000000,0.000000,0.000000,0.003900,0.000000
3092,2.797086,0.964399,0.955600,0.862800,1112.000000,847015346.000000,1318204976.000000,234864640.000000,1568763904.000000,0.000600,0.000000,0.000000,0.000000,0.013000,0.000000,0.000000,0.000000,0.004100,0.000000
3093,2.798118,1.032802,1.042800,0.940600,1112.000000,847016218.000000,1318204976.000000,234864640.000000,1568763904.000000,0.000700,0.000000,0.000000,0.000000,0.012700,0.000000,0.000000,0.000000,0.003800,0.000000
3094,2.799133,1.005300,0.999900,0.909100,1112.000000,847015394.000000,1318204976.000000,234864640.000000,1568763904.000000,0.000700,0.000000,0.000000,0.000000,0.012200,0.000000,0.000000,0.000000,0.004000,0.000000
3095,2.800055,0.936600,0.938300,0.846500,1112.000000,847019514.000000,1318204976.000000,234864640.000000,1568763904.000000,0.000600,0.000000,0.000000,0.000000,0.013900,0.000000,0.000000,0.000000,0.003700,0.000000
3096,2.800954,0.900694,0.897400,0.808900,1112.000000,847024058.000000,1318204976.000000,234864640.000000,1568763904.000000,0.000600,0.000000,0.000000,0.000000,0.013800,0.000000,0.000000,0.000000,0.003400,0.000000
3097,2.801937,0.970004,0.959300,0.867200,1112.000000,847024090.000000,1318204976.000000,234864640.000000,1568763904.000000,0.000700,0.000000,0.000000,0.000000,0.014100,0.000000,0.000000,0.000000,0.003300,0.000000
3098,2.803535,1.575198,1.564500,1.461800,1112.000000,847027786.000000,1318204976.000000,234864640.000000,1568763904.000000,0.000600,0.000000,0.000000,0.000000,0.012600,0.000000,0.000000,0.000000,0.004100,0.000000
3099,2.804775,1.259297,1.267900,1.162300,1112.000000,847028738.000000,1318204976.000000,234864640.000000,1568763904.000000,0.302700,0.041500,0.013700,0.020000,0.010800,0.018600,0.018100,0.021900,0.003700,0.000000
3100,2.805678,0.917701,0.921100,0.827800,1112.000000,847028762.000000,1318204976.000000,234864640.000000,1568763904.000000,0.000700,0.000000,0.000000,0.000000,0.013900,0.000000,0.000000,0.000000,0.003800,0.000000
3101,2.807024,1.144700,0.971700,0.879100,1112.000000,847045626.000000,1318204976.000000,234864640.000000,1568763904.000000,0.000500,0.000000,0.000000,0.000000,0.014500,0.000000,0.000000,0.000000,0.003200,0.000000
3102,2.808582,1.701304,1.754200,1.487100,1112.000000,847028698.000000,1318204976.000000,234864640.000000,1568763904.000000,0.000900,0.000000,0.000000,0.000000,0.024700,0.000000,0.000000,0.000000,0.007700,0.000000
3103,2.809569,1.029698,1.137400,0.941900,1112.000000,847027794.000000,1318204976.000000,234864640.000000,1568763904.000000,0.000700,0.000000,0.000000,0.000000,0.013100,0.000000,0.000000,0.000000,0.004700,0.000000
3104,2.810441,0.890802,0.897600,0.806600,1112.000000,847031954.000000,1318204976.000000,234864640.000000,1568763904.000000,0.000600,0.000000,0.000000,0.000000,0.012100,0.000000,0.000000,0.000000,0.003600,0.000000
3105,2.811299,0.860601,0.855000,0.768200,1112.000000,847032378.000000,1318204976.000000,234864640.000000,1568763904.000000,0.000600,0.000000,0.000000,0.000000,0.011900,0.000000,0.000000,0.000000,0.003400,0.000000
3106,2.812188,0.892595,0.893200,0.806400,1112.000000,847031978.000000,1318204976.000000,234864640.000000,1568763904.000000,0.000600,0.000000,0.000000,0.000000,0.011500,0.000000,0.000000,0.000000,0.003400,0.000000
3107,2.813024,0.833900,0.832400,0.749200,1112.000000,847032002.000000,1318204976.000000,234864640.000000,1568763904.000000,0.000700,0.000000,0.000000,0.000000,0.011000,0.000000,0.000000,0.000000,0.003500,0.000000
3108,2.813844,0.823902,0.818900,0.736500,1112.000000,847032026.000000,1318204976.000000,234864640.000000,1568763904.000000,0.000600,0.000000,0.000000,0.000000,0.011700,0.000000,0.000000,0.000000,0.003200,0.000000
3109,2.815092,1.224398,0.913400,0.823900,1112.000000,847033026.000000,1318204976.000000,234864640.000000,1568763904.000000,0.000500,0.000000,0.000000,0.000000,0.012000,0.000000,0.000000,0.000000,0.003500,0.000000
3110,2.816017,0.937904,1.236000,0.845300,1112.000000,847032626.000000,1318204976.000000,234864640.000000,1568763904.000000,0.000600,0.000000,0.000000,0.000000,0.013800,0.000000,0.000000,0.000000,0.003800,0.000000
3111,2.816919,0.898200,0.891400,0.797500,1112.000000,847036322.000000,1318204976.000000,234864640.000000,1568763904.000000,0.000600,0.000000,0.000000,0.000000,0.013400,0.000000,0.000000,0.000000,0.003900,0.000000
3112,2.817808,0.899596,0.910600,0.813300,1112.000000,847044538.000000,1318204976.000000,234864640.000000,1568829440.000000,0.000700,0.000000,0.000000,0.000000,0.012800,0.000000,0.000000,0.000000,0.003700,0.000000
3113,2.818645,0.838202,0.835000,0.751100,1112.000000,847044994.000000,1318204976.000000,234864640.000000,1568829440.000000,0.000600,0.000000,0.000000,0.000000,0.013000,0.000000,0.000000,0.000000,0.003400,0.000000
3114,2.819447,0.803798,0.805500,0.722200,1112.000000,847045042.000000,1318204976.000000,234864640.000000,1568829440.000000,0.000600,0.000000,0.000000,0.000000,0.013700,0.000000,0.000000,0.000000,0.003600,0.000000
3115,2.820568,1.114201,1.107800,1.026000,1112.000000,847045714.000000,1318204976.000000,234864640.000000,1568829440.000000,0.273900,0.035400,0.011500,0.018000,0.011200,0.019500,0.018200,0.014500,0.003500,0.000000
3116,2.821471,0.895805,0.893600,0.808200,1112.000000,847045738.000000,1318204976.000000,234864640.000000,1568829440.000000,0.000600,0.000000,0.000000,0.000000,0.014000,0.000000,0.000000,0.000000,0.003600,0.000000
3117,2.822673,1.068296,1.052700,0.963700,1112.000000,847062555.000000,1318204976.000000,234864640.000000,1568837632.000000,0.000600,0.000000,0.000000,0.000000,0.015400,0.000000,0.000000,0.000000,0.003100,0.000000
3118,2.824587,1.951198,1.938400,1.832300,1112.000000,847045627.000000,1318204976.000000,234864640.000000,1568837632.000000,0.000500,0.000000,0.000000,0.000000,0.017600,0.000000,0.000000,0.000000,0.007000,0.000000
3119,2.825755,1.143601,1.156800,1.047100,1112.000000,847044555.000000,1318204976.000000,234864640.000000,1568837632.000000,0.000700,0.000000,0.000000,0.000000,0.013500,0.000000,0.000000,0.000000,0.004600,0.000000
3120,2.826759,1.105102,1.105800,1.012700,1112.000000,847044595.000000,1318204976.000000,234864640.000000,1568837632.000000,0.000700,0.000000,0.000000,0.000000,0.013000,0.000000,0.000000,0.000000,0.005300,0.000000
3121,2.827680,0.947598,0.950100,0.859100,1112.000000,847045043.000000,1318204976.000000,234864640.000000,1568837632.000000,0.000700,0.000000,0.000000,0.000000,0.012800,0.000000,0.000000,0.000000,0.003900,0.000000
3122,2.828996,1.315703,1.263800,1.177300,1112.000000,847044643.000000,1318204976.000000,234864640.000000,1568837632.000000,0.000700,0.000000,0.000000,0.000000,0.012300,0.000000,0.000000,0.000000,0.003400,0.000000
3123,2.829945,0.940703,0.985800,0.850700,1112.000000,847048763.000000,1318204976.000000,234864640.000000,1568837632.000000,0.000600,0.000000,0.000000,0.000000,0.012000,0.000000,0.000000,0.000000,0.003500,0.000000
3124,2.831239,1.223994,1.069900,0.979900,1112.000000,847049211.000000,1318204976.000000,234864640.000000,1568837632.000000,0.000600,0.000000,0.000000,0.000000,0.014000,0.000000,0.000000,0.000000,0.003700,0.000000
3125,2.832650,1.423902,1.540300,1.296600,1112.000000,847049795.000000,1318204976.000000,234864640.000000,1568837632.000000,0.000800,0.000000,0.000000,0.000000,0.031300,0.000000,0.000000,0.000000,0.005500,0.000000
3126,2.833687,1.081101,1.100800,0.980000,1112.000000,847048971.000000,1318204976.000000,234864640.000000,1568837632.000000,0.000700,0.000000,0.000000,0.000000,0.014400,0.000000,0.000000,0.000000,0.004300,0.000000
3127,2.834707,1.018601,1.008700,0.906500,1112.000000,847048995.000000,1318204976.000000,234864640.000000,1568837632.000000,0.000600,0.000000,0.000000,0.000000,0.012600,0.000000,0.000000,0.000000,0.004100,0.000000
3128,2.835701,1.000801,1.012700,0.908800,1112.000000,847049019.000000,1318204976.000000,234864640.000000,1568837632.000000,0.000600,0.000000,0.000000,0.000000,0.011900,0.000000,0.000000,0.000000,0.004200,0.000000
3129,2.836629,0.937401,0.933800,0.842600,1112.000000,847053987.000000,1318204976.000000,234864640.000000,1568837632.000000,0.000700,0.000000,0.000000,0.000000,0.014100,0.000000,0.000000,0.000000,0.004000,0.000000
3130,2.837832,1.204500,1.202400,1.109300,1112.000000,847058435.000000,1318204976.000000,234864640.000000,1568837632.000000,0.279900,0.036700,0.011500,0.017900,0.011000,0.022000,0.018700,0.014900,0.003500,0.000000
3131,2.838967,1.129500,0.896800,0.805400,1112.000000,847058459.000000,1318204976.000000,234864640.000000,1568837632.000000,0.000500,0.000000,0.000000,0.000000,0.013800,0.000000,0.000000,0.000000,0.003800,0.000000
3132,2.839846,0.891801,1.124900,0.806400,1112.000000,847058483.000000,1318204976.000000,234864640.000000,1568837632.000000,0.000500,0.000000,0.000000,0.000000,0.014000,0.000000,0.000000,0.000000,0.003400,0.000000
3133,2.840950,1.082596,1.072200,0.979300,1112.000000,847075059.000000,1318204976.000000,234864640.000000,1568837632.000000,0.000600,0.000000,0.000000,0.000000,0.014100,0.000000,0.000000,0.000000,0.003000,0.000000
3134,2.841854,0.918403,0.920200,0.825600,1112.000000,847056955.000000,1318204976.000000,234864640.000000,1568837632.000000,0.000600,0.000000,0.000000,0.000000,0.011500,0.000000,0.000000,0.000000,0.003700,0.000000
3135,2.842737,0.880995,0.882300,0.791600,1112.000000,847056979.000000,1318204976.000000,234864640.000000,1568837632.000000,0.000700,0.000000,0.000000,0.000000,0.011800,0.000000,0.000000,0.000000,0.003600,0.000000
3136,2.843623,0.898703,0.899700,0.812700,1112.000000,847061115.000000,1318204976.000000,234864640.000000,1568837632.000000,0.000600,0.000000,0.000000,0.000000,0.011800,0.000000,0.000000,0.000000,0.003300,0.000000
3137,2.844430,0.809999,0.811600,0.729000,1112.000000,847061563.000000,1318204976.000000,234864640.000000,1568837632.000000,0.000600,0.000000,0.000000,0.000000,0.011400,0.000000,0.000000,0.000000,0.003200,0.000000
3138,2.845293,0.863598,0.860200,0.781000,1112.000000,847061587.000000,1318204976.000000,234864640.000000,1568837632.000000,0.000500,0.000000,0.000000,0.000000,0.012900,0.000000,0.000000,0.000000,0.003500,0.000000
3139,2.846128,0.817503,0.817300,0.736900,1112.000000,847061203.000000,1318204976.000000,234864640.000000,1568837632.000000,0.000500,0.000000,0.000000,0.000000,0.012100,0.000000,0.000000,0.000000,0.003200,0.000000
3140,2.846977,0.863598,0.856200,0.777500,1112.000000,847061211.000000,1318204976.000000,234864640.000000,1568837632.000000,0.000600,0.000000,0.000000,0.000000,0.011400,0.000000,0.000000,0.000000,0.003300,0.000000
3141,2.847842,0.856803,0.853400,0.768400,1112.000000,847062091.000000,1318204976.000000,234864640.000000,1568837632.000000,0.000500,0.000000,0.000000,0.000000,0.012900,0.000000,0.000000,0.000000,0.003300,0.000000
3142,2.848682,0.846400,0.844300,0.759200,1112.000000,847061267.000000,1318204976.000000,234864640.000000,1568837632.000000,0.000500,0.000000,0.000000,0.000000,0.011100,0.000000,0.000000,0.000000,0.003200,0.000000
3143,2.849488,0.810998,0.813700,0.728500,1112.000000,847065387.000000,1318204976.000000,234864640.000000,1568837632.000000,0.000500,0.000000,0.000000,0.000000,0.011200,0.000000,0.000000,0.000000,0.003100,0.000000
3144,2.850303,0.821400,0.806900,0.726000,1112.000000,847065835.000000,1318204976.000000,234864640.000000,1568837632.000000,0.000500,0.000000,0.000000,0.000000,0.012400,0.000000,0.000000,0.000000,0.003100,0.000000
3145,2.851101,0.786997,0.797400,0.705100,1164.000000,847065859.000000,1318204976.000000,234864640.000000,1568837632.000000,0.000500,0.000000,0.000000,0.000000,0.011000,0.000000,0.000000,0.000000,0.003200,0.000000
3146,2.851940,0.839505,0.835500,0.755000,1112.000000,847069555.000000,1318204976.000000,234864640.000000,1568837632.000000,0.000500,0.000000,0.000000,0.000000,0.010500,0.000000,0.000000,0.000000,0.003600,0.000000
3147,2.852792,0.854698,0.852200,0.769100,1112.000000,847069579.000000,1318204976.000000,234864640.000000,1568837632.000000,0.000600,0.000000,0.000000,0.000000,0.011000,0.000000,0.000000,0.000000,0.003100,0.000000
3148,2.853978,1.173902,1.169700,1.085900,1112.000000,847071315.000000,1318204976.000000,234864640.000000,1568837632.000000,0.313500,0.033200,0.012900,0.020300,0.011300,0.020500,0.017700,0.023300,0.003400,0.000000
3149,2.854939,0.951701,0.875800,0.790400,1112.000000,847091979.000000,1318204976.000000,234864640.000000,1568837632.000000,0.000600,0.000000,0.000000,0.000000,0.013600,0.000000,0.000000,0.000000,0.003600,0.000000
3150,2.855811,0.855797,0.926800,0.768000,1112.000000,847075051.000000,1318204976.000000,234864640.000000,1568837632.000000,0.000700,0.000000,0.000000,0.000000,0.013500,0.000000,0.000000,0.000000,0.003400,0.000000
3151,2.856791,0.975404,0.957900,0.868500,1112.000000,847075075.000000,1318204976.000000,234864640.000000,1568837632.000000,0.000600,0.000000,0.000000,0.000000,0.013100,0.000000,0.000000,0.000000,0.005600,0.000000
3152,2.857766,0.983099,0.985700,0.883200,1112.000000,847073835.000000,1318204976.000000,234864640.000000,1568837632.000000,0.000700,0.000000,0.000000,0.000000,0.016200,0.000000,0.000000,0.000000,0.004000,0.000000
3153,2.858711,0.966900,0.973500,0.877400,1112.000000,847073859.000000,1318204976.000000,234864640.000000,1568837632.000000,0.000600,0.000000,0.000000,0.000000,0.013200,0.000000,0.000000,0.000000,0.003400,0.000000
3154,2.859531,0.831200,0.837000,0.750100,1112.000000,847073459.000000,1318204976.000000,234864640.000000,1568837632.000000,0.000700,0.000000,0.000000,0.000000,0.012200,0.000000,0.000000,0.000000,0.003200,0.000000
3155,2.860327,0.804500,0.803100,0.724300,1112.000000,847077595.000000,1318204976.000000,234864640.000000,1568837632.000000,0.000600,0.000000,0.000000,0.000000,0.010800,0.000000,0.000000,0.000000,0.003200,0.000000
3156,2.861222,0.843098,0.823500,0.741400,1112.000000,847077603.000000,1318204976.000000,234864640.000000,1568837632.000000,0.000500,0.000000,0.000000,0.000000,0.011000,0.000000,0.000000,0.000000,0.003100,0.000000
3157,2.862098,0.913102,0.925000,0.830900,1112.000000,847078483.000000,1318204976.000000,234864640.000000,1568837632.000000,0.000700,0.000000,0.000000,0.000000,0.013600,0.000000,0.000000,0.000000,0.004100,0.000000
3158,2.863095,0.989796,0.983600,0.900500,1112.000000,847077659.000000,1318204976.000000,234864640.000000,1568837632.000000,0.000600,0.000000,0.000000,0.000000,0.011700,0.000000,0.000000,0.000000,0.003400,0.000000
3159,2.863967,0.873498,0.866300,0.779300,1112.000000,847078107.000000,1318204976.000000,234864640.000000,1568837632.000000,0.000700,0.000000,0.000000,0.000000,0.013200,0.000000,0.000000,0.000000,0.003800,0.000000
3160,2.864836,0.869005,0.873800,0.782800,1112.000000,847081803.000000,1318204976.000000,234864640.000000,1568837632.000000,0.000600,0.000000,0.000000,0.000000,0.012800,0.000000,0.000000,0.000000,0.003700,0.000000
3161,2.865664,0.842297,0.840200,0.756400,1112.000000,847082251.000000,1318204976.000000,234864640.000000,1568837632.000000,0.000600,0.000000,0.000000,0.000000,0.012000,0.000000,0.000000,0.000000,0.003400,0.000000
3162,2.866666,0.973498,0.861700,0.777700,1112.000000,847085947.000000,1318204976.000000,234864640.000000,1568837632.000000,0.000500,0.000000,0.000000,0.000000,0.010500,0.000000,0.000000,0.000000,0.003400,0.000000
3163,2.867535,0.891702,1.000300,0.806700,1112.000000,847090180.000000,1318204976.000000,234864640.000000,1568849920.000000,0.000500,0.000000,0.000000,0.000000,0.011300,0.000000,0.000000,0.000000,0.003400,0.000000
3164,2.868526,0.992602,0.992700,0.910100,1112.000000,847099932.000000,1318204976.000000,234864640.000000,1568849920.000000,0.000500,0.000000,0.000000,0.000000,0.011000,0.000000,0.000000,0.000000,0.003100,0.000000
3165,2.869379,0.855697,0.851300,0.770400,1112.000000,847117548.000000,1318204976.000000,234864640.000000,1568849920.000000,0.000600,0.000000,0.000000,0.000000,0.011300,0.000000,0.000000,0.000000,0.003200,0.000000
3166,2.870454,1.074603,1.075400,0.993000,1112.000000,847102452.000000,1318204976.000000,234864640.000000,1568849920.000000,0.270500,0.035900,0.011200,0.018200,0.011800,0.019700,0.017500,0.014500,0.003500,0.000000
3167,2.871336,0.808999,0.807500,0.728000,1112.000000,847102052.000000,1318204976.000000,234864640.000000,1568849920.000000,0.000600,0.000000,0.000000,0.000000,0.014000,0.000000,0.000000,0.000000,0.003200,0.000000
3168,2.872271,0.989300,0.977300,0.895200,1112.000000,847106188.000000,1318204976.000000,234864640.000000,1568849920.000000,0.000600,0.000000,0.000000,0.000000,0.013500,0.000000,0.000000,0.000000,0.005600,0.000000
3169,2.873235,0.967297,0.967000,0.877400,1112.000000,847106636.000000,1318204976.000000,234864640.000000,1568849920.000000,0.000600,0.000000,0.000000,0.000000,0.014500,0.000000,0.000000,0.000000,0.003800,0.000000
3170,2.874255,1.019104,1.014100,0.925900,1112.000000,847104828.000000,1318204976.000000,234864640.000000,1568849920.000000,0.000500,0.000000,0.000000,0.000000,0.012200,0.000000,0.000000,0.000000,0.003400,0.000000
3171,2.875313,1.069196,1.073300,0.983800,1112.000000,847104868.000000,1318204976.000000,234864640.000000,1568849920.000000,0.000700,0.000000,0.000000,0.000000,0.012600,0.000000,0.000000,0.000000,0.003700,0.000000
3172,2.876310,0.990497,0.983600,0.898500,1112.000000,847104876.000000,1318204976.000000,234864640.000000,1568849920.000000,0.000700,0.000000,0.000000,0.000000,0.011500,0.000000,0.000000,0.000000,0.003400,0.000000
3173,2.877334,1.027700,1.028000,0.928800,1112.000000,847105756.000000,1318204976.000000,234864640.000000,1568849920.000000,0.000600,0.000000,0.000000,0.000000,0.013500,0.000000,0.000000,0.000000,0.003500,0.000000
3174,2.878331,0.972704,0.966200,0.879500,1112.000000,847105356.000000,1318204976.000000,234864640.000000,1568849920.000000,0.000700,0.000000,0.000000,0.000000,0.013600,0.000000,0.000000,0.000000,0.003600,0.000000
3175,2.879560,1.248299,1.076500,0.977800,1112.000000,847109052.000000,1318204976.000000,234864640.000000,1568849920.000000,0.000700,0.000000,0.000000,0.000000,0.012300,0.000000,0.000000,0.000000,0.004700,0.000000
3176,2.880518,0.965703,1.137200,0.880200,1112.000000,847109076.000000,1318204976.000000,234864640.000000,1568849920.000000,0.000600,0.000000,0.000000,0.000000,0.011100,0.000000,0.000000,0.000000,0.003800,0.000000
3177,2.881435,0.918197,0.899700,0.814300,1112.000000,847109524.000000,1318204976.000000,234864640.000000,1568849920.000000,0.000600,0.000000,0.000000,0.000000,0.012000,0.000000,0.000000,0.000000,0.003600,0.000000
3178,2.882382,0.936699,0.946400,0.845100,1112.000000,847109124.000000,1318204976.000000,234864640.000000,1568849920.000000,0.000600,0.000000,0.000000,0.000000,0.011100,0.000000,0.000000,0.000000,0.003200,0.000000
3179,2.883388,0.994799,0.995200,0.906900,1112.000000,847109148.000000,1318204976.000000,234864640.000000,1568849920.000000,0.000500,0.000000,0.000000,0.000000,0.011500,0.000000,0.000000,0.000000,0.003800,0.000000
3180,2.884319,0.921599,0.917900,0.830700,1112.000000,847113284.000000,1318204976.000000,234864640.000000,1568915456.000000,0.000600,0.000000,0.000000,0.000000,0.011700,0.000000,0.000000,0.000000,0.003700,0.000000
3181,2.885248,0.960601,0.961800,0.876800,1112.000000,847134100.000000,1318204976.000000,234864640.000000,1568915456.000000,0.000700,0.000000,0.000000,0.000000,0.012800,0.000000,0.000000,0.000000,0.004800,0.000000
3182,2.886087,0.822704,0.821900,0.740400,1112.000000,847117596.000000,1318204976.000000,234864640.000000,1568915456.000000,0.000600,0.000000,0.000000,0.000000,0.013100,0.000000,0.000000,0.000000,0.003400,0.000000
3183,2.887342,1.245401,1.200500,1.115300,1112.000000,847118732.000000,1318204976.000000,234864640.000000,1568915456.000000,0.278500,0.036900,0.011000,0.018100,0.011400,0.020300,0.018100,0.016500,0.003500,0.000000
3184,2.888214,0.897399,0.933200,0.810700,1112.000000,847118772.000000,1318204976.000000,234864640.000000,1568915456.000000,0.000600,0.000000,0.000000,0.000000,0.014800,0.000000,0.000000,0.000000,0.003700,0.000000
3185,2.889130,0.908496,0.913300,0.828200,1112.000000,847119372.000000,1318204976.000000,234864640.000000,1568915456.000000,0.000600,0.000000,0.000000,0.000000,0.015200,0.000000,0.000000,0.000000,0.003200,0.000000
3186,2.889973,0.846499,0.839200,0.760400,1112.000000,847118956.000000,1318204976.000000,234864640.000000,1568915456.000000,0.000500,0.000000,0.000000,0.000000,0.013400,0.000000,0.000000,0.000000,0.003100,0.000000
3187,2.891010,1.023002,1.014700,0.929300,1112.000000,847121556.000000,1318204976.000000,234864640.000000,1568915456.000000,0.000500,0.000000,0.000000,0.000000,0.011000,0.000000,0.000000,0.000000,0.003300,0.000000
3188,2.892065,1.035197,1.033700,0.942600,1112.000000,847121564.000000,1318204976.000000,234864640.000000,1568915456.000000,0.000600,0.000000,0.000000,0.000000,0.012600,0.000000,0.000000,0.000000,0.003700,0.000000
3189,2.892952,0.925205,0.927400,0.837900,1112.000000,847122860.000000,1318204976.000000,234864640.000000,1568915456.000000,0.000700,0.000000,0.000000,0.000000,0.013500,0.000000,0.000000,0.000000,0.003700,0.000000
3190,2.893805,0.857596,0.857900,0.774900,1112.000000,847121612.000000,1318204976.000000,234864640.000000,1568915456.000000,0.000600,0.000000,0.000000,0.000000,0.011400,0.000000,0.000000,0.000000,0.003400,0.000000
3191,2.894837,0.984800,0.818500,0.737000,1112.000000,847121636.000000,1318204976.000000,234864640.000000,1568915456.000000,0.000600,0.000000,0.000000,0.000000,0.010600,0.000000,0.000000,0.000000,0.003100,0.000000
3192,2.895724,0.929599,1.086200,0.845800,1112.000000,847121660.000000,1318204976.000000,234864640.000000,1568915456.000000,0.000500,0.000000,0.000000,0.000000,0.011700,0.000000,0.000000,0.000000,0.004300,0.000000
3193,2.896643,0.896606,0.887000,0.800100,1112.000000,847122108.000000,1318204976.000000,234864640.000000,1568915456.000000,0.000600,0.000000,0.000000,0.000000,0.011000,0.000000,0.000000,0.000000,0.003200,0.000000
3194,2.897523,0.883794,0.887700,0.794700,1112.000000,847125828.000000,1318204976.000000,234864640.000000,1568915456.000000,0.000700,0.000000,0.000000,0.000000,0.010900,0.000000,0.000000,0.000000,0.003700,0.000000
3195,2.898566,1.064605,1.069100,0.982900,1112.000000,847115044.000000,1318204976.000000,234864640.000000,1568915456.000000,0.000600,0.000000,0.000000,0.000000,0.010800,0.000000,0.000000,0.000000,0.003800,0.000000
3196,2.899422,0.843998,0.839100,0.759700,1112.000000,847115492.000000,1318204976.000000,234864640.000000,1568915456.000000,0.000500,0.000000,0.000000,0.000000,0.012600,0.000000,0.000000,0.000000,0.003300,0.000000
3197,2.900297,0.857901,0.855400,0.773300,1112.000000,847139836.000000,1318204976.000000,234864640.000000,1568915456.000000,0.000500,0.000000,0.000000,0.000000,0.012300,0.000000,0.000000,0.000000,0.003300,0.000000
3198,2.901178,0.912500,0.911900,0.826000,1112.000000,847122908.000000,1318204976.000000,234864640.000000,1568915456.000000,0.000600,0.000000,0.000000,0.000000,0.012000,0.000000,0.000000,0.000000,0.004100,0.000000
3199,2.902051,0.823299,0.819400,0.738300,1112.000000,847122932.000000,1318204976.000000,234864640.000000,1568915456.000000,0.000600,0.000000,0.000000,0.000000,0.010800,0.000000,0.000000,0.000000,0.002900,0.000000
3200,2.903005,0.989697,0.885800,0.802100,1112.000000,847127068.000000,1318204976.000000,234864640.000000,1568915456.000000,0.000700,0.000000,0.000000,0.000000,0.012100,0.000000,0.000000,0.000000,0.006000,0.000000
3201,2.904142,1.143502,1.243800,1.062400,1112.000000,847130604.000000,1318204976.000000,234864640.000000,1568915456.000000,0.299200,0.036000,0.010900,0.019800,0.011800,0.025100,0.020800,0.023200,0.003700,0.000000
3202,2.905065,0.921499,0.921000,0.839000,1112.000000,847130188.000000,1318204976.000000,234864640.000000,1568915456.000000,0.000500,0.000000,0.000000,0.000000,0.013400,0.000000,0.000000,0.000000,0.003400,0.000000
3203,2.905956,0.873399,0.843700,0.762600,1112.000000,847130228.000000,1318204976.000000,234864640.000000,1568915456.000000,0.000600,0.000000,0.000000,0.000000,0.013600,0.000000,0.000000,0.000000,0.003600,0.000000
3204,2.906874,0.910700,0.923300,0.813200,1112.000000,847130660.000000,1318204976.000000,234864640.000000,1568915456.000000,0.000600,0.000000,0.000000,0.000000,0.015100,0.000000,0.000000,0.000000,0.003500,0.000000
3205,2.908376,1.504401,1.493700,1.394500,1112.000000,847128044.000000,1318204976.000000,234864640.000000,1568915456.000000,0.000600,0.000000,0.000000,0.000000,0.015300,0.000000,0.000000,0.000000,0.004100,0.000000
3206,2.909244,0.891100,0.899000,0.795800,1112.000000,847127220.000000,1318204976.000000,234864640.000000,1568915456.000000,0.000700,0.000000,0.000000,0.000000,0.012900,0.000000,0.000000,0.000000,0.004200,0.000000
3207,2.910053,0.814605,0.823300,0.732000,1112.000000,847131340.000000,1318204976.000000,234864640.000000,1568915456.000000,0.000600,0.000000,0.000000,0.000000,0.011200,0.000000,0.000000,0.000000,0.003400,0.000000
3208,2.911004,0.929996,0.816800,0.736500,1112.000000,847131364.000000,1318204976.000000,234864640.000000,1568915456.000000,0.000600,0.000000,0.000000,0.000000,0.011000,0.000000,0.000000,0.000000,0.003400,0.000000
3209,2.912163,1.088400,1.181500,0.989300,1112.000000,847131812.000000,1318204976.000000,234864640.000000,1568915456.000000,0.000600,0.000000,0.000000,0.000000,0.011600,0.000000,0.000000,0.000000,0.003800,0.000000
3210,2.913115,1.033206,0.988600,0.892100,1112.000000,847131860.000000,1318204976.000000,234864640.000000,1568915456.000000,0.000700,0.000000,0.000000,0.000000,0.013800,0.000000,0.000000,0.000000,0.005200,0.000000
3211,2.914185,1.078798,1.077800,0.939500,1112.000000,847131436.000000,1318204976.000000,234864640.000000,1568915456.000000,0.000600,0.000000,0.000000,0.000000,0.012800,0.000000,0.000000,0.000000,0.003600,0.000000
3212,2.915156,0.971599,1.025900,0.889200,1112.000000,847131460.000000,1318204976.000000,234864640.000000,1568915456.000000,0.000500,0.000000,0.000000,0.000000,0.011400,0.000000,0.000000,0.000000,0.003300,0.000000
3213,2.916227,1.053203,1.049700,0.968600,1112.000000,847152132.000000,1318204976.000000,234864640.000000,1568915456.000000,0.000600,0.000000,0.000000,0.000000,0.011700,0.000000,0.000000,0.000000,0.003000,0.000000
3214,2.917122,0.903295,0.895800,0.811600,1112.000000,847139300.000000,1318204976.000000,234864640.000000,1568980992.000000,0.000600,0.000000,0.000000,0.000000,0.011800,0.000000,0.000000,0.000000,0.003800,0.000000
3215,2.918038,0.850702,0.852300,0.765500,1112.000000,847139324.000000,1318204976.000000,234864640.000000,1568980992.000000,0.000600,0.000000,0.000000,0.000000,0.011300,0.000000,0.000000,0.000000,0.003700,0.000000
3216,2.919005,1.030804,0.952800,0.868500,1112.000000,847139364.000000,1318204976.000000,234864640.000000,1568980992.000000,0.000700,0.000000,0.000000,0.000000,0.011300,0.000000,0.000000,0.000000,0.006200,0.000000
3217,2.919843,0.852395,0.929400,0.774700,1112.000000,847139828.000000,1318204976.000000,234864640.000000,1568980992.000000,0.000600,0.000000,0.000000,0.000000,0.012500,0.000000,0.000000,0.000000,0.003800,0.000000
3218,2.920930,1.061699,1.056200,0.976900,1112.000000,847140524.000000,1318204976.000000,234864640.000000,1568980992.000000,0.265200,0.036700,0.011600,0.017000,0.010300,0.018900,0.017100,0.013800,0.003500,0.000000
3219,2.921788,0.879103,0.878500,0.794700,1112.000000,847145084.000000,1318204976.000000,234864640.000000,1568980992.000000,0.000700,0.000000,0.000000,0.000000,0.014300,0.000000,0.000000,0.000000,0.003400,0.000000
3220,2.922638,0.852402,0.831700,0.750300,1112.000000,847144668.000000,1318204976.000000,234864640.000000,1568980992.000000,0.000600,0.000000,0.000000,0.000000,0.013500,0.000000,0.000000,0.000000,0.003300,0.000000
3221,2.923516,0.875099,0.892000,0.792700,1112.000000,847145540.000000,1318204976.000000,234864640.000000,1568980992.000000,0.000600,0.000000,0.000000,0.000000,0.012900,0.000000,0.000000,0.000000,0.003500,0.000000
3222,2.924340,0.832901,0.834600,0.753300,1112.000000,847143700.000000,1318204976.000000,234864640.000000,1568980992.000000,0.000700,0.000000,0.000000,0.000000,0.010300,0.000000,0.000000,0.000000,0.003400,0.000000
3223,2.925129,0.790200,0.784100,0.706000,1112.000000,847143724.000000,1318204976.000000,234864640.000000,1568980992.000000,0.000500,0.000000,0.000000,0.000000,0.010100,0.000000,0.000000,0.000000,0.003200,0.000000
3224,2.925918,0.776594,0.778200,0.696600,1112.000000,847148268.000000,1318204976.000000,234864640.000000,1568980992.000000,0.000600,0.000000,0.000000,0.000000,0.012000,0.000000,0.000000,0.000000,0.003300,0.000000
3225,2.926936,1.012202,0.866700,0.787000,1112.000000,847148292.000000,1318204976.000000,234864640.000000,1568980992.000000,0.000600,0.000000,0.000000,0.000000,0.011500,0.000000,0.000000,0.000000,0.003400,0.000000
3226,2.927787,0.860998,0.998800,0.777800,1112.000000,847152012.000000,1318204976.000000,234864640.000000,1568980992.000000,0.000700,0.000000,0.000000,0.000000,0.010600,0.000000,0.000000,0.000000,0.003500,0.000000
3227,2.928585,0.803501,0.803400,0.722300,1112.000000,847152012.000000,1318204976.000000,234864640.000000,1568980992.000000,0.000500,0.000000,0.000000,0.000000,0.010200,0.000000,0.000000,0.000000,0.003600,0.000000
3228,2.929379,0.800099,0.799900,0.720900,1112.000000,847152036.000000,1318204976.000000,234864640.000000,1568980992.000000,0.000500,0.000000,0.000000,0.000000,0.010200,0.000000,0.000000,0.000000,0.003400,0.000000
3229,2.930179,0.802005,0.800500,0.723600,1112.000000,847168644.000000,1318204976.000000,234864640.000000,1568980992.000000,0.000600,0.000000,0.000000,0.000000,0.010600,0.000000,0.000000,0.000000,0.003200,0.000000
3230,2.930949,0.762599,0.758200,0.681900,1112.000000,847151716.000000,1318204976.000000,234864640.000000,1568980992.000000,0.000600,0.000000,0.000000,0.000000,0.010300,0.000000,0.000000,0.000000,0.003200,0.000000
3231,2.931827,0.868899,0.850300,0.769200,1112.000000,847155836.000000,1318204976.000000,234864640.000000,1568980992.000000,0.000500,0.000000,0.000000,0.000000,0.010200,0.000000,0.000000,0.000000,0.003000,0.000000
3232,2.932691,0.871202,0.883700,0.787400,1112.000000,847159972.000000,1318204976.000000,234864640.000000,1568980992.000000,0.000500,0.000000,0.000000,0.000000,0.011200,0.000000,0.000000,0.000000,0.003200,0.000000
3233,2.933474,0.785098,0.786700,0.706200,1112.000000,847160444.000000,1318204976.000000,234864640.000000,1568980992.000000,0.000600,0.000000,0.000000,0.000000,0.011800,0.000000,0.000000,0.000000,0.003600,0.000000
3234,2.934454,0.900503,0.893400,0.814600,1112.000000,847160028.000000,1318204976.000000,234864640.000000,1568980992.000000,0.000500,0.000000,0.000000,0.000000,0.010200,0.000000,0.000000,0.000000,0.003100,0.000000
3235,2.935431,1.041497,0.982100,0.896200,1112.000000,847160492.000000,1318204976.000000,234864640.000000,1568980992.000000,0.000700,0.000000,0.000000,0.000000,0.012400,0.000000,0.000000,0.000000,0.006100,0.000000
3236,2.936277,0.851601,0.908200,0.770300,1112.000000,847160076.000000,1318204976.000000,234864640.000000,1568980992.000000,0.000600,0.000000,0.000000,0.000000,0.011900,0.000000,0.000000,0.000000,0.003500,0.000000
3237,2.937432,1.157199,1.152400,1.070000,1112.000000,847162516.000000,1318204976.000000,234864640.000000,1568980992.000000,0.265100,0.038900,0.011300,0.016700,0.009900,0.018900,0.017200,0.015700,0.003200,0.000000
3238,2.938365,0.940299,0.939200,0.857000,1112.000000,847162116.000000,1318204976.000000,234864640.000000,1568980992.000000,0.000700,0.000000,0.000000,0.000000,0.014600,0.000000,0.000000,0.000000,0.003100,0.000000
3239,2.939159,0.792503,0.793000,0.709900,1112.000000,847165812.000000,1318204976.000000,234864640.000000,1568980992.000000,0.000600,0.000000,0.000000,0.000000,0.013400,0.000000,0.000000,0.000000,0.003400,0.000000
3240,2.940005,0.823994,0.821800,0.741400,1112.000000,847165836.000000,1318204976.000000,234864640.000000,1568980992.000000,0.000600,0.000000,0.000000,0.000000,0.012500,0.000000,0.000000,0.000000,0.003300,0.000000
3241,2.941012,1.023002,1.016200,0.935700,1112.000000,847174476.000000,1318204976.000000,234864640.000000,1568985088.000000,0.000600,0.000000,0.000000,0.000000,0.010500,0.000000,0.000000,0.000000,0.003400,0.000000
3242,2.941921,0.908099,0.907800,0.822200,1112.000000,847175148.000000,1318204976.000000,234864640.000000,1568985088.000000,0.000500,0.000000,0.000000,0.000000,0.010300,0.000000,0.000000,0.000000,0.003100,0.000000
3243,2.942979,1.057604,0.907900,0.824100,1112.000000,847175148.000000,1318204976.000000,234864640.000000,1568985088.000000,0.000500,0.000000,0.000000,0.000000,0.010800,0.000000,0.000000,0.000000,0.003200,0.000000
3244,2.943914,0.929202,1.060400,0.814900,1112.000000,847175172.000000,1318204976.000000,234864640.000000,1568985088.000000,0.000500,0.000000,0.000000,0.000000,0.011400,0.000000,0.000000,0.000000,0.003200,0.000000
3245,2.944800,0.879500,0.895400,0.798400,1112.000000,847195844.000000,1318204976.000000,234864640.000000,1569050624.000000,0.000600,0.000000,0.000000,0.000000,0.024600,0.000000,0.000000,0.000000,0.003200,0.000000
3246,2.945573,0.801899,0.801600,0.723100,1112.000000,847178916.000000,1318204976.000000,234864640.000000,1569050624.000000,0.000600,0.000000,0.000000,0.000000,0.010000,0.000000,0.000000,0.000000,0.002900,0.000000
3247,2.946409,0.809495,0.807100,0.730100,1112.000000,847178940.000000,1318204976.000000,234864640.000000,1569050624.000000,0.000500,0.000000,0.000000,0.000000,0.010100,0.000000,0.000000,0.000000,0.003100,0.000000
3248,2.947248,0.859602,0.849100,0.771900,1112.000000,847183076.000000,1318204976.000000,234864640.000000,1569050624.000000,0.000700,0.000000,0.000000,0.000000,0.010500,0.000000,0.000000,0.000000,0.003400,0.000000
3249,2.948035,0.791901,0.799400,0.714100,1112.000000,847183548.000000,1318204976.000000,234864640.000000,1569050624.000000,0.000500,0.000000,0.000000,0.000000,0.011600,0.000000,0.000000,0.000000,0.003100,0.000000
3250,2.948819,0.782703,0.782000,0.705900,1112.000000,847183556.000000,1318204976.000000,234864640.000000,1569050624.000000,0.000500,0.000000,0.000000,0.000000,0.011700,0.000000,0.000000,0.000000,0.003000,0.000000
3251,2.949623,0.793800,0.788300,0.712600,1112.000000,847187268.000000,1318204976.000000,234864640.000000,1569050624.000000,0.000500,0.000000,0.000000,0.000000,0.010600,0.000000,0.000000,0.000000,0.003000,0.000000
3252,2.950463,0.794296,0.793200,0.714600,1112.000000,847187276.000000,1318204976.000000,234864640.000000,1569050624.000000,0.000600,0.000000,0.000000,0.000000,0.010900,0.000000,0.000000,0.000000,0.003000,0.000000
3253,2.951732,1.278600,1.150700,1.065300,1112.000000,847188148.000000,1318204976.000000,234864640.000000,1569050624.000000,0.000700,0.000000,0.000000,0.000000,0.010700,0.000000,0.000000,0.000000,0.004300,0.000000
3254,2.952673,0.970805,1.086200,0.884400,1112.000000,847187748.000000,1318204976.000000,234864640.000000,1569050624.000000,0.000700,0.000000,0.000000,0.000000,0.013800,0.000000,0.000000,0.000000,0.003600,0.000000
3255,2.953764,1.095295,1.098700,1.012800,1112.000000,847188604.000000,1318204976.000000,234864640.000000,1569050624.000000,0.261300,0.033500,0.010900,0.017900,0.011500,0.019300,0.017900,0.014300,0.003500,0.000000
3256,2.954561,0.802700,0.803900,0.724200,1112.000000,847188628.000000,1318204976.000000,234864640.000000,1569050624.000000,0.000600,0.000000,0.000000,0.000000,0.013900,0.000000,0.000000,0.000000,0.003200,0.000000
3257,2.955389,0.832603,0.827000,0.750900,1112.000000,847189076.000000,1318204976.000000,234864640.000000,1569050624.000000,0.000600,0.000000,0.000000,0.000000,0.012600,0.000000,0.000000,0.000000,0.003100,0.000000
3258,2.956397,0.978699,0.965400,0.883000,1112.000000,847194915.000000,1318204976.000000,234864640.000000,1569050624.000000,0.000500,0.000000,0.000000,0.000000,0.012500,0.000000,0.000000,0.000000,0.003000,0.000000
3259,2.957344,0.945302,0.942800,0.847800,1112.000000,847191564.000000,1318204976.000000,234864640.000000,1569050624.000000,0.000600,0.000000,0.000000,0.000000,0.011600,0.000000,0.000000,0.000000,0.003600,0.000000
3260,2.958593,1.122201,1.128000,1.035900,1112.000000,847191588.000000,1318204976.000000,234864640.000000,1569050624.000000,0.000600,0.000000,0.000000,0.000000,0.011800,0.000000,0.000000,0.000000,0.003800,0.000000
3261,2.959495,1.043700,1.042700,0.958100,1112.000000,847208164.000000,1318204976.000000,234864640.000000,1569050624.000000,0.000700,0.000000,0.000000,0.000000,0.012700,0.000000,0.000000,0.000000,0.006000,0.000000
3262,2.960346,0.858496,0.859800,0.778300,1112.000000,847191236.000000,1318204976.000000,234864640.000000,1569050624.000000,0.000500,0.000000,0.000000,0.000000,0.011100,0.000000,0.000000,0.000000,0.003600,0.000000
3263,2.961272,0.914498,0.909500,0.830200,1112.000000,847191260.000000,1318204976.000000,234864640.000000,1569050624.000000,0.000600,0.000000,0.000000,0.000000,0.010900,0.000000,0.000000,0.000000,0.003100,0.000000
3264,2.962098,0.834106,0.829200,0.746900,1112.000000,847195396.000000,1318204976.000000,234864640.000000,1569050624.000000,0.000600,0.000000,0.000000,0.000000,0.011500,0.000000,0.000000,0.000000,0.003600,0.000000
3265,2.963150,1.045996,1.045300,0.959600,1112.000000,847200508.000000,1318204976.000000,234864640.000000,1569050624.000000,0.000700,0.000000,0.000000,0.000000,0.012500,0.000000,0.000000,0.000000,0.003200,0.000000
3266,2.963971,0.829202,0.830000,0.747400,1112.000000,847199668.000000,1318204976.000000,234864640.000000,1569050624.000000,0.000600,0.000000,0.000000,0.000000,0.011300,0.000000,0.000000,0.000000,0.003400,0.000000
3267,2.964759,0.794898,0.792800,0.713300,1112.000000,847199708.000000,1318204976.000000,234864640.000000,1569050624.000000,0.000500,0.000000,0.000000,0.000000,0.010700,0.000000,0.000000,0.000000,0.003300,0.000000
3268,2.965557,0.798597,0.798900,0.719900,1112.000000,847200140.000000,1318204976.000000,234864640.000000,1569050624.000000,0.000500,0.000000,0.000000,0.000000,0.012400,0.000000,0.000000,0.000000,0.003100,0.000000
3269,2.966423,0.847300,0.841900,0.765000,1112.000000,847200588.000000,1318204976.000000,234864640.000000,1569050624.000000,0.000600,0.000000,0.000000,0.000000,0.012800,0.000000,0.000000,0.000000,0.003100,0.000000
3270,2.967280,0.871705,0.861900,0.781400,1112.000000,847199764.000000,1318204976.000000,234864640.000000,1569050624.000000,0.000600,0.000000,0.000000,0.000000,0.010300,0.000000,0.000000,0.000000,0.003100,0.000000
3271,2.968087,0.807200,0.815400,0.727400,1112.000000,847203884.000000,1318204976.000000,234864640.000000,1569050624.000000,0.000600,0.000000,0.000000,0.000000,0.010900,0.000000,0.000000,0.000000,0.003300,0.000000
3272,2.969056,0.972102,0.968700,0.891000,1112.000000,847193140.000000,1318204976.000000,234864640.000000,1569050624.000000,0.000600,0.000000,0.000000,0.000000,0.010000,0.000000,0.000000,0.000000,0.003000,0.000000
3273,2.970095,1.041497,1.040900,0.962000,1112.000000,847194972.000000,1318204976.000000,234864640.000000,1569050624.000000,0.262800,0.035700,0.011500,0.017200,0.010500,0.019600,0.017200,0.014100,0.003000,0.000000
3274,2.970872,0.771400,0.768400,0.690900,1112.000000,847194596.000000,1318204976.000000,234864640.000000,1569050624.000000,0.000500,0.000000,0.000000,0.000000,0.012600,0.000000,0.000000,0.000000,0.003000,0.000000
3275,2.971768,0.896903,0.893400,0.815400,1112.000000,847196715.000000,1318204976.000000,234864640.000000,1569050624.000000,0.000700,0.000000,0.000000,0.000000,0.013300,0.000000,0.000000,0.000000,0.003300,0.000000
3276,2.972555,0.788598,0.788900,0.710200,1112.000000,847194620.000000,1318204976.000000,234864640.000000,1569050624.000000,0.000500,0.000000,0.000000,0.000000,0.012900,0.000000,0.000000,0.000000,0.003000,0.000000
3277,2.973345,0.798101,0.794000,0.716900,1112.000000,847214076.000000,1318204976.000000,234864640.000000,1569050624.000000,0.000400,0.000000,0.000000,0.000000,0.011500,0.000000,0.000000,0.000000,0.002800,0.000000
3278,2.974114,0.766001,0.759900,0.680400,1112.000000,847199267.000000,1318204976.000000,234864640.000000,1569050624.000000,0.000500,0.000000,0.000000,0.000000,0.010000,0.000000,0.000000,0.000000,0.003300,0.000000
3279,2.974906,0.786600,0.769800,0.687300,1112.000000,847197172.000000,1318204976.000000,234864640.000000,1569050624.000000,0.000500,0.000000,0.000000,0.000000,0.010200,0.000000,0.000000,0.000000,0.003000,0.000000
3280,2.975948,1.024398,0.932900,0.832900,1112.000000,847197636.000000,1318204976.000000,234864640.000000,1569050624.000000,0.000500,0.000000,0.000000,0.000000,0.011900,0.000000,0.000000,0.000000,0.003000,0.000000
3281,2.976938,0.996499,1.096400,0.909300,1112.000000,847197676.000000,1318204976.000000,234864640.000000,1569050624.000000,0.000600,0.000000,0.000000,0.000000,0.012000,0.000000,0.000000,0.000000,0.003500,0.000000
3282,2.977810,0.876403,0.879800,0.793900,1112.000000,847205876.000000,1318204976.000000,234864640.000000,1569050624.000000,0.000500,0.000000,0.000000,0.000000,0.031300,0.000000,0.000000,0.000000,0.003400,0.000000
3283,2.978624,0.820096,0.820800,0.741600,1112.000000,847209588.000000,1318204976.000000,234864640.000000,1569050624.000000,0.000700,0.000000,0.000000,0.000000,0.011600,0.000000,0.000000,0.000000,0.003300,0.000000
3284,2.979462,0.815101,0.812600,0.735100,1112.000000,847209596.000000,1318204976.000000,234864640.000000,1569050624.000000,0.000500,0.000000,0.000000,0.000000,0.010700,0.000000,0.000000,0.000000,0.003200,0.000000
3285,2.980231,0.800801,0.799600,0.722300,1112.000000,847210468.000000,1318204976.000000,234864640.000000,1569050624.000000,0.000600,0.000000,0.000000,0.000000,0.010500,0.000000,0.000000,0.000000,0.003400,0.000000
3286,2.981009,0.762401,0.757900,0.680200,1112.000000,847209644.000000,1318204976.000000,234864640.000000,1569050624.000000,0.000500,0.000000,0.000000,0.000000,0.010000,0.000000,0.000000,0.000000,0.003000,0.000000
3287,2.981913,0.908801,0.888400,0.808200,1112.000000,847209668.000000,1318204976.000000,234864640.000000,1569050624.000000,0.000600,0.000000,0.000000,0.000000,0.012300,0.000000,0.000000,0.000000,0.003800,0.000000
3288,2.982965,1.027197,1.017300,0.870400,1112.000000,847213788.000000,1318204976.000000,234864640.000000,1569050624.000000,0.000500,0.000000,0.000000,0.000000,0.110600,0.000000,0.000000,0.000000,0.003600,0.000000
3289,2.984277,1.327204,1.335400,1.224300,1112.000000,847214236.000000,1318204976.000000,234864640.000000,1569050624.000000,0.000600,0.000000,0.000000,0.000000,0.016600,0.000000,0.000000,0.000000,0.004000,0.000000
3290,2.985179,0.908099,0.920100,0.827800,1112.000000,847217956.000000,1318204976.000000,234864640.000000,1569050624.000000,0.000500,0.000000,0.000000,0.000000,0.010600,0.000000,0.000000,0.000000,0.003700,0.000000
3291,2.986006,0.819898,0.819400,0.740900,1112.000000,847217956.000000,1318204976.000000,234864640.000000,1569050624.000000,0.000600,0.000000,0.000000,0.000000,0.011700,0.000000,0.000000,0.000000,0.003300,0.000000
3292,2.987180,1.182001,1.176400,1.097200,1112.000000,847219476.000000,1318204976.000000,234864640.000000,1569050624.000000,0.349500,0.033500,0.011300,0.017500,0.010600,0.018200,0.017800,0.017500,0.003300,0.000000
3293,2.987989,0.821896,0.825500,0.744600,1112.000000,847236060.000000,1318204976.000000,234864640.000000,1569050624.000000,0.000600,0.000000,0.000000,0.000000,0.014100,0.000000,0.000000,0.000000,0.003200,0.000000
3294,2.988740,0.755804,0.755700,0.681200,1112.000000,847219132.000000,1318204976.000000,234864640.000000,1569050624.000000,0.000600,0.000000,0.000000,0.000000,0.011900,0.000000,0.000000,0.000000,0.003300,0.000000
3295,2.989493,0.742800,0.741800,0.668700,1112.000000,847219580.000000,1318204976.000000,234864640.000000,1569050624.000000,0.000500,0.000000,0.000000,0.000000,0.014000,0.000000,0.000000,0.000000,0.002900,0.000000
3296,2.990311,0.810098,0.803100,0.729700,1112.000000,847222244.000000,1318204976.000000,234864640.000000,1569050624.000000,0.000600,0.000000,0.000000,0.000000,0.011800,0.000000,0.000000,0.000000,0.003100,0.000000
3297,2.991385,1.021400,0.992800,0.906600,1112.000000,847222284.000000,1318204976.000000,234864640.000000,1569050624.000000,0.000600,0.000000,0.000000,0.000000,0.011800,0.000000,0.000000,0.000000,0.003400,0.000000
3298,2.992375,1.003798,1.007400,0.899700,1112.000000,847221868.000000,1318204976.000000,234864640.000000,1569050624.000000,0.000600,0.000000,0.000000,0.000000,0.013300,0.000000,0.000000,0.000000,0.004300,0.000000
3299,2.993240,0.903501,0.915100,0.819400,1112.000000,847226004.000000,1318204976.000000,234864640.000000,1569050624.000000,0.000700,0.000000,0.000000,0.000000,0.011400,0.000000,0.000000,0.000000,0.003600,0.000000
3300,2.994012,0.782703,0.788300,0.704300,1112.000000,847226012.000000,1318204976.000000,234864640.000000,1569050624.000000,0.000600,0.000000,0.000000,0.000000,0.011000,0.000000,0.000000,0.000000,0.003400,0.000000
3301,2.994780,0.765696,0.765400,0.689200,1112.000000,847226884.000000,1318204976.000000,234864640.000000,1569050624.000000,0.000500,0.000000,0.000000,0.000000,0.011000,0.000000,0.000000,0.000000,0.003400,0.000000
3302,2.995551,0.774199,0.768300,0.693500,1112.000000,847226060.000000,1318204976.000000,234864640.000000,1569050624.000000,0.000600,0.000000,0.000000,0.000000,0.010100,0.000000,0.000000,0.000000,0.003400,0.000000
3303,2.996371,0.818601,0.819500,0.739000,1112.000000,847230180.000000,1318204976.000000,234864640.000000,1569050624.000000,0.000500,0.000000,0.000000,0.000000,0.010200,0.000000,0.000000,0.000000,0.002900,0.000000
3304,2.997236,0.850404,0.780300,0.704500,1112.000000,847230204.000000,1318204976.000000,234864640.000000,1569050624.000000,0.000500,0.000000,0.000000,0.000000,0.010200,0.000000,0.000000,0.000000,0.003100,0.000000
3305,2.998043,0.815901,0.880100,0.738300,1112.000000,847230652.000000,1318204976.000000,234864640.000000,1569050624.000000,0.000600,0.000000,0.000000,0.000000,0.011200,0.000000,0.000000,0.000000,0.003700,0.000000
3306,2.999028,0.982100,0.978800,0.900100,1112.000000,847230276.000000,1318204976.000000,234864640.000000,1569050624.000000,0.000500,0.000000,0.000000,0.000000,0.010400,0.000000,0.000000,0.000000,0.003400,0.000000
3307,2.999815,0.793998,0.793800,0.715400,1112.000000,847230276.000000,1318204976.000000,234864640.000000,1569050624.000000,0.000600,0.000000,0.000000,0.000000,0.010900,0.000000,0.000000,0.000000,0.003200,0.000000
3308,3.000627,0.796896,0.795400,0.718200,1112.000000,847230300.000000,1318204976.000000,234864640.000000,1569050624.000000,0.000600,0.000000,0.000000,0.000000,0.010500,0.000000,0.000000,0.000000,0.002900,0.000000
