frame,elapsed_seconds,delta_time_ms,main_thread_ms,player_loop_ms,gc_allocated_in_frame_bytes,total_used_memory_bytes,total_reserved_memory_bytes,gc_reserved_memory_bytes,gc_used_memory_bytes,system_used_memory_bytes,render_thread_ms,draw_calls_count,fixed_step_ms,belt_transfer_ms,belt_progress_ms,transfer_command_buffer_ms,item_pool_initialization_ms,item_visual_capture_ms,item_transform_presentation_ms,item_process_ms,item_port_adapter_ms,item_port_buffer_swap_ms,grid_placement_transform_ms,grid_build_ms,grid_occupancy_index_ms,belt_topology_visual_ms,wait_for_job_group_ms
0,0.033860,16.719302,16.793200,16.579900,1368.000000,955533416.000000,1439367720.000000,255299584.000000,243589120.000000,1646981120.000000,0.000000,0.000000,12.392600,0.146100,0.044500,10.350400,0.036900,0.112200,0.011500,0.001500,0.001000,0.002400,0.001500,0.001400,0.006400,0.009600,0.000000
1,0.040409,6.584297,6.579800,6.439000,1368.000000,955532840.000000,1439367720.000000,255299584.000000,243589120.000000,1646981120.000000,0.000000,0.000000,1.875600,0.028200,0.009800,1.605500,0.012500,0.017300,0.010700,0.000300,0.000100,0.000300,0.001100,0.001600,0.005200,0.007700,0.000000
2,0.044696,4.304401,4.308800,4.168400,1368.000000,955532896.000000,1439367720.000000,255299584.000000,243589120.000000,1646981120.000000,0.000000,0.000000,0.000500,0.000000,0.000000,0.000000,0.012500,0.000000,0.010900,0.000000,0.000000,0.000000,0.000800,0.001800,0.003900,0.007000,0.000000
3,0.048767,4.013202,4.013700,3.879700,1368.000000,955532896.000000,1439367720.000000,255299584.000000,243589120.000000,1646981120.000000,0.000000,0.000000,0.000700,0.000000,0.000000,0.000000,0.011400,0.000000,0.010300,0.000000,0.000000,0.000000,0.000700,0.001700,0.003800,0.007400,0.000000
4,0.055124,6.361997,6.347400,6.215700,1368.000000,955533192.000000,1439367720.000000,255299584.000000,243589120.000000,1646981120.000000,0.000000,0.000000,2.134200,0.031400,0.007000,1.836500,0.012100,0.020900,0.013600,0.000500,0.000300,0.000500,0.001100,0.001900,0.004800,0.007200,0.000000
5,0.058721,3.615901,3.527400,3.382100,1368.000000,955542680.000000,1439367720.000000,255299584.000000,243597312.000000,1646981120.000000,0.000000,0.000000,0.000600,0.000000,0.000000,0.000000,0.013100,0.000000,0.011200,0.000000,0.000000,0.000000,0.001300,0.001800,0.004400,0.007200,0.000000
6,0.061899,3.242503,3.355700,3.135800,1368.000000,955546776.000000,1439367720.000000,255299584.000000,243601408.000000,1646981120.000000,0.000000,0.000000,0.000600,0.000000,0.000000,0.000000,0.013000,0.000000,0.012900,0.000000,0.000000,0.000000,0.001200,0.001900,0.004400,0.007600,0.000000
7,0.065490,3.507795,3.462000,3.341600,1368.000000,955546776.000000,1439367720.000000,255299584.000000,243601408.000000,1646981120.000000,0.000000,0.000000,0.000600,0.000000,0.000000,0.000000,0.011200,0.000000,0.020500,0.000000,0.000000,0.000000,0.000800,0.001500,0.003400,0.007000,0.000000
8,0.071712,6.244104,6.232800,6.077800,1368.000000,955546904.000000,1439367720.000000,255299584.000000,243601408.000000,1646981120.000000,0.000000,0.000000,2.802300,0.043000,0.008200,2.439800,0.014400,0.029000,0.015700,0.000500,0.000200,0.001100,0.000700,0.002400,0.004600,0.008400,0.000000
9,0.075084,3.366497,3.390400,3.228400,1368.000000,955546904.000000,1439367720.000000,255299584.000000,243601408.000000,1646981120.000000,0.000000,0.000000,0.000400,0.000000,0.000000,0.000000,0.012800,0.000000,0.012300,0.000000,0.000000,0.000000,0.000700,0.002000,0.004200,0.007100,0.000000
10,0.078299,3.223498,3.206600,3.069800,1368.000000,955546904.000000,1439367720.000000,255299584.000000,243601408.000000,1646981120.000000,0.000000,0.000000,0.000700,0.000000,0.000000,0.000000,0.012300,0.000000,0.012200,0.000000,0.000000,0.000000,0.000800,0.001800,0.004100,0.007100,0.000000
11,0.081423,3.172605,3.201500,3.058500,1368.000000,955551000.000000,1439367720.000000,255299584.000000,243605504.000000,1646981120.000000,0.000000,0.000000,0.000600,0.000000,0.000000,0.000000,0.014000,0.000000,0.013500,0.000000,0.000000,0.000000,0.001100,0.002000,0.004300,0.007300,0.000000
12,0.087504,5.905499,5.863900,5.738400,1368.000000,955551008.000000,1439367720.000000,255299584.000000,243605504.000000,1646981120.000000,0.000000,0.000000,2.345000,0.102600,0.011100,1.940300,0.011200,0.024100,0.015100,0.000500,0.000200,0.000900,0.000500,0.002700,0.003600,0.008000,0.000000
13,0.090884,3.528798,3.543800,3.390800,1368.000000,955551008.000000,1439367720.000000,255299584.000000,243605504.000000,1646981120.000000,0.000000,0.000000,0.000800,0.000000,0.000000,0.000000,0.015800,0.000000,0.013500,0.000000,0.000000,0.000000,0.001500,0.002200,0.006700,0.009200,0.000000
14,0.094575,3.662599,3.661900,3.524400,1368.000000,955551008.000000,1439367720.000000,255299584.000000,243605504.000000,1646981120.000000,0.000000,0.000000,0.000700,0.000000,0.000000,0.000000,0.012000,0.000000,0.011500,0.000000,0.000000,0.000000,0.000800,0.001800,0.003900,0.007600,0.000000
15,0.098099,3.088400,3.096100,2.916800,1368.000000,955551008.000000,1439367720.000000,255299584.000000,243605504.000000,1646981120.000000,0.000000,0.000000,0.000600,0.000000,0.000000,0.000000,0.014000,0.000000,0.012000,0.000000,0.000000,0.000000,0.000800,0.001900,0.004500,0.007600,0.000000
16,0.104932,7.011699,6.983500,6.804100,1368.000000,955555224.000000,1439367720.000000,255299584.000000,243609600.000000,1646981120.000000,0.000000,0.000000,2.276200,0.040500,0.010700,1.942900,0.012800,0.021800,0.012400,0.000600,0.000200,0.000600,0.001200,0.002500,0.005500,0.007600,0.000000
17,0.108105,3.431505,3.439800,3.293600,1368.000000,955555224.000000,1439367720.000000,255299584.000000,243609600.000000,1646981120.000000,0.000000,0.000000,0.000600,0.000000,0.000000,0.000000,0.014200,0.000000,0.014500,0.000000,0.000000,0.000000,0.001600,0.002000,0.006600,0.009200,0.000000
18,0.110958,2.907695,2.924900,2.793100,1368.000000,955559320.000000,1439367720.000000,255299584.000000,243613696.000000,1646981120.000000,0.000000,0.000000,0.000800,0.000000,0.000000,0.000000,0.013400,0.000000,0.012400,0.000000,0.000000,0.000000,0.000700,0.001800,0.004600,0.007400,0.000000
19,0.114156,3.158206,3.145600,3.029300,1368.000000,955559320.000000,1439367720.000000,255299584.000000,243613696.000000,1646981120.000000,0.000000,0.000000,0.000500,0.000000,0.000000,0.000000,0.011300,0.000000,0.011500,0.000000,0.000000,0.000000,0.000600,0.001700,0.003300,0.006300,0.000000
20,0.121047,6.901098,6.889400,6.763800,1368.000000,955559328.000000,1439367720.000000,255299584.000000,243613696.000000,1646981120.000000,0.000000,0.000000,3.940800,0.037100,0.009000,3.611700,0.012400,0.028800,0.013700,0.000500,0.000200,0.000700,0.000400,0.002300,0.003700,0.008400,0.000000
21,0.124290,3.238499,3.220500,3.087300,1368.000000,955559328.000000,1439367720.000000,255299584.000000,243613696.000000,1646981120.000000,0.000000,0.000000,0.000500,0.000000,0.000000,0.000000,0.012000,0.000000,0.011300,0.000000,0.000000,0.000000,0.000800,0.001700,0.003700,0.007100,0.000000
22,0.126996,2.746301,2.778600,2.638200,1368.000000,955563424.000000,1439367720.000000,255299584.000000,243617792.000000,1646981120.000000,0.000000,0.000000,0.000500,0.000000,0.000000,0.000000,0.011900,0.000000,0.012100,0.000000,0.000000,0.000000,0.000700,0.001800,0.004000,0.007400,0.000000
23,0.130101,3.046301,3.005600,2.886900,1368.000000,955563424.000000,1439367720.000000,255299584.000000,243617792.000000,1646981120.000000,0.000000,0.000000,0.000500,0.000000,0.000000,0.000000,0.010100,0.000000,0.012600,0.000000,0.000000,0.000000,0.000500,0.001600,0.003300,0.006800,0.000000
24,0.133072,2.991397,2.992000,2.843100,1368.000000,955563424.000000,1439367720.000000,255299584.000000,243617792.000000,1646981120.000000,0.000000,0.000000,0.000600,0.000000,0.000000,0.000000,0.013600,0.000000,0.012900,0.000000,0.000000,0.000000,0.000700,0.002000,0.004300,0.007700,0.000000
25,0.139273,6.144700,6.140200,5.989200,1420.000000,955563448.000000,1439367720.000000,255299584.000000,243617792.000000,1646981120.000000,0.000000,0.000000,2.724700,0.041500,0.007600,2.346400,0.013000,0.028800,0.014200,0.000500,0.000300,0.001000,0.000800,0.002300,0.003800,0.007800,0.000000
26,0.142016,2.815101,2.836400,2.697200,1368.000000,955563448.000000,1439367720.000000,255299584.000000,243617792.000000,1646981120.000000,0.000000,0.000000,0.000500,0.000000,0.000000,0.000000,0.016000,0.000000,0.012300,0.000000,0.000000,0.000000,0.001200,0.002100,0.005000,0.008200,0.000000
27,0.144949,2.948696,2.894500,2.770900,1368.000000,955567544.000000,1439367720.000000,255299584.000000,243621888.000000,1646981120.000000,0.000000,0.000000,0.000500,0.000000,0.000000,0.000000,0.011500,0.000000,0.012300,0.000000,0.000000,0.000000,0.000500,0.001900,0.004100,0.007100,0.000000
28,0.147741,2.787805,2.842900,2.671200,1368.000000,955571640.000000,1439367720.000000,255299584.000000,243625984.000000,1646981120.000000,0.000000,0.000000,0.000500,0.000000,0.000000,0.000000,0.010800,0.000000,0.011100,0.000000,0.000000,0.000000,0.000400,0.001400,0.003500,0.006200,0.000000
29,0.152846,5.074298,5.063000,4.948100,1368.000000,955571616.000000,1439367720.000000,255299584.000000,243625984.000000,1646981120.000000,0.000000,0.000000,2.194300,0.036600,0.010200,1.887800,0.010900,0.020400,0.013200,0.000500,0.000300,0.000600,0.000600,0.002100,0.003700,0.006600,0.000000
30,0.155841,3.008900,3.009000,2.888900,1368.000000,955575712.000000,1439367720.000000,255299584.000000,243630080.000000,1646981120.000000,0.000000,0.000000,0.000500,0.000000,0.000000,0.000000,0.012600,0.000000,0.012000,0.000000,0.000000,0.000000,0.000800,0.001700,0.003300,0.007200,0.000000
31,0.159024,3.193403,3.189000,3.068300,1368.000000,955575712.000000,1439367720.000000,255299584.000000,243630080.000000,1646981120.000000,0.000000,0.000000,0.000600,0.000000,0.000000,0.000000,0.010600,0.000000,0.012400,0.000000,0.000000,0.000000,0.001000,0.001900,0.004200,0.006700,0.000000
32,0.161570,2.580194,2.596100,2.483300,1368.000000,955575712.000000,1439367720.000000,255299584.000000,243630080.000000,1646981120.000000,0.000000,0.000000,0.000600,0.000000,0.000000,0.000000,0.011500,0.000000,0.012500,0.000000,0.000000,0.000000,0.000600,0.001600,0.003200,0.007400,0.000000
33,0.164602,2.993304,2.973200,2.869100,1368.000000,955579808.000000,1439367720.000000,255299584.000000,243634176.000000,1646981120.000000,0.000000,0.000000,0.000600,0.000000,0.000000,0.000000,0.009800,0.000000,0.011000,0.000000,0.000000,0.000000,0.000400,0.001500,0.002800,0.006100,0.000000
34,0.170132,5.504400,5.469700,5.349400,1368.000000,955579832.000000,1439367720.000000,255299584.000000,243634176.000000,1646981120.000000,0.000000,0.000000,2.322600,0.039400,0.007500,2.000300,0.010800,0.028200,0.013900,0.000500,0.000200,0.001100,0.000600,0.002400,0.003700,0.007100,0.000000
35,0.173130,2.995302,3.005400,2.853600,1368.000000,955579832.000000,1439367720.000000,255299584.000000,243634176.000000,1646981120.000000,0.000000,0.000000,0.000600,0.000000,0.000000,0.000000,0.012500,0.000000,0.011800,0.000000,0.000000,0.000000,0.000400,0.001800,0.004100,0.007000,0.000000
36,0.175820,2.722796,2.727300,2.593400,1368.000000,955579832.000000,1439367720.000000,255299584.000000,243634176.000000,1646981120.000000,0.000000,0.000000,0.000600,0.000000,0.000000,0.000000,0.013600,0.000000,0.012400,0.000000,0.000000,0.000000,0.000900,0.001900,0.004200,0.007300,0.000000
37,0.179114,3.242198,3.226200,3.087800,1368.000000,955579832.000000,1439367720.000000,255299584.000000,243634176.000000,1646981120.000000,0.000000,0.000000,0.000600,0.000000,0.000000,0.000000,0.011200,0.000000,0.012000,0.000000,0.000000,0.000000,0.000500,0.001700,0.003700,0.006300,0.000000
38,0.181810,2.770004,2.792300,2.659600,1368.000000,955579832.000000,1439367720.000000,255299584.000000,243634176.000000,1646981120.000000,0.000000,0.000000,0.000600,0.000000,0.000000,0.000000,0.013700,0.000000,0.012700,0.000000,0.000000,0.000000,0.000800,0.001900,0.003800,0.007200,0.000000
39,0.187237,5.356902,5.313700,5.190900,1368.000000,955584288.000000,1439367720.000000,255299584.000000,243638272.000000,1647046656.000000,0.000000,0.000000,2.294800,0.042500,0.007900,1.970000,0.011000,0.020700,0.013000,0.000500,0.000400,0.000700,0.000600,0.002500,0.003500,0.007300,0.000000
40,0.190388,3.181696,3.205200,3.048100,1368.000000,955589680.000000,1439367720.000000,255299584.000000,243642368.000000,1647046656.000000,0.000000,0.000000,0.000600,0.000000,0.000000,0.000000,0.012500,0.000000,0.012100,0.000000,0.000000,0.000000,0.000600,0.001800,0.004800,0.007200,0.000000
41,0.193568,3.169097,3.126900,2.994000,1368.000000,955589680.000000,1439367720.000000,255299584.000000,243642368.000000,1647046656.000000,0.000000,0.000000,0.000600,0.000000,0.000000,0.000000,0.012600,0.000000,0.012200,0.000000,0.000000,0.000000,0.000600,0.001900,0.004000,0.006700,0.000000
42,0.196378,2.834403,2.887300,2.723900,1368.000000,955589680.000000,1439367720.000000,255299584.000000,243642368.000000,1647046656.000000,0.000000,0.000000,0.000600,0.000000,0.000000,0.000000,0.013400,0.000000,0.013100,0.000000,0.000000,0.000000,0.000800,0.001900,0.004100,0.007200,0.000000
43,0.199661,3.266603,3.248900,3.131800,1368.000000,955593776.000000,1439367720.000000,255299584.000000,243646464.000000,1647046656.000000,0.000000,0.000000,0.000500,0.000000,0.000000,0.000000,0.011500,0.000000,0.012000,0.000000,0.000000,0.000000,0.000700,0.001600,0.003500,0.006300,0.000000
44,0.205558,5.867198,5.843700,5.709600,1368.000000,955598000.000000,1439367720.000000,255299584.000000,243650560.000000,1647046656.000000,0.000000,0.000000,2.277100,0.037900,0.008000,1.956000,0.012100,0.019600,0.028800,0.000600,0.000200,0.000600,0.000600,0.002100,0.004000,0.007600,0.000000
45,0.208805,3.259701,3.269100,3.119500,1368.000000,955598000.000000,1439367720.000000,255299584.000000,243650560.000000,1647046656.000000,0.000000,0.000000,0.000700,0.000000,0.000000,0.000000,0.013600,0.000000,0.012100,0.000000,0.000000,0.000000,0.000700,0.001600,0.004300,0.007500,0.000000
46,0.211437,2.686196,2.708100,2.580000,1368.000000,955598000.000000,1439367720.000000,255299584.000000,243650560.000000,1647046656.000000,0.000000,0.000000,0.000600,0.000000,0.000000,0.000000,0.013600,0.000000,0.012100,0.000000,0.000000,0.000000,0.001000,0.001700,0.004100,0.007500,0.000000
47,0.214657,3.168502,3.150700,3.037200,1368.000000,955598000.000000,1439367720.000000,255299584.000000,243650560.000000,1647046656.000000,0.000000,0.000000,0.000600,0.000000,0.000000,0.000000,0.011200,0.000000,0.011900,0.000000,0.000000,0.000000,0.000500,0.001800,0.003000,0.005600,0.000000
48,0.220524,5.868800,5.857500,5.730100,1368.000000,955602080.000000,1439367720.000000,255299584.000000,243654656.000000,1647046656.000000,0.000000,0.000000,2.839300,0.038300,0.008000,2.513200,0.012900,0.027400,0.014000,0.000500,0.000300,0.000800,0.000600,0.002100,0.004300,0.007600,0.000000
49,0.223825,3.294196,3.292000,3.158500,1368.000000,955602080.000000,1439367720.000000,255299584.000000,243654656.000000,1647046656.000000,0.000000,0.000000,0.000600,0.000000,0.000000,0.000000,0.012000,0.000000,0.011500,0.000000,0.000000,0.000000,0.000600,0.001700,0.003900,0.006700,0.000000
50,0.226584,2.826502,2.831400,2.705800,1368.000000,955606176.000000,1439367720.000000,255299584.000000,243658752.000000,1647046656.000000,0.000000,0.000000,0.000600,0.000000,0.000000,0.000000,0.013200,0.000000,0.011900,0.000000,0.000000,0.000000,0.000900,0.001800,0.004300,0.007100,0.000000
51,0.229646,3.027303,3.027700,2.901000,1368.000000,955606176.000000,1439367720.000000,255299584.000000,243658752.000000,1647046656.000000,0.000000,0.000000,0.000500,0.000000,0.000000,0.000000,0.010800,0.000000,0.012600,0.000000,0.000000,0.000000,0.000400,0.001800,0.003300,0.009800,0.000000
52,0.232389,2.756300,2.755300,2.637200,1368.000000,955606176.000000,1439367720.000000,255299584.000000,243658752.000000,1647046656.000000,0.000000,0.000000,0.000500,0.000000,0.000000,0.000000,0.011800,0.000000,0.011900,0.000000,0.000000,0.000000,0.000800,0.001700,0.003900,0.007400,0.000000
53,0.237788,5.326800,5.305800,5.178400,1368.000000,955606248.000000,1439367720.000000,255299584.000000,243658752.000000,1647046656.000000,0.000000,0.000000,2.303400,0.039300,0.008800,1.981900,0.010700,0.020200,0.013400,0.000600,0.000300,0.000800,0.000400,0.002100,0.003300,0.007400,0.000000
54,0.240694,2.982299,2.998400,2.866300,1368.000000,955606248.000000,1439367720.000000,255299584.000000,243658752.000000,1647046656.000000,0.000000,0.000000,0.000500,0.000000,0.000000,0.000000,0.013100,0.000000,0.012600,0.000000,0.000000,0.000000,0.000800,0.001900,0.004500,0.007500,0.000000
55,0.243765,3.042000,3.024600,2.907500,1368.000000,955606248.000000,1439367720.000000,255299584.000000,243658752.000000,1647046656.000000,0.000000,0.000000,0.000500,0.000000,0.000000,0.000000,0.011200,0.000000,0.011700,0.000000,0.000000,0.000000,0.000700,0.001700,0.003200,0.006800,0.000000
56,0.246424,2.708702,2.735200,2.610500,1368.000000,955614440.000000,1439367720.000000,255299584.000000,243666944.000000,1647046656.000000,0.000000,0.000000,0.000500,0.000000,0.000000,0.000000,0.012200,0.000000,0.011700,0.000000,0.000000,0.000000,0.001000,0.001900,0.003900,0.007400,0.000000
57,0.249694,3.199100,3.171300,3.065000,1368.000000,955614440.000000,1439367720.000000,255299584.000000,243666944.000000,1647046656.000000,0.000000,0.000000,0.000500,0.000000,0.000000,0.000000,0.010300,0.000000,0.011900,0.000000,0.000000,0.000000,0.000700,0.001900,0.003300,0.006400,0.000000
58,0.255789,6.085502,6.072300,5.942100,1368.000000,955614416.000000,1439367720.000000,255299584.000000,243666944.000000,1647046656.000000,0.000000,0.000000,2.997100,0.039100,0.010400,2.670400,0.013500,0.021300,0.013000,0.000500,0.000200,0.000900,0.000800,0.002700,0.004400,0.007300,0.000000
59,0.258936,3.182695,3.190900,3.056400,1368.000000,955614416.000000,1439367720.000000,255299584.000000,243666944.000000,1647046656.000000,0.000000,0.000000,0.000400,0.000000,0.000000,0.000000,0.012400,0.000000,0.011800,0.000000,0.000000,0.000000,0.000600,0.001800,0.003900,0.006800,0.000000
60,0.261583,2.679904,2.692900,2.576000,1368.000000,955614416.000000,1439367720.000000,255299584.000000,243666944.000000,1647046656.000000,0.000000,0.000000,0.000500,0.000000,0.000000,0.000000,0.012500,0.000000,0.011500,0.000000,0.000000,0.000000,0.000800,0.001600,0.003700,0.007000,0.000000
61,0.264848,3.228897,3.208600,3.097600,1368.000000,955618512.000000,1439367720.000000,255299584.000000,243671040.000000,1647046656.000000,0.000000,0.000000,0.000500,0.000000,0.000000,0.000000,0.010300,0.000000,0.011700,0.000000,0.000000,0.000000,0.000500,0.001600,0.003000,0.006300,0.000000
62,0.270431,5.573002,5.553300,5.426300,1368.000000,955618536.000000,1439367720.000000,255299584.000000,243671040.000000,1647046656.000000,0.000000,0.000000,2.481500,0.039700,0.008000,2.162600,0.012400,0.023500,0.013200,0.000500,0.000200,0.000700,0.000500,0.002600,0.004400,0.008000,0.000000
63,0.273841,3.334495,3.343600,3.200400,1368.000000,955618536.000000,1439367720.000000,255299584.000000,243671040.000000,1647046656.000000,0.000000,0.000000,0.000600,0.000000,0.000000,0.000000,0.013600,0.000000,0.011700,0.000000,0.000000,0.000000,0.001000,0.002000,0.003300,0.006800,0.000000
64,0.276774,2.934304,2.880800,2.757700,1368.000000,955618536.000000,1439367720.000000,255299584.000000,243671040.000000,1647046656.000000,0.000000,0.000000,0.000600,0.000000,0.000000,0.000000,0.013400,0.000000,0.012400,0.000000,0.000000,0.000000,0.000900,0.001800,0.004200,0.007600,0.000000
65,0.280126,3.356696,3.342900,3.213800,1368.000000,955618536.000000,1439367720.000000,255299584.000000,243671040.000000,1647046656.000000,0.000000,0.000000,0.000600,0.000000,0.000000,0.000000,0.010200,0.000000,0.011500,0.000000,0.000000,0.000000,0.000800,0.001700,0.003900,0.007600,0.000000
66,0.283331,3.244799,3.232800,3.095800,1368.000000,955618536.000000,1439367720.000000,255299584.000000,243671040.000000,1647046656.000000,0.000000,0.000000,0.000900,0.000000,0.000000,0.000000,0.012900,0.000000,0.012700,0.000000,0.000000,0.000000,0.001000,0.002000,0.004600,0.006300,0.000000
67,0.288988,5.674703,5.679300,5.532800,1368.000000,955622904.000000,1439367720.000000,255299584.000000,243675136.000000,1647050752.000000,0.000000,0.000000,2.292700,0.039500,0.011100,1.961200,0.014100,0.026600,0.012800,0.000500,0.000200,0.000900,0.000900,0.002400,0.004500,0.008000,0.000000
68,0.291856,2.912599,2.927500,2.797200,1368.000000,955622904.000000,1439367720.000000,255299584.000000,243675136.000000,1647050752.000000,0.000000,0.000000,0.000600,0.000000,0.000000,0.000000,0.014800,0.000000,0.012400,0.000000,0.000000,0.000000,0.000900,0.001800,0.004700,0.007900,0.000000
69,0.295069,3.168601,3.138600,3.017400,1368.000000,955631128.000000,1439367720.000000,255299584.000000,243683328.000000,1647050752.000000,0.000000,0.000000,0.000600,0.000000,0.000000,0.000000,0.012800,0.000000,0.012200,0.000000,0.000000,0.000000,0.000600,0.001800,0.003200,0.006700,0.000000
70,0.298341,3.248498,3.186400,3.037600,1368.000000,955631128.000000,1439367720.000000,255299584.000000,243683328.000000,1647050752.000000,0.000000,0.000000,0.000500,0.000000,0.000000,0.000000,0.013300,0.000000,0.011700,0.000000,0.000000,0.000000,0.000800,0.001700,0.004200,0.007800,0.000000
71,0.304102,5.787202,5.855500,5.676000,1368.000000,955631208.000000,1439367720.000000,255299584.000000,243683328.000000,1647050752.000000,0.000000,0.000000,2.288100,0.038000,0.011600,1.956700,0.016100,0.020600,0.012700,0.000500,0.000300,0.000700,0.001100,0.002500,0.004500,0.007200,0.000000
72,0.306787,2.738102,2.754400,2.627500,1368.000000,955635304.000000,1439367720.000000,255299584.000000,243687424.000000,1647050752.000000,0.000000,0.000000,0.000500,0.000000,0.000000,0.000000,0.014100,0.000000,0.011800,0.000000,0.000000,0.000000,0.001000,0.001700,0.004300,0.007300,0.000000
73,0.310256,3.271996,3.255200,3.139700,1368.000000,955635304.000000,1439367720.000000,255299584.000000,243687424.000000,1647050752.000000,0.000000,0.000000,0.000500,0.000000,0.000000,0.000000,0.010500,0.000000,0.010900,0.000000,0.000000,0.000000,0.000900,0.001600,0.003100,0.006600,0.000000
74,0.313352,3.250900,3.246700,3.119000,1368.000000,955635304.000000,1439367720.000000,255299584.000000,243687424.000000,1647050752.000000,0.000000,0.000000,0.000600,0.000000,0.000000,0.000000,0.160600,0.000000,0.011200,0.000000,0.000000,0.000000,0.001000,0.001600,0.004200,0.007600,0.000000
75,0.316132,2.806300,2.822500,2.699400,1368.000000,955635304.000000,1439367720.000000,255299584.000000,243687424.000000,1647050752.000000,0.000000,0.000000,0.000500,0.000000,0.000000,0.000000,0.013700,0.000000,0.012700,0.000000,0.000000,0.000000,0.001100,0.001800,0.004000,0.007200,0.000000
76,0.321870,5.706604,5.683600,5.573000,1368.000000,955635664.000000,1439367720.000000,255299584.000000,243687424.000000,1647050752.000000,0.000000,0.000000,2.818800,0.042100,0.010700,2.485700,0.010900,0.029200,0.014000,0.000400,0.000300,0.000700,0.000700,0.002200,0.003400,0.007100,0.000000
77,0.325053,3.189498,3.184900,3.054600,1368.000000,955636960.000000,1439367720.000000,255299584.000000,243687424.000000,1647050752.000000,0.000000,0.000000,0.000600,0.000000,0.000000,0.000000,0.013200,0.000000,0.011800,0.000000,0.000000,0.000000,0.000800,0.001800,0.004000,0.006800,0.000000
78,0.328331,3.266298,3.228400,3.094100,1368.000000,955641056.000000,1439367720.000000,255299584.000000,243691520.000000,1647050752.000000,0.000000,0.000000,0.000500,0.000000,0.000000,0.000000,0.011900,0.000000,0.011600,0.000000,0.000000,0.000000,0.000500,0.002000,0.003400,0.006800,0.000000
79,0.331203,2.919204,2.967600,2.753600,1368.000000,955641056.000000,1439367720.000000,255299584.000000,243691520.000000,1647050752.000000,0.000000,0.000000,0.000700,0.000000,0.000000,0.000000,0.014700,0.000000,0.013100,0.000000,0.000000,0.000000,0.000900,0.001700,0.004400,0.007700,0.000000
80,0.337352,6.047903,5.824200,5.546100,1368.000000,955641160.000000,1439367720.000000,255299584.000000,243691520.000000,1647050752.000000,0.000000,0.000000,2.709800,0.036900,0.010200,2.393800,0.011500,0.024300,0.012800,0.000600,0.000200,0.000900,0.000600,0.002300,0.003200,0.007600,0.000000
81,0.340387,3.117198,3.324300,2.994700,1420.000000,955645256.000000,1439367720.000000,255299584.000000,243695616.000000,1647050752.000000,0.000000,0.000000,0.000700,0.000000,0.000000,0.000000,0.016600,0.000000,0.012800,0.000000,0.000000,0.000000,0.001100,0.002100,0.004600,0.007400,0.000000
82,0.343658,3.233298,3.208100,3.078900,1368.000000,955649352.000000,1439367720.000000,255299584.000000,243699712.000000,1647050752.000000,0.000000,0.000000,0.000500,0.000000,0.000000,0.000000,0.011700,0.000000,0.011600,0.000000,0.000000,0.000000,0.000800,0.001600,0.003700,0.007000,0.000000
83,0.346718,3.024001,3.028900,2.882900,1368.000000,955649352.000000,1439367720.000000,255299584.000000,243699712.000000,1647050752.000000,0.000000,0.000000,0.000700,0.000000,0.000000,0.000000,0.014600,0.000000,0.013700,0.000000,0.000000,0.000000,0.001300,0.001900,0.004400,0.007800,0.000000
84,0.350498,3.681597,3.640300,3.490000,1368.000000,955653448.000000,1439367720.000000,255299584.000000,243703808.000000,1647116288.000000,0.000000,0.000000,0.000700,0.000000,0.000000,0.000000,0.013000,0.000000,0.013000,0.000000,0.000000,0.000000,0.000900,0.002000,0.005200,0.006600,0.000000
85,0.356452,6.042304,6.068300,5.884200,1368.000000,955653424.000000,1439367720.000000,255299584.000000,243703808.000000,1647116288.000000,0.000000,0.000000,2.316800,0.039400,0.011600,1.978300,0.016600,0.023300,0.014600,0.000500,0.000300,0.000600,0.001200,0.002900,0.007100,0.009700,0.000000
86,0.359868,3.445500,3.389000,3.236100,1368.000000,955653440.000000,1439367720.000000,255299584.000000,243703808.000000,1647116288.000000,0.000000,0.000000,0.000700,0.000000,0.000000,0.000000,0.013700,0.000000,0.011700,0.000000,0.000000,0.000000,0.000900,0.001900,0.004700,0.008200,0.000000
87,0.363019,3.166001,3.160700,3.010800,1368.000000,955653440.000000,1439367720.000000,255299584.000000,243703808.000000,1647116288.000000,0.000000,0.000000,0.000600,0.000000,0.000000,0.000000,0.012800,0.000000,0.012600,0.000000,0.000000,0.000000,0.000700,0.001700,0.005100,0.008200,0.000000
88,0.365959,2.987698,3.070900,2.877200,1368.000000,955653440.000000,1439367720.000000,255299584.000000,243703808.000000,1647116288.000000,0.000000,0.000000,0.000600,0.000000,0.000000,0.000000,0.014200,0.000000,0.012600,0.000000,0.000000,0.000000,0.001100,0.002100,0.004400,0.008200,0.000000
89,0.371935,5.912897,5.884700,5.767600,1368.000000,955657592.000000,1439367720.000000,255299584.000000,243707904.000000,1647116288.000000,0.000000,0.000000,2.829900,0.039900,0.008100,2.501100,0.011800,0.031800,0.013900,0.000500,0.000300,0.000900,0.000800,0.002300,0.003600,0.008400,0.000000
90,0.375387,3.462202,3.454500,3.315200,1368.000000,955657592.000000,1439367720.000000,255299584.000000,243707904.000000,1647116288.000000,0.000000,0.000000,0.000600,0.000000,0.000000,0.000000,0.013700,0.000000,0.250200,0.000000,0.000000,0.000000,0.000600,0.002200,0.004300,0.007700,0.000000
91,0.378701,3.345798,3.333500,3.192200,1368.000000,955661688.000000,1439367720.000000,255299584.000000,243712000.000000,1647116288.000000,0.000000,0.000000,0.000500,0.000000,0.000000,0.000000,0.011800,0.000000,0.012200,0.000000,0.000000,0.000000,0.000800,0.001900,0.004100,0.007700,0.000000
92,0.381361,2.707603,2.752400,2.607000,1368.000000,955661688.000000,1439367720.000000,255299584.000000,243712000.000000,1647116288.000000,0.000000,0.000000,0.000500,0.000000,0.000000,0.000000,0.012900,0.000000,0.012400,0.000000,0.000000,0.000000,0.001100,0.002000,0.004200,0.007500,0.000000
93,0.388582,7.136402,7.089900,6.976500,1368.000000,955661664.000000,1439367720.000000,255299584.000000,243712000.000000,1647116288.000000,0.000000,0.000000,3.874000,0.039100,0.007900,3.550400,0.010100,0.029900,0.014100,0.000500,0.000300,0.000900,0.000400,0.002400,0.003400,0.008200,0.000000
94,0.391315,2.807093,2.843500,2.704100,1368.000000,955665760.000000,1439367720.000000,255299584.000000,243716096.000000,1647116288.000000,0.000000,0.000000,0.000500,0.000000,0.000000,0.000000,0.014700,0.000000,0.012400,0.000000,0.000000,0.000000,0.001200,0.002000,0.004400,0.008000,0.000000
95,0.394444,3.091305,3.077900,2.971500,1368.000000,955669856.000000,1439367720.000000,255299584.000000,243720192.000000,1647116288.000000,0.000000,0.000000,0.000500,0.000000,0.000000,0.000000,0.011200,0.000000,0.011200,0.000000,0.000000,0.000000,0.000600,0.001400,0.002900,0.006000,0.000000
96,0.397073,2.674596,2.685900,2.577000,1368.000000,955669856.000000,1439367720.000000,255299584.000000,243720192.000000,1647116288.000000,0.000000,0.000000,0.000600,0.000000,0.000000,0.000000,0.011600,0.000000,0.012300,0.000000,0.000000,0.000000,0.000800,0.001600,0.003600,0.006600,0.000000
97,0.402011,4.907802,4.885000,4.781100,1368.000000,955669896.000000,1439367720.000000,255299584.000000,243720192.000000,1647116288.000000,0.000000,0.000000,2.219600,0.038200,0.011100,1.890200,0.009800,0.020400,0.012000,0.000600,0.000300,0.000600,0.000500,0.002300,0.003500,0.007000,0.000000
98,0.405163,3.131200,3.118900,2.993400,1368.000000,955669896.000000,1439367720.000000,255299584.000000,243720192.000000,1647116288.000000,0.000000,0.000000,0.000500,0.000000,0.000000,0.000000,0.010900,0.000000,0.011700,0.000000,0.000000,0.000000,0.000400,0.001900,0.003900,0.007000,0.000000
99,0.408145,2.962599,2.958300,2.824500,1368.000000,955669896.000000,1439367720.000000,255299584.000000,243720192.000000,1647116288.000000,0.000000,0.000000,0.000500,0.000000,0.000000,0.000000,0.014200,0.000000,0.012200,0.000000,0.000000,0.000000,0.000800,0.001800,0.003900,0.007200,0.000000
100,0.410973,2.892800,2.912600,2.786200,1368.000000,955673992.000000,1439367720.000000,255299584.000000,243724288.000000,1647116288.000000,0.000000,0.000000,0.000700,0.000000,0.000000,0.000000,0.013800,0.000000,0.013200,0.000000,0.000000,0.000000,0.000600,0.001700,0.004500,0.008000,0.000000
101,0.414251,3.228897,3.210600,3.101300,1368.000000,955673992.000000,1439367720.000000,255299584.000000,243724288.000000,1647116288.000000,0.000000,0.000000,0.000500,0.000000,0.000000,0.000000,0.011600,0.000000,0.011000,0.000000,0.000000,0.000000,0.000700,0.001500,0.003400,0.006300,0.000000
102,0.419940,5.682603,5.672800,5.545600,1368.000000,955673976.000000,1439367720.000000,255299584.000000,243724288.000000,1647116288.000000,0.000000,0.000000,2.206500,0.037900,0.010200,1.886200,0.011800,0.022000,0.012500,0.000700,0.000300,0.000700,0.000800,0.002200,0.003800,0.006800,0.000000
103,0.422949,3.016001,3.011500,2.879700,1368.000000,955673976.000000,1439367720.000000,255299584.000000,243724288.000000,1647116288.000000,0.000000,0.000000,0.000600,0.000000,0.000000,0.000000,0.013900,0.000000,0.011400,0.000000,0.000000,0.000000,0.001100,0.002000,0.004200,0.007500,0.000000
104,0.425578,2.678699,2.698200,2.570900,1368.000000,955673976.000000,1439367720.000000,255299584.000000,243724288.000000,1647116288.000000,0.000000,0.000000,0.000700,0.000000,0.000000,0.000000,0.013100,0.000000,0.012900,0.000000,0.000000,0.000000,0.000800,0.001900,0.004400,0.008000,0.000000
105,0.428553,2.940901,2.929000,2.818600,1368.000000,955673976.000000,1439367720.000000,255299584.000000,243724288.000000,1647116288.000000,0.000000,0.000000,0.000500,0.000000,0.000000,0.000000,0.010600,0.000000,0.011400,0.000000,0.000000,0.000000,0.000700,0.001700,0.003400,0.006500,0.000000
106,0.431184,2.683298,2.680800,2.568500,1368.000000,955678072.000000,1439367720.000000,255299584.000000,243728384.000000,1647116288.000000,0.000000,0.000000,0.000500,0.000000,0.000000,0.000000,0.011600,0.000000,0.012600,0.000000,0.000000,0.000000,0.001100,0.001800,0.003500,0.008000,0.000000
107,0.436338,5.085502,5.074400,4.953900,1368.000000,955682224.000000,1439367720.000000,255299584.000000,243732480.000000,1647116288.000000,0.000000,0.000000,2.219000,0.037800,0.010300,1.911500,0.009500,0.021200,0.012400,0.000500,0.000300,0.000700,0.000500,0.002200,0.002900,0.021200,0.000000
108,0.439495,3.169501,3.161600,3.035000,1368.000000,955682224.000000,1439367720.000000,255299584.000000,243732480.000000,1647116288.000000,0.000000,0.000000,0.000600,0.000000,0.000000,0.000000,0.012600,0.000000,0.011200,0.000000,0.000000,0.000000,0.000800,0.001500,0.003500,0.006300,0.000000
109,0.442073,2.619494,2.644600,2.520400,1368.000000,955682224.000000,1439367720.000000,255299584.000000,243732480.000000,1647116288.000000,0.000000,0.000000,0.000500,0.000000,0.000000,0.000000,0.012300,0.000000,0.011700,0.000000,0.000000,0.000000,0.000700,0.002000,0.003900,0.006700,0.000000
110,0.445120,3.011402,2.985800,2.879800,1368.000000,955682224.000000,1439367720.000000,255299584.000000,243732480.000000,1647116288.000000,0.000000,0.000000,0.000400,0.000000,0.000000,0.000000,0.010200,0.000000,0.011100,0.000000,0.000000,0.000000,0.000300,0.002000,0.003200,0.006400,0.000000
111,0.448042,2.914002,2.900900,2.776500,1368.000000,955682224.000000,1439367720.000000,255299584.000000,243732480.000000,1647116288.000000,0.000000,0.000000,0.000600,0.000000,0.000000,0.000000,0.012300,0.000000,0.012200,0.000000,0.000000,0.000000,0.000600,0.001800,0.003700,0.007000,0.000000
112,0.454513,6.416199,6.407800,6.267400,1368.000000,955690424.000000,1439367720.000000,255299584.000000,243740672.000000,1647116288.000000,0.000000,0.000000,2.783700,0.039600,0.008300,2.452500,0.012600,0.030400,0.013500,0.000600,0.000300,0.001000,0.000500,0.002300,0.004200,0.008200,0.000000
113,0.457421,2.971301,2.989800,2.854300,1368.000000,955690424.000000,1439367720.000000,255299584.000000,243740672.000000,1647116288.000000,0.000000,0.000000,0.000500,0.000000,0.000000,0.000000,0.013800,0.000000,0.012300,0.000000,0.000000,0.000000,0.000800,0.001900,0.004300,0.007700,0.000000
114,0.460689,3.286600,3.285700,3.118900,1368.000000,955690424.000000,1439367720.000000,255299584.000000,243740672.000000,1647116288.000000,0.000000,0.000000,0.000600,0.000000,0.000000,0.000000,0.011800,0.000000,0.024500,0.000000,0.000000,0.000000,0.001100,0.001800,0.004600,0.008600,0.000000
115,0.463941,3.209000,3.190200,3.068900,1368.000000,955690424.000000,1439367720.000000,255299584.000000,243740672.000000,1647116288.000000,0.000000,0.000000,0.000500,0.000000,0.000000,0.000000,0.011100,0.000000,0.011200,0.000000,0.000000,0.000000,0.000600,0.001600,0.003500,0.006500,0.000000
116,0.470394,6.438202,6.365400,6.230400,1368.000000,955690448.000000,1439367720.000000,255299584.000000,243740672.000000,1647116288.000000,0.000000,0.000000,2.937500,0.039300,0.006300,2.602300,0.013500,0.027900,0.017400,0.000500,0.000100,0.000700,0.000900,0.003100,0.004600,0.007700,0.000000
117,0.473498,3.132596,3.204100,3.007200,1368.000000,955694544.000000,1439367720.000000,255299584.000000,243744768.000000,1647116288.000000,0.000000,0.000000,0.000500,0.000000,0.000000,0.000000,0.012300,0.000000,0.011900,0.000000,0.000000,0.000000,0.000600,0.001700,0.004500,0.007200,0.000000
118,0.476191,2.714399,2.735900,2.614600,1368.000000,955694544.000000,1439367720.000000,255299584.000000,243744768.000000,1647116288.000000,0.000000,0.000000,0.000500,0.000000,0.000000,0.000000,0.012400,0.000000,0.012400,0.000000,0.000000,0.000000,0.001000,0.001700,0.004000,0.007000,0.000000
119,0.479246,3.053706,3.032200,2.928200,1368.000000,955694544.000000,1439367720.000000,255299584.000000,243744768.000000,1647116288.000000,0.000000,0.000000,0.000500,0.000000,0.000000,0.000000,0.010400,0.000000,0.011200,0.000000,0.000000,0.000000,0.000800,0.001400,0.003700,0.006400,0.000000
120,0.482034,2.788294,2.767200,2.648900,1368.000000,955698640.000000,1439367720.000000,255299584.000000,243748864.000000,1647116288.000000,0.000000,0.000000,0.000500,0.000000,0.000000,0.000000,0.011500,0.000000,0.011500,0.000000,0.000000,0.000000,0.000800,0.001800,0.003700,0.007200,0.000000
121,0.487392,5.302700,5.147200,5.015500,1368.000000,955698720.000000,1439367720.000000,255299584.000000,243748864.000000,1647116288.000000,0.000000,0.000000,2.244100,0.043200,0.024200,1.900900,0.011400,0.021500,0.012800,0.000500,0.000300,0.000700,0.000800,0.002300,0.003800,0.007400,0.000000
122,0.490519,3.178401,3.335300,3.046900,1368.000000,955698720.000000,1439367720.000000,255299584.000000,243748864.000000,1647116288.000000,0.000000,0.000000,0.000500,0.000000,0.000000,0.000000,0.015000,0.000000,0.013300,0.000000,0.000000,0.000000,0.001200,0.002200,0.004900,0.007900,0.000000
123,0.493646,3.101800,3.102200,2.971400,1368.000000,955702816.000000,1439367720.000000,255299584.000000,243752960.000000,1647116288.000000,0.000000,0.000000,0.000600,0.000000,0.000000,0.000000,0.011900,0.000000,0.011500,0.000000,0.000000,0.000000,0.000900,0.001600,0.003400,0.006900,0.000000
124,0.496399,2.806704,2.816500,2.694900,1368.000000,955702816.000000,1439367720.000000,255299584.000000,243752960.000000,1647116288.000000,0.000000,0.000000,0.000500,0.000000,0.000000,0.000000,0.012400,0.000000,0.012200,0.000000,0.000000,0.000000,0.001200,0.001800,0.003900,0.006500,0.000000
125,0.499740,3.269997,3.235900,3.115000,1368.000000,955706912.000000,1439367720.000000,255299584.000000,243757056.000000,1647116288.000000,0.000000,0.000000,0.000500,0.000000,0.000000,0.000000,0.011200,0.000000,0.011700,0.000000,0.000000,0.000000,0.000700,0.001600,0.003100,0.006400,0.000000
126,0.505837,6.093800,6.069600,5.912600,1368.000000,955706936.000000,1439367720.000000,255299584.000000,243757056.000000,1647116288.000000,0.000000,0.000000,2.755000,0.040000,0.008000,2.426000,0.013400,0.028200,0.015600,0.000500,0.000300,0.000700,0.001100,0.002500,0.004200,0.009600,0.000000
127,0.509048,3.230704,3.260100,3.096900,1368.000000,955706936.000000,1439367720.000000,255299584.000000,243757056.000000,1647116288.000000,0.000000,0.000000,0.000600,0.000000,0.000000,0.000000,0.013400,0.000000,0.011500,0.000000,0.000000,0.000000,0.000900,0.002000,0.004400,0.007700,0.000000
128,0.511650,2.654096,2.672600,2.547100,1368.000000,955711032.000000,1439367720.000000,255299584.000000,243761152.000000,1647116288.000000,0.000000,0.000000,0.000500,0.000000,0.000000,0.000000,0.012100,0.000000,0.011900,0.000000,0.000000,0.000000,0.000800,0.002000,0.004200,0.007600,0.000000
129,0.514878,3.174901,3.128200,3.015700,1368.000000,955711032.000000,1439367720.000000,255299584.000000,243761152.000000,1647116288.000000,0.000000,0.000000,0.000500,0.000000,0.000000,0.000000,0.010100,0.000000,0.011600,0.000000,0.000000,0.000000,0.000400,0.001700,0.003200,0.006100,0.000000
130,0.520823,5.956101,5.979700,5.828000,1368.000000,955711008.000000,1439367720.000000,255299584.000000,243761152.000000,1647116288.000000,0.000000,0.000000,2.905000,0.038300,0.007500,2.591800,0.012200,0.021900,0.013000,0.000500,0.000300,0.000900,0.001000,0.002500,0.004700,0.007300,0.000000
131,0.524018,3.192503,3.184800,3.056700,1368.000000,955711008.000000,1439367720.000000,255299584.000000,243761152.000000,1647116288.000000,0.000000,0.000000,0.000600,0.000000,0.000000,0.000000,0.012600,0.000000,0.011600,0.000000,0.000000,0.000000,0.000600,0.001800,0.004100,0.006600,0.000000
132,0.526657,2.690795,2.718000,2.593500,1368.000000,955715104.000000,1439367720.000000,255299584.000000,243765248.000000,1647116288.000000,0.000000,0.000000,0.000500,0.000000,0.000000,0.000000,0.012900,0.000000,0.012100,0.000000,0.000000,0.000000,0.000600,0.001700,0.003500,0.007300,0.000000
133,0.529751,3.047704,3.016900,2.911900,1368.000000,955719200.000000,1439367720.000000,255299584.000000,243769344.000000,1647181824.000000,0.000000,0.000000,0.000500,0.000000,0.000000,0.000000,0.010200,0.000000,0.011600,0.000000,0.000000,0.000000,0.000600,0.001600,0.003000,0.006000,0.000000
134,0.532509,2.745096,2.713500,2.586400,1368.000000,955723296.000000,1439367720.000000,255299584.000000,243773440.000000,1647181824.000000,0.000000,0.000000,0.000700,0.000000,0.000000,0.000000,0.012200,0.000000,0.012200,0.000000,0.000000,0.000000,0.000800,0.001800,0.004000,0.007300,0.000000
135,0.538799,5.985799,5.986100,5.823300,1368.000000,955723352.000000,1439367720.000000,255299584.000000,243773440.000000,1647181824.000000,0.000000,0.000000,2.409100,0.044500,0.011700,2.012700,0.013000,0.021900,0.013000,0.000800,0.000200,0.000600,0.000700,0.002300,0.007800,0.007000,0.000000
136,0.541595,3.149001,3.191800,3.043000,1420.000000,955723352.000000,1439367720.000000,255299584.000000,243773440.000000,1647181824.000000,0.000000,0.000000,0.000800,0.000000,0.000000,0.000000,0.015800,0.000000,0.139800,0.000000,0.000000,0.000000,0.001000,0.001800,0.006100,0.009100,0.000000
137,0.544796,3.165299,3.141400,3.030200,1368.000000,955723352.000000,1439367720.000000,255299584.000000,243773440.000000,1647181824.000000,0.000000,0.000000,0.000500,0.000000,0.000000,0.000000,0.011200,0.000000,0.011900,0.000000,0.000000,0.000000,0.000700,0.001800,0.003000,0.006200,0.000000
138,0.547685,2.889803,2.890900,2.762200,1368.000000,955723352.000000,1439367720.000000,255299584.000000,243773440.000000,1647181824.000000,0.000000,0.000000,0.000500,0.000000,0.000000,0.000000,0.011600,0.000000,0.012000,0.000000,0.000000,0.000000,0.000700,0.001900,0.004000,0.007600,0.000000
139,0.553584,5.818297,5.735800,5.601000,1368.000000,955723328.000000,1439367720.000000,255299584.000000,243773440.000000,1647181824.000000,0.000000,0.000000,2.392300,0.045600,0.011600,2.049000,0.012500,0.025600,0.013700,0.000500,0.000300,0.000800,0.000600,0.002500,0.003800,0.007200,0.000000
140,0.556581,3.076105,3.161900,2.966900,1368.000000,955727424.000000,1439367720.000000,255299584.000000,243777536.000000,1647181824.000000,0.000000,0.000000,0.000600,0.000000,0.000000,0.000000,0.017400,0.000000,0.012900,0.000000,0.000000,0.000000,0.001000,0.001700,0.005500,0.006600,0.000000
141,0.559919,3.306895,3.276700,3.154000,1368.000000,955727424.000000,1439367720.000000,255299584.000000,243777536.000000,1647181824.000000,0.000000,0.000000,0.000600,0.000000,0.000000,0.000000,0.011500,0.000000,0.012200,0.000000,0.000000,0.000000,0.000700,0.001700,0.003600,0.006200,0.000000
142,0.563298,3.386005,3.385700,3.243400,1368.000000,955727424.000000,1439367720.000000,255299584.000000,243777536.000000,1647181824.000000,0.000000,0.000000,0.000500,0.000000,0.000000,0.000000,0.013700,0.000000,0.013300,0.000000,0.000000,0.000000,0.000600,0.002100,0.004700,0.008000,0.000000
143,0.566034,2.794196,2.811000,2.677800,1368.000000,955727424.000000,1439367720.000000,255299584.000000,243777536.000000,1647181824.000000,0.000000,0.000000,0.000600,0.000000,0.000000,0.000000,0.013800,0.000000,0.013300,0.000000,0.000000,0.000000,0.000900,0.002200,0.004400,0.008200,0.000000
144,0.571391,5.306399,5.291300,5.169800,1368.000000,955727448.000000,1439367720.000000,255299584.000000,243777536.000000,1647181824.000000,0.000000,0.000000,2.308300,0.051700,0.007300,1.997000,0.010200,0.021100,0.013400,0.000600,0.000200,0.000700,0.000500,0.002400,0.003700,0.008200,0.000000
145,0.574920,3.444501,3.433200,3.300100,1368.000000,955735640.000000,1439367720.000000,255299584.000000,243785728.000000,1647181824.000000,0.000000,0.000000,0.000700,0.000000,0.000000,0.000000,0.013200,0.000000,0.011900,0.000000,0.000000,0.000000,0.000600,0.001900,0.004900,0.008700,0.000000
146,0.578179,3.133100,3.130700,2.987200,1368.000000,955735640.000000,1439367720.000000,255299584.000000,243785728.000000,1647181824.000000,0.000000,0.000000,0.000700,0.000000,0.000000,0.000000,0.013400,0.000000,0.013200,0.000000,0.000000,0.000000,0.000700,0.002100,0.004500,0.007800,0.000000
147,0.581189,3.264300,3.283600,3.096400,1368.000000,955735640.000000,1439367720.000000,255299584.000000,243785728.000000,1647181824.000000,0.000000,0.000000,0.000600,0.000000,0.000000,0.000000,0.149400,0.000000,0.013100,0.000000,0.000000,0.000000,0.000900,0.002600,0.004900,0.154900,0.000000
148,0.587290,6.035799,5.866200,5.749000,1368.000000,955735616.000000,1439367720.000000,255299584.000000,243785728.000000,1647181824.000000,0.000000,0.000000,2.777500,0.038100,0.008300,2.455900,0.011100,0.026300,0.013200,0.000700,0.000300,0.001000,0.000700,0.002400,0.003200,0.007400,0.000000
149,0.590338,3.097102,3.246200,2.970300,1368.000000,955735616.000000,1439367720.000000,255299584.000000,243785728.000000,1647181824.000000,0.000000,0.000000,0.000700,0.000000,0.000000,0.000000,0.015900,0.000000,0.025500,0.000000,0.000000,0.000000,0.000900,0.001700,0.004700,0.008600,0.000000
150,0.593387,3.039498,3.033500,2.903700,1368.000000,955735616.000000,1439367720.000000,255299584.000000,243785728.000000,1647181824.000000,0.000000,0.000000,0.000500,0.000000,0.000000,0.000000,0.011800,0.000000,0.011600,0.000000,0.000000,0.000000,0.000700,0.001500,0.003800,0.007200,0.000000
151,0.596323,2.927905,2.942600,2.815600,1368.000000,955739712.000000,1439367720.000000,255299584.000000,243789824.000000,1647181824.000000,0.000000,0.000000,0.000800,0.000000,0.000000,0.000000,0.012900,0.000000,0.012700,0.000000,0.000000,0.000000,0.000700,0.001900,0.003800,0.007100,0.000000
152,0.599576,3.267099,3.250600,3.137000,1368.000000,955739712.000000,1439367720.000000,255299584.000000,243789824.000000,1647181824.000000,0.000000,0.000000,0.000600,0.000000,0.000000,0.000000,0.011300,0.000000,0.012600,0.000000,0.000000,0.000000,0.001000,0.001600,0.003600,0.006300,0.000000
153,0.605079,5.470295,5.457700,5.329800,1368.000000,955739736.000000,1439367720.000000,255299584.000000,243789824.000000,1647181824.000000,0.000000,0.000000,2.293100,0.037500,0.011400,1.964900,0.011200,0.021100,0.012800,0.000600,0.000300,0.000700,0.000700,0.002300,0.003700,0.007900,0.000000
154,0.608076,2.982100,2.972900,2.833800,1368.000000,955743832.000000,1439367720.000000,255299584.000000,243793920.000000,1647181824.000000,0.000000,0.000000,0.000600,0.000000,0.000000,0.000000,0.013700,0.000000,0.012400,0.000000,0.000000,0.000000,0.001000,0.002000,0.004500,0.007700,0.000000
155,0.610792,2.796400,2.826000,2.692100,1368.000000,955743832.000000,1439367720.000000,255299584.000000,243793920.000000,1647181824.000000,0.000000,0.000000,0.003500,0.000000,0.000000,0.000000,0.013700,0.000000,0.012200,0.000000,0.000000,0.000000,0.002500,0.002100,0.011300,0.021400,0.000000
156,0.614133,3.253401,3.226100,3.113900,1368.000000,955747928.000000,1439367720.000000,255299584.000000,243798016.000000,1647181824.000000,0.000000,0.000000,0.000500,0.000000,0.000000,0.000000,0.010400,0.000000,0.011400,0.000000,0.000000,0.000000,0.000400,0.001900,0.003200,0.006300,0.000000
157,0.619791,5.677402,5.670300,5.535700,1368.000000,955747904.000000,1439367720.000000,255299584.000000,243798016.000000,1647181824.000000,0.000000,0.000000,2.305500,0.040600,0.008700,1.986700,0.015000,0.021800,0.013300,0.000500,0.000200,0.000600,0.000900,0.002300,0.004400,0.008000,0.000000
158,0.623342,3.530903,3.518700,3.375100,1368.000000,955752000.000000,1439367720.000000,255299584.000000,243802112.000000,1647181824.000000,0.000000,0.000000,0.000600,0.000000,0.000000,0.000000,0.013700,0.000000,0.012400,0.000000,0.000000,0.000000,0.001000,0.002100,0.004100,0.006700,0.000000
159,0.626215,2.948994,2.977800,2.837700,1368.000000,955752000.000000,1439367720.000000,255299584.000000,243802112.000000,1647181824.000000,0.000000,0.000000,0.000600,0.000000,0.000000,0.000000,0.014400,0.000000,0.013400,0.000000,0.000000,0.000000,0.000900,0.002100,0.004500,0.008200,0.000000
160,0.629519,3.226602,3.211900,3.097700,1368.000000,955752000.000000,1439367720.000000,255299584.000000,243802112.000000,1647181824.000000,0.000000,0.000000,0.000600,0.000000,0.000000,0.000000,0.010500,0.000000,0.011600,0.000000,0.000000,0.000000,0.000500,0.001400,0.003900,0.006300,0.000000
161,0.632277,2.828203,2.826000,2.704200,1368.000000,955752000.000000,1439367720.000000,255299584.000000,243802112.000000,1647181824.000000,0.000000,0.000000,0.000700,0.000000,0.000000,0.000000,0.014600,0.000000,0.012500,0.000000,0.000000,0.000000,0.000800,0.001500,0.004700,0.008700,0.000000
162,0.638431,6.043395,5.969400,5.833300,1368.000000,955756120.000000,1439367720.000000,255299584.000000,243806208.000000,1647181824.000000,0.000000,0.000000,2.438900,0.047100,0.011700,2.097300,0.011200,0.021300,0.013000,0.000600,0.000300,0.000700,0.000700,0.002200,0.003400,0.007100,0.000000
163,0.641561,3.235303,3.300700,3.115800,1368.000000,955756120.000000,1439367720.000000,255299584.000000,243806208.000000,1647181824.000000,0.000000,0.000000,0.000700,0.000000,0.000000,0.000000,0.018800,0.000000,0.013600,0.000000,0.000000,0.000000,0.001300,0.002400,0.005200,0.009300,0.000000
164,0.644804,3.226800,3.215100,3.090600,1368.000000,955756120.000000,1439367720.000000,255299584.000000,243806208.000000,1647181824.000000,0.000000,0.000000,0.000500,0.000000,0.000000,0.000000,0.012000,0.000000,0.012200,0.000000,0.000000,0.000000,0.000600,0.001800,0.003400,0.006800,0.000000
165,0.647829,2.986898,2.983600,2.851800,1368.000000,955756120.000000,1439367720.000000,255299584.000000,243806208.000000,1647181824.000000,0.000000,0.000000,0.000500,0.000000,0.000000,0.000000,0.012300,0.000000,0.011700,0.000000,0.000000,0.000000,0.000600,0.001600,0.003700,0.007300,0.000000
166,0.654632,6.778203,6.768300,6.631800,1368.000000,955756104.000000,1439367720.000000,255299584.000000,243806208.000000,1647181824.000000,0.000000,0.000000,3.300200,0.042700,0.009200,2.965600,0.013400,0.032500,0.024800,0.000500,0.000200,0.000800,0.001100,0.002300,0.004600,0.007700,0.000000
167,0.657562,2.986600,2.990800,2.855200,1368.000000,955760200.000000,1439367720.000000,255299584.000000,243810304.000000,1647181824.000000,0.000000,0.000000,0.000500,0.000000,0.000000,0.000000,0.013800,0.000000,0.012400,0.000000,0.000000,0.000000,0.001100,0.002200,0.004700,0.008400,0.000000
168,0.660314,2.792099,2.812000,2.685200,1368.000000,955764296.000000,1439367720.000000,255299584.000000,243814400.000000,1647181824.000000,0.000000,0.000000,0.000500,0.000000,0.000000,0.000000,0.012900,0.000000,0.012900,0.000000,0.000000,0.000000,0.000700,0.001900,0.004000,0.007700,0.000000
169,0.663235,2.901701,2.888300,2.780500,1368.000000,955764296.000000,1439367720.000000,255299584.000000,243814400.000000,1647181824.000000,0.000000,0.000000,0.000500,0.000000,0.000000,0.000000,0.010900,0.000000,0.011900,0.000000,0.000000,0.000000,0.000600,0.001700,0.003200,0.006900,0.000000
170,0.665847,2.653097,2.663000,2.550900,1368.000000,955764296.000000,1439367720.000000,255299584.000000,243814400.000000,1647181824.000000,0.000000,0.000000,0.000600,0.000000,0.000000,0.000000,0.012000,0.000000,0.012100,0.000000,0.000000,0.000000,0.000600,0.001600,0.003700,0.007300,0.000000
171,0.671905,5.952104,5.917900,5.805500,1368.000000,955768416.000000,1439367720.000000,255299584.000000,243818496.000000,1647181824.000000,0.000000,0.000000,2.834000,0.037400,0.007700,2.516200,0.009900,0.031700,0.013500,0.000400,0.000300,0.001100,0.000500,0.002300,0.002900,0.008600,0.000000
172,0.674906,3.029996,3.039300,2.901700,1368.000000,955768416.000000,1439367720.000000,255299584.000000,243818496.000000,1647181824.000000,0.000000,0.000000,0.000900,0.000000,0.000000,0.000000,0.013300,0.000000,0.012600,0.000000,0.000000,0.000000,0.001100,0.002100,0.005500,0.009500,0.000000
173,0.677861,2.957802,2.949100,2.822400,1368.000000,955772512.000000,1439367720.000000,255299584.000000,243822592.000000,1647181824.000000,0.000000,0.000000,0.000500,0.000000,0.000000,0.000000,0.012100,0.000000,0.011500,0.000000,0.000000,0.000000,0.000700,0.001600,0.004100,0.006600,0.000000
174,0.680549,2.740901,2.755200,2.632200,1368.000000,955772512.000000,1439367720.000000,255299584.000000,243822592.000000,1647181824.000000,0.000000,0.000000,0.000600,0.000000,0.000000,0.000000,0.013800,0.000000,0.012800,0.000000,0.000000,0.000000,0.000800,0.001800,0.003700,0.009300,0.000000
175,0.686169,5.544601,5.507400,5.386100,1368.000000,955772488.000000,1439367720.000000,255299584.000000,243822592.000000,1647181824.000000,0.000000,0.000000,2.402600,0.040000,0.007600,2.074500,0.010800,0.024600,0.013300,0.000600,0.000300,0.001000,0.000600,0.002700,0.003600,0.008400,0.000000
176,0.689473,3.344700,3.335900,3.189300,1368.000000,955776584.000000,1439367720.000000,255299584.000000,243826688.000000,1647181824.000000,0.000000,0.000000,0.000600,0.000000,0.000000,0.000000,0.014600,0.000000,0.012300,0.000000,0.000000,0.000000,0.000700,0.002000,0.004700,0.006400,0.000000
177,0.692222,2.774001,2.807500,2.658100,1368.000000,955776584.000000,1439367720.000000,255299584.000000,243826688.000000,1647181824.000000,0.000000,0.000000,0.000700,0.000000,0.000000,0.000000,0.012300,0.000000,0.011800,0.000000,0.000000,0.000000,0.000800,0.002100,0.004000,0.007400,0.000000
178,0.695107,2.873002,2.868800,2.754900,1368.000000,955776584.000000,1439367720.000000,255299584.000000,243826688.000000,1647181824.000000,0.000000,0.000000,0.000700,0.000000,0.000000,0.000000,0.011300,0.000000,0.012800,0.000000,0.000000,0.000000,0.000900,0.002000,0.003500,0.006700,0.000000
179,0.697963,2.825397,2.816800,2.701800,1368.000000,955780680.000000,1439367720.000000,255299584.000000,243830784.000000,1647181824.000000,0.000000,0.000000,0.000500,0.000000,0.000000,0.000000,0.010700,0.000000,0.011400,0.000000,0.000000,0.000000,0.000800,0.001800,0.003700,0.006900,0.000000
180,0.703715,5.713400,5.686300,5.555800,1368.000000,955780704.000000,1439367720.000000,255299584.000000,243830784.000000,1647181824.000000,0.000000,0.000000,2.300600,0.038700,0.010400,1.977700,0.011300,0.021000,0.013300,0.000500,0.000200,0.000700,0.000500,0.002500,0.003600,0.009000,0.000000
181,0.706702,3.066199,3.087200,2.944000,1368.000000,955780704.000000,1439367720.000000,255299584.000000,243830784.000000,1647181824.000000,0.000000,0.000000,0.000600,0.000000,0.000000,0.000000,0.015600,0.000000,0.013000,0.000000,0.000000,0.000000,0.001000,0.001900,0.004600,0.008600,0.000000
182,0.710031,3.274702,3.249200,3.122500,1368.000000,955780704.000000,1439367720.000000,255299584.000000,243830784.000000,1647181824.000000,0.000000,0.000000,0.000600,0.000000,0.000000,0.000000,0.011200,0.000000,0.012500,0.000000,0.000000,0.000000,0.000700,0.001700,0.003800,0.007000,0.000000
183,0.713225,3.201297,3.200300,3.055400,1368.000000,955784800.000000,1439367720.000000,255299584.000000,243834880.000000,1647247360.000000,0.000000,0.000000,0.000600,0.000000,0.000000,0.000000,0.013500,0.000000,0.013000,0.000000,0.000000,0.000000,0.000900,0.001900,0.004500,0.007600,0.000000
184,0.716154,2.955201,2.974600,2.835600,1368.000000,955788896.000000,1439367720.000000,255299584.000000,243838976.000000,1647247360.000000,0.000000,0.000000,0.000500,0.000000,0.000000,0.000000,0.014300,0.000000,0.012800,0.000000,0.000000,0.000000,0.000900,0.001800,0.004300,0.007700,0.000000
185,0.721870,5.641801,5.617100,5.493700,1368.000000,955788872.000000,1439367720.000000,255299584.000000,243838976.000000,1647247360.000000,0.000000,0.000000,2.404800,0.040600,0.011700,2.073400,0.011400,0.022400,0.013400,0.000700,0.000300,0.000700,0.000500,0.002200,0.003500,0.007800,0.000000
186,0.725161,3.348597,3.350800,3.206900,1368.000000,955788872.000000,1439367720.000000,255299584.000000,243838976.000000,1647247360.000000,0.000000,0.000000,0.000800,0.000000,0.000000,0.000000,0.017300,0.000000,0.021600,0.000000,0.000000,0.000000,0.001200,0.001700,0.006000,0.009900,0.000000
187,0.728444,3.271804,3.267500,3.130700,1368.000000,955788872.000000,1439367720.000000,255299584.000000,243838976.000000,1647247360.000000,0.000000,0.000000,0.000600,0.000000,0.000000,0.000000,0.012800,0.000000,0.012000,0.000000,0.000000,0.000000,0.000600,0.001800,0.004500,0.007600,0.000000
188,0.731289,2.897796,2.918500,2.788900,1368.000000,955788872.000000,1439367720.000000,255299584.000000,243838976.000000,1647247360.000000,0.000000,0.000000,0.000500,0.000000,0.000000,0.000000,0.014400,0.000000,0.013200,0.000000,0.000000,0.000000,0.001000,0.001900,0.004500,0.009200,0.000000
189,0.736610,5.269104,5.245100,5.128700,1368.000000,955788896.000000,1439367720.000000,255299584.000000,243838976.000000,1647247360.000000,0.000000,0.000000,2.290700,0.037800,0.007500,1.979300,0.010900,0.023000,0.013000,0.000500,0.000300,0.000700,0.000600,0.002500,0.003300,0.008500,0.000000
190,0.739898,3.315497,3.281700,3.145500,1368.000000,955792992.000000,1439367720.000000,255299584.000000,243843072.000000,1647247360.000000,0.000000,0.000000,0.000500,0.000000,0.000000,0.000000,0.012100,0.000000,0.010800,0.000000,0.000000,0.000000,0.000600,0.001500,0.003800,0.007400,0.000000
191,0.742923,3.000702,3.028400,2.865500,1420.000000,955792992.000000,1439367720.000000,255299584.000000,243843072.000000,1647247360.000000,0.000000,0.000000,0.000600,0.000000,0.000000,0.000000,0.012900,0.000000,0.012200,0.000000,0.000000,0.000000,0.000600,0.001600,0.003800,0.007100,0.000000
192,0.745795,2.917496,2.932000,2.803300,1368.000000,955792992.000000,1439367720.000000,255299584.000000,243843072.000000,1647247360.000000,0.000000,0.000000,0.000600,0.000000,0.000000,0.000000,0.013700,0.000000,0.014300,0.000000,0.000000,0.000000,0.000800,0.002100,0.004600,0.008500,0.000000
193,0.749022,3.190101,3.171400,3.055300,1368.000000,955792992.000000,1439367720.000000,255299584.000000,243843072.000000,1647247360.000000,0.000000,0.000000,0.000500,0.000000,0.000000,0.000000,0.011900,0.000000,0.011700,0.000000,0.000000,0.000000,0.000600,0.001800,0.003500,0.007200,0.000000
194,0.755505,6.341305,6.262400,6.097700,1368.000000,955792968.000000,1439367720.000000,255299584.000000,243843072.000000,1647247360.000000,0.000000,0.000000,2.344100,0.040300,0.008100,2.015200,0.012300,0.019000,0.013200,0.000600,0.000300,0.000600,0.000900,0.002400,0.003900,0.006600,0.000000
195,0.759130,3.699298,3.763000,3.556600,1368.000000,955792968.000000,1439367720.000000,255299584.000000,243843072.000000,1647247360.000000,0.000000,0.000000,0.000600,0.000000,0.000000,0.000000,0.015300,0.000000,0.072300,0.000000,0.000000,0.000000,0.001000,0.002100,0.005500,0.006700,0.000000
196,0.761943,2.927097,2.952400,2.817400,1368.000000,955801160.000000,1439367720.000000,255299584.000000,243851264.000000,1647247360.000000,0.000000,0.000000,0.000500,0.000000,0.000000,0.000000,0.014000,0.000000,0.013000,0.000000,0.000000,0.000000,0.001000,0.001800,0.006000,0.008600,0.000000
197,0.765210,3.243998,3.231200,3.117300,1368.000000,955805256.000000,1439367720.000000,255299584.000000,243855360.000000,1647247360.000000,0.000000,0.000000,0.000500,0.000000,0.000000,0.000000,0.011400,0.000000,0.012200,0.000000,0.000000,0.000000,0.000400,0.002400,0.003600,0.006400,0.000000
198,0.771016,5.784205,5.769700,5.643600,1368.000000,955805280.000000,1439367720.000000,255299584.000000,243855360.000000,1647247360.000000,0.000000,0.000000,2.851700,0.040100,0.008400,2.515800,0.012300,0.029400,0.013100,0.000600,0.000300,0.000900,0.000600,0.002300,0.003400,0.007400,0.000000
199,0.774434,3.395600,3.390800,3.256200,1368.000000,955805280.000000,1439367720.000000,255299584.000000,243855360.000000,1647247360.000000,0.000000,0.000000,0.000500,0.000000,0.000000,0.000000,0.012900,0.000000,0.011700,0.000000,0.000000,0.000000,0.000500,0.001700,0.004100,0.006200,0.000000
200,0.777294,2.894402,2.907700,2.777800,1368.000000,955805280.000000,1439367720.000000,255299584.000000,243855360.000000,1647247360.000000,0.000000,0.000000,0.000800,0.000000,0.000000,0.000000,0.011900,0.000000,0.012300,0.000000,0.000000,0.000000,0.000700,0.001700,0.004300,0.007400,0.000000
201,0.780281,3.000099,2.991400,2.872900,1368.000000,955809376.000000,1439367720.000000,255299584.000000,243859456.000000,1647247360.000000,0.000000,0.000000,0.000600,0.000000,0.000000,0.000000,0.012200,0.000000,0.012800,0.000000,0.000000,0.000000,0.001000,0.001900,0.004700,0.007300,0.000000
202,0.783483,3.180797,3.157200,3.031900,1368.000000,955809376.000000,1439367720.000000,255299584.000000,243859456.000000,1647247360.000000,0.000000,0.000000,0.000600,0.000000,0.000000,0.000000,0.012300,0.000000,0.012700,0.000000,0.000000,0.000000,0.000700,0.001600,0.004100,0.007000,0.000000
203,0.790341,6.844402,6.772900,6.624500,1368.000000,955809352.000000,1439367720.000000,255299584.000000,243859456.000000,1647247360.000000,0.000000,0.000000,3.136600,0.041300,0.010200,2.797500,0.013000,0.029400,0.024600,0.000500,0.000400,0.000700,0.000700,0.002400,0.004000,0.007700,0.000000
204,0.793927,3.515101,3.586000,3.373300,1368.000000,955809352.000000,1439367720.000000,255299584.000000,243859456.000000,1647247360.000000,0.000000,0.000000,0.000600,0.000000,0.000000,0.000000,0.014200,0.000000,0.012600,0.000000,0.000000,0.000000,0.000900,0.001900,0.004800,0.008200,0.000000
205,0.796689,2.889399,2.914500,2.782900,1368.000000,955809352.000000,1439367720.000000,255299584.000000,243859456.000000,1647247360.000000,0.000000,0.000000,0.000500,0.000000,0.000000,0.000000,0.014000,0.000000,0.012900,0.000000,0.000000,0.000000,0.001000,0.002000,0.005000,0.007500,0.000000
206,0.799745,3.040597,3.026400,2.916700,1368.000000,955809352.000000,1439367720.000000,255299584.000000,243859456.000000,1647247360.000000,0.000000,0.000000,0.000600,0.000000,0.000000,0.000000,0.011400,0.000000,0.012100,0.000000,0.000000,0.000000,0.000500,0.001600,0.003100,0.006200,0.000000
207,0.805262,5.487301,5.469700,5.343700,1368.000000,955813472.000000,1439367720.000000,255299584.000000,243863552.000000,1647247360.000000,0.000000,0.000000,2.239700,0.036600,0.007500,1.923200,0.011900,0.020300,0.026000,0.000600,0.000200,0.000700,0.000600,0.002100,0.003700,0.006300,0.000000
208,0.808887,3.555300,3.555900,3.420100,1368.000000,955813472.000000,1439367720.000000,255299584.000000,243863552.000000,1647247360.000000,0.000000,0.000000,0.000500,0.000000,0.000000,0.000000,0.012900,0.000000,0.012000,0.000000,0.000000,0.000000,0.000900,0.001700,0.004100,0.006700,0.000000
209,0.811743,2.854500,2.819500,2.693800,1368.000000,955817568.000000,1439367720.000000,255299584.000000,243867648.000000,1647247360.000000,0.000000,0.000000,0.000600,0.000000,0.000000,0.000000,0.014300,0.000000,0.012800,0.000000,0.000000,0.000000,0.000700,0.002000,0.003900,0.007200,0.000000
210,0.814849,3.174100,3.158000,3.045400,1368.000000,955821664.000000,1439367720.000000,255299584.000000,243871744.000000,1647247360.000000,0.000000,0.000000,0.000700,0.000000,0.000000,0.000000,0.010300,0.000000,0.011900,0.000000,0.000000,0.000000,0.000600,0.001500,0.004600,0.007200,0.000000
211,0.821300,6.427501,6.399000,6.270100,1368.000000,955821640.000000,1439367720.000000,255299584.000000,243871744.000000,1647247360.000000,0.000000,0.000000,2.971500,0.038900,0.007700,2.646100,0.012600,0.030000,0.015100,0.000500,0.000200,0.000900,0.000500,0.002500,0.004500,0.007700,0.000000
212,0.824667,3.383603,3.388200,3.178200,1368.000000,955825736.000000,1439367720.000000,255299584.000000,243875840.000000,1647247360.000000,0.000000,0.000000,0.000600,0.000000,0.000000,0.000000,0.013200,0.000000,0.011500,0.000000,0.000000,0.000000,0.000700,0.001800,0.004900,0.007400,0.000000
213,0.827477,2.816100,2.835000,2.699900,1368.000000,955825736.000000,1439367720.000000,255299584.000000,243875840.000000,1647247360.000000,0.000000,0.000000,0.000500,0.000000,0.000000,0.000000,0.013300,0.000000,0.012200,0.000000,0.000000,0.000000,0.000900,0.001900,0.004100,0.006300,0.000000
214,0.830400,2.968800,2.972200,2.857200,1368.000000,955825736.000000,1439367720.000000,255299584.000000,243875840.000000,1647247360.000000,0.000000,0.000000,0.000500,0.000000,0.000000,0.000000,0.012900,0.000000,0.012300,0.000000,0.000000,0.000000,0.000800,0.001700,0.004200,0.007800,0.000000
215,0.835978,5.519395,5.497500,5.382200,1368.000000,955825760.000000,1439367720.000000,255299584.000000,243875840.000000,1647247360.000000,0.000000,0.000000,2.602200,0.038700,0.005700,2.288300,0.011500,0.028400,0.013900,0.000700,0.000300,0.000800,0.000800,0.002200,0.003600,0.008100,0.000000
216,0.839077,3.131406,3.132500,3.000900,1368.000000,955825760.000000,1439367720.000000,255299584.000000,243875840.000000,1647247360.000000,0.000000,0.000000,0.000500,0.000000,0.000000,0.000000,0.012200,0.000000,0.011900,0.000000,0.000000,0.000000,0.000700,0.001600,0.004200,0.007300,0.000000
217,0.841863,2.805995,2.648000,2.528000,1368.000000,955825760.000000,1439367720.000000,255299584.000000,243875840.000000,1647247360.000000,0.000000,0.000000,0.000700,0.000000,0.000000,0.000000,0.011600,0.000000,0.011900,0.000000,0.000000,0.000000,0.000600,0.001800,0.003900,0.006800,0.000000
218,0.844883,2.998101,3.148400,2.864200,1368.000000,955833952.000000,1439367720.000000,255299584.000000,243884032.000000,1647247360.000000,0.000000,0.000000,0.000600,0.000000,0.000000,0.000000,0.011300,0.000000,0.011800,0.000000,0.000000,0.000000,0.001000,0.001600,0.003400,0.006700,0.000000
219,0.848070,3.156604,3.132300,2.996800,1368.000000,955833952.000000,1439367720.000000,255299584.000000,243884032.000000,1647247360.000000,0.000000,0.000000,0.000500,0.000000,0.000000,0.000000,0.012500,0.000000,0.012200,0.000000,0.000000,0.000000,0.000600,0.001700,0.003900,0.007500,0.000000
220,0.854157,6.057398,6.058200,5.906200,1368.000000,955833928.000000,1439367720.000000,255299584.000000,243884032.000000,1647247360.000000,0.000000,0.000000,2.444000,0.039600,0.010800,2.115400,0.013900,0.025600,0.014600,0.000600,0.000200,0.000800,0.001000,0.002200,0.004800,0.007300,0.000000
221,0.857128,3.043601,3.065200,2.925100,1368.000000,955833928.000000,1439367720.000000,255299584.000000,243884032.000000,1647247360.000000,0.000000,0.000000,0.000800,0.000000,0.000000,0.000000,0.015300,0.000000,0.013400,0.000000,0.000000,0.000000,0.000700,0.001900,0.004700,0.009900,0.000000
222,0.860374,3.230095,3.212900,3.091600,1368.000000,955838024.000000,1439367720.000000,255299584.000000,243888128.000000,1647247360.000000,0.000000,0.000000,0.000600,0.000000,0.000000,0.000000,0.011600,0.000000,0.012200,0.000000,0.000000,0.000000,0.000600,0.002000,0.003800,0.007100,0.000000
223,0.863735,3.351602,3.344300,3.208500,1368.000000,955838024.000000,1439367720.000000,255299584.000000,243888128.000000,1647247360.000000,0.000000,0.000000,0.000600,0.000000,0.000000,0.000000,0.012300,0.000000,0.012800,0.000000,0.000000,0.000000,0.000700,0.001900,0.003600,0.007200,0.000000
224,0.869567,5.802898,5.790900,5.647700,1368.000000,955842144.000000,1439367720.000000,255299584.000000,243892224.000000,1647247360.000000,0.000000,0.000000,2.319700,0.038500,0.010400,1.999200,0.012800,0.020100,0.013500,0.000500,0.000300,0.000500,0.000800,0.002200,0.003800,0.006900,0.000000
225,0.872738,3.209106,3.221700,3.080100,1368.000000,955842144.000000,1439367720.000000,255299584.000000,243892224.000000,1647247360.000000,0.000000,0.000000,0.000800,0.000000,0.000000,0.000000,0.015000,0.000000,0.012500,0.000000,0.000000,0.000000,0.001000,0.002000,0.004400,0.007900,0.000000
226,0.875613,2.888896,2.902900,2.674300,1368.000000,955842144.000000,1439367720.000000,255299584.000000,243892224.000000,1647247360.000000,0.000000,0.000000,0.000700,0.000000,0.000000,0.000000,0.011900,0.000000,0.012900,0.000000,0.000000,0.000000,0.000600,0.001900,0.003800,0.007500,0.000000
227,0.879174,3.474901,3.457100,3.343800,1368.000000,955842144.000000,1439367720.000000,255299584.000000,243892224.000000,1647247360.000000,0.000000,0.000000,0.000500,0.000000,0.000000,0.000000,0.010900,0.000000,0.012200,0.000000,0.000000,0.000000,0.000500,0.001700,0.003400,0.006500,0.000000
228,0.882073,2.943998,2.952400,2.830000,1368.000000,955842144.000000,1439367720.000000,255299584.000000,243892224.000000,1647247360.000000,0.000000,0.000000,0.000600,0.000000,0.000000,0.000000,0.071800,0.000000,0.013000,0.000000,0.000000,0.000000,0.000500,0.001800,0.004300,0.007400,0.000000
229,0.888391,6.293701,6.245500,6.120500,1368.000000,955846312.000000,1439367720.000000,255299584.000000,243896320.000000,1647247360.000000,0.000000,0.000000,2.782000,0.038000,0.012300,2.429500,0.011800,0.030600,0.018100,0.000500,0.000300,0.000900,0.001500,0.003200,0.006400,0.009000,0.000000
230,0.891213,2.899001,2.938400,2.784200,1368.000000,955846312.000000,1439367720.000000,255299584.000000,243896320.000000,1647247360.000000,0.000000,0.000000,0.000600,0.000000,0.000000,0.000000,0.015500,0.000000,0.012500,0.000000,0.000000,0.000000,0.001400,0.001700,0.004200,0.008000,0.000000
231,0.894467,3.224298,3.197100,3.079000,1368.000000,955846312.000000,1439367720.000000,255299584.000000,243896320.000000,1647247360.000000,0.000000,0.000000,0.000500,0.000000,0.000000,0.000000,0.011900,0.000000,0.011700,0.000000,0.000000,0.000000,0.000600,0.001500,0.003300,0.005600,0.000000
232,0.897855,3.333404,3.304100,3.156600,1368.000000,955846312.000000,1439367720.000000,255299584.000000,243896320.000000,1647247360.000000,0.000000,0.000000,0.000600,0.000000,0.000000,0.000000,0.012200,0.000000,0.012400,0.000000,0.000000,0.000000,0.000500,0.001800,0.003700,0.093600,0.000000
233,0.903377,5.546500,5.577800,5.413200,1368.000000,955848455.000000,1439367720.000000,255299584.000000,243896320.000000,1647247360.000000,0.000000,0.000000,2.298000,0.036000,0.011600,1.977100,0.012400,0.020900,0.012200,0.000500,0.000200,0.000600,0.000700,0.002100,0.005000,0.006900,0.000000
234,0.906110,2.806597,2.826700,2.699700,1368.000000,955850432.000000,1439367720.000000,255299584.000000,243900416.000000,1647312896.000000,0.000000,0.000000,0.000600,0.000000,0.000000,0.000000,0.014700,0.000000,0.012900,0.000000,0.000000,0.000000,0.001000,0.002000,0.004100,0.007200,0.000000
235,0.909711,3.550602,3.526600,3.413400,1368.000000,955854528.000000,1439367720.000000,255299584.000000,243904512.000000,1647312896.000000,0.000000,0.000000,0.000600,0.000000,0.000000,0.000000,0.010500,0.000000,0.011200,0.000000,0.000000,0.000000,0.000700,0.001600,0.003300,0.006300,0.000000
236,0.912451,2.746896,2.756500,2.630400,1368.000000,955854528.000000,1439367720.000000,255299584.000000,243904512.000000,1647312896.000000,0.000000,0.000000,0.000400,0.000000,0.000000,0.000000,0.012800,0.000000,0.012200,0.000000,0.000000,0.000000,0.001400,0.002000,0.004200,0.008000,0.000000
237,0.915342,2.903005,2.901100,2.786000,1368.000000,955854528.000000,1439367720.000000,255299584.000000,243904512.000000,1647312896.000000,0.000000,0.000000,0.000600,0.000000,0.000000,0.000000,0.013300,0.000000,0.010900,0.000000,0.000000,0.000000,0.000800,0.001600,0.003900,0.007600,0.000000
238,0.922392,7.012798,6.991400,6.869300,1368.000000,955854504.000000,1439367720.000000,255299584.000000,243904512.000000,1647312896.000000,0.000000,0.000000,3.981000,0.041100,0.008300,3.649100,0.011700,0.028700,0.013300,0.000700,0.000200,0.001100,0.000800,0.002200,0.003300,0.007300,0.000000
239,0.925388,3.037401,3.047500,2.914700,1368.000000,955858600.000000,1439367720.000000,255299584.000000,243908608.000000,1647312896.000000,0.000000,0.000000,0.000500,0.000000,0.000000,0.000000,0.013300,0.000000,0.012200,0.000000,0.000000,0.000000,0.001000,0.001800,0.004400,0.007500,0.000000
240,0.928695,3.291001,3.284000,3.162200,1368.000000,955862696.000000,1439367720.000000,255299584.000000,243912704.000000,1647312896.000000,0.000000,0.000000,0.000500,0.000000,0.000000,0.000000,0.011700,0.000000,0.011900,0.000000,0.000000,0.000000,0.000500,0.001600,0.003700,0.007100,0.000000
241,0.931658,2.977998,2.944000,2.821900,1368.000000,955862696.000000,1439367720.000000,255299584.000000,243912704.000000,1647312896.000000,0.000000,0.000000,0.000600,0.000000,0.000000,0.000000,0.012500,0.000000,0.016600,0.000000,0.000000,0.000000,0.000900,0.001700,0.003700,0.007200,0.000000
242,0.939384,7.650602,7.654500,7.494700,1368.000000,955862720.000000,1439367720.000000,255299584.000000,243912704.000000,1647312896.000000,0.000000,0.000000,4.024500,0.038600,0.011300,3.682300,0.012100,0.033000,0.013800,0.000600,0.000300,0.000900,0.000900,0.002200,0.003100,0.009400,0.000000
243,0.943093,3.748902,3.736100,3.583200,1368.000000,955862720.000000,1439367720.000000,255299584.000000,243912704.000000,1647312896.000000,0.000000,0.000000,0.000800,0.000000,0.000000,0.000000,0.014800,0.000000,0.012700,0.000000,0.000000,0.000000,0.001000,0.002100,0.006700,0.012100,0.000000
244,0.946511,3.442595,3.447700,3.289600,1420.000000,955862720.000000,1439367720.000000,255299584.000000,243912704.000000,1647312896.000000,0.000000,0.000000,0.000700,0.000000,0.000000,0.000000,0.013900,0.000000,0.012000,0.000000,0.000000,0.000000,0.000800,0.002200,0.004600,0.007600,0.000000
245,0.950003,3.473101,3.478000,3.323700,1368.000000,955862720.000000,1439367720.000000,255299584.000000,243912704.000000,1647312896.000000,0.000000,0.000000,0.000700,0.000000,0.000000,0.000000,0.013100,0.000000,0.032000,0.000000,0.000000,0.000000,0.000600,0.001600,0.004000,0.011000,0.000000
246,0.956311,6.263003,6.258500,6.112900,1368.000000,955866792.000000,1439367720.000000,255299584.000000,243916800.000000,1647312896.000000,0.000000,0.000000,2.223000,0.039600,0.007600,1.899300,0.012700,0.024600,0.013700,0.000500,0.000300,0.001000,0.000700,0.002100,0.004200,0.008300,0.000000
247,0.959599,3.324497,3.332800,3.190300,1368.000000,955870888.000000,1439367720.000000,255299584.000000,243920896.000000,1647312896.000000,0.000000,0.000000,0.000700,0.000000,0.000000,0.000000,0.014200,0.000000,0.012100,0.000000,0.000000,0.000000,0.000700,0.002000,0.004700,0.008100,0.000000
248,0.962337,2.778905,2.787000,2.660200,1368.000000,955870888.000000,1439367720.000000,255299584.000000,243920896.000000,1647312896.000000,0.000000,0.000000,0.000600,0.000000,0.000000,0.000000,0.011600,0.000000,0.011600,0.000000,0.000000,0.000000,0.001000,0.001900,0.004900,0.006700,0.000000
249,0.965081,2.780301,2.793200,2.677700,1368.000000,955870888.000000,1439367720.000000,255299584.000000,243920896.000000,1647312896.000000,0.000000,0.000000,0.000500,0.000000,0.000000,0.000000,0.012100,0.000000,0.011300,0.000000,0.000000,0.000000,0.000900,0.001700,0.003900,0.007700,0.000000
250,0.970644,5.503798,5.482200,5.373900,1368.000000,955870912.000000,1439367720.000000,255299584.000000,243920896.000000,1647312896.000000,0.000000,0.000000,2.635400,0.041400,0.010700,2.311300,0.010300,0.029100,0.012900,0.000700,0.000200,0.000800,0.000400,0.002500,0.002900,0.007600,0.000000
251,0.973844,3.186302,3.170400,3.046100,1368.000000,955870912.000000,1439367720.000000,255299584.000000,243920896.000000,1647312896.000000,0.000000,0.000000,0.000500,0.000000,0.000000,0.000000,0.012300,0.000000,0.011600,0.000000,0.000000,0.000000,0.000800,0.001700,0.004200,0.006700,0.000000
252,0.976583,2.796698,2.821000,2.687900,1368.000000,955879104.000000,1439367720.000000,255299584.000000,243929088.000000,1647312896.000000,0.000000,0.000000,0.000600,0.000000,0.000000,0.000000,0.011800,0.000000,0.012200,0.000000,0.000000,0.000000,0.000700,0.001800,0.004500,0.007900,0.000000
253,0.979531,2.930896,2.923400,2.815700,1368.000000,955879104.000000,1439367720.000000,255299584.000000,243929088.000000,1647312896.000000,0.000000,0.000000,0.000500,0.000000,0.000000,0.000000,0.011100,0.000000,0.011800,0.000000,0.000000,0.000000,0.000400,0.001600,0.003300,0.006700,0.000000
254,0.982209,2.685906,2.676100,2.567500,1368.000000,955879104.000000,1439367720.000000,255299584.000000,243929088.000000,1647312896.000000,0.000000,0.000000,0.000500,0.000000,0.000000,0.000000,0.011500,0.000000,0.011900,0.000000,0.000000,0.000000,0.000500,0.001600,0.003400,0.007000,0.000000
255,0.987737,5.456696,5.426200,5.298000,1368.000000,955879080.000000,1439367720.000000,255299584.000000,243929088.000000,1647312896.000000,0.000000,0.000000,2.401100,0.037700,0.011200,2.069200,0.011800,0.026200,0.013600,0.000700,0.000300,0.000800,0.000600,0.002200,0.003200,0.007400,0.000000
256,0.990648,2.977799,3.005800,2.863300,1368.000000,955879080.000000,1439367720.000000,255299584.000000,243929088.000000,1647312896.000000,0.000000,0.000000,0.000600,0.000000,0.000000,0.000000,0.015800,0.000000,0.014400,0.000000,0.000000,0.000000,0.000800,0.002400,0.005800,0.009400,0.000000
257,0.993659,2.968601,2.960100,2.842400,1368.000000,955883176.000000,1439367720.000000,255299584.000000,243933184.000000,1647312896.000000,0.000000,0.000000,0.000500,0.000000,0.000000,0.000000,0.011500,0.000000,0.011700,0.000000,0.000000,0.000000,0.000700,0.001400,0.003700,0.007000,0.000000
258,0.996408,2.814201,2.826700,2.709600,1368.000000,955883176.000000,1439367720.000000,255299584.000000,243933184.000000,1647312896.000000,0.000000,0.000000,0.000600,0.000000,0.000000,0.000000,0.011900,0.000000,0.012700,0.000000,0.000000,0.000000,0.000700,0.001900,0.003800,0.007900,0.000000
259,1.000088,3.592602,3.528400,3.415300,1368.000000,955883176.000000,1439367720.000000,255299584.000000,243933184.000000,1647312896.000000,0.000000,0.000000,0.000500,0.000000,0.000000,0.000000,0.010400,0.000000,0.010600,0.000000,0.000000,0.000000,0.000700,0.001400,0.003500,0.006400,0.000000
260,1.005597,5.521500,5.544800,5.374300,1368.000000,955887296.000000,1439367720.000000,255299584.000000,243937280.000000,1647312896.000000,0.000000,0.000000,2.301500,0.039000,0.010900,1.972700,0.013900,0.027400,0.014900,0.000700,0.000300,0.000700,0.000900,0.002600,0.004400,0.010800,0.000000
261,1.008959,3.377197,3.379600,3.237200,1368.000000,955891392.000000,1439367720.000000,255299584.000000,243941376.000000,1647312896.000000,0.000000,0.000000,0.000600,0.000000,0.000000,0.000000,0.014000,0.000000,0.011400,0.000000,0.000000,0.000000,0.000900,0.001700,0.004600,0.006700,0.000000
262,1.011752,2.831300,2.839700,2.709800,1368.000000,955891392.000000,1439367720.000000,255299584.000000,243941376.000000,1647312896.000000,0.000000,0.000000,0.000600,0.000000,0.000000,0.000000,0.013200,0.000000,0.012000,0.000000,0.000000,0.000000,0.000700,0.001900,0.004200,0.007200,0.000000
263,1.015053,3.264803,3.122500,2.998000,1368.000000,955895488.000000,1439367720.000000,255299584.000000,243945472.000000,1647312896.000000,0.000000,0.000000,0.000700,0.000000,0.000000,0.000000,0.011500,0.000000,0.012500,0.000000,0.000000,0.000000,0.000600,0.002000,0.003700,0.006800,0.000000
264,1.020885,5.724596,5.790200,5.470400,1368.000000,955895464.000000,1439367720.000000,255299584.000000,243945472.000000,1647312896.000000,0.000000,0.000000,2.679900,0.037900,0.011000,2.196700,0.012100,0.142700,0.015400,0.000600,0.000300,0.000800,0.000900,0.002700,0.003700,0.008700,0.000000
265,1.024312,3.464201,3.514100,3.320600,1368.000000,955895464.000000,1439367720.000000,255299584.000000,243945472.000000,1647312896.000000,0.000000,0.000000,0.000700,0.000000,0.000000,0.000000,0.013500,0.000000,0.012100,0.000000,0.000000,0.000000,0.001000,0.001800,0.005300,0.007500,0.000000
266,1.027304,3.043502,3.057600,2.871700,1368.000000,955895464.000000,1439367720.000000,255299584.000000,243945472.000000,1647312896.000000,0.000000,0.000000,0.000600,0.000000,0.000000,0.000000,0.013100,0.000000,0.012900,0.000000,0.000000,0.000000,0.000800,0.001700,0.004400,0.008200,0.000000
267,1.030326,3.011302,3.015300,2.896300,1368.000000,955895464.000000,1439367720.000000,255299584.000000,243945472.000000,1647312896.000000,0.000000,0.000000,0.000600,0.000000,0.000000,0.000000,0.011700,0.000000,0.013000,0.000000,0.000000,0.000000,0.000800,0.001700,0.004000,0.006600,0.000000
268,1.033532,3.254797,3.242300,3.127500,1368.000000,955899560.000000,1439367720.000000,255299584.000000,243949568.000000,1647312896.000000,0.000000,0.000000,0.000600,0.000000,0.000000,0.000000,0.011500,0.000000,0.011900,0.000000,0.000000,0.000000,0.000900,0.001800,0.003800,0.007400,0.000000
269,1.039767,6.177402,6.159200,6.031000,1368.000000,955899584.000000,1439367720.000000,255299584.000000,243949568.000000,1647312896.000000,0.000000,0.000000,2.739200,0.039300,0.010900,2.404400,0.012600,0.029100,0.013700,0.000500,0.000300,0.000700,0.000700,0.002300,0.004100,0.007700,0.000000
270,1.042809,3.076396,3.083500,2.944900,1368.000000,955899584.000000,1439367720.000000,255299584.000000,243949568.000000,1647312896.000000,0.000000,0.000000,0.000500,0.000000,0.000000,0.000000,0.013900,0.000000,0.012600,0.000000,0.000000,0.000000,0.000600,0.001900,0.004100,0.008200,0.000000
271,1.045691,2.925404,2.937800,2.813900,1368.000000,955899584.000000,1439367720.000000,255299584.000000,243949568.000000,1647312896.000000,0.000000,0.000000,0.000900,0.000000,0.000000,0.000000,0.013200,0.000000,0.013600,0.000000,0.000000,0.000000,0.001300,0.001800,0.005000,0.008500,0.000000
272,1.048702,2.994700,2.980100,2.866600,1368.000000,955899584.000000,1439367720.000000,255299584.000000,243949568.000000,1647312896.000000,0.000000,0.000000,0.000500,0.000000,0.000000,0.000000,0.011000,0.000000,0.012000,0.000000,0.000000,0.000000,0.000600,0.001400,0.003400,0.006500,0.000000
273,1.055729,6.986699,6.950300,6.823100,1368.000000,955903656.000000,1439367720.000000,255299584.000000,243953664.000000,1647312896.000000,0.000000,0.000000,3.901700,0.040300,0.010600,3.572800,0.011700,0.028800,0.013800,0.000500,0.000200,0.000800,0.000800,0.002500,0.003900,0.007800,0.000000
274,1.059050,3.341603,3.355900,3.197500,1368.000000,955907752.000000,1439367720.000000,255299584.000000,243957760.000000,1647312896.000000,0.000000,0.000000,0.000500,0.000000,0.000000,0.000000,0.012800,0.000000,0.011500,0.000000,0.000000,0.000000,0.000600,0.002000,0.004100,0.006700,0.000000
275,1.061814,2.800999,2.829900,2.697200,1368.000000,955907752.000000,1439367720.000000,255299584.000000,243957760.000000,1647312896.000000,0.000000,0.000000,0.000500,0.000000,0.000000,0.000000,0.013400,0.000000,0.012100,0.000000,0.000000,0.000000,0.000700,0.001800,0.004100,0.007400,0.000000
276,1.065337,3.484396,3.182500,3.071000,1368.000000,955907752.000000,1439367720.000000,255299584.000000,243957760.000000,1647312896.000000,0.000000,0.000000,0.000500,0.000000,0.000000,0.000000,0.011000,0.000000,0.012400,0.000000,0.000000,0.000000,0.001000,0.001500,0.003300,0.006600,0.000000
277,1.070846,5.483702,5.736200,5.326600,1368.000000,955907808.000000,1439367720.000000,255299584.000000,243957760.000000,1647312896.000000,0.000000,0.000000,2.205700,0.041000,0.010400,1.887500,0.012500,0.022100,0.014300,0.000500,0.000100,0.000700,0.001100,0.002500,0.003900,0.008300,0.000000
278,1.074187,3.339102,3.350100,3.195700,1368.000000,955907808.000000,1439367720.000000,255299584.000000,243957760.000000,1647312896.000000,0.000000,0.000000,0.000700,0.000000,0.000000,0.000000,0.013600,0.000000,0.012500,0.000000,0.000000,0.000000,0.001200,0.002000,0.004200,0.007900,0.000000
279,1.077082,2.927997,2.893300,2.761600,1368.000000,955907808.000000,1439367720.000000,255299584.000000,243957760.000000,1647312896.000000,0.000000,0.000000,0.000600,0.000000,0.000000,0.000000,0.012500,0.000000,0.012400,0.000000,0.000000,0.000000,0.000700,0.001900,0.004400,0.007600,0.000000
280,1.080280,3.191900,3.219000,3.053500,1368.000000,955911904.000000,1439367720.000000,255299584.000000,243961856.000000,1647312896.000000,0.000000,0.000000,0.000700,0.000000,0.000000,0.000000,0.012200,0.000000,0.012100,0.000000,0.000000,0.000000,0.001000,0.001700,0.004800,0.007200,0.000000
281,1.084509,4.180903,4.033600,3.890300,1368.000000,955911904.000000,1439367720.000000,255299584.000000,243961856.000000,1647312896.000000,0.000000,0.000000,0.000600,0.000000,0.000000,0.000000,0.012800,0.000000,0.012500,0.000000,0.000000,0.000000,0.000700,0.002100,0.003700,0.007700,0.000000
282,1.091291,6.791199,6.660800,6.378400,1368.000000,955915976.000000,1439367720.000000,255299584.000000,243965952.000000,1647378432.000000,0.000000,0.000000,2.748700,0.040700,0.010500,2.402200,0.015900,0.028100,0.015200,0.000800,0.000300,0.000800,0.001200,0.002600,0.004800,0.010200,0.000000
283,1.095039,3.741497,3.968800,3.558100,1368.000000,955915976.000000,1439367720.000000,255299584.000000,243965952.000000,1647378432.000000,0.000000,0.000000,0.000600,0.000000,0.000000,0.000000,0.015300,0.000000,0.012700,0.000000,0.000000,0.000000,0.000900,0.001900,0.004600,0.008200,0.000000
284,1.098809,3.624199,3.234000,3.058600,1368.000000,955915976.000000,1439367720.000000,255299584.000000,243965952.000000,1647378432.000000,0.000000,0.000000,0.000500,0.000000,0.000000,0.000000,0.014000,0.000000,0.012900,0.000000,0.000000,0.000000,0.001000,0.001900,0.004900,0.007400,0.000000
285,1.105837,7.074504,7.336600,6.775200,1368.000000,955924192.000000,1439367720.000000,255299584.000000,243974144.000000,1647378432.000000,0.000000,0.000000,2.738900,0.045000,0.011500,2.388500,0.022800,0.027400,0.016400,0.000600,0.000400,0.000800,0.001400,0.002400,0.007600,0.009400,0.000000
286,1.110394,4.586097,4.187900,3.888800,1368.000000,955924192.000000,1439367720.000000,255299584.000000,243974144.000000,1647378432.000000,0.000000,0.000000,0.000500,0.000000,0.000000,0.000000,0.018100,0.000000,0.014200,0.000000,0.000000,0.000000,0.001700,0.002500,0.005800,0.010300,0.000000
287,1.114426,4.034502,4.167000,3.471100,1368.000000,955924192.000000,1439367720.000000,255299584.000000,243974144.000000,1647378432.000000,0.000000,0.000000,0.000600,0.000000,0.000000,0.000000,0.014900,0.000000,0.013400,0.000000,0.000000,0.000000,0.001400,0.002700,0.007400,0.009800,0.000000
288,1.121433,6.906101,6.954200,6.394400,1368.000000,955924168.000000,1439367720.000000,255299584.000000,243974144.000000,1647378432.000000,0.000000,0.000000,2.428600,0.041700,0.008100,2.045400,0.014300,0.027500,0.015100,0.000500,0.000100,0.001200,0.000900,0.002600,0.006600,0.010900,0.000000
289,1.125504,4.238896,4.508100,4.005900,1368.000000,955924168.000000,1439367720.000000,255299584.000000,243974144.000000,1647378432.000000,0.000000,0.000000,0.001000,0.000000,0.000000,0.000000,0.024700,0.000000,0.013500,0.000000,0.000000,0.000000,0.001400,0.002000,0.007800,0.010600,0.000000
290,1.129294,3.794402,3.835800,3.603500,1368.000000,955924168.000000,1439367720.000000,255299584.000000,243974144.000000,1647378432.000000,0.000000,0.000000,0.000900,0.000000,0.000000,0.000000,0.015900,0.000000,0.013300,0.000000,0.000000,0.000000,0.000900,0.002100,0.005100,0.009700,0.000000
291,1.132806,3.404698,3.381000,3.193200,1368.000000,955928264.000000,1439367720.000000,255299584.000000,243978240.000000,1647378432.000000,0.000000,0.000000,0.001000,0.000000,0.000000,0.000000,0.016900,0.000000,0.013300,0.000000,0.000000,0.000000,0.001500,0.002400,0.004800,0.008700,0.000000
292,1.138653,5.934701,5.989500,5.777100,1368.000000,955928288.000000,1439367720.000000,255299584.000000,243978240.000000,1647378432.000000,0.000000,0.000000,2.309000,0.041900,0.011200,1.962700,0.015400,0.021700,0.013900,0.000500,0.000200,0.000700,0.001800,0.002400,0.007500,0.009000,0.000000
293,1.142426,3.692099,3.381000,3.229100,1368.000000,955928288.000000,1439367720.000000,255299584.000000,243978240.000000,1647378432.000000,0.000000,0.000000,0.000600,0.000000,0.000000,0.000000,0.015700,0.000000,0.013100,0.000000,0.000000,0.000000,0.001200,0.001800,0.004700,0.008600,0.000000
294,1.145983,3.566603,3.854800,3.396700,1368.000000,955928288.000000,1439367720.000000,255299584.000000,243978240.000000,1647378432.000000,0.000000,0.000000,0.000700,0.000000,0.000000,0.000000,0.015400,0.000000,0.014200,0.000000,0.000000,0.000000,0.001500,0.001800,0.007100,0.009500,0.000000
295,1.149966,3.988400,3.999900,3.823500,1420.000000,955932384.000000,1439367720.000000,255299584.000000,243982336.000000,1647378432.000000,0.000000,0.000000,0.000800,0.000000,0.000000,0.000000,0.017100,0.000000,0.013100,0.000000,0.000000,0.000000,0.001600,0.002000,0.006800,0.009700,0.000000
296,1.156505,6.481399,6.071600,5.913800,1368.000000,955936456.000000,1439367720.000000,255299584.000000,243986432.000000,1647378432.000000,0.000000,0.000000,2.325100,0.041800,0.011300,1.971400,0.014400,0.030300,0.014900,0.000500,0.000500,0.000900,0.001800,0.002600,0.007800,0.011000,0.000000
297,1.160758,4.354500,4.690600,4.132400,1368.000000,955936456.000000,1439367720.000000,255299584.000000,243986432.000000,1647378432.000000,0.000000,0.000000,0.000600,0.000000,0.000000,0.000000,0.016000,0.000000,0.024200,0.000000,0.000000,0.000000,0.001300,0.003400,0.006200,0.009700,0.000000
298,1.164753,3.964704,4.033000,3.815300,1368.000000,955940552.000000,1439367720.000000,255299584.000000,243990528.000000,1647378432.000000,0.000000,0.000000,0.000600,0.000000,0.000000,0.000000,0.015100,0.000000,0.014000,0.000000,0.000000,0.000000,0.001400,0.002200,0.007300,0.010900,0.000000
299,1.171008,6.229401,6.214900,6.063500,1368.000000,955940576.000000,1439367720.000000,255299584.000000,243990528.000000,1647378432.000000,0.000000,0.000000,2.419700,0.040400,0.012600,2.066700,0.015500,0.030800,0.015900,0.000600,0.000200,0.000800,0.001100,0.002600,0.007900,0.010400,0.000000
300,1.175329,4.272399,4.111300,3.949500,1368.000000,955940576.000000,1439367720.000000,255299584.000000,243990528.000000,1647378432.000000,0.000000,0.000000,0.000500,0.000000,0.000000,0.000000,0.014700,0.000000,0.013500,0.000000,0.000000,0.000000,0.001600,0.001800,0.006900,0.010200,0.000000
301,1.179586,4.209800,4.352600,4.038100,1368.000000,955940576.000000,1439367720.000000,255299584.000000,243990528.000000,1647378432.000000,0.000000,0.000000,0.000700,0.000000,0.000000,0.000000,0.015800,0.000000,0.015700,0.000000,0.000000,0.000000,0.001600,0.001900,0.007100,0.010400,0.000000
302,1.183821,4.320096,4.130200,3.957000,1368.000000,955944672.000000,1439367720.000000,255299584.000000,243994624.000000,1647378432.000000,0.000000,0.000000,0.000800,0.000000,0.000000,0.000000,0.015300,0.000000,0.013800,0.000000,0.000000,0.000000,0.001400,0.002100,0.008300,0.011400,0.000000
303,1.192045,8.047300,7.781100,7.426100,1368.000000,955948776.000000,1439367720.000000,255299584.000000,243998720.000000,1647378432.000000,0.000000,0.000000,3.180000,0.040100,0.011700,2.814300,0.016000,0.034100,0.016100,0.000500,0.000200,0.001100,0.000800,0.002600,0.006700,0.011200,0.000000
304,1.196257,4.369097,4.637300,4.025800,1368.000000,955948776.000000,1439367720.000000,255299584.000000,243998720.000000,1647378432.000000,0.000000,0.000000,0.001300,0.000000,0.000000,0.000000,0.028400,0.000000,0.015800,0.000000,0.000000,0.000000,0.001800,0.003700,0.010100,0.015400,0.000000
305,1.201047,4.756604,4.345000,4.002400,1368.000000,955948776.000000,1439367720.000000,255299584.000000,243998720.000000,1647378432.000000,0.000000,0.000000,0.000900,0.000000,0.000000,0.000000,0.016900,0.000000,0.013900,0.000000,0.000000,0.000000,0.001800,0.002200,0.007500,0.010500,0.000000
306,1.207932,6.908397,7.484000,6.733800,1368.000000,955948800.000000,1439367720.000000,255299584.000000,243998720.000000,1647378432.000000,0.000000,0.000000,3.005100,0.057600,0.016600,2.493500,0.025800,0.038600,0.022800,0.000700,0.000300,0.001500,0.001700,0.003800,0.008500,0.019100,0.000000
307,1.211573,3.798101,3.790400,3.614200,1368.000000,955948800.000000,1439367720.000000,255299584.000000,243998720.000000,1647378432.000000,0.000000,0.000000,0.000800,0.000000,0.000000,0.000000,0.018600,0.000000,0.015500,0.000000,0.000000,0.000000,0.001900,0.002500,0.008300,0.011700,0.000000
308,1.215622,3.966298,3.981100,3.797000,1368.000000,955952896.000000,1439367720.000000,255299584.000000,244002816.000000,1647378432.000000,0.000000,0.000000,0.000700,0.000000,0.000000,0.000000,0.014700,0.000000,0.013600,0.000000,0.000000,0.000000,0.001000,0.002000,0.004500,0.008000,0.000000
309,1.222008,6.345805,6.332800,6.170700,1368.000000,955952872.000000,1439367720.000000,255299584.000000,244002816.000000,1647378432.000000,0.000000,0.000000,2.509600,0.044300,0.012100,2.134300,0.015800,0.030200,0.015300,0.000600,0.000200,0.001100,0.001100,0.002900,0.008100,0.011600,0.000000
310,1.225922,3.933199,3.941300,3.772900,1368.000000,955952872.000000,1439367720.000000,255299584.000000,244002816.000000,1647378432.000000,0.000000,0.000000,0.000800,0.000000,0.000000,0.000000,0.021600,0.000000,0.020300,0.000000,0.000000,0.000000,0.002400,0.004700,0.011000,0.017100,0.000000
311,1.229787,3.898696,3.898700,3.740000,1368.000000,955956968.000000,1439367720.000000,255299584.000000,244006912.000000,1647378432.000000,0.000000,0.000000,0.000600,0.000000,0.000000,0.000000,0.014300,0.000000,0.014000,0.000000,0.000000,0.000000,0.001700,0.002200,0.007700,0.010000,0.000000
312,1.233308,3.452501,3.441700,3.283700,1368.000000,955956968.000000,1439367720.000000,255299584.000000,244006912.000000,1647378432.000000,0.000000,0.000000,0.000600,0.000000,0.000000,0.000000,0.014700,0.000000,0.013300,0.000000,0.000000,0.000000,0.001600,0.001700,0.007200,0.010200,0.000000
313,1.239664,6.413201,6.299200,6.130100,1368.000000,955961088.000000,1439367720.000000,255299584.000000,244011008.000000,1647378432.000000,0.000000,0.000000,2.355600,0.039900,0.012000,2.006700,0.016200,0.022200,0.014400,0.000800,0.000200,0.000500,0.001800,0.002300,0.007700,0.010100,0.000000
314,1.242957,3.362202,3.476100,3.208700,1368.000000,955961088.000000,1439367720.000000,255299584.000000,244011008.000000,1647378432.000000,0.000000,0.000000,0.000600,0.000000,0.000000,0.000000,0.017400,0.000000,0.013800,0.000000,0.000000,0.000000,0.001400,0.002200,0.005800,0.009200,0.000000
315,1.246293,3.356094,3.353800,3.197000,1368.000000,955961088.000000,1439367720.000000,255299584.000000,244011008.000000,1647378432.000000,0.000000,0.000000,0.000700,0.000000,0.000000,0.000000,0.014000,0.000000,0.013000,0.000000,0.000000,0.000000,0.000700,0.002100,0.005300,0.008200,0.000000
316,1.250612,4.122201,4.059200,3.903100,1368.000000,955961088.000000,1439367720.000000,255299584.000000,244011008.000000,1647378432.000000,0.000000,0.000000,0.000600,0.000000,0.000000,0.000000,0.013000,0.000000,0.012200,0.000000,0.000000,0.000000,0.001000,0.001900,0.004200,0.008100,0.000000
317,1.257957,7.434800,7.283300,7.065800,1368.000000,955961160.000000,1439367720.000000,255299584.000000,244011008.000000,1647378432.000000,0.000000,0.000000,2.917000,0.041600,0.011500,2.553800,0.014800,0.039200,0.015600,0.000600,0.000200,0.001100,0.001200,0.002600,0.005300,0.014100,0.000000
318,1.261637,3.740101,3.625900,3.270900,1368.000000,955961160.000000,1439367720.000000,255299584.000000,244011008.000000,1647378432.000000,0.000000,0.000000,0.000800,0.000000,0.000000,0.000000,0.024900,0.000000,0.014800,0.000000,0.000000,0.000000,0.001400,0.002200,0.005400,0.010500,0.000000
319,1.266597,4.893204,4.702200,4.228000,1368.000000,955965256.000000,1439367720.000000,255299584.000000,244015104.000000,1647378432.000000,0.000000,0.000000,0.000800,0.000000,0.000000,0.000000,0.014400,0.000000,0.015300,0.000000,0.000000,0.000000,0.002200,0.002700,0.008100,0.010600,0.000000
320,1.273301,6.753295,7.231200,6.571800,1368.000000,955965280.000000,1439367720.000000,255299584.000000,244015104.000000,1647378432.000000,0.000000,0.000000,2.837700,0.040500,0.012000,2.450400,0.016400,0.041300,0.016200,0.000500,0.000400,0.001200,0.001800,0.002700,0.008500,0.014700,0.000000
321,1.276764,3.494600,3.523400,3.350600,1368.000000,955965280.000000,1439367720.000000,255299584.000000,244015104.000000,1647378432.000000,0.000000,0.000000,0.000600,0.000000,0.000000,0.000000,0.019100,0.000000,0.014700,0.000000,0.000000,0.000000,0.001000,0.002100,0.005600,0.009600,0.000000
322,1.280996,4.060303,3.639600,3.491900,1368.000000,955965280.000000,1439367720.000000,255299584.000000,244015104.000000,1647378432.000000,0.000000,0.000000,0.000800,0.000000,0.000000,0.000000,0.013900,0.000000,0.014400,0.000000,0.000000,0.000000,0.000500,0.002300,0.004900,0.008500,0.000000
323,1.287273,6.387599,6.762200,6.209100,1368.000000,955965256.000000,1439367720.000000,255299584.000000,244015104.000000,1647378432.000000,0.000000,0.000000,2.424100,0.044700,0.011500,2.070600,0.023200,0.027800,0.016100,0.000500,0.000300,0.001000,0.001600,0.002700,0.007800,0.011300,0.000000
324,1.291864,4.453097,3.995600,3.815800,1368.000000,955977544.000000,1439367720.000000,255299584.000000,244027392.000000,1647378432.000000,0.000000,0.000000,0.001100,0.000000,0.000000,0.000000,0.022200,0.000000,0.015000,0.000000,0.000000,0.000000,0.001400,0.002300,0.006200,0.011800,0.000000
325,1.296021,4.142404,4.539100,3.883500,1368.000000,955977544.000000,1439367720.000000,255299584.000000,244027392.000000,1647378432.000000,0.000000,0.000000,0.000700,0.000000,0.000000,0.000000,0.015600,0.000000,0.014200,0.000000,0.000000,0.000000,0.001700,0.002200,0.007900,0.011300,0.000000
326,1.299575,3.791000,3.871800,3.639200,1368.000000,955977544.000000,1439367720.000000,255299584.000000,244027392.000000,1647378432.000000,0.000000,0.000000,0.000700,0.000000,0.000000,0.000000,0.016100,0.000000,0.013700,0.000000,0.000000,0.000000,0.001300,0.001800,0.007700,0.010700,0.000000
327,1.305964,6.222499,6.150500,5.992300,1368.000000,955977568.000000,1439367720.000000,255299584.000000,244027392.000000,1647378432.000000,0.000000,0.000000,2.350800,0.041300,0.011500,1.992500,0.014000,0.040500,0.019200,0.000500,0.000200,0.001100,0.000700,0.003400,0.004500,0.015700,0.000000
328,1.309842,3.966603,3.937500,3.721100,1368.000000,955977568.000000,1439367720.000000,255299584.000000,244027392.000000,1647378432.000000,0.000000,0.000000,0.000700,0.000000,0.000000,0.000000,0.015800,0.000000,0.013600,0.000000,0.000000,0.000000,0.001700,0.001700,0.007000,0.010300,0.000000
329,1.313996,4.104294,3.654700,3.413400,1368.000000,955977568.000000,1439367720.000000,255299584.000000,244027392.000000,1647378432.000000,0.000000,0.000000,0.000800,0.000000,0.000000,0.000000,0.014900,0.000000,0.013000,0.000000,0.000000,0.000000,0.001500,0.002100,0.006300,0.008500,0.000000
330,1.322276,8.377303,8.792800,7.956400,1368.000000,955981640.000000,1439367720.000000,255299584.000000,244031488.000000,1647443968.000000,0.000000,0.000000,4.150800,0.042900,0.011500,3.774900,0.016200,0.038500,0.015500,0.000400,0.000400,0.001200,0.001900,0.002400,0.006700,0.010900,0.000000
331,1.325802,3.515001,3.634700,3.366000,1368.000000,955981640.000000,1439367720.000000,255299584.000000,244031488.000000,1647443968.000000,0.000000,0.000000,0.000900,0.000000,0.000000,0.000000,0.018300,0.000000,0.012900,0.000000,0.000000,0.000000,0.000900,0.001900,0.005300,0.009400,0.000000
332,1.329252,3.495302,3.369300,3.223200,1368.000000,955981640.000000,1439367720.000000,255299584.000000,244031488.000000,1647443968.000000,0.000000,0.000000,0.000800,0.000000,0.000000,0.000000,0.018100,0.000000,0.012800,0.000000,0.000000,0.000000,0.001300,0.002100,0.007100,0.009800,0.000000
333,1.332469,3.152594,3.102000,2.839600,1368.000000,955981640.000000,1439367720.000000,255299584.000000,244031488.000000,1647443968.000000,0.000000,0.000000,0.000600,0.000000,0.000000,0.000000,0.014300,0.000000,0.013200,0.000000,0.000000,0.000000,0.000700,0.002000,0.004600,0.008100,0.000000
334,1.338817,6.313102,6.249000,5.933500,1368.000000,955981664.000000,1439367720.000000,255299584.000000,244031488.000000,1647443968.000000,0.000000,0.000000,2.396300,0.052400,0.013100,1.970000,0.019000,0.030500,0.014300,0.000500,0.000300,0.000800,0.001100,0.002500,0.007100,0.011800,0.000000
335,1.342634,3.790703,3.654900,3.284300,1368.000000,955981664.000000,1439367720.000000,255299584.000000,244031488.000000,1647443968.000000,0.000000,0.000000,0.000600,0.000000,0.000000,0.000000,0.017400,0.000000,0.013600,0.000000,0.000000,0.000000,0.001700,0.002100,0.007400,0.011000,0.000000
336,1.345986,3.484000,3.833400,3.334100,1368.000000,955989856.000000,1439367720.000000,255299584.000000,244039680.000000,1647443968.000000,0.000000,0.000000,0.000700,0.000000,0.000000,0.000000,0.022600,0.000000,0.018400,0.000000,0.000000,0.000000,0.001800,0.003400,0.007700,0.014200,0.000000
337,1.349633,3.602501,3.372400,3.216700,1420.000000,955993952.000000,1439367720.000000,255299584.000000,244043776.000000,1647443968.000000,0.000000,0.000000,0.000600,0.000000,0.000000,0.000000,0.016800,0.000000,0.011800,0.000000,0.000000,0.000000,0.000800,0.001700,0.003700,0.008300,0.000000
338,1.356883,7.163095,7.389300,7.007300,1368.000000,955993928.000000,1439367720.000000,255299584.000000,244043776.000000,1647443968.000000,0.000000,0.000000,2.814700,0.039200,0.011000,2.475300,0.014100,0.026700,0.014900,0.000500,0.000300,0.000600,0.001200,0.004100,0.006000,0.009200,0.000000
339,1.360221,3.458199,3.462900,3.310500,1368.000000,955993928.000000,1439367720.000000,255299584.000000,244043776.000000,1647443968.000000,0.000000,0.000000,0.000800,0.000000,0.000000,0.000000,0.016000,0.000000,0.013400,0.000000,0.000000,0.000000,0.001300,0.001800,0.007200,0.009900,0.000000
340,1.363727,3.439803,3.419400,3.271300,1368.000000,955993992.000000,1439367720.000000,255299584.000000,244043776.000000,1647443968.000000,0.000000,0.000000,0.000700,0.000000,0.000000,0.000000,0.014900,0.000000,0.012400,0.000000,0.000000,0.000000,0.001000,0.001700,0.004500,0.007500,0.000000
341,1.366741,3.129103,3.158600,3.003300,1368.000000,955998848.000000,1439367720.000000,255299584.000000,244047872.000000,1647443968.000000,0.000000,0.000000,0.000700,0.000000,0.000000,0.000000,0.015200,0.000000,0.028700,0.000000,0.000000,0.000000,0.001600,0.002500,0.007500,0.010600,0.000000
342,1.376243,9.124794,8.805400,8.656700,1368.000000,955999144.000000,1439367720.000000,255299584.000000,244047872.000000,1647443968.000000,0.000000,0.000000,2.278700,0.042300,0.007700,1.936100,0.011400,0.025000,0.014600,0.000500,0.000300,0.000800,0.000800,0.002600,0.003600,0.010300,0.000000
343,1.382429,6.311203,6.275600,5.827900,1368.000000,956009536.000000,1439367720.000000,255299584.000000,244047872.000000,1647443968.000000,0.000000,0.000000,0.001100,0.000000,0.000000,0.000000,0.030400,0.000000,0.019400,0.000000,0.000000,0.000000,0.001900,0.004000,0.011200,0.017400,0.000000
344,1.397145,14.788201,14.632900,14.148500,1368.000000,956011704.000000,1439367720.000000,255299584.000000,244047872.000000,1647448064.000000,0.000000,0.000000,3.283500,0.099600,0.020800,2.633000,0.028700,0.063300,0.019900,0.001000,0.000300,0.001800,0.001900,0.003400,0.009800,0.022300,0.000000
345,1.404628,7.415100,7.161900,6.537800,1368.000000,956011864.000000,1439367720.000000,255299584.000000,244047872.000000,1647448064.000000,0.000000,0.000000,2.693700,0.044400,0.013100,2.279700,0.024700,0.046600,0.393600,0.000400,0.000300,0.001100,0.001800,0.003000,0.007400,0.014400,0.000000
346,1.410871,6.376800,7.056900,6.232900,1368.000000,956015960.000000,1439367720.000000,255299584.000000,244051968.000000,1647448064.000000,0.000000,0.000000,0.000800,0.000000,0.000000,0.000000,0.021300,0.000000,0.013800,0.000000,0.000000,0.000000,0.001500,0.002100,0.007200,0.011000,0.000000
347,1.420947,10.048894,10.050300,9.852700,1368.000000,956020056.000000,1439367720.000000,255299584.000000,244056064.000000,1647448064.000000,0.000000,0.000000,0.000700,0.000000,0.000000,0.000000,0.018700,0.000000,0.014800,0.000000,0.000000,0.000000,0.001300,0.002700,0.006100,0.010600,0.000000
348,1.430496,9.598002,9.266800,9.084600,1368.000000,956020072.000000,1439367720.000000,255299584.000000,244056064.000000,1647448064.000000,0.000000,0.000000,4.446500,0.071200,0.596600,2.114700,0.020300,0.034700,0.022200,0.000700,0.000200,0.000700,0.001300,0.257600,0.006100,0.013800,0.000000
349,1.436672,6.153104,6.501500,5.999000,1368.000000,956024208.000000,1439367720.000000,255299584.000000,244060160.000000,1647448064.000000,0.000000,0.000000,2.346300,0.041500,0.012700,2.012300,0.017600,0.025300,0.013700,0.000400,0.000200,0.000900,0.001300,0.002400,0.006200,0.010200,0.000000
350,1.440978,4.283794,4.251400,4.094300,1368.000000,956024208.000000,1439367720.000000,255299584.000000,244060160.000000,1647448064.000000,0.000000,0.000000,0.000600,0.000000,0.000000,0.000000,0.014400,0.000000,0.012800,0.000000,0.000000,0.000000,0.000800,0.002100,0.005600,0.008300,0.000000
351,1.444840,3.927204,3.825400,3.632100,1368.000000,956024208.000000,1439367720.000000,255299584.000000,244060160.000000,1647448064.000000,0.000000,0.000000,0.000700,0.000000,0.000000,0.000000,0.013600,0.000000,0.014000,0.000000,0.000000,0.000000,0.001800,0.002000,0.007200,0.010500,0.000000
352,1.449045,4.209099,4.207600,3.904200,1368.000000,956028304.000000,1439367720.000000,255299584.000000,244064256.000000,1647448064.000000,0.000000,0.000000,0.000600,0.000000,0.000000,0.000000,0.014800,0.000000,0.013300,0.000000,0.000000,0.000000,0.001100,0.002100,0.005300,0.008500,0.000000
353,1.456786,7.600298,7.725700,7.444400,1368.000000,956028304.000000,1439367720.000000,255299584.000000,244064256.000000,1647448064.000000,0.000000,0.000000,3.972500,0.042600,0.011500,3.616400,0.016500,0.033600,0.015700,0.000500,0.000300,0.000800,0.001300,0.002700,0.005300,0.010400,0.000000
354,1.460811,4.089406,3.688300,3.535200,1368.000000,956028304.000000,1439367720.000000,255299584.000000,244064256.000000,1647448064.000000,0.000000,0.000000,0.000600,0.000000,0.000000,0.000000,0.015300,0.000000,0.013400,0.000000,0.000000,0.000000,0.001400,0.002000,0.006300,0.009200,0.000000
355,1.464231,3.517198,3.912300,3.367500,1368.000000,956028304.000000,1439367720.000000,255299584.000000,244064256.000000,1647448064.000000,0.000000,0.000000,0.000600,0.000000,0.000000,0.000000,0.013500,0.000000,0.012800,0.000000,0.000000,0.000000,0.001000,0.001800,0.007300,0.009200,0.000000
356,1.470773,6.481200,6.129500,5.978100,1368.000000,956028360.000000,1439367720.000000,255299584.000000,244064256.000000,1647448064.000000,0.000000,0.000000,2.281100,0.045900,0.011500,1.948600,0.013900,0.021100,0.013900,0.000500,0.000300,0.000700,0.000800,0.002400,0.005000,0.007800,0.000000
357,1.474545,3.800801,4.143000,3.648500,1368.000000,956028360.000000,1439367720.000000,255299584.000000,244064256.000000,1647448064.000000,0.000000,0.000000,0.000700,0.000000,0.000000,0.000000,0.016500,0.000000,0.013300,0.000000,0.000000,0.000000,0.001700,0.002000,0.007200,0.010200,0.000000
358,1.477799,3.221500,3.235700,3.086900,1368.000000,956032456.000000,1439367720.000000,255299584.000000,244068352.000000,1647448064.000000,0.000000,0.000000,0.000600,0.000000,0.000000,0.000000,0.014800,0.000000,0.012900,0.000000,0.000000,0.000000,0.000900,0.002200,0.004700,0.008500,0.000000
359,1.481580,3.867397,3.427000,3.292700,1368.000000,956032456.000000,1439367720.000000,255299584.000000,244068352.000000,1647448064.000000,0.000000,0.000000,0.000800,0.000000,0.000000,0.000000,0.013500,0.000000,0.019400,0.000000,0.000000,0.000000,0.001700,0.002300,0.007100,0.009600,0.000000
360,1.488436,6.761302,6.758700,6.178200,1368.000000,956032536.000000,1439367720.000000,255299584.000000,244068352.000000,1647448064.000000,0.000000,0.000000,2.768200,0.039900,0.011200,2.429100,0.012600,0.033400,0.014900,0.000500,0.000200,0.001100,0.000500,0.002400,0.004000,0.009400,0.000000
361,1.492053,3.563400,3.973200,3.408700,1368.000000,956032536.000000,1439367720.000000,255299584.000000,244068352.000000,1647448064.000000,0.000000,0.000000,0.001000,0.000000,0.000000,0.000000,0.023800,0.000000,0.013800,0.000000,0.000000,0.000000,0.001700,0.002100,0.006900,0.010500,0.000000
362,1.495936,3.947796,3.940800,3.778000,1368.000000,956036632.000000,1439367720.000000,255299584.000000,244072448.000000,1647448064.000000,0.000000,0.000000,0.000700,0.000000,0.000000,0.000000,0.015100,0.000000,0.013800,0.000000,0.000000,0.000000,0.001200,0.002300,0.006800,0.010000,0.000000
363,1.499817,3.896301,3.839900,3.679200,1368.000000,956036632.000000,1439367720.000000,255299584.000000,244072448.000000,1647448064.000000,0.000000,0.000000,0.000800,0.000000,0.000000,0.000000,0.014000,0.000000,0.013300,0.000000,0.000000,0.000000,0.001400,0.002000,0.007400,0.010400,0.000000
364,1.506656,6.860906,6.559600,6.344000,1368.000000,956040752.000000,1439367720.000000,255299584.000000,244076544.000000,1647448064.000000,0.000000,0.000000,2.856700,0.042500,0.008300,2.502000,0.015300,0.038800,0.014700,0.000400,0.000300,0.001200,0.000900,0.002600,0.004900,0.013500,0.000000
365,1.510251,3.620493,3.977500,3.472400,1368.000000,956040752.000000,1439367720.000000,255299584.000000,244076544.000000,1647448064.000000,0.000000,0.000000,0.000700,0.000000,0.000000,0.000000,0.016100,0.000000,0.013000,0.000000,0.000000,0.000000,0.001100,0.001900,0.004600,0.008600,0.000000
366,1.514372,4.076403,3.851100,3.700900,1368.000000,956040752.000000,1439367720.000000,255299584.000000,244076544.000000,1647448064.000000,0.000000,0.000000,0.000600,0.000000,0.000000,0.000000,0.014200,0.000000,0.012700,0.000000,0.000000,0.000000,0.001100,0.002000,0.005900,0.008200,0.000000
367,1.520542,6.168502,6.185000,5.818900,1368.000000,956044864.000000,1439367720.000000,255299584.000000,244080640.000000,1647448064.000000,0.000000,0.000000,2.363000,0.038500,0.009600,2.030500,0.015100,0.022700,0.013800,0.000500,0.000200,0.000600,0.001200,0.002600,0.005000,0.007900,0.000000
368,1.524636,4.126098,4.280400,3.931300,1368.000000,956044864.000000,1439367720.000000,255299584.000000,244080640.000000,1647448064.000000,0.000000,0.000000,0.000700,0.000000,0.000000,0.000000,0.016200,0.000000,0.013000,0.000000,0.000000,0.000000,0.001000,0.001900,0.006200,0.009500,0.000000
369,1.527781,3.047201,3.094900,2.911200,1368.000000,956048960.000000,1439367720.000000,255299584.000000,244084736.000000,1647448064.000000,0.000000,0.000000,0.000700,0.000000,0.000000,0.000000,0.015100,0.000000,0.013500,0.000000,0.000000,0.000000,0.001100,0.001900,0.004500,0.009400,0.000000
370,1.531076,3.429401,3.426400,3.285500,1368.000000,956048960.000000,1439367720.000000,255299584.000000,244084736.000000,1647448064.000000,0.000000,0.000000,0.000800,0.000000,0.000000,0.000000,0.017800,0.000000,0.015300,0.000000,0.000000,0.000000,0.001100,0.002100,0.006000,0.009300,0.000000
371,1.536654,5.510898,5.486100,5.343900,1368.000000,956048984.000000,1439367720.000000,255299584.000000,244084736.000000,1647448064.000000,0.000000,0.000000,2.356500,0.038400,0.007900,2.026100,0.012600,0.027100,0.013500,0.000500,0.000300,0.000900,0.000700,0.002700,0.003900,0.009500,0.000000
372,1.540515,3.899901,3.648800,3.485500,1368.000000,956048984.000000,1439367720.000000,255299584.000000,244084736.000000,1647448064.000000,0.000000,0.000000,0.000600,0.000000,0.000000,0.000000,0.013600,0.000000,0.013000,0.000000,0.000000,0.000000,0.001800,0.002100,0.006700,0.009800,0.000000
373,1.543946,3.351098,3.609600,3.203700,1368.000000,956048984.000000,1439367720.000000,255299584.000000,244084736.000000,1647448064.000000,0.000000,0.000000,0.000600,0.000000,0.000000,0.000000,0.015400,0.000000,0.013100,0.000000,0.000000,0.000000,0.001200,0.001900,0.004100,0.008500,0.000000
374,1.547182,3.255400,3.106600,2.929700,1368.000000,956048984.000000,1439367720.000000,255299584.000000,244084736.000000,1647448064.000000,0.000000,0.000000,0.000600,0.000000,0.000000,0.000000,0.015300,0.000000,0.013900,0.000000,0.000000,0.000000,0.001500,0.002200,0.007300,0.010000,0.000000
375,1.553224,6.094203,6.233400,5.937100,1420.000000,956057152.000000,1439367720.000000,255299584.000000,244092928.000000,1647448064.000000,0.000000,0.000000,2.698700,0.040200,0.011100,2.353800,0.011700,0.025600,0.013900,0.000700,0.000200,0.000900,0.001600,0.002600,0.006500,0.007700,0.000000
376,1.556467,3.271095,3.278700,3.130600,1368.000000,956057152.000000,1439367720.000000,255299584.000000,244092928.000000,1647448064.000000,0.000000,0.000000,0.000500,0.000000,0.000000,0.000000,0.015900,0.000000,0.013000,0.000000,0.000000,0.000000,0.000800,0.002200,0.004700,0.007900,0.000000
377,1.559864,3.399405,3.395700,3.256000,1368.000000,956057152.000000,1439367720.000000,255299584.000000,244092928.000000,1647448064.000000,0.000000,0.000000,0.000500,0.000000,0.000000,0.000000,0.012800,0.000000,0.172900,0.000000,0.000000,0.000000,0.001000,0.001800,0.004800,0.007400,0.000000
378,1.563157,3.264498,3.259100,3.121400,1368.000000,956057152.000000,1439367720.000000,255299584.000000,244092928.000000,1647448064.000000,0.000000,0.000000,0.000500,0.000000,0.000000,0.000000,0.013500,0.000000,0.012700,0.000000,0.000000,0.000000,0.000700,0.002000,0.004200,0.007900,0.000000
379,1.566672,3.522902,3.496000,3.352700,1368.000000,956057152.000000,1439367720.000000,255299584.000000,244092928.000000,1647448064.000000,0.000000,0.000000,0.000600,0.000000,0.000000,0.000000,0.013900,0.000000,0.013800,0.000000,0.000000,0.000000,0.000900,0.001900,0.004900,0.007800,0.000000
380,1.572124,5.434999,5.439700,5.270000,1368.000000,956065368.000000,1439367720.000000,255299584.000000,244101120.000000,1647513600.000000,0.000000,0.000000,2.314400,0.043500,0.006800,1.967300,0.013900,0.025000,0.013700,0.000800,0.000300,0.000700,0.000900,0.002800,0.005600,0.010000,0.000000
381,1.575603,3.497796,3.504000,3.350400,1368.000000,956054560.000000,1439367720.000000,255299584.000000,244101120.000000,1647513600.000000,0.000000,0.000000,0.000600,0.000000,0.000000,0.000000,0.014600,0.000000,0.012400,0.000000,0.000000,0.000000,0.000900,0.002200,0.005700,0.007500,0.000000
382,1.579004,3.390901,3.212100,3.067800,1368.000000,956054560.000000,1439367720.000000,255299584.000000,244101120.000000,1647513600.000000,0.000000,0.000000,0.000600,0.000000,0.000000,0.000000,0.011800,0.000000,0.011500,0.000000,0.000000,0.000000,0.000400,0.001900,0.004500,0.007400,0.000000
383,1.581771,2.830499,3.029000,2.718900,1368.000000,956054560.000000,1439367720.000000,255299584.000000,244101120.000000,1647513600.000000,0.000000,0.000000,0.000700,0.000000,0.000000,0.000000,0.015400,0.000000,0.012900,0.000000,0.000000,0.000000,0.000800,0.002200,0.005000,0.007800,0.000000
384,1.588694,6.849802,6.444900,6.320600,1368.000000,956054536.000000,1439367720.000000,255299584.000000,244101120.000000,1647513600.000000,0.000000,0.000000,3.075700,0.037500,0.010900,2.739300,0.011100,0.027300,0.013700,0.000500,0.000300,0.000900,0.000500,0.002400,0.004000,0.007700,0.000000
385,1.591431,2.828500,3.230900,2.725000,1368.000000,956054536.000000,1439367720.000000,255299584.000000,244101120.000000,1647513600.000000,0.000000,0.000000,0.000600,0.000000,0.000000,0.000000,0.016100,0.000000,0.013400,0.000000,0.000000,0.000000,0.001400,0.001900,0.004900,0.007900,0.000000
386,1.594750,3.246499,3.215300,3.096300,1368.000000,956058632.000000,1439367720.000000,255299584.000000,244105216.000000,1647513600.000000,0.000000,0.000000,0.000600,0.000000,0.000000,0.000000,0.010300,0.000000,0.011300,0.000000,0.000000,0.000000,0.000500,0.001600,0.003200,0.006100,0.000000
387,1.597638,2.924199,2.939700,2.803200,1368.000000,956062728.000000,1439367720.000000,255299584.000000,244109312.000000,1647513600.000000,0.000000,0.000000,0.000600,0.000000,0.000000,0.000000,0.012000,0.000000,0.012400,0.000000,0.000000,0.000000,0.000600,0.001900,0.004200,0.008000,0.000000
388,1.603237,5.576502,5.555600,5.428900,1368.000000,956066848.000000,1439367720.000000,255299584.000000,244113408.000000,1647513600.000000,0.000000,0.000000,2.427400,0.048700,0.011500,2.080900,0.012500,0.029000,0.012500,0.000500,0.000300,0.000700,0.000900,0.002300,0.003900,0.007600,0.000000
389,1.606059,2.879202,2.901700,2.767800,1368.000000,956066848.000000,1439367720.000000,255299584.000000,244113408.000000,1647513600.000000,0.000000,0.000000,0.000600,0.000000,0.000000,0.000000,0.014000,0.000000,0.012000,0.000000,0.000000,0.000000,0.000600,0.001700,0.004300,0.007300,0.000000
390,1.609264,3.146797,3.119900,3.003500,1368.000000,956066848.000000,1439367720.000000,255299584.000000,244113408.000000,1647513600.000000,0.000000,0.000000,0.000500,0.000000,0.000000,0.000000,0.010500,0.000000,0.011100,0.000000,0.000000,0.000000,0.000500,0.001800,0.003100,0.006100,0.000000
391,1.611930,2.723597,2.733900,2.600600,1368.000000,956066848.000000,1439367720.000000,255299584.000000,244113408.000000,1647513600.000000,0.000000,0.000000,0.000700,0.000000,0.000000,0.000000,0.012500,0.000000,0.011700,0.000000,0.000000,0.000000,0.001000,0.001800,0.004100,0.008100,0.000000
392,1.615126,3.123505,3.090400,2.958400,1368.000000,956070944.000000,1439367720.000000,255299584.000000,244117504.000000,1647513600.000000,0.000000,0.000000,0.000600,0.000000,0.000000,0.000000,0.011300,0.000000,0.011700,0.000000,0.000000,0.000000,0.000600,0.002000,0.003300,0.007100,0.000000
393,1.620866,5.707100,5.710900,5.557400,1368.000000,956070920.000000,1439367720.000000,255299584.000000,244117504.000000,1647513600.000000,0.000000,0.000000,2.516600,0.041600,0.008300,2.047000,0.014100,0.025300,0.015000,0.000600,0.000100,0.001100,0.000900,0.002500,0.004600,0.008200,0.000000
394,1.624156,3.342694,3.347800,3.203600,1368.000000,956070920.000000,1439367720.000000,255299584.000000,244117504.000000,1647513600.000000,0.000000,0.000000,0.000600,0.000000,0.000000,0.000000,0.017300,0.000000,0.012400,0.000000,0.000000,0.000000,0.001100,0.001600,0.005400,0.008700,0.000000
395,1.626985,2.868700,2.886800,2.757200,1368.000000,956070920.000000,1439367720.000000,255299584.000000,244117504.000000,1647513600.000000,0.000000,0.000000,0.000700,0.000000,0.000000,0.000000,0.013400,0.000000,0.012100,0.000000,0.000000,0.000000,0.000800,0.001800,0.004100,0.008000,0.000000
396,1.630180,3.198002,3.195900,3.082600,1368.000000,956070920.000000,1439367720.000000,255299584.000000,244117504.000000,1647513600.000000,0.000000,0.000000,0.000600,0.000000,0.000000,0.000000,0.011500,0.000000,0.013200,0.000000,0.000000,0.000000,0.000800,0.001700,0.003600,0.007300,0.000000
397,1.633177,2.948398,2.920900,2.801300,1368.000000,956075016.000000,1439367720.000000,255299584.000000,244121600.000000,1647513600.000000,0.000000,0.000000,0.000500,0.000000,0.000000,0.000000,0.010800,0.000000,0.012000,0.000000,0.000000,0.000000,0.000600,0.001700,0.003100,0.006400,0.000000
398,1.638953,5.768906,5.745600,5.608800,1368.000000,956075040.000000,1439367720.000000,255299584.000000,244121600.000000,1647513600.000000,0.000000,0.000000,2.333200,0.046300,0.011400,1.975600,0.013000,0.018500,0.012600,0.000900,0.000200,0.000600,0.000600,0.002100,0.004100,0.006700,0.000000
399,1.641674,2.755896,2.800300,2.648000,1368.000000,956075040.000000,1439367720.000000,255299584.000000,244121600.000000,1647513600.000000,0.000000,0.000000,0.000700,0.000000,0.000000,0.000000,0.014300,0.000000,0.012700,0.000000,0.000000,0.000000,0.001200,0.001900,0.004300,0.008300,0.000000
400,1.645016,3.331902,3.306000,3.138900,1368.000000,956079136.000000,1439367720.000000,255299584.000000,244125696.000000,1647513600.000000,0.000000,0.000000,0.000700,0.000000,0.000000,0.000000,0.011000,0.000000,0.011800,0.000000,0.000000,0.000000,0.000800,0.001400,0.004900,0.007000,0.000000
401,1.648592,3.515498,3.480600,3.337000,1368.000000,956079136.000000,1439367720.000000,255299584.000000,244125696.000000,1647513600.000000,0.000000,0.000000,0.000500,0.000000,0.000000,0.000000,0.012500,0.000000,0.012200,0.000000,0.000000,0.000000,0.000800,0.002000,0.004000,0.007300,0.000000
402,1.655142,6.576601,6.591800,6.428000,1368.000000,956079144.000000,1439367720.000000,255299584.000000,244125696.000000,1647513600.000000,0.000000,0.000000,3.137400,0.058000,0.012200,2.745700,0.017500,0.029500,0.421200,0.001000,0.000200,0.001000,0.001300,0.002300,0.005400,0.007500,0.000000
403,1.658355,3.243197,3.249600,3.102800,1368.000000,956083240.000000,1439367720.000000,255299584.000000,244129792.000000,1647513600.000000,0.000000,0.000000,0.000500,0.000000,0.000000,0.000000,0.013400,0.000000,0.012300,0.000000,0.000000,0.000000,0.000800,0.002100,0.004500,0.007500,0.000000
404,1.661019,2.722003,2.746700,2.616400,1368.000000,956083240.000000,1439367720.000000,255299584.000000,244129792.000000,1647513600.000000,0.000000,0.000000,0.000600,0.000000,0.000000,0.000000,0.013400,0.000000,0.012700,0.000000,0.000000,0.000000,0.000900,0.002000,0.004100,0.007300,0.000000
405,1.664112,3.056803,3.036800,2.925600,1368.000000,956083240.000000,1439367720.000000,255299584.000000,244129792.000000,1647513600.000000,0.000000,0.000000,0.000600,0.000000,0.000000,0.000000,0.010400,0.000000,0.011300,0.000000,0.000000,0.000000,0.000500,0.001500,0.003100,0.006100,0.000000
406,1.669482,5.355499,5.345500,5.220800,1368.000000,956083264.000000,1439367720.000000,255299584.000000,244129792.000000,1647513600.000000,0.000000,0.000000,2.206100,0.042600,0.009000,1.881600,0.011000,0.020100,0.012200,0.000500,0.000100,0.000600,0.000700,0.002100,0.003900,0.006800,0.000000
407,1.672320,2.861501,2.875000,2.746500,1368.000000,956083264.000000,1439367720.000000,255299584.000000,244129792.000000,1647513600.000000,0.000000,0.000000,0.000600,0.000000,0.000000,0.000000,0.013600,0.000000,0.011700,0.000000,0.000000,0.000000,0.000700,0.001700,0.003800,0.007700,0.000000
408,1.675277,2.935098,2.925200,2.809600,1368.000000,956087360.000000,1439367720.000000,255299584.000000,244133888.000000,1647513600.000000,0.000000,0.000000,0.000600,0.000000,0.000000,0.000000,0.010900,0.000000,0.012100,0.000000,0.000000,0.000000,0.000600,0.001600,0.003800,0.007200,0.000000
409,1.678793,3.476198,3.269700,3.140200,1368.000000,956091456.000000,1439367720.000000,255299584.000000,244137984.000000,1647513600.000000,0.000000,0.000000,0.000600,0.000000,0.000000,0.000000,0.011300,0.000000,0.011700,0.000000,0.000000,0.000000,0.000500,0.001500,0.004100,0.006500,0.000000
410,1.681496,2.781505,2.988700,2.673200,1368.000000,956091456.000000,1439367720.000000,255299584.000000,244137984.000000,1647513600.000000,0.000000,0.000000,0.000600,0.000000,0.000000,0.000000,0.016000,0.000000,0.012700,0.000000,0.000000,0.000000,0.001200,0.002200,0.004800,0.009000,0.000000
411,1.687001,5.425198,5.398500,5.279500,1368.000000,956091432.000000,1439367720.000000,255299584.000000,244137984.000000,1647513600.000000,0.000000,0.000000,2.348900,0.041700,0.010200,2.010400,0.010900,0.030300,0.014100,0.000500,0.000400,0.000800,0.000400,0.002500,0.003300,0.008700,0.000000
412,1.690316,3.343700,3.325400,3.187800,1368.000000,956091432.000000,1439367720.000000,255299584.000000,244137984.000000,1647513600.000000,0.000000,0.000000,0.000800,0.000000,0.000000,0.000000,0.018400,0.000000,0.012000,0.000000,0.000000,0.000000,0.001000,0.001600,0.005200,0.007500,0.000000
413,1.693504,3.200496,3.219000,3.066400,1368.000000,956095528.000000,1439367720.000000,255299584.000000,244142080.000000,1647513600.000000,0.000000,0.000000,0.000500,0.000000,0.000000,0.000000,0.012700,0.000000,0.012200,0.000000,0.000000,0.000000,0.000700,0.001500,0.003700,0.007700,0.000000
414,1.696281,2.803104,2.764200,2.636500,1368.000000,956099656.000000,1439367720.000000,255299584.000000,244146176.000000,1647513600.000000,0.000000,0.000000,0.000500,0.000000,0.000000,0.000000,0.012600,0.000000,0.012200,0.000000,0.000000,0.000000,0.000700,0.001700,0.003700,0.007100,0.000000
415,1.699595,3.274901,3.302400,3.131000,1368.000000,956100496.000000,1439367720.000000,255299584.000000,244146176.000000,1647513600.000000,0.000000,0.000000,0.000500,0.000000,0.000000,0.000000,0.010000,0.000000,0.012300,0.000000,0.000000,0.000000,0.000300,0.001400,0.003300,0.005800,0.000000
416,1.706202,6.536898,6.505200,6.352900,1368.000000,956100720.000000,1439367720.000000,255299584.000000,244146176.000000,1647513600.000000,0.000000,0.000000,2.834100,0.041100,0.009600,2.469300,0.012700,0.046100,0.033400,0.000400,0.000300,0.001200,0.000700,0.004100,0.004600,0.038800,0.000000
417,1.710062,3.922803,3.947400,3.782100,1368.000000,956101328.000000,1439367720.000000,255299584.000000,244146176.000000,1647513600.000000,0.000000,0.000000,0.000600,0.000000,0.000000,0.000000,0.018100,0.000000,0.012200,0.000000,0.000000,0.000000,0.001600,0.002000,0.005400,0.009900,0.000000
418,1.713530,3.468495,3.433300,3.296100,1368.000000,956101328.000000,1439367720.000000,255299584.000000,244146176.000000,1647513600.000000,0.000000,0.000000,0.000500,0.000000,0.000000,0.000000,0.013100,0.000000,0.012200,0.000000,0.000000,0.000000,0.000800,0.001900,0.004500,0.008000,0.000000
419,1.716265,2.782405,2.833300,2.665300,1368.000000,956101328.000000,1439367720.000000,255299584.000000,244146176.000000,1647513600.000000,0.000000,0.000000,0.000500,0.000000,0.000000,0.000000,0.014100,0.000000,0.012400,0.000000,0.000000,0.000000,0.000900,0.001900,0.004000,0.007800,0.000000
420,1.723248,6.904797,6.867900,6.741800,1368.000000,956105496.000000,1439367720.000000,255299584.000000,244150272.000000,1647513600.000000,0.000000,0.000000,3.535500,0.037600,0.007700,3.209300,0.010300,0.034000,0.014300,0.000600,0.000200,0.000900,0.000500,0.002500,0.003400,0.010300,0.000000
421,1.726064,2.891603,2.922200,2.780100,1368.000000,956105496.000000,1439367720.000000,255299584.000000,244150272.000000,1647513600.000000,0.000000,0.000000,0.000500,0.000000,0.000000,0.000000,0.015500,0.000000,0.013100,0.000000,0.000000,0.000000,0.000800,0.001900,0.004800,0.008200,0.000000
422,1.729342,3.253997,3.232800,3.115900,1368.000000,956109592.000000,1439367720.000000,255299584.000000,244154368.000000,1647513600.000000,0.000000,0.000000,0.000400,0.000000,0.000000,0.000000,0.011600,0.000000,0.011400,0.000000,0.000000,0.000000,0.000500,0.001700,0.003200,0.006600,0.000000
423,1.731923,2.617800,2.634000,2.508900,1368.000000,956109592.000000,1439367720.000000,255299584.000000,244154368.000000,1647513600.000000,0.000000,0.000000,0.000600,0.000000,0.000000,0.000000,0.012600,0.000000,0.012300,0.000000,0.000000,0.000000,0.000600,0.001600,0.004100,0.007500,0.000000
424,1.737366,5.331101,5.296000,5.172800,1368.000000,956109648.000000,1439367720.000000,255299584.000000,244154368.000000,1647513600.000000,0.000000,0.000000,2.328600,0.047800,0.008900,2.002000,0.012200,0.029200,0.014500,0.000500,0.000300,0.000900,0.000500,0.002300,0.003200,0.008300,0.000000
425,1.740422,3.154500,3.139000,2.993500,1368.000000,956113776.000000,1439367720.000000,255299584.000000,244158464.000000,1647513600.000000,0.000000,0.000000,0.000600,0.000000,0.000000,0.000000,0.014400,0.000000,0.012900,0.000000,0.000000,0.000000,0.001000,0.002400,0.004800,0.007500,0.000000
426,1.743681,3.229301,3.251500,3.091300,1368.000000,956117872.000000,1439367720.000000,255299584.000000,244162560.000000,1647517696.000000,0.000000,0.000000,0.000600,0.000000,0.000000,0.000000,0.012000,0.000000,0.012600,0.000000,0.000000,0.000000,0.000600,0.001900,0.007600,0.007200,0.000000
427,1.746445,2.811097,2.830900,2.704900,1368.000000,956117872.000000,1439367720.000000,255299584.000000,244162560.000000,1647517696.000000,0.000000,0.000000,0.000600,0.000000,0.000000,0.000000,0.012900,0.000000,0.012500,0.000000,0.000000,0.000000,0.000800,0.001900,0.003800,0.007500,0.000000
428,1.749677,3.192198,3.161600,3.050600,1368.000000,956117872.000000,1439367720.000000,255299584.000000,244162560.000000,1647517696.000000,0.000000,0.000000,0.000600,0.000000,0.000000,0.000000,0.011300,0.000000,0.011700,0.000000,0.000000,0.000000,0.000600,0.001500,0.003200,0.006400,0.000000
429,1.755367,5.649603,5.641900,5.502200,1420.000000,956117872.000000,1439367720.000000,255299584.000000,244162560.000000,1647517696.000000,0.000000,0.000000,2.280500,0.036400,0.008200,1.966900,0.012500,0.020700,0.013300,0.000500,0.000200,0.000600,0.000700,0.002600,0.004000,0.007800,0.000000
430,1.758803,3.458397,3.454900,3.311800,1368.000000,956117872.000000,1439367720.000000,255299584.000000,244162560.000000,1647517696.000000,0.000000,0.000000,0.000500,0.000000,0.000000,0.000000,0.013300,0.000000,0.012600,0.000000,0.000000,0.000000,0.000900,0.002000,0.005000,0.007800,0.000000
431,1.761698,2.794700,2.826700,2.690700,1368.000000,956126064.000000,1439367720.000000,255299584.000000,244170752.000000,1647525888.000000,0.000000,0.000000,0.000600,0.000000,0.000000,0.000000,0.013100,0.000000,0.012600,0.000000,0.000000,0.000000,0.000600,0.001700,0.004400,0.007500,0.000000
432,1.764826,3.253302,3.232800,3.124900,1368.000000,956126064.000000,1439367720.000000,255299584.000000,244170752.000000,1647525888.000000,0.000000,0.000000,0.000600,0.000000,0.000000,0.000000,0.051800,0.000000,0.015100,0.000000,0.000000,0.000000,0.000700,0.001500,0.004500,0.007700,0.000000
433,1.770432,5.572102,5.503000,5.375900,1368.000000,956126088.000000,1439367720.000000,255299584.000000,244170752.000000,1647525888.000000,0.000000,0.000000,2.269800,0.037100,0.008000,1.955800,0.012500,0.021700,0.012600,0.000500,0.000200,0.000700,0.000700,0.002500,0.003400,0.007900,0.000000
434,1.773604,3.196896,3.251500,3.062900,1368.000000,956126088.000000,1439367720.000000,255299584.000000,244170752.000000,1647525888.000000,0.000000,0.000000,0.000500,0.000000,0.000000,0.000000,0.014100,0.000000,0.012000,0.000000,0.000000,0.000000,0.000900,0.002000,0.003800,0.006100,0.000000
435,1.776428,2.834701,2.855100,2.729300,1368.000000,956126088.000000,1439367720.000000,255299584.000000,244170752.000000,1647525888.000000,0.000000,0.000000,0.000600,0.000000,0.000000,0.000000,0.012900,0.000000,0.012100,0.000000,0.000000,0.000000,0.000700,0.002000,0.003500,0.007200,0.000000
436,1.779774,3.334502,3.313500,3.200200,1368.000000,956130184.000000,1439367720.000000,255299584.000000,244174848.000000,1647529984.000000,0.000000,0.000000,0.000600,0.000000,0.000000,0.000000,0.011100,0.000000,0.011900,0.000000,0.000000,0.000000,0.000600,0.001400,0.003200,0.006500,0.000000
437,1.782700,2.890002,2.888700,2.760900,1368.000000,956130184.000000,1439367720.000000,255299584.000000,244174848.000000,1647529984.000000,0.000000,0.000000,0.000500,0.000000,0.000000,0.000000,0.012800,0.000000,0.012100,0.000000,0.000000,0.000000,0.001100,0.001800,0.003900,0.007300,0.000000
438,1.788417,5.713499,5.689700,5.558400,1368.000000,956134256.000000,1439367720.000000,255299584.000000,244178944.000000,1647534080.000000,0.000000,0.000000,2.394800,0.039100,0.008100,2.031300,0.012700,0.020500,0.013800,0.000600,0.000300,0.000500,0.001100,0.002500,0.005200,0.007100,0.000000
439,1.791191,2.853401,2.866300,2.727000,1368.000000,956134256.000000,1439367720.000000,255299584.000000,244178944.000000,1647534080.000000,0.000000,0.000000,0.000800,0.000000,0.000000,0.000000,0.015000,0.000000,0.013500,0.000000,0.000000,0.000000,0.001000,0.002100,0.005000,0.008500,0.000000
440,1.794610,3.346294,3.290300,3.155900,1368.000000,956134256.000000,1439367720.000000,255299584.000000,244178944.000000,1647534080.000000,0.000000,0.000000,0.000700,0.000000,0.000000,0.000000,0.011100,0.000000,0.011900,0.000000,0.000000,0.000000,0.001000,0.001700,0.003100,0.006500,0.000000
441,1.797640,3.032001,3.076500,2.895300,1368.000000,956134256.000000,1439367720.000000,255299584.000000,244178944.000000,1647534080.000000,0.000000,0.000000,0.000600,0.000000,0.000000,0.000000,0.012600,0.000000,0.012700,0.000000,0.000000,0.000000,0.001200,0.002000,0.004700,0.007900,0.000000
442,1.803796,6.144501,6.132000,5.992700,1368.000000,956138432.000000,1439367720.000000,255299584.000000,244183040.000000,1647538176.000000,0.000000,0.000000,2.670500,0.072500,0.011200,2.287700,0.014100,0.028400,0.014200,0.000600,0.000100,0.000900,0.000800,0.002500,0.004800,0.008200,0.000000
443,1.806786,2.933000,2.956600,2.819200,1368.000000,956138432.000000,1439367720.000000,255299584.000000,244183040.000000,1647538176.000000,0.000000,0.000000,0.000700,0.000000,0.000000,0.000000,0.015100,0.000000,0.012700,0.000000,0.000000,0.000000,0.000700,0.001900,0.004700,0.008100,0.000000
444,1.810406,3.695104,3.658000,3.530700,1368.000000,956138432.000000,1439367720.000000,255299584.000000,244183040.000000,1647538176.000000,0.000000,0.000000,0.000500,0.000000,0.000000,0.000000,0.011300,0.000000,0.012800,0.000000,0.000000,0.000000,0.001600,0.002100,0.005900,0.008300,0.000000
445,1.814692,4.166496,3.924900,3.748200,1368.000000,956138432.000000,1439367720.000000,255299584.000000,244183040.000000,1647538176.000000,0.000000,0.000000,0.000600,0.000000,0.000000,0.000000,0.013300,0.000000,0.011900,0.000000,0.000000,0.000000,0.001100,0.001700,0.004600,0.008200,0.000000
446,1.820486,5.895599,5.992900,5.611700,1368.000000,956138512.000000,1439367720.000000,255299584.000000,244183040.000000,1647538176.000000,0.000000,0.000000,2.401800,0.051600,0.012000,2.010100,0.019400,0.028400,0.013500,0.000700,0.000300,0.000800,0.001900,0.002600,0.006600,0.011200,0.000000
447,1.823813,3.249504,3.390200,3.106800,1368.000000,956138512.000000,1439367720.000000,255299584.000000,244183040.000000,1647538176.000000,0.000000,0.000000,0.000500,0.000000,0.000000,0.000000,0.015200,0.000000,0.013000,0.000000,0.000000,0.000000,0.001000,0.001900,0.004300,0.007600,0.000000
448,1.826632,2.967999,2.989800,2.852400,1368.000000,956142608.000000,1439367720.000000,255299584.000000,244187136.000000,1647542272.000000,0.000000,0.000000,0.000600,0.000000,0.000000,0.000000,0.013500,0.000000,0.013300,0.000000,0.000000,0.000000,0.001400,0.002000,0.006500,0.009100,0.000000
449,1.830360,3.605995,3.439600,3.315300,1368.000000,956142608.000000,1439367720.000000,255299584.000000,244187136.000000,1647542272.000000,0.000000,0.000000,0.000600,0.000000,0.000000,0.000000,0.010500,0.000000,0.012000,0.000000,0.000000,0.000000,0.001200,0.001900,0.004100,0.006800,0.000000
450,1.834115,3.728203,3.796600,3.517200,1368.000000,956142608.000000,1439367720.000000,255299584.000000,244187136.000000,1647542272.000000,0.000000,0.000000,0.000600,0.000000,0.000000,0.000000,0.015800,0.000000,0.012900,0.000000,0.000000,0.000000,0.001500,0.001800,0.007000,0.009900,0.000000
451,1.840339,6.297697,6.356600,6.146000,1368.000000,956146760.000000,1439367720.000000,255299584.000000,244191232.000000,1647546368.000000,0.000000,0.000000,2.421900,0.040100,0.011900,2.089900,0.013600,0.025700,0.013300,0.000500,0.000200,0.000600,0.001500,0.002500,0.007200,0.008200,0.000000
452,1.843853,3.514406,3.451200,3.293600,1368.000000,956150856.000000,1439367720.000000,255299584.000000,244195328.000000,1647550464.000000,0.000000,0.000000,0.000600,0.000000,0.000000,0.000000,0.015500,0.000000,0.014100,0.000000,0.000000,0.000000,0.000800,0.001800,0.004800,0.007900,0.000000
453,1.846981,3.069395,3.141200,2.910800,1368.000000,956154952.000000,1439367720.000000,255299584.000000,244199424.000000,1647554560.000000,0.000000,0.000000,0.000600,0.000000,0.000000,0.000000,0.015100,0.000000,0.013200,0.000000,0.000000,0.000000,0.001000,0.002200,0.004600,0.008900,0.000000
454,1.850904,3.916199,3.505800,3.371300,1368.000000,956154952.000000,1439367720.000000,255299584.000000,244199424.000000,1647554560.000000,0.000000,0.000000,0.000600,0.000000,0.000000,0.000000,0.012800,0.000000,0.011900,0.000000,0.000000,0.000000,0.000500,0.001800,0.005400,0.009000,0.000000
455,1.857580,6.694600,6.894000,6.354400,1368.000000,956154928.000000,1439367720.000000,255299584.000000,244199424.000000,1647554560.000000,0.000000,0.000000,3.056300,0.040500,0.007700,2.719800,0.014600,0.027800,0.017400,0.000600,0.000200,0.000800,0.001300,0.002200,0.006800,0.010800,0.000000
456,1.861299,3.781200,3.704000,3.370600,1368.000000,956154928.000000,1439367720.000000,255299584.000000,244199424.000000,1647554560.000000,0.000000,0.000000,0.000600,0.000000,0.000000,0.000000,0.016800,0.000000,0.014100,0.000000,0.000000,0.000000,0.001300,0.002300,0.005500,0.008600,0.000000
457,1.865428,4.097605,4.024400,3.615400,1368.000000,956154928.000000,1439367720.000000,255299584.000000,244199424.000000,1647554560.000000,0.000000,0.000000,0.000500,0.000000,0.000000,0.000000,0.013100,0.000000,0.012600,0.000000,0.000000,0.000000,0.000800,0.002200,0.004600,0.007700,0.000000
458,1.871518,6.100198,6.384300,5.906200,1368.000000,956154952.000000,1439367720.000000,255299584.000000,244199424.000000,1647554560.000000,0.000000,0.000000,2.314600,0.043000,0.010700,1.974600,0.014300,0.025100,0.024200,0.000500,0.000300,0.000700,0.001200,0.022300,0.005000,0.012600,0.000000
459,1.875210,3.681803,3.720500,3.528200,1368.000000,956159048.000000,1439367720.000000,255299584.000000,244203520.000000,1647558656.000000,0.000000,0.000000,0.000600,0.000000,0.000000,0.000000,0.015700,0.000000,0.012200,0.000000,0.000000,0.000000,0.001100,0.002100,0.004700,0.008700,0.000000
460,1.879188,3.870195,3.792500,3.638000,1368.000000,956159048.000000,1439367720.000000,255299584.000000,244203520.000000,1647558656.000000,0.000000,0.000000,0.001000,0.000000,0.000000,0.000000,0.014000,0.000000,0.013300,0.000000,0.000000,0.000000,0.000800,0.002300,0.004700,0.008800,0.000000
461,1.882617,3.555903,3.568100,3.355500,1368.000000,956159048.000000,1439367720.000000,255299584.000000,244203520.000000,1647558656.000000,0.000000,0.000000,0.000800,0.000000,0.000000,0.000000,0.014700,0.000000,0.013800,0.000000,0.000000,0.000000,0.001800,0.003000,0.007700,0.010800,0.000000
462,1.889576,6.938201,6.987900,6.774800,1368.000000,956159064.000000,1439367720.000000,255299584.000000,244203520.000000,1647558656.000000,0.000000,0.000000,2.891800,0.047900,0.012400,2.518600,0.014700,0.030500,0.015900,0.000500,0.000300,0.001100,0.000900,0.002700,0.004500,0.009400,0.000000
463,1.893343,3.582695,3.451300,3.293700,1368.000000,956159064.000000,1439367720.000000,255299584.000000,244203520.000000,1647558656.000000,0.000000,0.000000,0.000700,0.000000,0.000000,0.000000,0.016300,0.000000,0.014100,0.000000,0.000000,0.000000,0.000800,0.002000,0.004800,0.009200,0.000000
464,1.897109,3.860998,3.848500,3.501000,1368.000000,956167256.000000,1439367720.000000,255299584.000000,244211712.000000,1647566848.000000,0.000000,0.000000,0.000800,0.000000,0.000000,0.000000,0.016400,0.000000,0.014000,0.000000,0.000000,0.000000,0.001200,0.001900,0.006700,0.010100,0.000000
465,1.900874,3.833702,3.985100,3.693000,1368.000000,956171352.000000,1439367720.000000,255299584.000000,244215808.000000,1647570944.000000,0.000000,0.000000,0.000700,0.000000,0.000000,0.000000,0.014000,0.000000,0.013600,0.000000,0.000000,0.000000,0.001300,0.002000,0.007400,0.010000,0.000000
466,1.907181,6.199405,6.126800,5.985300,1368.000000,956171408.000000,1439367720.000000,255299584.000000,244215808.000000,1647570944.000000,0.000000,0.000000,2.446100,0.037600,0.011500,2.103800,0.013500,0.028800,0.016000,0.000500,0.000300,0.001100,0.001400,0.002500,0.006500,0.009300,0.000000
467,1.910769,3.733596,3.793500,3.593800,1368.000000,956171408.000000,1439367720.000000,255299584.000000,244215808.000000,1647570944.000000,0.000000,0.000000,0.000700,0.000000,0.000000,0.000000,0.022000,0.000000,0.026600,0.000000,0.000000,0.000000,0.001500,0.002100,0.007900,0.010300,0.000000
468,1.914904,4.012599,3.999900,3.853100,1368.000000,956171408.000000,1439367720.000000,255299584.000000,244215808.000000,1647570944.000000,0.000000,0.000000,0.000600,0.000000,0.000000,0.000000,0.013800,0.000000,0.013000,0.000000,0.000000,0.000000,0.001600,0.002000,0.006500,0.009400,0.000000
469,1.921174,6.371804,6.174100,6.013700,1368.000000,956171384.000000,1439367720.000000,255299584.000000,244215808.000000,1647570944.000000,0.000000,0.000000,2.359400,0.042400,0.011100,2.009700,0.014400,0.021800,0.015100,0.000500,0.000300,0.000600,0.001500,0.002400,0.006600,0.008200,0.000000
470,1.925295,4.142198,4.109600,3.771300,1368.000000,956175480.000000,1439367720.000000,255299584.000000,244219904.000000,1647575040.000000,0.000000,0.000000,0.000500,0.000000,0.000000,0.000000,0.015200,0.000000,0.013400,0.000000,0.000000,0.000000,0.000800,0.001800,0.004800,0.007600,0.000000
471,1.929378,4.032101,3.965600,3.594600,1368.000000,956175480.000000,1439367720.000000,255299584.000000,244219904.000000,1647575040.000000,0.000000,0.000000,0.000600,0.000000,0.000000,0.000000,0.015100,0.000000,0.013400,0.000000,0.000000,0.000000,0.000900,0.001900,0.004500,0.008400,0.000000
472,1.932902,3.507596,3.773300,3.354900,1368.000000,956175480.000000,1439367720.000000,255299584.000000,244219904.000000,1647575040.000000,0.000000,0.000000,0.000800,0.000000,0.000000,0.000000,0.013800,0.000000,0.013400,0.000000,0.000000,0.000000,0.001600,0.001900,0.006300,0.008900,0.000000
473,1.940731,7.769402,7.372900,7.197000,1368.000000,956179600.000000,1439367720.000000,255299584.000000,244224000.000000,1647579136.000000,0.000000,0.000000,2.918100,0.054000,0.014800,2.435000,0.014000,0.029500,0.014000,0.000700,0.000300,0.000800,0.001400,0.002600,0.007500,0.016900,0.000000
474,1.945539,4.916603,4.889700,4.325000,1368.000000,956179600.000000,1439367720.000000,255299584.000000,244224000.000000,1647579136.000000,0.000000,0.000000,0.000800,0.000000,0.000000,0.000000,0.017400,0.000000,0.014300,0.000000,0.000000,0.000000,0.001700,0.002200,0.007900,0.011400,0.000000
475,1.949791,4.204798,4.473600,3.884400,1368.000000,956179600.000000,1439367720.000000,255299584.000000,244224000.000000,1647579136.000000,0.000000,0.000000,0.000900,0.000000,0.000000,0.000000,0.015700,0.000000,0.013400,0.000000,0.000000,0.000000,0.000900,0.002200,0.005100,0.008700,0.000000
476,1.958235,8.439902,8.505500,8.190000,1368.000000,956183672.000000,1439367720.000000,255299584.000000,244228096.000000,1647644672.000000,0.000000,0.000000,2.560300,0.041300,0.018100,2.161400,0.021300,0.028200,0.015300,0.000600,0.000300,0.000900,0.001300,0.002700,0.005900,0.009400,0.000000
477,1.961756,3.583199,3.689000,3.456800,1420.000000,956187768.000000,1439367720.000000,255299584.000000,244232192.000000,1647644672.000000,0.000000,0.000000,0.000800,0.000000,0.000000,0.000000,0.018400,0.000000,0.014000,0.000000,0.000000,0.000000,0.001200,0.002300,0.005800,0.010900,0.000000
478,1.966037,4.266801,3.934900,3.799400,1368.000000,956187768.000000,1439367720.000000,255299584.000000,244232192.000000,1647644672.000000,0.000000,0.000000,0.000600,0.000000,0.000000,0.000000,0.016600,0.000000,0.013900,0.000000,0.000000,0.000000,0.001500,0.002100,0.006600,0.008900,0.000000
479,1.972702,6.452197,6.304000,5.846400,1368.000000,956187816.000000,1439367720.000000,255299584.000000,244232192.000000,1647644672.000000,0.000000,0.000000,2.375300,0.045700,0.011900,2.028200,0.015700,0.027200,0.014400,0.000500,0.000300,0.000900,0.001100,0.002600,0.004800,0.009900,0.000000
480,1.977289,4.784899,4.922300,4.329600,1368.000000,956187816.000000,1439367720.000000,255299584.000000,244232192.000000,1647644672.000000,0.000000,0.000000,0.001000,0.000000,0.000000,0.000000,0.031200,0.000000,0.014800,0.000000,0.000000,0.000000,0.001900,0.002000,0.007800,0.009100,0.000000
481,1.981286,3.985906,4.294900,3.831500,1368.000000,956191912.000000,1439367720.000000,255299584.000000,244236288.000000,1647644672.000000,0.000000,0.000000,0.000700,0.000000,0.000000,0.000000,0.015300,0.000000,0.013800,0.000000,0.000000,0.000000,0.001000,0.002200,0.005500,0.008900,0.000000
482,1.988816,7.503196,7.048600,6.887400,1368.000000,956191888.000000,1439367720.000000,255299584.000000,244236288.000000,1647644672.000000,0.000000,0.000000,3.237900,0.042800,0.008600,2.835400,0.014000,0.047400,0.014400,0.000700,0.000200,0.001000,0.001400,0.002600,0.005900,0.010100,0.000000
483,1.992300,3.557504,3.762100,3.172400,1368.000000,956191888.000000,1439367720.000000,255299584.000000,244236288.000000,1647644672.000000,0.000000,0.000000,0.000700,0.000000,0.000000,0.000000,0.021300,0.000000,0.014700,0.000000,0.000000,0.000000,0.001400,0.002200,0.005700,0.010200,0.000000
484,1.995641,3.341100,3.598800,3.210600,1368.000000,956191888.000000,1439367720.000000,255299584.000000,244236288.000000,1647644672.000000,0.000000,0.000000,0.000900,0.000000,0.000000,0.000000,0.013400,0.000000,0.013600,0.000000,0.000000,0.000000,0.001100,0.001800,0.005700,0.008200,0.000000
485,1.999204,3.599398,3.585600,3.454200,1368.000000,956191888.000000,1439367720.000000,255299584.000000,244236288.000000,1647644672.000000,0.000000,0.000000,0.000700,0.000000,0.000000,0.000000,0.012800,0.000000,0.012700,0.000000,0.000000,0.000000,0.001000,0.001800,0.005900,0.007600,0.000000
486,2.006519,7.110700,7.024400,6.871900,1368.000000,956191912.000000,1439367720.000000,255299584.000000,244236288.000000,1647644672.000000,0.000000,0.000000,2.525700,0.040400,0.008300,2.183200,0.012300,0.029500,0.020300,0.000400,0.000300,0.000700,0.000600,0.003200,0.004700,0.009800,0.000000
