frame,elapsed_seconds,delta_time_ms,main_thread_ms,player_loop_ms,gc_allocated_in_frame_bytes,total_used_memory_bytes,total_reserved_memory_bytes,gc_reserved_memory_bytes,gc_used_memory_bytes,system_used_memory_bytes,render_thread_ms,draw_calls_count,fixed_step_ms,belt_transfer_ms,belt_progress_ms,transfer_command_buffer_ms,item_pool_initialization_ms,item_visual_capture_ms,item_transform_presentation_ms,item_process_ms,item_port_adapter_ms,item_port_buffer_swap_ms,grid_placement_transform_ms,grid_build_ms,grid_occupancy_index_ms,belt_topology_visual_ms,wait_for_job_group_ms
0,0.032557,17.622201,17.760500,17.481600,1228.000000,931752476.000000,1424890704.000000,252489728.000000,237559808.000000,1630220288.000000,0.000000,0.000000,13.597000,0.495800,0.081500,11.054100,0.011900,0.132400,0.009900,0.367100,0.001300,0.003100,0.004800,0.002100,0.003100,0.008400,0.000000
1,0.038746,6.220798,6.220000,6.082100,1176.000000,931752060.000000,1424890704.000000,252489728.000000,237559808.000000,1630220288.000000,0.000000,0.000000,1.748100,0.036500,0.018400,1.640500,0.010300,0.018900,0.012800,0.000500,0.000300,0.000700,0.006400,0.001800,0.002300,0.006700,0.000000
2,0.042616,3.886501,3.888300,3.753500,1176.000000,931752100.000000,1424890704.000000,252489728.000000,237559808.000000,1630220288.000000,0.000000,0.000000,0.000500,0.000000,0.000000,0.000000,0.011200,0.000000,0.017300,0.000000,0.000000,0.000000,0.004400,0.354400,0.003300,0.006900,0.000000
3,0.046741,4.144097,4.143800,4.013600,1176.000000,931752108.000000,1424890704.000000,252489728.000000,237559808.000000,1630220288.000000,0.000000,0.000000,0.000700,0.000000,0.000000,0.000000,0.010300,0.000000,0.020800,0.000000,0.000000,0.000000,0.004400,0.003800,0.003000,0.006800,0.000000
4,0.052951,6.188698,6.169000,6.041000,1176.000000,931752556.000000,1424890704.000000,252489728.000000,237559808.000000,1630220288.000000,0.000000,0.000000,1.840500,0.083100,0.018000,1.681600,0.009700,0.022300,0.023700,0.000500,0.000200,0.001200,0.004200,0.003300,0.002300,0.361400,0.000000
5,0.056633,3.677601,3.684400,3.543500,1176.000000,931753004.000000,1424890704.000000,252489728.000000,237559808.000000,1630220288.000000,0.000000,0.000000,0.000400,0.000000,0.000000,0.000000,0.011600,0.000000,0.017900,0.000000,0.000000,0.000000,0.004600,0.384600,0.003000,0.006600,0.000000
6,0.060657,4.038506,4.035200,3.901900,1176.000000,931752180.000000,1424890704.000000,252489728.000000,237559808.000000,1630220288.000000,0.000000,0.000000,0.000600,0.000000,0.000000,0.000000,0.010400,0.000000,0.010300,0.000000,0.000000,0.000000,0.004300,0.001800,0.002600,0.006800,0.000000
7,0.066710,6.049299,5.966900,5.834500,1176.000000,931753052.000000,1424890704.000000,252489728.000000,237559808.000000,1630220288.000000,0.000000,0.000000,1.815200,0.040900,0.017700,1.698300,0.011600,0.022300,0.017800,0.000500,0.000200,0.000600,0.004700,0.002100,0.002700,0.335500,0.000000
8,0.069927,3.222300,3.291700,3.080200,1176.000000,931753092.000000,1424890704.000000,252489728.000000,237559808.000000,1630220288.000000,0.000000,0.000000,0.000600,0.000000,0.000000,0.000000,0.012600,0.000000,0.009800,0.000000,0.000000,0.000000,0.004500,0.001600,0.003100,0.006300,0.000000
9,0.073315,3.371499,3.370700,3.229500,1176.000000,931752700.000000,1424890704.000000,252489728.000000,237559808.000000,1630220288.000000,0.000000,0.000000,0.000700,0.000000,0.000000,0.000000,0.010800,0.000000,0.025700,0.000000,0.000000,0.000000,0.004500,0.002700,0.002700,0.006800,0.000000
10,0.076735,3.425999,3.426500,3.289500,1176.000000,931752812.000000,1424890704.000000,252489728.000000,237559808.000000,1630220288.000000,0.000000,0.000000,0.000700,0.000000,0.000000,0.000000,0.011200,0.000000,0.024700,0.000000,0.000000,0.000000,0.004800,0.001800,0.002800,0.007300,0.000000
11,0.082879,6.125999,6.101300,5.960400,1176.000000,931752396.000000,1424890704.000000,252489728.000000,237559808.000000,1630220288.000000,0.000000,0.000000,2.720300,0.049200,0.019000,2.582500,0.010000,0.033300,0.011200,0.000500,0.000400,0.000700,0.004300,0.002100,0.002800,0.008600,0.000000
12,0.086288,3.405400,3.331400,3.174000,1176.000000,931766780.000000,1424890704.000000,252489728.000000,237559808.000000,1630220288.000000,0.000000,0.000000,0.001100,0.000000,0.000000,0.000000,0.012400,0.000000,0.012300,0.000000,0.000000,0.000000,0.005100,0.001900,0.003300,0.006700,0.000000
13,0.089698,3.414201,3.484400,3.260400,1176.000000,931754684.000000,1424890704.000000,252489728.000000,237559808.000000,1630220288.000000,0.000000,0.000000,0.000800,0.000000,0.000000,0.000000,0.012500,0.000000,0.014500,0.000000,0.000000,0.000000,0.005600,0.002300,0.003100,0.007400,0.000000
14,0.092824,3.132398,3.137900,2.986600,1176.000000,931752068.000000,1424890704.000000,252489728.000000,237559808.000000,1630220288.000000,0.000000,0.000000,0.000700,0.000000,0.000000,0.000000,0.012000,0.000000,0.011600,0.000000,0.000000,0.000000,0.005100,0.002500,0.003000,0.007600,0.000000
15,0.096212,3.304599,3.298000,3.153900,1176.000000,931752108.000000,1424890704.000000,252489728.000000,237559808.000000,1630220288.000000,0.000000,0.000000,0.000800,0.000000,0.000000,0.000000,0.011400,0.000000,0.012500,0.000000,0.000000,0.000000,0.005000,0.002000,0.002900,0.007900,0.000000
16,0.102930,6.793502,6.783800,6.635700,1176.000000,931752572.000000,1424890704.000000,252489728.000000,237559808.000000,1630220288.000000,0.000000,0.000000,3.672600,0.048500,0.020700,3.523400,0.012100,0.036400,0.012300,0.000500,0.000300,0.000800,0.005600,0.002600,0.003300,0.008300,0.000000
17,0.105953,3.061898,3.083400,2.937300,1176.000000,931752156.000000,1424890704.000000,252489728.000000,237559808.000000,1630220288.000000,0.000000,0.000000,0.000600,0.000000,0.000000,0.000000,0.013000,0.000000,0.011800,0.000000,0.000000,0.000000,0.005100,0.002000,0.003300,0.007300,0.000000
18,0.108858,2.899802,2.895000,2.768000,1176.000000,931752196.000000,1424890704.000000,252489728.000000,237559808.000000,1630220288.000000,0.000000,0.000000,0.000500,0.000000,0.000000,0.000000,0.009900,0.000000,0.011300,0.000000,0.000000,0.000000,0.003300,0.001800,0.001900,0.006400,0.000000
19,0.111692,2.851899,2.862600,2.741800,1176.000000,931752628.000000,1424890704.000000,252489728.000000,237559808.000000,1630220288.000000,0.000000,0.000000,0.000700,0.000000,0.000000,0.000000,0.011200,0.000000,0.013600,0.000000,0.000000,0.000000,0.004500,0.001700,0.002400,0.007000,0.000000
20,0.117377,5.644204,5.597900,5.481900,1176.000000,931752652.000000,1424890704.000000,252489728.000000,237559808.000000,1630220288.000000,0.000000,0.000000,2.591200,0.044100,0.019100,2.455600,0.021400,0.033500,0.013000,0.000500,0.000300,0.000800,0.004300,0.002800,0.002200,0.007200,0.000000
21,0.120718,3.294402,3.315400,3.159900,1176.000000,931753100.000000,1424890704.000000,252489728.000000,237559808.000000,1630220288.000000,0.000000,0.000000,0.000600,0.000000,0.000000,0.000000,0.011600,0.000000,0.011700,0.000000,0.000000,0.000000,0.004300,0.001700,0.002800,0.006300,0.000000
22,0.123711,3.060296,3.057400,2.926800,1176.000000,931752276.000000,1424890704.000000,252489728.000000,237559808.000000,1630220288.000000,0.000000,0.000000,0.000800,0.000000,0.000000,0.000000,0.012300,0.000000,0.011900,0.000000,0.000000,0.000000,0.005100,0.001900,0.002700,0.008600,0.000000
23,0.126635,2.897803,2.900000,2.774700,1176.000000,931752300.000000,1424890704.000000,252489728.000000,237559808.000000,1630220288.000000,0.000000,0.000000,0.000700,0.000000,0.000000,0.000000,0.010600,0.000000,0.012100,0.000000,0.000000,0.000000,0.004000,0.002000,0.002700,0.007800,0.000000
24,0.129616,3.008000,2.999400,2.886500,1176.000000,931752748.000000,1424890704.000000,252489728.000000,237559808.000000,1630220288.000000,0.000000,0.000000,0.000600,0.000000,0.000000,0.000000,0.008900,0.000000,0.010900,0.000000,0.000000,0.000000,0.004300,0.001500,0.002600,0.007000,0.000000
25,0.135009,5.354698,5.341400,5.207600,1176.000000,931752372.000000,1424890704.000000,252489728.000000,237559808.000000,1630220288.000000,0.000000,0.000000,2.091800,0.045200,0.020400,1.958100,0.010800,0.027500,0.024700,0.000500,0.000300,0.000800,0.004600,0.002600,0.002800,0.006800,0.000000
26,0.138007,2.981498,2.998300,2.860600,1176.000000,931752372.000000,1424890704.000000,252489728.000000,237559808.000000,1630220288.000000,0.000000,0.000000,0.000600,0.000000,0.000000,0.000000,0.012400,0.000000,0.012300,0.000000,0.000000,0.000000,0.005000,0.002000,0.002800,0.008100,0.000000
27,0.141157,3.217801,3.155200,3.036200,1176.000000,931752396.000000,1424890704.000000,252489728.000000,237559808.000000,1630220288.000000,0.000000,0.000000,0.000700,0.000000,0.000000,0.000000,0.011100,0.000000,0.011800,0.000000,0.000000,0.000000,0.004300,0.001900,0.002600,0.007700,0.000000
28,0.144239,3.071003,3.122000,2.993100,1176.000000,931766780.000000,1424890704.000000,252489728.000000,237559808.000000,1630220288.000000,0.000000,0.000000,0.000600,0.000000,0.000000,0.000000,0.010200,0.000000,0.011500,0.000000,0.000000,0.000000,0.003200,0.001300,0.002400,0.006500,0.000000
29,0.150112,5.771400,5.646700,5.275300,1176.000000,931755236.000000,1424890704.000000,252489728.000000,237559808.000000,1630220288.000000,0.000000,0.000000,2.033200,0.048500,0.020000,1.898400,0.010900,0.027200,0.014200,0.000500,0.000200,0.000600,0.003900,0.002300,0.002600,0.006200,0.000000
30,0.153469,3.335899,3.304900,3.108000,1176.000000,931752196.000000,1424890704.000000,252489728.000000,237559808.000000,1630220288.000000,0.000000,0.000000,0.000800,0.000000,0.000000,0.000000,0.014700,0.000000,0.013900,0.000000,0.000000,0.000000,0.006800,0.002200,0.003500,0.008900,0.000000
31,0.156635,3.233000,3.335400,3.122000,1176.000000,931752236.000000,1424890704.000000,252489728.000000,237559808.000000,1630220288.000000,0.000000,0.000000,0.000700,0.000000,0.000000,0.000000,0.013800,0.000000,0.015500,0.000000,0.000000,0.000000,0.006900,0.002800,0.002800,0.009400,0.000000
32,0.159779,3.116901,3.089400,2.963700,1176.000000,931752700.000000,1424890704.000000,252489728.000000,237559808.000000,1630220288.000000,0.000000,0.000000,0.000700,0.000000,0.000000,0.000000,0.009400,0.000000,0.011600,0.000000,0.000000,0.000000,0.004700,0.001600,0.002800,0.006600,0.000000
33,0.163155,3.343700,3.160200,3.015500,1176.000000,931752284.000000,1424890704.000000,252489728.000000,237559808.000000,1630220288.000000,0.000000,0.000000,0.000600,0.000000,0.000000,0.000000,0.012800,0.000000,0.011800,0.000000,0.000000,0.000000,0.005300,0.002500,0.003200,0.009000,0.000000
34,0.168867,5.774001,5.879400,5.548200,1176.000000,931756796.000000,1424890704.000000,252489728.000000,237559808.000000,1630220288.000000,0.000000,0.000000,2.110400,0.056900,0.025500,1.957800,0.014100,0.026400,0.011600,0.000600,0.000200,0.000900,0.006400,0.002600,0.004000,0.008000,0.000000
35,0.172071,3.198200,3.281600,3.074600,1176.000000,931756804.000000,1424890704.000000,252489728.000000,237559808.000000,1630220288.000000,0.000000,0.000000,0.000700,0.000000,0.000000,0.000000,0.015000,0.000000,0.012500,0.000000,0.000000,0.000000,0.004600,0.001900,0.004000,0.007200,0.000000
36,0.175945,3.836295,3.746600,3.611300,1176.000000,931757252.000000,1424890704.000000,252489728.000000,237559808.000000,1630220288.000000,0.000000,0.000000,0.000600,0.000000,0.000000,0.000000,0.068400,0.000000,0.011800,0.000000,0.000000,0.000000,0.004800,0.001700,0.002700,0.007900,0.000000
37,0.179550,3.587698,3.511400,3.340700,1176.000000,931757700.000000,1424890704.000000,252489728.000000,237559808.000000,1630220288.000000,0.000000,0.000000,0.000800,0.000000,0.000000,0.000000,0.015300,0.000000,0.013900,0.000000,0.000000,0.000000,0.005900,0.002500,0.003500,0.008600,0.000000
38,0.185544,6.068601,6.201000,5.932200,1176.000000,931752356.000000,1424890704.000000,252489728.000000,237559808.000000,1630220288.000000,0.000000,0.000000,2.376000,0.050900,0.046100,2.206200,0.023800,0.026200,0.011600,0.000600,0.000300,0.000600,0.007400,0.002700,0.004300,0.008500,0.000000
39,0.188556,3.038003,3.049100,2.901800,1176.000000,931752396.000000,1424890704.000000,252489728.000000,237559808.000000,1630220288.000000,0.000000,0.000000,0.000600,0.000000,0.000000,0.000000,0.012900,0.000000,0.012600,0.000000,0.000000,0.000000,0.004900,0.002100,0.003300,0.007300,0.000000
40,0.191598,3.068098,3.069200,2.941800,1176.000000,931752876.000000,1424890704.000000,252489728.000000,237559808.000000,1630220288.000000,0.000000,0.000000,0.000600,0.000000,0.000000,0.000000,0.010600,0.000000,0.012400,0.000000,0.000000,0.000000,0.005100,0.002200,0.003100,0.006300,0.000000
41,0.194709,3.058000,3.047100,2.915800,1176.000000,931752924.000000,1424890704.000000,252489728.000000,237559808.000000,1630220288.000000,0.000000,0.000000,0.000600,0.000000,0.000000,0.000000,0.009900,0.000000,0.013100,0.000000,0.000000,0.000000,0.004000,0.001300,0.001700,0.005500,0.000000
42,0.199920,5.233603,5.229800,5.094700,1176.000000,931752500.000000,1424890704.000000,252489728.000000,237559808.000000,1630220288.000000,0.000000,0.000000,2.003700,0.046900,0.018500,1.879100,0.010800,0.021400,0.012500,0.000600,0.000200,0.000700,0.005100,0.002500,0.002600,0.006400,0.000000
43,0.203026,3.058496,3.061500,2.927300,1176.000000,931752524.000000,1424890704.000000,252489728.000000,237559808.000000,1630220288.000000,0.000000,0.000000,0.000600,0.000000,0.000000,0.000000,0.012200,0.000000,0.012500,0.000000,0.000000,0.000000,0.004700,0.001800,0.002800,0.006700,0.000000
44,0.206089,3.080804,3.088900,2.962000,1176.000000,931766908.000000,1424890704.000000,252489728.000000,237559808.000000,1630220288.000000,0.000000,0.000000,0.000700,0.000000,0.000000,0.000000,0.064600,0.000000,0.014600,0.000000,0.000000,0.000000,0.004700,0.001700,0.002700,0.007800,0.000000
45,0.208983,2.917900,2.908600,2.789200,1176.000000,931754812.000000,1424890704.000000,252489728.000000,237559808.000000,1630220288.000000,0.000000,0.000000,0.000600,0.000000,0.000000,0.000000,0.010100,0.000000,0.012000,0.000000,0.000000,0.000000,0.004400,0.001400,0.002700,0.006600,0.000000
46,0.211847,2.887500,2.882300,2.758500,1176.000000,931752196.000000,1424890704.000000,252489728.000000,237559808.000000,1630220288.000000,0.000000,0.000000,0.000700,0.000000,0.000000,0.000000,0.013700,0.000000,0.012800,0.000000,0.000000,0.000000,0.004900,0.001600,0.002900,0.007400,0.000000
47,0.217492,5.570699,5.461700,5.317000,1176.000000,931752236.000000,1424890704.000000,252489728.000000,237559808.000000,1630220288.000000,0.000000,0.000000,2.127500,0.048400,0.020300,1.990800,0.011500,0.027800,0.011600,0.000600,0.000100,0.000700,0.004400,0.002400,0.002800,0.009300,0.000000
48,0.221272,3.818601,3.868800,3.636900,1228.000000,931752700.000000,1424890704.000000,252489728.000000,237559808.000000,1630220288.000000,0.000000,0.000000,0.000800,0.000000,0.000000,0.000000,0.014000,0.000000,0.012900,0.000000,0.000000,0.000000,0.005800,0.002000,0.003900,0.008100,0.000000
49,0.224517,3.232398,3.255900,3.075500,1176.000000,931752284.000000,1424890704.000000,252489728.000000,237559808.000000,1630220288.000000,0.000000,0.000000,0.000800,0.000000,0.000000,0.000000,0.012900,0.000000,0.012400,0.000000,0.000000,0.000000,0.005200,0.002100,0.003100,0.008300,0.000000
50,0.227858,3.324802,3.308700,3.151000,1176.000000,931752324.000000,1424890704.000000,252489728.000000,237559808.000000,1630220288.000000,0.000000,0.000000,0.000600,0.000000,0.000000,0.000000,0.012300,0.000000,0.012900,0.000000,0.000000,0.000000,0.005000,0.002300,0.003300,0.007600,0.000000
51,0.234073,6.218098,6.228700,6.063800,1176.000000,931752756.000000,1424890704.000000,252489728.000000,237559808.000000,1630220288.000000,0.000000,0.000000,2.868800,0.054800,0.023500,2.711500,0.014700,0.032800,0.015400,0.000900,0.000200,0.000700,0.006100,0.003000,0.003900,0.009200,0.000000
52,0.237056,3.070401,3.089600,2.945900,1176.000000,931752780.000000,1424890704.000000,252489728.000000,237559808.000000,1630220288.000000,0.000000,0.000000,0.000600,0.000000,0.000000,0.000000,0.013500,0.000000,0.013600,0.000000,0.000000,0.000000,0.004800,0.002000,0.003100,0.007600,0.000000
53,0.240168,3.080400,3.068300,2.943000,1176.000000,931753228.000000,1424890704.000000,252489728.000000,237559808.000000,1630220288.000000,0.000000,0.000000,0.000700,0.000000,0.000000,0.000000,0.010000,0.000000,0.010900,0.000000,0.000000,0.000000,0.004600,0.001500,0.002800,0.007000,0.000000
54,0.242874,2.729896,2.745500,2.616000,1176.000000,931752372.000000,1424890704.000000,252489728.000000,237559808.000000,1630220288.000000,0.000000,0.000000,0.000500,0.000000,0.000000,0.000000,0.011600,0.000000,0.011900,0.000000,0.000000,0.000000,0.003900,0.001800,0.002600,0.007900,0.000000
55,0.246035,3.131604,3.122800,3.008000,1176.000000,931752396.000000,1424890704.000000,252489728.000000,237559808.000000,1630220288.000000,0.000000,0.000000,0.000700,0.000000,0.000000,0.000000,0.009800,0.000000,0.012300,0.000000,0.000000,0.000000,0.003800,0.001700,0.002500,0.007100,0.000000
56,0.251296,5.264498,5.244800,5.121500,1176.000000,931753300.000000,1424890704.000000,252489728.000000,237559808.000000,1630220288.000000,0.000000,0.000000,2.083000,0.046800,0.020100,1.954800,0.025400,0.021600,0.011200,0.000500,0.000200,0.000600,0.004700,0.002600,0.003000,0.006500,0.000000
57,0.254386,3.050503,3.048400,2.910700,1176.000000,931752924.000000,1424890704.000000,252489728.000000,237559808.000000,1630220288.000000,0.000000,0.000000,0.000600,0.000000,0.000000,0.000000,0.012000,0.000000,0.011400,0.000000,0.000000,0.000000,0.004700,0.001700,0.002700,0.007000,0.000000
58,0.257569,3.208596,3.217400,3.082600,1176.000000,931752924.000000,1424890704.000000,252489728.000000,237559808.000000,1630220288.000000,0.000000,0.000000,0.000600,0.000000,0.000000,0.000000,0.012100,0.000000,0.012600,0.000000,0.000000,0.000000,0.005200,0.002300,0.002900,0.007300,0.000000
59,0.260884,3.319204,3.261200,3.134900,1176.000000,931752948.000000,1424890704.000000,252489728.000000,237559808.000000,1630220288.000000,0.000000,0.000000,0.000800,0.000000,0.000000,0.000000,0.010400,0.000000,0.013500,0.000000,0.000000,0.000000,0.006000,0.002800,0.002900,0.008300,0.000000
60,0.266430,5.535601,5.560700,5.381000,1176.000000,931766908.000000,1424890704.000000,252489728.000000,237559808.000000,1630220288.000000,0.000000,0.000000,2.171400,0.047200,0.021000,2.031500,0.012000,0.030200,0.013800,0.000500,0.000400,0.000800,0.004900,0.003100,0.002900,0.007500,0.000000
61,0.269670,3.227395,3.237600,3.086800,1176.000000,931758908.000000,1424890704.000000,252489728.000000,237563904.000000,1630220288.000000,0.000000,0.000000,0.000700,0.000000,0.000000,0.000000,0.011900,0.000000,0.013400,0.000000,0.000000,0.000000,0.004500,0.002100,0.003100,0.006800,0.000000
62,0.272680,3.003302,2.942400,2.806300,1176.000000,931756292.000000,1424890704.000000,252489728.000000,237563904.000000,1630220288.000000,0.000000,0.000000,0.000700,0.000000,0.000000,0.000000,0.011600,0.000000,0.013300,0.000000,0.000000,0.000000,0.004900,0.002000,0.003000,0.008000,0.000000
63,0.276149,3.447300,3.485800,3.290500,1176.000000,931756756.000000,1424890704.000000,252489728.000000,237563904.000000,1630220288.000000,0.000000,0.000000,0.000800,0.000000,0.000000,0.000000,0.014400,0.000000,0.015700,0.000000,0.000000,0.000000,0.005900,0.002200,0.003000,0.007800,0.000000
64,0.279390,3.250000,3.240500,3.085800,1176.000000,931756796.000000,1424890704.000000,252489728.000000,237563904.000000,1630220288.000000,0.000000,0.000000,0.000900,0.000000,0.000000,0.000000,0.012400,0.000000,0.014500,0.000000,0.000000,0.000000,0.006100,0.002100,0.003500,0.008700,0.000000
65,0.285321,5.811402,5.813000,5.650900,1176.000000,931756380.000000,1424890704.000000,252489728.000000,237563904.000000,1630220288.000000,0.000000,0.000000,2.190100,0.049400,0.022100,2.054600,0.016400,0.022700,0.012600,0.000500,0.000200,0.000800,0.005100,0.002700,0.002600,0.008500,0.000000
66,0.288918,3.596400,3.572500,3.409900,1176.000000,931756420.000000,1424890704.000000,252489728.000000,237563904.000000,1630220288.000000,0.000000,0.000000,0.000900,0.000000,0.000000,0.000000,0.014500,0.000000,0.014400,0.000000,0.000000,0.000000,0.007400,0.002100,0.003900,0.009800,0.000000
67,0.292151,3.395295,3.409300,3.235200,1176.000000,931756428.000000,1424890704.000000,252489728.000000,237563904.000000,1630220288.000000,0.000000,0.000000,0.000800,0.000000,0.000000,0.000000,0.016100,0.000000,0.012700,0.000000,0.000000,0.000000,0.007600,0.003000,0.003500,0.010100,0.000000
68,0.295467,3.284602,3.289600,3.139900,1176.000000,931756876.000000,1424890704.000000,252489728.000000,237563904.000000,1630220288.000000,0.000000,0.000000,0.000800,0.000000,0.000000,0.000000,0.011100,0.000000,0.012800,0.000000,0.000000,0.000000,0.005200,0.001800,0.002700,0.006800,0.000000
69,0.301421,5.978500,5.975800,5.830700,1176.000000,931757324.000000,1424890704.000000,252489728.000000,237563904.000000,1630220288.000000,0.000000,0.000000,2.635300,0.048500,0.021000,2.498400,0.012400,0.025500,0.011500,0.000600,0.000300,0.000700,0.004900,0.002700,0.002500,0.008500,0.000000
70,0.304583,3.150702,3.149100,3.003400,1176.000000,931756468.000000,1424890704.000000,252489728.000000,237563904.000000,1630220288.000000,0.000000,0.000000,0.000700,0.000000,0.000000,0.000000,0.012100,0.000000,0.011500,0.000000,0.000000,0.000000,0.004400,0.002100,0.003000,0.007700,0.000000
71,0.307653,3.051998,3.061600,2.921700,1176.000000,931756492.000000,1424890704.000000,252489728.000000,237563904.000000,1630220288.000000,0.000000,0.000000,0.000600,0.000000,0.000000,0.000000,0.012300,0.000000,0.012700,0.000000,0.000000,0.000000,0.005100,0.002000,0.003100,0.007600,0.000000
72,0.311040,3.371903,3.352800,3.219000,1176.000000,931756972.000000,1424890704.000000,252489728.000000,237563904.000000,1630220288.000000,0.000000,0.000000,0.000800,0.000000,0.000000,0.000000,0.010900,0.000000,0.013100,0.000000,0.000000,0.000000,0.008400,0.001900,0.003600,0.008000,0.000000
73,0.317018,5.981101,5.967200,5.820700,1176.000000,931757020.000000,1424890704.000000,252489728.000000,237563904.000000,1630220288.000000,0.000000,0.000000,2.557300,0.051200,0.020400,2.401300,0.012800,0.037200,0.015800,0.000700,0.000300,0.001100,0.008800,0.003000,0.003300,0.011000,0.000000
74,0.320482,3.472095,3.466900,3.305600,1176.000000,931756596.000000,1424890704.000000,252489728.000000,237563904.000000,1630220288.000000,0.000000,0.000000,0.000900,0.000000,0.000000,0.000000,0.013400,0.000000,0.014000,0.000000,0.000000,0.000000,0.005200,0.001800,0.003800,0.007700,0.000000
75,0.324013,3.463804,3.434800,3.276900,1176.000000,931756620.000000,1424890704.000000,252489728.000000,237563904.000000,1630220288.000000,0.000000,0.000000,0.000900,0.000000,0.000000,0.000000,0.015100,0.000000,0.014500,0.000000,0.000000,0.000000,0.004900,0.002000,0.003700,0.008600,0.000000
76,0.327033,3.145295,3.186100,2.956200,1176.000000,931771004.000000,1424890704.000000,252489728.000000,237563904.000000,1630220288.000000,0.000000,0.000000,0.000900,0.000000,0.000000,0.000000,0.014600,0.000000,0.014600,0.000000,0.000000,0.000000,0.007200,0.002300,0.003500,0.010300,0.000000
77,0.332389,5.318006,5.304100,5.165700,1176.000000,931759332.000000,1424890704.000000,252489728.000000,237563904.000000,1630220288.000000,0.000000,0.000000,2.151000,0.048200,0.019600,2.005500,0.011000,0.037100,0.013600,0.000600,0.000200,0.000900,0.004300,0.002800,0.003100,0.008900,0.000000
78,0.335828,3.392496,3.382500,3.231600,1176.000000,931756716.000000,1424890704.000000,252489728.000000,237563904.000000,1630220288.000000,0.000000,0.000000,0.000700,0.000000,0.000000,0.000000,0.012100,0.000000,0.013000,0.000000,0.000000,0.000000,0.004900,0.002000,0.003500,0.007000,0.000000
79,0.339331,3.463804,3.374300,3.218000,1176.000000,931756756.000000,1424890704.000000,252489728.000000,237563904.000000,1630220288.000000,0.000000,0.000000,0.000900,0.000000,0.000000,0.000000,0.013100,0.000000,0.013300,0.000000,0.000000,0.000000,0.006400,0.002100,0.003500,0.008200,0.000000
80,0.342684,3.425595,3.496000,3.257600,1176.000000,931757220.000000,1424890704.000000,252489728.000000,237563904.000000,1630220288.000000,0.000000,0.000000,0.000700,0.000000,0.000000,0.000000,0.014400,0.000000,0.013300,0.000000,0.000000,0.000000,0.007100,0.002500,0.004200,0.010200,0.000000
81,0.346356,3.670004,3.621300,3.450800,1176.000000,931756380.000000,1424890704.000000,252489728.000000,237563904.000000,1630220288.000000,0.000000,0.000000,0.000600,0.000000,0.000000,0.000000,0.012200,0.000000,0.013100,0.000000,0.000000,0.000000,0.005600,0.002300,0.003100,0.007700,0.000000
82,0.352006,5.640200,5.688800,5.477200,1176.000000,931756420.000000,1424890704.000000,252489728.000000,237563904.000000,1630220288.000000,0.000000,0.000000,2.206700,0.052700,0.021900,2.051000,0.013900,0.036300,0.013100,0.000600,0.000300,0.000700,0.005400,0.003200,0.003500,0.011000,0.000000
83,0.355632,3.615299,3.615000,3.451000,1176.000000,931756428.000000,1424890704.000000,252489728.000000,237563904.000000,1630220288.000000,0.000000,0.000000,0.000700,0.000000,0.000000,0.000000,0.014100,0.000000,0.012700,0.000000,0.000000,0.000000,0.006300,0.002200,0.003300,0.008800,0.000000
84,0.358831,3.246202,3.253100,3.101700,1176.000000,931756876.000000,1424890704.000000,252489728.000000,237563904.000000,1630220288.000000,0.000000,0.000000,0.000800,0.000000,0.000000,0.000000,0.013200,0.000000,0.013400,0.000000,0.000000,0.000000,0.005600,0.002000,0.003500,0.008400,0.000000
85,0.361812,3.011196,3.024800,2.884600,1176.000000,931757748.000000,1424890704.000000,252489728.000000,237563904.000000,1630220288.000000,0.000000,0.000000,0.000600,0.000000,0.000000,0.000000,0.012100,0.000000,0.014700,0.000000,0.000000,0.000000,0.005000,0.002300,0.002700,0.007900,0.000000
86,0.367675,5.817503,5.788700,5.659600,1176.000000,931756468.000000,1424890704.000000,252489728.000000,237563904.000000,1630220288.000000,0.000000,0.000000,2.793100,0.048800,0.020000,2.649700,0.010400,0.033400,0.012400,0.000500,0.000300,0.000700,0.004600,0.002800,0.002600,0.008200,0.000000
87,0.370715,3.068197,3.084800,2.935400,1176.000000,931756492.000000,1424890704.000000,252489728.000000,237563904.000000,1630220288.000000,0.000000,0.000000,0.000800,0.000000,0.000000,0.000000,0.013200,0.000000,0.012000,0.000000,0.000000,0.000000,0.005200,0.001900,0.003000,0.007300,0.000000
88,0.373785,3.051098,3.049900,2.918700,1176.000000,931756972.000000,1424890704.000000,252489728.000000,237563904.000000,1630220288.000000,0.000000,0.000000,0.000800,0.000000,0.000000,0.000000,0.010900,0.000000,0.012100,0.000000,0.000000,0.000000,0.004900,0.001800,0.002300,0.007300,0.000000
89,0.376624,2.904606,2.892600,2.766000,1176.000000,931756596.000000,1424890704.000000,252489728.000000,237563904.000000,1630220288.000000,0.000000,0.000000,0.001000,0.000000,0.000000,0.000000,0.011300,0.000000,0.012300,0.000000,0.000000,0.000000,0.005000,0.001900,0.002800,0.006100,0.000000
90,0.379840,3.131895,3.062500,2.919100,1176.000000,931756564.000000,1424890704.000000,252489728.000000,237563904.000000,1630220288.000000,0.000000,0.000000,0.000700,0.000000,0.000000,0.000000,0.009600,0.000000,0.011200,0.000000,0.000000,0.000000,0.003600,0.001600,0.002200,0.005900,0.000000
91,0.385513,5.706200,5.768400,5.570400,1176.000000,931756588.000000,1424890704.000000,252489728.000000,237563904.000000,1630220288.000000,0.000000,0.000000,2.266500,0.050000,0.019800,2.138300,0.014300,0.019500,0.011200,0.000700,0.000300,0.000800,0.004800,0.002900,0.002900,0.006900,0.000000
92,0.388866,3.256803,3.233300,3.088500,1176.000000,931771004.000000,1424890704.000000,252489728.000000,237563904.000000,1630220288.000000,0.000000,0.000000,0.000700,0.000000,0.000000,0.000000,0.012400,0.000000,0.012900,0.000000,0.000000,0.000000,0.008600,0.002000,0.002800,0.007300,0.000000
93,0.391772,3.043098,3.077800,2.930300,1176.000000,931758908.000000,1424890704.000000,252489728.000000,237563904.000000,1630220288.000000,0.000000,0.000000,0.000900,0.000000,0.000000,0.000000,0.015700,0.000000,0.014200,0.000000,0.000000,0.000000,0.006100,0.002100,0.003100,0.008800,0.000000
94,0.394679,2.872803,2.867100,2.750400,1176.000000,931756292.000000,1424890704.000000,252489728.000000,237563904.000000,1630220288.000000,0.000000,0.000000,0.000600,0.000000,0.000000,0.000000,0.009800,0.000000,0.011900,0.000000,0.000000,0.000000,0.004000,0.001500,0.002400,0.006500,0.000000
95,0.400070,5.400999,5.389500,5.263900,1176.000000,931756756.000000,1424890704.000000,252489728.000000,237563904.000000,1630220288.000000,0.000000,0.000000,2.123300,0.044900,0.019200,1.994500,0.010000,0.027200,0.013200,0.000500,0.000300,0.000600,0.004000,0.002600,0.002600,0.006800,0.000000
96,0.402868,2.810395,2.812700,2.683700,1176.000000,931756796.000000,1424890704.000000,252489728.000000,237563904.000000,1630220288.000000,0.000000,0.000000,0.000600,0.000000,0.000000,0.000000,0.011400,0.000000,0.012800,0.000000,0.000000,0.000000,0.003700,0.002000,0.002700,0.007800,0.000000
97,0.405691,2.828904,2.831200,2.707400,1176.000000,931756380.000000,1424890704.000000,252489728.000000,237563904.000000,1630220288.000000,0.000000,0.000000,0.000700,0.000000,0.000000,0.000000,0.009400,0.000000,0.011200,0.000000,0.000000,0.000000,0.003800,0.001700,0.002300,0.006000,0.000000
98,0.408499,2.809999,2.808800,2.688300,1176.000000,931756420.000000,1424890704.000000,252489728.000000,237563904.000000,1630220288.000000,0.000000,0.000000,0.000600,0.000000,0.000000,0.000000,0.010000,0.000000,0.011300,0.000000,0.000000,0.000000,0.003400,0.001500,0.002200,0.006000,0.000000
99,0.411472,2.968601,2.963000,2.848300,1176.000000,931756428.000000,1424890704.000000,252489728.000000,237563904.000000,1630220288.000000,0.000000,0.000000,0.000600,0.000000,0.000000,0.000000,0.010300,0.000000,0.011700,0.000000,0.000000,0.000000,0.003300,0.001800,0.002100,0.006700,0.000000
100,0.417049,5.518700,5.491500,5.367900,1176.000000,931756876.000000,1424890704.000000,252489728.000000,237563904.000000,1630220288.000000,0.000000,0.000000,2.547900,0.048700,0.019500,2.404700,0.010100,0.033800,0.011600,0.000500,0.000200,0.000500,0.004200,0.002500,0.002300,0.008800,0.000000
101,0.420337,3.311699,3.298800,3.154700,1176.000000,931757324.000000,1424890704.000000,252489728.000000,237563904.000000,1630220288.000000,0.000000,0.000000,0.000700,0.000000,0.000000,0.000000,0.012700,0.000000,0.012100,0.000000,0.000000,0.000000,0.004400,0.001700,0.002700,0.004900,0.000000
102,0.423110,2.803897,2.834600,2.684700,1228.000000,931756468.000000,1424890704.000000,252489728.000000,237563904.000000,1630220288.000000,0.000000,0.000000,0.000700,0.000000,0.000000,0.000000,0.011500,0.000000,0.011900,0.000000,0.000000,0.000000,0.004800,0.002100,0.002900,0.007400,0.000000
103,0.426051,2.936600,2.928800,2.810700,1176.000000,931756492.000000,1424890704.000000,252489728.000000,237563904.000000,1630220288.000000,0.000000,0.000000,0.000700,0.000000,0.000000,0.000000,0.009600,0.000000,0.011300,0.000000,0.000000,0.000000,0.004000,0.001700,0.002300,0.007100,0.000000
104,0.429254,3.170805,3.125800,2.999800,1176.000000,931756972.000000,1424890704.000000,252489728.000000,237563904.000000,1630220288.000000,0.000000,0.000000,0.000800,0.000000,0.000000,0.000000,0.010800,0.000000,0.012200,0.000000,0.000000,0.000000,0.004200,0.001500,0.002500,0.006900,0.000000
105,0.434742,5.480896,5.506000,5.340600,1176.000000,931761068.000000,1424890704.000000,252489728.000000,237563904.000000,1630220288.000000,0.000000,0.000000,2.367600,0.058100,0.023000,2.195100,0.012900,0.050800,0.011200,0.000500,0.000200,0.000900,0.005000,0.002700,0.003100,0.007500,0.000000
106,0.437449,2.770203,2.797900,2.667700,1176.000000,931761068.000000,1424890704.000000,252489728.000000,237563904.000000,1630220288.000000,0.000000,0.000000,0.000700,0.000000,0.000000,0.000000,0.011900,0.000000,0.012100,0.000000,0.000000,0.000000,0.005100,0.001800,0.002800,0.007500,0.000000
107,0.440526,3.031902,2.997100,2.887900,1176.000000,931761516.000000,1424890704.000000,252489728.000000,237563904.000000,1630220288.000000,0.000000,0.000000,0.000700,0.000000,0.000000,0.000000,0.008700,0.000000,0.012900,0.000000,0.000000,0.000000,0.003700,0.001400,0.002300,0.005500,0.000000
108,0.443752,3.209396,3.208200,3.069600,1176.000000,931775476.000000,1424890704.000000,252489728.000000,237563904.000000,1630220288.000000,0.000000,0.000000,0.000600,0.000000,0.000000,0.000000,0.011400,0.000000,0.013700,0.000000,0.000000,0.000000,0.004600,0.002000,0.002700,0.008000,0.000000
109,0.449138,5.367999,5.325000,5.179100,1176.000000,931758908.000000,1424890704.000000,252489728.000000,237563904.000000,1630220288.000000,0.000000,0.000000,2.097100,0.052600,0.017500,1.959400,0.012900,0.027800,0.013000,0.000500,0.000300,0.000500,0.005100,0.002700,0.002800,0.007900,0.000000
110,0.452115,3.051701,3.099200,2.934400,1176.000000,931756292.000000,1424890704.000000,252489728.000000,237563904.000000,1630220288.000000,0.000000,0.000000,0.000800,0.000000,0.000000,0.000000,0.014300,0.000000,0.012700,0.000000,0.000000,0.000000,0.005000,0.002100,0.003300,0.008000,0.000000
111,0.455122,2.947803,2.937800,2.813100,1176.000000,931756332.000000,1424890704.000000,252489728.000000,237563904.000000,1630220288.000000,0.000000,0.000000,0.000600,0.000000,0.000000,0.000000,0.008900,0.000000,0.011000,0.000000,0.000000,0.000000,0.004100,0.001600,0.002400,0.006700,0.000000
112,0.457801,2.734595,2.745200,2.619300,1176.000000,931756796.000000,1424890704.000000,252489728.000000,237563904.000000,1630220288.000000,0.000000,0.000000,0.000700,0.000000,0.000000,0.000000,0.011900,0.000000,0.011900,0.000000,0.000000,0.000000,0.004500,0.001700,0.002800,0.007200,0.000000
113,0.460919,3.099100,3.087400,2.969400,1176.000000,931756380.000000,1424890704.000000,252489728.000000,237563904.000000,1630220288.000000,0.000000,0.000000,0.000700,0.000000,0.000000,0.000000,0.010400,0.000000,0.010500,0.000000,0.000000,0.000000,0.004000,0.002800,0.002400,0.006600,0.000000
114,0.466127,5.195805,5.183300,5.057000,1176.000000,931756420.000000,1424890704.000000,252489728.000000,237563904.000000,1630220288.000000,0.000000,0.000000,2.018900,0.047300,0.017400,1.890600,0.010700,0.027400,0.011500,0.000600,0.000200,0.000600,0.003800,0.002400,0.002700,0.007500,0.000000
115,0.469155,3.003798,3.004600,2.871400,1176.000000,931756428.000000,1424890704.000000,252489728.000000,237563904.000000,1630220288.000000,0.000000,0.000000,0.000700,0.000000,0.000000,0.000000,0.011900,0.000000,0.011100,0.000000,0.000000,0.000000,0.004200,0.001700,0.002800,0.006900,0.000000
116,0.472059,2.968601,2.976500,2.849900,1176.000000,931756876.000000,1424890704.000000,252489728.000000,237563904.000000,1630220288.000000,0.000000,0.000000,0.000500,0.000000,0.000000,0.000000,0.014100,0.000000,0.011600,0.000000,0.000000,0.000000,0.004200,0.001700,0.002200,0.006800,0.000000
117,0.475318,3.180095,3.153900,3.030400,1176.000000,931757324.000000,1424890704.000000,252489728.000000,237563904.000000,1630220288.000000,0.000000,0.000000,0.000500,0.000000,0.000000,0.000000,0.009700,0.000000,0.011100,0.000000,0.000000,0.000000,0.004300,0.001500,0.002400,0.006700,0.000000
118,0.478158,2.888605,2.900000,2.760200,1176.000000,931756468.000000,1424890704.000000,252489728.000000,237563904.000000,1630220288.000000,0.000000,0.000000,0.000600,0.000000,0.000000,0.000000,0.011600,0.000000,0.012700,0.000000,0.000000,0.000000,0.005100,0.002300,0.003000,0.007200,0.000000
119,0.484685,6.499100,6.459600,6.321800,1176.000000,931756916.000000,1424890704.000000,252489728.000000,237563904.000000,1630220288.000000,0.000000,0.000000,2.007000,0.048700,0.018900,1.881300,0.011300,0.020600,0.011900,0.000500,0.000300,0.000400,0.004700,0.002300,0.002500,0.006900,0.000000
120,0.487520,2.823597,2.868400,2.711300,1176.000000,931757396.000000,1424890704.000000,252489728.000000,237563904.000000,1630220288.000000,0.000000,0.000000,0.000600,0.000000,0.000000,0.000000,0.013600,0.000000,0.012300,0.000000,0.000000,0.000000,0.005000,0.002200,0.003500,0.006100,0.000000
121,0.490749,3.235898,3.015700,2.898000,1176.000000,931757020.000000,1424890704.000000,252489728.000000,237563904.000000,1630220288.000000,0.000000,0.000000,0.000700,0.000000,0.000000,0.000000,0.014800,0.000000,0.011900,0.000000,0.000000,0.000000,0.004700,0.001800,0.003100,0.007000,0.000000
122,0.493694,2.943800,3.089900,2.769600,1176.000000,931756988.000000,1424890704.000000,252489728.000000,237563904.000000,1630220288.000000,0.000000,0.000000,0.000700,0.000000,0.000000,0.000000,0.012900,0.000000,0.013000,0.000000,0.000000,0.000000,0.005200,0.002600,0.003100,0.008700,0.000000
123,0.500019,6.331406,6.335500,6.129100,1176.000000,931756588.000000,1424890704.000000,252489728.000000,237563904.000000,1630220288.000000,0.000000,0.000000,2.963300,0.047500,0.020600,2.825600,0.011400,0.028400,0.011700,0.000600,0.000200,0.000700,0.005200,0.002500,0.003300,0.006900,0.000000
124,0.502825,2.839498,2.890900,2.723000,1176.000000,931771004.000000,1424890704.000000,252489728.000000,237563904.000000,1630220288.000000,0.000000,0.000000,0.000900,0.000000,0.000000,0.000000,0.012300,0.000000,0.012200,0.000000,0.000000,0.000000,0.004800,0.002100,0.002900,0.006300,0.000000
125,0.506001,3.146499,3.123700,2.999100,1176.000000,931758908.000000,1424890704.000000,252489728.000000,237563904.000000,1630220288.000000,0.000000,0.000000,0.000700,0.000000,0.000000,0.000000,0.010100,0.000000,0.012300,0.000000,0.000000,0.000000,0.003400,0.001700,0.002500,0.005400,0.000000
126,0.509112,3.114902,3.113700,2.971900,1176.000000,931756292.000000,1424890704.000000,252489728.000000,237563904.000000,1630220288.000000,0.000000,0.000000,0.000600,0.000000,0.000000,0.000000,0.011200,0.000000,0.012100,0.000000,0.000000,0.000000,0.004700,0.001900,0.003100,0.007100,0.000000
127,0.513018,3.898696,3.890200,3.751100,1176.000000,931756332.000000,1424890704.000000,252489728.000000,237563904.000000,1630220288.000000,0.000000,0.000000,0.000700,0.000000,0.000000,0.000000,0.011800,0.000000,0.012900,0.000000,0.000000,0.000000,0.005200,0.002100,0.002700,0.007400,0.000000
128,0.518735,5.680003,5.671900,5.527200,1176.000000,931757220.000000,1424890704.000000,252489728.000000,237563904.000000,1630220288.000000,0.000000,0.000000,2.061800,0.052500,0.020300,1.930600,0.011300,0.020300,0.011700,0.000500,0.000200,0.000500,0.005000,0.003000,0.002700,0.008000,0.000000
129,0.522809,4.093601,4.078900,3.931700,1176.000000,931761530.000000,1424890704.000000,252489728.000000,237563904.000000,1630220288.000000,0.000000,0.000000,0.000700,0.000000,0.000000,0.000000,0.014400,0.000000,0.014600,0.000000,0.000000,0.000000,0.005200,0.002200,0.003600,0.009100,0.000000
130,0.527274,4.490093,4.493300,4.337500,1176.000000,931756844.000000,1424890704.000000,252489728.000000,237563904.000000,1630220288.000000,0.000000,0.000000,0.000600,0.000000,0.000000,0.000000,0.012600,0.000000,0.013100,0.000000,0.000000,0.000000,0.005200,0.002100,0.003500,0.007400,0.000000
131,0.532218,4.953805,4.966600,4.818900,1176.000000,931756428.000000,1424890704.000000,252489728.000000,237563904.000000,1630220288.000000,0.000000,0.000000,2.072000,0.048800,0.018900,1.936200,0.011300,0.029800,0.010800,0.000500,0.000400,0.000800,0.004600,0.002400,0.002900,0.007500,0.000000
132,0.535276,3.046301,3.024500,2.889700,1176.000000,931756876.000000,1424890704.000000,252489728.000000,237563904.000000,1630220288.000000,0.000000,0.000000,0.000600,0.000000,0.000000,0.000000,0.011100,0.000000,0.011300,0.000000,0.000000,0.000000,0.003500,0.001400,0.002000,0.005700,0.000000
133,0.538374,3.108900,3.123600,2.966200,1176.000000,931757324.000000,1424890704.000000,252489728.000000,237563904.000000,1630220288.000000,0.000000,0.000000,0.000700,0.000000,0.000000,0.000000,0.010700,0.000000,0.011400,0.000000,0.000000,0.000000,0.004900,0.001600,0.002400,0.007300,0.000000
134,0.541571,3.214498,3.214400,3.080500,1176.000000,931756468.000000,1424890704.000000,252489728.000000,237563904.000000,1630220288.000000,0.000000,0.000000,0.000600,0.000000,0.000000,0.000000,0.011200,0.000000,0.012700,0.000000,0.000000,0.000000,0.004000,0.001800,0.002900,0.007800,0.000000
135,0.544655,3.069097,3.068800,2.937000,1176.000000,931756492.000000,1424890704.000000,252489728.000000,237563904.000000,1630220288.000000,0.000000,0.000000,0.000800,0.000000,0.000000,0.000000,0.010200,0.000000,0.013900,0.000000,0.000000,0.000000,0.003500,0.001600,0.002500,0.007100,0.000000
136,0.549854,5.163499,5.134200,5.005000,1176.000000,931756972.000000,1424890704.000000,252489728.000000,237563904.000000,1630220288.000000,0.000000,0.000000,2.057100,0.045900,0.017900,1.931400,0.010900,0.024200,0.010600,0.000500,0.000300,0.000800,0.003800,0.002300,0.002800,0.006500,0.000000
137,0.552929,3.101502,3.120900,2.968200,1176.000000,931756596.000000,1424890704.000000,252489728.000000,237563904.000000,1630220288.000000,0.000000,0.000000,0.000500,0.000000,0.000000,0.000000,0.012900,0.000000,0.011800,0.000000,0.000000,0.000000,0.005400,0.002000,0.004300,0.009000,0.000000
138,0.556095,3.154896,3.154200,3.024500,1176.000000,931756564.000000,1424890704.000000,252489728.000000,237563904.000000,1630220288.000000,0.000000,0.000000,0.000600,0.000000,0.000000,0.000000,0.011800,0.000000,0.012400,0.000000,0.000000,0.000000,0.004900,0.001900,0.003100,0.006200,0.000000
139,0.559109,3.035502,3.029000,2.901000,1176.000000,931756588.000000,1424890704.000000,252489728.000000,237563904.000000,1630220288.000000,0.000000,0.000000,0.000700,0.000000,0.000000,0.000000,0.010600,0.000000,0.011800,0.000000,0.000000,0.000000,0.004700,0.002200,0.002500,0.007000,0.000000
140,0.562067,2.986402,2.996200,2.869300,1176.000000,931771004.000000,1424890704.000000,252489728.000000,237563904.000000,1630220288.000000,0.000000,0.000000,0.000900,0.000000,0.000000,0.000000,0.011200,0.000000,0.012400,0.000000,0.000000,0.000000,0.004400,0.002100,0.003300,0.006500,0.000000
141,0.566975,4.886600,4.878800,4.758600,1176.000000,931759332.000000,1424890704.000000,252489728.000000,237563904.000000,1630220288.000000,0.000000,0.000000,2.048200,0.047300,0.019300,1.923300,0.009600,0.020900,0.011700,0.000500,0.000200,0.000800,0.004400,0.002700,0.002300,0.007000,0.000000
142,0.570239,3.245600,3.225600,3.100500,1176.000000,931756716.000000,1424890704.000000,252489728.000000,237563904.000000,1630220288.000000,0.000000,0.000000,0.000700,0.000000,0.000000,0.000000,0.010300,0.000000,0.011500,0.000000,0.000000,0.000000,0.004400,0.001400,0.002600,0.005800,0.000000
143,0.572889,2.686699,2.706200,2.572900,1176.000000,931756756.000000,1424890704.000000,252489728.000000,237563904.000000,1630220288.000000,0.000000,0.000000,0.000600,0.000000,0.000000,0.000000,0.011800,0.000000,0.012000,0.000000,0.000000,0.000000,0.004700,0.002100,0.002800,0.007100,0.000000
144,0.575969,3.034999,3.027400,2.910000,1176.000000,931757220.000000,1424890704.000000,252489728.000000,237563904.000000,1630220288.000000,0.000000,0.000000,0.000700,0.000000,0.000000,0.000000,0.009500,0.000000,0.011700,0.000000,0.000000,0.000000,0.004200,0.001600,0.003100,0.006500,0.000000
145,0.578776,2.843700,2.840300,2.721800,1176.000000,931756380.000000,1424890704.000000,252489728.000000,237563904.000000,1630220288.000000,0.000000,0.000000,0.000600,0.000000,0.000000,0.000000,0.010400,0.000000,0.011100,0.000000,0.000000,0.000000,0.004000,0.001600,0.002400,0.007700,0.000000
146,0.583971,5.157299,5.135600,5.009000,1176.000000,931760516.000000,1424890704.000000,252489728.000000,237568000.000000,1630220288.000000,0.000000,0.000000,2.016000,0.047600,0.019100,1.893900,0.010300,0.019200,0.010500,0.000600,0.000300,0.000500,0.004300,0.002600,0.003000,0.006300,0.000000
147,0.586965,3.056604,3.061500,2.927000,1176.000000,931760524.000000,1424890704.000000,252489728.000000,237568000.000000,1630220288.000000,0.000000,0.000000,0.000600,0.000000,0.000000,0.000000,0.013300,0.000000,0.012000,0.000000,0.000000,0.000000,0.005000,0.001900,0.002700,0.007300,0.000000
148,0.590078,3.071599,3.073600,2.938700,1176.000000,931760972.000000,1424890704.000000,252489728.000000,237568000.000000,1630220288.000000,0.000000,0.000000,0.000500,0.000000,0.000000,0.000000,0.009800,0.000000,0.010700,0.000000,0.000000,0.000000,0.004000,0.001400,0.002400,0.006600,0.000000
149,0.592752,2.680903,2.695000,2.572800,1176.000000,931761420.000000,1424890704.000000,252489728.000000,237568000.000000,1630220288.000000,0.000000,0.000000,0.000700,0.000000,0.000000,0.000000,0.011000,0.000000,0.011000,0.000000,0.000000,0.000000,0.004600,0.001900,0.002500,0.007500,0.000000
150,0.595767,2.999695,2.981100,2.869000,1176.000000,931760564.000000,1424890704.000000,252489728.000000,237568000.000000,1630220288.000000,0.000000,0.000000,0.000900,0.000000,0.000000,0.000000,0.010200,0.000000,0.014500,0.000000,0.000000,0.000000,0.004400,0.001800,0.002500,0.006400,0.000000
151,0.601117,5.352700,5.342000,5.212300,1176.000000,931761436.000000,1424890704.000000,252489728.000000,237568000.000000,1630220288.000000,0.000000,0.000000,2.262400,0.046400,0.019500,2.128200,0.009900,0.029400,0.012500,0.000900,0.000300,0.000700,0.004300,0.002500,0.002800,0.007000,0.000000
152,0.604130,3.016100,3.019800,2.888200,1176.000000,931761492.000000,1424890704.000000,252489728.000000,237568000.000000,1630220288.000000,0.000000,0.000000,0.000700,0.000000,0.000000,0.000000,0.011900,0.000000,0.012900,0.000000,0.000000,0.000000,0.004600,0.001600,0.002800,0.007000,0.000000
153,0.607009,2.920004,2.929400,2.808700,1176.000000,931761116.000000,1424890704.000000,252489728.000000,237568000.000000,1630220288.000000,0.000000,0.000000,0.000600,0.000000,0.000000,0.000000,0.010700,0.000000,0.011300,0.000000,0.000000,0.000000,0.004600,0.001800,0.002500,0.007000,0.000000
154,0.610121,3.060998,3.041000,2.923100,1176.000000,931761084.000000,1424890704.000000,252489728.000000,237568000.000000,1630220288.000000,0.000000,0.000000,0.000500,0.000000,0.000000,0.000000,0.008700,0.000000,0.011200,0.000000,0.000000,0.000000,0.003800,0.001500,0.002200,0.006100,0.000000
155,0.615939,5.659998,5.590200,5.456700,1176.000000,931760684.000000,1424890704.000000,252489728.000000,237568000.000000,1630220288.000000,0.000000,0.000000,1.987800,0.048100,0.019600,1.861800,0.011200,0.021400,0.011300,0.000700,0.000300,0.000400,0.004900,0.002100,0.003000,0.006100,0.000000
156,0.618955,3.178203,3.239300,3.043000,1176.000000,931775100.000000,1424890704.000000,252489728.000000,237568000.000000,1630220288.000000,0.000000,0.000000,0.000800,0.000000,0.000000,0.000000,0.013200,0.000000,0.014100,0.000000,0.000000,0.000000,0.006500,0.002100,0.003300,0.008600,0.000000
157,0.622159,3.223597,3.218400,3.082400,1176.000000,931763004.000000,1424890704.000000,252489728.000000,237568000.000000,1630220288.000000,0.000000,0.000000,0.000600,0.000000,0.000000,0.000000,0.011300,0.000000,0.013500,0.000000,0.000000,0.000000,0.005100,0.002200,0.002100,0.006400,0.000000
158,0.625215,3.026205,3.025300,2.889300,1228.000000,931760388.000000,1424890704.000000,252489728.000000,237568000.000000,1630220288.000000,0.000000,0.000000,0.000400,0.000000,0.000000,0.000000,0.011600,0.000000,0.011900,0.000000,0.000000,0.000000,0.004400,0.001900,0.002200,0.005900,0.000000
159,0.627854,2.684800,2.697800,2.568300,1176.000000,931760428.000000,1424890704.000000,252489728.000000,237568000.000000,1630220288.000000,0.000000,0.000000,0.000600,0.000000,0.000000,0.000000,0.019200,0.000000,0.083000,0.000000,0.000000,0.000000,0.004700,0.001900,0.002800,0.007500,0.000000
160,0.634087,6.089697,6.024000,5.892500,1176.000000,931760892.000000,1424890704.000000,252489728.000000,237568000.000000,1630220288.000000,0.000000,0.000000,2.749200,0.082600,0.019400,2.582200,0.009900,0.025800,0.011600,0.000500,0.000300,0.000700,0.003900,0.002600,0.002700,0.006900,0.000000
161,0.636904,2.951403,2.995200,2.827900,1176.000000,931760476.000000,1424890704.000000,252489728.000000,237568000.000000,1630220288.000000,0.000000,0.000000,0.000900,0.000000,0.000000,0.000000,0.017500,0.000000,0.028600,0.000000,0.000000,0.000000,0.006300,0.002200,0.003400,0.007800,0.000000
162,0.640068,3.101297,3.075500,2.820600,1176.000000,931760516.000000,1424890704.000000,252489728.000000,237568000.000000,1630220288.000000,0.000000,0.000000,0.000700,0.000000,0.000000,0.000000,0.009800,0.000000,0.011000,0.000000,0.000000,0.000000,0.004100,0.001700,0.002600,0.006300,0.000000
163,0.642904,2.901998,2.935100,2.787000,1176.000000,931760948.000000,1424890704.000000,252489728.000000,237568000.000000,1630220288.000000,0.000000,0.000000,0.000800,0.000000,0.000000,0.000000,0.011400,0.000000,0.014200,0.000000,0.000000,0.000000,0.004600,0.002200,0.002500,0.008800,0.000000
164,0.645921,3.002700,2.986600,2.867900,1176.000000,931760972.000000,1424890704.000000,252489728.000000,237568000.000000,1630220288.000000,0.000000,0.000000,0.000700,0.000000,0.000000,0.000000,0.010100,0.000000,0.012300,0.000000,0.000000,0.000000,0.003800,0.001700,0.002700,0.007300,0.000000
165,0.651226,5.295401,5.290500,5.159100,1176.000000,931761420.000000,1424890704.000000,252489728.000000,237568000.000000,1630220288.000000,0.000000,0.000000,2.025700,0.046800,0.018800,1.903500,0.010400,0.019400,0.011000,0.000700,0.000200,0.000600,0.003600,0.002500,0.002900,0.006000,0.000000
166,0.654164,2.911905,2.913000,2.782600,1176.000000,931760564.000000,1424890704.000000,252489728.000000,237568000.000000,1630220288.000000,0.000000,0.000000,0.000600,0.000000,0.000000,0.000000,0.011100,0.000000,0.011600,0.000000,0.000000,0.000000,0.004000,0.001600,0.002400,0.007100,0.000000
167,0.656896,2.807398,2.819200,2.698500,1176.000000,931760588.000000,1424890704.000000,252489728.000000,237568000.000000,1630220288.000000,0.000000,0.000000,0.000600,0.000000,0.000000,0.000000,0.011100,0.000000,0.012000,0.000000,0.000000,0.000000,0.003900,0.001900,0.002100,0.006600,0.000000
168,0.659997,3.041900,2.970700,2.853100,1176.000000,931761068.000000,1424890704.000000,252489728.000000,237568000.000000,1630220288.000000,0.000000,0.000000,0.000500,0.000000,0.000000,0.000000,0.009100,0.000000,0.011500,0.000000,0.000000,0.000000,0.003900,0.001400,0.002100,0.006200,0.000000
169,0.662772,2.809800,2.870900,2.707100,1176.000000,931760692.000000,1424890704.000000,252489728.000000,237568000.000000,1630220288.000000,0.000000,0.000000,0.000500,0.000000,0.000000,0.000000,0.013300,0.000000,0.011600,0.000000,0.000000,0.000000,0.003700,0.001800,0.002000,0.006500,0.000000
170,0.667748,4.940597,4.917400,4.801600,1176.000000,931760692.000000,1424890704.000000,252489728.000000,237568000.000000,1630220288.000000,0.000000,0.000000,2.109900,0.049000,0.019400,1.975500,0.009800,0.028000,0.011400,0.000700,0.000400,0.000700,0.003400,0.002600,0.002700,0.007000,0.000000
171,0.670743,3.000900,2.998100,2.863700,1176.000000,931760716.000000,1424890704.000000,252489728.000000,237568000.000000,1630220288.000000,0.000000,0.000000,0.000600,0.000000,0.000000,0.000000,0.011600,0.000000,0.011700,0.000000,0.000000,0.000000,0.003700,0.001700,0.002200,0.005900,0.000000
172,0.673639,2.872902,2.872600,2.741100,1176.000000,931775100.000000,1424890704.000000,252489728.000000,237568000.000000,1630220288.000000,0.000000,0.000000,0.000600,0.000000,0.000000,0.000000,0.010600,0.000000,0.012100,0.000000,0.000000,0.000000,0.004500,0.001400,0.002500,0.005800,0.000000
173,0.676696,3.092701,3.092300,2.963600,1176.000000,931763004.000000,1424890704.000000,252489728.000000,237568000.000000,1630220288.000000,0.000000,0.000000,0.000600,0.000000,0.000000,0.000000,0.011100,0.000000,0.013500,0.000000,0.000000,0.000000,0.004600,0.001800,0.002800,0.006300,0.000000
174,0.679691,2.931300,2.927400,2.800300,1176.000000,931760388.000000,1424890704.000000,252489728.000000,237568000.000000,1630220288.000000,0.000000,0.000000,0.000600,0.000000,0.000000,0.000000,0.010800,0.000000,0.012600,0.000000,0.000000,0.000000,0.004100,0.001400,0.002700,0.006700,0.000000
175,0.685390,5.744402,5.730000,5.598300,1176.000000,931760852.000000,1424890704.000000,252489728.000000,237568000.000000,1630220288.000000,0.000000,0.000000,2.283800,0.051100,0.021800,2.141600,0.010900,0.027700,0.011600,0.000900,0.000400,0.000700,0.004500,0.002500,0.003200,0.007300,0.000000
176,0.688080,2.731193,2.755100,2.622600,1176.000000,931761316.000000,1424890704.000000,252489728.000000,237568000.000000,1630220288.000000,0.000000,0.000000,0.000700,0.000000,0.000000,0.000000,0.011800,0.000000,0.012500,0.000000,0.000000,0.000000,0.005300,0.002000,0.003100,0.006500,0.000000
177,0.691020,2.930102,2.898200,2.788200,1176.000000,931760900.000000,1424890704.000000,252489728.000000,237568000.000000,1630220288.000000,0.000000,0.000000,0.000600,0.000000,0.000000,0.000000,0.009300,0.000000,0.010900,0.000000,0.000000,0.000000,0.004000,0.001700,0.003000,0.006900,0.000000
178,0.694349,3.197102,3.206500,3.064700,1176.000000,931760940.000000,1424890704.000000,252489728.000000,237568000.000000,1630220288.000000,0.000000,0.000000,0.000700,0.000000,0.000000,0.000000,0.009300,0.000000,0.010600,0.000000,0.000000,0.000000,0.003700,0.001700,0.002600,0.006700,0.000000
179,0.699956,5.705598,5.694500,5.564100,1176.000000,931764996.000000,1424890704.000000,252489728.000000,237568000.000000,1630220288.000000,0.000000,0.000000,2.445400,0.054600,0.021400,2.295500,0.011800,0.033000,0.011500,0.000500,0.000200,0.000700,0.006700,0.002600,0.003600,0.007400,0.000000
180,0.703067,3.038102,3.027500,2.890100,1176.000000,931765444.000000,1424890704.000000,252489728.000000,237568000.000000,1630220288.000000,0.000000,0.000000,0.000800,0.000000,0.000000,0.000000,0.011800,0.000000,0.011600,0.000000,0.000000,0.000000,0.004100,0.001800,0.003100,0.007400,0.000000
181,0.706534,3.396599,3.387700,3.240200,1176.000000,931765892.000000,1424890704.000000,252489728.000000,237568000.000000,1630220288.000000,0.000000,0.000000,0.000800,0.000000,0.000000,0.000000,0.011200,0.000000,0.011800,0.000000,0.000000,0.000000,0.006400,0.002200,0.003600,0.009000,0.000000
182,0.709835,3.416397,3.417400,3.265600,1176.000000,931765068.000000,1424890704.000000,252489728.000000,237568000.000000,1630220288.000000,0.000000,0.000000,0.000700,0.000000,0.000000,0.000000,0.012600,0.000000,0.013700,0.000000,0.000000,0.000000,0.008400,0.002100,0.003800,0.008700,0.000000
183,0.713444,3.582604,3.498900,3.349600,1176.000000,931760620.000000,1424890704.000000,252489728.000000,237568000.000000,1630220288.000000,0.000000,0.000000,0.000700,0.000000,0.000000,0.000000,0.012300,0.000000,0.013000,0.000000,0.000000,0.000000,0.004900,0.002400,0.003000,0.007300,0.000000
184,0.719431,6.013202,6.079800,5.855000,1176.000000,931761068.000000,1424890704.000000,252489728.000000,237568000.000000,1630220288.000000,0.000000,0.000000,2.526700,0.051500,0.019600,2.377600,0.013300,0.035900,0.013200,0.000600,0.000400,0.000700,0.005000,0.002600,0.003500,0.009100,0.000000
185,0.722428,3.035899,3.056000,2.905700,1176.000000,931761116.000000,1424890704.000000,252489728.000000,237568000.000000,1630220288.000000,0.000000,0.000000,0.000600,0.000000,0.000000,0.000000,0.017500,0.000000,0.016100,0.000000,0.000000,0.000000,0.005600,0.002100,0.003100,0.008000,0.000000
186,0.725818,3.338301,3.280300,3.144700,1176.000000,931760692.000000,1424890704.000000,252489728.000000,237568000.000000,1630220288.000000,0.000000,0.000000,0.000700,0.000000,0.000000,0.000000,0.010900,0.000000,0.014200,0.000000,0.000000,0.000000,0.003800,0.002000,0.002900,0.007000,0.000000
187,0.729046,3.221698,3.242000,3.053800,1176.000000,931760884.000000,1424890704.000000,252489728.000000,237568000.000000,1630220288.000000,0.000000,0.000000,0.000600,0.000000,0.000000,0.000000,0.013600,0.000000,0.012600,0.000000,0.000000,0.000000,0.005000,0.002000,0.003100,0.007500,0.000000
188,0.734620,5.569700,5.563800,5.398200,1176.000000,931780468.000000,1424890704.000000,252489728.000000,237568000.000000,1630220288.000000,0.000000,0.000000,2.136600,0.054000,0.024700,1.987400,0.015500,0.026100,0.012900,0.000600,0.000300,0.000800,0.005300,0.002500,0.003500,0.009000,0.000000
189,0.737943,3.337103,3.336400,3.171900,1176.000000,931768500.000000,1424890704.000000,252489728.000000,237568000.000000,1630220288.000000,0.000000,0.000000,0.000600,0.000000,0.000000,0.000000,0.014300,0.000000,0.014600,0.000000,0.000000,0.000000,0.005000,0.002100,0.003600,0.007900,0.000000
190,0.741409,3.486402,3.462700,3.300500,1176.000000,931766012.000000,1424890704.000000,252489728.000000,237568000.000000,1630220288.000000,0.000000,0.000000,0.000700,0.000000,0.000000,0.000000,0.016900,0.000000,0.013900,0.000000,0.000000,0.000000,0.006400,0.002300,0.003600,0.007900,0.000000
191,0.744696,3.274894,3.297200,3.118900,1176.000000,931770172.000000,1424890704.000000,252489728.000000,237572096.000000,1630220288.000000,0.000000,0.000000,0.000700,0.000000,0.000000,0.000000,0.012900,0.000000,0.013500,0.000000,0.000000,0.000000,0.004800,0.002000,0.003000,0.007000,0.000000
192,0.750562,5.880201,5.879900,5.723600,1176.000000,931770780.000000,1424890704.000000,252489728.000000,237572096.000000,1630220288.000000,0.000000,0.000000,2.168800,0.061000,0.023300,2.012900,0.013100,0.027400,0.011600,0.000800,0.000200,0.000800,0.005500,0.002300,0.003200,0.007900,0.000000
193,0.753782,3.189102,3.192700,3.039100,1176.000000,931770364.000000,1424890704.000000,252489728.000000,237572096.000000,1630220288.000000,0.000000,0.000000,0.000600,0.000000,0.000000,0.000000,0.012900,0.000000,0.012200,0.000000,0.000000,0.000000,0.005600,0.002200,0.003800,0.007300,0.000000
194,0.757076,3.285700,3.292900,3.153500,1176.000000,931770388.000000,1424890704.000000,252489728.000000,237572096.000000,1630220288.000000,0.000000,0.000000,0.000700,0.000000,0.000000,0.000000,0.014900,0.000000,0.013700,0.000000,0.000000,0.000000,0.005100,0.002100,0.003500,0.006800,0.000000
195,0.760365,3.328997,3.315900,3.182200,1176.000000,931770580.000000,1424890704.000000,252489728.000000,237572096.000000,1630220288.000000,0.000000,0.000000,0.000700,0.000000,0.000000,0.000000,0.069300,0.000000,0.013100,0.000000,0.000000,0.000000,0.004800,0.002100,0.002900,0.007400,0.000000
196,0.766894,6.513903,6.503900,6.358600,1176.000000,931771636.000000,1424890704.000000,252489728.000000,237572096.000000,1630220288.000000,0.000000,0.000000,2.857700,0.047400,0.021100,2.726700,0.013600,0.024400,0.012300,0.000500,0.000200,0.000900,0.004800,0.002500,0.002900,0.007900,0.000000
197,0.770479,3.535303,3.463100,3.107000,1176.000000,931776220.000000,1424890704.000000,252489728.000000,237576192.000000,1630220288.000000,0.000000,0.000000,0.000600,0.000000,0.000000,0.000000,0.013000,0.000000,0.011900,0.000000,0.000000,0.000000,0.005100,0.002000,0.003000,0.007200,0.000000
198,0.773582,3.167900,3.245200,3.032300,1176.000000,931775412.000000,1424890704.000000,252489728.000000,237576192.000000,1630220288.000000,0.000000,0.000000,0.000800,0.000000,0.000000,0.000000,0.012000,0.000000,0.012700,0.000000,0.000000,0.000000,0.006600,0.002200,0.002900,0.008900,0.000000
199,0.776655,3.116397,3.128800,2.997500,1176.000000,931775452.000000,1424890704.000000,252489728.000000,237576192.000000,1630220288.000000,0.000000,0.000000,0.000700,0.000000,0.000000,0.000000,0.011000,0.000000,0.013300,0.000000,0.000000,0.000000,0.004400,0.001600,0.003100,0.007000,0.000000
200,0.779827,3.151297,3.134500,3.014900,1176.000000,931775516.000000,1424890704.000000,252489728.000000,237576192.000000,1630220288.000000,0.000000,0.000000,0.000900,0.000000,0.000000,0.000000,0.010100,0.000000,0.012500,0.000000,0.000000,0.000000,0.004100,0.001700,0.002500,0.005900,0.000000
201,0.785480,5.612904,5.588400,5.450000,1176.000000,931775588.000000,1424890704.000000,252489728.000000,237576192.000000,1630220288.000000,0.000000,0.000000,2.084400,0.051200,0.021400,1.951500,0.010400,0.022700,0.011300,0.000600,0.000300,0.000600,0.004100,0.002300,0.002500,0.006900,0.000000
202,0.789259,3.776701,3.767600,3.608700,1176.000000,931775620.000000,1424890704.000000,252489728.000000,237576192.000000,1630220288.000000,0.000000,0.000000,0.000600,0.000000,0.000000,0.000000,0.014700,0.000000,0.013900,0.000000,0.000000,0.000000,0.005700,0.002000,0.003500,0.008000,0.000000
203,0.792735,3.454400,3.417600,3.251600,1176.000000,931779748.000000,1424890704.000000,252489728.000000,237580288.000000,1630220288.000000,0.000000,0.000000,0.001200,0.000000,0.000000,0.000000,0.014100,0.000000,0.014100,0.000000,0.000000,0.000000,0.005700,0.002000,0.003600,0.009100,0.000000
204,0.796451,3.721400,3.759500,3.566800,1176.000000,931794180.000000,1424890704.000000,252489728.000000,237580288.000000,1630220288.000000,0.000000,0.000000,0.001200,0.000000,0.000000,0.000000,0.015200,0.000000,0.014100,0.000000,0.000000,0.000000,0.004700,0.003100,0.003100,0.008800,0.000000
205,0.801855,5.446698,5.447900,5.297500,1176.000000,931781764.000000,1424890704.000000,252489728.000000,237580288.000000,1630220288.000000,0.000000,0.000000,2.136900,0.049800,0.020400,1.998600,0.012900,0.025900,0.018500,0.000600,0.000100,0.000800,0.005300,0.003600,0.003300,0.009700,0.000000
206,0.805139,3.275702,3.263900,3.117900,1176.000000,931779148.000000,1424890704.000000,252489728.000000,237580288.000000,1630220288.000000,0.000000,0.000000,0.000700,0.000000,0.000000,0.000000,0.013000,0.000000,0.011800,0.000000,0.000000,0.000000,0.005000,0.001500,0.003000,0.007600,0.000000
207,0.808918,3.762401,3.761400,3.606300,1176.000000,931779612.000000,1424890704.000000,252489728.000000,237580288.000000,1630220288.000000,0.000000,0.000000,0.000700,0.000000,0.000000,0.000000,0.013100,0.000000,0.014300,0.000000,0.000000,0.000000,0.004700,0.002000,0.003500,0.008200,0.000000
208,0.812205,3.295897,3.288600,3.139700,1176.000000,931783748.000000,1424890704.000000,252489728.000000,237584384.000000,1630220288.000000,0.000000,0.000000,0.001100,0.000000,0.000000,0.000000,0.013200,0.000000,0.014900,0.000000,0.000000,0.000000,0.005600,0.002000,0.003400,0.007400,0.000000
209,0.817810,5.502097,5.489400,5.332600,1176.000000,931783356.000000,1424890704.000000,252489728.000000,237584384.000000,1630220288.000000,0.000000,0.000000,2.191700,0.053100,0.021300,2.024000,0.014700,0.044700,0.011900,0.000500,0.000300,0.001500,0.005000,0.003000,0.002900,0.013500,0.000000
210,0.821128,3.411706,3.414500,3.248100,1176.000000,931783380.000000,1424890704.000000,252489728.000000,237584384.000000,1630220288.000000,0.000000,0.000000,0.000800,0.000000,0.000000,0.000000,0.018300,0.000000,0.012700,0.000000,0.000000,0.000000,0.006800,0.002700,0.003400,0.009600,0.000000
211,0.824694,3.498696,3.453800,3.285600,1176.000000,931783404.000000,1424890704.000000,252489728.000000,237584384.000000,1630220288.000000,0.000000,0.000000,0.000500,0.000000,0.000000,0.000000,0.012300,0.000000,0.013000,0.000000,0.000000,0.000000,0.005300,0.001900,0.003200,0.007000,0.000000
212,0.827830,3.215802,3.259400,3.064400,1228.000000,931783852.000000,1424890704.000000,252489728.000000,237584384.000000,1630220288.000000,0.000000,0.000000,0.000700,0.000000,0.000000,0.000000,0.017900,0.000000,0.015600,0.000000,0.000000,0.000000,0.007700,0.003400,0.004100,0.010500,0.000000
213,0.833620,5.721896,5.702100,5.545000,1176.000000,931784324.000000,1424890704.000000,252489728.000000,237584384.000000,1630220288.000000,0.000000,0.000000,2.230000,0.053600,0.021000,2.080700,0.012500,0.028400,0.011700,0.000600,0.000400,0.001300,0.005600,0.002800,0.003600,0.014200,0.000000
214,0.837623,3.767000,3.744600,3.566900,1176.000000,931787548.000000,1424890704.000000,252489728.000000,237588480.000000,1630220288.000000,0.000000,0.000000,0.000900,0.000000,0.000000,0.000000,0.015800,0.000000,0.014600,0.000000,0.000000,0.000000,0.006000,0.002300,0.003500,0.009800,0.000000
215,0.840971,3.650404,3.670500,3.489900,1176.000000,931787588.000000,1424890704.000000,252489728.000000,237588480.000000,1630220288.000000,0.000000,0.000000,0.000800,0.000000,0.000000,0.000000,0.016300,0.000000,0.024700,0.000000,0.000000,0.000000,0.006800,0.002200,0.003100,0.010100,0.000000
216,0.844652,3.637302,3.474700,3.307800,1176.000000,931788068.000000,1424890704.000000,252489728.000000,237588480.000000,1630220288.000000,0.000000,0.000000,0.000700,0.000000,0.000000,0.000000,0.013700,0.000000,0.012900,0.000000,0.000000,0.000000,0.005300,0.002300,0.003100,0.008900,0.000000
217,0.851188,6.453196,6.578600,6.251200,1176.000000,931788196.000000,1424890704.000000,252489728.000000,237588480.000000,1630220288.000000,0.000000,0.000000,2.214800,0.054800,0.023400,2.059900,0.015400,0.032800,0.015500,0.000600,0.000300,0.000700,0.007000,0.002600,0.004200,0.009500,0.000000
218,0.855115,3.926800,3.902400,3.699200,1176.000000,931787788.000000,1424890704.000000,252489728.000000,237588480.000000,1630220288.000000,0.000000,0.000000,0.001100,0.000000,0.000000,0.000000,0.024400,0.000000,0.016400,0.000000,0.000000,0.000000,0.008300,0.003400,0.004800,0.013600,0.000000
219,0.859158,4.056200,4.059500,3.844100,1176.000000,931791908.000000,1424890704.000000,252489728.000000,237592576.000000,1630220288.000000,0.000000,0.000000,0.001000,0.000000,0.000000,0.000000,0.020100,0.000000,0.015900,0.000000,0.000000,0.000000,0.007000,0.002800,0.004000,0.010700,0.000000
220,0.863286,4.139803,4.082900,3.872600,1176.000000,931806580.000000,1424890704.000000,252489728.000000,237592576.000000,1630220288.000000,0.000000,0.000000,0.000900,0.000000,0.000000,0.000000,0.020000,0.000000,0.015000,0.000000,0.000000,0.000000,0.008300,0.003400,0.004100,0.013300,0.000000
221,0.869404,6.130400,6.189200,5.937200,1176.000000,931794932.000000,1424890704.000000,252489728.000000,237592576.000000,1630220288.000000,0.000000,0.000000,2.327200,0.067600,0.031700,2.128000,0.018400,0.038500,0.014200,0.000800,0.000200,0.001500,0.007600,0.002600,0.005100,0.010500,0.000000
222,0.873023,3.609396,3.585400,3.400100,1176.000000,931792324.000000,1424890704.000000,252489728.000000,237592576.000000,1630220288.000000,0.000000,0.000000,0.000900,0.000000,0.000000,0.000000,0.019400,0.000000,0.014800,0.000000,0.000000,0.000000,0.006900,0.003100,0.004200,0.011700,0.000000
223,0.876930,3.954499,3.990100,3.783600,1176.000000,931792364.000000,1424890704.000000,252489728.000000,237592576.000000,1630220288.000000,0.000000,0.000000,0.001000,0.000000,0.000000,0.000000,0.017700,0.000000,0.014700,0.000000,0.000000,0.000000,0.008400,0.002400,0.004100,0.011100,0.000000
224,0.883430,6.448505,6.445000,6.271800,1176.000000,931792428.000000,1424890704.000000,252489728.000000,237592576.000000,1630220288.000000,0.000000,0.000000,2.837500,0.054400,0.022200,2.661600,0.014500,0.046000,0.016300,0.000600,0.000400,0.001000,0.006100,0.003100,0.004200,0.012700,0.000000
225,0.887320,3.928501,3.904000,3.726900,1176.000000,931796108.000000,1424890704.000000,252489728.000000,237596672.000000,1630220288.000000,0.000000,0.000000,0.001000,0.000000,0.000000,0.000000,0.019400,0.000000,0.014800,0.000000,0.000000,0.000000,0.006400,0.003200,0.004000,0.011500,0.000000
226,0.891389,4.103394,4.045000,3.857600,1176.000000,931796132.000000,1424890704.000000,252489728.000000,237596672.000000,1630220288.000000,0.000000,0.000000,0.000900,0.000000,0.000000,0.000000,0.016900,0.000000,0.019200,0.000000,0.000000,0.000000,0.006600,0.003100,0.003600,0.008200,0.000000
227,0.895248,3.839002,3.879200,3.627300,1176.000000,931796156.000000,1424890704.000000,252489728.000000,237596672.000000,1630220288.000000,0.000000,0.000000,0.001000,0.000000,0.000000,0.000000,0.014700,0.000000,0.014600,0.000000,0.000000,0.000000,0.005800,0.002400,0.003600,0.008700,0.000000
228,0.902794,7.265703,7.110900,6.915600,1176.000000,931797052.000000,1424890704.000000,252489728.000000,237596672.000000,1630220288.000000,0.000000,0.000000,3.177800,0.057100,0.023200,3.004000,0.013300,0.042900,0.017500,0.000600,0.000300,0.001200,0.007100,0.004700,0.004100,0.013000,0.000000
229,0.906497,3.926495,4.114800,3.768700,1176.000000,931797500.000000,1424890704.000000,252489728.000000,237596672.000000,1630220288.000000,0.000000,0.000000,0.001100,0.000000,0.000000,0.000000,0.025700,0.000000,0.014600,0.000000,0.000000,0.000000,0.008000,0.003100,0.004700,0.012300,0.000000
230,0.910171,3.764803,3.753900,3.595400,1176.000000,931796676.000000,1424890704.000000,252489728.000000,237596672.000000,1630220288.000000,0.000000,0.000000,0.000900,0.000000,0.000000,0.000000,0.013400,0.000000,0.014100,0.000000,0.000000,0.000000,0.007000,0.002100,0.003900,0.009600,0.000000
231,0.916600,6.407398,6.401000,6.236200,1176.000000,931804468.000000,1424890704.000000,252489728.000000,237604864.000000,1630220288.000000,0.000000,0.000000,2.716400,0.056500,0.024600,2.541300,0.014400,0.045700,0.013900,0.000600,0.000200,0.001100,0.005100,0.003100,0.003500,0.011000,0.000000
232,0.920251,3.679103,3.684700,3.518200,1176.000000,931804932.000000,1424890704.000000,252489728.000000,237604864.000000,1630220288.000000,0.000000,0.000000,0.000900,0.000000,0.000000,0.000000,0.014700,0.000000,0.014100,0.000000,0.000000,0.000000,0.005600,0.002100,0.003500,0.008000,0.000000
233,0.923927,3.649299,3.625800,3.465500,1176.000000,931804524.000000,1424890704.000000,252489728.000000,237604864.000000,1630220288.000000,0.000000,0.000000,0.000800,0.000000,0.000000,0.000000,0.013100,0.000000,0.013000,0.000000,0.000000,0.000000,0.004800,0.002100,0.003200,0.008400,0.000000
234,0.927308,3.421797,3.444400,3.271900,1176.000000,931804548.000000,1424890704.000000,252489728.000000,237604864.000000,1630220288.000000,0.000000,0.000000,0.000800,0.000000,0.000000,0.000000,0.016200,0.000000,0.014400,0.000000,0.000000,0.000000,0.006000,0.002500,0.003900,0.009200,0.000000
235,0.933586,6.128203,6.079700,5.914600,1176.000000,931804620.000000,1424890704.000000,252489728.000000,237604864.000000,1630220288.000000,0.000000,0.000000,2.318800,0.052700,0.021200,2.168600,0.012300,0.030900,0.013400,0.000600,0.000400,0.000900,0.004800,0.002800,0.003100,0.011000,0.000000
236,0.937686,4.190498,4.031300,3.836000,1176.000000,931823100.000000,1424890704.000000,252489728.000000,237608960.000000,1630220288.000000,0.000000,0.000000,0.001100,0.000000,0.000000,0.000000,0.022300,0.000000,0.014600,0.000000,0.000000,0.000000,0.006800,0.003200,0.004100,0.011300,0.000000
237,0.941422,3.775205,3.961000,3.620000,1176.000000,931811004.000000,1424890704.000000,252489728.000000,237608960.000000,1630220288.000000,0.000000,0.000000,0.000900,0.000000,0.000000,0.000000,0.019500,0.000000,0.016000,0.000000,0.000000,0.000000,0.006100,0.002000,0.003500,0.009000,0.000000
238,0.944961,3.451495,3.440600,3.280600,1176.000000,931808388.000000,1424890704.000000,252489728.000000,237608960.000000,1630220288.000000,0.000000,0.000000,0.000800,0.000000,0.000000,0.000000,0.013600,0.000000,0.014300,0.000000,0.000000,0.000000,0.005300,0.002300,0.003900,0.008200,0.000000
239,0.951375,6.515504,6.481900,6.318500,1176.000000,931808868.000000,1424890704.000000,252489728.000000,237608960.000000,1630220288.000000,0.000000,0.000000,2.511500,0.049500,0.021300,2.369200,0.015100,0.028300,0.014000,0.000600,0.000200,0.001100,0.005900,0.002900,0.004000,0.009700,0.000000
240,0.955020,3.457100,3.363900,3.173500,1176.000000,931809332.000000,1424890704.000000,252489728.000000,237608960.000000,1630220288.000000,0.000000,0.000000,0.001000,0.000000,0.000000,0.000000,0.013700,0.000000,0.012800,0.000000,0.000000,0.000000,0.005300,0.002500,0.003500,0.007700,0.000000
241,0.958272,3.456498,3.590200,3.312300,1176.000000,931808916.000000,1424890704.000000,252489728.000000,237608960.000000,1630220288.000000,0.000000,0.000000,0.001200,0.000000,0.000000,0.000000,0.013700,0.000000,0.013900,0.000000,0.000000,0.000000,0.007000,0.002200,0.003500,0.006900,0.000000
242,0.961423,3.166801,3.169300,3.025800,1176.000000,931813036.000000,1424890704.000000,252489728.000000,237613056.000000,1630220288.000000,0.000000,0.000000,0.000800,0.000000,0.000000,0.000000,0.011400,0.000000,0.012900,0.000000,0.000000,0.000000,0.005400,0.002200,0.002800,0.007200,0.000000
243,0.966910,5.480896,5.477500,5.338000,1176.000000,931817532.000000,1424890704.000000,252489728.000000,237613056.000000,1630220288.000000,0.000000,0.000000,2.218300,0.059700,0.021400,2.059100,0.011100,0.036800,0.013200,0.000500,0.000200,0.000700,0.004800,0.002600,0.002800,0.007700,0.000000
244,0.970219,3.285303,3.275500,3.135300,1176.000000,931817980.000000,1424890704.000000,252489728.000000,237613056.000000,1630220288.000000,0.000000,0.000000,0.000700,0.000000,0.000000,0.000000,0.012200,0.000000,0.012500,0.000000,0.000000,0.000000,0.005300,0.001700,0.002700,0.007300,0.000000
245,0.973400,3.179797,3.176800,3.032400,1176.000000,931818420.000000,1424890704.000000,252489728.000000,237613056.000000,1630220288.000000,0.000000,0.000000,0.000900,0.000000,0.000000,0.000000,0.012200,0.000000,0.012700,0.000000,0.000000,0.000000,0.005300,0.002700,0.003300,0.006900,0.000000
246,0.976545,3.137500,3.137100,2.994500,1176.000000,931817548.000000,1424890704.000000,252489728.000000,237613056.000000,1630220288.000000,0.000000,0.000000,0.000800,0.000000,0.000000,0.000000,0.015100,0.000000,0.013100,0.000000,0.000000,0.000000,0.005300,0.002200,0.003000,0.006900,0.000000
247,0.979855,3.328501,3.324000,3.181400,1176.000000,931817220.000000,1424890704.000000,252489728.000000,237617152.000000,1630220288.000000,0.000000,0.000000,0.000700,0.000000,0.000000,0.000000,0.011500,0.000000,0.013300,0.000000,0.000000,0.000000,0.004800,0.001600,0.003300,0.007000,0.000000
248,0.985634,5.770500,5.754800,5.613000,1176.000000,931817820.000000,1424890704.000000,252489728.000000,237617152.000000,1630220288.000000,0.000000,0.000000,2.202100,0.049600,0.020200,2.072900,0.012100,0.021600,0.012300,0.000600,0.000300,0.000500,0.005100,0.002400,0.003100,0.006900,0.000000
249,0.988710,3.100298,3.114700,2.962300,1176.000000,931817844.000000,1424890704.000000,252489728.000000,237617152.000000,1630220288.000000,0.000000,0.000000,0.000800,0.000000,0.000000,0.000000,0.014100,0.000000,0.015400,0.000000,0.000000,0.000000,0.005100,0.002000,0.003300,0.007800,0.000000
250,0.991644,2.973299,2.988300,2.858300,1176.000000,931817444.000000,1424890704.000000,252489728.000000,237617152.000000,1630220288.000000,0.000000,0.000000,0.000700,0.000000,0.000000,0.000000,0.011100,0.000000,0.013600,0.000000,0.000000,0.000000,0.004800,0.002200,0.002900,0.007000,0.000000
251,0.994689,2.992305,2.980900,2.865900,1176.000000,931817468.000000,1424890704.000000,252489728.000000,237617152.000000,1630220288.000000,0.000000,0.000000,0.000600,0.000000,0.000000,0.000000,0.009300,0.000000,0.011900,0.000000,0.000000,0.000000,0.003500,0.001700,0.002500,0.006300,0.000000
252,1.000097,5.405300,5.383100,5.255600,1176.000000,931832004.000000,1424890704.000000,252489728.000000,237617152.000000,1630220288.000000,0.000000,0.000000,2.124100,0.047100,0.019500,1.997800,0.010900,0.021800,0.012000,0.000600,0.000300,0.000500,0.004300,0.002600,0.003000,0.006900,0.000000
253,1.003127,3.045699,3.033300,2.889300,1176.000000,931824004.000000,1424890704.000000,252489728.000000,237621248.000000,1630220288.000000,0.000000,0.000000,0.000600,0.000000,0.000000,0.000000,0.012100,0.000000,0.013500,0.000000,0.000000,0.000000,0.004600,0.002000,0.002800,0.006900,0.000000
254,1.006134,3.028302,3.053400,2.902200,1176.000000,931821388.000000,1424890704.000000,252489728.000000,237621248.000000,1630220288.000000,0.000000,0.000000,0.000500,0.000000,0.000000,0.000000,0.010300,0.000000,0.013000,0.000000,0.000000,0.000000,0.004900,0.001900,0.003000,0.007000,0.000000
255,1.009068,2.927494,2.927800,2.804300,1176.000000,931821428.000000,1424890704.000000,252489728.000000,237621248.000000,1630220288.000000,0.000000,0.000000,0.000600,0.000000,0.000000,0.000000,0.010300,0.000000,0.011900,0.000000,0.000000,0.000000,0.004400,0.001800,0.002500,0.006500,0.000000
256,1.012034,2.998200,3.001500,2.885600,1176.000000,931821892.000000,1424890704.000000,252489728.000000,237621248.000000,1630220288.000000,0.000000,0.000000,0.000600,0.000000,0.000000,0.000000,0.010400,0.000000,0.011400,0.000000,0.000000,0.000000,0.004300,0.001900,0.002400,0.007000,0.000000
257,1.017345,5.239803,5.216300,5.097400,1176.000000,931821476.000000,1424890704.000000,252489728.000000,237621248.000000,1630220288.000000,0.000000,0.000000,2.120600,0.043600,0.018900,1.999200,0.009200,0.021100,0.011900,0.000600,0.000300,0.000600,0.003700,0.002400,0.002400,0.007500,0.000000
258,1.020964,3.459502,3.234300,3.097800,1176.000000,931821476.000000,1424890704.000000,252489728.000000,237621248.000000,1630220288.000000,0.000000,0.000000,0.000800,0.000000,0.000000,0.000000,0.011800,0.000000,0.011700,0.000000,0.000000,0.000000,0.004700,0.001500,0.003100,0.006800,0.000000
259,1.024366,3.560495,3.761200,3.414500,1176.000000,931825596.000000,1424890704.000000,252489728.000000,237625344.000000,1630220288.000000,0.000000,0.000000,0.000900,0.000000,0.000000,0.000000,0.021800,0.000000,0.013800,0.000000,0.000000,0.000000,0.008400,0.001900,0.004000,0.009200,0.000000
260,1.027244,2.939002,2.957100,2.807500,1176.000000,931826068.000000,1424890704.000000,252489728.000000,237625344.000000,1630220288.000000,0.000000,0.000000,0.000700,0.000000,0.000000,0.000000,0.012700,0.000000,0.013400,0.000000,0.000000,0.000000,0.004900,0.002000,0.003500,0.007000,0.000000
261,1.033400,6.084098,6.057400,5.916900,1228.000000,931826980.000000,1424890704.000000,252489728.000000,237625344.000000,1630220288.000000,0.000000,0.000000,2.887400,0.048500,0.018400,2.742600,0.009500,0.038100,0.012200,0.000500,0.000200,0.000800,0.004000,0.002800,0.002700,0.008600,0.000000
262,1.036740,3.335906,3.332700,3.176500,1176.000000,931826156.000000,1424890704.000000,252489728.000000,237625344.000000,1630220288.000000,0.000000,0.000000,0.000900,0.000000,0.000000,0.000000,0.014500,0.000000,0.012900,0.000000,0.000000,0.000000,0.005500,0.002300,0.003400,0.007600,0.000000
263,1.039811,3.106399,3.127100,2.975800,1176.000000,931826180.000000,1424890704.000000,252489728.000000,237625344.000000,1630220288.000000,0.000000,0.000000,0.000800,0.000000,0.000000,0.000000,0.011900,0.000000,0.012600,0.000000,0.000000,0.000000,0.005200,0.002000,0.003000,0.007500,0.000000
264,1.042895,3.102898,3.105100,2.976500,1176.000000,931830724.000000,1424890704.000000,252489728.000000,237629440.000000,1630220288.000000,0.000000,0.000000,0.000600,0.000000,0.000000,0.000000,0.011900,0.000000,0.012100,0.000000,0.000000,0.000000,0.004300,0.001900,0.003000,0.007300,0.000000
265,1.045899,3.007200,3.000500,2.876900,1176.000000,931829900.000000,1424890704.000000,252489728.000000,237629440.000000,1630220288.000000,0.000000,0.000000,0.000600,0.000000,0.000000,0.000000,0.011100,0.000000,0.012100,0.000000,0.000000,0.000000,0.004000,0.001900,0.002600,0.007600,0.000000
266,1.051383,5.468098,5.449500,5.319600,1176.000000,931830348.000000,1424890704.000000,252489728.000000,237629440.000000,1630220288.000000,0.000000,0.000000,2.159900,0.045100,0.018900,2.035600,0.011000,0.022300,0.011900,0.000600,0.000200,0.000700,0.003900,0.002300,0.002500,0.006900,0.000000
267,1.054445,3.052905,3.036900,2.896400,1176.000000,931830372.000000,1424890704.000000,252489728.000000,237629440.000000,1630220288.000000,0.000000,0.000000,0.000700,0.000000,0.000000,0.000000,0.011700,0.000000,0.011800,0.000000,0.000000,0.000000,0.004800,0.001700,0.002600,0.006800,0.000000
268,1.057648,3.204897,3.230400,3.077800,1176.000000,931844756.000000,1424890704.000000,252489728.000000,237629440.000000,1630220288.000000,0.000000,0.000000,0.000800,0.000000,0.000000,0.000000,0.012000,0.000000,0.012300,0.000000,0.000000,0.000000,0.005000,0.001800,0.002600,0.011200,0.000000
269,1.061017,3.323399,3.280600,3.142000,1176.000000,931832660.000000,1424890704.000000,252489728.000000,237629440.000000,1630220288.000000,0.000000,0.000000,0.000600,0.000000,0.000000,0.000000,0.013600,0.000000,0.013600,0.000000,0.000000,0.000000,0.004800,0.002300,0.002700,0.006600,0.000000
270,1.066342,5.384205,5.409000,5.246900,1176.000000,931833716.000000,1424890704.000000,252489728.000000,237633536.000000,1630220288.000000,0.000000,0.000000,2.124400,0.060500,0.022800,1.966200,0.013200,0.028100,0.011900,0.000800,0.000400,0.000900,0.005500,0.002500,0.003500,0.008000,0.000000
271,1.069434,3.083596,3.083200,2.946000,1176.000000,931834180.000000,1424890704.000000,252489728.000000,237633536.000000,1630220288.000000,0.000000,0.000000,0.000600,0.000000,0.000000,0.000000,0.011700,0.000000,0.013500,0.000000,0.000000,0.000000,0.004800,0.001400,0.002600,0.007100,0.000000
272,1.072369,2.981604,2.998700,2.868500,1176.000000,931834220.000000,1424890704.000000,252489728.000000,237633536.000000,1630220288.000000,0.000000,0.000000,0.000700,0.000000,0.000000,0.000000,0.012600,0.000000,0.013900,0.000000,0.000000,0.000000,0.004500,0.001900,0.002900,0.006900,0.000000
273,1.075504,3.072399,3.051200,2.931600,1176.000000,931833804.000000,1424890704.000000,252489728.000000,237633536.000000,1630220288.000000,0.000000,0.000000,0.000700,0.000000,0.000000,0.000000,0.009400,0.000000,0.010800,0.000000,0.000000,0.000000,0.003700,0.002000,0.002900,0.007100,0.000000
274,1.078405,2.897499,2.895600,2.765000,1176.000000,931833284.000000,1424890704.000000,252489728.000000,237633536.000000,1630171136.000000,0.000000,0.000000,0.000600,0.000000,0.000000,0.000000,0.011000,0.000000,0.012200,0.000000,0.000000,0.000000,0.004200,0.002200,0.003100,0.007700,0.000000
275,1.083699,5.293197,5.271800,5.136300,1176.000000,931837404.000000,1424890704.000000,252489728.000000,237637632.000000,1630171136.000000,0.000000,0.000000,2.128400,0.057500,0.023700,1.980900,0.013800,0.019100,0.011700,0.000700,0.000400,0.000900,0.004100,0.002700,0.003100,0.007500,0.000000
276,1.086913,3.253203,3.269400,3.123600,1176.000000,931837852.000000,1424890704.000000,252489728.000000,237637632.000000,1630171136.000000,0.000000,0.000000,0.000700,0.000000,0.000000,0.000000,0.012800,0.000000,0.012300,0.000000,0.000000,0.000000,0.005000,0.002700,0.003200,0.007300,0.000000
277,1.090031,3.101998,3.093600,2.964800,1176.000000,931838300.000000,1424890704.000000,252489728.000000,237637632.000000,1630171136.000000,0.000000,0.000000,0.000600,0.000000,0.000000,0.000000,0.010600,0.000000,0.011700,0.000000,0.000000,0.000000,0.004000,0.001700,0.002600,0.007000,0.000000
278,1.092971,2.961799,2.971500,2.837800,1176.000000,931837476.000000,1424890704.000000,252489728.000000,237637632.000000,1630171136.000000,0.000000,0.000000,0.000700,0.000000,0.000000,0.000000,0.011000,0.000000,0.011800,0.000000,0.000000,0.000000,0.004300,0.002000,0.002900,0.007100,0.000000
279,1.096145,3.135303,3.124400,3.001900,1176.000000,931837500.000000,1424890704.000000,252489728.000000,237637632.000000,1630171136.000000,0.000000,0.000000,0.000700,0.000000,0.000000,0.000000,0.010100,0.000000,0.011900,0.000000,0.000000,0.000000,0.003700,0.001600,0.002800,0.005800,0.000000
280,1.101450,5.323002,5.306800,5.173600,1176.000000,931837948.000000,1424890704.000000,252489728.000000,237637632.000000,1630171136.000000,0.000000,0.000000,2.075700,0.046800,0.019100,1.950700,0.010400,0.020800,0.012400,0.000700,0.000300,0.000600,0.004500,0.002500,0.002900,0.007400,0.000000
281,1.104573,3.134800,3.119400,2.978800,1176.000000,931841644.000000,1424890704.000000,252489728.000000,237641728.000000,1630171136.000000,0.000000,0.000000,0.000600,0.000000,0.000000,0.000000,0.011500,0.000000,0.011700,0.000000,0.000000,0.000000,0.003900,0.001700,0.002800,0.007100,0.000000
282,1.107436,2.892297,2.934200,2.784700,1176.000000,931841668.000000,1424890704.000000,252489728.000000,237641728.000000,1630171136.000000,0.000000,0.000000,0.000500,0.000000,0.000000,0.000000,0.011800,0.000000,0.011500,0.000000,0.000000,0.000000,0.003800,0.002000,0.002200,0.005600,0.000000
283,1.110759,3.235998,3.187000,3.067400,1176.000000,931842116.000000,1424890704.000000,252489728.000000,237641728.000000,1630171136.000000,0.000000,0.000000,0.000600,0.000000,0.000000,0.000000,0.009400,0.000000,0.013800,0.000000,0.000000,0.000000,0.004300,0.001600,0.002500,0.006600,0.000000
284,1.116453,5.693800,5.693400,5.536500,1176.000000,931856076.000000,1424890704.000000,252489728.000000,237641728.000000,1630171136.000000,0.000000,0.000000,2.168300,0.055200,0.022400,2.005800,0.014400,0.034800,0.014000,0.000700,0.000300,0.000800,0.005700,0.002700,0.002600,0.008500,0.000000
285,1.119557,3.138903,3.151500,3.002500,1176.000000,931843980.000000,1424890704.000000,252489728.000000,237641728.000000,1630171136.000000,0.000000,0.000000,0.000700,0.000000,0.000000,0.000000,0.013000,0.000000,0.013300,0.000000,0.000000,0.000000,0.005100,0.002300,0.002900,0.006900,0.000000
286,1.122621,3.071797,3.069700,2.938000,1176.000000,931841364.000000,1424890704.000000,252489728.000000,237641728.000000,1630171136.000000,0.000000,0.000000,0.000700,0.000000,0.000000,0.000000,0.011000,0.000000,0.012400,0.000000,0.000000,0.000000,0.004600,0.001900,0.002900,0.006600,0.000000
287,1.126155,3.476899,3.440100,3.293100,1176.000000,931845628.000000,1424890704.000000,252489728.000000,237645824.000000,1630171136.000000,0.000000,0.000000,0.000500,0.000000,0.000000,0.000000,0.011100,0.000000,0.028400,0.000000,0.000000,0.000000,0.004800,0.005500,0.003000,0.006300,0.000000
288,1.129291,3.187599,3.212600,3.049600,1176.000000,931846092.000000,1424890704.000000,252489728.000000,237645824.000000,1630171136.000000,0.000000,0.000000,0.000900,0.000000,0.000000,0.000000,0.013900,0.000000,0.013800,0.000000,0.000000,0.000000,0.005800,0.002400,0.004000,0.008000,0.000000
289,1.134971,5.656703,5.653800,5.514500,1176.000000,931846100.000000,1424890704.000000,252489728.000000,237645824.000000,1630171136.000000,0.000000,0.000000,2.452400,0.047300,0.019400,2.316800,0.011600,0.029500,0.011100,0.000500,0.000300,0.000700,0.005000,0.002700,0.002800,0.006400,0.000000
290,1.137959,3.034701,3.042000,2.907200,1176.000000,931846124.000000,1424890704.000000,252489728.000000,237645824.000000,1630171136.000000,0.000000,0.000000,0.000800,0.000000,0.000000,0.000000,0.011600,0.000000,0.012900,0.000000,0.000000,0.000000,0.005100,0.002200,0.002700,0.007900,0.000000
291,1.141295,3.222796,3.197800,3.065300,1176.000000,931846148.000000,1424890704.000000,252489728.000000,237645824.000000,1630171136.000000,0.000000,0.000000,0.000600,0.000000,0.000000,0.000000,0.010400,0.000000,0.012300,0.000000,0.000000,0.000000,0.004200,0.002000,0.003000,0.006300,0.000000
292,1.144686,3.463201,3.467000,3.315700,1176.000000,931850692.000000,1424890704.000000,252489728.000000,237649920.000000,1630171136.000000,0.000000,0.000000,0.000800,0.000000,0.000000,0.000000,0.012300,0.000000,0.014300,0.000000,0.000000,0.000000,0.006700,0.003400,0.003300,0.008600,0.000000
293,1.150607,5.885204,5.871500,5.585800,1176.000000,931851140.000000,1424890704.000000,252489728.000000,237649920.000000,1630171136.000000,0.000000,0.000000,2.201700,0.050200,0.020400,2.064200,0.013100,0.025200,0.014200,0.000600,0.000400,0.000500,0.005400,0.002600,0.003200,0.007900,0.000000
294,1.153952,3.384099,3.391800,3.243800,1176.000000,931849892.000000,1424890704.000000,252489728.000000,237649920.000000,1630171136.000000,0.000000,0.000000,0.000900,0.000000,0.000000,0.000000,0.013900,0.000000,0.016500,0.000000,0.000000,0.000000,0.084200,0.001900,0.003600,0.008400,0.000000
295,1.157199,3.290101,3.280100,3.141000,1176.000000,931849916.000000,1424890704.000000,252489728.000000,237649920.000000,1630171136.000000,0.000000,0.000000,0.000700,0.000000,0.000000,0.000000,0.011500,0.000000,0.013000,0.000000,0.000000,0.000000,0.004800,0.002000,0.003000,0.006800,0.000000
296,1.160752,3.517800,3.520400,3.371800,1176.000000,931850364.000000,1424890704.000000,252489728.000000,237649920.000000,1630171136.000000,0.000000,0.000000,0.000700,0.000000,0.000000,0.000000,0.010600,0.000000,0.012300,0.000000,0.000000,0.000000,0.004400,0.002000,0.002900,0.006700,0.000000
297,1.167509,6.762996,6.759200,6.619500,1176.000000,931849964.000000,1424890704.000000,252489728.000000,237649920.000000,1630171136.000000,0.000000,0.000000,3.859000,0.062000,0.020200,3.703700,0.012400,0.030600,0.011900,0.000600,0.000200,0.000600,0.004400,0.002500,0.002200,0.008100,0.000000
298,1.170501,3.011798,3.021900,2.882600,1176.000000,931854084.000000,1424890704.000000,252489728.000000,237654016.000000,1630171136.000000,0.000000,0.000000,0.000500,0.000000,0.000000,0.000000,0.011200,0.000000,0.012300,0.000000,0.000000,0.000000,0.003700,0.001500,0.002300,0.005700,0.000000
299,1.173528,2.994005,2.984500,2.855900,1176.000000,931854108.000000,1424890704.000000,252489728.000000,237654016.000000,1630171136.000000,0.000000,0.000000,0.000700,0.000000,0.000000,0.000000,0.009500,0.000000,0.011600,0.000000,0.000000,0.000000,0.004000,0.001500,0.003000,0.006400,0.000000
300,1.176700,3.157901,3.127200,2.988000,1176.000000,931868492.000000,1424890704.000000,252489728.000000,237654016.000000,1630171136.000000,0.000000,0.000000,0.000700,0.000000,0.000000,0.000000,0.011800,0.000000,0.012300,0.000000,0.000000,0.000000,0.005300,0.001900,0.002700,0.007000,0.000000
301,1.180239,3.463194,3.435200,3.263800,1176.000000,931856396.000000,1424890704.000000,252489728.000000,237654016.000000,1630171136.000000,0.000000,0.000000,0.000700,0.000000,0.000000,0.000000,0.012400,0.000000,0.014100,0.000000,0.000000,0.000000,0.004800,0.005500,0.003300,0.006100,0.000000
302,1.185912,5.661806,5.660400,5.470400,1176.000000,931853780.000000,1424890704.000000,252489728.000000,237654016.000000,1630171136.000000,0.000000,0.000000,2.131700,0.061500,0.029600,1.950700,0.017100,0.031600,0.012700,0.000600,0.000300,0.000900,0.007600,0.002600,0.003700,0.010900,0.000000
303,1.189312,3.413797,3.417800,3.230200,1176.000000,931857916.000000,1424890704.000000,252489728.000000,237658112.000000,1630171136.000000,0.000000,0.000000,0.001100,0.000000,0.000000,0.000000,0.023400,0.000000,0.013500,0.000000,0.000000,0.000000,0.006200,0.002800,0.004400,0.009600,0.000000
304,1.192898,3.641801,3.651100,3.477100,1176.000000,931858380.000000,1424890704.000000,252489728.000000,237658112.000000,1630171136.000000,0.000000,0.000000,0.001000,0.000000,0.000000,0.000000,0.018900,0.000000,0.013600,0.000000,0.000000,0.000000,0.006200,0.003500,0.004100,0.010300,0.000000
305,1.195955,3.088896,3.108100,2.951200,1176.000000,931858388.000000,1424890704.000000,252489728.000000,237658112.000000,1630171136.000000,0.000000,0.000000,0.000800,0.000000,0.000000,0.000000,0.016100,0.000000,0.015200,0.000000,0.000000,0.000000,0.005700,0.002000,0.003600,0.007900,0.000000
306,1.201236,5.305506,5.304700,5.167800,1176.000000,931857988.000000,1424890704.000000,252489728.000000,237658112.000000,1630171136.000000,0.000000,0.000000,2.084300,0.046000,0.019900,1.957900,0.011000,0.021800,0.012300,0.000600,0.000300,0.000900,0.004400,0.002600,0.002800,0.006500,0.000000
307,1.204412,3.160395,3.148800,3.012400,1176.000000,931858012.000000,1424890704.000000,252489728.000000,237658112.000000,1630171136.000000,0.000000,0.000000,0.000600,0.000000,0.000000,0.000000,0.011700,0.000000,0.011700,0.000000,0.000000,0.000000,0.004500,0.001700,0.002600,0.007200,0.000000
308,1.207331,2.964902,2.965600,2.828300,1176.000000,931858460.000000,1424890704.000000,252489728.000000,237658112.000000,1630171136.000000,0.000000,0.000000,0.000700,0.000000,0.000000,0.000000,0.011100,0.000000,0.011800,0.000000,0.000000,0.000000,0.004500,0.001700,0.003200,0.007400,0.000000
309,1.210470,3.106399,3.107500,2.967200,1176.000000,931863004.000000,1424890704.000000,252489728.000000,237662208.000000,1630171136.000000,0.000000,0.000000,0.000700,0.000000,0.000000,0.000000,0.010000,0.000000,0.011400,0.000000,0.000000,0.000000,0.004300,0.001500,0.002500,0.006300,0.000000
310,1.216457,5.874801,5.820600,5.670500,1176.000000,931862156.000000,1424890704.000000,252489728.000000,237662208.000000,1630171136.000000,0.000000,0.000000,2.094300,0.049100,0.019300,1.953600,0.011100,0.031500,0.011800,0.000600,0.000200,0.001300,0.004800,0.002900,0.002400,0.008400,0.000000
311,1.219764,3.405697,3.446000,3.268200,1176.000000,931862180.000000,1424890704.000000,252489728.000000,237662208.000000,1630171136.000000,0.000000,0.000000,0.000700,0.000000,0.000000,0.000000,0.015500,0.000000,0.013600,0.000000,0.000000,0.000000,0.006100,0.002400,0.003500,0.009100,0.000000
312,1.222666,2.926602,2.934700,2.800400,1176.000000,931862652.000000,1424890704.000000,252489728.000000,237662208.000000,1630171136.000000,0.000000,0.000000,0.000900,0.000000,0.000000,0.000000,0.012400,0.000000,0.013100,0.000000,0.000000,0.000000,0.004600,0.001900,0.002900,0.007400,0.000000
313,1.225858,3.171202,3.155600,3.023100,1176.000000,931862252.000000,1424890704.000000,252489728.000000,237662208.000000,1630171136.000000,0.000000,0.000000,0.000700,0.000000,0.000000,0.000000,0.010500,0.000000,0.023100,0.000000,0.000000,0.000000,0.005000,0.001800,0.003200,0.006700,0.000000
314,1.229005,3.114101,3.092300,2.950200,1176.000000,931862252.000000,1424890704.000000,252489728.000000,237662208.000000,1630171136.000000,0.000000,0.000000,0.000600,0.000000,0.000000,0.000000,0.011500,0.000000,0.012400,0.000000,0.000000,0.000000,0.005200,0.002000,0.002900,0.007900,0.000000
315,1.234930,5.767496,5.765500,5.602900,1228.000000,931871468.000000,1424890704.000000,252489728.000000,237666304.000000,1630171136.000000,0.000000,0.000000,2.249100,0.057600,0.020600,2.101400,0.015200,0.029800,0.014200,0.000600,0.000400,0.000800,0.005600,0.002300,0.003700,0.006800,0.000000
316,1.238371,3.592900,3.525100,3.363300,1176.000000,931889548.000000,1424890704.000000,252489728.000000,237670400.000000,1630171136.000000,0.000000,0.000000,0.000700,0.000000,0.000000,0.000000,0.014100,0.000000,0.014700,0.000000,0.000000,0.000000,0.007000,0.002100,0.003700,0.058600,0.000000
317,1.241791,3.344501,3.400500,3.177100,1176.000000,931877452.000000,1424890704.000000,252489728.000000,237670400.000000,1630171136.000000,0.000000,0.000000,0.000700,0.000000,0.000000,0.000000,0.013300,0.000000,0.016000,0.000000,0.000000,0.000000,0.005600,0.189600,0.003700,0.009500,0.000000
318,1.245458,3.738301,3.712200,3.548200,1176.000000,931874836.000000,1424890704.000000,252489728.000000,237670400.000000,1630171136.000000,0.000000,0.000000,0.000800,0.000000,0.000000,0.000000,0.012500,0.000000,0.013000,0.000000,0.000000,0.000000,0.006900,0.002100,0.003500,0.009000,0.000000
319,1.251263,5.811798,5.780000,5.597300,1176.000000,931870404.000000,1424890704.000000,252489728.000000,237670400.000000,1630171136.000000,0.000000,0.000000,2.123300,0.049800,0.022400,1.985700,0.014500,0.024200,0.012400,0.000600,0.000300,0.000700,0.005400,0.002900,0.003500,0.009200,0.000000
320,1.254559,3.294898,3.349800,3.139200,1176.000000,931874964.000000,1424890704.000000,252489728.000000,237674496.000000,1630171136.000000,0.000000,0.000000,0.000700,0.000000,0.000000,0.000000,0.014900,0.000000,0.012600,0.000000,0.000000,0.000000,0.005200,0.002200,0.003600,0.006900,0.000000
321,1.257431,2.945805,2.956000,2.807900,1176.000000,931874548.000000,1424890704.000000,252489728.000000,237674496.000000,1630171136.000000,0.000000,0.000000,0.000800,0.000000,0.000000,0.000000,0.012800,0.000000,0.013000,0.000000,0.000000,0.000000,0.005400,0.002300,0.003800,0.007800,0.000000
322,1.260812,3.358397,3.361800,3.221500,1176.000000,931874572.000000,1424890704.000000,252489728.000000,237674496.000000,1630171136.000000,0.000000,0.000000,0.000600,0.000000,0.000000,0.000000,0.009700,0.000000,0.011200,0.000000,0.000000,0.000000,0.004900,0.001700,0.002600,0.006100,0.000000
323,1.266202,5.353600,5.335900,5.200700,1176.000000,931874620.000000,1424890704.000000,252489728.000000,237674496.000000,1630171136.000000,0.000000,0.000000,2.046400,0.043500,0.018400,1.924800,0.010600,0.022700,0.012800,0.000600,0.000400,0.000800,0.004600,0.002500,0.002900,0.007600,0.000000
324,1.269394,3.196698,3.195100,3.046900,1176.000000,931875044.000000,1424890704.000000,252489728.000000,237674496.000000,1630171136.000000,0.000000,0.000000,0.000600,0.000000,0.000000,0.000000,0.011700,0.000000,0.012000,0.000000,0.000000,0.000000,0.005300,0.001900,0.003200,0.007600,0.000000
325,1.272114,2.787202,2.812500,2.674600,1176.000000,931875492.000000,1424890704.000000,252489728.000000,237674496.000000,1630171136.000000,0.000000,0.000000,0.000600,0.000000,0.000000,0.000000,0.012400,0.000000,0.012400,0.000000,0.000000,0.000000,0.005200,0.002300,0.002800,0.007600,0.000000
326,1.275342,3.174398,3.156800,3.038500,1176.000000,931878764.000000,1424890704.000000,252489728.000000,237678592.000000,1630171136.000000,0.000000,0.000000,0.000600,0.000000,0.000000,0.000000,0.009000,0.000000,0.011000,0.000000,0.000000,0.000000,0.003600,0.001600,0.002800,0.006200,0.000000
327,1.278087,2.727905,2.735100,2.607900,1176.000000,931879212.000000,1424890704.000000,252489728.000000,237678592.000000,1630171136.000000,0.000000,0.000000,0.000600,0.000000,0.000000,0.000000,0.011000,0.000000,0.013300,0.000000,0.000000,0.000000,0.004800,0.001800,0.002800,0.007600,0.000000
328,1.283893,5.810998,5.765200,5.630400,1176.000000,931879236.000000,1424890704.000000,252489728.000000,237678592.000000,1630171136.000000,0.000000,0.000000,2.525600,0.045700,0.018800,2.387600,0.009700,0.029500,0.012300,0.000600,0.000300,0.000700,0.006600,0.002500,0.003500,0.007200,0.000000
329,1.286719,2.896797,2.939800,2.784800,1176.000000,931878860.000000,1424890704.000000,252489728.000000,237678592.000000,1630171136.000000,0.000000,0.000000,0.000600,0.000000,0.000000,0.000000,0.013800,0.000000,0.012300,0.000000,0.000000,0.000000,0.004600,0.002100,0.003100,0.008100,0.000000
330,1.290252,3.489002,3.467600,3.349900,1176.000000,931878860.000000,1424890704.000000,252489728.000000,237678592.000000,1630171136.000000,0.000000,0.000000,0.000600,0.000000,0.000000,0.000000,0.009400,0.000000,0.011800,0.000000,0.000000,0.000000,0.004100,0.001500,0.002300,0.006600,0.000000
331,1.295441,5.116001,5.051100,4.912200,1176.000000,931882980.000000,1424890704.000000,252489728.000000,237682688.000000,1630171136.000000,0.000000,0.000000,0.000600,0.000000,0.000000,0.000000,0.011300,0.000000,0.011900,0.000000,0.000000,0.000000,0.005100,0.001700,0.002600,0.006900,0.000000
332,1.303563,8.125602,8.158300,7.960300,1176.000000,931897772.000000,1424890704.000000,252489728.000000,237682688.000000,1630171136.000000,0.000000,0.000000,2.776100,0.050900,0.022500,2.631800,0.013800,0.027400,0.012700,0.000600,0.000300,0.000700,0.006300,0.002700,0.003800,0.008500,0.000000
333,1.307307,3.810601,3.836000,3.680400,1176.000000,931885676.000000,1424890704.000000,252489728.000000,237682688.000000,1630171136.000000,0.000000,0.000000,0.001000,0.000000,0.000000,0.000000,0.017600,0.000000,0.015200,0.000000,0.000000,0.000000,0.006400,0.002800,0.003900,0.008800,0.000000
334,1.311038,3.704599,3.663500,3.526800,1176.000000,931883060.000000,1424890704.000000,252489728.000000,237682688.000000,1630171136.000000,0.000000,0.000000,0.000800,0.000000,0.000000,0.000000,0.011300,0.000000,0.012300,0.000000,0.000000,0.000000,0.005100,0.002000,0.002800,0.006800,0.000000
335,1.317235,6.130796,6.121300,5.943200,1176.000000,931883524.000000,1424890704.000000,252489728.000000,237682688.000000,1630171136.000000,0.000000,0.000000,2.012900,0.049400,0.019500,1.880700,0.013100,0.022200,0.011600,0.000500,0.000400,0.000600,0.005100,0.002800,0.003400,0.009200,0.000000
336,1.321229,4.062904,4.090600,3.920100,1176.000000,931883988.000000,1424890704.000000,252489728.000000,237682688.000000,1630171136.000000,0.000000,0.000000,0.000800,0.000000,0.000000,0.000000,0.017100,0.000000,0.012100,0.000000,0.000000,0.000000,0.005900,0.002500,0.003300,0.008200,0.000000
337,1.326019,4.777197,4.764200,4.617300,1176.000000,931888092.000000,1424890704.000000,252489728.000000,237686784.000000,1630171136.000000,0.000000,0.000000,0.000700,0.000000,0.000000,0.000000,0.012900,0.000000,0.013700,0.000000,0.000000,0.000000,0.005700,0.002000,0.003600,0.007300,0.000000
338,1.331899,5.887302,5.879800,5.724800,1176.000000,931887692.000000,1424890704.000000,252489728.000000,237686784.000000,1630171136.000000,0.000000,0.000000,0.000900,0.000000,0.000000,0.000000,0.013700,0.000000,0.013800,0.000000,0.000000,0.000000,0.005400,0.002100,0.003500,0.007700,0.000000
339,1.339876,7.928501,7.925200,7.763000,1176.000000,931887292.000000,1424890704.000000,252489728.000000,237686784.000000,1630171136.000000,0.000000,0.000000,2.093200,0.049100,0.019300,1.950800,0.012800,0.032500,0.012300,0.000600,0.000300,0.001200,0.004600,0.002600,0.002800,0.009700,0.000000
340,1.344868,5.033100,5.011700,4.851400,1176.000000,931887740.000000,1424890704.000000,252489728.000000,237686784.000000,1630171136.000000,0.000000,0.000000,0.001000,0.000000,0.000000,0.000000,0.017300,0.000000,0.013900,0.000000,0.000000,0.000000,0.005600,0.002200,0.003400,0.009300,0.000000
341,1.351244,6.383900,6.397700,6.222200,1176.000000,931888188.000000,1424890704.000000,252489728.000000,237686784.000000,1630171136.000000,0.000000,0.000000,2.073200,0.052400,0.023300,1.924400,0.014000,0.029900,0.011800,0.000600,0.000300,0.000700,0.005700,0.002800,0.003800,0.009600,0.000000
342,1.356157,4.875099,4.866200,4.709600,1176.000000,931887364.000000,1424890704.000000,252489728.000000,237686784.000000,1630171136.000000,0.000000,0.000000,0.000700,0.000000,0.000000,0.000000,0.013600,0.000000,0.012600,0.000000,0.000000,0.000000,0.005300,0.002300,0.003800,0.009200,0.000000
343,1.361770,5.678996,5.669000,5.509700,1176.000000,931893603.000000,1424890704.000000,252489728.000000,237690880.000000,1630171136.000000,0.000000,0.000000,0.000700,0.000000,0.000000,0.000000,0.012700,0.000000,0.013400,0.000000,0.000000,0.000000,0.006000,0.002200,0.003700,0.008500,0.000000
344,1.368148,6.355407,6.276200,6.110400,1176.000000,931894051.000000,1424890704.000000,252489728.000000,237690880.000000,1630171136.000000,0.000000,0.000000,1.978000,0.046900,0.018100,1.845500,0.011600,0.027900,0.011700,0.000600,0.000200,0.000800,0.005100,0.002600,0.002900,0.008000,0.000000
345,1.372245,4.119097,4.221700,3.977600,1176.000000,931891556.000000,1424890704.000000,252489728.000000,237690880.000000,1630171136.000000,0.000000,0.000000,0.000700,0.000000,0.000000,0.000000,0.010900,0.000000,0.011800,0.000000,0.000000,0.000000,0.006400,0.002800,0.003200,0.006800,0.000000
346,1.375463,3.218197,3.231500,3.101700,1176.000000,931891556.000000,1424890704.000000,252489728.000000,237690880.000000,1630171136.000000,0.000000,0.000000,0.000700,0.000000,0.000000,0.000000,0.011600,0.000000,0.021400,0.000000,0.000000,0.000000,0.004900,0.001800,0.002900,0.007600,0.000000
347,1.379878,4.421004,4.405300,4.282000,1176.000000,931892004.000000,1424890704.000000,252489728.000000,237690880.000000,1630171136.000000,0.000000,0.000000,0.000700,0.000000,0.000000,0.000000,0.009800,0.000000,0.012600,0.000000,0.000000,0.000000,0.004500,0.001700,0.002400,0.007200,0.000000
348,1.386498,6.605697,6.592800,6.455500,1176.000000,931910060.000000,1424890704.000000,252489728.000000,237694976.000000,1630171136.000000,0.000000,0.000000,2.073700,0.040900,0.018700,1.951500,0.009400,0.024300,0.012100,0.000600,0.000200,0.000500,0.397500,0.002400,0.003100,0.006600,0.000000
349,1.390907,4.413804,4.415100,4.272200,1176.000000,931897964.000000,1424890704.000000,252489728.000000,237694976.000000,1630171136.000000,0.000000,0.000000,0.000700,0.000000,0.000000,0.000000,0.012400,0.000000,0.012900,0.000000,0.000000,0.000000,0.005000,0.002300,0.003000,0.007200,0.000000
350,1.394938,4.030797,4.039500,3.902900,1176.000000,931895348.000000,1424890704.000000,252489728.000000,237694976.000000,1630171136.000000,0.000000,0.000000,0.000600,0.000000,0.000000,0.000000,0.011400,0.000000,0.011900,0.000000,0.000000,0.000000,0.004800,0.002200,0.002900,0.008400,0.000000
351,1.399996,5.066298,5.049800,4.923600,1176.000000,931895812.000000,1424890704.000000,252489728.000000,237694976.000000,1630171136.000000,0.000000,0.000000,1.904600,0.044200,0.018500,1.786200,0.010200,0.021800,0.010900,0.000600,0.000200,0.000600,0.004700,0.002600,0.002400,0.006000,0.000000
352,1.404552,4.547803,4.546000,4.406700,1176.000000,931896276.000000,1424890704.000000,252489728.000000,237694976.000000,1630171136.000000,0.000000,0.000000,0.000600,0.000000,0.000000,0.000000,0.012300,0.000000,0.011400,0.000000,0.000000,0.000000,0.005200,0.002200,0.002700,0.007700,0.000000
353,1.407582,3.081803,3.101300,2.969000,1176.000000,931905564.000000,1424890704.000000,252489728.000000,237694976.000000,1630179328.000000,0.000000,0.000000,0.000600,0.000000,0.000000,0.000000,0.011600,0.000000,0.011500,0.000000,0.000000,0.000000,0.004600,0.001800,0.002900,0.006600,0.000000
354,1.410885,3.265200,3.245600,3.126300,1176.000000,931910756.000000,1424890704.000000,252489728.000000,237699072.000000,1630179328.000000,0.000000,0.000000,0.000500,0.000000,0.000000,0.000000,0.009100,0.000000,0.011600,0.000000,0.000000,0.000000,0.003700,0.001200,0.002400,0.006000,0.000000
355,1.419671,8.763095,8.727200,8.594200,1176.000000,931910356.000000,1424890704.000000,252489728.000000,237699072.000000,1630179328.000000,0.000000,0.000000,3.522400,0.046700,0.018300,3.390900,0.010700,0.028400,0.011300,0.000600,0.000200,0.000700,0.004600,0.002500,0.003000,0.008100,0.000000
356,1.422904,3.278302,3.330800,3.175000,1176.000000,931910804.000000,1424890704.000000,252489728.000000,237699072.000000,1630179328.000000,0.000000,0.000000,0.000600,0.000000,0.000000,0.000000,0.013200,0.000000,0.011100,0.000000,0.000000,0.000000,0.004500,0.002000,0.003300,0.008000,0.000000
357,1.425740,2.844799,2.836000,2.730500,1176.000000,931911676.000000,1424890704.000000,252489728.000000,237699072.000000,1630179328.000000,0.000000,0.000000,0.000500,0.000000,0.000000,0.000000,0.009700,0.000000,0.012000,0.000000,0.000000,0.000000,0.004200,0.001400,0.002600,0.006200,0.000000
358,1.429636,3.871400,3.839300,3.722000,1176.000000,931910428.000000,1424890704.000000,252489728.000000,237699072.000000,1630179328.000000,0.000000,0.000000,0.000500,0.000000,0.000000,0.000000,0.010000,0.000000,0.011000,0.000000,0.000000,0.000000,0.004100,0.001700,0.002300,0.005600,0.000000
359,1.435484,5.806902,5.812300,5.666000,1228.000000,931914548.000000,1424890704.000000,252489728.000000,237703168.000000,1630179328.000000,0.000000,0.000000,2.722100,0.043500,0.018600,2.598300,0.010400,0.023600,0.011100,0.000500,0.000300,0.000500,0.003900,0.002300,0.002600,0.006300,0.000000
360,1.439959,4.506201,4.506300,4.372900,1176.000000,931914996.000000,1424890704.000000,252489728.000000,237703168.000000,1630179328.000000,0.000000,0.000000,0.000500,0.000000,0.000000,0.000000,0.012400,0.000000,0.011500,0.000000,0.000000,0.000000,0.004900,0.002100,0.002700,0.005700,0.000000
361,1.442534,2.632901,2.656800,2.532500,1176.000000,931914620.000000,1424890704.000000,252489728.000000,237703168.000000,1630179328.000000,0.000000,0.000000,0.000500,0.000000,0.000000,0.000000,0.011200,0.000000,0.011200,0.000000,0.000000,0.000000,0.003600,0.001800,0.002200,0.006600,0.000000
362,1.445930,3.351701,3.332000,3.226600,1176.000000,931914620.000000,1424890704.000000,252489728.000000,237703168.000000,1630179328.000000,0.000000,0.000000,0.000600,0.000000,0.000000,0.000000,0.008700,0.000000,0.010600,0.000000,0.000000,0.000000,0.003100,0.001500,0.002200,0.005500,0.000000
363,1.451091,5.152898,5.136300,5.013500,1176.000000,931914644.000000,1424890704.000000,252489728.000000,237703168.000000,1630179328.000000,0.000000,0.000000,1.947900,0.044400,0.019500,1.828400,0.009800,0.020900,0.010900,0.000500,0.000300,0.000600,0.004300,0.002400,0.002700,0.006100,0.000000
364,1.455001,3.890001,3.895100,3.758700,1176.000000,931929028.000000,1424890704.000000,252489728.000000,237703168.000000,1630179328.000000,0.000000,0.000000,0.000700,0.000000,0.000000,0.000000,0.010700,0.000000,0.011200,0.000000,0.000000,0.000000,0.004500,0.001700,0.002800,0.006400,0.000000
365,1.458336,3.377494,3.383200,3.261000,1176.000000,931921028.000000,1424890704.000000,252489728.000000,237707264.000000,1630179328.000000,0.000000,0.000000,0.000600,0.000000,0.000000,0.000000,0.010800,0.000000,0.012900,0.000000,0.000000,0.000000,0.004800,0.001800,0.002600,0.007200,0.000000
366,1.461477,3.140703,3.132700,3.016100,1176.000000,931918412.000000,1424890704.000000,252489728.000000,237707264.000000,1630179328.000000,0.000000,0.000000,0.000700,0.000000,0.000000,0.000000,0.008900,0.000000,0.011300,0.000000,0.000000,0.000000,0.004200,0.001600,0.002300,0.006200,0.000000
367,1.469015,7.485197,7.452200,7.322500,1176.000000,931918876.000000,1424890704.000000,252489728.000000,237707264.000000,1630179328.000000,0.000000,0.000000,4.526300,0.045000,0.017800,4.393500,0.009500,0.031200,0.013800,0.000700,0.000200,0.000900,0.003800,0.002500,0.002200,0.008500,0.000000
368,1.471803,2.845600,2.854100,2.709200,1176.000000,931918916.000000,1424890704.000000,252489728.000000,237707264.000000,1630179328.000000,0.000000,0.000000,0.000800,0.000000,0.000000,0.000000,0.013100,0.000000,0.012500,0.000000,0.000000,0.000000,0.004500,0.001800,0.002900,0.006300,0.000000
369,1.474639,2.796400,2.815000,2.675100,1176.000000,931918500.000000,1424890704.000000,252489728.000000,237707264.000000,1630183424.000000,0.000000,0.000000,0.000600,0.000000,0.000000,0.000000,0.009500,0.000000,0.011100,0.000000,0.000000,0.000000,0.003900,0.001400,0.002500,0.006100,0.000000
370,1.477331,2.746202,2.752300,2.638500,1176.000000,931918524.000000,1424890704.000000,252489728.000000,237707264.000000,1630183424.000000,0.000000,0.000000,0.000600,0.000000,0.000000,0.000000,0.010400,0.000000,0.011600,0.000000,0.000000,0.000000,0.004000,0.001800,0.002200,0.006400,0.000000
371,1.482259,4.881399,4.852800,4.737600,1176.000000,931922644.000000,1424890704.000000,252489728.000000,237711360.000000,1630183424.000000,0.000000,0.000000,2.004600,0.045700,0.018600,1.872700,0.008700,0.027800,0.010600,0.000500,0.000300,0.001000,0.004000,0.002500,0.002500,0.007800,0.000000
372,1.485244,2.975404,2.972500,2.834200,1176.000000,931923092.000000,1424890704.000000,252489728.000000,237711360.000000,1630183424.000000,0.000000,0.000000,0.000600,0.000000,0.000000,0.000000,0.011200,0.000000,0.020500,0.000000,0.000000,0.000000,0.003700,0.001900,0.002200,0.005700,0.000000
373,1.487841,2.627197,2.648900,2.517300,1176.000000,931923540.000000,1424890704.000000,252489728.000000,237711360.000000,1630183424.000000,0.000000,0.000000,0.000600,0.000000,0.000000,0.000000,0.011400,0.000000,0.010800,0.000000,0.000000,0.000000,0.004900,0.002000,0.003200,0.007000,0.000000
374,1.490685,2.831200,2.812200,2.700900,1176.000000,931922716.000000,1424890704.000000,252489728.000000,237711360.000000,1630183424.000000,0.000000,0.000000,0.000600,0.000000,0.000000,0.000000,0.009300,0.000000,0.010600,0.000000,0.000000,0.000000,0.003500,0.002000,0.002600,0.006500,0.000000
375,1.493688,2.975503,2.969000,2.844500,1176.000000,931922740.000000,1424890704.000000,252489728.000000,237711360.000000,1630183424.000000,0.000000,0.000000,0.000700,0.000000,0.000000,0.000000,0.011100,0.000000,0.012000,0.000000,0.000000,0.000000,0.004100,0.002100,0.002900,0.007200,0.000000
376,1.498900,5.225397,5.217300,5.083800,1176.000000,931931812.000000,1424890704.000000,252489728.000000,237715456.000000,1630183424.000000,0.000000,0.000000,2.157300,0.056500,0.022400,2.006400,0.010700,0.034100,0.012600,0.000500,0.000400,0.000800,0.003700,0.002700,0.002100,0.007700,0.000000
377,1.502027,3.143998,3.150500,3.018900,1176.000000,931931436.000000,1424890704.000000,252489728.000000,237715456.000000,1630183424.000000,0.000000,0.000000,0.000600,0.000000,0.000000,0.000000,0.010900,0.000000,0.012100,0.000000,0.000000,0.000000,0.004500,0.002100,0.002700,0.008200,0.000000
378,1.505337,3.279301,3.256000,3.126100,1176.000000,931931436.000000,1424890704.000000,252489728.000000,237715456.000000,1630183424.000000,0.000000,0.000000,0.000600,0.000000,0.000000,0.000000,0.010500,0.000000,0.011000,0.000000,0.000000,0.000000,0.003800,0.001800,0.002600,0.005000,0.000000
379,1.508784,3.427005,3.416900,3.270100,1176.000000,931931884.000000,1424890704.000000,252489728.000000,237715456.000000,1630183424.000000,0.000000,0.000000,0.000700,0.000000,0.000000,0.000000,0.011200,0.000000,0.015200,0.000000,0.000000,0.000000,0.004400,0.002400,0.003600,0.009000,0.000000
380,1.512604,3.791100,3.795700,3.641300,1176.000000,931941372.000000,1424890704.000000,252489728.000000,237715456.000000,1630183424.000000,0.000000,0.000000,0.000700,0.000000,0.000000,0.000000,0.012700,0.000000,0.015200,0.000000,0.000000,0.000000,0.004800,0.002100,0.003400,0.007300,0.000000
381,1.520168,7.571195,7.542600,7.392800,1176.000000,931929276.000000,1424890704.000000,252489728.000000,237715456.000000,1630183424.000000,0.000000,0.000000,2.873800,0.063000,0.025400,2.687500,0.012200,0.037700,0.014200,0.000600,0.000400,0.000800,0.006700,0.002800,0.003900,0.009600,0.000000
382,1.524053,3.928600,3.927300,3.757400,1176.000000,931930756.000000,1424890704.000000,252489728.000000,237719552.000000,1630183424.000000,0.000000,0.000000,0.000700,0.000000,0.000000,0.000000,0.014200,0.000000,0.013100,0.000000,0.000000,0.000000,0.005400,0.002200,0.003200,0.008100,0.000000
383,1.527057,3.042800,3.085000,2.923300,1176.000000,931930796.000000,1424890704.000000,252489728.000000,237719552.000000,1630183424.000000,0.000000,0.000000,0.000700,0.000000,0.000000,0.000000,0.012400,0.000000,0.012400,0.000000,0.000000,0.000000,0.005000,0.002100,0.003000,0.007600,0.000000
384,1.532185,5.104003,5.083100,4.957500,1176.000000,931931260.000000,1424890704.000000,252489728.000000,237719552.000000,1630183424.000000,0.000000,0.000000,2.122600,0.047700,0.019000,1.987100,0.010500,0.031300,0.011800,0.000600,0.000300,0.000800,0.003900,0.002800,0.002500,0.007900,0.000000
385,1.535571,3.352097,3.348500,3.207800,1176.000000,931930932.000000,1424890704.000000,252489728.000000,237719552.000000,1630183424.000000,0.000000,0.000000,0.000500,0.000000,0.000000,0.000000,0.011300,0.000000,0.142900,0.000000,0.000000,0.000000,0.004300,0.001500,0.002500,0.005400,0.000000
386,1.538664,3.125404,3.132800,2.994300,1176.000000,931930972.000000,1424890704.000000,252489728.000000,237719552.000000,1630183424.000000,0.000000,0.000000,0.000600,0.000000,0.000000,0.000000,0.011400,0.000000,0.013200,0.000000,0.000000,0.000000,0.005100,0.002200,0.002900,0.007300,0.000000
387,1.541764,3.080598,3.073400,2.946600,1176.000000,931935076.000000,1424890704.000000,252489728.000000,237723648.000000,1630183424.000000,0.000000,0.000000,0.000800,0.000000,0.000000,0.000000,0.010200,0.000000,0.012000,0.000000,0.000000,0.000000,0.004400,0.002200,0.002900,0.007400,0.000000
388,1.545030,3.277501,3.261200,3.123100,1176.000000,931935524.000000,1424890704.000000,252489728.000000,237723648.000000,1630183424.000000,0.000000,0.000000,0.000700,0.000000,0.000000,0.000000,0.011800,0.000000,0.013300,0.000000,0.000000,0.000000,0.004900,0.002100,0.002800,0.007300,0.000000
389,1.550642,5.602700,5.603100,5.457400,1176.000000,931936396.000000,1424890704.000000,252489728.000000,237723648.000000,1630183424.000000,0.000000,0.000000,2.074000,0.048400,0.019500,1.946100,0.011800,0.021800,0.013100,0.000500,0.000300,0.000600,0.004500,0.002400,0.003000,0.007100,0.000000
390,1.553537,2.898597,2.908500,2.770200,1176.000000,931935148.000000,1424890704.000000,252489728.000000,237723648.000000,1630183424.000000,0.000000,0.000000,0.000700,0.000000,0.000000,0.000000,0.013400,0.000000,0.013200,0.000000,0.000000,0.000000,0.004900,0.002400,0.002600,0.008100,0.000000
391,1.556394,2.905102,2.905800,2.782900,1176.000000,931935172.000000,1424890704.000000,252489728.000000,237723648.000000,1630183424.000000,0.000000,0.000000,0.000700,0.000000,0.000000,0.000000,0.011700,0.000000,0.012000,0.000000,0.000000,0.000000,0.004200,0.001900,0.002800,0.007400,0.000000
392,1.559372,2.946500,2.939200,2.819100,1176.000000,931935620.000000,1424890704.000000,252489728.000000,237723648.000000,1630183424.000000,0.000000,0.000000,0.000600,0.000000,0.000000,0.000000,0.010200,0.000000,0.011600,0.000000,0.000000,0.000000,0.003600,0.001600,0.002700,0.007000,0.000000
393,1.562347,3.003302,3.004000,2.881600,1176.000000,931939340.000000,1424890704.000000,252489728.000000,237727744.000000,1630183424.000000,0.000000,0.000000,0.000700,0.000000,0.000000,0.000000,0.011700,0.000000,0.012400,0.000000,0.000000,0.000000,0.004500,0.001800,0.003000,0.006900,0.000000
394,1.568917,6.518701,6.490400,6.362300,1176.000000,931939340.000000,1424890704.000000,252489728.000000,237727744.000000,1630183424.000000,0.000000,0.000000,3.339500,0.046300,0.021300,3.196100,0.010900,0.032600,0.011700,0.000700,0.000300,0.001000,0.004500,0.002600,0.002400,0.007500,0.000000
395,1.571841,2.968800,2.990000,2.845300,1176.000000,931939364.000000,1424890704.000000,252489728.000000,237727744.000000,1630183424.000000,0.000000,0.000000,0.000700,0.000000,0.000000,0.000000,0.012700,0.000000,0.012800,0.000000,0.000000,0.000000,0.005200,0.002000,0.003000,0.006700,0.000000
396,1.575305,3.412195,3.367400,3.238100,1176.000000,931935604.000000,1424890704.000000,252489728.000000,237727744.000000,1630183424.000000,0.000000,0.000000,0.000700,0.000000,0.000000,0.000000,0.009500,0.000000,0.011500,0.000000,0.000000,0.000000,0.004400,0.001500,0.002300,0.006200,0.000000
397,1.578081,2.819501,2.861400,2.700600,1176.000000,931923508.000000,1424890704.000000,252489728.000000,237727744.000000,1630183424.000000,0.000000,0.000000,0.000700,0.000000,0.000000,0.000000,0.012400,0.000000,0.014200,0.000000,0.000000,0.000000,0.004700,0.002100,0.003000,0.007200,0.000000
398,1.583388,5.265001,5.227000,5.100600,1176.000000,931921316.000000,1424890704.000000,252489728.000000,237727744.000000,1630183424.000000,0.000000,0.000000,2.117900,0.049300,0.019600,1.977800,0.010400,0.030400,0.012000,0.000500,0.000300,0.000800,0.004300,0.002800,0.002600,0.008100,0.000000
399,1.586599,3.235799,3.253800,3.100900,1176.000000,931925452.000000,1424890704.000000,252489728.000000,237731840.000000,1630183424.000000,0.000000,0.000000,0.000700,0.000000,0.000000,0.000000,0.013200,0.000000,0.012200,0.000000,0.000000,0.000000,0.004900,0.002100,0.003000,0.007400,0.000000
400,1.589857,3.238003,3.225400,3.090200,1176.000000,931925916.000000,1424890704.000000,252489728.000000,237731840.000000,1630183424.000000,0.000000,0.000000,0.001000,0.000000,0.000000,0.000000,0.011800,0.000000,0.012800,0.000000,0.000000,0.000000,0.004500,0.001700,0.002700,0.006400,0.000000
401,1.592741,2.917099,2.931000,2.791300,1176.000000,931930020.000000,1424890704.000000,252489728.000000,237735936.000000,1630183424.000000,0.000000,0.000000,0.000800,0.000000,0.000000,0.000000,0.012800,0.000000,0.014400,0.000000,0.000000,0.000000,0.004900,0.002200,0.003200,0.007300,0.000000
402,1.596041,3.264796,3.248200,3.120500,1176.000000,931929212.000000,1424890704.000000,252489728.000000,237735936.000000,1630183424.000000,0.000000,0.000000,0.000800,0.000000,0.000000,0.000000,0.010700,0.000000,0.013100,0.000000,0.000000,0.000000,0.004300,0.001700,0.002800,0.005900,0.000000
403,1.601486,5.464505,5.465700,5.328600,1176.000000,931929220.000000,1424890704.000000,252489728.000000,237735936.000000,1630183424.000000,0.000000,0.000000,2.204800,0.050100,0.020100,2.071400,0.011200,0.022100,0.012100,0.000600,0.000300,0.000700,0.004600,0.002400,0.002000,0.007300,0.000000
404,1.604556,3.070295,3.069200,2.936000,1176.000000,931933764.000000,1424890704.000000,252489728.000000,237740032.000000,1630183424.000000,0.000000,0.000000,0.000600,0.000000,0.000000,0.000000,0.011700,0.000000,0.011100,0.000000,0.000000,0.000000,0.004600,0.001800,0.002500,0.007200,0.000000
405,1.607333,2.821301,2.828900,2.706100,1176.000000,931934212.000000,1424890704.000000,252489728.000000,237740032.000000,1630183424.000000,0.000000,0.000000,0.000600,0.000000,0.000000,0.000000,0.011400,0.000000,0.011300,0.000000,0.000000,0.000000,0.004700,0.001800,0.002900,0.007100,0.000000
406,1.610644,3.255903,3.228100,3.104700,1176.000000,931933388.000000,1424890704.000000,252489728.000000,237740032.000000,1630183424.000000,0.000000,0.000000,0.000700,0.000000,0.000000,0.000000,0.009600,0.000000,0.011100,0.000000,0.000000,0.000000,0.004000,0.001800,0.002600,0.007000,0.000000
407,1.616335,5.660098,5.650700,5.513800,1176.000000,931933412.000000,1424890704.000000,252489728.000000,237740032.000000,1630183424.000000,0.000000,0.000000,2.218100,0.048800,0.021800,2.085200,0.012300,0.022200,0.012400,0.000600,0.000300,0.000600,0.004900,0.003000,0.003000,0.007500,0.000000
408,1.619542,3.232497,3.237700,3.089300,1176.000000,931933860.000000,1424890704.000000,252489728.000000,237740032.000000,1630183424.000000,0.000000,0.000000,0.000700,0.000000,0.000000,0.000000,0.013800,0.000000,0.012500,0.000000,0.000000,0.000000,0.004900,0.001900,0.002900,0.007300,0.000000
409,1.622370,2.880506,2.898200,2.761200,1176.000000,931933484.000000,1424890704.000000,252489728.000000,237740032.000000,1630183424.000000,0.000000,0.000000,0.000600,0.000000,0.000000,0.000000,0.011800,0.000000,0.011900,0.000000,0.000000,0.000000,0.004900,0.002400,0.002700,0.007300,0.000000
410,1.625696,3.301098,3.259200,3.134200,1176.000000,931937580.000000,1424890704.000000,252489728.000000,237744128.000000,1630183424.000000,0.000000,0.000000,0.000500,0.000000,0.000000,0.000000,0.009600,0.000000,0.011800,0.000000,0.000000,0.000000,0.004500,0.001800,0.002100,0.005700,0.000000
411,1.628811,3.107398,3.129200,2.971900,1176.000000,931937604.000000,1424890704.000000,252489728.000000,237744128.000000,1630183424.000000,0.000000,0.000000,0.000600,0.000000,0.000000,0.000000,0.011500,0.000000,0.012600,0.000000,0.000000,0.000000,0.004600,0.001800,0.002700,0.021800,0.000000
412,1.634342,5.456002,5.325400,5.185900,1176.000000,931952468.000000,1424890704.000000,252489728.000000,237744128.000000,1630183424.000000,0.000000,0.000000,2.127200,0.047900,0.020500,1.997700,0.010700,0.023300,0.013000,0.000600,0.000200,0.000500,0.004300,0.002400,0.002700,0.006700,0.000000
413,1.637396,3.148597,3.288600,3.045700,1228.000000,931940372.000000,1424890704.000000,252489728.000000,237744128.000000,1630183424.000000,0.000000,0.000000,0.000600,0.000000,0.000000,0.000000,0.014500,0.000000,0.014900,0.000000,0.000000,0.000000,0.006700,0.001900,0.003500,0.008700,0.000000
414,1.640614,3.144700,3.129500,3.009300,1176.000000,931937756.000000,1424890704.000000,252489728.000000,237744128.000000,1630183424.000000,0.000000,0.000000,0.000600,0.000000,0.000000,0.000000,0.009700,0.000000,0.013000,0.000000,0.000000,0.000000,0.004300,0.001600,0.002700,0.005200,0.000000
415,1.643556,3.003401,3.003900,2.872800,1176.000000,931941892.000000,1424890704.000000,252489728.000000,237748224.000000,1630183424.000000,0.000000,0.000000,0.000700,0.000000,0.000000,0.000000,0.011000,0.000000,0.012100,0.000000,0.000000,0.000000,0.005200,0.001700,0.002700,0.007200,0.000000
416,1.648852,5.266504,5.246100,5.114200,1176.000000,931941932.000000,1424890704.000000,252489728.000000,237748224.000000,1630183424.000000,0.000000,0.000000,2.083900,0.048200,0.019900,1.955400,0.011600,0.021600,0.011200,0.000500,0.000300,0.000700,0.004700,0.002600,0.002700,0.006700,0.000000
417,1.651797,2.993495,3.014600,2.874200,1176.000000,931941516.000000,1424890704.000000,252489728.000000,237748224.000000,1630183424.000000,0.000000,0.000000,0.000700,0.000000,0.000000,0.000000,0.013100,0.000000,0.012600,0.000000,0.000000,0.000000,0.004700,0.002400,0.002600,0.007400,0.000000
418,1.654875,3.033305,3.018300,2.899800,1176.000000,931941556.000000,1424890704.000000,252489728.000000,237748224.000000,1630183424.000000,0.000000,0.000000,0.000700,0.000000,0.000000,0.000000,0.010200,0.000000,0.011600,0.000000,0.000000,0.000000,0.004900,0.001700,0.002400,0.006800,0.000000
419,1.657787,2.942900,2.952700,2.824600,1176.000000,931941564.000000,1424890704.000000,252489728.000000,237748224.000000,1630183424.000000,0.000000,0.000000,0.000900,0.000000,0.000000,0.000000,0.012000,0.000000,0.012500,0.000000,0.000000,0.000000,0.005200,0.002000,0.002500,0.006800,0.000000
420,1.661159,3.349901,3.322700,3.201500,1176.000000,931942012.000000,1424890704.000000,252489728.000000,237748224.000000,1630183424.000000,0.000000,0.000000,0.000600,0.000000,0.000000,0.000000,0.010300,0.000000,0.012500,0.000000,0.000000,0.000000,0.004900,0.002100,0.002300,0.006600,0.000000
421,1.666584,5.421797,5.362800,5.219600,1176.000000,931946980.000000,1424890704.000000,252489728.000000,237752320.000000,1630183424.000000,0.000000,0.000000,2.133300,0.054600,0.019700,1.996300,0.011600,0.028600,0.011900,0.000500,0.000300,0.000500,0.005100,0.002700,0.002800,0.007400,0.000000
422,1.669587,3.017701,3.082900,2.886100,1176.000000,931946156.000000,1424890704.000000,252489728.000000,237752320.000000,1630183424.000000,0.000000,0.000000,0.000600,0.000000,0.000000,0.000000,0.012300,0.000000,0.012300,0.000000,0.000000,0.000000,0.005100,0.001800,0.003000,0.006900,0.000000
423,1.672425,2.865901,2.875600,2.750500,1176.000000,931946604.000000,1424890704.000000,252489728.000000,237752320.000000,1630183424.000000,0.000000,0.000000,0.000700,0.000000,0.000000,0.000000,0.011600,0.000000,0.014300,0.000000,0.000000,0.000000,0.004500,0.002300,0.002800,0.007900,0.000000
424,1.675573,3.103500,3.085900,2.968000,1176.000000,931946628.000000,1424890704.000000,252489728.000000,237752320.000000,1630183424.000000,0.000000,0.000000,0.000600,0.000000,0.000000,0.000000,0.009200,0.000000,0.013300,0.000000,0.000000,0.000000,0.004100,0.001600,0.002700,0.006200,0.000000
425,1.678484,2.907200,2.867700,2.733900,1176.000000,931945828.000000,1424890704.000000,252489728.000000,237752320.000000,1630183424.000000,0.000000,0.000000,0.000700,0.000000,0.000000,0.000000,0.011500,0.000000,0.011900,0.000000,0.000000,0.000000,0.004600,0.001700,0.002800,0.007100,0.000000
426,1.683838,5.364696,5.375900,5.205600,1176.000000,931945828.000000,1424890704.000000,252489728.000000,237752320.000000,1630183424.000000,0.000000,0.000000,2.115500,0.063000,0.022100,1.963100,0.014700,0.024100,0.011800,0.000900,0.000400,0.000300,0.004700,0.002300,0.003700,0.006500,0.000000
427,1.686844,3.038003,3.067000,2.919100,1176.000000,931949948.000000,1424890704.000000,252489728.000000,237756416.000000,1630183424.000000,0.000000,0.000000,0.000600,0.000000,0.000000,0.000000,0.011700,0.000000,0.012400,0.000000,0.000000,0.000000,0.005000,0.002100,0.002800,0.006700,0.000000
428,1.689939,3.067694,3.052400,2.930900,1176.000000,931964332.000000,1424890704.000000,252489728.000000,237756416.000000,1630183424.000000,0.000000,0.000000,0.000700,0.000000,0.000000,0.000000,0.009700,0.000000,0.012000,0.000000,0.000000,0.000000,0.004100,0.001600,0.002900,0.005600,0.000000
429,1.692779,2.859205,2.868600,2.741000,1176.000000,931952236.000000,1424890704.000000,252489728.000000,237756416.000000,1630183424.000000,0.000000,0.000000,0.000700,0.000000,0.000000,0.000000,0.011800,0.000000,0.013700,0.000000,0.000000,0.000000,0.004200,0.002100,0.002700,0.007200,0.000000
430,1.696079,3.212897,3.087700,2.928900,1176.000000,931949620.000000,1424890704.000000,252489728.000000,237756416.000000,1630183424.000000,0.000000,0.000000,0.000700,0.000000,0.000000,0.000000,0.010300,0.000000,0.012300,0.000000,0.000000,0.000000,0.004600,0.002000,0.002700,0.007300,0.000000
431,1.703257,7.226701,7.316900,7.082300,1176.000000,931949660.000000,1424890704.000000,252489728.000000,237756416.000000,1630183424.000000,0.000000,0.000000,3.960700,0.064800,0.023000,3.795100,0.014000,0.030500,0.011700,0.000800,0.000400,0.000700,0.006500,0.002700,0.003700,0.007900,0.000000
432,1.706154,2.942297,2.951300,2.813100,1176.000000,931954220.000000,1424890704.000000,252489728.000000,237760512.000000,1630183424.000000,0.000000,0.000000,0.000700,0.000000,0.000000,0.000000,0.013000,0.000000,0.012500,0.000000,0.000000,0.000000,0.005000,0.001900,0.003200,0.006800,0.000000
433,1.709186,3.010806,3.010200,2.879900,1176.000000,931953804.000000,1424890704.000000,252489728.000000,237760512.000000,1630183424.000000,0.000000,0.000000,0.000400,0.000000,0.000000,0.000000,0.010200,0.000000,0.011300,0.000000,0.000000,0.000000,0.003800,0.001600,0.006300,0.005500,0.000000
434,1.712126,2.978493,2.992700,2.869500,1176.000000,931953844.000000,1424890704.000000,252489728.000000,237760512.000000,1630183424.000000,0.000000,0.000000,0.000600,0.000000,0.000000,0.000000,0.011100,0.000000,0.012100,0.000000,0.000000,0.000000,0.004600,0.002000,0.002900,0.007300,0.000000
435,1.717656,5.463102,5.430700,5.317900,1176.000000,931954276.000000,1424890704.000000,252489728.000000,237760512.000000,1630183424.000000,0.000000,0.000000,2.596800,0.048100,0.018300,2.456200,0.009400,0.034700,0.011700,0.000500,0.000300,0.000700,0.003900,0.002700,0.002700,0.007500,0.000000
436,1.720749,3.114704,3.118800,2.980000,1176.000000,931954724.000000,1424890704.000000,252489728.000000,237760512.000000,1630183424.000000,0.000000,0.000000,0.000600,0.000000,0.000000,0.000000,0.010600,0.000000,0.010600,0.000000,0.000000,0.000000,0.004400,0.001900,0.002800,0.006200,0.000000
437,1.723768,3.026594,3.028100,2.898800,1176.000000,931955172.000000,1424890704.000000,252489728.000000,237760512.000000,1630183424.000000,0.000000,0.000000,0.000600,0.000000,0.000000,0.000000,0.011300,0.000000,0.011500,0.000000,0.000000,0.000000,0.004500,0.001700,0.002800,0.006700,0.000000
438,1.726749,3.011905,3.008300,2.884400,1176.000000,931958444.000000,1424890704.000000,252489728.000000,237764608.000000,1630183424.000000,0.000000,0.000000,0.000700,0.000000,0.000000,0.000000,0.010200,0.000000,0.011600,0.000000,0.000000,0.000000,0.005000,0.002000,0.002600,0.007600,0.000000
439,1.731922,5.146301,5.113400,4.981300,1176.000000,931958044.000000,1424890704.000000,252489728.000000,237764608.000000,1630183424.000000,0.000000,0.000000,2.107500,0.045100,0.018800,1.979600,0.009600,0.026000,0.011800,0.000500,0.000300,0.000900,0.004200,0.002500,0.002100,0.008300,0.000000
440,1.734986,3.039201,3.062600,2.907300,1176.000000,931958492.000000,1424890704.000000,252489728.000000,237764608.000000,1630183424.000000,0.000000,0.000000,0.000600,0.000000,0.000000,0.000000,0.011900,0.000000,0.011700,0.000000,0.000000,0.000000,0.004000,0.001600,0.002800,0.006300,0.000000
441,1.737734,2.786394,2.797000,2.669500,1176.000000,931958116.000000,1424890704.000000,252489728.000000,237764608.000000,1630183424.000000,0.000000,0.000000,0.000700,0.000000,0.000000,0.000000,0.011300,0.000000,0.011900,0.000000,0.000000,0.000000,0.004500,0.002100,0.002700,0.007800,0.000000
442,1.740921,3.166900,3.149800,3.030900,1176.000000,931958116.000000,1424890704.000000,252489728.000000,237764608.000000,1630183424.000000,0.000000,0.000000,0.000600,0.000000,0.000000,0.000000,0.010300,0.000000,0.011900,0.000000,0.000000,0.000000,0.003600,0.001900,0.002600,0.006100,0.000000
443,1.744146,3.163903,3.126600,2.989900,1176.000000,931962236.000000,1424890704.000000,252489728.000000,237768704.000000,1630183424.000000,0.000000,0.000000,0.000600,0.000000,0.000000,0.000000,0.011400,0.000000,0.012700,0.000000,0.000000,0.000000,0.004000,0.001700,0.002500,0.006400,0.000000
444,1.749863,5.717800,5.711900,5.541100,1176.000000,931976620.000000,1424890704.000000,252489728.000000,237768704.000000,1630183424.000000,0.000000,0.000000,2.138500,0.058000,0.024400,1.978700,0.015000,0.029100,0.012600,0.000600,0.000300,0.001000,0.006500,0.002700,0.003300,0.007900,0.000000
445,1.753165,3.320798,3.307300,3.139200,1176.000000,931965076.000000,1424890704.000000,252489728.000000,237768704.000000,1630183424.000000,0.000000,0.000000,0.001200,0.000000,0.000000,0.000000,0.016300,0.000000,0.017300,0.000000,0.000000,0.000000,0.005900,0.002400,0.004000,0.008900,0.000000
446,1.756538,3.368601,3.391300,3.213200,1176.000000,931962036.000000,1424890704.000000,252489728.000000,237768704.000000,1630183424.000000,0.000000,0.000000,0.000900,0.000000,0.000000,0.000000,0.013100,0.000000,0.014800,0.000000,0.000000,0.000000,0.004800,0.002300,0.003400,0.008100,0.000000
447,1.760183,3.562599,3.517300,3.349600,1176.000000,931962076.000000,1424890704.000000,252489728.000000,237768704.000000,1630183424.000000,0.000000,0.000000,0.001000,0.000000,0.000000,0.000000,0.012200,0.000000,0.013300,0.000000,0.000000,0.000000,0.005400,0.002100,0.003500,0.008200,0.000000
448,1.766147,6.061097,6.052500,5.734100,1176.000000,931967012.000000,1424890704.000000,252489728.000000,237768704.000000,1630183424.000000,0.000000,0.000000,2.316300,0.072700,0.034800,2.115200,0.020300,0.035100,0.012900,0.000900,0.000400,0.000900,0.008000,0.002800,0.004000,0.008800,0.000000
449,1.769237,3.105903,3.158000,3.006400,1176.000000,931970692.000000,1424890704.000000,252489728.000000,237772800.000000,1630183424.000000,0.000000,0.000000,0.000600,0.000000,0.000000,0.000000,0.013700,0.000000,0.012500,0.000000,0.000000,0.000000,0.004900,0.001700,0.003400,0.007600,0.000000
450,1.772349,3.132001,3.140600,3.003700,1176.000000,931970732.000000,1424890704.000000,252489728.000000,237772800.000000,1630183424.000000,0.000000,0.000000,0.000700,0.000000,0.000000,0.000000,0.011200,0.000000,0.012100,0.000000,0.000000,0.000000,0.005200,0.002300,0.003200,0.007000,0.000000
451,1.775598,3.205301,3.187400,3.056600,1176.000000,931970740.000000,1424890704.000000,252489728.000000,237772800.000000,1630183424.000000,0.000000,0.000000,0.000800,0.000000,0.000000,0.000000,0.010400,0.000000,0.012400,0.000000,0.000000,0.000000,0.004900,0.002200,0.002700,0.005700,0.000000
452,1.778906,3.320599,3.287300,3.143400,1176.000000,931966716.000000,1424890704.000000,252489728.000000,237772800.000000,1630183424.000000,0.000000,0.000000,0.000600,0.000000,0.000000,0.000000,0.012600,0.000000,0.013400,0.000000,0.000000,0.000000,0.005200,0.002200,0.003100,0.007500,0.000000
453,1.784307,5.418899,5.413900,5.244100,1176.000000,931967164.000000,1424890704.000000,252489728.000000,237772800.000000,1630183424.000000,0.000000,0.000000,2.079800,0.050300,0.021300,1.946600,0.014100,0.021200,0.011800,0.000500,0.000300,0.000800,0.004900,0.002600,0.003100,0.007600,0.000000
454,1.787040,2.778897,2.830200,2.663500,1176.000000,931966340.000000,1424890704.000000,252489728.000000,237772800.000000,1630183424.000000,0.000000,0.000000,0.000600,0.000000,0.000000,0.000000,0.012800,0.000000,0.012300,0.000000,0.000000,0.000000,0.004200,0.002300,0.002600,0.007900,0.000000
455,1.790275,3.191504,3.163800,3.039100,1176.000000,931970460.000000,1424890704.000000,252489728.000000,237776896.000000,1630183424.000000,0.000000,0.000000,0.000600,0.000000,0.000000,0.000000,0.009500,0.000000,0.011000,0.000000,0.000000,0.000000,0.003600,0.001600,0.002300,0.006300,0.000000
456,1.793057,2.799298,2.816700,2.676700,1176.000000,931970908.000000,1424890704.000000,252489728.000000,237776896.000000,1630183424.000000,0.000000,0.000000,0.000600,0.000000,0.000000,0.000000,0.012300,0.000000,0.012300,0.000000,0.000000,0.000000,0.004500,0.002000,0.003500,0.008400,0.000000
457,1.796013,2.954301,2.949500,2.829700,1176.000000,931970932.000000,1424890704.000000,252489728.000000,237776896.000000,1630183424.000000,0.000000,0.000000,0.000600,0.000000,0.000000,0.000000,0.010900,0.000000,0.013200,0.000000,0.000000,0.000000,0.004100,0.002100,0.002800,0.007400,0.000000
458,1.801263,5.250900,5.243500,5.117500,1176.000000,931970532.000000,1424890704.000000,252489728.000000,237776896.000000,1630183424.000000,0.000000,0.000000,2.054600,0.042500,0.017800,1.935600,0.009700,0.022100,0.011100,0.000500,0.000300,0.000600,0.004000,0.002400,0.002700,0.006400,0.000000
459,1.804290,3.023696,3.018500,2.891900,1176.000000,931970556.000000,1424890704.000000,252489728.000000,237776896.000000,1630183424.000000,0.000000,0.000000,0.000600,0.000000,0.000000,0.000000,0.010800,0.000000,0.011300,0.000000,0.000000,0.000000,0.004200,0.001700,0.002800,0.007100,0.000000
460,1.807482,3.163102,3.145900,3.015800,1176.000000,931989036.000000,1424890704.000000,252489728.000000,237780992.000000,1630183424.000000,0.000000,0.000000,0.000600,0.000000,0.000000,0.000000,0.010900,0.000000,0.011500,0.000000,0.000000,0.000000,0.003900,0.002100,0.002700,0.007400,0.000000
461,1.810700,3.211600,3.205700,3.059500,1176.000000,931976940.000000,1424890704.000000,252489728.000000,237780992.000000,1630183424.000000,0.000000,0.000000,0.000500,0.000000,0.000000,0.000000,0.011500,0.000000,0.013300,0.000000,0.000000,0.000000,0.005100,0.002300,0.003400,0.007400,0.000000
462,1.816232,5.517099,5.510300,5.360400,1176.000000,931974324.000000,1424890704.000000,252489728.000000,237780992.000000,1630183424.000000,0.000000,0.000000,2.107400,0.049100,0.018100,1.974700,0.012000,0.025900,0.013100,0.000500,0.000300,0.001100,0.005200,0.002700,0.003100,0.009800,0.000000
463,1.819364,3.161104,3.160600,3.010900,1176.000000,931974364.000000,1424890704.000000,252489728.000000,237780992.000000,1630183424.000000,0.000000,0.000000,0.000600,0.000000,0.000000,0.000000,0.013400,0.000000,0.012400,0.000000,0.000000,0.000000,0.004700,0.002100,0.002300,0.007400,0.000000
464,1.822683,3.260197,3.242600,3.088700,1176.000000,931974828.000000,1424890704.000000,252489728.000000,237780992.000000,1630183424.000000,0.000000,0.000000,0.000600,0.000000,0.000000,0.000000,0.011600,0.000000,0.012700,0.000000,0.000000,0.000000,0.004800,0.002100,0.002800,0.008100,0.000000
465,1.825762,3.152799,3.174600,3.018800,1176.000000,931974412.000000,1424890704.000000,252489728.000000,237780992.000000,1630183424.000000,0.000000,0.000000,0.001000,0.000000,0.000000,0.000000,0.015600,0.000000,0.013500,0.000000,0.000000,0.000000,0.005900,0.002800,0.003100,0.008400,0.000000
466,1.829249,3.457200,3.442900,3.303700,1176.000000,931978548.000000,1424890704.000000,252489728.000000,237785088.000000,1630183424.000000,0.000000,0.000000,0.000600,0.000000,0.000000,0.000000,0.010900,0.000000,0.012400,0.000000,0.000000,0.000000,0.004500,0.002000,0.002600,0.008100,0.000000
467,1.836043,6.682703,6.594100,6.431200,1176.000000,931978980.000000,1424890704.000000,252489728.000000,237785088.000000,1630183424.000000,0.000000,0.000000,2.906100,0.053200,0.021100,2.762100,0.012600,0.029100,0.014900,0.000500,0.000300,0.000800,0.005100,0.002600,0.003200,0.007200,0.000000
468,1.839455,3.528897,3.606100,3.380800,1228.000000,931979004.000000,1424890704.000000,252489728.000000,237785088.000000,1630183424.000000,0.000000,0.000000,0.000900,0.000000,0.000000,0.000000,0.019700,0.000000,0.015300,0.000000,0.000000,0.000000,0.006900,0.003200,0.003500,0.011100,0.000000
469,1.842762,3.272003,3.252700,3.101000,1176.000000,931979452.000000,1424890704.000000,252489728.000000,237785088.000000,1630183424.000000,0.000000,0.000000,0.000900,0.000000,0.000000,0.000000,0.012300,0.000000,0.013300,0.000000,0.000000,0.000000,0.004700,0.002400,0.003600,0.008100,0.000000
470,1.846288,3.550397,3.558000,3.394100,1176.000000,931978628.000000,1424890704.000000,252489728.000000,237785088.000000,1630183424.000000,0.000000,0.000000,0.000800,0.000000,0.000000,0.000000,0.013800,0.000000,0.012600,0.000000,0.000000,0.000000,0.005600,0.003200,0.003500,0.007900,0.000000
471,1.852253,5.908702,5.880300,5.713400,1176.000000,931983172.000000,1424890704.000000,252489728.000000,237789184.000000,1630183424.000000,0.000000,0.000000,2.280800,0.050500,0.021100,2.129600,0.013500,0.034900,0.012600,0.000700,0.000200,0.001000,0.005500,0.002900,0.003700,0.010200,0.000000
472,1.855883,3.647399,3.660100,3.480900,1176.000000,931983620.000000,1424890704.000000,252489728.000000,237789184.000000,1630183424.000000,0.000000,0.000000,0.000900,0.000000,0.000000,0.000000,0.017800,0.000000,0.015400,0.000000,0.000000,0.000000,0.006600,0.003100,0.003600,0.009900,0.000000
473,1.859339,3.431803,3.430900,3.268600,1176.000000,931983220.000000,1424890704.000000,252489728.000000,237789184.000000,1630183424.000000,0.000000,0.000000,0.000900,0.000000,0.000000,0.000000,0.014200,0.000000,0.013900,0.000000,0.000000,0.000000,0.005500,0.002200,0.003700,0.008300,0.000000
474,1.862936,3.587599,3.559500,3.386900,1176.000000,931983244.000000,1424890704.000000,252489728.000000,237789184.000000,1630183424.000000,0.000000,0.000000,0.000800,0.000000,0.000000,0.000000,0.064900,0.000000,0.015000,0.000000,0.000000,0.000000,0.007800,0.002200,0.003600,0.009700,0.000000
475,1.868568,5.702197,5.721200,5.537400,1176.000000,931982844.000000,1424890704.000000,252489728.000000,237789184.000000,1630183424.000000,0.000000,0.000000,2.205700,0.045600,0.023400,2.061700,0.015900,0.025800,0.012400,0.000500,0.000400,0.000600,0.006900,0.002900,0.003600,0.008200,0.000000
476,1.872188,3.569806,3.542700,3.376700,1176.000000,931997228.000000,1424890704.000000,252489728.000000,237789184.000000,1630183424.000000,0.000000,0.000000,0.000800,0.000000,0.000000,0.000000,0.015100,0.000000,0.013400,0.000000,0.000000,0.000000,0.005000,0.002600,0.003500,0.011100,0.000000
477,1.875507,3.355400,3.376200,3.199400,1176.000000,931989228.000000,1424890704.000000,252489728.000000,237793280.000000,1630183424.000000,0.000000,0.000000,0.000600,0.000000,0.000000,0.000000,0.016800,0.000000,0.016100,0.000000,0.000000,0.000000,0.007000,0.002900,0.002900,0.008700,0.000000
478,1.878848,3.340200,3.341400,3.183500,1176.000000,931986612.000000,1424890704.000000,252489728.000000,237793280.000000,1630183424.000000,0.000000,0.000000,0.000800,0.000000,0.000000,0.000000,0.012900,0.000000,0.161800,0.000000,0.000000,0.000000,0.005100,0.002300,0.003900,0.009300,0.000000
479,1.884891,6.045996,6.026400,5.865100,1176.000000,931987076.000000,1424890704.000000,252489728.000000,237793280.000000,1630183424.000000,0.000000,0.000000,2.287300,0.052400,0.022300,2.135500,0.014900,0.032200,0.012100,0.000700,0.000300,0.000600,0.005400,0.002600,0.003600,0.009000,0.000000
480,1.887997,3.134099,3.133900,2.968100,1176.000000,931987540.000000,1424890704.000000,252489728.000000,237793280.000000,1630183424.000000,0.000000,0.000000,0.000900,0.000000,0.000000,0.000000,0.015900,0.000000,0.014100,0.000000,0.000000,0.000000,0.005400,0.002300,0.004500,0.008900,0.000000
481,1.891668,3.660601,3.617500,3.453500,1176.000000,931987124.000000,1424890704.000000,252489728.000000,237793280.000000,1630183424.000000,0.000000,0.000000,0.000500,0.000000,0.000000,0.000000,0.012800,0.000000,0.012000,0.000000,0.000000,0.000000,0.004300,0.002500,0.002600,0.007300,0.000000
482,1.894870,3.199001,3.250900,3.050500,1176.000000,931987164.000000,1424890704.000000,252489728.000000,237793280.000000,1630183424.000000,0.000000,0.000000,0.000700,0.000000,0.000000,0.000000,0.012200,0.000000,0.012300,0.000000,0.000000,0.000000,0.005300,0.002000,0.003200,0.007500,0.000000
483,1.900527,5.669600,5.671500,5.523700,1176.000000,931990844.000000,1424890704.000000,252489728.000000,237797376.000000,1630183424.000000,0.000000,0.000000,2.291600,0.049200,0.020600,2.149000,0.011100,0.028300,0.026400,0.000500,0.000300,0.000900,0.004500,0.002800,0.002200,0.007900,0.000000
484,1.903651,3.125801,3.119000,2.976600,1176.000000,931991292.000000,1424890704.000000,252489728.000000,237797376.000000,1630183424.000000,0.000000,0.000000,0.000600,0.000000,0.000000,0.000000,0.012500,0.000000,0.012300,0.000000,0.000000,0.000000,0.005300,0.002100,0.002600,0.007200,0.000000
485,1.906600,2.987698,2.997600,2.857900,1176.000000,931991740.000000,1424890704.000000,252489728.000000,237797376.000000,1630183424.000000,0.000000,0.000000,0.000700,0.000000,0.000000,0.000000,0.012100,0.000000,0.011600,0.000000,0.000000,0.000000,0.004800,0.002100,0.003100,0.006800,0.000000
486,1.909875,3.205400,3.178900,3.039900,1176.000000,931995012.000000,1424890704.000000,252489728.000000,237801472.000000,1630183424.000000,0.000000,0.000000,0.000600,0.000000,0.000000,0.000000,0.009700,0.000000,0.010800,0.000000,0.000000,0.000000,0.004100,0.001800,0.002700,0.005200,0.000000
487,1.912772,2.955903,2.985300,2.839300,1176.000000,931995036.000000,1424890704.000000,252489728.000000,237801472.000000,1630183424.000000,0.000000,0.000000,0.000900,0.000000,0.000000,0.000000,0.014000,0.000000,0.012900,0.000000,0.000000,0.000000,0.005800,0.002800,0.003200,0.008100,0.000000
488,1.918538,5.694402,5.652600,5.523900,1176.000000,931999580.000000,1424890704.000000,252489728.000000,237805568.000000,1630183424.000000,0.000000,0.000000,2.526600,0.050700,0.020000,2.381200,0.009500,0.034000,0.013100,0.000600,0.000500,0.000900,0.004100,0.003000,0.002900,0.008200,0.000000
489,1.921559,3.094997,3.119900,2.965100,1176.000000,931999628.000000,1424890704.000000,252489728.000000,237805568.000000,1630183424.000000,0.000000,0.000000,0.000600,0.000000,0.000000,0.000000,0.014200,0.000000,0.014800,0.000000,0.000000,0.000000,0.004700,0.002200,0.003300,0.007100,0.000000
490,1.924590,3.026403,3.024400,2.894100,1176.000000,931999204.000000,1424890704.000000,252489728.000000,237805568.000000,1630183424.000000,0.000000,0.000000,0.000700,0.000000,0.000000,0.000000,0.010800,0.000000,0.013900,0.000000,0.000000,0.000000,0.003900,0.001500,0.002700,0.006700,0.000000
491,1.927380,2.817297,2.827600,2.703400,1176.000000,931999228.000000,1424890704.000000,252489728.000000,237805568.000000,1630183424.000000,0.000000,0.000000,0.000700,0.000000,0.000000,0.000000,0.011200,0.000000,0.012200,0.000000,0.000000,0.000000,0.003900,0.001900,0.002100,0.007300,0.000000
492,1.932573,5.126297,5.091800,4.973500,1176.000000,932014036.000000,1424890704.000000,252489728.000000,237805568.000000,1630183424.000000,0.000000,0.000000,2.124600,0.054500,0.020900,1.977900,0.009000,0.025600,0.011900,0.000700,0.000300,0.000700,0.003800,0.002600,0.002700,0.008500,0.000000
493,1.935709,3.158999,3.166200,3.026200,1176.000000,932001940.000000,1424890704.000000,252489728.000000,237805568.000000,1630183424.000000,0.000000,0.000000,0.000700,0.000000,0.000000,0.000000,0.012500,0.000000,0.014000,0.000000,0.000000,0.000000,0.004900,0.003200,0.003200,0.007500,0.000000
494,1.938912,3.207100,3.181100,3.043700,1176.000000,932003420.000000,1424890704.000000,252489728.000000,237809664.000000,1630183424.000000,0.000000,0.000000,0.000600,0.000000,0.000000,0.000000,0.009900,0.000000,0.012100,0.000000,0.000000,0.000000,0.004600,0.002000,0.002800,0.007600,0.000000
495,1.942164,3.235105,3.242800,3.076300,1176.000000,932003460.000000,1424890704.000000,252489728.000000,237809664.000000,1630183424.000000,0.000000,0.000000,0.000700,0.000000,0.000000,0.000000,0.011800,0.000000,0.011900,0.000000,0.000000,0.000000,0.004500,0.002300,0.003200,0.007000,0.000000
496,1.945569,3.412096,3.413500,3.266500,1176.000000,932003500.000000,1424890704.000000,252489728.000000,237809664.000000,1630183424.000000,0.000000,0.000000,0.000600,0.000000,0.000000,0.000000,0.012200,0.000000,0.103300,0.000000,0.000000,0.000000,0.004900,0.002200,0.003500,0.007000,0.000000
497,1.951647,6.074001,6.068000,5.921000,1176.000000,932003084.000000,1424890704.000000,252489728.000000,237809664.000000,1630183424.000000,0.000000,0.000000,2.633700,0.050500,0.020900,2.487200,0.012100,0.032200,0.282400,0.000600,0.000400,0.000900,0.004600,0.002800,0.002800,0.009300,0.000000
498,1.954808,3.136501,3.140100,2.995400,1176.000000,932003124.000000,1424890704.000000,252489728.000000,237809664.000000,1630183424.000000,0.000000,0.000000,0.000700,0.000000,0.000000,0.000000,0.012500,0.000000,0.012200,0.000000,0.000000,0.000000,0.005200,0.001900,0.002900,0.007400,0.000000
499,1.957686,2.942602,2.949500,2.815600,1176.000000,932007228.000000,1424890704.000000,252489728.000000,237813760.000000,1630183424.000000,0.000000,0.000000,0.000700,0.000000,0.000000,0.000000,0.012600,0.000000,0.012700,0.000000,0.000000,0.000000,0.005100,0.002200,0.003000,0.007300,0.000000
500,1.960959,3.218998,3.203700,3.071700,1176.000000,932007676.000000,1424890704.000000,252489728.000000,237813760.000000,1630183424.000000,0.000000,0.000000,0.000700,0.000000,0.000000,0.000000,0.010000,0.000000,0.011600,0.000000,0.000000,0.000000,0.004100,0.001700,0.002600,0.006300,0.000000
501,1.966858,5.914803,5.913600,5.771500,1176.000000,932008548.000000,1424890704.000000,252489728.000000,237813760.000000,1630183424.000000,0.000000,0.000000,2.820400,0.053000,0.020200,2.673500,0.012100,0.029600,0.011000,0.000500,0.000300,0.000900,0.004800,0.002800,0.002900,0.009400,0.000000
502,1.969978,3.132497,3.129400,2.992700,1176.000000,932007724.000000,1424890704.000000,252489728.000000,237813760.000000,1630183424.000000,0.000000,0.000000,0.000600,0.000000,0.000000,0.000000,0.012600,0.000000,0.012300,0.000000,0.000000,0.000000,0.005000,0.001800,0.002900,0.006800,0.000000
503,1.973163,3.191397,3.198300,3.061400,1176.000000,932007748.000000,1424890704.000000,252489728.000000,237813760.000000,1630183424.000000,0.000000,0.000000,0.000600,0.000000,0.000000,0.000000,0.010900,0.000000,0.012300,0.000000,0.000000,0.000000,0.005000,0.002100,0.002500,0.007300,0.000000
504,1.976408,3.240405,3.238700,3.113100,1176.000000,932008196.000000,1424890704.000000,252489728.000000,237813760.000000,1630183424.000000,0.000000,0.000000,0.000600,0.000000,0.000000,0.000000,0.010600,0.000000,0.012100,0.000000,0.000000,0.000000,0.004100,0.002000,0.002400,0.005600,0.000000
505,1.979515,3.103394,3.096900,2.972400,1176.000000,932011468.000000,1424890704.000000,252489728.000000,237817856.000000,1630183424.000000,0.000000,0.000000,0.000600,0.000000,0.000000,0.000000,0.010400,0.000000,0.011500,0.000000,0.000000,0.000000,0.004000,0.001800,0.002600,0.006800,0.000000
506,1.985079,5.557100,5.517000,5.369600,1176.000000,932011492.000000,1424890704.000000,252489728.000000,237817856.000000,1630183424.000000,0.000000,0.000000,2.147200,0.049500,0.020200,2.010000,0.012200,0.028400,0.011800,0.000600,0.000400,0.000600,0.004400,0.002700,0.002700,0.006600,0.000000
507,1.987897,2.851205,2.887500,2.727800,1176.000000,932011516.000000,1424890704.000000,252489728.000000,237817856.000000,1630183424.000000,0.000000,0.000000,0.000600,0.000000,0.000000,0.000000,0.013100,0.000000,0.012800,0.000000,0.000000,0.000000,0.004900,0.002100,0.002900,0.007600,0.000000
508,1.991054,3.155300,3.131000,3.006200,1176.000000,932025900.000000,1424890704.000000,252489728.000000,237817856.000000,1630183424.000000,0.000000,0.000000,0.000600,0.000000,0.000000,0.000000,0.010700,0.000000,0.011800,0.000000,0.000000,0.000000,0.003500,0.002000,0.001800,0.006000,0.000000
509,1.994087,2.985395,2.992800,2.848600,1176.000000,932013804.000000,1424890704.000000,252489728.000000,237817856.000000,1630183424.000000,0.000000,0.000000,0.000800,0.000000,0.000000,0.000000,0.010200,0.000000,0.012400,0.000000,0.000000,0.000000,0.004400,0.001900,0.002800,0.006500,0.000000
510,1.999428,5.354904,5.336100,5.200700,1176.000000,932011188.000000,1424890704.000000,252489728.000000,237817856.000000,1630183424.000000,0.000000,0.000000,2.137200,0.048500,0.020700,2.000700,0.010800,0.027900,0.011600,0.000600,0.000300,0.000600,0.004800,0.002400,0.002900,0.006600,0.000000
511,2.002342,2.953295,2.981400,2.835800,1176.000000,932015748.000000,1424890704.000000,252489728.000000,237821952.000000,1630183424.000000,0.000000,0.000000,0.000600,0.000000,0.000000,0.000000,0.013100,0.000000,0.014100,0.000000,0.000000,0.000000,0.004700,0.002000,0.003100,0.007100,0.000000
512,2.005506,3.136905,3.122600,3.001400,1176.000000,932015788.000000,1424890704.000000,252489728.000000,237821952.000000,1630183424.000000,0.000000,0.000000,0.000600,0.000000,0.000000,0.000000,0.010300,0.000000,0.012400,0.000000,0.000000,0.000000,0.004200,0.001800,0.003100,0.006700,0.000000
513,2.008597,3.034800,2.990400,2.844900,1176.000000,932015372.000000,1424890704.000000,252489728.000000,237821952.000000,1630183424.000000,0.000000,0.000000,0.000700,0.000000,0.000000,0.000000,0.011100,0.000000,0.012700,0.000000,0.000000,0.000000,0.004700,0.002000,0.003000,0.007300,0.000000
514,2.011588,3.073200,3.114200,2.949700,1176.000000,932015412.000000,1424890704.000000,252489728.000000,237821952.000000,1630183424.000000,0.000000,0.000000,0.000600,0.000000,0.000000,0.000000,0.014500,0.000000,0.013400,0.000000,0.000000,0.000000,0.004900,0.002700,0.003800,0.008400,0.000000
515,2.016992,5.353401,5.340300,5.211400,1176.000000,932015420.000000,1424890704.000000,252489728.000000,237821952.000000,1630183424.000000,0.000000,0.000000,2.129700,0.049200,0.018700,1.990200,0.009800,0.030200,0.011600,0.000500,0.000200,0.000800,0.004100,0.002900,0.002700,0.008200,0.000000
516,2.020250,3.288896,3.289400,3.152900,1176.000000,932019964.000000,1424890704.000000,252489728.000000,237826048.000000,1630183424.000000,0.000000,0.000000,0.000700,0.000000,0.000000,0.000000,0.012300,0.000000,0.012100,0.000000,0.000000,0.000000,0.004800,0.001700,0.002800,0.006800,0.000000
517,2.023027,2.795401,2.797800,2.670000,1176.000000,932020412.000000,1424890704.000000,252489728.000000,237826048.000000,1630183424.000000,0.000000,0.000000,0.000600,0.000000,0.000000,0.000000,0.010200,0.000000,0.011000,0.000000,0.000000,0.000000,0.004100,0.001900,0.002400,0.007600,0.000000
518,2.026010,2.978798,2.977300,2.853100,1176.000000,932019588.000000,1424890704.000000,252489728.000000,237826048.000000,1630183424.000000,0.000000,0.000000,0.001000,0.000000,0.000000,0.000000,0.011200,0.000000,0.011200,0.000000,0.000000,0.000000,0.003500,0.002200,0.002700,0.006000,0.000000
519,2.028941,2.922002,2.918800,2.795100,1176.000000,932019612.000000,1424890704.000000,252489728.000000,237826048.000000,1630183424.000000,0.000000,0.000000,0.000800,0.000000,0.000000,0.000000,0.010400,0.000000,0.012300,0.000000,0.000000,0.000000,0.003500,0.001700,0.002800,0.006200,0.000000
520,2.034530,5.491596,5.457600,5.328800,1176.000000,932024532.000000,1424890704.000000,252489728.000000,237826048.000000,1630183424.000000,0.000000,0.000000,2.229600,0.060000,0.023700,2.062900,0.010600,0.041000,0.012400,0.000400,0.000300,0.000800,0.004000,0.002400,0.002900,0.007600,0.000000
521,2.037709,3.247803,3.245100,3.091100,1176.000000,932024132.000000,1424890704.000000,252489728.000000,237826048.000000,1630183424.000000,0.000000,0.000000,0.000800,0.000000,0.000000,0.000000,0.017700,0.000000,0.013800,0.000000,0.000000,0.000000,0.006000,0.002200,0.003500,0.010400,0.000000
522,2.040759,3.060700,3.076100,2.923600,1228.000000,932028252.000000,1424890704.000000,252489728.000000,237830144.000000,1630183424.000000,0.000000,0.000000,0.000700,0.000000,0.000000,0.000000,0.011800,0.000000,0.013200,0.000000,0.000000,0.000000,0.004600,0.002200,0.002700,0.007200,0.000000
523,2.044205,3.426403,3.315000,3.176500,1176.000000,932028700.000000,1424890704.000000,252489728.000000,237830144.000000,1630183424.000000,0.000000,0.000000,0.000800,0.000000,0.000000,0.000000,0.012300,0.000000,0.014100,0.000000,0.000000,0.000000,0.004700,0.001900,0.002700,0.006300,0.000000
524,2.049723,5.512294,5.585900,5.339100,1176.000000,932038188.000000,1424890704.000000,252489728.000000,237830144.000000,1630183424.000000,0.000000,0.000000,2.114600,0.091900,0.021400,1.935600,0.013500,0.024900,0.013600,0.000700,0.000200,0.000900,0.004800,0.002800,0.002800,0.007000,0.000000
525,2.052550,2.861005,2.889300,2.733100,1176.000000,932026172.000000,1424890704.000000,252489728.000000,237830144.000000,1630183424.000000,0.000000,0.000000,0.000700,0.000000,0.000000,0.000000,0.013500,0.000000,0.013600,0.000000,0.000000,0.000000,0.005000,0.002000,0.003200,0.007400,0.000000
526,2.056013,3.426098,3.371700,3.237000,1176.000000,932023556.000000,1424890704.000000,252489728.000000,237830144.000000,1630183424.000000,0.000000,0.000000,0.000800,0.000000,0.000000,0.000000,0.012100,0.000000,0.011500,0.000000,0.000000,0.000000,0.004900,0.001600,0.002700,0.006900,0.000000
527,2.059049,3.070599,3.120700,2.982700,1176.000000,932027692.000000,1424890704.000000,252489728.000000,237834240.000000,1630183424.000000,0.000000,0.000000,0.000600,0.000000,0.000000,0.000000,0.011100,0.000000,0.012800,0.000000,0.000000,0.000000,0.005000,0.001900,0.002800,0.007700,0.000000
528,2.061979,2.954599,2.957400,2.831300,1176.000000,932028156.000000,1424890704.000000,252489728.000000,237834240.000000,1630183424.000000,0.000000,0.000000,0.000800,0.000000,0.000000,0.000000,0.011500,0.000000,0.012000,0.000000,0.000000,0.000000,0.004700,0.001800,0.003100,0.007500,0.000000
529,2.066996,5.002098,4.993300,4.869000,1176.000000,932027740.000000,1424890704.000000,252489728.000000,237834240.000000,1630183424.000000,0.000000,0.000000,2.093900,0.045100,0.018600,1.968500,0.009900,0.022800,0.011800,0.000500,0.000400,0.000700,0.004100,0.002500,0.002500,0.007100,0.000000
530,2.070295,3.277601,3.220300,3.066000,1176.000000,932027756.000000,1424890704.000000,252489728.000000,237834240.000000,1630183424.000000,0.000000,0.000000,0.000600,0.000000,0.000000,0.000000,0.011300,0.000000,0.011800,0.000000,0.000000,0.000000,0.004300,0.001900,0.002400,0.006500,0.000000
531,2.073159,2.893800,2.945600,2.772500,1176.000000,932027764.000000,1424890704.000000,252489728.000000,237834240.000000,1630183424.000000,0.000000,0.000000,0.000800,0.000000,0.000000,0.000000,0.014700,0.000000,0.012400,0.000000,0.000000,0.000000,0.004100,0.002200,0.002600,0.008000,0.000000
532,2.076148,2.953302,2.954400,2.830300,1176.000000,932028236.000000,1424890704.000000,252489728.000000,237834240.000000,1630183424.000000,0.000000,0.000000,0.000800,0.000000,0.000000,0.000000,0.009800,0.000000,0.012300,0.000000,0.000000,0.000000,0.004000,0.001900,0.002500,0.006500,0.000000
533,2.079256,3.136104,3.126900,2.997100,1176.000000,932032780.000000,1424890704.000000,252489728.000000,237838336.000000,1630183424.000000,0.000000,0.000000,0.000700,0.000000,0.000000,0.000000,0.010300,0.000000,0.011400,0.000000,0.000000,0.000000,0.005200,0.001600,0.002700,0.007600,0.000000
534,2.084568,5.278493,5.243600,5.112400,1176.000000,932032356.000000,1424890704.000000,252489728.000000,237838336.000000,1630183424.000000,0.000000,0.000000,2.079600,0.048700,0.019000,1.951700,0.011200,0.023400,0.010800,0.000500,0.000300,0.000500,0.004200,0.002500,0.002600,0.006400,0.000000
535,2.087457,2.925907,2.960300,2.806200,1176.000000,932032380.000000,1424890704.000000,252489728.000000,237838336.000000,1630183424.000000,0.000000,0.000000,0.000800,0.000000,0.000000,0.000000,0.013700,0.000000,0.013100,0.000000,0.000000,0.000000,0.005100,0.002100,0.003400,0.007700,0.000000
536,2.090580,3.111799,3.098800,2.973600,1176.000000,932032852.000000,1424890704.000000,252489728.000000,237838336.000000,1630183424.000000,0.000000,0.000000,0.000600,0.000000,0.000000,0.000000,0.010900,0.000000,0.011900,0.000000,0.000000,0.000000,0.004500,0.001900,0.002600,0.007700,0.000000
537,2.093788,3.113797,3.079700,2.935800,1176.000000,932032452.000000,1424890704.000000,252489728.000000,237838336.000000,1630183424.000000,0.000000,0.000000,0.000900,0.000000,0.000000,0.000000,0.010800,0.000000,0.012000,0.000000,0.000000,0.000000,0.004100,0.002400,0.002800,0.007000,0.000000
538,2.099893,6.196499,6.184400,6.020000,1176.000000,932032052.000000,1424890704.000000,252489728.000000,237838336.000000,1630183424.000000,0.000000,0.000000,2.846800,0.065500,0.021600,2.685000,0.015900,0.027900,0.011100,0.000800,0.000400,0.000700,0.006000,0.002300,0.003600,0.006900,0.000000
539,2.102760,2.879904,2.922200,2.753900,1176.000000,932036172.000000,1424890704.000000,252489728.000000,237842432.000000,1630183424.000000,0.000000,0.000000,0.000600,0.000000,0.000000,0.000000,0.013100,0.000000,0.013100,0.000000,0.000000,0.000000,0.005200,0.001900,0.003000,0.007200,0.000000
540,2.105958,3.204996,3.199700,3.077100,1176.000000,932050556.000000,1424890704.000000,252489728.000000,237842432.000000,1630183424.000000,0.000000,0.000000,0.000900,0.000000,0.000000,0.000000,0.010800,0.000000,0.012100,0.000000,0.000000,0.000000,0.004400,0.002000,0.002700,0.006500,0.000000
541,2.109016,2.998299,2.975800,2.844100,1176.000000,932038460.000000,1424890704.000000,252489728.000000,237842432.000000,1630183424.000000,0.000000,0.000000,0.000600,0.000000,0.000000,0.000000,0.010100,0.000000,0.013000,0.000000,0.000000,0.000000,0.004100,0.002200,0.002700,0.007900,0.000000
542,2.112021,3.075404,3.041100,2.903700,1176.000000,932035820.000000,1424890704.000000,252489728.000000,237842432.000000,1630183424.000000,0.000000,0.000000,0.000700,0.000000,0.000000,0.000000,0.013900,0.000000,0.025500,0.000000,0.000000,0.000000,0.005300,0.003100,0.002500,0.006600,0.000000
543,2.117254,5.172796,5.059400,4.938400,1176.000000,932036284.000000,1424890704.000000,252489728.000000,237842432.000000,1630183424.000000,0.000000,0.000000,2.088900,0.049500,0.019700,1.952700,0.009800,0.030500,0.011400,0.000500,0.000200,0.000600,0.004100,0.002600,0.002300,0.008300,0.000000
544,2.120504,3.275900,3.422000,3.139200,1176.000000,932040868.000000,1424890704.000000,252489728.000000,237846528.000000,1630183424.000000,0.000000,0.000000,0.000600,0.000000,0.000000,0.000000,0.012800,0.000000,0.010900,0.000000,0.000000,0.000000,0.004600,0.001700,0.003100,0.006200,0.000000
545,2.123412,2.914201,2.895900,2.756600,1176.000000,932040876.000000,1424890704.000000,252489728.000000,237846528.000000,1630183424.000000,0.000000,0.000000,0.000700,0.000000,0.000000,0.000000,0.011500,0.000000,0.014000,0.000000,0.000000,0.000000,0.004900,0.001700,0.003100,0.007400,0.000000
546,2.126392,3.008000,3.038900,2.893900,1176.000000,932040492.000000,1424890704.000000,252489728.000000,237846528.000000,1630183424.000000,0.000000,0.000000,0.000700,0.000000,0.000000,0.000000,0.012900,0.000000,0.013600,0.000000,0.000000,0.000000,0.004600,0.001700,0.002500,0.007100,0.000000
547,2.129460,3.040405,3.029600,2.910600,1176.000000,932040076.000000,1424890704.000000,252489728.000000,237846528.000000,1630183424.000000,0.000000,0.000000,0.000600,0.000000,0.000000,0.000000,0.009600,0.000000,0.011600,0.000000,0.000000,0.000000,0.003900,0.001400,0.002400,0.006500,0.000000
548,2.135104,5.587295,5.551600,5.416100,1176.000000,932040524.000000,1424890704.000000,252489728.000000,237846528.000000,1630183424.000000,0.000000,0.000000,2.193200,0.047100,0.021100,2.061400,0.011400,0.021400,0.010900,0.000700,0.000200,0.000700,0.004500,0.002500,0.002500,0.006900,0.000000
549,2.138388,3.271202,3.259300,3.093400,1176.000000,932040972.000000,1424890704.000000,252489728.000000,237846528.000000,1630183424.000000,0.000000,0.000000,0.000700,0.000000,0.000000,0.000000,0.013900,0.000000,0.012600,0.000000,0.000000,0.000000,0.005100,0.001900,0.003200,0.008200,0.000000
550,2.141506,3.186699,3.212700,3.049600,1176.000000,932044220.000000,1424890704.000000,252489728.000000,237850624.000000,1630183424.000000,0.000000,0.000000,0.000800,0.000000,0.000000,0.000000,0.014900,0.000000,0.012500,0.000000,0.000000,0.000000,0.005600,0.002700,0.003200,0.009600,0.000000
551,2.144704,3.184999,3.176700,3.039100,1176.000000,932044244.000000,1424890704.000000,252489728.000000,237850624.000000,1630183424.000000,0.000000,0.000000,0.000600,0.000000,0.000000,0.000000,0.011100,0.000000,0.011800,0.000000,0.000000,0.000000,0.004800,0.001600,0.002800,0.007700,0.000000
552,2.150224,5.495805,5.445000,5.300500,1176.000000,932044716.000000,1424890704.000000,252489728.000000,237850624.000000,1630183424.000000,0.000000,0.000000,2.077600,0.046900,0.020300,1.952700,0.011700,0.020700,0.011400,0.000500,0.000200,0.000500,0.004900,0.002700,0.003000,0.006500,0.000000
553,2.153198,3.009099,3.063300,2.881200,1176.000000,932044316.000000,1424890704.000000,252489728.000000,237850624.000000,1630183424.000000,0.000000,0.000000,0.000500,0.000000,0.000000,0.000000,0.013400,0.000000,0.013000,0.000000,0.000000,0.000000,0.010600,0.002000,0.002400,0.008000,0.000000
554,2.156585,3.378302,3.377100,3.248500,1176.000000,932044316.000000,1424890704.000000,252489728.000000,237850624.000000,1630183424.000000,0.000000,0.000000,0.000600,0.000000,0.000000,0.000000,0.010700,0.000000,0.011600,0.000000,0.000000,0.000000,0.005200,0.002100,0.003200,0.006300,0.000000
555,2.159637,3.059495,3.051100,2.923200,1176.000000,932048436.000000,1424890704.000000,252489728.000000,237854720.000000,1630183424.000000,0.000000,0.000000,0.000600,0.000000,0.000000,0.000000,0.011000,0.000000,0.011500,0.000000,0.000000,0.000000,0.004400,0.001700,0.002900,0.007300,0.000000
556,2.162597,2.979301,2.978600,2.851600,1176.000000,932062956.000000,1424890704.000000,252489728.000000,237854720.000000,1630183424.000000,0.000000,0.000000,0.000600,0.000000,0.000000,0.000000,0.011300,0.000000,0.012100,0.000000,0.000000,0.000000,0.004600,0.001900,0.003100,0.007800,0.000000
557,2.167771,5.095202,5.069200,4.935200,1176.000000,932051284.000000,1424890704.000000,252489728.000000,237854720.000000,1630183424.000000,0.000000,0.000000,2.101300,0.051200,0.019500,1.965100,0.012500,0.024900,0.012900,0.000700,0.000200,0.001200,0.004300,0.002800,0.002600,0.007800,0.000000
558,2.170861,3.155896,3.167300,3.018800,1176.000000,932048668.000000,1424890704.000000,252489728.000000,237854720.000000,1630183424.000000,0.000000,0.000000,0.000700,0.000000,0.000000,0.000000,0.013000,0.000000,0.013000,0.000000,0.000000,0.000000,0.006700,0.002300,0.003200,0.008100,0.000000
559,2.173734,2.859304,2.857100,2.722200,1176.000000,932048708.000000,1424890704.000000,252489728.000000,237854720.000000,1630183424.000000,0.000000,0.000000,0.000600,0.000000,0.000000,0.000000,0.010400,0.000000,0.011700,0.000000,0.000000,0.000000,0.004500,0.001600,0.002700,0.006500,0.000000
560,2.176602,2.905095,2.918500,2.786900,1176.000000,932049172.000000,1424890704.000000,252489728.000000,237854720.000000,1630183424.000000,0.000000,0.000000,0.000800,0.000000,0.000000,0.000000,0.010300,0.000000,0.012400,0.000000,0.000000,0.000000,0.004500,0.002000,0.002900,0.006800,0.000000
561,2.179832,3.159304,3.141000,3.019700,1176.000000,932052428.000000,1424890704.000000,252489728.000000,237858816.000000,1630183424.000000,0.000000,0.000000,0.000600,0.000000,0.000000,0.000000,0.008900,0.000000,0.011500,0.000000,0.000000,0.000000,0.004300,0.001600,0.002500,0.004900,0.000000
562,2.185854,6.024001,5.962500,5.810000,1176.000000,932052468.000000,1424890704.000000,252489728.000000,237858816.000000,1630183424.000000,0.000000,0.000000,2.193900,0.052200,0.023500,2.058100,0.013700,0.019900,0.012100,0.000600,0.000300,0.001300,0.005000,0.002700,0.003400,0.009100,0.000000
563,2.189028,3.204897,3.255400,3.068800,1176.000000,932052476.000000,1424890704.000000,252489728.000000,237858816.000000,1630183424.000000,0.000000,0.000000,0.000700,0.000000,0.000000,0.000000,0.016900,0.000000,0.013300,0.000000,0.000000,0.000000,0.004800,0.002100,0.003400,0.007600,0.000000
564,2.192035,3.044303,3.056900,2.923400,1176.000000,932052924.000000,1424890704.000000,252489728.000000,237858816.000000,1630183424.000000,0.000000,0.000000,0.000700,0.000000,0.000000,0.000000,0.012400,0.000000,0.012500,0.000000,0.000000,0.000000,0.005500,0.002000,0.003000,0.008100,0.000000
565,2.195554,3.419799,3.398000,3.273700,1176.000000,932053372.000000,1424890704.000000,252489728.000000,237858816.000000,1630183424.000000,0.000000,0.000000,0.000700,0.000000,0.000000,0.000000,0.010000,0.000000,0.011600,0.000000,0.000000,0.000000,0.004200,0.001700,0.002600,0.006800,0.000000
566,2.201261,5.771500,5.730600,5.591100,1176.000000,932052972.000000,1424890704.000000,252489728.000000,237858816.000000,1630183424.000000,0.000000,0.000000,2.294500,0.049400,0.021000,2.145000,0.016300,0.032200,0.013400,0.000500,0.000300,0.000600,0.005100,0.003000,0.003000,0.016600,0.000000
567,2.204328,3.078401,3.117400,2.941900,1176.000000,932057516.000000,1424890704.000000,252489728.000000,237862912.000000,1630183424.000000,0.000000,0.000000,0.000700,0.000000,0.000000,0.000000,0.012600,0.000000,0.013800,0.000000,0.000000,0.000000,0.004800,0.001700,0.003100,0.007000,0.000000
568,2.207388,2.965200,2.919600,2.789300,1176.000000,932057540.000000,1424890704.000000,252489728.000000,237862912.000000,1630183424.000000,0.000000,0.000000,0.000600,0.000000,0.000000,0.000000,0.011300,0.000000,0.013300,0.000000,0.000000,0.000000,0.004300,0.001700,0.003000,0.007100,0.000000
569,2.210851,3.531300,3.481000,3.216900,1176.000000,932057140.000000,1424890704.000000,252489728.000000,237862912.000000,1630183424.000000,0.000000,0.000000,0.000800,0.000000,0.000000,0.000000,0.010600,0.000000,0.012300,0.000000,0.000000,0.000000,0.006100,0.001700,0.002900,0.008300,0.000000
570,2.216371,5.499596,5.566400,5.341800,1176.000000,932056740.000000,1424890704.000000,252489728.000000,237862912.000000,1630183424.000000,0.000000,0.000000,2.114900,0.047400,0.019500,1.976500,0.010700,0.028800,0.012400,0.000600,0.000400,0.000700,0.005200,0.002700,0.003000,0.007100,0.000000
571,2.219436,3.109907,3.127600,2.975700,1176.000000,932060860.000000,1424890704.000000,252489728.000000,237867008.000000,1630183424.000000,0.000000,0.000000,0.000700,0.000000,0.000000,0.000000,0.013400,0.000000,0.013400,0.000000,0.000000,0.000000,0.005200,0.001800,0.003100,0.007800,0.000000
572,2.222427,2.992496,2.997700,2.866100,1176.000000,932079340.000000,1424890704.000000,252489728.000000,237871104.000000,1630183424.000000,0.000000,0.000000,0.000700,0.000000,0.000000,0.000000,0.011900,0.000000,0.012400,0.000000,0.000000,0.000000,0.004700,0.002000,0.003400,0.007800,0.000000
573,2.225867,3.421003,3.401100,3.271900,1176.000000,932067244.000000,1424890704.000000,252489728.000000,237871104.000000,1630183424.000000,0.000000,0.000000,0.000700,0.000000,0.000000,0.000000,0.010300,0.000000,0.013400,0.000000,0.000000,0.000000,0.004600,0.002100,0.002800,0.006900,0.000000
574,2.229072,3.175900,3.151500,3.002000,1176.000000,932064628.000000,1424890704.000000,252489728.000000,237871104.000000,1630183424.000000,0.000000,0.000000,0.000700,0.000000,0.000000,0.000000,0.012400,0.000000,0.012300,0.000000,0.000000,0.000000,0.004600,0.001800,0.002900,0.007500,0.000000
575,2.235623,6.552799,6.565000,6.403300,1176.000000,932064668.000000,1424890704.000000,252489728.000000,237871104.000000,1630183424.000000,0.000000,0.000000,3.128800,0.051400,0.022900,2.982800,0.012500,0.022300,0.011700,0.000800,0.000200,0.001000,0.005600,0.002700,0.003800,0.007100,0.000000
576,2.238707,3.133100,3.134800,2.992300,1176.000000,932065132.000000,1424890704.000000,252489728.000000,237871104.000000,1630183424.000000,0.000000,0.000000,0.000700,0.000000,0.000000,0.000000,0.013000,0.000000,0.011900,0.000000,0.000000,0.000000,0.005200,0.002000,0.003000,0.007900,0.000000
577,2.241618,2.947300,2.959600,2.825900,1228.000000,932064716.000000,1424890704.000000,252489728.000000,237871104.000000,1630183424.000000,0.000000,0.000000,0.000700,0.000000,0.000000,0.000000,0.011300,0.000000,0.012000,0.000000,0.000000,0.000000,0.004900,0.001700,0.003300,0.008000,0.000000
578,2.245066,3.320195,3.208000,3.066600,1176.000000,932068852.000000,1424890704.000000,252489728.000000,237875200.000000,1630183424.000000,0.000000,0.000000,0.000600,0.000000,0.000000,0.000000,0.009300,0.000000,0.011400,0.000000,0.000000,0.000000,0.004100,0.001600,0.002600,0.007300,0.000000
579,2.250561,5.572300,5.660800,5.442000,1176.000000,932069284.000000,1424890704.000000,252489728.000000,237875200.000000,1630183424.000000,0.000000,0.000000,2.142100,0.066700,0.022000,1.975600,0.018500,0.030100,0.011700,0.000700,0.000500,0.000500,0.005900,0.002700,0.003600,0.007000,0.000000
580,2.253578,3.010700,2.988600,2.851700,1176.000000,932069732.000000,1424890704.000000,252489728.000000,237875200.000000,1630183424.000000,0.000000,0.000000,0.000600,0.000000,0.000000,0.000000,0.012000,0.000000,0.012800,0.000000,0.000000,0.000000,0.004200,0.002100,0.003000,0.007000,0.000000
581,2.256572,3.040703,3.077400,2.923100,1176.000000,932070180.000000,1424890704.000000,252489728.000000,237875200.000000,1630183424.000000,0.000000,0.000000,0.000800,0.000000,0.000000,0.000000,0.011200,0.000000,0.012400,0.000000,0.000000,0.000000,0.004400,0.002600,0.002600,0.007400,0.000000
582,2.259796,3.168197,3.134200,3.009900,1176.000000,932069356.000000,1424890704.000000,252489728.000000,237875200.000000,1630183424.000000,0.000000,0.000000,0.000600,0.000000,0.000000,0.000000,0.009400,0.000000,0.011900,0.000000,0.000000,0.000000,0.004200,0.001800,0.002600,0.006800,0.000000
583,2.262833,3.040505,3.020700,2.871000,1176.000000,932073052.000000,1424890704.000000,252489728.000000,237879296.000000,1630183424.000000,0.000000,0.000000,0.000700,0.000000,0.000000,0.000000,0.013000,0.000000,0.013300,0.000000,0.000000,0.000000,0.005400,0.002200,0.003400,0.008600,0.000000
584,2.268435,5.562897,5.554700,5.381900,1176.000000,932073500.000000,1424890704.000000,252489728.000000,237879296.000000,1630183424.000000,0.000000,0.000000,2.127400,0.047200,0.021100,1.991500,0.011000,0.026700,0.012200,0.000500,0.000300,0.000900,0.005000,0.002700,0.003400,0.008900,0.000000
585,2.271757,3.345302,3.347300,3.179300,1176.000000,932073100.000000,1424890704.000000,252489728.000000,237879296.000000,1630183424.000000,0.000000,0.000000,0.000600,0.000000,0.000000,0.000000,0.016900,0.000000,0.014200,0.000000,0.000000,0.000000,0.006000,0.002000,0.003000,0.008000,0.000000
586,2.275225,3.444997,3.450800,3.281400,1176.000000,932073100.000000,1424890704.000000,252489728.000000,237879296.000000,1630183424.000000,0.000000,0.000000,0.000700,0.000000,0.000000,0.000000,0.012800,0.000000,0.012700,0.000000,0.000000,0.000000,0.006000,0.002000,0.003700,0.008600,0.000000
587,2.278349,3.163400,3.171500,3.017400,1176.000000,932073124.000000,1424890704.000000,252489728.000000,237879296.000000,1630183424.000000,0.000000,0.000000,0.000800,0.000000,0.000000,0.000000,0.013900,0.000000,0.013700,0.000000,0.000000,0.000000,0.005600,0.002200,0.003000,0.008100,0.000000
588,2.283735,5.378706,5.345600,5.202800,1176.000000,932087532.000000,1424890704.000000,252489728.000000,237879296.000000,1630183424.000000,0.000000,0.000000,2.094100,0.048500,0.021100,1.961400,0.011900,0.022200,0.011800,0.000600,0.000300,0.000500,0.004800,0.002600,0.003200,0.007600,0.000000
589,2.286756,3.063797,3.105600,2.941000,1176.000000,932079956.000000,1424890704.000000,252489728.000000,237883392.000000,1630183424.000000,0.000000,0.000000,0.000600,0.000000,0.000000,0.000000,0.013600,0.000000,0.016100,0.000000,0.000000,0.000000,0.005100,0.002000,0.003100,0.007200,0.000000
590,2.289970,3.184899,3.108900,2.978100,1176.000000,932076916.000000,1424890704.000000,252489728.000000,237883392.000000,1630183424.000000,0.000000,0.000000,0.000700,0.000000,0.000000,0.000000,0.010400,0.000000,0.013300,0.000000,0.000000,0.000000,0.004200,0.001600,0.002300,0.006800,0.000000
591,2.292777,2.817503,2.895300,2.706000,1176.000000,932076956.000000,1424890704.000000,252489728.000000,237883392.000000,1630183424.000000,0.000000,0.000000,0.000400,0.000000,0.000000,0.000000,0.011900,0.000000,0.012900,0.000000,0.000000,0.000000,0.004200,0.002200,0.002200,0.006700,0.000000
592,2.295993,3.200999,3.176600,3.057400,1176.000000,932077420.000000,1424890704.000000,252489728.000000,237883392.000000,1630183424.000000,0.000000,0.000000,0.000600,0.000000,0.000000,0.000000,0.009800,0.000000,0.012300,0.000000,0.000000,0.000000,0.003900,0.001600,0.003000,0.006700,0.000000
593,2.301492,5.493998,5.439900,5.298500,1176.000000,932081476.000000,1424890704.000000,252489728.000000,237883392.000000,1630183424.000000,0.000000,0.000000,2.078000,0.057200,0.021800,1.936300,0.011500,0.024900,0.010900,0.000500,0.000200,0.000600,0.004600,0.002400,0.002600,0.006800,0.000000
594,2.304632,3.152501,3.169400,2.980100,1176.000000,932081492.000000,1424890704.000000,252489728.000000,237883392.000000,1630183424.000000,0.000000,0.000000,0.000800,0.000000,0.000000,0.000000,0.013300,0.000000,0.012200,0.000000,0.000000,0.000000,0.004900,0.002200,0.003300,0.007200,0.000000
595,2.307946,3.282299,3.070000,2.904900,1176.000000,932085596.000000,1424890704.000000,252489728.000000,237887488.000000,1630183424.000000,0.000000,0.000000,0.000600,0.000000,0.000000,0.000000,0.013600,0.000000,0.012900,0.000000,0.000000,0.000000,0.004600,0.002200,0.003600,0.008200,0.000000
596,2.311168,3.255400,3.495300,3.123800,1176.000000,932086068.000000,1424890704.000000,252489728.000000,237887488.000000,1630183424.000000,0.000000,0.000000,0.000700,0.000000,0.000000,0.000000,0.013200,0.000000,0.018800,0.000000,0.000000,0.000000,0.005900,0.002200,0.003800,0.008700,0.000000
597,2.316394,5.214201,5.210600,5.077600,1176.000000,932082044.000000,1424890704.000000,252489728.000000,237887488.000000,1630183424.000000,0.000000,0.000000,2.069500,0.044800,0.018300,1.949000,0.011300,0.020500,0.011400,0.000600,0.000200,0.001000,0.005300,0.002700,0.003100,0.007000,0.000000
598,2.319479,3.104401,3.094000,2.962700,1176.000000,932081196.000000,1424890704.000000,252489728.000000,237887488.000000,1630183424.000000,0.000000,0.000000,0.000600,0.000000,0.000000,0.000000,0.011500,0.000000,0.011100,0.000000,0.000000,0.000000,0.005900,0.001600,0.003000,0.006600,0.000000
599,2.322527,3.032299,3.040400,2.901400,1176.000000,932081220.000000,1424890704.000000,252489728.000000,237887488.000000,1630183424.000000,0.000000,0.000000,0.000600,0.000000,0.000000,0.000000,0.011100,0.000000,0.011900,0.000000,0.000000,0.000000,0.004400,0.002100,0.002500,0.007000,0.000000
600,2.326219,3.622499,3.565900,3.414000,1176.000000,932085788.000000,1424890704.000000,252489728.000000,237891584.000000,1630183424.000000,0.000000,0.000000,0.000700,0.000000,0.000000,0.000000,0.011200,0.000000,0.012700,0.000000,0.000000,0.000000,0.004600,0.002100,0.002600,0.006900,0.000000
601,2.329643,3.483000,3.504500,3.320800,1176.000000,932085812.000000,1424890704.000000,252489728.000000,237891584.000000,1630183424.000000,0.000000,0.000000,0.001000,0.000000,0.000000,0.000000,0.016000,0.000000,0.016300,0.000000,0.000000,0.000000,0.006300,0.002600,0.004300,0.009400,0.000000
602,2.335874,6.203203,6.197700,6.036700,1176.000000,932085412.000000,1424890704.000000,252489728.000000,237891584.000000,1630183424.000000,0.000000,0.000000,2.773400,0.050000,0.018800,2.630400,0.013200,0.029800,0.021900,0.000600,0.000300,0.000800,0.004900,0.003000,0.003600,0.007800,0.000000
603,2.339100,3.262302,3.271200,3.115600,1176.000000,932085436.000000,1424890704.000000,252489728.000000,237891584.000000,1630183424.000000,0.000000,0.000000,0.000900,0.000000,0.000000,0.000000,0.014200,0.000000,0.013700,0.000000,0.000000,0.000000,0.005200,0.002100,0.003400,0.008900,0.000000
604,2.342218,3.147598,3.158400,3.019100,1176.000000,932099820.000000,1424890704.000000,252489728.000000,237891584.000000,1630183424.000000,0.000000,0.000000,0.000600,0.000000,0.000000,0.000000,0.012400,0.000000,0.013500,0.000000,0.000000,0.000000,0.005700,0.002100,0.003300,0.008100,0.000000
605,2.345581,3.332200,3.311500,3.179200,1176.000000,932087724.000000,1424890704.000000,252489728.000000,237891584.000000,1630183424.000000,0.000000,0.000000,0.000700,0.000000,0.000000,0.000000,0.012600,0.000000,0.015200,0.000000,0.000000,0.000000,0.004600,0.002200,0.002700,0.006000,0.000000
606,2.351076,5.490703,5.480500,5.320200,1176.000000,932089204.000000,1424890704.000000,252489728.000000,237895680.000000,1630183424.000000,0.000000,0.000000,2.069400,0.049000,0.019900,1.941600,0.012000,0.020500,0.012600,0.000500,0.000200,0.000900,0.004800,0.002700,0.002800,0.007800,0.000000
607,2.354406,3.238896,3.205100,3.045000,1176.000000,932089244.000000,1424890704.000000,252489728.000000,237895680.000000,1630183424.000000,0.000000,0.000000,0.000800,0.000000,0.000000,0.000000,0.015200,0.000000,0.011800,0.000000,0.000000,0.000000,0.004300,0.002100,0.003200,0.007400,0.000000
608,2.357783,3.473802,3.473100,3.294200,1176.000000,932089708.000000,1424890704.000000,252489728.000000,237895680.000000,1630183424.000000,0.000000,0.000000,0.000700,0.000000,0.000000,0.000000,0.017200,0.000000,0.013200,0.000000,0.000000,0.000000,0.006200,0.002400,0.004100,0.008600,0.000000
609,2.361052,3.278600,3.314200,3.133600,1176.000000,932089292.000000,1424890704.000000,252489728.000000,237895680.000000,1630183424.000000,0.000000,0.000000,0.000600,0.000000,0.000000,0.000000,0.012700,0.000000,0.012400,0.000000,0.000000,0.000000,0.005500,0.002300,0.003100,0.007600,0.000000
610,2.367272,6.196499,6.179200,6.035000,1176.000000,932089308.000000,1424890704.000000,252489728.000000,237895680.000000,1630183424.000000,0.000000,0.000000,2.911100,0.049300,0.019300,2.758600,0.012100,0.038700,0.013200,0.000600,0.000200,0.001200,0.004500,0.002600,0.003400,0.010000,0.000000
611,2.370821,3.493296,3.463100,3.299800,1176.000000,932093836.000000,1424890704.000000,252489728.000000,237899776.000000,1630183424.000000,0.000000,0.000000,0.000900,0.000000,0.000000,0.000000,0.013700,0.000000,0.015200,0.000000,0.000000,0.000000,0.005500,0.002400,0.003400,0.007500,0.000000
612,2.374166,3.382504,3.408200,3.232000,1176.000000,932093884.000000,1424890704.000000,252489728.000000,237899776.000000,1630183424.000000,0.000000,0.000000,0.000800,0.000000,0.000000,0.000000,0.015800,0.000000,0.017400,0.000000,0.000000,0.000000,0.006700,0.002600,0.003300,0.008900,0.000000
613,2.377164,3.055796,3.076200,2.928600,1176.000000,932094332.000000,1424890704.000000,252489728.000000,237899776.000000,1630183424.000000,0.000000,0.000000,0.000600,0.000000,0.000000,0.000000,0.012200,0.000000,0.012800,0.000000,0.000000,0.000000,0.004700,0.002100,0.003500,0.007300,0.000000
614,2.382657,5.398802,5.365200,5.227700,1176.000000,932093908.000000,1424890704.000000,252489728.000000,237899776.000000,1630183424.000000,0.000000,0.000000,2.174900,0.053200,0.019700,2.026100,0.010800,0.035400,0.025900,0.000600,0.000300,0.000800,0.004700,0.003100,0.002900,0.009800,0.000000
615,2.386159,3.550702,3.548600,3.386900,1176.000000,932093932.000000,1424890704.000000,252489728.000000,237899776.000000,1630183424.000000,0.000000,0.000000,0.000900,0.000000,0.000000,0.000000,0.017300,0.000000,0.013300,0.000000,0.000000,0.000000,0.007000,0.003000,0.003900,0.009600,0.000000
616,2.389727,3.564399,3.560500,3.402000,1176.000000,932094404.000000,1424890704.000000,252489728.000000,237899776.000000,1630183424.000000,0.000000,0.000000,0.000900,0.000000,0.000000,0.000000,0.013900,0.000000,0.015100,0.000000,0.000000,0.000000,0.005500,0.002200,0.003500,0.009100,0.000000
617,2.392908,3.162401,3.155500,2.998300,1176.000000,932098100.000000,1424890704.000000,252489728.000000,237903872.000000,1630183424.000000,0.000000,0.000000,0.000800,0.000000,0.000000,0.000000,0.013700,0.000000,0.013500,0.000000,0.000000,0.000000,0.005300,0.002100,0.003800,0.008400,0.000000
618,2.396302,3.400595,3.396800,3.230400,1176.000000,932163332.000000,1424890704.000000,252489728.000000,237903872.000000,1630183424.000000,0.000000,0.000000,0.001000,0.000000,0.000000,0.000000,0.015200,0.000000,0.017800,0.000000,0.000000,0.000000,0.005500,0.002000,0.003700,0.007500,0.000000
619,2.401929,5.656101,5.661600,5.503000,1176.000000,932097820.000000,1424890704.000000,252489728.000000,237903872.000000,1630183424.000000,0.000000,0.000000,2.182500,0.049300,0.022000,2.043600,0.013000,0.027000,0.013300,0.000600,0.000300,0.000800,0.005000,0.003000,0.003300,0.008900,0.000000
620,2.405270,3.351304,3.349000,3.196700,1176.000000,932112228.000000,1424890704.000000,252489728.000000,237903872.000000,1630183424.000000,0.000000,0.000000,0.000700,0.000000,0.000000,0.000000,0.013100,0.000000,0.012900,0.000000,0.000000,0.000000,0.005500,0.001900,0.003300,0.006500,0.000000
621,2.408513,3.206498,3.167900,3.015000,1176.000000,932100132.000000,1424890704.000000,252489728.000000,237903872.000000,1630183424.000000,0.000000,0.000000,0.000700,0.000000,0.000000,0.000000,0.012200,0.000000,0.014100,0.000000,0.000000,0.000000,0.004800,0.001800,0.003200,0.006900,0.000000
622,2.411529,3.094898,3.142900,2.966700,1176.000000,932097516.000000,1424890704.000000,252489728.000000,237903872.000000,1630183424.000000,0.000000,0.000000,0.000700,0.000000,0.000000,0.000000,0.015100,0.000000,0.013100,0.000000,0.000000,0.000000,0.005100,0.002700,0.003300,0.008000,0.000000
623,2.417073,5.489201,5.473600,5.338800,1176.000000,932102076.000000,1424890704.000000,252489728.000000,237907968.000000,1630183424.000000,0.000000,0.000000,2.379800,0.049500,0.019300,2.239800,0.013500,0.031800,0.012200,0.000600,0.000200,0.000600,0.004200,0.002600,0.002600,0.007400,0.000000
624,2.420874,3.590901,3.529400,3.385800,1176.000000,932102540.000000,1424890704.000000,252489728.000000,237907968.000000,1630183424.000000,0.000000,0.000000,0.000700,0.000000,0.000000,0.000000,0.011700,0.000000,0.011500,0.000000,0.000000,0.000000,0.004200,0.001400,0.003000,0.006900,0.000000
625,2.424220,3.576502,3.636800,3.438300,1176.000000,932102124.000000,1424890704.000000,252489728.000000,237907968.000000,1630183424.000000,0.000000,0.000000,0.000800,0.000000,0.000000,0.000000,0.013600,0.000000,0.011300,0.000000,0.000000,0.000000,0.005600,0.002200,0.003100,0.009100,0.000000
626,2.427162,2.982596,2.991100,2.859400,1176.000000,932102164.000000,1424890704.000000,252489728.000000,237907968.000000,1630183424.000000,0.000000,0.000000,0.000800,0.000000,0.000000,0.000000,0.011300,0.000000,0.012200,0.000000,0.000000,0.000000,0.005200,0.001800,0.003200,0.008100,0.000000
627,2.432927,5.700000,5.673800,5.541700,1176.000000,932101748.000000,1424890704.000000,252489728.000000,237907968.000000,1630183424.000000,0.000000,0.000000,2.725200,0.048100,0.019400,2.581400,0.009800,0.034600,0.012100,0.000500,0.000300,0.000700,0.004200,0.003100,0.002400,0.008300,0.000000
628,2.436130,3.210601,3.215000,3.069500,1176.000000,932106292.000000,1424890704.000000,252489728.000000,237912064.000000,1630183424.000000,0.000000,0.000000,0.000800,0.000000,0.000000,0.000000,0.013100,0.000000,0.039500,0.000000,0.000000,0.000000,0.004500,0.001600,0.002700,0.007600,0.000000
629,2.439622,3.329904,3.317900,3.175300,1176.000000,932110836.000000,1424890704.000000,252489728.000000,237916160.000000,1630183424.000000,0.000000,0.000000,0.000700,0.000000,0.000000,0.000000,0.010900,0.000000,0.012000,0.000000,0.000000,0.000000,0.005100,0.001600,0.002800,0.006800,0.000000
630,2.442674,3.261600,3.095300,2.949900,1228.000000,932109988.000000,1424890704.000000,252489728.000000,237916160.000000,1630183424.000000,0.000000,0.000000,0.000800,0.000000,0.000000,0.000000,0.011700,0.000000,0.012900,0.000000,0.000000,0.000000,0.005700,0.001900,0.003100,0.008900,0.000000
631,2.446073,3.303295,3.477900,3.124500,1176.000000,932110012.000000,1424890704.000000,252489728.000000,237916160.000000,1630183424.000000,0.000000,0.000000,0.000600,0.000000,0.000000,0.000000,0.009400,0.000000,0.012100,0.000000,0.000000,0.000000,0.003800,0.001900,0.002400,0.007400,0.000000
632,2.451427,5.426701,5.417900,5.284100,1176.000000,932110484.000000,1424890704.000000,252489728.000000,237916160.000000,1630183424.000000,0.000000,0.000000,2.147200,0.049300,0.022300,2.000800,0.013600,0.029300,0.011900,0.000500,0.000300,0.000700,0.008100,0.002700,0.003400,0.007200,0.000000
633,2.454472,3.012103,3.007900,2.867400,1176.000000,932110508.000000,1424890704.000000,252489728.000000,237916160.000000,1630183424.000000,0.000000,0.000000,0.000700,0.000000,0.000000,0.000000,0.010900,0.000000,0.014000,0.000000,0.000000,0.000000,0.004300,0.001600,0.003000,0.006800,0.000000
634,2.457324,2.922796,2.943800,2.810600,1176.000000,932114204.000000,1424890704.000000,252489728.000000,237920256.000000,1630183424.000000,0.000000,0.000000,0.000700,0.000000,0.000000,0.000000,0.012300,0.000000,0.013800,0.000000,0.000000,0.000000,0.004600,0.001900,0.003200,0.007200,0.000000
635,2.460568,3.213201,3.169800,3.053000,1176.000000,932114228.000000,1424890704.000000,252489728.000000,237920256.000000,1630183424.000000,0.000000,0.000000,0.000700,0.000000,0.000000,0.000000,0.009600,0.000000,0.011300,0.000000,0.000000,0.000000,0.004100,0.001700,0.002400,0.006600,0.000000
636,2.466014,5.422003,5.429500,5.270600,1176.000000,932129036.000000,1424890704.000000,252489728.000000,237920256.000000,1630183424.000000,0.000000,0.000000,2.177200,0.048100,0.019500,2.040300,0.010800,0.030300,0.012200,0.000500,0.000300,0.001000,0.004500,0.002600,0.002700,0.007600,0.000000
637,2.468987,2.983595,2.988200,2.846300,1176.000000,932116940.000000,1424890704.000000,252489728.000000,237920256.000000,1630183424.000000,0.000000,0.000000,0.000700,0.000000,0.000000,0.000000,0.012700,0.000000,0.013200,0.000000,0.000000,0.000000,0.004500,0.001900,0.002900,0.007100,0.000000
638,2.471917,2.968800,2.989300,2.860200,1176.000000,932114300.000000,1424890704.000000,252489728.000000,237920256.000000,1630183424.000000,0.000000,0.000000,0.000700,0.000000,0.000000,0.000000,0.011700,0.000000,0.012500,0.000000,0.000000,0.000000,0.005000,0.002100,0.003100,0.006900,0.000000
639,2.475038,3.055605,3.029200,2.914300,1176.000000,932118436.000000,1424890704.000000,252489728.000000,237924352.000000,1630183424.000000,0.000000,0.000000,0.000700,0.000000,0.000000,0.000000,0.009100,0.000000,0.011200,0.000000,0.000000,0.000000,0.004400,0.001500,0.002500,0.006700,0.000000
640,2.477787,2.781200,2.799000,2.670300,1176.000000,932118500.000000,1424890704.000000,252489728.000000,237924352.000000,1630183424.000000,0.000000,0.000000,0.000900,0.000000,0.000000,0.000000,0.011800,0.000000,0.012000,0.000000,0.000000,0.000000,0.004600,0.002200,0.002700,0.007600,0.000000
641,2.483103,5.297598,5.267600,5.144000,1176.000000,932118084.000000,1424890704.000000,252489728.000000,237924352.000000,1630183424.000000,0.000000,0.000000,2.133200,0.049800,0.021000,1.988800,0.009300,0.032400,0.011400,0.000600,0.000200,0.000700,0.004800,0.002700,0.002300,0.008100,0.000000
642,2.486279,3.201602,3.191600,3.051400,1176.000000,932122196.000000,1424890704.000000,252489728.000000,237928448.000000,1630183424.000000,0.000000,0.000000,0.000600,0.000000,0.000000,0.000000,0.011400,0.000000,0.012000,0.000000,0.000000,0.000000,0.004700,0.002600,0.003000,0.008300,0.000000
643,2.489446,3.107894,3.095800,2.939500,1176.000000,932122204.000000,1424890704.000000,252489728.000000,237928448.000000,1630183424.000000,0.000000,0.000000,0.000700,0.000000,0.000000,0.000000,0.010700,0.000000,0.011900,0.000000,0.000000,0.000000,0.004600,0.001800,0.002700,0.007400,0.000000
644,2.492399,3.025907,3.062100,2.913600,1176.000000,932122676.000000,1424890704.000000,252489728.000000,237928448.000000,1630183424.000000,0.000000,0.000000,0.000800,0.000000,0.000000,0.000000,0.014700,0.000000,0.013000,0.000000,0.000000,0.000000,0.005200,0.004100,0.002600,0.013700,0.000000
645,2.495565,3.120798,3.100800,2.980400,1176.000000,932127644.000000,1424890704.000000,252489728.000000,237932544.000000,1630183424.000000,0.000000,0.000000,0.001100,0.000000,0.000000,0.000000,0.010000,0.000000,0.013000,0.000000,0.000000,0.000000,0.004700,0.001700,0.002700,0.006200,0.000000
646,2.501605,6.070302,6.063300,5.929500,1176.000000,932126372.000000,1424890704.000000,252489728.000000,237932544.000000,1630183424.000000,0.000000,0.000000,2.837000,0.059400,0.019400,2.697500,0.011400,0.020600,0.012600,0.000900,0.000100,0.000700,0.005000,0.002700,0.003000,0.007000,0.000000
647,2.504602,2.984694,2.988600,2.849900,1176.000000,932126396.000000,1424890704.000000,252489728.000000,237932544.000000,1630183424.000000,0.000000,0.000000,0.000600,0.000000,0.000000,0.000000,0.011300,0.000000,0.011400,0.000000,0.000000,0.000000,0.004200,0.001800,0.003100,0.007500,0.000000
648,2.507292,2.743502,2.763200,2.639000,1176.000000,932126868.000000,1424890704.000000,252489728.000000,237932544.000000,1630183424.000000,0.000000,0.000000,0.000700,0.000000,0.000000,0.000000,0.011900,0.000000,0.012800,0.000000,0.000000,0.000000,0.004000,0.002100,0.002800,0.007300,0.000000
649,2.510733,3.264201,3.195100,3.081900,1176.000000,932126468.000000,1424890704.000000,252489728.000000,237932544.000000,1630183424.000000,0.000000,0.000000,0.000600,0.000000,0.000000,0.000000,0.008900,0.000000,0.011700,0.000000,0.000000,0.000000,0.003700,0.001600,0.002700,0.005800,0.000000
650,2.516547,5.906703,5.931600,5.759400,1176.000000,932126492.000000,1424890704.000000,252489728.000000,237932544.000000,1630183424.000000,0.000000,0.000000,2.644300,0.046200,0.021000,2.506400,0.015700,0.029500,0.014200,0.000700,0.000200,0.000900,0.005500,0.002900,0.003100,0.012500,0.000000
651,2.521088,4.552700,4.551700,4.402700,1176.000000,932130612.000000,1424890704.000000,252489728.000000,237936640.000000,1630183424.000000,0.000000,0.000000,0.000600,0.000000,0.000000,0.000000,0.011500,0.000000,0.012300,0.000000,0.000000,0.000000,0.004900,0.001700,0.002600,0.005300,0.000000
652,2.524601,3.513797,3.512200,3.365200,1176.000000,932144996.000000,1424890704.000000,252489728.000000,237936640.000000,1630183424.000000,0.000000,0.000000,0.000800,0.000000,0.000000,0.000000,0.012100,0.000000,0.013100,0.000000,0.000000,0.000000,0.004800,0.002000,0.003100,0.007700,0.000000
653,2.529411,4.790703,4.779300,4.637100,1176.000000,932132900.000000,1424890704.000000,252489728.000000,237936640.000000,1630183424.000000,0.000000,0.000000,0.001000,0.000000,0.000000,0.000000,0.011400,0.000000,0.013500,0.000000,0.000000,0.000000,0.005200,0.002000,0.003400,0.007500,0.000000
654,2.535867,6.385594,6.341700,6.176800,1176.000000,932130284.000000,1424890704.000000,252489728.000000,237936640.000000,1630183424.000000,0.000000,0.000000,2.617500,0.516500,0.022700,2.011700,0.012300,0.022400,0.021900,0.000800,0.000300,0.000800,0.006400,0.003000,0.003600,0.007400,0.000000
655,2.539842,4.076502,4.103500,3.917100,1176.000000,932134844.000000,1424890704.000000,252489728.000000,237940736.000000,1630183424.000000,0.000000,0.000000,0.000800,0.000000,0.000000,0.000000,0.018000,0.000000,0.014400,0.000000,0.000000,0.000000,0.005900,0.001900,0.003300,0.008800,0.000000
656,2.543103,3.258801,3.276300,3.116500,1176.000000,932143076.000000,1424890704.000000,252489728.000000,237948928.000000,1630183424.000000,0.000000,0.000000,0.000600,0.000000,0.000000,0.000000,0.011400,0.000000,0.013000,0.000000,0.000000,0.000000,0.005100,0.002000,0.002700,0.007300,0.000000
657,2.546108,3.032200,3.035900,2.900400,1176.000000,932142660.000000,1424890704.000000,252489728.000000,237948928.000000,1630183424.000000,0.000000,0.000000,0.000500,0.000000,0.000000,0.000000,0.011000,0.000000,0.012300,0.000000,0.000000,0.000000,0.004900,0.002100,0.003000,0.007900,0.000000
658,2.551305,5.176304,5.160500,5.029500,1176.000000,932142700.000000,1424890704.000000,252489728.000000,237948928.000000,1630183424.000000,0.000000,0.000000,2.075600,0.048300,0.019400,1.941900,0.010500,0.027000,0.011200,0.000700,0.000300,0.000600,0.004300,0.002700,0.002500,0.006300,0.000000
659,2.554310,2.989796,2.997600,2.857100,1176.000000,932142708.000000,1424890704.000000,252489728.000000,237948928.000000,1630183424.000000,0.000000,0.000000,0.000600,0.000000,0.000000,0.000000,0.011500,0.000000,0.011500,0.000000,0.000000,0.000000,0.005100,0.002000,0.002800,0.006400,0.000000
660,2.557112,2.856101,2.869400,2.743200,1176.000000,932143156.000000,1424890704.000000,252489728.000000,237948928.000000,1630183424.000000,0.000000,0.000000,0.000600,0.000000,0.000000,0.000000,0.012100,0.000000,0.012100,0.000000,0.000000,0.000000,0.004700,0.002000,0.003000,0.006900,0.000000
661,2.560101,2.951602,2.927100,2.810000,1176.000000,932143604.000000,1424890704.000000,252489728.000000,237948928.000000,1630183424.000000,0.000000,0.000000,0.000500,0.000000,0.000000,0.000000,0.010300,0.000000,0.011000,0.000000,0.000000,0.000000,0.004100,0.001700,0.002700,0.005900,0.000000
662,2.565442,5.329195,5.293000,5.154000,1176.000000,932151356.000000,1424890704.000000,252489728.000000,237953024.000000,1630183424.000000,0.000000,0.000000,2.064700,0.057000,0.022000,1.911100,0.011900,0.034300,0.012200,0.000500,0.000300,0.000700,0.004900,0.003100,0.003400,0.006700,0.000000
663,2.568475,3.042106,3.069500,2.901200,1176.000000,932151380.000000,1424890704.000000,252489728.000000,237953024.000000,1630183424.000000,0.000000,0.000000,0.000700,0.000000,0.000000,0.000000,0.013100,0.000000,0.013000,0.000000,0.000000,0.000000,0.004500,0.002200,0.003100,0.008000,0.000000
664,2.571587,3.073498,3.070800,2.929800,1176.000000,932151828.000000,1424890704.000000,252489728.000000,237953024.000000,1630183424.000000,0.000000,0.000000,0.000700,0.000000,0.000000,0.000000,0.012200,0.000000,0.013400,0.000000,0.000000,0.000000,0.004700,0.002100,0.003300,0.006600,0.000000
665,2.574670,3.096797,3.092100,2.954600,1176.000000,932151428.000000,1424890704.000000,252489728.000000,237953024.000000,1630183424.000000,0.000000,0.000000,0.000600,0.000000,0.000000,0.000000,0.011100,0.000000,0.011900,0.000000,0.000000,0.000000,0.007700,0.001800,0.003100,0.008200,0.000000
666,2.577382,2.778203,2.798200,2.668400,1176.000000,932146948.000000,1424890704.000000,252489728.000000,237953024.000000,1630183424.000000,0.000000,0.000000,0.000700,0.000000,0.000000,0.000000,0.011800,0.000000,0.012000,0.000000,0.000000,0.000000,0.004400,0.002200,0.003000,0.008300,0.000000
667,2.582431,5.018899,5.004800,4.885800,1176.000000,932155588.000000,1424890704.000000,252489728.000000,237961216.000000,1630183424.000000,0.000000,0.000000,2.131100,0.050300,0.018600,2.000100,0.009500,0.023200,0.011100,0.000600,0.000200,0.000900,0.004000,0.002200,0.002300,0.006900,0.000000
668,2.585727,3.291100,3.279000,3.149700,1176.000000,932169996.000000,1424890704.000000,252489728.000000,237961216.000000,1630183424.000000,0.000000,0.000000,0.000500,0.000000,0.000000,0.000000,0.010600,0.000000,0.012100,0.000000,0.000000,0.000000,0.004200,0.001900,0.002600,0.006600,0.000000
669,2.588746,3.021903,3.019300,2.884200,1176.000000,932157900.000000,1424890704.000000,252489728.000000,237961216.000000,1630183424.000000,0.000000,0.000000,0.000500,0.000000,0.000000,0.000000,0.011000,0.000000,0.013900,0.000000,0.000000,0.000000,0.004800,0.001800,0.002800,0.005700,0.000000
670,2.591795,3.074695,3.083000,2.951100,1176.000000,932155260.000000,1424890704.000000,252489728.000000,237961216.000000,1630183424.000000,0.000000,0.000000,0.000800,0.000000,0.000000,0.000000,0.011000,0.000000,0.012800,0.000000,0.000000,0.000000,0.004800,0.002200,0.002400,0.008000,0.000000
671,2.595097,3.243204,3.178100,3.036000,1176.000000,932154876.000000,1424890704.000000,252489728.000000,237961216.000000,1630183424.000000,0.000000,0.000000,0.000700,0.000000,0.000000,0.000000,0.010400,0.000000,0.012000,0.000000,0.000000,0.000000,0.004700,0.001800,0.002300,0.008100,0.000000
672,2.600585,5.504400,5.542000,5.363000,1176.000000,932155364.000000,1424890704.000000,252489728.000000,237961216.000000,1630183424.000000,0.000000,0.000000,2.079000,0.046500,0.020700,1.950500,0.014900,0.021900,0.011100,0.000600,0.000500,0.000600,0.004300,0.002200,0.003100,0.006000,0.000000
673,2.603565,2.997498,3.006100,2.866900,1176.000000,932159044.000000,1424890704.000000,252489728.000000,237965312.000000,1630183424.000000,0.000000,0.000000,0.000700,0.000000,0.000000,0.000000,0.012900,0.000000,0.011700,0.000000,0.000000,0.000000,0.004500,0.002100,0.002700,0.006900,0.000000
674,2.606413,2.871400,2.875600,2.745400,1176.000000,932159084.000000,1424890704.000000,252489728.000000,237965312.000000,1630183424.000000,0.000000,0.000000,0.000900,0.000000,0.000000,0.000000,0.011900,0.000000,0.012200,0.000000,0.000000,0.000000,0.004300,0.002000,0.003000,0.006800,0.000000
675,2.609548,3.121202,3.113200,2.992800,1176.000000,932159092.000000,1424890704.000000,252489728.000000,237965312.000000,1630183424.000000,0.000000,0.000000,0.000500,0.000000,0.000000,0.000000,0.010200,0.000000,0.011900,0.000000,0.000000,0.000000,0.004200,0.001600,0.002700,0.006700,0.000000
676,2.612265,2.755499,2.766600,2.649000,1176.000000,932159540.000000,1424890704.000000,252489728.000000,237965312.000000,1630183424.000000,0.000000,0.000000,0.000700,0.000000,0.000000,0.000000,0.011400,0.000000,0.011900,0.000000,0.000000,0.000000,0.004200,0.001900,0.002600,0.008200,0.000000
677,2.617441,5.116596,5.070200,4.956900,1176.000000,932160412.000000,1424890704.000000,252489728.000000,237965312.000000,1630183424.000000,0.000000,0.000000,2.112800,0.047600,0.018700,1.985800,0.009200,0.024400,0.012600,0.000500,0.000300,0.000600,0.003500,0.002300,0.002400,0.007000,0.000000
678,2.620669,3.235700,3.249300,3.095600,1176.000000,932159140.000000,1424890704.000000,252489728.000000,237965312.000000,1630183424.000000,0.000000,0.000000,0.000600,0.000000,0.000000,0.000000,0.011700,0.000000,0.013000,0.000000,0.000000,0.000000,0.005000,0.001800,0.002700,0.007400,0.000000
679,2.623488,2.828401,2.830600,2.695700,1176.000000,932163260.000000,1424890704.000000,252489728.000000,237969408.000000,1630183424.000000,0.000000,0.000000,0.000700,0.000000,0.000000,0.000000,0.010600,0.000000,0.011900,0.000000,0.000000,0.000000,0.005000,0.002000,0.002800,0.007200,0.000000
680,2.626324,2.863301,2.874600,2.748500,1176.000000,932167828.000000,1424890704.000000,252489728.000000,237973504.000000,1630183424.000000,0.000000,0.000000,0.000500,0.000000,0.000000,0.000000,0.010400,0.000000,0.012800,0.000000,0.000000,0.000000,0.004400,0.002200,0.003000,0.006800,0.000000
681,2.629467,3.063201,3.028500,2.905400,1176.000000,932167428.000000,1424890704.000000,252489728.000000,237973504.000000,1630183424.000000,0.000000,0.000000,0.000600,0.000000,0.000000,0.000000,0.010000,0.000000,0.011300,0.000000,0.000000,0.000000,0.003700,0.001600,0.002100,0.006400,0.000000
682,2.635894,6.429301,6.425000,6.275400,1176.000000,932167452.000000,1424890704.000000,252489728.000000,237973504.000000,1630183424.000000,0.000000,0.000000,2.997700,0.059000,0.020900,2.834500,0.014600,0.038500,0.012300,0.000600,0.000400,0.000900,0.004600,0.003100,0.003200,0.007200,0.000000
683,2.638833,2.979797,2.995600,2.849600,1176.000000,932167476.000000,1424890704.000000,252489728.000000,237973504.000000,1630183424.000000,0.000000,0.000000,0.000900,0.000000,0.000000,0.000000,0.012800,0.000000,0.013700,0.000000,0.000000,0.000000,0.005100,0.002000,0.003000,0.007800,0.000000
684,2.641813,3.019501,3.021800,2.894700,1176.000000,932185956.000000,1424890704.000000,252489728.000000,237977600.000000,1630183424.000000,0.000000,0.000000,0.000800,0.000000,0.000000,0.000000,0.010600,0.000000,0.012600,0.000000,0.000000,0.000000,0.004500,0.002100,0.002900,0.007200,0.000000
685,2.644870,3.024001,3.021200,2.897400,1228.000000,932173860.000000,1424890704.000000,252489728.000000,237977600.000000,1630183424.000000,0.000000,0.000000,0.000700,0.000000,0.000000,0.000000,0.009700,0.000000,0.012200,0.000000,0.000000,0.000000,0.003900,0.001700,0.002100,0.006200,0.000000
686,2.650484,5.595997,5.571600,5.444100,1176.000000,932171668.000000,1424890704.000000,252489728.000000,237977600.000000,1630183424.000000,0.000000,0.000000,2.183900,0.049000,0.019500,2.049700,0.010800,0.027600,0.011200,0.000600,0.000300,0.000700,0.004200,0.002600,0.002500,0.007200,0.000000
687,2.653219,2.776502,2.800200,2.659800,1176.000000,932171708.000000,1424890704.000000,252489728.000000,237977600.000000,1630183424.000000,0.000000,0.000000,0.000800,0.000000,0.000000,0.000000,0.012900,0.000000,0.012300,0.000000,0.000000,0.000000,0.004600,0.001900,0.002800,0.008100,0.000000
688,2.656291,3.039598,3.030000,2.912900,1176.000000,932172172.000000,1424890704.000000,252489728.000000,237977600.000000,1630183424.000000,0.000000,0.000000,0.000900,0.000000,0.000000,0.000000,0.009900,0.000000,0.011700,0.000000,0.000000,0.000000,0.003700,0.001400,0.002600,0.005700,0.000000
689,2.659325,3.050602,3.044100,2.921800,1176.000000,932172180.000000,1424890704.000000,252489728.000000,237977600.000000,1630183424.000000,0.000000,0.000000,0.000600,0.000000,0.000000,0.000000,0.010200,0.000000,0.014100,0.000000,0.000000,0.000000,0.004000,0.001400,0.002400,0.006900,0.000000
690,2.662134,2.837996,2.832500,2.710400,1176.000000,932175444.000000,1424890704.000000,252489728.000000,237981696.000000,1630183424.000000,0.000000,0.000000,0.000700,0.000000,0.000000,0.000000,0.012200,0.000000,0.013100,0.000000,0.000000,0.000000,0.004100,0.002200,0.002600,0.006900,0.000000
691,2.667264,5.090703,5.082600,4.949500,1176.000000,932175452.000000,1424890704.000000,252489728.000000,237981696.000000,1630183424.000000,0.000000,0.000000,2.132500,0.045800,0.018200,1.998300,0.009700,0.032200,0.011600,0.000500,0.000300,0.000700,0.003700,0.002500,0.002300,0.007700,0.000000
692,2.670532,3.262401,3.227300,3.092100,1176.000000,932175924.000000,1424890704.000000,252489728.000000,237981696.000000,1630183424.000000,0.000000,0.000000,0.000500,0.000000,0.000000,0.000000,0.011500,0.000000,0.012200,0.000000,0.000000,0.000000,0.003900,0.001700,0.002300,0.005700,0.000000
693,2.673305,2.795897,2.835600,2.675700,1176.000000,932180468.000000,1424890704.000000,252489728.000000,237985792.000000,1630183424.000000,0.000000,0.000000,0.000800,0.000000,0.000000,0.000000,0.011400,0.000000,0.011500,0.000000,0.000000,0.000000,0.004800,0.001600,0.003100,0.006700,0.000000
694,2.676452,3.135006,3.133600,3.011600,1176.000000,932179620.000000,1424890704.000000,252489728.000000,237985792.000000,1630183424.000000,0.000000,0.000000,0.000600,0.000000,0.000000,0.000000,0.010700,0.000000,0.011600,0.000000,0.000000,0.000000,0.004200,0.001600,0.002500,0.006800,0.000000
695,2.679496,3.029195,3.012900,2.891100,1176.000000,932183740.000000,1424890704.000000,252489728.000000,237989888.000000,1630183424.000000,0.000000,0.000000,0.000600,0.000000,0.000000,0.000000,0.010600,0.000000,0.011600,0.000000,0.000000,0.000000,0.004200,0.001500,0.002300,0.007400,0.000000
696,2.684987,5.477105,5.459900,5.320800,1176.000000,932184212.000000,1424890704.000000,252489728.000000,237989888.000000,1630183424.000000,0.000000,0.000000,2.156800,0.050100,0.020200,2.018700,0.012100,0.028000,0.012400,0.000600,0.000300,0.000700,0.004800,0.002600,0.002900,0.006700,0.000000
697,2.687858,2.903494,2.915600,2.772000,1176.000000,932183812.000000,1424890704.000000,252489728.000000,237989888.000000,1630183424.000000,0.000000,0.000000,0.000700,0.000000,0.000000,0.000000,0.013500,0.000000,0.012800,0.000000,0.000000,0.000000,0.005400,0.002100,0.003100,0.007800,0.000000
698,2.691321,3.450701,3.445600,3.309400,1176.000000,932183812.000000,1424890704.000000,252489728.000000,237989888.000000,1630183424.000000,0.000000,0.000000,0.000600,0.000000,0.000000,0.000000,0.011600,0.000000,0.013400,0.000000,0.000000,0.000000,0.004000,0.001900,0.002700,0.006600,0.000000
699,2.694490,3.140901,3.137900,3.003600,1176.000000,932183836.000000,1424890704.000000,252489728.000000,237989888.000000,1630183424.000000,0.000000,0.000000,0.000600,0.000000,0.000000,0.000000,0.011100,0.000000,0.012500,0.000000,0.000000,0.000000,0.004500,0.001800,0.003000,0.006800,0.000000
700,2.699845,5.366199,5.346400,5.206100,1176.000000,932198668.000000,1424890704.000000,252489728.000000,237989888.000000,1630183424.000000,0.000000,0.000000,2.075900,0.048600,0.020600,1.946000,0.011800,0.022700,0.012000,0.000700,0.000200,0.000500,0.004700,0.002400,0.003300,0.006300,0.000000
701,2.702702,2.895805,2.922500,2.775300,1176.000000,932190668.000000,1424890704.000000,252489728.000000,237993984.000000,1630183424.000000,0.000000,0.000000,0.000600,0.000000,0.000000,0.000000,0.012700,0.000000,0.012700,0.000000,0.000000,0.000000,0.004400,0.002100,0.002800,0.007300,0.000000
702,2.705776,3.070699,3.064600,2.945500,1176.000000,932188052.000000,1424890704.000000,252489728.000000,237993984.000000,1630183424.000000,0.000000,0.000000,0.000600,0.000000,0.000000,0.000000,0.010300,0.000000,0.011600,0.000000,0.000000,0.000000,0.004000,0.001500,0.002700,0.007200,0.000000
703,2.708674,2.894799,2.893500,2.772300,1176.000000,932188092.000000,1424890704.000000,252489728.000000,237993984.000000,1630183424.000000,0.000000,0.000000,0.000700,0.000000,0.000000,0.000000,0.010400,0.000000,0.011500,0.000000,0.000000,0.000000,0.004100,0.001500,0.002700,0.006300,0.000000
704,2.711563,2.885098,2.886900,2.770400,1176.000000,932188132.000000,1424890704.000000,252489728.000000,237993984.000000,1630183424.000000,0.000000,0.000000,0.000700,0.000000,0.000000,0.000000,0.010100,0.000000,0.011700,0.000000,0.000000,0.000000,0.004200,0.002000,0.002700,0.006600,0.000000
705,2.716794,5.200801,5.171000,5.052300,1176.000000,932187716.000000,1424890704.000000,252489728.000000,237993984.000000,1630183424.000000,0.000000,0.000000,2.153800,0.047600,0.021100,2.018700,0.009600,0.024600,0.011500,0.000600,0.000100,0.000800,0.007500,0.002500,0.003000,0.007700,0.000000
706,2.719921,3.141801,3.141000,3.000300,1176.000000,932191852.000000,1424890704.000000,252489728.000000,237998080.000000,1630183424.000000,0.000000,0.000000,0.000700,0.000000,0.000000,0.000000,0.011900,0.000000,0.012400,0.000000,0.000000,0.000000,0.004300,0.002100,0.002800,0.006800,0.000000
707,2.722889,2.983900,2.958400,2.820900,1176.000000,932195956.000000,1424890704.000000,252489728.000000,238002176.000000,1630183424.000000,0.000000,0.000000,0.001000,0.000000,0.000000,0.000000,0.010900,0.000000,0.012600,0.000000,0.000000,0.000000,0.004700,0.001900,0.002600,0.006000,0.000000
708,2.726162,3.264201,3.290400,3.129700,1176.000000,932196404.000000,1424890704.000000,252489728.000000,238002176.000000,1630183424.000000,0.000000,0.000000,0.000800,0.000000,0.000000,0.000000,0.010100,0.000000,0.012300,0.000000,0.000000,0.000000,0.004400,0.002100,0.002700,0.006300,0.000000
709,2.729408,3.222796,3.174500,3.013500,1176.000000,932196852.000000,1424890704.000000,252489728.000000,238002176.000000,1630183424.000000,0.000000,0.000000,0.000700,0.000000,0.000000,0.000000,0.010700,0.000000,0.011700,0.000000,0.000000,0.000000,0.004900,0.002100,0.002600,0.006900,0.000000
710,2.734650,5.247002,5.277700,5.106400,1176.000000,932196452.000000,1424890704.000000,252489728.000000,238002176.000000,1630183424.000000,0.000000,0.000000,2.075300,0.046400,0.021800,1.945600,0.012300,0.023400,0.011300,0.000500,0.000300,0.000700,0.004400,0.002600,0.003300,0.006700,0.000000
711,2.737401,2.807199,2.834000,2.698800,1176.000000,932196900.000000,1424890704.000000,252489728.000000,238002176.000000,1630183424.000000,0.000000,0.000000,0.000600,0.000000,0.000000,0.000000,0.012300,0.000000,0.014200,0.000000,0.000000,0.000000,0.004400,0.001700,0.003000,0.008100,0.000000
712,2.740502,3.083503,3.068100,2.955400,1176.000000,932201020.000000,1424890704.000000,252489728.000000,238006272.000000,1630183424.000000,0.000000,0.000000,0.000600,0.000000,0.000000,0.000000,0.009000,0.000000,0.012800,0.000000,0.000000,0.000000,0.003900,0.001600,0.002700,0.007100,0.000000
713,2.743424,2.873597,2.848500,2.719600,1176.000000,932200620.000000,1424890704.000000,252489728.000000,238006272.000000,1630183424.000000,0.000000,0.000000,0.000900,0.000000,0.000000,0.000000,0.010100,0.000000,0.011200,0.000000,0.000000,0.000000,0.004200,0.001700,0.002900,0.006600,0.000000
714,2.748486,5.094898,5.098300,4.953100,1176.000000,932200220.000000,1424890704.000000,252489728.000000,238006272.000000,1630183424.000000,0.000000,0.000000,2.121000,0.062600,0.020800,1.960400,0.013200,0.030700,0.012900,0.001000,0.000300,0.000900,0.005000,0.002800,0.003700,0.007800,0.000000
715,2.751382,2.911699,2.920500,2.742700,1176.000000,932200244.000000,1424890704.000000,252489728.000000,238006272.000000,1630183424.000000,0.000000,0.000000,0.000600,0.000000,0.000000,0.000000,0.011000,0.000000,0.011600,0.000000,0.000000,0.000000,0.004600,0.002300,0.002500,0.007100,0.000000
716,2.754519,3.053905,3.038800,2.915700,1176.000000,932214628.000000,1424890704.000000,252489728.000000,238006272.000000,1630183424.000000,0.000000,0.000000,0.000500,0.000000,0.000000,0.000000,0.010100,0.000000,0.011000,0.000000,0.000000,0.000000,0.004100,0.001600,0.002700,0.005800,0.000000
717,2.757499,2.896400,2.910400,2.783500,1176.000000,932202532.000000,1424890704.000000,252489728.000000,238006272.000000,1630183424.000000,0.000000,0.000000,0.000700,0.000000,0.000000,0.000000,0.014500,0.000000,0.013600,0.000000,0.000000,0.000000,0.005400,0.001800,0.002700,0.007100,0.000000
718,2.760882,3.473498,3.418400,3.280100,1176.000000,932208108.000000,1424890704.000000,252489728.000000,238014464.000000,1630183424.000000,0.000000,0.000000,0.000600,0.000000,0.000000,0.000000,0.009400,0.000000,0.012100,0.000000,0.000000,0.000000,0.004200,0.001300,0.002700,0.007100,0.000000
719,2.767728,6.887897,6.916500,6.748300,1176.000000,932208148.000000,1424890704.000000,252489728.000000,238014464.000000,1630183424.000000,0.000000,0.000000,3.924600,0.060700,0.021800,3.764000,0.014300,0.030900,0.011900,0.000600,0.000300,0.000600,0.005100,0.002500,0.003600,0.007900,0.000000
720,2.770727,3.021301,3.027500,2.890200,1176.000000,932208612.000000,1424890704.000000,252489728.000000,238014464.000000,1630183424.000000,0.000000,0.000000,0.000600,0.000000,0.000000,0.000000,0.011700,0.000000,0.011900,0.000000,0.000000,0.000000,0.004300,0.001800,0.003300,0.007200,0.000000
721,2.773470,2.739505,2.722700,2.597300,1176.000000,932208196.000000,1424890704.000000,252489728.000000,238014464.000000,1630183424.000000,0.000000,0.000000,0.000800,0.000000,0.000000,0.000000,0.010600,0.000000,0.010700,0.000000,0.000000,0.000000,0.004400,0.001600,0.002600,0.005700,0.000000
722,2.776492,3.016100,3.025400,2.881700,1176.000000,932208332.000000,1424890704.000000,252489728.000000,238014464.000000,1630183424.000000,0.000000,0.000000,0.000600,0.000000,0.000000,0.000000,0.010400,0.000000,0.011200,0.000000,0.000000,0.000000,0.004400,0.001900,0.002500,0.007100,0.000000
723,2.779616,3.099894,3.085500,2.954500,1176.000000,932213924.000000,1424890704.000000,252489728.000000,238018560.000000,1630183424.000000,0.000000,0.000000,0.000500,0.000000,0.000000,0.000000,0.013100,0.000000,0.014000,0.000000,0.000000,0.000000,0.004000,0.001800,0.002900,0.005900,0.000000
724,2.785338,5.708305,5.690100,5.541900,1176.000000,932214852.000000,1424890704.000000,252489728.000000,238018560.000000,1630183424.000000,0.000000,0.000000,2.220400,0.053000,0.022000,2.072000,0.013100,0.029600,0.014300,0.000500,0.000300,0.000800,0.005800,0.002800,0.003400,0.009200,0.000000
725,2.788595,3.236997,3.232200,3.072000,1176.000000,932215636.000000,1424890704.000000,252489728.000000,238018560.000000,1630183424.000000,0.000000,0.000000,0.001200,0.000000,0.000000,0.000000,0.014100,0.000000,0.013400,0.000000,0.000000,0.000000,0.005800,0.002300,0.003700,0.007900,0.000000
726,2.791950,3.395302,3.407000,3.251900,1176.000000,932215300.000000,1424890704.000000,252489728.000000,238018560.000000,1630183424.000000,0.000000,0.000000,0.000700,0.000000,0.000000,0.000000,0.016600,0.000000,0.013500,0.000000,0.000000,0.000000,0.006100,0.002500,0.002900,0.008200,0.000000
727,2.795434,3.429698,3.405900,3.253800,1176.000000,932215716.000000,1424890704.000000,252489728.000000,238018560.000000,1630183424.000000,0.000000,0.000000,0.000800,0.000000,0.000000,0.000000,0.012000,0.000000,0.013600,0.000000,0.000000,0.000000,0.005200,0.002100,0.002800,0.007100,0.000000
728,2.800993,5.613903,5.574000,5.413300,1176.000000,932216364.000000,1424890704.000000,252489728.000000,238018560.000000,1630183424.000000,0.000000,0.000000,2.254700,0.057200,0.022800,2.096800,0.016000,0.027900,0.012500,0.000900,0.000200,0.000700,0.006900,0.002400,0.003300,0.008000,0.000000
729,2.804271,3.282901,3.335800,3.137200,1176.000000,932220084.000000,1424890704.000000,252489728.000000,238022656.000000,1630183424.000000,0.000000,0.000000,0.000700,0.000000,0.000000,0.000000,0.012000,0.000000,0.013100,0.000000,0.000000,0.000000,0.005000,0.002000,0.003100,0.007200,0.000000
730,2.807097,2.869600,2.885300,2.752600,1176.000000,932220124.000000,1424890704.000000,252489728.000000,238022656.000000,1630183424.000000,0.000000,0.000000,0.001000,0.000000,0.000000,0.000000,0.012100,0.000000,0.012600,0.000000,0.000000,0.000000,0.004800,0.002200,0.003500,0.008800,0.000000
731,2.810223,3.092900,3.075700,2.953700,1176.000000,932224356.000000,1424890704.000000,252489728.000000,238026752.000000,1630183424.000000,0.000000,0.000000,0.000700,0.000000,0.000000,0.000000,0.009300,0.000000,0.013200,0.000000,0.000000,0.000000,0.004200,0.001500,0.002200,0.006000,0.000000
732,2.815905,5.642099,5.631000,5.492000,1176.000000,932242004.000000,1424890704.000000,252489728.000000,238026752.000000,1630183424.000000,0.000000,0.000000,2.234700,0.049200,0.020500,2.091300,0.011100,0.031800,0.014300,0.000600,0.000300,0.000700,0.004900,0.003500,0.002800,0.006900,0.000000
733,2.818883,3.006399,3.013100,2.872700,1176.000000,932230460.000000,1424890704.000000,252489728.000000,238026752.000000,1630183424.000000,0.000000,0.000000,0.000600,0.000000,0.000000,0.000000,0.013300,0.000000,0.015700,0.000000,0.000000,0.000000,0.005300,0.002600,0.003300,0.007700,0.000000
734,2.821760,2.921103,2.927200,2.796500,1176.000000,932227420.000000,1424890704.000000,252489728.000000,238026752.000000,1630183424.000000,0.000000,0.000000,0.000500,0.000000,0.000000,0.000000,0.011800,0.000000,0.013100,0.000000,0.000000,0.000000,0.005100,0.002300,0.003700,0.007300,0.000000
735,2.824851,3.074795,3.044500,2.920600,1176.000000,932231556.000000,1424890704.000000,252489728.000000,238030848.000000,1630183424.000000,0.000000,0.000000,0.000800,0.000000,0.000000,0.000000,0.010800,0.000000,0.011900,0.000000,0.000000,0.000000,0.004100,0.001600,0.002800,0.007300,0.000000
736,2.827672,2.827005,2.857900,2.712600,1176.000000,932232004.000000,1424890704.000000,252489728.000000,238030848.000000,1630183424.000000,0.000000,0.000000,0.000600,0.000000,0.000000,0.000000,0.011300,0.000000,0.012100,0.000000,0.000000,0.000000,0.005100,0.002000,0.002500,0.006000,0.000000
737,2.833710,5.874398,5.810800,5.680000,1176.000000,932236508.000000,1424890704.000000,252489728.000000,238030848.000000,1630183424.000000,0.000000,0.000000,2.588000,0.057000,0.021000,2.428900,0.010000,0.037600,0.011900,0.000600,0.000200,0.000800,0.004300,0.003000,0.002200,0.008500,0.000000
738,2.837396,3.784396,3.676800,3.497900,1176.000000,932236532.000000,1424890704.000000,252489728.000000,238030848.000000,1630183424.000000,0.000000,0.000000,0.001100,0.000000,0.000000,0.000000,0.018700,0.000000,0.013000,0.000000,0.000000,0.000000,0.006900,0.002800,0.003300,0.009200,0.000000
739,2.840933,3.546507,3.666700,3.388500,1176.000000,932236556.000000,1424890704.000000,252489728.000000,238030848.000000,1630183424.000000,0.000000,0.000000,0.001100,0.000000,0.000000,0.000000,0.013800,0.000000,0.013500,0.000000,0.000000,0.000000,0.005400,0.002300,0.003300,0.008600,0.000000
740,2.844673,3.597194,3.582300,3.420000,1176.000000,932241100.000000,1424890704.000000,252489728.000000,238034944.000000,1630183424.000000,0.000000,0.000000,0.000800,0.000000,0.000000,0.000000,0.013500,0.000000,0.013700,0.000000,0.000000,0.000000,0.005300,0.002200,0.003300,0.008200,0.000000
741,2.850539,6.011303,6.020500,5.847000,1228.000000,932241180.000000,1424890704.000000,252489728.000000,238039040.000000,1630183424.000000,0.000000,0.000000,2.150300,0.047900,0.021000,2.002300,0.015000,0.032700,0.012600,0.000700,0.000300,0.001000,0.032700,0.002600,0.003600,0.008800,0.000000
742,2.853670,3.117000,3.127900,2.973900,1176.000000,932240356.000000,1424890704.000000,252489728.000000,238039040.000000,1630183424.000000,0.000000,0.000000,0.001100,0.000000,0.000000,0.000000,0.013800,0.000000,0.013000,0.000000,0.000000,0.000000,0.005400,0.002200,0.003700,0.009000,0.000000
743,2.856719,3.096804,3.086600,2.948700,1176.000000,932240380.000000,1424890704.000000,252489728.000000,238039040.000000,1630183424.000000,0.000000,0.000000,0.000700,0.000000,0.000000,0.000000,0.012000,0.000000,0.014600,0.000000,0.000000,0.000000,0.005300,0.002200,0.003800,0.007500,0.000000
744,2.859966,3.240398,3.247700,3.099000,1176.000000,932244932.000000,1424890704.000000,252489728.000000,238043136.000000,1630183424.000000,0.000000,0.000000,0.000700,0.000000,0.000000,0.000000,0.010800,0.000000,0.012600,0.000000,0.000000,0.000000,0.004500,0.001800,0.002400,0.005900,0.000000
745,2.862826,2.863896,2.864300,2.730700,1176.000000,932244980.000000,1424890704.000000,252489728.000000,238043136.000000,1630183424.000000,0.000000,0.000000,0.000700,0.000000,0.000000,0.000000,0.011900,0.000000,0.014400,0.000000,0.000000,0.000000,0.004900,0.002300,0.003000,0.007900,0.000000
746,2.868731,5.870805,5.842400,5.702800,1176.000000,932248652.000000,1424890704.000000,252489728.000000,238047232.000000,1630183424.000000,0.000000,0.000000,2.626800,0.051100,0.020100,2.484500,0.011500,0.030500,0.013500,0.000500,0.000200,0.000700,0.004500,0.002600,0.003200,0.008200,0.000000
747,2.871994,3.275397,3.283400,3.129200,1176.000000,932248700.000000,1424890704.000000,252489728.000000,238047232.000000,1630183424.000000,0.000000,0.000000,0.000700,0.000000,0.000000,0.000000,0.014600,0.000000,0.013700,0.000000,0.000000,0.000000,0.004900,0.002500,0.003400,0.008600,0.000000
748,2.875633,3.610601,3.529900,3.380400,1176.000000,932263108.000000,1424890704.000000,252489728.000000,238047232.000000,1630183424.000000,0.000000,0.000000,0.000700,0.000000,0.000000,0.000000,0.011400,0.000000,0.015200,0.000000,0.000000,0.000000,0.005000,0.002300,0.003400,0.008900,0.000000
749,2.879104,3.481803,3.544600,3.319700,1176.000000,932251140.000000,1424890704.000000,252489728.000000,238047232.000000,1630183424.000000,0.000000,0.000000,0.000800,0.000000,0.000000,0.000000,0.013900,0.000000,0.014200,0.000000,0.000000,0.000000,0.004800,0.002200,0.003400,0.010000,0.000000
750,2.884843,5.719600,5.665500,5.503200,1176.000000,932248524.000000,1424890704.000000,252489728.000000,238047232.000000,1630183424.000000,0.000000,0.000000,2.135100,0.050200,0.020700,1.990900,0.012800,0.029900,0.014400,0.000600,0.000300,0.001000,0.005200,0.002600,0.003700,0.008500,0.000000
751,2.888020,3.211600,3.267600,3.063300,1176.000000,932252660.000000,1424890704.000000,252489728.000000,238051328.000000,1630183424.000000,0.000000,0.000000,0.000700,0.000000,0.000000,0.000000,0.016100,0.000000,0.015000,0.000000,0.000000,0.000000,0.006200,0.002200,0.003900,0.009200,0.000000
752,2.891301,3.288195,3.282000,3.137300,1176.000000,932253108.000000,1424890704.000000,252489728.000000,238051328.000000,1630183424.000000,0.000000,0.000000,0.000800,0.000000,0.000000,0.000000,0.012600,0.000000,0.012800,0.000000,0.000000,0.000000,0.005400,0.002300,0.003500,0.007500,0.000000
753,2.894806,3.463301,3.446800,3.288200,1176.000000,932252708.000000,1424890704.000000,252489728.000000,238051328.000000,1630183424.000000,0.000000,0.000000,0.000800,0.000000,0.000000,0.000000,0.011600,0.000000,0.012200,0.000000,0.000000,0.000000,0.004800,0.001800,0.003000,0.006800,0.000000
754,2.902291,7.504698,7.488800,7.323800,1176.000000,932252780.000000,1424890704.000000,252489728.000000,238051328.000000,1630183424.000000,0.000000,0.000000,3.977700,0.052700,0.023300,3.813400,0.013500,0.041500,0.013100,0.000600,0.000500,0.001200,0.005400,0.002500,0.003400,0.010900,0.000000
755,2.905867,3.531902,3.465200,3.284400,1176.000000,932253228.000000,1424890704.000000,252489728.000000,238051328.000000,1630183424.000000,0.000000,0.000000,0.000700,0.000000,0.000000,0.000000,0.013600,0.000000,0.024300,0.000000,0.000000,0.000000,0.005900,0.002400,0.003600,0.009200,0.000000
756,2.909861,3.781399,3.834500,3.591800,1176.000000,932253204.000000,1424890704.000000,252489728.000000,238051328.000000,1630183424.000000,0.000000,0.000000,0.000800,0.000000,0.000000,0.000000,0.016200,0.000000,0.015000,0.000000,0.000000,0.000000,0.007100,0.003000,0.003600,0.009700,0.000000
757,2.913392,3.772102,3.735900,3.558500,1176.000000,932261844.000000,1424890704.000000,252489728.000000,238059520.000000,1630183424.000000,0.000000,0.000000,0.000800,0.000000,0.000000,0.000000,0.016900,0.000000,0.022000,0.000000,0.000000,0.000000,0.009400,0.002800,0.003900,0.011900,0.000000
758,2.919425,6.039803,6.095800,5.878100,1176.000000,932261444.000000,1424890704.000000,252489728.000000,238059520.000000,1630183424.000000,0.000000,0.000000,2.614300,0.051200,0.022700,2.415800,0.014000,0.082400,0.012300,0.000600,0.000300,0.000700,0.005000,0.002700,0.003700,0.008600,0.000000
759,2.922506,3.085197,3.107100,2.962500,1176.000000,932261468.000000,1424890704.000000,252489728.000000,238059520.000000,1630183424.000000,0.000000,0.000000,0.000700,0.000000,0.000000,0.000000,0.013100,0.000000,0.012600,0.000000,0.000000,0.000000,0.005000,0.002200,0.002900,0.007400,0.000000
760,2.925569,3.128600,3.094500,2.970800,1176.000000,932261916.000000,1424890704.000000,252489728.000000,238059520.000000,1630183424.000000,0.000000,0.000000,0.000900,0.000000,0.000000,0.000000,0.010500,0.000000,0.017400,0.000000,0.000000,0.000000,0.004300,0.001900,0.003300,0.006600,0.000000
761,2.928635,3.008199,3.020300,2.859800,1176.000000,932261516.000000,1424890704.000000,252489728.000000,238059520.000000,1630183424.000000,0.000000,0.000000,0.000600,0.000000,0.000000,0.000000,0.010200,0.000000,0.012000,0.000000,0.000000,0.000000,0.004700,0.001600,0.002800,0.005400,0.000000
762,2.934526,5.882703,5.870100,5.728200,1176.000000,932261116.000000,1424890704.000000,252489728.000000,238059520.000000,1630183424.000000,0.000000,0.000000,2.468300,0.049500,0.021200,2.334300,0.011400,0.023400,0.011800,0.000700,0.000300,0.000900,0.005000,0.002600,0.003100,0.007700,0.000000
763,2.937282,2.833397,2.855400,2.715100,1176.000000,932265260.000000,1424890704.000000,252489728.000000,238063616.000000,1630183424.000000,0.000000,0.000000,0.000700,0.000000,0.000000,0.000000,0.013000,0.000000,0.013200,0.000000,0.000000,0.000000,0.004300,0.001800,0.002500,0.006900,0.000000
764,2.940639,3.313003,3.292900,3.167600,1176.000000,932279620.000000,1424890704.000000,252489728.000000,238063616.000000,1630183424.000000,0.000000,0.000000,0.000700,0.000000,0.000000,0.000000,0.009900,0.000000,0.012500,0.000000,0.000000,0.000000,0.004200,0.001700,0.002500,0.006300,0.000000
765,2.943735,3.070203,3.056800,2.908300,1176.000000,932267524.000000,1424890704.000000,252489728.000000,238063616.000000,1630183424.000000,0.000000,0.000000,0.000700,0.000000,0.000000,0.000000,0.011300,0.000000,0.014000,0.000000,0.000000,0.000000,0.004200,0.001700,0.003100,0.007600,0.000000
766,2.949449,5.727898,5.722500,5.570800,1176.000000,932265452.000000,1424890704.000000,252489728.000000,238063616.000000,1630183424.000000,0.000000,0.000000,2.241400,0.069700,0.020000,2.079600,0.012700,0.033800,0.012200,0.000900,0.000200,0.000600,0.004000,0.002600,0.003900,0.008000,0.000000
767,2.952331,2.930598,2.960900,2.815400,1176.000000,932265492.000000,1424890704.000000,252489728.000000,238063616.000000,1630183424.000000,0.000000,0.000000,0.000700,0.000000,0.000000,0.000000,0.014300,0.000000,0.013200,0.000000,0.000000,0.000000,0.004500,0.002000,0.003600,0.007200,0.000000
768,2.955584,3.171499,3.147100,3.029700,1176.000000,932270036.000000,1424890704.000000,252489728.000000,238067712.000000,1630183424.000000,0.000000,0.000000,0.000700,0.000000,0.000000,0.000000,0.009400,0.000000,0.011900,0.000000,0.000000,0.000000,0.004100,0.001900,0.002800,0.006900,0.000000
769,2.958704,3.169203,3.165800,3.028200,1176.000000,932273732.000000,1424890704.000000,252489728.000000,238071808.000000,1630183424.000000,0.000000,0.000000,0.000700,0.000000,0.000000,0.000000,0.011600,0.000000,0.012200,0.000000,0.000000,0.000000,0.005600,0.001900,0.003000,0.007100,0.000000
770,2.961762,3.058900,3.052600,2.910300,1176.000000,932273332.000000,1424890704.000000,252489728.000000,238071808.000000,1630183424.000000,0.000000,0.000000,0.000600,0.000000,0.000000,0.000000,0.011900,0.000000,0.012200,0.000000,0.000000,0.000000,0.004800,0.001900,0.003200,0.007000,0.000000
771,2.966959,5.205400,5.212900,5.073000,1176.000000,932273356.000000,1424890704.000000,252489728.000000,238071808.000000,1630183424.000000,0.000000,0.000000,2.118700,0.058400,0.019700,1.971400,0.011100,0.024500,0.012300,0.000700,0.000300,0.000700,0.004500,0.002400,0.003000,0.007500,0.000000
772,2.970101,3.139598,3.133400,3.002600,1176.000000,932273804.000000,1424890704.000000,252489728.000000,238071808.000000,1630183424.000000,0.000000,0.000000,0.000600,0.000000,0.000000,0.000000,0.011600,0.000000,0.011400,0.000000,0.000000,0.000000,0.004200,0.001700,0.002400,0.006500,0.000000
773,2.972914,2.840703,2.844800,2.716900,1176.000000,932274252.000000,1424890704.000000,252489728.000000,238071808.000000,1630183424.000000,0.000000,0.000000,0.000700,0.000000,0.000000,0.000000,0.011000,0.000000,0.011700,0.000000,0.000000,0.000000,0.004400,0.002200,0.002600,0.007100,0.000000
774,2.975939,3.012195,2.998200,2.873100,1176.000000,932277524.000000,1424890704.000000,252489728.000000,238075904.000000,1630183424.000000,0.000000,0.000000,0.000700,0.000000,0.000000,0.000000,0.009900,0.000000,0.011600,0.000000,0.000000,0.000000,0.004100,0.002000,0.002500,0.006700,0.000000
775,2.979002,3.043800,3.046400,2.908200,1176.000000,932277572.000000,1424890704.000000,252489728.000000,238075904.000000,1630183424.000000,0.000000,0.000000,0.000600,0.000000,0.000000,0.000000,0.009800,0.000000,0.011100,0.000000,0.000000,0.000000,0.003700,0.001700,0.002300,0.006400,0.000000
776,2.984470,5.443403,5.422900,5.287300,1176.000000,932277996.000000,1424890704.000000,252489728.000000,238075904.000000,1630183424.000000,0.000000,0.000000,2.076500,0.049600,0.020700,1.946700,0.011800,0.021300,0.012000,0.000500,0.000300,0.000700,0.004300,0.002600,0.002900,0.006800,0.000000
777,2.987356,2.944402,2.966400,2.823600,1176.000000,932278020.000000,1424890704.000000,252489728.000000,238075904.000000,1630183424.000000,0.000000,0.000000,0.000600,0.000000,0.000000,0.000000,0.014100,0.000000,0.014300,0.000000,0.000000,0.000000,0.004700,0.002100,0.003400,0.008200,0.000000
778,2.990767,3.371499,3.202500,3.076700,1176.000000,932277620.000000,1424890704.000000,252489728.000000,238075904.000000,1630183424.000000,0.000000,0.000000,0.000600,0.000000,0.000000,0.000000,0.009400,0.000000,0.012400,0.000000,0.000000,0.000000,0.004500,0.001800,0.002500,0.006500,0.000000
779,2.994031,3.233801,3.378600,3.091500,1176.000000,932281764.000000,1424890704.000000,252489728.000000,238080000.000000,1630183424.000000,0.000000,0.000000,0.000700,0.000000,0.000000,0.000000,0.011700,0.000000,0.012200,0.000000,0.000000,0.000000,0.004300,0.003600,0.002500,0.007500,0.000000
780,2.999444,5.437500,5.433000,5.292700,1176.000000,932296700.000000,1424890704.000000,252489728.000000,238080000.000000,1630183424.000000,0.000000,0.000000,2.137900,0.047700,0.020800,1.993700,0.011800,0.033500,0.012300,0.000600,0.000300,0.000700,0.005000,0.002600,0.003000,0.007300,0.000000
781,3.002161,2.773994,2.801100,2.666100,1176.000000,932284604.000000,1424890704.000000,252489728.000000,238080000.000000,1630183424.000000,0.000000,0.000000,0.000700,0.000000,0.000000,0.000000,0.012600,0.000000,0.013700,0.000000,0.000000,0.000000,0.004800,0.002100,0.002800,0.007400,0.000000
782,3.005641,3.371103,3.314400,3.190600,1176.000000,932286084.000000,1424890704.000000,252489728.000000,238084096.000000,1630183424.000000,0.000000,0.000000,0.000600,0.000000,0.000000,0.000000,0.008900,0.000000,0.011800,0.000000,0.000000,0.000000,0.003900,0.001700,0.002500,0.006500,0.000000
783,3.008763,3.175602,3.199400,3.039300,1176.000000,932286124.000000,1424890704.000000,252489728.000000,238084096.000000,1630183424.000000,0.000000,0.000000,0.001000,0.000000,0.000000,0.000000,0.014900,0.000000,0.013000,0.000000,0.000000,0.000000,0.005600,0.003200,0.003600,0.009000,0.000000
784,3.011688,2.956796,2.962600,2.829700,1176.000000,932286164.000000,1424890704.000000,252489728.000000,238084096.000000,1630183424.000000,0.000000,0.000000,0.000700,0.000000,0.000000,0.000000,0.012700,0.000000,0.013100,0.000000,0.000000,0.000000,0.004800,0.002000,0.003500,0.008500,0.000000
785,3.016758,5.034701,5.024000,4.895600,1176.000000,932289844.000000,1424890704.000000,252489728.000000,238088192.000000,1630183424.000000,0.000000,0.000000,2.120900,0.047600,0.019400,1.983200,0.010300,0.031500,0.011800,0.000600,0.000200,0.000700,0.004300,0.002800,0.002500,0.008100,0.000000
786,3.019930,3.182802,3.178500,3.044500,1176.000000,932289868.000000,1424890704.000000,252489728.000000,238088192.000000,1630183424.000000,0.000000,0.000000,0.000700,0.000000,0.000000,0.000000,0.011200,0.000000,0.011800,0.000000,0.000000,0.000000,0.004800,0.001500,0.002400,0.006400,0.000000
787,3.022775,2.863797,2.870600,2.739900,1176.000000,932289892.000000,1424890704.000000,252489728.000000,238088192.000000,1630183424.000000,0.000000,0.000000,0.000600,0.000000,0.000000,0.000000,0.011600,0.000000,0.012300,0.000000,0.000000,0.000000,0.004500,0.001900,0.002700,0.007800,0.000000
788,3.025984,3.222605,3.200100,3.076000,1176.000000,932290340.000000,1424890704.000000,252489728.000000,238088192.000000,1630183424.000000,0.000000,0.000000,0.000700,0.000000,0.000000,0.000000,0.010500,0.000000,0.012300,0.000000,0.000000,0.000000,0.004700,0.001900,0.003100,0.006400,0.000000
789,3.029038,3.030896,3.033800,2.883300,1176.000000,932291212.000000,1424890704.000000,252489728.000000,238088192.000000,1630183424.000000,0.000000,0.000000,0.000700,0.000000,0.000000,0.000000,0.010800,0.000000,0.013000,0.000000,0.000000,0.000000,0.004200,0.001600,0.002500,0.006900,0.000000
790,3.035257,6.188301,6.176300,6.037600,1176.000000,932289964.000000,1424890704.000000,252489728.000000,238088192.000000,1630183424.000000,0.000000,0.000000,2.807200,0.046400,0.020800,2.683500,0.011300,0.019500,0.011900,0.000700,0.000200,0.000600,0.004500,0.002400,0.002700,0.006200,0.000000
791,3.038116,2.880003,2.898900,2.751800,1176.000000,932294084.000000,1424890704.000000,252489728.000000,238092288.000000,1630183424.000000,0.000000,0.000000,0.000700,0.000000,0.000000,0.000000,0.013100,0.000000,0.012700,0.000000,0.000000,0.000000,0.004700,0.002000,0.003100,0.008100,0.000000
792,3.041301,3.189399,3.177000,3.051400,1176.000000,932294532.000000,1424890704.000000,252489728.000000,238092288.000000,1630183424.000000,0.000000,0.000000,0.000700,0.000000,0.000000,0.000000,0.011900,0.000000,0.012800,0.000000,0.000000,0.000000,0.004700,0.002700,0.003100,0.006800,0.000000
793,3.044569,3.260402,3.246600,3.108900,1176.000000,932294132.000000,1424890704.000000,252489728.000000,238092288.000000,1630183424.000000,0.000000,0.000000,0.000600,0.000000,0.000000,0.000000,0.011400,0.000000,0.012700,0.000000,0.000000,0.000000,0.004800,0.002000,0.002600,0.007300,0.000000
794,3.050007,5.437294,5.431800,5.286300,1228.000000,932294156.000000,1424890704.000000,252489728.000000,238092288.000000,1630183424.000000,0.000000,0.000000,2.144300,0.049200,0.021000,2.017100,0.011600,0.018800,0.012100,0.000600,0.000300,0.000500,0.004800,0.002400,0.003400,0.006800,0.000000
795,3.052784,2.806902,2.832400,2.687800,1176.000000,932298300.000000,1424890704.000000,252489728.000000,238096384.000000,1630183424.000000,0.000000,0.000000,0.000800,0.000000,0.000000,0.000000,0.013200,0.000000,0.012800,0.000000,0.000000,0.000000,0.004700,0.002000,0.003300,0.007200,0.000000
796,3.056053,3.226198,3.206000,3.086300,1176.000000,932316756.000000,1424890704.000000,252489728.000000,238100480.000000,1630183424.000000,0.000000,0.000000,0.000600,0.000000,0.000000,0.000000,0.009300,0.000000,0.012400,0.000000,0.000000,0.000000,0.003900,0.001700,0.002700,0.006500,0.000000
797,3.059401,3.362401,3.359400,3.226400,1176.000000,932304660.000000,1424890704.000000,252489728.000000,238100480.000000,1630183424.000000,0.000000,0.000000,0.000700,0.000000,0.000000,0.000000,0.011100,0.000000,0.013600,0.000000,0.000000,0.000000,0.004600,0.001800,0.002500,0.007800,0.000000
798,3.062363,3.001403,3.011400,2.882600,1176.000000,932302044.000000,1424890704.000000,252489728.000000,238100480.000000,1630183424.000000,0.000000,0.000000,0.000800,0.000000,0.000000,0.000000,0.011500,0.000000,0.013200,0.000000,0.000000,0.000000,0.004700,0.001800,0.002700,0.008000,0.000000
799,3.067803,5.376297,5.342400,5.215400,1176.000000,932302508.000000,1424890704.000000,252489728.000000,238100480.000000,1630183424.000000,0.000000,0.000000,2.209800,0.050700,0.021100,2.065400,0.009600,0.031300,0.013400,0.000600,0.000400,0.001000,0.004400,0.002800,0.002700,0.007700,0.000000
800,3.071194,3.410601,3.405300,3.255100,1176.000000,932302548.000000,1424890704.000000,252489728.000000,238100480.000000,1630183424.000000,0.000000,0.000000,0.001000,0.000000,0.000000,0.000000,0.014800,0.000000,0.014200,0.000000,0.000000,0.000000,0.005000,0.002000,0.003200,0.006800,0.000000
801,3.074534,3.320904,3.328800,3.178700,1176.000000,932302132.000000,1424890704.000000,252489728.000000,238100480.000000,1630183424.000000,0.000000,0.000000,0.000700,0.000000,0.000000,0.000000,0.012200,0.000000,0.012300,0.000000,0.000000,0.000000,0.004400,0.001800,0.003200,0.007500,0.000000
802,3.077222,2.782497,2.794200,2.659000,1176.000000,932306252.000000,1424890704.000000,252489728.000000,238104576.000000,1630183424.000000,0.000000,0.000000,0.000600,0.000000,0.000000,0.000000,0.012300,0.000000,0.012100,0.000000,0.000000,0.000000,0.005000,0.001800,0.003100,0.007500,0.000000
803,3.082343,5.058900,5.050400,4.920300,1176.000000,932306276.000000,1424890704.000000,252489728.000000,238104576.000000,1630183424.000000,0.000000,0.000000,2.137200,0.043600,0.019200,2.012000,0.008800,0.024100,0.012000,0.000500,0.000300,0.000900,0.003800,0.002700,0.002100,0.007800,0.000000
804,3.085649,3.290802,3.266700,3.134600,1176.000000,932306724.000000,1424890704.000000,252489728.000000,238104576.000000,1630183424.000000,0.000000,0.000000,0.000600,0.000000,0.000000,0.000000,0.011000,0.000000,0.011600,0.000000,0.000000,0.000000,0.003700,0.001500,0.002900,0.006800,0.000000
805,3.088818,3.175595,3.183400,3.033500,1176.000000,932307172.000000,1424890704.000000,252489728.000000,238104576.000000,1630183424.000000,0.000000,0.000000,0.000700,0.000000,0.000000,0.000000,0.011100,0.000000,0.012000,0.000000,0.000000,0.000000,0.004700,0.002000,0.002700,0.007300,0.000000
806,3.091665,2.894600,2.922100,2.786800,1176.000000,932306348.000000,1424890704.000000,252489728.000000,238104576.000000,1630183424.000000,0.000000,0.000000,0.000700,0.000000,0.000000,0.000000,0.011600,0.000000,0.012700,0.000000,0.000000,0.000000,0.004700,0.002100,0.003000,0.007200,0.000000
807,3.094848,3.112302,3.083900,2.969800,1176.000000,932310468.000000,1424890704.000000,252489728.000000,238108672.000000,1630183424.000000,0.000000,0.000000,0.000700,0.000000,0.000000,0.000000,0.009300,0.000000,0.011800,0.000000,0.000000,0.000000,0.003900,0.001700,0.002500,0.006600,0.000000
808,3.100416,5.571804,5.545900,5.404000,1176.000000,932319756.000000,1424890704.000000,252489728.000000,238112768.000000,1630183424.000000,0.000000,0.000000,2.121900,0.058600,0.021400,1.977300,0.012000,0.025100,0.012900,0.000500,0.000300,0.000500,0.005000,0.002600,0.003100,0.007100,0.000000
809,3.103460,3.054500,3.067100,2.907000,1176.000000,932319356.000000,1424890704.000000,252489728.000000,238112768.000000,1630183424.000000,0.000000,0.000000,0.000600,0.000000,0.000000,0.000000,0.012900,0.000000,0.013400,0.000000,0.000000,0.000000,0.004300,0.003100,0.002200,0.007500,0.000000
810,3.106285,2.872095,2.889400,2.750100,1176.000000,932319380.000000,1424890704.000000,252489728.000000,238112768.000000,1630183424.000000,0.000000,0.000000,0.000800,0.000000,0.000000,0.000000,0.012000,0.000000,0.012600,0.000000,0.000000,0.000000,0.004700,0.002100,0.003200,0.008500,0.000000
811,3.109490,3.166900,3.151200,3.027800,1176.000000,932319852.000000,1424890704.000000,252489728.000000,238112768.000000,1630183424.000000,0.000000,0.000000,0.000700,0.000000,0.000000,0.000000,0.009800,0.000000,0.013700,0.000000,0.000000,0.000000,0.004000,0.001600,0.002600,0.007300,0.000000
812,3.112255,2.810700,2.825500,2.698000,1176.000000,932329316.000000,1424890704.000000,252489728.000000,238112768.000000,1630183424.000000,0.000000,0.000000,0.000700,0.000000,0.000000,0.000000,0.010500,0.000000,0.013500,0.000000,0.000000,0.000000,0.004200,0.002000,0.002000,0.007200,0.000000
813,3.117412,5.064704,5.038800,4.917700,1176.000000,932321316.000000,1424890704.000000,252489728.000000,238116864.000000,1630183424.000000,0.000000,0.000000,2.114100,0.045000,0.020000,1.986400,0.009100,0.024900,0.012500,0.000500,0.000200,0.000800,0.004200,0.002400,0.002200,0.007600,0.000000
814,3.120632,3.274199,3.273700,3.136100,1176.000000,932318700.000000,1424890704.000000,252489728.000000,238116864.000000,1630183424.000000,0.000000,0.000000,0.000600,0.000000,0.000000,0.000000,0.015500,0.000000,0.012300,0.000000,0.000000,0.000000,0.005600,0.001700,0.002700,0.006800,0.000000
815,3.123786,3.093296,3.062300,2.920300,1176.000000,932318740.000000,1424890704.000000,252489728.000000,238116864.000000,1630183424.000000,0.000000,0.000000,0.000900,0.000000,0.000000,0.000000,0.011300,0.000000,0.011500,0.000000,0.000000,0.000000,0.004400,0.001700,0.002800,0.007300,0.000000
816,3.126618,2.924603,2.967100,2.810600,1176.000000,932319188.000000,1424890704.000000,252489728.000000,238116864.000000,1630183424.000000,0.000000,0.000000,0.000700,0.000000,0.000000,0.000000,0.015000,0.000000,0.013300,0.000000,0.000000,0.000000,0.006200,0.002900,0.003300,0.008500,0.000000
817,3.129776,3.130896,3.091400,2.972100,1176.000000,932318788.000000,1424890704.000000,252489728.000000,238116864.000000,1630183424.000000,0.000000,0.000000,0.000600,0.000000,0.000000,0.000000,0.009300,0.000000,0.011800,0.000000,0.000000,0.000000,0.004100,0.001500,0.002500,0.006300,0.000000
818,3.135582,5.770904,5.772900,5.616300,1176.000000,932318812.000000,1424890704.000000,252489728.000000,238116864.000000,1630183424.000000,0.000000,0.000000,2.062000,0.044600,0.018800,1.938300,0.012000,0.022300,0.012700,0.000600,0.000300,0.000600,0.004300,0.003000,0.002500,0.006300,0.000000
819,3.138711,3.160998,3.176800,3.029000,1176.000000,932322932.000000,1424890704.000000,252489728.000000,238120960.000000,1630183424.000000,0.000000,0.000000,0.000700,0.000000,0.000000,0.000000,0.012500,0.000000,0.012800,0.000000,0.000000,0.000000,0.005100,0.002000,0.003300,0.007900,0.000000
820,3.141439,2.759800,2.773100,2.647900,1176.000000,932327476.000000,1424890704.000000,252489728.000000,238125056.000000,1630183424.000000,0.000000,0.000000,0.000700,0.000000,0.000000,0.000000,0.012100,0.000000,0.011600,0.000000,0.000000,0.000000,0.004500,0.001900,0.002600,0.007100,0.000000
821,3.144604,3.080201,3.055000,2.940100,1176.000000,932327924.000000,1424890704.000000,252489728.000000,238125056.000000,1630183424.000000,0.000000,0.000000,0.000700,0.000000,0.000000,0.000000,0.009500,0.000000,0.010700,0.000000,0.000000,0.000000,0.004400,0.001500,0.002300,0.006900,0.000000
822,3.150095,5.520599,5.489400,5.353300,1176.000000,932327524.000000,1424890704.000000,252489728.000000,238125056.000000,1630183424.000000,0.000000,0.000000,2.063000,0.047900,0.018200,1.937800,0.011300,0.019200,0.010900,0.000600,0.000300,0.000700,0.005500,0.002300,0.003600,0.006600,0.000000
823,3.152885,2.830201,2.868900,2.712000,1176.000000,932327572.000000,1424890704.000000,252489728.000000,238125056.000000,1630183424.000000,0.000000,0.000000,0.000700,0.000000,0.000000,0.000000,0.013500,0.000000,0.012400,0.000000,0.000000,0.000000,0.005100,0.002100,0.002600,0.007900,0.000000
824,3.156177,3.195699,3.183000,3.061500,1176.000000,932332092.000000,1424890704.000000,252489728.000000,238129152.000000,1630183424.000000,0.000000,0.000000,0.000800,0.000000,0.000000,0.000000,0.010100,0.000000,0.011800,0.000000,0.000000,0.000000,0.004500,0.001900,0.002800,0.006200,0.000000
825,3.159235,3.137798,3.126100,2.993300,1176.000000,932331692.000000,1424890704.000000,252489728.000000,238129152.000000,1630183424.000000,0.000000,0.000000,0.000700,0.000000,0.000000,0.000000,0.011100,0.000000,0.012700,0.000000,0.000000,0.000000,0.005700,0.002000,0.002900,0.008200,0.000000
826,3.162076,2.881505,2.899300,2.765800,1176.000000,932335388.000000,1424890704.000000,252489728.000000,238133248.000000,1630183424.000000,0.000000,0.000000,0.000600,0.000000,0.000000,0.000000,0.011100,0.000000,0.012500,0.000000,0.000000,0.000000,0.005000,0.001900,0.002800,0.007600,0.000000
827,3.168391,6.221195,6.174400,6.042500,1176.000000,932336124.000000,1424890704.000000,252489728.000000,238133248.000000,1630183424.000000,0.000000,0.000000,3.002900,0.046000,0.019000,2.864500,0.009600,0.031500,0.012600,0.000600,0.000200,0.000900,0.004000,0.002600,0.002500,0.009600,0.000000
828,3.171495,3.158900,3.181900,3.011500,1176.000000,932355436.000000,1424890704.000000,252489728.000000,238133248.000000,1630183424.000000,0.000000,0.000000,0.000600,0.000000,0.000000,0.000000,0.014500,0.000000,0.015800,0.000000,0.000000,0.000000,0.005700,0.002200,0.003600,0.008400,0.000000
829,3.174722,3.192404,3.175600,3.042700,1176.000000,932343468.000000,1424890704.000000,252489728.000000,238133248.000000,1630183424.000000,0.000000,0.000000,0.000700,0.000000,0.000000,0.000000,0.011400,0.000000,0.013400,0.000000,0.000000,0.000000,0.005100,0.001800,0.002500,0.007800,0.000000
830,3.177372,2.729301,2.765400,2.627000,1176.000000,932345076.000000,1424890704.000000,252489728.000000,238137344.000000,1630183424.000000,0.000000,0.000000,0.000700,0.000000,0.000000,0.000000,0.018900,0.000000,0.012300,0.000000,0.000000,0.000000,0.005400,0.002400,0.002900,0.008600,0.000000
831,3.182896,5.444898,5.367500,5.247700,1176.000000,932345668.000000,1424890704.000000,252489728.000000,238137344.000000,1622843392.000000,0.000000,0.000000,2.304600,0.058000,0.021700,2.125700,0.009000,0.050600,0.018000,0.000600,0.000500,0.000700,0.004200,0.003600,0.002500,0.009300,0.000000
832,3.186141,3.270103,3.305800,3.084400,1176.000000,932346116.000000,1424890704.000000,252489728.000000,238137344.000000,1622843392.000000,0.000000,0.000000,0.000800,0.000000,0.000000,0.000000,0.012000,0.000000,0.013400,0.000000,0.000000,0.000000,0.004400,0.002100,0.003100,0.007200,0.000000
833,3.189280,3.140094,3.142900,3.004600,1176.000000,932350356.000000,1424890704.000000,252489728.000000,238141440.000000,1622843392.000000,0.000000,0.000000,0.000600,0.000000,0.000000,0.000000,0.011100,0.000000,0.014100,0.000000,0.000000,0.000000,0.004500,0.001700,0.003000,0.006100,0.000000
834,3.192005,2.777905,2.797200,2.668200,1176.000000,932349956.000000,1424890704.000000,252489728.000000,238141440.000000,1622843392.000000,0.000000,0.000000,0.000700,0.000000,0.000000,0.000000,0.012000,0.000000,0.013000,0.000000,0.000000,0.000000,0.004300,0.002100,0.003300,0.008100,0.000000
835,3.195401,3.306300,3.270900,3.151300,1176.000000,932353652.000000,1424890704.000000,252489728.000000,238145536.000000,1622843392.000000,0.000000,0.000000,0.000600,0.000000,0.000000,0.000000,0.008600,0.000000,0.011200,0.000000,0.000000,0.000000,0.003700,0.001400,0.002200,0.006000,0.000000
836,3.201316,5.945401,5.898500,5.752600,1176.000000,932354204.000000,1424890704.000000,252489728.000000,238145536.000000,1622843392.000000,0.000000,0.000000,2.521400,0.063900,0.019400,2.378300,0.013100,0.030800,0.021100,0.000500,0.000300,0.000700,0.005600,0.002700,0.003000,0.009700,0.000000
837,3.204447,3.133695,3.180800,2.990500,1176.000000,932354700.000000,1424890704.000000,252489728.000000,238145536.000000,1622843392.000000,0.000000,0.000000,0.000700,0.000000,0.000000,0.000000,0.012300,0.000000,0.012800,0.000000,0.000000,0.000000,0.004900,0.001800,0.003200,0.006400,0.000000
838,3.207233,2.834304,2.857500,2.725500,1176.000000,932353876.000000,1424890704.000000,252489728.000000,238145536.000000,1622843392.000000,0.000000,0.000000,0.000500,0.000000,0.000000,0.000000,0.012400,0.000000,0.011900,0.000000,0.000000,0.000000,0.004300,0.002000,0.002300,0.007100,0.000000
839,3.210583,3.294097,3.116900,2.997900,1176.000000,932353900.000000,1424890704.000000,252489728.000000,238145536.000000,1622843392.000000,0.000000,0.000000,0.000600,0.000000,0.000000,0.000000,0.010500,0.000000,0.038700,0.000000,0.000000,0.000000,0.003800,0.001700,0.002300,0.006500,0.000000
840,3.216299,5.647598,5.785400,5.502900,1176.000000,932354452.000000,1424890704.000000,252489728.000000,238145536.000000,1622843392.000000,0.000000,0.000000,2.106200,0.048700,0.020900,1.975400,0.011800,0.021600,0.013200,0.000500,0.000300,0.000500,0.003800,0.002700,0.002800,0.007500,0.000000
841,3.219400,3.179705,3.184200,3.038500,1176.000000,932358172.000000,1424890704.000000,252489728.000000,238149632.000000,1622843392.000000,0.000000,0.000000,0.000700,0.000000,0.000000,0.000000,0.012700,0.000000,0.011900,0.000000,0.000000,0.000000,0.004500,0.001800,0.003100,0.008200,0.000000
842,3.222425,3.044997,3.053900,2.915500,1176.000000,932358172.000000,1424890704.000000,252489728.000000,238149632.000000,1622843392.000000,0.000000,0.000000,0.000600,0.000000,0.000000,0.000000,0.011700,0.000000,0.012200,0.000000,0.000000,0.000000,0.004700,0.002400,0.002900,0.007600,0.000000
843,3.225765,3.332398,3.257500,3.130500,1176.000000,932358220.000000,1424890704.000000,252489728.000000,238149632.000000,1622843392.000000,0.000000,0.000000,0.000600,0.000000,0.000000,0.000000,0.010500,0.000000,0.012300,0.000000,0.000000,0.000000,0.004000,0.001900,0.003000,0.007200,0.000000
844,3.228841,3.048604,3.098400,2.904700,1176.000000,932372580.000000,1424890704.000000,252489728.000000,238149632.000000,1622843392.000000,0.000000,0.000000,0.000600,0.000000,0.000000,0.000000,0.011400,0.000000,0.012100,0.000000,0.000000,0.000000,0.004000,0.001900,0.002700,0.006900,0.000000
845,3.234138,5.295096,5.271900,5.130000,1176.000000,932361060.000000,1424890704.000000,252489728.000000,238149632.000000,1622843392.000000,0.000000,0.000000,2.089400,0.052600,0.021100,1.957500,0.025100,0.021600,0.016600,0.000500,0.000300,0.000400,0.004500,0.002400,0.003200,0.007100,0.000000
846,3.236946,2.865299,2.911200,2.752100,1176.000000,932362540.000000,1424890704.000000,252489728.000000,238153728.000000,1622843392.000000,0.000000,0.000000,0.000700,0.000000,0.000000,0.000000,0.013000,0.000000,0.012500,0.000000,0.000000,0.000000,0.008600,0.002100,0.003200,0.007800,0.000000
847,3.240219,3.227005,3.205500,3.088600,1176.000000,932366684.000000,1424890704.000000,252489728.000000,238157824.000000,1622843392.000000,0.000000,0.000000,0.000700,0.000000,0.000000,0.000000,0.009300,0.000000,0.011900,0.000000,0.000000,0.000000,0.003700,0.001600,0.002100,0.006000,0.000000
848,3.242922,2.735098,2.749100,2.621000,1176.000000,932367124.000000,1424890704.000000,252489728.000000,238157824.000000,1622843392.000000,0.000000,0.000000,0.000700,0.000000,0.000000,0.000000,0.010500,0.000000,0.012200,0.000000,0.000000,0.000000,0.004700,0.001900,0.002900,0.006300,0.000000
849,3.246107,3.173399,3.073700,2.955600,1176.000000,932366300.000000,1424890704.000000,252489728.000000,238157824.000000,1622843392.000000,0.000000,0.000000,0.000600,0.000000,0.000000,0.000000,0.009900,0.000000,0.011500,0.000000,0.000000,0.000000,0.004300,0.001800,0.002800,0.006100,0.000000
850,3.251583,5.463499,5.534000,5.321700,1228.000000,932366348.000000,1424890704.000000,252489728.000000,238157824.000000,1622843392.000000,0.000000,0.000000,2.246400,0.048300,0.020100,2.115400,0.010600,0.023600,0.014700,0.000700,0.000300,0.000600,0.004600,0.002900,0.002500,0.007200,0.000000
851,3.254841,3.226105,3.214500,3.072100,1176.000000,932366372.000000,1424890704.000000,252489728.000000,238157824.000000,1622843392.000000,0.000000,0.000000,0.000700,0.000000,0.000000,0.000000,0.012300,0.000000,0.011500,0.000000,0.000000,0.000000,0.004300,0.001700,0.002700,0.006200,0.000000
852,3.257606,2.824596,2.848200,2.706400,1176.000000,932370916.000000,1424890704.000000,252489728.000000,238161920.000000,1622843392.000000,0.000000,0.000000,0.000800,0.000000,0.000000,0.000000,0.012700,0.000000,0.012700,0.000000,0.000000,0.000000,0.005100,0.002400,0.002500,0.008900,0.000000
853,3.260759,3.129401,3.113600,2.991200,1176.000000,932371364.000000,1424890704.000000,252489728.000000,238161920.000000,1622843392.000000,0.000000,0.000000,0.000800,0.000000,0.000000,0.000000,0.011000,0.000000,0.011500,0.000000,0.000000,0.000000,0.004200,0.001800,0.002700,0.006700,0.000000
854,3.266107,5.345699,5.337100,5.202600,1176.000000,932371188.000000,1424890704.000000,252489728.000000,238161920.000000,1622843392.000000,0.000000,0.000000,2.130500,0.050200,0.019900,1.992600,0.010900,0.030200,0.011800,0.000500,0.000200,0.000700,0.004300,0.002500,0.002300,0.007300,0.000000
855,3.269065,2.961104,2.965200,2.826400,1176.000000,932371684.000000,1424890704.000000,252489728.000000,238161920.000000,1622843392.000000,0.000000,0.000000,0.000600,0.000000,0.000000,0.000000,0.011900,0.000000,0.013700,0.000000,0.000000,0.000000,0.004400,0.001800,0.002800,0.005600,0.000000
856,3.271815,2.797300,2.814200,2.688400,1176.000000,932371708.000000,1424890704.000000,252489728.000000,238161920.000000,1622843392.000000,0.000000,0.000000,0.000600,0.000000,0.000000,0.000000,0.010700,0.000000,0.013800,0.000000,0.000000,0.000000,0.004000,0.002100,0.003200,0.007200,0.000000
857,3.275040,3.150595,3.115700,3.002300,1176.000000,932371332.000000,1424890704.000000,252489728.000000,238161920.000000,1622843392.000000,0.000000,0.000000,0.000600,0.000000,0.000000,0.000000,0.009300,0.000000,0.011500,0.000000,0.000000,0.000000,0.003800,0.001800,0.002400,0.006500,0.000000
858,3.277820,2.832603,2.847800,2.711100,1176.000000,932375004.000000,1424890704.000000,252489728.000000,238166016.000000,1622843392.000000,0.000000,0.000000,0.000800,0.000000,0.000000,0.000000,0.011500,0.000000,0.012400,0.000000,0.000000,0.000000,0.005100,0.002300,0.002700,0.007800,0.000000
859,3.283704,5.827997,5.798500,5.666700,1176.000000,932379308.000000,1424890704.000000,252489728.000000,238170112.000000,1622843392.000000,0.000000,0.000000,2.599300,0.049700,0.020400,2.458100,0.009700,0.031100,0.012800,0.000700,0.000200,0.000700,0.003700,0.002400,0.002400,0.007100,0.000000
860,3.286695,3.036203,3.036100,2.887000,1176.000000,932393692.000000,1424890704.000000,252489728.000000,238170112.000000,1622843392.000000,0.000000,0.000000,0.000700,0.000000,0.000000,0.000000,0.013800,0.000000,0.013400,0.000000,0.000000,0.000000,0.004800,0.002000,0.003300,0.007400,0.000000
861,3.290218,3.477898,3.466200,3.312900,1176.000000,932381596.000000,1424890704.000000,252489728.000000,238170112.000000,1622843392.000000,0.000000,0.000000,0.000600,0.000000,0.000000,0.000000,0.011100,0.000000,0.012700,0.000000,0.000000,0.000000,0.004400,0.001800,0.002900,0.006600,0.000000
862,3.293207,2.989902,3.000500,2.843800,1176.000000,932378980.000000,1424890704.000000,252489728.000000,238170112.000000,1622843392.000000,0.000000,0.000000,0.000600,0.000000,0.000000,0.000000,0.012900,0.000000,0.013300,0.000000,0.000000,0.000000,0.004700,0.002200,0.003300,0.007600,0.000000
863,3.296485,3.273795,3.266300,3.123200,1176.000000,932383132.000000,1424890704.000000,252489728.000000,238174208.000000,1622843392.000000,0.000000,0.000000,0.001000,0.000000,0.000000,0.000000,0.011600,0.000000,0.012600,0.000000,0.000000,0.000000,0.005100,0.002300,0.003400,0.007700,0.000000
864,3.302887,6.362500,6.329500,6.174600,1176.000000,932383612.000000,1424890704.000000,252489728.000000,238174208.000000,1622843392.000000,0.000000,0.000000,3.057000,0.051800,0.021800,2.901200,0.011700,0.036400,0.019300,0.000600,0.000200,0.001100,0.004400,0.002700,0.003200,0.010300,0.000000
865,3.306305,3.455605,3.477500,3.306400,1176.000000,932383212.000000,1424890704.000000,252489728.000000,238174208.000000,1622843392.000000,0.000000,0.000000,0.000700,0.000000,0.000000,0.000000,0.018100,0.000000,0.013600,0.000000,0.000000,0.000000,0.005300,0.002400,0.004000,0.008700,0.000000
866,3.309492,3.204897,3.207900,3.059900,1176.000000,932383236.000000,1424890704.000000,252489728.000000,238174208.000000,1622843392.000000,0.000000,0.000000,0.000900,0.000000,0.000000,0.000000,0.012300,0.000000,0.012200,0.000000,0.000000,0.000000,0.005800,0.002200,0.003600,0.008100,0.000000
867,3.312301,2.856597,2.878200,2.744000,1176.000000,932383684.000000,1424890704.000000,252489728.000000,238174208.000000,1622843392.000000,0.000000,0.000000,0.000700,0.000000,0.000000,0.000000,0.012700,0.000000,0.013900,0.000000,0.000000,0.000000,0.005000,0.001800,0.003600,0.007500,0.000000
868,3.317489,5.118105,5.093000,4.974700,1176.000000,932383716.000000,1424890704.000000,252489728.000000,238174208.000000,1622843392.000000,0.000000,0.000000,2.207400,0.054800,0.020400,2.058600,0.009400,0.032700,0.012800,0.000700,0.000400,0.000600,0.004400,0.002700,0.002600,0.008000,0.000000
869,3.320869,3.379301,3.365700,3.223900,1176.000000,932388260.000000,1424890704.000000,252489728.000000,238178304.000000,1622843392.000000,0.000000,0.000000,0.000800,0.000000,0.000000,0.000000,0.011100,0.000000,0.011300,0.000000,0.000000,0.000000,0.004800,0.001600,0.003200,0.006000,0.000000
870,3.323985,3.136196,3.137000,2.985500,1176.000000,932387436.000000,1424890704.000000,252489728.000000,238178304.000000,1622843392.000000,0.000000,0.000000,0.000700,0.000000,0.000000,0.000000,0.024100,0.000000,0.012600,0.000000,0.000000,0.000000,0.005400,0.001800,0.003200,0.007300,0.000000
871,3.326932,3.004401,2.995000,2.857700,1176.000000,932391556.000000,1424890704.000000,252489728.000000,238182400.000000,1622843392.000000,0.000000,0.000000,0.000700,0.000000,0.000000,0.000000,0.011700,0.000000,0.013200,0.000000,0.000000,0.000000,0.004900,0.002100,0.003100,0.007000,0.000000
872,3.332157,5.190398,5.199500,5.048800,1176.000000,932392036.000000,1424890704.000000,252489728.000000,238182400.000000,1622843392.000000,0.000000,0.000000,2.123800,0.047700,0.019600,1.982700,0.009900,0.032900,0.011700,0.000600,0.000200,0.000600,0.004700,0.002700,0.002500,0.008100,0.000000
873,3.335435,3.256101,3.255400,3.116800,1176.000000,932391660.000000,1424890704.000000,252489728.000000,238182400.000000,1622843392.000000,0.000000,0.000000,0.000600,0.000000,0.000000,0.000000,0.011700,0.000000,0.011200,0.000000,0.000000,0.000000,0.004500,0.001500,0.002700,0.005100,0.000000
874,3.338487,3.075900,3.047300,2.914400,1176.000000,932391660.000000,1424890704.000000,252489728.000000,238182400.000000,1622843392.000000,0.000000,0.000000,0.000700,0.000000,0.000000,0.000000,0.011300,0.000000,0.012500,0.000000,0.000000,0.000000,0.004600,0.001800,0.003000,0.008100,0.000000
875,3.341321,2.861699,2.902300,2.747400,1176.000000,932395804.000000,1424890704.000000,252489728.000000,238186496.000000,1622843392.000000,0.000000,0.000000,0.000700,0.000000,0.000000,0.000000,0.012000,0.000000,0.056300,0.000000,0.000000,0.000000,0.004700,0.002000,0.002700,0.006800,0.000000
876,3.344461,3.101403,3.068800,2.951200,1176.000000,932410164.000000,1424890704.000000,252489728.000000,238186496.000000,1622843392.000000,0.000000,0.000000,0.000600,0.000000,0.000000,0.000000,0.009500,0.000000,0.011900,0.000000,0.000000,0.000000,0.003900,0.001800,0.002500,0.006300,0.000000
877,3.350158,5.671698,5.602800,5.428900,1176.000000,932398636.000000,1424890704.000000,252489728.000000,238186496.000000,1622843392.000000,0.000000,0.000000,2.164500,0.050800,0.021700,2.034800,0.012100,0.018900,0.014700,0.000500,0.000200,0.000700,0.004500,0.003100,0.002800,0.006500,0.000000
878,3.353337,3.171499,3.225900,3.022600,1176.000000,932395596.000000,1424890704.000000,252489728.000000,238186496.000000,1622843392.000000,0.000000,0.000000,0.000700,0.000000,0.000000,0.000000,0.015000,0.000000,0.013900,0.000000,0.000000,0.000000,0.004300,0.002300,0.003400,0.007700,0.000000
879,3.356623,3.282901,3.278300,3.124700,1176.000000,932395644.000000,1424890704.000000,252489728.000000,238186496.000000,1622843392.000000,0.000000,0.000000,0.000900,0.000000,0.000000,0.000000,0.011900,0.000000,0.012300,0.000000,0.000000,0.000000,0.004900,0.002800,0.003900,0.008000,0.000000
880,3.360229,3.591702,3.557800,3.399900,1176.000000,932400180.000000,1424890704.000000,252489728.000000,238190592.000000,1622843392.000000,0.000000,0.000000,0.000900,0.000000,0.000000,0.000000,0.011400,0.000000,0.012400,0.000000,0.000000,0.000000,0.004800,0.001900,0.003400,0.007900,0.000000
881,3.366245,6.013301,6.034100,5.849600,1176.000000,932404700.000000,1424890704.000000,252489728.000000,238190592.000000,1622843392.000000,0.000000,0.000000,2.170200,0.064600,0.025100,2.011700,0.015600,0.026600,0.012600,0.000700,0.000300,0.000600,0.005900,0.002700,0.003400,0.008800,0.000000
882,3.370657,4.284998,4.080800,3.896400,1176.000000,932404724.000000,1424890704.000000,252489728.000000,238190592.000000,1622843392.000000,0.000000,0.000000,0.001100,0.000000,0.000000,0.000000,0.014500,0.000000,0.012700,0.000000,0.000000,0.000000,0.006100,0.002800,0.003600,0.009000,0.000000
883,3.374350,3.791000,3.968400,3.616800,1176.000000,932404748.000000,1424890704.000000,252489728.000000,238190592.000000,1622843392.000000,0.000000,0.000000,0.001200,0.000000,0.000000,0.000000,0.024500,0.000000,0.014900,0.000000,0.000000,0.000000,0.007600,0.002400,0.004600,0.012000,0.000000
884,3.377838,3.456895,3.453500,3.281900,1176.000000,932409292.000000,1424890704.000000,252489728.000000,238194688.000000,1622843392.000000,0.000000,0.000000,0.000800,0.000000,0.000000,0.000000,0.014300,0.000000,0.013700,0.000000,0.000000,0.000000,0.006000,0.002500,0.002800,0.008900,0.000000
885,3.385067,7.159503,7.158400,6.982700,1176.000000,932405268.000000,1424890704.000000,252489728.000000,238194688.000000,1622843392.000000,0.000000,0.000000,2.943900,0.061200,0.023200,2.754900,0.016400,0.048700,0.012500,0.000700,0.000200,0.001600,0.006600,0.002700,0.003300,0.013500,0.000000
886,3.388812,3.858801,3.807000,3.626900,1176.000000,932408668.000000,1424890704.000000,252489728.000000,238198784.000000,1622843392.000000,0.000000,0.000000,0.001000,0.000000,0.000000,0.000000,0.017300,0.000000,0.014500,0.000000,0.000000,0.000000,0.007200,0.002300,0.004300,0.011100,0.000000
887,3.392639,3.783503,3.809200,3.585400,1176.000000,932408692.000000,1424890704.000000,252489728.000000,238198784.000000,1622843392.000000,0.000000,0.000000,0.000700,0.000000,0.000000,0.000000,0.018600,0.000000,0.016200,0.000000,0.000000,0.000000,0.006500,0.002300,0.003800,0.008700,0.000000
888,3.396610,3.949894,3.940800,3.748700,1176.000000,932409140.000000,1424890704.000000,252489728.000000,238198784.000000,1622843392.000000,0.000000,0.000000,0.001000,0.000000,0.000000,0.000000,0.017700,0.000000,0.014300,0.000000,0.000000,0.000000,0.006500,0.003500,0.004100,0.012000,0.000000
889,3.403203,6.596903,6.588300,6.386300,1176.000000,932409196.000000,1424890704.000000,252489728.000000,238198784.000000,1622843392.000000,0.000000,0.000000,2.950500,0.063000,0.027000,2.749300,0.017700,0.047100,0.014100,0.000700,0.000400,0.001600,0.007200,0.003100,0.003800,0.014500,0.000000
890,3.407259,4.074703,3.972200,3.774800,1176.000000,932409196.000000,1424890704.000000,252489728.000000,238198784.000000,1622843392.000000,0.000000,0.000000,0.000900,0.000000,0.000000,0.000000,0.022300,0.000000,0.014900,0.000000,0.000000,0.000000,0.007500,0.003300,0.004400,0.011300,0.000000
891,3.411686,4.416901,4.502300,4.200600,1176.000000,932413316.000000,1424890704.000000,252489728.000000,238202880.000000,1622843392.000000,0.000000,0.000000,0.000900,0.000000,0.000000,0.000000,0.017000,0.000000,0.030200,0.000000,0.000000,0.000000,0.007800,0.003200,0.004600,0.011200,0.000000
892,3.418359,6.677997,6.701100,6.498800,1176.000000,932427740.000000,1424890704.000000,252489728.000000,238202880.000000,1622843392.000000,0.000000,0.000000,2.736100,0.064200,0.028800,2.536500,0.019500,0.044400,0.015100,0.000800,0.000200,0.001500,0.007700,0.003000,0.004000,0.010700,0.000000
893,3.422303,3.997598,3.969300,3.795900,1176.000000,932415644.000000,1424890704.000000,252489728.000000,238202880.000000,1622843392.000000,0.000000,0.000000,0.000700,0.000000,0.000000,0.000000,0.019600,0.000000,0.015200,0.000000,0.000000,0.000000,0.006300,0.003000,0.003700,0.009400,0.000000
894,3.426354,4.056498,4.075400,3.876300,1176.000000,932413028.000000,1424890704.000000,252489728.000000,238202880.000000,1622843392.000000,0.000000,0.000000,0.000700,0.000000,0.000000,0.000000,0.016900,0.000000,0.017400,0.000000,0.000000,0.000000,0.006000,0.003400,0.003800,0.008600,0.000000
895,3.430354,3.958107,3.937900,3.754700,1176.000000,932413068.000000,1424890704.000000,252489728.000000,238202880.000000,1622843392.000000,0.000000,0.000000,0.001100,0.000000,0.000000,0.000000,0.014300,0.000000,0.013800,0.000000,0.000000,0.000000,0.006100,0.002300,0.003700,0.008700,0.000000
896,3.437176,6.779500,6.770700,6.574200,1176.000000,932413516.000000,1424890704.000000,252489728.000000,238202880.000000,1622843392.000000,0.000000,0.000000,3.152100,0.061200,0.029400,2.967300,0.019000,0.033900,0.014100,0.000700,0.000400,0.000800,0.006600,0.002800,0.004400,0.010900,0.000000
897,3.441085,4.004599,3.950700,3.761300,1176.000000,932421308.000000,1424890704.000000,252489728.000000,238211072.000000,1622843392.000000,0.000000,0.000000,0.000800,0.000000,0.000000,0.000000,0.018900,0.000000,0.013600,0.000000,0.000000,0.000000,0.007900,0.003000,0.003400,0.009500,0.000000
898,3.444608,3.530095,3.604300,3.368100,1176.000000,932421332.000000,1424890704.000000,252489728.000000,238211072.000000,1622843392.000000,0.000000,0.000000,0.001000,0.000000,0.000000,0.000000,0.014100,0.000000,0.013700,0.000000,0.000000,0.000000,0.006300,0.002200,0.003500,0.007900,0.000000
899,3.451662,7.064002,7.052200,6.887700,1176.000000,932422204.000000,1424890704.000000,252489728.000000,238211072.000000,1622843392.000000,0.000000,0.000000,3.385900,0.060400,0.021500,3.198000,0.014500,0.053000,0.019100,0.000600,0.000300,0.001700,0.005200,0.004300,0.004000,0.017200,0.000000
900,3.454918,3.233000,3.252400,3.080300,1228.000000,932422652.000000,1424890704.000000,252489728.000000,238211072.000000,1622843392.000000,0.000000,0.000000,0.000600,0.000000,0.000000,0.000000,0.013500,0.000000,0.013500,0.000000,0.000000,0.000000,0.004900,0.002300,0.003200,0.008500,0.000000
901,3.458268,3.382901,3.365100,3.215900,1176.000000,932423100.000000,1424890704.000000,252489728.000000,238211072.000000,1622843392.000000,0.000000,0.000000,0.000700,0.000000,0.000000,0.000000,0.013300,0.000000,0.013000,0.000000,0.000000,0.000000,0.005300,0.002500,0.003500,0.008700,0.000000
902,3.461369,3.134396,3.153200,2.996400,1176.000000,932422276.000000,1424890704.000000,252489728.000000,238211072.000000,1622843392.000000,0.000000,0.000000,0.000900,0.000000,0.000000,0.000000,0.012800,0.000000,0.013100,0.000000,0.000000,0.000000,0.005100,0.002000,0.003200,0.008700,0.000000
903,3.467882,6.382001,6.314500,6.160100,1176.000000,932425548.000000,1424890704.000000,252489728.000000,238215168.000000,1622843392.000000,0.000000,0.000000,2.725500,0.049800,0.020800,2.565200,0.010400,0.045000,0.012800,0.000600,0.000400,0.001200,0.004200,0.002600,0.002600,0.011500,0.000000
904,3.471868,4.034205,4.070800,3.869900,1176.000000,932425996.000000,1424890704.000000,252489728.000000,238215168.000000,1622843392.000000,0.000000,0.000000,0.000800,0.000000,0.000000,0.000000,0.020300,0.000000,0.014900,0.000000,0.000000,0.000000,0.006500,0.003400,0.004200,0.010200,0.000000
905,3.475572,3.679599,3.665800,3.500600,1176.000000,932425620.000000,1424890704.000000,252489728.000000,238215168.000000,1622843392.000000,0.000000,0.000000,0.001000,0.000000,0.000000,0.000000,0.014200,0.000000,0.013800,0.000000,0.000000,0.000000,0.005700,0.002000,0.003800,0.008700,0.000000
906,3.479198,3.616398,3.598800,3.422300,1176.000000,932425620.000000,1424890704.000000,252489728.000000,238215168.000000,1622843392.000000,0.000000,0.000000,0.000900,0.000000,0.000000,0.000000,0.019400,0.000000,0.015400,0.000000,0.000000,0.000000,0.005900,0.002200,0.003800,0.009500,0.000000
907,3.485411,6.267602,6.285500,6.100800,1176.000000,932425644.000000,1424890704.000000,252489728.000000,238215168.000000,1622843392.000000,0.000000,0.000000,2.590200,0.058600,0.026200,2.422100,0.017200,0.028900,0.012800,0.000700,0.000200,0.000800,0.008100,0.002700,0.003700,0.008300,0.000000
908,3.488861,3.475801,3.487600,3.328300,1176.000000,932444236.000000,1424890704.000000,252489728.000000,238219264.000000,1622843392.000000,0.000000,0.000000,0.000500,0.000000,0.000000,0.000000,0.018800,0.000000,0.013800,0.000000,0.000000,0.000000,0.005400,0.002400,0.003500,0.008100,0.000000
909,3.492040,3.218098,3.203200,3.062500,1176.000000,932432692.000000,1424890704.000000,252489728.000000,238219264.000000,1622843392.000000,0.000000,0.000000,0.000600,0.000000,0.000000,0.000000,0.012800,0.000000,0.016300,0.000000,0.000000,0.000000,0.005000,0.002100,0.003400,0.008100,0.000000
910,3.495245,3.162202,3.170000,3.012400,1176.000000,932433748.000000,1424890704.000000,252489728.000000,238223360.000000,1622843392.000000,0.000000,0.000000,0.000800,0.000000,0.000000,0.000000,0.011000,0.000000,0.013000,0.000000,0.000000,0.000000,0.004300,0.001600,0.002700,0.007200,0.000000
911,3.501030,5.803600,5.801900,5.655400,1176.000000,932437884.000000,1424890704.000000,252489728.000000,238227456.000000,1622843392.000000,0.000000,0.000000,2.552600,0.045700,0.020900,2.417500,0.011300,0.028200,0.011800,0.000700,0.000300,0.000900,0.004700,0.002900,0.003100,0.007000,0.000000
912,3.504046,3.033801,3.038300,2.898200,1176.000000,932438332.000000,1424890704.000000,252489728.000000,238227456.000000,1622843392.000000,0.000000,0.000000,0.000800,0.000000,0.000000,0.000000,0.013200,0.000000,0.012500,0.000000,0.000000,0.000000,0.004100,0.002000,0.003000,0.007000,0.000000
913,3.507068,3.019097,3.019800,2.884600,1176.000000,932437932.000000,1424890704.000000,252489728.000000,238227456.000000,1622843392.000000,0.000000,0.000000,0.000800,0.000000,0.000000,0.000000,0.010900,0.000000,0.012000,0.000000,0.000000,0.000000,0.004100,0.001900,0.002800,0.008000,0.000000
914,3.510286,3.210700,3.200600,3.066400,1176.000000,932442052.000000,1424890704.000000,252489728.000000,238231552.000000,1622843392.000000,0.000000,0.000000,0.000700,0.000000,0.000000,0.000000,0.022200,0.000000,0.012200,0.000000,0.000000,0.000000,0.003900,0.001600,0.002700,0.007300,0.000000
915,3.516041,5.729599,5.675300,5.537400,1176.000000,932442076.000000,1424890704.000000,252489728.000000,238231552.000000,1622843392.000000,0.000000,0.000000,2.363700,0.048000,0.019000,2.224300,0.011700,0.028600,0.012500,0.000600,0.000300,0.000500,0.004200,0.002700,0.003100,0.007300,0.000000
916,3.518986,2.972201,3.025000,2.839600,1176.000000,932442524.000000,1424890704.000000,252489728.000000,238231552.000000,1622843392.000000,0.000000,0.000000,0.000700,0.000000,0.000000,0.000000,0.012700,0.000000,0.012800,0.000000,0.000000,0.000000,0.005500,0.001900,0.003300,0.008000,0.000000
917,3.521985,3.027799,3.039100,2.910000,1176.000000,932442972.000000,1424890704.000000,252489728.000000,238231552.000000,1622843392.000000,0.000000,0.000000,0.000800,0.000000,0.000000,0.000000,0.011700,0.000000,0.012000,0.000000,0.000000,0.000000,0.004900,0.002300,0.003200,0.006800,0.000000
918,3.525231,3.218899,3.199900,3.081300,1176.000000,932442148.000000,1424890704.000000,252489728.000000,238231552.000000,1622843392.000000,0.000000,0.000000,0.000600,0.000000,0.000000,0.000000,0.010000,0.000000,0.011300,0.000000,0.000000,0.000000,0.004300,0.001700,0.002400,0.005800,0.000000
919,3.527963,2.739002,2.740300,2.611200,1176.000000,932446268.000000,1424890704.000000,252489728.000000,238235648.000000,1622843392.000000,0.000000,0.000000,0.000800,0.000000,0.000000,0.000000,0.010500,0.000000,0.012300,0.000000,0.000000,0.000000,0.004000,0.002200,0.003000,0.007700,0.000000
920,3.533117,5.150099,5.137900,5.008100,1176.000000,932447668.000000,1424890704.000000,252489728.000000,238235648.000000,1622843392.000000,0.000000,0.000000,2.122500,0.049500,0.022000,1.984300,0.010500,0.028700,0.012200,0.000500,0.000200,0.000700,0.004100,0.002500,0.002600,0.007600,0.000000
921,3.536207,3.021797,3.000100,2.859200,1176.000000,932447292.000000,1424890704.000000,252489728.000000,238235648.000000,1622843392.000000,0.000000,0.000000,0.000600,0.000000,0.000000,0.000000,0.011700,0.000000,0.011600,0.000000,0.000000,0.000000,0.003900,0.001700,0.002400,0.007300,0.000000
922,3.541409,5.212904,5.197600,5.038500,1176.000000,932451388.000000,1424890704.000000,252489728.000000,238239744.000000,1622843392.000000,0.000000,0.000000,0.000800,0.000000,0.000000,0.000000,0.014200,0.000000,0.011500,0.000000,0.000000,0.000000,0.004500,0.002300,0.002800,0.007000,0.000000
923,3.545402,3.998498,3.968900,3.794600,1176.000000,932451412.000000,1424890704.000000,252489728.000000,238239744.000000,1622843392.000000,0.000000,0.000000,0.001100,0.000000,0.000000,0.000000,0.016500,0.000000,0.013400,0.000000,0.000000,0.000000,0.005300,0.002300,0.004000,0.008000,0.000000
924,3.551344,5.963003,6.005800,5.816000,1176.000000,932465076.000000,1424890704.000000,252489728.000000,238239744.000000,1622843392.000000,0.000000,0.000000,2.085000,0.056000,0.021000,1.934500,0.014700,0.028700,0.012500,0.000600,0.000300,0.000800,0.006100,0.002600,0.004100,0.008600,0.000000
925,3.554835,3.476701,3.471900,3.325400,1176.000000,932457076.000000,1424890704.000000,252489728.000000,238243840.000000,1622843392.000000,0.000000,0.000000,0.000800,0.000000,0.000000,0.000000,0.013500,0.000000,0.013400,0.000000,0.000000,0.000000,0.005000,0.002000,0.003400,0.007100,0.000000
926,3.557672,2.893800,2.907500,2.764600,1176.000000,932454460.000000,1424890704.000000,252489728.000000,238243840.000000,1622843392.000000,0.000000,0.000000,0.000900,0.000000,0.000000,0.000000,0.012300,0.000000,0.012600,0.000000,0.000000,0.000000,0.004700,0.001900,0.003200,0.008800,0.000000
927,3.560959,3.275801,3.257700,3.127200,1176.000000,932456619.000000,1424890704.000000,252489728.000000,238243840.000000,1622843392.000000,0.000000,0.000000,0.000900,0.000000,0.000000,0.000000,0.010800,0.000000,0.011200,0.000000,0.000000,0.000000,0.004100,0.001700,0.002700,0.006100,0.000000
928,3.566763,5.799100,5.802500,5.670400,1176.000000,932454948.000000,1424890704.000000,252489728.000000,238243840.000000,1622843392.000000,0.000000,0.000000,2.729500,0.051000,0.018400,2.592300,0.010600,0.030600,0.012000,0.000600,0.000300,0.000800,0.004300,0.002800,0.002300,0.007600,0.000000
929,3.569845,3.082596,3.083600,2.944700,1176.000000,932454548.000000,1424890704.000000,252489728.000000,238243840.000000,1622843392.000000,0.000000,0.000000,0.000600,0.000000,0.000000,0.000000,0.011800,0.000000,0.011400,0.000000,0.000000,0.000000,0.004500,0.001600,0.003000,0.006600,0.000000
930,3.572731,2.911501,2.921400,2.792400,1176.000000,932454572.000000,1424890704.000000,252489728.000000,238243840.000000,1622843392.000000,0.000000,0.000000,0.001000,0.000000,0.000000,0.000000,0.011600,0.000000,0.012200,0.000000,0.000000,0.000000,0.004900,0.002000,0.003100,0.008100,0.000000
931,3.575869,3.069303,3.039200,2.909600,1176.000000,932459116.000000,1424890704.000000,252489728.000000,238247936.000000,1622843392.000000,0.000000,0.000000,0.000700,0.000000,0.000000,0.000000,0.009300,0.000000,0.013300,0.000000,0.000000,0.000000,0.004000,0.001700,0.002500,0.006100,0.000000
932,3.578792,2.985799,3.002300,2.860400,1176.000000,932459140.000000,1424890704.000000,252489728.000000,238247936.000000,1622843392.000000,0.000000,0.000000,0.001000,0.000000,0.000000,0.000000,0.011600,0.000000,0.014200,0.000000,0.000000,0.000000,0.005000,0.001900,0.003300,0.006600,0.000000
933,3.584026,5.202395,5.180900,5.043800,1176.000000,932459644.000000,1424890704.000000,252489728.000000,238247936.000000,1622843392.000000,0.000000,0.000000,2.075400,0.049900,0.020100,1.935700,0.010400,0.030700,0.010800,0.000700,0.000200,0.000500,0.004200,0.002700,0.002600,0.006800,0.000000
934,3.586828,2.850900,2.876400,2.737400,1176.000000,932458812.000000,1424890704.000000,252489728.000000,238247936.000000,1622843392.000000,0.000000,0.000000,0.000600,0.000000,0.000000,0.000000,0.013300,0.000000,0.012200,0.000000,0.000000,0.000000,0.004600,0.002000,0.002900,0.007300,0.000000
935,3.589782,2.932207,2.916700,2.802300,1176.000000,932462932.000000,1424890704.000000,252489728.000000,238252032.000000,1622843392.000000,0.000000,0.000000,0.000600,0.000000,0.000000,0.000000,0.009200,0.000000,0.011700,0.000000,0.000000,0.000000,0.004000,0.001800,0.002400,0.006800,0.000000
936,3.592550,2.786196,2.802900,2.679700,1176.000000,932467476.000000,1424890704.000000,252489728.000000,238256128.000000,1622843392.000000,0.000000,0.000000,0.000600,0.000000,0.000000,0.000000,0.010300,0.000000,0.012500,0.000000,0.000000,0.000000,0.004300,0.001800,0.002500,0.006900,0.000000
937,3.595794,3.173002,3.105100,2.989800,1176.000000,932467100.000000,1424890704.000000,252489728.000000,238256128.000000,1622843392.000000,0.000000,0.000000,0.000600,0.000000,0.000000,0.000000,0.010600,0.000000,0.011600,0.000000,0.000000,0.000000,0.003900,0.001600,0.002400,0.006200,0.000000
938,3.601157,5.392801,5.422100,5.249500,1176.000000,932467100.000000,1424890704.000000,252489728.000000,238256128.000000,1622843392.000000,0.000000,0.000000,2.035700,0.059200,0.020400,1.884600,0.012500,0.026300,0.011100,0.000700,0.000300,0.000500,0.004400,0.002400,0.002800,0.006500,0.000000
939,3.604165,3.013797,3.021500,2.880600,1176.000000,932467124.000000,1424890704.000000,252489728.000000,238256128.000000,1622843392.000000,0.000000,0.000000,0.000600,0.000000,0.000000,0.000000,0.012600,0.000000,0.011600,0.000000,0.000000,0.000000,0.004300,0.001800,0.003100,0.005900,0.000000
940,3.607031,2.911699,2.927200,2.801500,1176.000000,932481508.000000,1424890704.000000,252489728.000000,238256128.000000,1622843392.000000,0.000000,0.000000,0.000600,0.000000,0.000000,0.000000,0.010900,0.000000,0.012300,0.000000,0.000000,0.000000,0.004300,0.001900,0.003100,0.005600,0.000000
941,3.610122,3.037805,3.007400,2.893700,1176.000000,932469412.000000,1424890704.000000,252489728.000000,238256128.000000,1622843392.000000,0.000000,0.000000,0.000600,0.000000,0.000000,0.000000,0.009600,0.000000,0.012500,0.000000,0.000000,0.000000,0.003900,0.001500,0.002300,0.006300,0.000000
942,3.615938,5.785898,5.771100,5.622000,1176.000000,932471316.000000,1424890704.000000,252489728.000000,238260224.000000,1622843392.000000,0.000000,0.000000,2.255900,0.048800,0.019600,2.117600,0.012200,0.031200,0.012100,0.000500,0.000200,0.000600,0.004900,0.002400,0.003100,0.007100,0.000000
943,3.618816,2.929698,2.946400,2.798800,1176.000000,932471356.000000,1424890704.000000,252489728.000000,238260224.000000,1622843392.000000,0.000000,0.000000,0.000700,0.000000,0.000000,0.000000,0.012900,0.000000,0.012700,0.000000,0.000000,0.000000,0.005300,0.002400,0.003100,0.008000,0.000000
944,3.621884,3.066504,3.072300,2.943600,1176.000000,932471804.000000,1424890704.000000,252489728.000000,238260224.000000,1622843392.000000,0.000000,0.000000,0.000700,0.000000,0.000000,0.000000,0.011000,0.000000,0.012300,0.000000,0.000000,0.000000,0.005200,0.001900,0.002800,0.007900,0.000000
945,3.625043,3.138095,3.116600,2.992400,1176.000000,932471404.000000,1424890704.000000,252489728.000000,238260224.000000,1622843392.000000,0.000000,0.000000,0.000700,0.000000,0.000000,0.000000,0.010400,0.000000,0.011700,0.000000,0.000000,0.000000,0.004800,0.001400,0.002300,0.007300,0.000000
946,3.628206,3.140405,3.119800,2.977400,1176.000000,932471004.000000,1424890704.000000,252489728.000000,238260224.000000,1622843392.000000,0.000000,0.000000,0.000700,0.000000,0.000000,0.000000,0.012400,0.000000,0.012500,0.000000,0.000000,0.000000,0.005100,0.002400,0.003100,0.008100,0.000000
947,3.633934,5.716397,5.727600,5.571300,1176.000000,932479612.000000,1424890704.000000,252489728.000000,238264320.000000,1622843392.000000,0.000000,0.000000,2.596700,0.063000,0.025100,2.424400,0.011900,0.041500,0.014300,0.000600,0.000400,0.000900,0.005100,0.002800,0.003400,0.010300,0.000000
948,3.636894,3.029698,3.043800,2.906700,1176.000000,932484156.000000,1424890704.000000,252489728.000000,238268416.000000,1622843392.000000,0.000000,0.000000,0.000600,0.000000,0.000000,0.000000,0.013200,0.000000,0.012300,0.000000,0.000000,0.000000,0.004800,0.002000,0.003400,0.007500,0.000000
949,3.640093,3.140604,3.077600,2.943200,1176.000000,932484612.000000,1424890704.000000,252489728.000000,238268416.000000,1622843392.000000,0.000000,0.000000,0.000800,0.000000,0.000000,0.000000,0.010400,0.000000,0.011600,0.000000,0.000000,0.000000,0.003900,0.001700,0.002400,0.006800,0.000000
950,3.643230,3.154500,3.211300,3.036500,1176.000000,932483780.000000,1424890704.000000,252489728.000000,238268416.000000,1622843392.000000,0.000000,0.000000,0.000800,0.000000,0.000000,0.000000,0.017400,0.000000,0.012200,0.000000,0.000000,0.000000,0.004500,0.001700,0.002800,0.007500,0.000000
951,3.646316,3.131498,3.103700,2.981200,1176.000000,932479332.000000,1424890704.000000,252489728.000000,238268416.000000,1622843392.000000,0.000000,0.000000,0.000700,0.000000,0.000000,0.000000,0.011300,0.000000,0.011100,0.000000,0.000000,0.000000,0.004700,0.001800,0.002800,0.007300,0.000000
952,3.651764,5.418197,5.412000,5.262000,1176.000000,932479780.000000,1424890704.000000,252489728.000000,238268416.000000,1622843392.000000,0.000000,0.000000,2.475200,0.047300,0.018500,2.339700,0.010600,0.029100,0.011400,0.000600,0.000200,0.000900,0.003800,0.002800,0.002300,0.006900,0.000000
953,3.654749,2.975999,2.992200,2.842400,1228.000000,932483924.000000,1424890704.000000,252489728.000000,238272512.000000,1622843392.000000,0.000000,0.000000,0.000600,0.000000,0.000000,0.000000,0.011700,0.000000,0.013300,0.000000,0.000000,0.000000,0.004000,0.001700,0.002500,0.006000,0.000000
954,3.657621,2.905903,2.913400,2.786500,1176.000000,932483500.000000,1424890704.000000,252489728.000000,238272512.000000,1622843392.000000,0.000000,0.000000,0.000600,0.000000,0.000000,0.000000,0.011600,0.000000,0.013500,0.000000,0.000000,0.000000,0.004900,0.001900,0.002600,0.007700,0.000000
955,3.661035,3.345103,3.297300,3.160100,1176.000000,932483524.000000,1424890704.000000,252489728.000000,238272512.000000,1622843392.000000,0.000000,0.000000,0.001000,0.000000,0.000000,0.000000,0.009800,0.000000,0.011200,0.000000,0.000000,0.000000,0.004400,0.001800,0.002500,0.005500,0.000000
956,3.666655,5.681498,5.707400,5.547200,1176.000000,932497964.000000,1424890704.000000,252489728.000000,238272512.000000,1622843392.000000,0.000000,0.000000,2.574200,0.065900,0.019900,2.425300,0.012800,0.025700,0.011900,0.000700,0.000400,0.000500,0.005200,0.002600,0.003700,0.006800,0.000000
957,3.669654,2.991901,2.993700,2.858900,1176.000000,932485868.000000,1424890704.000000,252489728.000000,238272512.000000,1622843392.000000,0.000000,0.000000,0.000600,0.000000,0.000000,0.000000,0.010500,0.000000,0.011900,0.000000,0.000000,0.000000,0.003800,0.001500,0.002500,0.006900,0.000000
958,3.672451,2.815001,2.826300,2.702300,1176.000000,932483252.000000,1424890704.000000,252489728.000000,238272512.000000,1622843392.000000,0.000000,0.000000,0.000600,0.000000,0.000000,0.000000,0.010600,0.000000,0.011900,0.000000,0.000000,0.000000,0.003800,0.001700,0.003100,0.007300,0.000000
959,3.675626,3.128699,3.106800,2.986300,1176.000000,932487388.000000,1424890704.000000,252489728.000000,238276608.000000,1622843392.000000,0.000000,0.000000,0.000700,0.000000,0.000000,0.000000,0.009100,0.000000,0.011300,0.000000,0.000000,0.000000,0.004600,0.001400,0.002700,0.005100,0.000000
960,3.678679,3.040299,3.024200,2.880900,1176.000000,932487836.000000,1424890704.000000,252489728.000000,238276608.000000,1622843392.000000,0.000000,0.000000,0.000700,0.000000,0.000000,0.000000,0.012500,0.000000,0.012000,0.000000,0.000000,0.000000,0.004600,0.001800,0.003000,0.008100,0.000000
961,3.684504,5.842602,5.846600,5.696900,1176.000000,932491532.000000,1424890704.000000,252489728.000000,238280704.000000,1622843392.000000,0.000000,0.000000,2.602000,0.064400,0.020800,2.439200,0.010900,0.031700,0.011900,0.000700,0.000400,0.000900,0.004800,0.002800,0.003700,0.007400,0.000000
962,3.687249,2.801594,2.823900,2.689800,1176.000000,932491556.000000,1424890704.000000,252489728.000000,238280704.000000,1622843392.000000,0.000000,0.000000,0.000700,0.000000,0.000000,0.000000,0.012600,0.000000,0.012200,0.000000,0.000000,0.000000,0.004200,0.002100,0.002900,0.007500,0.000000
963,3.690428,3.136104,3.111900,2.995700,1176.000000,932491580.000000,1424890704.000000,252489728.000000,238280704.000000,1622843392.000000,0.000000,0.000000,0.000600,0.000000,0.000000,0.000000,0.009000,0.000000,0.011300,0.000000,0.000000,0.000000,0.004100,0.001700,0.002100,0.006300,0.000000
964,3.693186,2.769402,2.780700,2.648500,1176.000000,932496124.000000,1424890704.000000,252489728.000000,238284800.000000,1622843392.000000,0.000000,0.000000,0.000900,0.000000,0.000000,0.000000,0.011200,0.000000,0.011900,0.000000,0.000000,0.000000,0.004000,0.002600,0.002900,0.007200,0.000000
965,3.696183,2.996095,2.985900,2.868200,1176.000000,932496996.000000,1424890704.000000,252489728.000000,238284800.000000,1622843392.000000,0.000000,0.000000,0.000600,0.000000,0.000000,0.000000,0.010200,0.000000,0.013300,0.000000,0.000000,0.000000,0.003800,0.001500,0.002500,0.006900,0.000000
966,3.702104,5.922003,5.888900,5.760800,1176.000000,932495748.000000,1424890704.000000,252489728.000000,238284800.000000,1622843392.000000,0.000000,0.000000,2.940300,0.045200,0.018000,2.806200,0.010400,0.030200,0.012200,0.000500,0.000300,0.000700,0.004200,0.002400,0.002700,0.007400,0.000000
967,3.705179,3.064300,3.084100,2.928800,1176.000000,932495772.000000,1424890704.000000,252489728.000000,238284800.000000,1622843392.000000,0.000000,0.000000,0.000700,0.000000,0.000000,0.000000,0.011200,0.000000,0.011600,0.000000,0.000000,0.000000,0.003900,0.001500,0.002600,0.006100,0.000000
968,3.707892,2.725496,2.733200,2.602500,1176.000000,932496220.000000,1424890704.000000,252489728.000000,238284800.000000,1622843392.000000,0.000000,0.000000,0.000700,0.000000,0.000000,0.000000,0.011500,0.000000,0.012500,0.000000,0.000000,0.000000,0.004200,0.002100,0.002800,0.007900,0.000000
969,3.710961,3.069104,3.060300,2.937200,1176.000000,932495844.000000,1424890704.000000,252489728.000000,238284800.000000,1622843392.000000,0.000000,0.000000,0.000800,0.000000,0.000000,0.000000,0.010400,0.000000,0.012000,0.000000,0.000000,0.000000,0.004400,0.001900,0.002500,0.006700,0.000000
970,3.716157,5.160197,5.146200,5.015000,1176.000000,932500364.000000,1424890704.000000,252489728.000000,238288896.000000,1622843392.000000,0.000000,0.000000,2.010400,0.047600,0.018500,1.882100,0.011000,0.023400,0.013100,0.000600,0.000300,0.000600,0.004400,0.002700,0.002400,0.006900,0.000000
971,3.719123,2.992000,2.999200,2.859300,1176.000000,932500388.000000,1424890704.000000,252489728.000000,238288896.000000,1622843392.000000,0.000000,0.000000,0.000700,0.000000,0.000000,0.000000,0.011800,0.000000,0.012000,0.000000,0.000000,0.000000,0.004600,0.002100,0.002600,0.007600,0.000000
972,3.722092,2.998505,3.012500,2.887500,1176.000000,932514772.000000,1424890704.000000,252489728.000000,238288896.000000,1622843392.000000,0.000000,0.000000,0.000500,0.000000,0.000000,0.000000,0.011200,0.000000,0.012200,0.000000,0.000000,0.000000,0.004100,0.001800,0.002800,0.006200,0.000000
973,3.725304,3.159297,3.129500,3.011100,1176.000000,932506900.000000,1424890704.000000,252489728.000000,238292992.000000,1622843392.000000,0.000000,0.000000,0.000600,0.000000,0.000000,0.000000,0.009600,0.000000,0.012500,0.000000,0.000000,0.000000,0.004700,0.002200,0.002300,0.006200,0.000000
974,3.728227,2.950397,2.956100,2.819800,1176.000000,932503860.000000,1424890704.000000,252489728.000000,238292992.000000,1622843392.000000,0.000000,0.000000,0.000700,0.000000,0.000000,0.000000,0.012000,0.000000,0.013300,0.000000,0.000000,0.000000,0.005100,0.002200,0.003000,0.007900,0.000000
975,3.733635,5.365405,5.352500,5.219100,1176.000000,932508420.000000,1424890704.000000,252489728.000000,238297088.000000,1622843392.000000,0.000000,0.000000,2.095800,0.047700,0.019900,1.956600,0.010200,0.029900,0.013700,0.000500,0.000200,0.000900,0.004300,0.002500,0.002900,0.007200,0.000000
976,3.736523,2.962996,2.981600,2.846600,1176.000000,932508444.000000,1424890704.000000,252489728.000000,238297088.000000,1622843392.000000,0.000000,0.000000,0.000700,0.000000,0.000000,0.000000,0.013300,0.000000,0.014200,0.000000,0.000000,0.000000,0.004800,0.002100,0.002900,0.007700,0.000000
977,3.739517,2.961699,2.947100,2.831400,1176.000000,932508044.000000,1424890704.000000,252489728.000000,238297088.000000,1622843392.000000,0.000000,0.000000,0.000600,0.000000,0.000000,0.000000,0.009800,0.000000,0.010900,0.000000,0.000000,0.000000,0.004000,0.001400,0.002200,0.006600,0.000000
978,3.742488,2.959899,2.958500,2.828500,1176.000000,932508068.000000,1424890704.000000,252489728.000000,238297088.000000,1622843392.000000,0.000000,0.000000,0.000600,0.000000,0.000000,0.000000,0.010800,0.000000,0.012600,0.000000,0.000000,0.000000,0.004000,0.002000,0.002900,0.006000,0.000000
979,3.745564,3.088102,3.089600,2.963100,1176.000000,932508092.000000,1424890704.000000,252489728.000000,238297088.000000,1622843392.000000,0.000000,0.000000,0.000500,0.000000,0.000000,0.000000,0.010900,0.000000,0.011500,0.000000,0.000000,0.000000,0.004700,0.002200,0.003300,0.007600,0.000000
980,3.750997,5.411402,5.386100,5.261300,1176.000000,932508540.000000,1424890704.000000,252489728.000000,238297088.000000,1622843392.000000,0.000000,0.000000,2.058700,0.046400,0.018200,1.937900,0.011100,0.019900,0.010600,0.000500,0.000200,0.000700,0.003600,0.002500,0.002400,0.006500,0.000000
981,3.753995,2.984999,2.970800,2.824300,1176.000000,932513084.000000,1424890704.000000,252489728.000000,238301184.000000,1622843392.000000,0.000000,0.000000,0.000600,0.000000,0.000000,0.000000,0.012400,0.000000,0.011300,0.000000,0.000000,0.000000,0.004200,0.002000,0.002700,0.007000,0.000000
982,3.756930,2.996400,3.031000,2.879000,1176.000000,932512260.000000,1424890704.000000,252489728.000000,238301184.000000,1622843392.000000,0.000000,0.000000,0.000800,0.000000,0.000000,0.000000,0.012500,0.000000,0.012200,0.000000,0.000000,0.000000,0.005000,0.002500,0.002900,0.007300,0.000000
983,3.760101,3.133298,3.116200,2.996900,1176.000000,932512284.000000,1424890704.000000,252489728.000000,238301184.000000,1622843392.000000,0.000000,0.000000,0.000700,0.000000,0.000000,0.000000,0.009100,0.000000,0.011300,0.000000,0.000000,0.000000,0.004300,0.001800,0.002600,0.006700,0.000000
984,3.765681,5.576205,5.560400,5.425400,1176.000000,932512732.000000,1424890704.000000,252489728.000000,238301184.000000,1622843392.000000,0.000000,0.000000,2.114100,0.048400,0.022000,1.986300,0.013000,0.020300,0.026400,0.000500,0.000200,0.000600,0.004700,0.002300,0.003000,0.005800,0.000000
985,3.768569,2.902197,2.915700,2.773000,1176.000000,932512356.000000,1424890704.000000,252489728.000000,238301184.000000,1622843392.000000,0.000000,0.000000,0.000700,0.000000,0.000000,0.000000,0.012200,0.000000,0.012100,0.000000,0.000000,0.000000,0.004500,0.002100,0.002900,0.008100,0.000000
986,3.771534,2.982901,2.984900,2.858600,1176.000000,932516452.000000,1424890704.000000,252489728.000000,238305280.000000,1622843392.000000,0.000000,0.000000,0.000800,0.000000,0.000000,0.000000,0.010900,0.000000,0.012100,0.000000,0.000000,0.000000,0.004300,0.002200,0.002700,0.007400,0.000000
987,3.774869,3.244402,3.212600,3.083000,1176.000000,932520996.000000,1424890704.000000,252489728.000000,238309376.000000,1622843392.000000,0.000000,0.000000,0.000600,0.000000,0.000000,0.000000,0.009600,0.000000,0.014000,0.000000,0.000000,0.000000,0.004700,0.001600,0.002500,0.006200,0.000000
988,3.777747,2.970600,2.997600,2.854300,1176.000000,932534956.000000,1424890704.000000,252489728.000000,238309376.000000,1622843392.000000,0.000000,0.000000,0.000700,0.000000,0.000000,0.000000,0.013700,0.000000,0.014800,0.000000,0.000000,0.000000,0.005600,0.002400,0.003000,0.008800,0.000000
989,3.782807,5.037897,5.024800,4.903500,1176.000000,932522860.000000,1424890704.000000,252489728.000000,238309376.000000,1622843392.000000,0.000000,0.000000,2.092800,0.046600,0.020200,1.965800,0.010100,0.022500,0.012800,0.000600,0.000300,0.000800,0.004100,0.002700,0.002900,0.007800,0.000000
990,3.785972,3.154599,3.145100,3.014200,1176.000000,932520244.000000,1424890704.000000,252489728.000000,238309376.000000,1622843392.000000,0.000000,0.000000,0.000500,0.000000,0.000000,0.000000,0.010800,0.000000,0.011300,0.000000,0.000000,0.000000,0.003300,0.001700,0.002400,0.005500,0.000000
991,3.789084,3.110204,3.107600,2.973000,1176.000000,932520284.000000,1424890704.000000,252489728.000000,238309376.000000,1622843392.000000,0.000000,0.000000,0.000600,0.000000,0.000000,0.000000,0.011100,0.000000,0.013200,0.000000,0.000000,0.000000,0.004500,0.001700,0.003200,0.007200,0.000000
992,3.792060,3.008298,3.021000,2.890300,1176.000000,932524828.000000,1424890704.000000,252489728.000000,238313472.000000,1622843392.000000,0.000000,0.000000,0.000600,0.000000,0.000000,0.000000,0.011600,0.000000,0.012400,0.000000,0.000000,0.000000,0.004400,0.002100,0.002600,0.007200,0.000000
993,3.795275,3.160197,3.143800,3.024600,1176.000000,932524428.000000,1424890704.000000,252489728.000000,238313472.000000,1622843392.000000,0.000000,0.000000,0.000600,0.000000,0.000000,0.000000,0.009700,0.000000,0.011200,0.000000,0.000000,0.000000,0.004300,0.001500,0.002500,0.006800,0.000000
994,3.800800,5.526601,5.510900,5.378100,1176.000000,932524876.000000,1424890704.000000,252489728.000000,238313472.000000,1622843392.000000,0.000000,0.000000,2.113400,0.048400,0.019700,1.974300,0.012000,0.031800,0.015800,0.000600,0.000200,0.000500,0.004700,0.002600,0.003000,0.007100,0.000000
995,3.803977,3.125702,3.094800,2.941400,1176.000000,932524900.000000,1424890704.000000,252489728.000000,238313472.000000,1622843392.000000,0.000000,0.000000,0.000700,0.000000,0.000000,0.000000,0.013300,0.000000,0.013100,0.000000,0.000000,0.000000,0.004900,0.002000,0.003200,0.008500,0.000000
996,3.807261,3.362500,3.366600,3.199600,1176.000000,932529444.000000,1424890704.000000,252489728.000000,238317568.000000,1622843392.000000,0.000000,0.000000,0.000800,0.000000,0.000000,0.000000,0.016900,0.000000,0.013000,0.000000,0.000000,0.000000,0.006300,0.002900,0.003600,0.010700,0.000000
997,3.810848,3.543403,3.506500,3.336600,1176.000000,932529892.000000,1424890704.000000,252489728.000000,238317568.000000,1622843392.000000,0.000000,0.000000,0.000700,0.000000,0.000000,0.000000,0.011500,0.000000,0.027500,0.000000,0.000000,0.000000,0.004800,0.002000,0.003200,0.006200,0.000000
998,3.816529,5.665696,5.704400,5.502500,1176.000000,932533164.000000,1424890704.000000,252489728.000000,238321664.000000,1622843392.000000,0.000000,0.000000,2.109300,0.052500,0.023000,1.966200,0.014100,0.026600,0.012900,0.000500,0.000200,0.000700,0.005700,0.002800,0.003600,0.009100,0.000000
999,3.819735,3.211798,3.212300,3.054300,1176.000000,932537284.000000,1424890704.000000,252489728.000000,238325760.000000,1622843392.000000,0.000000,0.000000,0.000600,0.000000,0.000000,0.000000,0.014800,0.000000,0.013400,0.000000,0.000000,0.000000,0.005500,0.002300,0.003700,0.008400,0.000000
1000,3.822747,3.065802,3.072400,2.923600,1176.000000,932537732.000000,1424890704.000000,252489728.000000,238325760.000000,1622843392.000000,0.000000,0.000000,0.001000,0.000000,0.000000,0.000000,0.015300,0.000000,0.013200,0.000000,0.000000,0.000000,0.005300,0.002600,0.003100,0.007900,0.000000
1001,3.825916,3.169600,3.168000,3.029000,1176.000000,932537356.000000,1424890704.000000,252489728.000000,238325760.000000,1622843392.000000,0.000000,0.000000,0.000800,0.000000,0.000000,0.000000,0.010900,0.000000,0.011300,0.000000,0.000000,0.000000,0.004800,0.002100,0.003500,0.007700,0.000000
1002,3.829034,3.097803,3.081000,2.942500,1176.000000,932536932.000000,1424890704.000000,252489728.000000,238325760.000000,1622843392.000000,0.000000,0.000000,0.000700,0.000000,0.000000,0.000000,0.011100,0.000000,0.011700,0.000000,0.000000,0.000000,0.004300,0.001800,0.002900,0.008000,0.000000
1003,3.835422,6.354797,6.348200,6.194700,1176.000000,932541052.000000,1424890704.000000,252489728.000000,238329856.000000,1622843392.000000,0.000000,0.000000,2.897700,0.050000,0.021100,2.754100,0.011800,0.030800,0.012300,0.000600,0.000300,0.000700,0.004800,0.003000,0.002900,0.008700,0.000000
1004,3.838247,2.886898,2.904900,2.756500,1176.000000,932555436.000000,1424890704.000000,252489728.000000,238329856.000000,1622843392.000000,0.000000,0.000000,0.000800,0.000000,0.000000,0.000000,0.014000,0.000000,0.013500,0.000000,0.000000,0.000000,0.005600,0.002200,0.003400,0.008300,0.000000
1005,3.841344,3.091100,3.083200,2.951100,1176.000000,932543340.000000,1424890704.000000,252489728.000000,238329856.000000,1622843392.000000,0.000000,0.000000,0.000600,0.000000,0.000000,0.000000,0.012200,0.000000,0.014300,0.000000,0.000000,0.000000,0.004600,0.001700,0.002500,0.006700,0.000000
1006,3.844425,3.074901,3.075100,2.940600,1176.000000,932540724.000000,1424890704.000000,252489728.000000,238329856.000000,1622843392.000000,0.000000,0.000000,0.000600,0.000000,0.000000,0.000000,0.010900,0.000000,0.012300,0.000000,0.000000,0.000000,0.004700,0.001700,0.002500,0.006800,0.000000
1007,3.849804,5.354202,5.336900,5.201500,1176.000000,932540764.000000,1424890704.000000,252489728.000000,238329856.000000,1622843392.000000,0.000000,0.000000,2.089100,0.045700,0.020200,1.964500,0.012000,0.020800,0.011800,0.000500,0.000300,0.000700,0.004800,0.002600,0.002600,0.007300,0.000000
1008,3.852933,3.139803,3.126900,2.977900,1176.000000,932541212.000000,1424890704.000000,252489728.000000,238329856.000000,1622843392.000000,0.000000,0.000000,0.000700,0.000000,0.000000,0.000000,0.014200,0.000000,0.012800,0.000000,0.000000,0.000000,0.005400,0.002300,0.003300,0.007700,0.000000
1009,3.856274,3.320295,3.331700,3.175500,1228.000000,932545332.000000,1424890704.000000,252489728.000000,238333952.000000,1622843392.000000,0.000000,0.000000,0.000800,0.000000,0.000000,0.000000,0.011600,0.000000,0.014300,0.000000,0.000000,0.000000,0.004900,0.002400,0.003100,0.008100,0.000000
1010,3.859371,3.140504,3.117200,2.975900,1176.000000,932544932.000000,1424890704.000000,252489728.000000,238333952.000000,1622843392.000000,0.000000,0.000000,0.000700,0.000000,0.000000,0.000000,0.011500,0.000000,0.013000,0.000000,0.000000,0.000000,0.005400,0.001900,0.002800,0.007800,0.000000
1011,3.862438,3.072499,3.106500,2.948300,1176.000000,932544956.000000,1424890704.000000,252489728.000000,238333952.000000,1622843392.000000,0.000000,0.000000,0.000700,0.000000,0.000000,0.000000,0.011400,0.000000,0.011700,0.000000,0.000000,0.000000,0.004700,0.001900,0.002800,0.007800,0.000000
1012,3.867976,5.464201,5.351900,5.217400,1176.000000,932549500.000000,1424890704.000000,252489728.000000,238338048.000000,1622843392.000000,0.000000,0.000000,2.112000,0.047600,0.022500,1.958300,0.010600,0.032700,0.013300,0.000600,0.000300,0.001000,0.005100,0.002700,0.002800,0.010300,0.000000
1013,3.871315,3.390498,3.477800,3.253800,1176.000000,932549948.000000,1424890704.000000,252489728.000000,238338048.000000,1622843392.000000,0.000000,0.000000,0.000800,0.000000,0.000000,0.000000,0.015700,0.000000,0.012400,0.000000,0.000000,0.000000,0.005300,0.002200,0.003700,0.009000,0.000000
1014,3.874457,3.109099,3.098600,2.955400,1176.000000,932549124.000000,1424890704.000000,252489728.000000,238338048.000000,1622843392.000000,0.000000,0.000000,0.000700,0.000000,0.000000,0.000000,0.011900,0.000000,0.011700,0.000000,0.000000,0.000000,0.005200,0.002000,0.003000,0.008000,0.000000
1015,3.877550,3.053699,3.073900,2.931900,1176.000000,932553244.000000,1424890704.000000,252489728.000000,238342144.000000,1622843392.000000,0.000000,0.000000,0.000700,0.000000,0.000000,0.000000,0.012900,0.000000,0.013300,0.000000,0.000000,0.000000,0.005500,0.002100,0.003700,0.006800,0.000000
1016,3.882987,5.473406,5.434600,5.302100,1176.000000,932553692.000000,1424890704.000000,252489728.000000,238342144.000000,1622843392.000000,0.000000,0.000000,2.157200,0.051400,0.021400,2.008500,0.010900,0.029800,0.012900,0.000600,0.000200,0.000900,0.008000,0.002400,0.003300,0.009100,0.000000
1017,3.886276,3.325801,3.341200,3.182600,1176.000000,932553316.000000,1424890704.000000,252489728.000000,238342144.000000,1622843392.000000,0.000000,0.000000,0.000700,0.000000,0.000000,0.000000,0.016600,0.000000,0.012200,0.000000,0.000000,0.000000,0.005200,0.002300,0.003300,0.008200,0.000000
1018,3.889576,3.292900,3.278900,3.136400,1176.000000,932553316.000000,1424890704.000000,252489728.000000,238342144.000000,1622843392.000000,0.000000,0.000000,0.000700,0.000000,0.000000,0.000000,0.011000,0.000000,0.012000,0.000000,0.000000,0.000000,0.004300,0.002100,0.002600,0.008300,0.000000
1019,3.892615,3.045996,3.058400,2.910700,1176.000000,932553340.000000,1424890704.000000,252489728.000000,238342144.000000,1622843392.000000,0.000000,0.000000,0.000600,0.000000,0.000000,0.000000,0.011800,0.000000,0.013500,0.000000,0.000000,0.000000,0.004900,0.002000,0.003400,0.008500,0.000000
1020,3.895945,3.288499,3.258300,3.121100,1176.000000,932571820.000000,1424890704.000000,252489728.000000,238346240.000000,1622843392.000000,0.000000,0.000000,0.000600,0.000000,0.000000,0.000000,0.010700,0.000000,0.012200,0.000000,0.000000,0.000000,0.004500,0.002100,0.003300,0.007000,0.000000
1021,3.901917,5.970104,5.965200,5.797700,1176.000000,932564740.000000,1424890704.000000,252489728.000000,238346240.000000,1622843392.000000,0.000000,0.000000,2.584700,0.066400,0.022300,2.404200,0.012200,0.045300,0.013400,0.000700,0.000300,0.001200,0.004200,0.002600,0.002500,0.011000,0.000000
1022,3.905438,3.536997,3.545000,3.380500,1176.000000,932562124.000000,1424890704.000000,252489728.000000,238346240.000000,1622843392.000000,0.000000,0.000000,0.000700,0.000000,0.000000,0.000000,0.013900,0.000000,0.013400,0.000000,0.000000,0.000000,0.006300,0.002200,0.004100,0.007600,0.000000
1023,3.909164,3.706200,3.683800,3.527800,1176.000000,932562164.000000,1424890704.000000,252489728.000000,238346240.000000,1622843392.000000,0.000000,0.000000,0.001200,0.000000,0.000000,0.000000,0.015500,0.000000,0.013300,0.000000,0.000000,0.000000,0.004900,0.002500,0.003200,0.008600,0.000000
1024,3.912638,3.490200,3.436200,3.265800,1176.000000,932566708.000000,1424890704.000000,252489728.000000,238350336.000000,1622843392.000000,0.000000,0.000000,0.000900,0.000000,0.000000,0.000000,0.014000,0.000000,0.013900,0.000000,0.000000,0.000000,0.005700,0.003100,0.003500,0.008800,0.000000
1025,3.918133,5.465505,5.516800,5.293600,1176.000000,932561388.000000,1424890704.000000,252489728.000000,238350336.000000,1622843392.000000,0.000000,0.000000,2.246000,0.102400,0.021200,2.049900,0.012700,0.028300,0.018700,0.000700,0.000300,0.001100,0.005100,0.003200,0.003900,0.010300,0.000000
1026,3.921504,3.407894,3.411700,3.244400,1176.000000,932565508.000000,1424890704.000000,252489728.000000,238354432.000000,1622843392.000000,0.000000,0.000000,0.000800,0.000000,0.000000,0.000000,0.014600,0.000000,0.013700,0.000000,0.000000,0.000000,0.005300,0.002300,0.003500,0.008400,0.000000
1027,3.925185,3.602303,3.574100,3.402100,1176.000000,932565532.000000,1424890704.000000,252489728.000000,238354432.000000,1622843392.000000,0.000000,0.000000,0.000700,0.000000,0.000000,0.000000,0.012800,0.000000,0.013000,0.000000,0.000000,0.000000,0.005100,0.001900,0.003700,0.007600,0.000000
1028,3.928689,3.552402,3.515200,3.327600,1176.000000,932565980.000000,1424890704.000000,252489728.000000,238354432.000000,1622843392.000000,0.000000,0.000000,0.000900,0.000000,0.000000,0.000000,0.018300,0.000000,0.015800,0.000000,0.000000,0.000000,0.007500,0.003300,0.004100,0.011200,0.000000
1029,3.934277,5.588599,5.639300,5.425300,1176.000000,932566428.000000,1424890704.000000,252489728.000000,238354432.000000,1622843392.000000,0.000000,0.000000,2.149900,0.050800,0.023000,2.000400,0.016300,0.033000,0.011900,0.000600,0.000200,0.000900,0.005200,0.002600,0.003600,0.009300,0.000000
1030,3.937475,3.237500,3.255700,3.097000,1176.000000,932565604.000000,1424890704.000000,252489728.000000,238354432.000000,1622843392.000000,0.000000,0.000000,0.000800,0.000000,0.000000,0.000000,0.013700,0.000000,0.012700,0.000000,0.000000,0.000000,0.006000,0.002400,0.003200,0.008200,0.000000
1031,3.940737,3.266199,3.257800,3.115900,1176.000000,932570148.000000,1424890704.000000,252489728.000000,238358528.000000,1622843392.000000,0.000000,0.000000,0.001000,0.000000,0.000000,0.000000,0.014300,0.000000,0.015400,0.000000,0.000000,0.000000,0.005100,0.002400,0.002800,0.008500,0.000000
1032,3.943726,3.017198,3.021100,2.880000,1176.000000,932570172.000000,1424890704.000000,252489728.000000,238358528.000000,1622843392.000000,0.000000,0.000000,0.000700,0.000000,0.000000,0.000000,0.011700,0.000000,0.013600,0.000000,0.000000,0.000000,0.005700,0.002000,0.003400,0.006700,0.000000
1033,3.949525,5.751502,5.717600,5.577800,1176.000000,932569796.000000,1424890704.000000,252489728.000000,238358528.000000,1622843392.000000,0.000000,0.000000,2.200200,0.047300,0.018800,2.065100,0.010600,0.029400,0.012000,0.000600,0.000300,0.000700,0.005000,0.002800,0.002800,0.008100,0.000000
1034,3.952715,3.199298,3.217700,3.055500,1176.000000,932569796.000000,1424890704.000000,252489728.000000,238358528.000000,1622843392.000000,0.000000,0.000000,0.001000,0.000000,0.000000,0.000000,0.015500,0.000000,0.013400,0.000000,0.000000,0.000000,0.005800,0.002600,0.003700,0.008900,0.000000
1035,3.956107,3.393502,3.325000,3.177500,1176.000000,932569820.000000,1424890704.000000,252489728.000000,238358528.000000,1622843392.000000,0.000000,0.000000,0.000700,0.000000,0.000000,0.000000,0.011500,0.000000,0.012200,0.000000,0.000000,0.000000,0.005000,0.002100,0.003200,0.007000,0.000000
1036,3.959347,3.269303,3.333700,3.129100,1176.000000,932584204.000000,1424890704.000000,252489728.000000,238358528.000000,1622843392.000000,0.000000,0.000000,0.000600,0.000000,0.000000,0.000000,0.011300,0.000000,0.012600,0.000000,0.000000,0.000000,0.005000,0.001900,0.002800,0.007700,0.000000
1037,3.962228,2.919898,2.936100,2.803600,1176.000000,932580300.000000,1424890704.000000,252489728.000000,238366720.000000,1622843392.000000,0.000000,0.000000,0.000700,0.000000,0.000000,0.000000,0.011400,0.000000,0.013700,0.000000,0.000000,0.000000,0.004700,0.002200,0.002800,0.007300,0.000000
1038,3.968567,6.226098,6.143600,6.010100,1176.000000,932577684.000000,1424890704.000000,252489728.000000,238366720.000000,1622843392.000000,0.000000,0.000000,3.009300,0.045900,0.019000,2.871500,0.009300,0.033200,0.012200,0.000500,0.000200,0.000600,0.003600,0.002600,0.002300,0.007800,0.000000
1039,3.971804,3.332299,3.397400,3.205100,1176.000000,932577724.000000,1424890704.000000,252489728.000000,238366720.000000,1622843392.000000,0.000000,0.000000,0.000900,0.000000,0.000000,0.000000,0.017800,0.000000,0.013000,0.000000,0.000000,0.000000,0.005900,0.003000,0.003000,0.008700,0.000000
1040,3.975149,3.299802,3.285800,3.155800,1176.000000,932578172.000000,1424890704.000000,252489728.000000,238366720.000000,1622843392.000000,0.000000,0.000000,0.000600,0.000000,0.000000,0.000000,0.010600,0.000000,0.011700,0.000000,0.000000,0.000000,0.003900,0.001600,0.002500,0.007200,0.000000
1041,3.978367,3.231101,3.235100,3.094000,1176.000000,932577772.000000,1424890704.000000,252489728.000000,238366720.000000,1622843392.000000,0.000000,0.000000,0.000700,0.000000,0.000000,0.000000,0.011700,0.000000,0.012500,0.000000,0.000000,0.000000,0.004900,0.002400,0.002800,0.008400,0.000000
1042,3.983831,5.458702,5.440400,5.305000,1176.000000,932578644.000000,1424890704.000000,252489728.000000,238366720.000000,1622843392.000000,0.000000,0.000000,2.171900,0.051700,0.021900,2.035800,0.010900,0.024400,0.011500,0.000600,0.000300,0.000700,0.005100,0.002700,0.002900,0.007400,0.000000
1043,3.986836,3.047598,3.062800,2.919200,1176.000000,932582764.000000,1424890704.000000,252489728.000000,238370816.000000,1622843392.000000,0.000000,0.000000,0.000700,0.000000,0.000000,0.000000,0.012600,0.000000,0.012600,0.000000,0.000000,0.000000,0.004700,0.002300,0.002900,0.007700,0.000000
1044,3.989982,3.106399,3.092400,2.957400,1176.000000,932583212.000000,1424890704.000000,252489728.000000,238370816.000000,1622843392.000000,0.000000,0.000000,0.000800,0.000000,0.000000,0.000000,0.009200,0.000000,0.012000,0.000000,0.000000,0.000000,0.003800,0.001500,0.002500,0.005700,0.000000
1045,3.993198,3.185601,3.142400,2.987200,1176.000000,932583660.000000,1424890704.000000,252489728.000000,238370816.000000,1622843392.000000,0.000000,0.000000,0.000700,0.000000,0.000000,0.000000,0.011100,0.000000,0.015500,0.000000,0.000000,0.000000,0.004300,0.002900,0.002900,0.007400,0.000000
1046,3.996601,3.416702,3.462800,3.291400,1176.000000,932581988.000000,1424890704.000000,252489728.000000,238370816.000000,1622843392.000000,0.000000,0.000000,0.000800,0.000000,0.000000,0.000000,0.012800,0.000000,0.012900,0.000000,0.000000,0.000000,0.004900,0.001800,0.003200,0.008600,0.000000
1047,4.001849,5.269395,5.252400,5.123700,1176.000000,932582012.000000,1424890704.000000,252489728.000000,238370816.000000,1622843392.000000,0.000000,0.000000,2.138000,0.046800,0.019500,2.008700,0.010800,0.022700,0.011700,0.000600,0.000300,0.000600,0.004100,0.002600,0.002400,0.007400,0.000000
1048,4.005131,3.275503,3.271600,3.130400,1176.000000,932586556.000000,1424890704.000000,252489728.000000,238374912.000000,1622843392.000000,0.000000,0.000000,0.000700,0.000000,0.000000,0.000000,0.012000,0.000000,0.012200,0.000000,0.000000,0.000000,0.004700,0.001800,0.002700,0.006600,0.000000
1049,4.008175,3.059502,3.069500,2.928400,1176.000000,932586180.000000,1424890704.000000,252489728.000000,238374912.000000,1622843392.000000,0.000000,0.000000,0.000600,0.000000,0.000000,0.000000,0.011400,0.000000,0.027600,0.000000,0.000000,0.000000,0.004900,0.002100,0.003200,0.007500,0.000000
1050,4.011356,3.193700,3.141600,3.015700,1176.000000,932590276.000000,1424890704.000000,252489728.000000,238379008.000000,1622843392.000000,0.000000,0.000000,0.000700,0.000000,0.000000,0.000000,0.010900,0.000000,0.012400,0.000000,0.000000,0.000000,0.004300,0.001900,0.002800,0.005600,0.000000
1051,4.017044,5.631094,5.653500,5.472400,1176.000000,932590300.000000,1424890704.000000,252489728.000000,238379008.000000,1622843392.000000,0.000000,0.000000,2.254400,0.046200,0.020300,2.111700,0.010900,0.033500,0.011900,0.000600,0.000100,0.000800,0.004600,0.002900,0.002600,0.008300,0.000000
1052,4.020500,3.475404,3.438400,3.284500,1176.000000,932604684.000000,1424890704.000000,252489728.000000,238379008.000000,1622843392.000000,0.000000,0.000000,0.000800,0.000000,0.000000,0.000000,0.012400,0.000000,0.012200,0.000000,0.000000,0.000000,0.004700,0.001900,0.003500,0.008400,0.000000
1053,4.023685,3.196599,3.237200,3.057000,1176.000000,932593012.000000,1424890704.000000,252489728.000000,238379008.000000,1622843392.000000,0.000000,0.000000,0.000600,0.000000,0.000000,0.000000,0.013700,0.000000,0.016300,0.000000,0.000000,0.000000,0.005000,0.002200,0.003200,0.008700,0.000000
1054,4.026770,3.103699,3.116000,2.979300,1176.000000,932594068.000000,1424890704.000000,252489728.000000,238383104.000000,1622843392.000000,0.000000,0.000000,0.000700,0.000000,0.000000,0.000000,0.012000,0.000000,0.013400,0.000000,0.000000,0.000000,0.004800,0.002200,0.002800,0.007000,0.000000
1055,4.032103,5.322499,5.299000,5.170300,1176.000000,932594108.000000,1424890704.000000,252489728.000000,238383104.000000,1622843392.000000,0.000000,0.000000,2.168200,0.047800,0.019900,2.033700,0.009900,0.025500,0.012100,0.000700,0.000300,0.000500,0.005400,0.003000,0.002600,0.008800,0.000000
1056,4.035451,3.310700,3.306200,3.160400,1176.000000,932594556.000000,1424890704.000000,252489728.000000,238383104.000000,1622843392.000000,0.000000,0.000000,0.000700,0.000000,0.000000,0.000000,0.011900,0.000000,0.012000,0.000000,0.000000,0.000000,0.004400,0.002000,0.002800,0.007300,0.000000
1057,4.038317,2.924199,2.944700,2.804900,1176.000000,932594156.000000,1424890704.000000,252489728.000000,238383104.000000,1622843392.000000,0.000000,0.000000,0.000800,0.000000,0.000000,0.000000,0.012600,0.000000,0.012500,0.000000,0.000000,0.000000,0.005000,0.002100,0.003100,0.008400,0.000000
1058,4.041490,3.151105,3.144300,3.023600,1176.000000,932594180.000000,1424890704.000000,252489728.000000,238383104.000000,1622843392.000000,0.000000,0.000000,0.000600,0.000000,0.000000,0.000000,0.010700,0.000000,0.012100,0.000000,0.000000,0.000000,0.004300,0.002000,0.003200,0.006400,0.000000
1059,4.045023,3.329400,3.220800,3.084500,1176.000000,932598300.000000,1424890704.000000,252489728.000000,238387200.000000,1622843392.000000,0.000000,0.000000,0.000700,0.000000,0.000000,0.000000,0.010600,0.000000,0.011800,0.000000,0.000000,0.000000,0.004700,0.001700,0.002800,0.006800,0.000000
1060,4.050877,6.054096,6.140900,5.914100,1176.000000,932598748.000000,1424890704.000000,252489728.000000,238387200.000000,1622843392.000000,0.000000,0.000000,2.512800,0.056200,0.019100,2.366300,0.014300,0.024200,0.948300,0.000600,0.000500,0.000800,0.007300,0.003200,0.003900,0.007200,0.000000
1061,4.053894,2.997399,2.988100,2.848300,1176.000000,932599196.000000,1424890704.000000,252489728.000000,238387200.000000,1622843392.000000,0.000000,0.000000,0.000600,0.000000,0.000000,0.000000,0.012400,0.000000,0.010700,0.000000,0.000000,0.000000,0.004600,0.001800,0.002900,0.007500,0.000000
1062,4.056897,3.036699,3.050300,2.907800,1228.000000,932598372.000000,1424890704.000000,252489728.000000,238387200.000000,1622843392.000000,0.000000,0.000000,0.000700,0.000000,0.000000,0.000000,0.011700,0.000000,0.012300,0.000000,0.000000,0.000000,0.004700,0.002100,0.002800,0.007500,0.000000
1063,4.060492,3.470904,3.266400,3.122400,1176.000000,932602492.000000,1424890704.000000,252489728.000000,238391296.000000,1622843392.000000,0.000000,0.000000,0.000700,0.000000,0.000000,0.000000,0.010200,0.000000,0.011100,0.000000,0.000000,0.000000,0.004800,0.001900,0.002500,0.006900,0.000000
1064,4.066533,6.148498,6.332200,6.010700,1176.000000,932603788.000000,1424890704.000000,252489728.000000,238391296.000000,1622843392.000000,0.000000,0.000000,2.754000,0.052200,0.025100,2.589300,0.016200,0.034700,0.022700,0.000900,0.000500,0.000700,0.009200,0.002700,0.005200,0.008500,0.000000
1065,4.069581,3.054797,3.058800,2.920300,1176.000000,932607508.000000,1424890704.000000,252489728.000000,238395392.000000,1622843392.000000,0.000000,0.000000,0.000700,0.000000,0.000000,0.000000,0.012200,0.000000,0.011900,0.000000,0.000000,0.000000,0.004600,0.001900,0.003000,0.007400,0.000000
1066,4.072623,3.070103,3.058100,2.931000,1176.000000,932607508.000000,1424890704.000000,252489728.000000,238395392.000000,1622843392.000000,0.000000,0.000000,0.000700,0.000000,0.000000,0.000000,0.011800,0.000000,0.012400,0.000000,0.000000,0.000000,0.004000,0.001800,0.002300,0.006200,0.000000
1067,4.075963,3.249702,3.235800,3.084900,1176.000000,932607532.000000,1424890704.000000,252489728.000000,238395392.000000,1622843392.000000,0.000000,0.000000,0.000600,0.000000,0.000000,0.000000,0.010300,0.000000,0.013000,0.000000,0.000000,0.000000,0.004400,0.001700,0.002400,0.006200,0.000000
1068,4.079139,3.232696,3.136700,2.987200,1176.000000,932621068.000000,1424890704.000000,252489728.000000,238395392.000000,1622843392.000000,0.000000,0.000000,0.000600,0.000000,0.000000,0.000000,0.013300,0.000000,0.013900,0.000000,0.000000,0.000000,0.004400,0.002000,0.003300,0.006800,0.000000
1069,4.084417,5.275900,5.369900,5.126900,1176.000000,932608972.000000,1424890704.000000,252489728.000000,238395392.000000,1622843392.000000,0.000000,0.000000,2.070400,0.045500,0.021200,1.946200,0.010900,0.021900,0.012600,0.000500,0.000300,0.000700,0.004200,0.002600,0.002700,0.006400,0.000000
1070,4.087342,2.961905,2.984100,2.842300,1176.000000,932606356.000000,1424890704.000000,252489728.000000,238395392.000000,1622843392.000000,0.000000,0.000000,0.000600,0.000000,0.000000,0.000000,0.011900,0.000000,0.012500,0.000000,0.000000,0.000000,0.004800,0.001800,0.003200,0.007300,0.000000
1071,4.090450,3.090200,3.078000,2.954200,1176.000000,932610492.000000,1424890704.000000,252489728.000000,238399488.000000,1622843392.000000,0.000000,0.000000,0.000600,0.000000,0.000000,0.000000,0.009400,0.000000,0.011900,0.000000,0.000000,0.000000,0.004400,0.001600,0.002700,0.006700,0.000000
1072,4.093336,2.861295,2.841700,2.704100,1176.000000,932610940.000000,1424890704.000000,252489728.000000,238399488.000000,1622843392.000000,0.000000,0.000000,0.000500,0.000000,0.000000,0.000000,0.010100,0.000000,0.012500,0.000000,0.000000,0.000000,0.004600,0.001900,0.002300,0.006400,0.000000
1073,4.096786,3.460502,3.470600,3.325600,1176.000000,932610540.000000,1424890704.000000,252489728.000000,238399488.000000,1622843392.000000,0.000000,0.000000,0.000700,0.000000,0.000000,0.000000,0.012300,0.000000,0.014700,0.000000,0.000000,0.000000,0.008500,0.003400,0.003800,0.007600,0.000000
1074,4.102726,5.925199,5.911700,5.776900,1176.000000,932610564.000000,1424890704.000000,252489728.000000,238399488.000000,1622843392.000000,0.000000,0.000000,2.822700,0.048500,0.019500,2.691600,0.010600,0.024000,0.011400,0.000500,0.000200,0.000500,0.004400,0.002400,0.002600,0.007700,0.000000
1075,4.105868,3.150503,3.120800,2.976100,1176.000000,932615108.000000,1424890704.000000,252489728.000000,238403584.000000,1622843392.000000,0.000000,0.000000,0.000700,0.000000,0.000000,0.000000,0.011500,0.000000,0.013700,0.000000,0.000000,0.000000,0.003900,0.001700,0.002400,0.006600,0.000000
1076,4.108867,3.012698,3.025500,2.854900,1176.000000,932619228.000000,1424890704.000000,252489728.000000,238407680.000000,1622843392.000000,0.000000,0.000000,0.000600,0.000000,0.000000,0.000000,0.011400,0.000000,0.013500,0.000000,0.000000,0.000000,0.005500,0.001500,0.002600,0.006100,0.000000
1077,4.111849,3.007703,3.034400,2.885100,1176.000000,932619676.000000,1424890704.000000,252489728.000000,238407680.000000,1622843392.000000,0.000000,0.000000,0.000700,0.000000,0.000000,0.000000,0.010700,0.000000,0.011600,0.000000,0.000000,0.000000,0.003900,0.002100,0.002700,0.007500,0.000000
1078,4.117104,5.159297,5.145900,5.020200,1176.000000,932618852.000000,1424890704.000000,252489728.000000,238407680.000000,1622843392.000000,0.000000,0.000000,2.099300,0.045000,0.019200,1.972400,0.009600,0.024400,0.011700,0.000800,0.000200,0.000500,0.003600,0.002400,0.002600,0.007000,0.000000
1079,4.120352,3.308801,3.295400,3.159900,1176.000000,932618876.000000,1424890704.000000,252489728.000000,238407680.000000,1622843392.000000,0.000000,0.000000,0.000500,0.000000,0.000000,0.000000,0.013600,0.000000,0.011900,0.000000,0.000000,0.000000,0.003600,0.001700,0.002000,0.005800,0.000000
1080,4.123502,3.120897,3.075900,2.929800,1176.000000,932619324.000000,1424890704.000000,252489728.000000,238407680.000000,1622843392.000000,0.000000,0.000000,0.000900,0.000000,0.000000,0.000000,0.011500,0.000000,0.012500,0.000000,0.000000,0.000000,0.004500,0.002200,0.003200,0.008300,0.000000
1081,4.126458,3.006902,3.057000,2.877600,1176.000000,932623044.000000,1424890704.000000,252489728.000000,238411776.000000,1622843392.000000,0.000000,0.000000,0.000700,0.000000,0.000000,0.000000,0.013900,0.000000,0.012200,0.000000,0.000000,0.000000,0.005400,0.002100,0.002900,0.008000,0.000000
1082,4.129590,3.042503,3.018200,2.882500,1176.000000,932627140.000000,1424890704.000000,252489728.000000,238415872.000000,1622843392.000000,0.000000,0.000000,0.000700,0.000000,0.000000,0.000000,0.010400,0.000000,0.012200,0.000000,0.000000,0.000000,0.004200,0.001800,0.002500,0.006700,0.000000
1083,4.135308,5.764094,5.766400,5.615700,1176.000000,932627164.000000,1424890704.000000,252489728.000000,238415872.000000,1622843392.000000,0.000000,0.000000,2.250900,0.049200,0.020000,2.113400,0.019700,0.027900,0.011900,0.000600,0.000200,0.000700,0.005200,0.002500,0.002800,0.006500,0.000000
1084,4.138089,2.824702,2.843300,2.702100,1176.000000,932641548.000000,1424890704.000000,252489728.000000,238415872.000000,1622843392.000000,0.000000,0.000000,0.000700,0.000000,0.000000,0.000000,0.011700,0.000000,0.012500,0.000000,0.000000,0.000000,0.005100,0.002200,0.003100,0.007200,0.000000
1085,4.141000,2.916702,2.916400,2.795000,1176.000000,932629452.000000,1424890704.000000,252489728.000000,238415872.000000,1622843392.000000,0.000000,0.000000,0.000600,0.000000,0.000000,0.000000,0.011100,0.000000,0.013100,0.000000,0.000000,0.000000,0.004500,0.001700,0.002900,0.006900,0.000000
1086,4.144009,2.989399,2.979300,2.856400,1176.000000,932626836.000000,1424890704.000000,252489728.000000,238415872.000000,1622843392.000000,0.000000,0.000000,0.000800,0.000000,0.000000,0.000000,0.010300,0.000000,0.012000,0.000000,0.000000,0.000000,0.003800,0.002000,0.002600,0.006200,0.000000
1087,4.149375,5.346400,5.327300,5.197100,1176.000000,932631396.000000,1424890704.000000,252489728.000000,238419968.000000,1622843392.000000,0.000000,0.000000,2.139600,0.053300,0.021200,1.993600,0.010700,0.030500,0.011500,0.000600,0.000200,0.000700,0.004600,0.002600,0.002800,0.018600,0.000000
1088,4.152252,2.934999,2.959100,2.822500,1176.000000,932635940.000000,1424890704.000000,252489728.000000,238424064.000000,1622843392.000000,0.000000,0.000000,0.000700,0.000000,0.000000,0.000000,0.013500,0.000000,0.012400,0.000000,0.000000,0.000000,0.005100,0.002200,0.003100,0.007400,0.000000
1089,4.155612,3.297003,3.265600,3.144900,1176.000000,932635540.000000,1424890704.000000,252489728.000000,238424064.000000,1622843392.000000,0.000000,0.000000,0.000500,0.000000,0.000000,0.000000,0.009800,0.000000,0.010400,0.000000,0.000000,0.000000,0.004100,0.001500,0.002100,0.006700,0.000000
1090,4.158642,3.050595,3.062300,2.918800,1176.000000,932635564.000000,1424890704.000000,252489728.000000,238424064.000000,1622843392.000000,0.000000,0.000000,0.000700,0.000000,0.000000,0.000000,0.011300,0.000000,0.012000,0.000000,0.000000,0.000000,0.004600,0.001700,0.002500,0.007400,0.000000
1091,4.161814,3.178805,3.167300,3.037900,1176.000000,932635164.000000,1424890704.000000,252489728.000000,238424064.000000,1622843392.000000,0.000000,0.000000,0.000600,0.000000,0.000000,0.000000,0.011200,0.000000,0.012500,0.000000,0.000000,0.000000,0.004100,0.002200,0.002500,0.006400,0.000000
1092,4.166977,5.145195,5.137600,4.998900,1176.000000,932640252.000000,1424890704.000000,252489728.000000,238424064.000000,1622843392.000000,0.000000,0.000000,2.148000,0.060200,0.021000,1.987000,0.011200,0.038400,0.013400,0.000600,0.000300,0.000800,0.004300,0.002600,0.003300,0.009100,0.000000
1093,4.170204,3.229202,3.229700,3.089800,1176.000000,932644796.000000,1424890704.000000,252489728.000000,238428160.000000,1622843392.000000,0.000000,0.000000,0.000700,0.000000,0.000000,0.000000,0.011700,0.000000,0.011600,0.000000,0.000000,0.000000,0.004200,0.001800,0.002900,0.006100,0.000000
1094,4.173451,3.211097,3.122500,2.980900,1176.000000,932643972.000000,1424890704.000000,252489728.000000,238428160.000000,1622843392.000000,0.000000,0.000000,0.000800,0.000000,0.000000,0.000000,0.011900,0.000000,0.012500,0.000000,0.000000,0.000000,0.004900,0.001800,0.003000,0.007300,0.000000
1095,4.176369,2.985402,3.060400,2.843100,1176.000000,932643996.000000,1424890704.000000,252489728.000000,238428160.000000,1622843392.000000,0.000000,0.000000,0.000700,0.000000,0.000000,0.000000,0.013500,0.000000,0.012700,0.000000,0.000000,0.000000,0.005200,0.001900,0.003000,0.007300,0.000000
1096,4.179393,3.013301,3.027000,2.883800,1176.000000,932639972.000000,1424890704.000000,252489728.000000,238428160.000000,1622843392.000000,0.000000,0.000000,0.000700,0.000000,0.000000,0.000000,0.010700,0.000000,0.011700,0.000000,0.000000,0.000000,0.004200,0.001600,0.002600,0.006900,0.000000
1097,4.184696,5.289201,5.272200,5.142800,1176.000000,932640020.000000,1424890704.000000,252489728.000000,238428160.000000,1622843392.000000,0.000000,0.000000,2.072000,0.046700,0.018500,1.949100,0.010800,0.021200,0.013900,0.000500,0.000300,0.000600,0.004000,0.002600,0.002800,0.006000,0.000000
1098,4.187656,2.959701,2.975700,2.841000,1176.000000,932639596.000000,1424890704.000000,252489728.000000,238428160.000000,1622843392.000000,0.000000,0.000000,0.000600,0.000000,0.000000,0.000000,0.012100,0.000000,0.012800,0.000000,0.000000,0.000000,0.004100,0.001900,0.002600,0.007500,0.000000
1099,4.190892,3.219699,3.173500,3.046500,1176.000000,932643716.000000,1424890704.000000,252489728.000000,238432256.000000,1622843392.000000,0.000000,0.000000,0.000800,0.000000,0.000000,0.000000,0.011600,0.000000,0.011700,0.000000,0.000000,0.000000,0.005400,0.001800,0.002700,0.008100,0.000000
1100,4.194279,3.303501,3.297200,3.119900,1176.000000,932658100.000000,1424890704.000000,252489728.000000,238432256.000000,1622843392.000000,0.000000,0.000000,0.000900,0.000000,0.000000,0.000000,0.012300,0.000000,0.012500,0.000000,0.000000,0.000000,0.005100,0.002000,0.002800,0.007000,0.000000
1101,4.199883,5.675595,5.674700,5.509300,1176.000000,932650100.000000,1424890704.000000,252489728.000000,238436352.000000,1622843392.000000,0.000000,0.000000,2.163400,0.064300,0.022000,2.000100,0.014500,0.025100,0.013700,0.000900,0.000700,0.000700,0.006400,0.002600,0.003600,0.007800,0.000000
1102,4.202887,2.978005,3.004700,2.847700,1176.000000,932647484.000000,1424890704.000000,252489728.000000,238436352.000000,1622843392.000000,0.000000,0.000000,0.000700,0.000000,0.000000,0.000000,0.014000,0.000000,0.013100,0.000000,0.000000,0.000000,0.005200,0.002400,0.003300,0.008300,0.000000
1103,4.206151,3.315398,3.304100,3.169000,1176.000000,932647652.000000,1424890704.000000,252489728.000000,238436352.000000,1622843392.000000,0.000000,0.000000,0.000800,0.000000,0.000000,0.000000,0.011100,0.000000,0.992500,0.000000,0.000000,0.000000,0.006200,0.002400,0.003800,0.008100,0.000000
1104,4.209490,3.286997,3.261800,3.111500,1176.000000,932652196.000000,1424890704.000000,252489728.000000,238440448.000000,1622843392.000000,0.000000,0.000000,0.000600,0.000000,0.000000,0.000000,0.011500,0.000000,0.012000,0.000000,0.000000,0.000000,0.004500,0.001800,0.003000,0.007100,0.000000
1105,4.212400,3.002905,3.037700,2.887000,1176.000000,932651796.000000,1424890704.000000,252489728.000000,238440448.000000,1622843392.000000,0.000000,0.000000,0.000600,0.000000,0.000000,0.000000,0.016400,0.000000,0.012300,0.000000,0.000000,0.000000,0.005500,0.002500,0.003300,0.008000,0.000000
1106,4.217580,5.115200,5.100200,4.976100,1176.000000,932651820.000000,1424890704.000000,252489728.000000,238440448.000000,1622843392.000000,0.000000,0.000000,2.187600,0.045800,0.019300,2.057500,0.009500,0.025700,0.012200,0.000500,0.000300,0.000700,0.004200,0.003000,0.002400,0.007400,0.000000
1107,4.220994,3.410998,3.376600,3.236200,1176.000000,932651844.000000,1424890704.000000,252489728.000000,238440448.000000,1622843392.000000,0.000000,0.000000,0.000700,0.000000,0.000000,0.000000,0.010800,0.000000,0.012100,0.000000,0.000000,0.000000,0.005100,0.002500,0.002700,0.006600,0.000000
1108,4.224232,3.272902,3.293200,3.128900,1176.000000,932652292.000000,1424890704.000000,252489728.000000,238440448.000000,1622843392.000000,0.000000,0.000000,0.000700,0.000000,0.000000,0.000000,0.012500,0.000000,0.012800,0.000000,0.000000,0.000000,0.004600,0.002500,0.003700,0.008100,0.000000
1109,4.227275,3.076899,3.067700,2.930900,1176.000000,932653164.000000,1424890704.000000,252489728.000000,238440448.000000,1622843392.000000,0.000000,0.000000,0.000800,0.000000,0.000000,0.000000,0.010600,0.000000,0.013500,0.000000,0.000000,0.000000,0.004300,0.002300,0.002900,0.007200,0.000000
1110,4.233306,5.974802,5.976500,5.822700,1176.000000,932656012.000000,1424890704.000000,252489728.000000,238444544.000000,1622843392.000000,0.000000,0.000000,2.906900,0.046900,0.020700,2.766200,0.010200,0.032900,0.012200,0.000600,0.000200,0.000800,0.004200,0.002700,0.002500,0.007700,0.000000
1111,4.236498,3.145394,3.151700,3.012000,1176.000000,932656036.000000,1424890704.000000,252489728.000000,238444544.000000,1622843392.000000,0.000000,0.000000,0.000900,0.000000,0.000000,0.000000,0.012400,0.000000,0.012300,0.000000,0.000000,0.000000,0.006800,0.002000,0.003700,0.008600,0.000000
1112,4.239482,3.073200,3.074500,2.945100,1176.000000,932656484.000000,1424890704.000000,252489728.000000,238444544.000000,1622843392.000000,0.000000,0.000000,0.000600,0.000000,0.000000,0.000000,0.010700,0.000000,0.012400,0.000000,0.000000,0.000000,0.004600,0.001700,0.002600,0.007300,0.000000
1113,4.242273,2.811005,2.822200,2.700600,1176.000000,932656108.000000,1424890704.000000,252489728.000000,238444544.000000,1622843392.000000,0.000000,0.000000,0.000800,0.000000,0.000000,0.000000,0.010200,0.000000,0.011700,0.000000,0.000000,0.000000,0.003700,0.002000,0.002600,0.007100,0.000000
1114,4.245579,3.230300,3.190800,3.067200,1176.000000,932660204.000000,1424890704.000000,252489728.000000,238448640.000000,1622843392.000000,0.000000,0.000000,0.000700,0.000000,0.000000,0.000000,0.009900,0.000000,0.012700,0.000000,0.000000,0.000000,0.004200,0.002300,0.002400,0.005900,0.000000
1115,4.250995,5.446896,5.449300,5.301800,1176.000000,932664748.000000,1424890704.000000,252489728.000000,238452736.000000,1622843392.000000,0.000000,0.000000,2.091800,0.060200,0.019200,1.939200,0.012800,0.027700,0.011800,0.000500,0.000300,0.000900,0.004800,0.002800,0.003600,0.006700,0.000000
1116,4.254289,3.263705,3.252600,3.107800,1176.000000,932679132.000000,1424890704.000000,252489728.000000,238452736.000000,1622843392.000000,0.000000,0.000000,0.000700,0.000000,0.000000,0.000000,0.012300,0.000000,0.012800,0.000000,0.000000,0.000000,0.004900,0.001900,0.003100,0.008000,0.000000
1117,4.257119,2.902593,2.933300,2.787600,1228.000000,932667036.000000,1424890704.000000,252489728.000000,238452736.000000,1622843392.000000,0.000000,0.000000,0.000800,0.000000,0.000000,0.000000,0.012700,0.000000,0.014000,0.000000,0.000000,0.000000,0.005300,0.002000,0.002900,0.007700,0.000000
1118,4.260322,3.161805,3.142000,3.022500,1176.000000,932664420.000000,1424890704.000000,252489728.000000,238452736.000000,1622843392.000000,0.000000,0.000000,0.000800,0.000000,0.000000,0.000000,0.010400,0.000000,0.012000,0.000000,0.000000,0.000000,0.004000,0.001900,0.002500,0.007000,0.000000
1119,4.265913,5.522300,5.472600,5.322800,1176.000000,932664460.000000,1424890704.000000,252489728.000000,238452736.000000,1622843392.000000,0.000000,0.000000,2.063900,0.046300,0.019400,1.940300,0.011600,0.020900,0.012500,0.000500,0.000200,0.000500,0.004700,0.002700,0.002900,0.006300,0.000000
1120,4.268920,3.077395,3.116700,2.940700,1176.000000,932664484.000000,1424890704.000000,252489728.000000,238452736.000000,1622843392.000000,0.000000,0.000000,0.000700,0.000000,0.000000,0.000000,0.015600,0.000000,0.014700,0.000000,0.000000,0.000000,0.005000,0.003100,0.003800,0.009200,0.000000
1121,4.271794,2.919303,2.936700,2.803800,1176.000000,932668180.000000,1424890704.000000,252489728.000000,238456832.000000,1622843392.000000,0.000000,0.000000,0.000700,0.000000,0.000000,0.000000,0.010600,0.000000,0.011700,0.000000,0.000000,0.000000,0.004000,0.002000,0.002400,0.006600,0.000000
1122,4.274786,2.941298,2.925800,2.812700,1176.000000,932668204.000000,1424890704.000000,252489728.000000,238456832.000000,1622843392.000000,0.000000,0.000000,0.000800,0.000000,0.000000,0.000000,0.009200,0.000000,0.011200,0.000000,0.000000,0.000000,0.003500,0.001600,0.002600,0.006900,0.000000
1123,4.277643,2.914002,2.904500,2.784900,1176.000000,932668228.000000,1424890704.000000,252489728.000000,238456832.000000,1622843392.000000,0.000000,0.000000,0.000600,0.000000,0.000000,0.000000,0.010700,0.000000,0.012400,0.000000,0.000000,0.000000,0.004300,0.001600,0.002600,0.008300,0.000000
1124,4.285910,8.193098,8.178500,8.038400,1176.000000,932668676.000000,1424890704.000000,252489728.000000,238456832.000000,1622843392.000000,0.000000,0.000000,2.212700,0.049800,0.019200,2.071600,0.009200,0.031600,0.011600,0.000800,0.000400,0.000900,0.003700,0.002500,0.002600,0.007700,0.000000
1125,4.289445,3.543601,3.520600,3.375600,1176.000000,932669124.000000,1424890704.000000,252489728.000000,238456832.000000,1622851584.000000,0.000000,0.000000,0.000700,0.000000,0.000000,0.000000,0.013200,0.000000,0.011800,0.000000,0.000000,0.000000,0.005200,0.002000,0.003100,0.006500,0.000000
1126,4.292685,3.278501,3.313100,3.153500,1176.000000,932672396.000000,1424890704.000000,252489728.000000,238460928.000000,1622851584.000000,0.000000,0.000000,0.000600,0.000000,0.000000,0.000000,0.011800,0.000000,0.013500,0.000000,0.000000,0.000000,0.005400,0.002200,0.003600,0.007600,0.000000
1127,4.296239,3.493502,3.481500,3.352400,1176.000000,932676516.000000,1424890704.000000,252489728.000000,238465024.000000,1622851584.000000,0.000000,0.000000,0.000800,0.000000,0.000000,0.000000,0.010000,0.000000,0.011700,0.000000,0.000000,0.000000,0.004100,0.001700,0.002900,0.007600,0.000000
1128,4.301578,5.374199,5.368200,5.233300,1176.000000,932676964.000000,1424890704.000000,252489728.000000,238465024.000000,1622851584.000000,0.000000,0.000000,2.010900,0.046200,0.018700,1.886000,0.011600,0.020900,0.012200,0.000500,0.000400,0.000400,0.006100,0.002600,0.003100,0.006600,0.000000
1129,4.305990,4.412798,4.411100,4.273000,1176.000000,932676588.000000,1424890704.000000,252489728.000000,238465024.000000,1622851584.000000,0.000000,0.000000,0.000600,0.000000,0.000000,0.000000,0.012200,0.000000,0.011500,0.000000,0.000000,0.000000,0.004700,0.001800,0.002900,0.006900,0.000000
1130,4.310104,4.112202,4.112500,3.978100,1176.000000,932676588.000000,1424890704.000000,252489728.000000,238465024.000000,1622851584.000000,0.000000,0.000000,0.000800,0.000000,0.000000,0.000000,0.012000,0.000000,0.012700,0.000000,0.000000,0.000000,0.004800,0.001900,0.003100,0.007500,0.000000
1131,4.317047,6.899299,6.880400,6.742800,1176.000000,932677036.000000,1424890704.000000,252489728.000000,238465024.000000,1622851584.000000,0.000000,0.000000,2.083000,0.048000,0.019400,1.954300,0.012200,0.024900,0.011500,0.000600,0.000300,0.000600,0.004300,0.002500,0.002500,0.006200,0.000000
1132,4.322617,5.588599,5.586700,5.435300,1176.000000,932695516.000000,1424890704.000000,252489728.000000,238469120.000000,1622851584.000000,0.000000,0.000000,0.000700,0.000000,0.000000,0.000000,0.013000,0.000000,0.012700,0.000000,0.000000,0.000000,0.005200,0.002000,0.003600,0.008400,0.000000
1133,4.326320,3.656300,3.629900,3.475700,1176.000000,932683420.000000,1424890704.000000,252489728.000000,238469120.000000,1622851584.000000,0.000000,0.000000,0.000800,0.000000,0.000000,0.000000,0.012700,0.000000,0.013500,0.000000,0.000000,0.000000,0.005300,0.002300,0.004100,0.008500,0.000000
1134,4.331122,4.828600,4.812700,4.643400,1176.000000,932680804.000000,1424890704.000000,252489728.000000,238469120.000000,1622851584.000000,0.000000,0.000000,0.000900,0.000000,0.000000,0.000000,0.016100,0.000000,0.021900,0.000000,0.000000,0.000000,0.007500,0.002800,0.003500,0.009800,0.000000
1135,4.339774,8.666199,8.700400,8.517800,1176.000000,932680844.000000,1424890704.000000,252489728.000000,238469120.000000,1622851584.000000,0.000000,0.000000,2.572400,0.049000,0.019400,2.428400,0.013700,0.032100,0.015000,0.000700,0.000400,0.000900,0.005700,0.003000,0.003700,0.008600,0.000000
1136,4.344298,4.563301,4.563100,4.421100,1176.000000,932681292.000000,1424890704.000000,252489728.000000,238469120.000000,1622851584.000000,0.000000,0.000000,0.000600,0.000000,0.000000,0.000000,0.012700,0.000000,0.011900,0.000000,0.000000,0.000000,0.004400,0.002000,0.002200,0.006300,0.000000
1137,4.350774,6.469905,6.468300,6.327400,1176.000000,932680468.000000,1424890704.000000,252489728.000000,238469120.000000,1622851584.000000,0.000000,0.000000,1.884000,0.044200,0.017900,1.766000,0.011000,0.019900,0.010700,0.000400,0.000300,0.000500,0.004300,0.002600,0.002900,0.006300,0.000000
1138,4.354580,3.794097,3.797700,3.661600,1176.000000,932684588.000000,1424890704.000000,252489728.000000,238473216.000000,1622851584.000000,0.000000,0.000000,0.000700,0.000000,0.000000,0.000000,0.011500,0.000000,0.011300,0.000000,0.000000,0.000000,0.004700,0.001800,0.003000,0.007600,0.000000
1139,4.357892,3.360898,3.373200,3.245300,1176.000000,932700531.000000,1424890704.000000,252489728.000000,238477312.000000,1622863872.000000,0.000000,0.000000,0.000800,0.000000,0.000000,0.000000,0.011400,0.000000,0.011600,0.000000,0.000000,0.000000,0.004900,0.002000,0.002900,0.006000,0.000000
1140,4.361988,4.056703,4.036700,3.918500,1176.000000,932699932.000000,1424890704.000000,252489728.000000,238477312.000000,1622863872.000000,0.000000,0.000000,0.000700,0.000000,0.000000,0.000000,0.009400,0.000000,0.009800,0.000000,0.000000,0.000000,0.004100,0.001400,0.002300,0.006100,0.000000
1141,4.369680,7.681895,7.664600,7.512100,1176.000000,932700804.000000,1424890704.000000,252489728.000000,238477312.000000,1622863872.000000,0.000000,0.000000,2.635500,0.049900,0.020400,2.493900,0.010600,0.028300,0.011100,0.000500,0.000200,0.000700,0.004600,0.002500,0.002800,0.007600,0.000000
1142,4.372554,2.938301,2.973900,2.836300,1176.000000,932699980.000000,1424890704.000000,252489728.000000,238477312.000000,1622863872.000000,0.000000,0.000000,0.000800,0.000000,0.000000,0.000000,0.012800,0.000000,0.012000,0.000000,0.000000,0.000000,0.004300,0.001900,0.003100,0.007000,0.000000
1143,4.377289,4.646202,4.605600,4.491700,1176.000000,932704100.000000,1424890704.000000,252489728.000000,238481408.000000,1622863872.000000,0.000000,0.000000,0.000500,0.000000,0.000000,0.000000,0.007700,0.000000,0.011000,0.000000,0.000000,0.000000,0.003200,0.001600,0.002600,0.006400,0.000000
1144,4.383580,6.308100,6.274400,6.124200,1176.000000,932704124.000000,1424890704.000000,252489728.000000,238481408.000000,1622863872.000000,0.000000,0.000000,2.015600,0.049200,0.020100,1.879700,0.012300,0.024700,0.012900,0.000500,0.000200,0.000900,0.005500,0.003000,0.003100,0.008900,0.000000
1145,4.387457,3.896804,3.932700,3.756700,1176.000000,932703748.000000,1424890704.000000,252489728.000000,238481408.000000,1622863872.000000,0.000000,0.000000,0.000600,0.000000,0.000000,0.000000,0.013500,0.000000,0.012200,0.000000,0.000000,0.000000,0.005000,0.002300,0.003500,0.006700,0.000000
1146,4.391466,3.953196,3.924000,3.779900,1176.000000,932705867.000000,1424890704.000000,252489728.000000,238481408.000000,1622863872.000000,0.000000,0.000000,0.000600,0.000000,0.000000,0.000000,0.011200,0.000000,0.012000,0.000000,0.000000,0.000000,0.004500,0.001800,0.002000,0.006000,0.000000
1147,4.395711,4.180003,4.154700,3.987800,1176.000000,932703796.000000,1424890704.000000,252489728.000000,238481408.000000,1622863872.000000,0.000000,0.000000,0.001000,0.000000,0.000000,0.000000,0.014600,0.000000,0.013100,0.000000,0.000000,0.000000,0.005500,0.002700,0.003100,0.008400,0.000000
1148,4.401866,6.257398,6.294300,6.116200,1176.000000,932718156.000000,1424890704.000000,252489728.000000,238481408.000000,1622863872.000000,0.000000,0.000000,2.726700,0.055700,0.023800,2.564300,0.017400,0.029600,0.013600,0.000600,0.000200,0.000700,0.006600,0.003600,0.003800,0.007900,0.000000
1149,4.406083,4.156299,4.117200,3.964200,1176.000000,932710156.000000,1424890704.000000,252489728.000000,238485504.000000,1622863872.000000,0.000000,0.000000,0.000600,0.000000,0.000000,0.000000,0.012800,0.000000,0.012700,0.000000,0.000000,0.000000,0.005200,0.002400,0.003100,0.007000,0.000000
1150,4.411793,5.759999,5.782200,5.605600,1176.000000,932707540.000000,1424890704.000000,252489728.000000,238485504.000000,1622863872.000000,0.000000,0.000000,0.000800,0.000000,0.000000,0.000000,0.016000,0.000000,0.013400,0.000000,0.000000,0.000000,0.006600,0.002800,0.003400,0.009500,0.000000
1151,4.417255,5.360601,5.334500,5.176100,1176.000000,932708004.000000,1424890704.000000,252489728.000000,238485504.000000,1622863872.000000,0.000000,0.000000,2.012200,0.048400,0.021100,1.870600,0.013500,0.029900,0.011700,0.000500,0.000300,0.000800,0.005000,0.002800,0.003500,0.009100,0.000000
1152,4.421120,3.980705,4.004700,3.830600,1176.000000,932712548.000000,1424890704.000000,252489728.000000,238489600.000000,1622863872.000000,0.000000,0.000000,0.000800,0.000000,0.000000,0.000000,0.031600,0.000000,0.012200,0.000000,0.000000,0.000000,0.006400,0.002900,0.003200,0.008400,0.000000
1153,4.425612,4.484999,4.473900,4.325100,1176.000000,932712148.000000,1424890704.000000,252489728.000000,238489600.000000,1622863872.000000,0.000000,0.000000,0.001000,0.000000,0.000000,0.000000,0.013100,0.000000,0.012500,0.000000,0.000000,0.000000,0.005500,0.002300,0.003400,0.008000,0.000000
1154,4.431076,5.444699,5.382200,5.221900,1176.000000,932712172.000000,1424890704.000000,252489728.000000,238489600.000000,1622863872.000000,0.000000,0.000000,0.000900,0.000000,0.000000,0.000000,0.013500,0.000000,0.012800,0.000000,0.000000,0.000000,0.005100,0.002300,0.003400,0.008900,0.000000
1155,4.439076,7.998399,8.012100,7.801600,1176.000000,932720340.000000,1424890704.000000,252489728.000000,238493696.000000,1622863872.000000,0.000000,0.000000,2.024500,0.061900,0.023000,1.863700,0.013100,0.033700,0.012600,0.000600,0.000300,0.000800,0.005700,0.003200,0.003900,0.010600,0.000000
1156,4.442963,3.938400,3.989100,3.799000,1176.000000,932720788.000000,1424890704.000000,252489728.000000,238493696.000000,1622863872.000000,0.000000,0.000000,0.000900,0.000000,0.000000,0.000000,0.015100,0.000000,0.012700,0.000000,0.000000,0.000000,0.005700,0.002000,0.003700,0.008100,0.000000
1157,4.446297,3.322300,3.326000,3.186600,1176.000000,932721236.000000,1424890704.000000,252489728.000000,238493696.000000,1622863872.000000,0.000000,0.000000,0.000600,0.000000,0.000000,0.000000,0.010100,0.000000,0.010800,0.000000,0.000000,0.000000,0.004400,0.002100,0.002700,0.007200,0.000000
1158,4.452309,6.019203,6.011400,5.878300,1176.000000,932715940.000000,1424890704.000000,252489728.000000,238493696.000000,1622863872.000000,0.000000,0.000000,1.946600,0.047700,0.020500,1.824000,0.011500,0.019300,0.010900,0.000500,0.000300,0.000500,0.004600,0.002600,0.003000,0.006200,0.000000
1159,4.455465,3.132696,3.117000,2.979000,1176.000000,932715964.000000,1424890704.000000,252489728.000000,238493696.000000,1622863872.000000,0.000000,0.000000,0.000600,0.000000,0.000000,0.000000,0.012200,0.000000,0.011200,0.000000,0.000000,0.000000,0.004400,0.001800,0.002800,0.007200,0.000000
1160,4.459938,4.500298,4.516800,4.368500,1228.000000,932720508.000000,1424890704.000000,252489728.000000,238497792.000000,1622863872.000000,0.000000,0.000000,0.000700,0.000000,0.000000,0.000000,0.010400,0.000000,0.012400,0.000000,0.000000,0.000000,0.004400,0.001900,0.002800,0.007400,0.000000
1161,4.463277,3.338804,3.339500,3.210900,1176.000000,932720556.000000,1424890704.000000,252489728.000000,238497792.000000,1622863872.000000,0.000000,0.000000,0.000600,0.000000,0.000000,0.000000,0.011100,0.000000,0.012400,0.000000,0.000000,0.000000,0.004400,0.002100,0.002500,0.006700,0.000000
1162,4.469679,6.386898,6.364400,6.235300,1176.000000,932720132.000000,1424890704.000000,252489728.000000,238497792.000000,1622863872.000000,0.000000,0.000000,1.949200,0.048500,0.019200,1.829100,0.011300,0.018000,0.012100,0.000600,0.000200,0.000400,0.004600,0.002200,0.003000,0.006100,0.000000
1163,4.472816,3.158000,3.171100,3.030300,1176.000000,932722299.000000,1424890704.000000,252489728.000000,238497792.000000,1622863872.000000,0.000000,0.000000,0.000700,0.000000,0.000000,0.000000,0.012700,0.000000,0.012600,0.000000,0.000000,0.000000,0.005000,0.001900,0.002900,0.007800,0.000000
1164,4.477216,4.369203,4.355600,4.228500,1176.000000,932734564.000000,1424890704.000000,252489728.000000,238497792.000000,1622863872.000000,0.000000,0.000000,0.000600,0.000000,0.000000,0.000000,0.011400,0.000000,0.010800,0.000000,0.000000,0.000000,0.004400,0.002000,0.002900,0.006400,0.000000
1165,4.484010,6.791596,6.770600,6.628900,1176.000000,932726564.000000,1424890704.000000,252489728.000000,238501888.000000,1622863872.000000,0.000000,0.000000,2.997500,0.047700,0.018000,2.862300,0.011300,0.030200,0.013100,0.000700,0.000200,0.000800,0.004600,0.002500,0.002800,0.007300,0.000000
1166,4.487927,3.966603,4.000400,3.849400,1176.000000,932732140.000000,1424890704.000000,252489728.000000,238510080.000000,1622863872.000000,0.000000,0.000000,0.000700,0.000000,0.000000,0.000000,0.013600,0.000000,0.012100,0.000000,0.000000,0.000000,0.004900,0.002200,0.003000,0.007400,0.000000
1167,4.491678,3.730903,3.693400,3.573000,1176.000000,932732180.000000,1424890704.000000,252489728.000000,238510080.000000,1622863872.000000,0.000000,0.000000,0.000700,0.000000,0.000000,0.000000,0.009600,0.000000,0.015100,0.000000,0.000000,0.000000,0.004100,0.002200,0.002600,0.004900,0.000000
1168,4.495183,3.474298,3.490200,3.339500,1176.000000,932732628.000000,1424890704.000000,252489728.000000,238510080.000000,1622863872.000000,0.000000,0.000000,0.000600,0.000000,0.000000,0.000000,0.011200,0.000000,0.011100,0.000000,0.000000,0.000000,0.004200,0.002000,0.002000,0.006100,0.000000
1169,4.501124,5.950099,5.942700,5.806200,1176.000000,932732228.000000,1424890704.000000,252489728.000000,238510080.000000,1622863872.000000,0.000000,0.000000,2.613400,0.044400,0.018000,2.493800,0.012000,0.019900,0.010600,0.000500,0.000300,0.000700,0.004900,0.002300,0.002700,0.007000,0.000000
1170,4.505640,4.513797,4.512600,4.373600,1176.000000,932732252.000000,1424890704.000000,252489728.000000,238510080.000000,1622863872.000000,0.000000,0.000000,0.000700,0.000000,0.000000,0.000000,0.012600,0.000000,0.012100,0.000000,0.000000,0.000000,0.004600,0.002000,0.003100,0.007000,0.000000
1171,4.509754,4.136805,4.139100,4.004400,1176.000000,932736796.000000,1424890704.000000,252489728.000000,238514176.000000,1622863872.000000,0.000000,0.000000,0.000700,0.000000,0.000000,0.000000,0.011200,0.000000,0.013800,0.000000,0.000000,0.000000,0.005100,0.002400,0.003200,0.007300,0.000000
1172,4.513100,3.392396,3.411600,3.289700,1176.000000,932738939.000000,1424890704.000000,252489728.000000,238514176.000000,1622863872.000000,0.000000,0.000000,0.000600,0.000000,0.000000,0.000000,0.010600,0.000000,0.012200,0.000000,0.000000,0.000000,0.004400,0.001700,0.002800,0.006300,0.000000
1173,4.520182,6.991801,6.950400,6.835000,1176.000000,932726916.000000,1424890704.000000,252489728.000000,238514176.000000,1622863872.000000,0.000000,0.000000,2.989900,0.046900,0.017900,2.857900,0.008400,0.030300,0.010500,0.000600,0.000300,0.000800,0.003900,0.003100,0.002500,0.008200,0.000000
1174,4.522957,2.847697,2.872900,2.733800,1176.000000,932735796.000000,1424890704.000000,252489728.000000,238514176.000000,1622863872.000000,0.000000,0.000000,0.000700,0.000000,0.000000,0.000000,0.012900,0.000000,0.011500,0.000000,0.000000,0.000000,0.005000,0.002000,0.003300,0.007000,0.000000
1175,4.526587,3.599504,3.586600,3.470200,1176.000000,932736892.000000,1424890704.000000,252489728.000000,238514176.000000,1622863872.000000,0.000000,0.000000,0.000600,0.000000,0.000000,0.000000,0.009900,0.000000,0.020600,0.000000,0.000000,0.000000,0.003500,0.001700,0.002300,0.005700,0.000000
1176,4.530821,4.192297,4.165100,4.033100,1176.000000,932737340.000000,1424890704.000000,252489728.000000,238514176.000000,1622863872.000000,0.000000,0.000000,0.000600,0.000000,0.000000,0.000000,0.011200,0.000000,0.011700,0.000000,0.000000,0.000000,0.004000,0.001800,0.002900,0.007300,0.000000
1177,4.539514,8.683199,8.682200,8.528600,1176.000000,932744732.000000,1424890704.000000,252489728.000000,238522368.000000,1622863872.000000,0.000000,0.000000,3.680100,0.052600,0.020300,3.542300,0.012700,0.026800,0.011900,0.000600,0.000300,0.001000,0.005000,0.002800,0.003500,0.009000,0.000000
1178,4.544218,4.748604,4.730500,4.583600,1176.000000,932744732.000000,1424890704.000000,252489728.000000,238522368.000000,1622863872.000000,0.000000,0.000000,0.001100,0.000000,0.000000,0.000000,0.013600,0.000000,0.013100,0.000000,0.000000,0.000000,0.005300,0.002100,0.003100,0.007600,0.000000
1179,4.550010,5.788301,5.812600,5.649400,1176.000000,932744780.000000,1424890704.000000,252489728.000000,238522368.000000,1622863872.000000,0.000000,0.000000,1.953000,0.044200,0.018800,1.832300,0.011000,0.020600,0.011300,0.000600,0.000200,0.000600,0.004800,0.002400,0.002900,0.007000,0.000000
1180,4.553946,3.919296,3.917200,3.781400,1176.000000,932759140.000000,1424890704.000000,252489728.000000,238522368.000000,1622863872.000000,0.000000,0.000000,0.000600,0.000000,0.000000,0.000000,0.012300,0.000000,0.012000,0.000000,0.000000,0.000000,0.004500,0.001800,0.002900,0.006600,0.000000
1181,4.557671,3.770904,3.780500,3.650600,1176.000000,932747468.000000,1424890704.000000,252489728.000000,238522368.000000,1622863872.000000,0.000000,0.000000,0.000600,0.000000,0.000000,0.000000,0.011100,0.000000,0.015000,0.000000,0.000000,0.000000,0.004900,0.002200,0.002900,0.005600,0.000000
1182,4.564138,6.302495,6.230600,6.091900,1176.000000,932754164.000000,1424890704.000000,252489728.000000,238522368.000000,1623154688.000000,0.000000,0.000000,0.000600,0.000000,0.000000,0.000000,0.009500,0.000000,0.011600,0.000000,0.000000,0.000000,0.003700,0.001500,0.002600,0.006200,0.000000
1183,4.578612,14.538903,14.563000,14.375300,1176.000000,932762587.000000,1424890704.000000,252489728.000000,238526464.000000,1623498752.000000,0.000000,0.000000,2.766000,0.084900,0.053000,2.486600,0.023600,0.024000,0.016100,0.000900,0.000100,0.000900,0.007200,0.005200,0.004800,0.007700,0.000000
1184,4.585461,6.919898,6.941000,6.783100,1176.000000,932760916.000000,1424890704.000000,252489728.000000,238526464.000000,1623498752.000000,0.000000,0.000000,1.939200,0.050800,0.020000,1.798600,0.014600,0.021000,0.014300,0.000700,0.000200,0.000900,0.007800,0.004000,0.003400,0.079500,0.000000
1185,4.589954,4.507199,4.507800,4.374200,1176.000000,932760516.000000,1424890704.000000,252489728.000000,238526464.000000,1623498752.000000,0.000000,0.000000,0.001000,0.000000,0.000000,0.000000,0.011700,0.000000,0.010500,0.000000,0.000000,0.000000,0.004800,0.001900,0.003200,0.007300,0.000000
1186,4.594512,4.545302,4.528600,4.396500,1176.000000,932760540.000000,1424890704.000000,252489728.000000,238526464.000000,1623498752.000000,0.000000,0.000000,0.000600,0.000000,0.000000,0.000000,0.010000,0.000000,0.011800,0.000000,0.000000,0.000000,0.004500,0.001800,0.002600,0.006800,0.000000
1187,4.601241,6.739002,6.750400,6.604500,1176.000000,932760988.000000,1424890704.000000,252489728.000000,238526464.000000,1623498752.000000,0.000000,0.000000,3.836400,0.045200,0.017800,3.709200,0.010700,0.027800,0.010900,0.000500,0.000300,0.000700,0.004400,0.002600,0.002600,0.007100,0.000000
1188,4.605613,4.378500,4.381300,4.251500,1176.000000,932765532.000000,1424890704.000000,252489728.000000,238530560.000000,1623498752.000000,0.000000,0.000000,0.000700,0.000000,0.000000,0.000000,0.010500,0.000000,0.010700,0.000000,0.000000,0.000000,0.003800,0.001800,0.002600,0.006500,0.000000
1189,4.610369,4.735899,4.725000,4.595800,1176.000000,932765980.000000,1424890704.000000,252489728.000000,238530560.000000,1623498752.000000,0.000000,0.000000,0.000600,0.000000,0.000000,0.000000,0.010100,0.000000,0.010800,0.000000,0.000000,0.000000,0.004300,0.001800,0.002600,0.007000,0.000000
1190,4.615532,5.147796,5.132400,4.997300,1176.000000,932773554.000000,1424890704.000000,252489728.000000,238534656.000000,1623498752.000000,0.000000,0.000000,1.984700,0.050500,0.017300,1.860300,0.011200,0.024300,0.010100,0.000500,0.000300,0.000700,0.004600,0.002400,0.002800,0.006500,0.000000
1191,4.619501,3.990703,3.999300,3.853800,1176.000000,932769308.000000,1424890704.000000,252489728.000000,238534656.000000,1623498752.000000,0.000000,0.000000,0.000700,0.000000,0.000000,0.000000,0.012500,0.000000,0.012800,0.000000,0.000000,0.000000,0.005000,0.002000,0.003200,0.007100,0.000000
1192,4.625320,5.805697,5.798700,5.663900,1176.000000,932769756.000000,1424890704.000000,252489728.000000,238534656.000000,1623891968.000000,0.000000,0.000000,0.000600,0.000000,0.000000,0.000000,0.011500,0.000000,0.012400,0.000000,0.000000,0.000000,0.004700,0.002100,0.002900,0.006700,0.000000
1193,4.629283,3.977105,3.975800,3.841700,1176.000000,932769380.000000,1424890704.000000,252489728.000000,238534656.000000,1623891968.000000,0.000000,0.000000,0.000700,0.000000,0.000000,0.000000,0.012500,0.000000,0.012200,0.000000,0.000000,0.000000,0.005000,0.002100,0.003300,0.006900,0.000000
1194,4.635186,5.882901,5.883600,5.748400,1176.000000,932773052.000000,1424890704.000000,252489728.000000,238538752.000000,1623891968.000000,0.000000,0.000000,2.518200,0.045900,0.019700,2.398200,0.012300,0.019100,0.011000,0.000400,0.000300,0.000600,0.005100,0.002500,0.003400,0.006600,0.000000
1195,4.637894,2.755797,2.767700,2.641800,1176.000000,932773100.000000,1424890704.000000,252489728.000000,238538752.000000,1623891968.000000,0.000000,0.000000,0.000700,0.000000,0.000000,0.000000,0.011900,0.000000,0.011200,0.000000,0.000000,0.000000,0.004600,0.002100,0.002800,0.007100,0.000000
1196,4.641498,3.559602,3.537100,3.418900,1176.000000,932787460.000000,1424890704.000000,252489728.000000,238538752.000000,1623891968.000000,0.000000,0.000000,0.000700,0.000000,0.000000,0.000000,0.009900,0.000000,0.011200,0.000000,0.000000,0.000000,0.003900,0.001500,0.002400,0.006500,0.000000
1197,4.645910,4.367900,4.306400,4.157500,1176.000000,932775364.000000,1424890704.000000,252489728.000000,238538752.000000,1623891968.000000,0.000000,0.000000,0.000700,0.000000,0.000000,0.000000,0.011200,0.000000,0.014700,0.000000,0.000000,0.000000,0.005100,0.002200,0.002900,0.007900,0.000000
1198,4.651686,5.822002,5.872600,5.680600,1176.000000,932772748.000000,1424890704.000000,252489728.000000,238538752.000000,1623891968.000000,0.000000,0.000000,2.123100,0.047100,0.035300,1.976300,0.015000,0.020700,0.011000,0.000700,0.000300,0.000700,0.005900,0.002600,0.005000,0.006700,0.000000
1199,4.655787,4.078897,4.065500,3.924100,1176.000000,932776884.000000,1424890704.000000,252489728.000000,238542848.000000,1623891968.000000,0.000000,0.000000,0.000700,0.000000,0.000000,0.000000,0.012500,0.000000,0.012200,0.000000,0.000000,0.000000,0.004100,0.002000,0.003100,0.007500,0.000000
1200,4.660697,4.890001,4.899000,4.751100,1228.000000,932777332.000000,1424890704.000000,252489728.000000,238542848.000000,1623891968.000000,0.000000,0.000000,0.000800,0.000000,0.000000,0.000000,0.011200,0.000000,0.012500,0.000000,0.000000,0.000000,0.004800,0.002000,0.003100,0.007600,0.000000
1201,4.666165,5.511798,5.504800,5.367200,1176.000000,932777356.000000,1424890704.000000,252489728.000000,238542848.000000,1623891968.000000,0.000000,0.000000,2.107700,0.047600,0.019700,1.977300,0.013700,0.024000,0.011000,0.000500,0.000300,0.000900,0.004100,0.002600,0.003000,0.006700,0.000000
1202,4.670661,4.438301,4.434200,4.293800,1176.000000,932777380.000000,1424890704.000000,252489728.000000,238542848.000000,1623891968.000000,0.000000,0.000000,0.000700,0.000000,0.000000,0.000000,0.011700,0.000000,0.011500,0.000000,0.000000,0.000000,0.004500,0.002100,0.002900,0.006900,0.000000
1203,4.674725,4.104301,4.104200,3.961700,1176.000000,932781500.000000,1424890704.000000,252489728.000000,238546944.000000,1623891968.000000,0.000000,0.000000,0.000700,0.000000,0.000000,0.000000,0.014300,0.000000,0.012100,0.000000,0.000000,0.000000,0.005300,0.002100,0.003000,0.007600,0.000000
1204,4.679377,4.672498,4.669300,4.531300,1176.000000,932781948.000000,1424890704.000000,252489728.000000,238546944.000000,1623891968.000000,0.000000,0.000000,0.000800,0.000000,0.000000,0.000000,0.012000,0.000000,0.012400,0.000000,0.000000,0.000000,0.004900,0.002100,0.003000,0.007600,0.000000
1205,4.685544,6.106399,6.073000,5.924200,1176.000000,932786068.000000,1424890704.000000,252489728.000000,238551040.000000,1623891968.000000,0.000000,0.000000,2.741200,0.065200,0.021100,2.587000,0.011100,0.027700,0.010500,0.000500,0.000200,0.000700,0.004700,0.002400,0.003100,0.007200,0.000000
1206,4.688598,3.115901,3.148500,2.984900,1176.000000,932785244.000000,1424890704.000000,252489728.000000,238551040.000000,1623891968.000000,0.000000,0.000000,0.000700,0.000000,0.000000,0.000000,0.016700,0.000000,0.012700,0.000000,0.000000,0.000000,0.005100,0.003300,0.003200,0.009200,0.000000
1207,4.691515,2.939102,2.938600,2.807400,1176.000000,932785268.000000,1424890704.000000,252489728.000000,238551040.000000,1623891968.000000,0.000000,0.000000,0.001000,0.000000,0.000000,0.000000,0.010800,0.000000,0.011900,0.000000,0.000000,0.000000,0.004700,0.002000,0.002700,0.006900,0.000000
1208,4.694890,3.270600,3.261100,3.130100,1176.000000,932785716.000000,1424890704.000000,252489728.000000,238551040.000000,1623891968.000000,0.000000,0.000000,0.000800,0.000000,0.000000,0.000000,0.010900,0.000000,0.012600,0.000000,0.000000,0.000000,0.004300,0.002000,0.002300,0.005700,0.000000
1209,4.700376,5.560800,5.526300,5.388000,1176.000000,932789812.000000,1424890704.000000,252489728.000000,238551040.000000,1623891968.000000,0.000000,0.000000,2.108000,0.058400,0.023000,1.952600,0.012100,0.031100,0.011800,0.000700,0.000400,0.000600,0.005300,0.002600,0.003300,0.007800,0.000000
1210,4.703138,2.799695,2.829200,2.666200,1176.000000,932789812.000000,1424890704.000000,252489728.000000,238551040.000000,1623891968.000000,0.000000,0.000000,0.000700,0.000000,0.000000,0.000000,0.014500,0.000000,0.013300,0.000000,0.000000,0.000000,0.005000,0.002000,0.003200,0.006800,0.000000
1211,4.706033,2.895706,2.905600,2.775200,1176.000000,932794380.000000,1424890704.000000,252489728.000000,238555136.000000,1623891968.000000,0.000000,0.000000,0.000800,0.000000,0.000000,0.000000,0.010700,0.000000,0.013900,0.000000,0.000000,0.000000,0.004000,0.001500,0.002600,0.006500,0.000000
1212,4.708967,2.924199,2.917000,2.799400,1176.000000,932808316.000000,1424890704.000000,252489728.000000,238555136.000000,1623891968.000000,0.000000,0.000000,0.000700,0.000000,0.000000,0.000000,0.010900,0.000000,0.012600,0.000000,0.000000,0.000000,0.004000,0.001400,0.002200,0.006900,0.000000
1213,4.712099,3.156300,3.162200,3.042500,1176.000000,932780972.000000,1424890704.000000,252489728.000000,238555136.000000,1623891968.000000,0.000000,0.000000,0.000600,0.000000,0.000000,0.000000,0.010300,0.000000,0.013000,0.000000,0.000000,0.000000,0.004600,0.001400,0.002500,0.006500,0.000000
1214,4.717192,5.036897,5.006000,4.888400,1176.000000,932778356.000000,1424890704.000000,252489728.000000,238555136.000000,1623891968.000000,0.000000,0.000000,2.070400,0.045000,0.017800,1.938200,0.009000,0.033000,0.012000,0.000500,0.000300,0.000700,0.004400,0.002300,0.002300,0.007600,0.000000
1215,4.720251,3.076098,3.075800,2.932100,1176.000000,932778396.000000,1424890704.000000,252489728.000000,238555136.000000,1623891968.000000,0.000000,0.000000,0.000700,0.000000,0.000000,0.000000,0.012000,0.000000,0.016700,0.000000,0.000000,0.000000,0.004400,0.001700,0.002500,0.005700,0.000000
1216,4.723130,2.896606,2.907700,2.771400,1176.000000,932787036.000000,1424890704.000000,252489728.000000,238563328.000000,1623891968.000000,0.000000,0.000000,0.000800,0.000000,0.000000,0.000000,0.011100,0.000000,0.011000,0.000000,0.000000,0.000000,0.004300,0.002000,0.002800,0.006400,0.000000
1217,4.726111,2.986593,2.983900,2.859600,1176.000000,932786636.000000,1424890704.000000,252489728.000000,238563328.000000,1623891968.000000,0.000000,0.000000,0.000500,0.000000,0.000000,0.000000,0.011400,0.000000,0.011400,0.000000,0.000000,0.000000,0.004300,0.001800,0.003100,0.007100,0.000000
1218,4.729046,2.916206,2.882100,2.756300,1176.000000,932786660.000000,1424890704.000000,252489728.000000,238563328.000000,1623891968.000000,0.000000,0.000000,0.000600,0.000000,0.000000,0.000000,0.010500,0.000000,0.012400,0.000000,0.000000,0.000000,0.004300,0.001600,0.002500,0.007400,0.000000
1219,4.734403,5.318495,5.331000,5.186900,1176.000000,932786684.000000,1424890704.000000,252489728.000000,238563328.000000,1623891968.000000,0.000000,0.000000,2.070100,0.049300,0.020800,1.933600,0.011300,0.028400,0.010900,0.000800,0.000300,0.000700,0.004500,0.002300,0.002600,0.007400,0.000000
1220,4.737108,2.780301,2.799600,2.666900,1176.000000,932787132.000000,1424890704.000000,252489728.000000,238563328.000000,1623891968.000000,0.000000,0.000000,0.000700,0.000000,0.000000,0.000000,0.013100,0.000000,0.012500,0.000000,0.000000,0.000000,0.005700,0.001900,0.002900,0.008400,0.000000
1221,4.740122,2.983000,2.957800,2.834500,1176.000000,932787580.000000,1424890704.000000,252489728.000000,238563328.000000,1623891968.000000,0.000000,0.000000,0.000600,0.000000,0.000000,0.000000,0.009900,0.000000,0.010500,0.000000,0.000000,0.000000,0.004000,0.001500,0.002400,0.006400,0.000000
1222,4.742745,2.642000,2.666800,2.536200,1176.000000,932790852.000000,1424890704.000000,252489728.000000,238567424.000000,1623891968.000000,0.000000,0.000000,0.000700,0.000000,0.000000,0.000000,0.010600,0.000000,0.011800,0.000000,0.000000,0.000000,0.003500,0.001800,0.002000,0.006500,0.000000
1223,4.745904,3.120203,2.979300,2.867900,1176.000000,932791300.000000,1424890704.000000,252489728.000000,238567424.000000,1623891968.000000,0.000000,0.000000,0.000700,0.000000,0.000000,0.000000,0.008700,0.000000,0.013200,0.000000,0.000000,0.000000,0.003500,0.001500,0.002400,0.007000,0.000000
1224,4.751502,5.614201,5.637600,5.393200,1176.000000,932791324.000000,1424890704.000000,252489728.000000,238567424.000000,1623891968.000000,0.000000,0.000000,2.185300,0.045900,0.021300,2.056300,0.012300,0.023900,0.012700,0.000600,0.000300,0.001000,0.004600,0.002500,0.002900,0.006900,0.000000
1225,4.754596,3.064902,3.153600,2.935300,1176.000000,932790948.000000,1424890704.000000,252489728.000000,238567424.000000,1623891968.000000,0.000000,0.000000,0.000600,0.000000,0.000000,0.000000,0.012900,0.000000,0.012100,0.000000,0.000000,0.000000,0.004600,0.001800,0.002500,0.007100,0.000000
1226,4.757549,2.998299,3.013000,2.888600,1176.000000,932780140.000000,1424890704.000000,252489728.000000,238567424.000000,1623891968.000000,0.000000,0.000000,0.000700,0.000000,0.000000,0.000000,0.011500,0.000000,0.012500,0.000000,0.000000,0.000000,0.004300,0.001900,0.003000,0.007000,0.000000
1227,4.760590,3.022598,3.001700,2.887300,1176.000000,932784284.000000,1424890704.000000,252489728.000000,238571520.000000,1623891968.000000,0.000000,0.000000,0.000600,0.000000,0.000000,0.000000,0.011300,0.000000,0.011900,0.000000,0.000000,0.000000,0.003800,0.001600,0.002800,0.005400,0.000000
1228,4.766748,6.133298,6.106100,5.967900,1176.000000,932802740.000000,1424890704.000000,252489728.000000,238575616.000000,1623891968.000000,0.000000,0.000000,2.877000,0.046700,0.020200,2.740800,0.010400,0.028600,0.012400,0.000800,0.000300,0.001000,0.004700,0.002900,0.002800,0.009000,0.000000
1229,4.769898,3.155003,3.161700,3.007400,1176.000000,932790644.000000,1424890704.000000,252489728.000000,238575616.000000,1623891968.000000,0.000000,0.000000,0.000600,0.000000,0.000000,0.000000,0.013500,0.000000,0.012800,0.000000,0.000000,0.000000,0.004600,0.002700,0.002900,0.006800,0.000000
1230,4.772769,2.909899,2.928100,2.784800,1176.000000,932788028.000000,1424890704.000000,252489728.000000,238575616.000000,1623891968.000000,0.000000,0.000000,0.000700,0.000000,0.000000,0.000000,0.012100,0.000000,0.012600,0.000000,0.000000,0.000000,0.005000,0.002000,0.003100,0.007900,0.000000
1231,4.775761,2.967297,2.959700,2.836400,1176.000000,932788068.000000,1424890704.000000,252489728.000000,238575616.000000,1623891968.000000,0.000000,0.000000,0.000600,0.000000,0.000000,0.000000,0.010500,0.000000,0.011300,0.000000,0.000000,0.000000,0.004400,0.002200,0.002400,0.007000,0.000000
1232,4.778890,3.132001,3.119900,2.994500,1176.000000,932788516.000000,1424890704.000000,252489728.000000,238575616.000000,1623891968.000000,0.000000,0.000000,0.000700,0.000000,0.000000,0.000000,0.010100,0.000000,0.011600,0.000000,0.000000,0.000000,0.004200,0.001800,0.002200,0.006500,0.000000
1233,4.784332,5.425298,5.413100,5.274200,1176.000000,932793060.000000,1424890704.000000,252489728.000000,238579712.000000,1623891968.000000,0.000000,0.000000,2.095600,0.049200,0.019600,1.968500,0.011300,0.019900,0.012500,0.000600,0.000200,0.000800,0.004500,0.002400,0.002900,0.006400,0.000000
1234,4.787229,2.943700,2.965000,2.826000,1176.000000,932792660.000000,1424890704.000000,252489728.000000,238579712.000000,1623891968.000000,0.000000,0.000000,0.000700,0.000000,0.000000,0.000000,0.012900,0.000000,0.013300,0.000000,0.000000,0.000000,0.004900,0.002300,0.003000,0.007800,0.000000
1235,4.790447,3.181101,3.158900,3.037800,1176.000000,932792684.000000,1424890704.000000,252489728.000000,238579712.000000,1623891968.000000,0.000000,0.000000,0.000700,0.000000,0.000000,0.000000,0.009600,0.000000,0.012000,0.000000,0.000000,0.000000,0.003900,0.001600,0.002700,0.006200,0.000000
1236,4.793643,3.118304,3.105300,2.962700,1176.000000,932793132.000000,1424890704.000000,252489728.000000,238579712.000000,1623891968.000000,0.000000,0.000000,0.000700,0.000000,0.000000,0.000000,0.011700,0.000000,0.012500,0.000000,0.000000,0.000000,0.004500,0.001800,0.002900,0.007200,0.000000
1237,4.798910,5.345295,5.353300,5.207200,1176.000000,932793156.000000,1424890704.000000,252489728.000000,238579712.000000,1623891968.000000,0.000000,0.000000,2.171000,0.056400,0.024300,2.010600,0.013500,0.028900,0.011200,0.000700,0.000200,0.000400,0.005300,0.002700,0.003100,0.006800,0.000000
1238,4.801839,2.967007,2.951800,2.819100,1176.000000,932792332.000000,1424890704.000000,252489728.000000,238579712.000000,1623891968.000000,0.000000,0.000000,0.000800,0.000000,0.000000,0.000000,0.012500,0.000000,0.012300,0.000000,0.000000,0.000000,0.004900,0.002100,0.002800,0.008100,0.000000
1239,4.804806,2.956895,2.981100,2.836100,1176.000000,932796452.000000,1424890704.000000,252489728.000000,238583808.000000,1623891968.000000,0.000000,0.000000,0.000600,0.000000,0.000000,0.000000,0.010500,0.000000,0.012200,0.000000,0.000000,0.000000,0.004600,0.001700,0.002500,0.007000,0.000000
1240,4.807688,2.876601,2.869500,2.749600,1176.000000,932796900.000000,1424890704.000000,252489728.000000,238583808.000000,1623891968.000000,0.000000,0.000000,0.000700,0.000000,0.000000,0.000000,0.009900,0.000000,0.011900,0.000000,0.000000,0.000000,0.004200,0.001700,0.002400,0.007000,0.000000
1241,4.810791,3.087202,3.076700,2.952700,1176.000000,932800620.000000,1424890704.000000,252489728.000000,238587904.000000,1623891968.000000,0.000000,0.000000,0.000500,0.000000,0.000000,0.000000,0.010200,0.000000,0.012100,0.000000,0.000000,0.000000,0.004600,0.001700,0.002700,0.007700,0.000000
1242,4.816356,5.538499,5.526400,5.393000,1176.000000,932800620.000000,1424890704.000000,252489728.000000,238587904.000000,1623891968.000000,0.000000,0.000000,2.131900,0.047100,0.020500,2.005800,0.010600,0.021500,0.011700,0.000500,0.000300,0.000700,0.004400,0.002900,0.002500,0.006600,0.000000
1243,4.819492,3.151297,3.153600,3.009300,1176.000000,932800668.000000,1424890704.000000,252489728.000000,238587904.000000,1623891968.000000,0.000000,0.000000,0.000600,0.000000,0.000000,0.000000,0.013300,0.000000,0.013000,0.000000,0.000000,0.000000,0.004800,0.001800,0.003400,0.007400,0.000000
1244,4.822367,2.911302,2.923700,2.794300,1176.000000,932819124.000000,1424890704.000000,252489728.000000,238592000.000000,1623891968.000000,0.000000,0.000000,0.000600,0.000000,0.000000,0.000000,0.011200,0.000000,0.012700,0.000000,0.000000,0.000000,0.004500,0.002000,0.002700,0.006800,0.000000
1245,4.825892,3.473299,3.446800,3.319600,1176.000000,932807452.000000,1424890704.000000,252489728.000000,238592000.000000,1623891968.000000,0.000000,0.000000,0.000700,0.000000,0.000000,0.000000,0.009900,0.000000,0.026700,0.000000,0.000000,0.000000,0.005000,0.002800,0.002500,0.006700,0.000000
1246,4.829116,3.172201,3.139500,2.985400,1176.000000,932804412.000000,1424890704.000000,252489728.000000,238592000.000000,1623891968.000000,0.000000,0.000000,0.000800,0.000000,0.000000,0.000000,0.011900,0.000000,0.013200,0.000000,0.000000,0.000000,0.005100,0.002200,0.003200,0.006800,0.000000
1247,4.834953,5.857299,5.876100,5.704500,1176.000000,932804452.000000,1424890704.000000,252489728.000000,238592000.000000,1623891968.000000,0.000000,0.000000,2.211800,0.056300,0.025300,2.048700,0.016500,0.030600,0.012600,0.000700,0.000200,0.000800,0.005700,0.002700,0.003700,0.009800,0.000000
1248,4.838144,3.216397,3.214200,3.062800,1176.000000,932804900.000000,1424890704.000000,252489728.000000,238592000.000000,1623891968.000000,0.000000,0.000000,0.000900,0.000000,0.000000,0.000000,0.014300,0.000000,0.014400,0.000000,0.000000,0.000000,0.005100,0.002100,0.003200,0.007800,0.000000
1249,4.841507,3.317602,3.286900,3.130900,1176.000000,932804500.000000,1424890704.000000,252489728.000000,238592000.000000,1623891968.000000,0.000000,0.000000,0.000700,0.000000,0.000000,0.000000,0.013500,0.000000,0.012800,0.000000,0.000000,0.000000,0.004900,0.002200,0.003700,0.009100,0.000000
1250,4.845255,3.763499,3.710200,3.532700,1176.000000,932808620.000000,1424890704.000000,252489728.000000,238596096.000000,1623891968.000000,0.000000,0.000000,0.000800,0.000000,0.000000,0.000000,0.015900,0.000000,0.013500,0.000000,0.000000,0.000000,0.006200,0.002800,0.003500,0.008600,0.000000
1251,4.851450,6.235204,6.302200,6.079400,1176.000000,932812740.000000,1424890704.000000,252489728.000000,238600192.000000,1623891968.000000,0.000000,0.000000,2.793000,0.053600,0.023600,2.635800,0.018400,0.034300,0.019300,0.000600,0.000300,0.000900,0.005500,0.005400,0.003900,0.013100,0.000000
1252,4.854811,3.352296,3.330600,3.174400,1176.000000,932813188.000000,1424890704.000000,252489728.000000,238600192.000000,1623891968.000000,0.000000,0.000000,0.000700,0.000000,0.000000,0.000000,0.013100,0.000000,0.012400,0.000000,0.000000,0.000000,0.005300,0.001700,0.003100,0.007400,0.000000
1253,4.857562,2.809899,2.850800,2.686200,1176.000000,932813636.000000,1424890704.000000,252489728.000000,238600192.000000,1623891968.000000,0.000000,0.000000,0.000600,0.000000,0.000000,0.000000,0.012300,0.000000,0.012800,0.000000,0.000000,0.000000,0.005100,0.002100,0.003100,0.007900,0.000000
1254,4.861001,3.390299,3.370100,3.236800,1228.000000,932816908.000000,1424890704.000000,252489728.000000,238604288.000000,1623891968.000000,0.000000,0.000000,0.000800,0.000000,0.000000,0.000000,0.009000,0.000000,0.011900,0.000000,0.000000,0.000000,0.004800,0.001800,0.002900,0.006900,0.000000
1255,4.866941,5.950602,5.950100,5.804800,1176.000000,932821876.000000,1424890704.000000,252489728.000000,238608384.000000,1623891968.000000,0.000000,0.000000,2.784500,0.048200,0.020600,2.640600,0.012200,0.032000,0.014400,0.000600,0.000300,0.000700,0.005300,0.002900,0.002800,0.008900,0.000000
1256,4.870214,3.264902,3.257700,3.113300,1176.000000,932821900.000000,1424890704.000000,252489728.000000,238608384.000000,1623891968.000000,0.000000,0.000000,0.000600,0.000000,0.000000,0.000000,0.011500,0.000000,0.013300,0.000000,0.000000,0.000000,0.005200,0.001900,0.002900,0.007600,0.000000
1257,4.873198,2.998696,3.008200,2.863100,1176.000000,932821524.000000,1424890704.000000,252489728.000000,238608384.000000,1623891968.000000,0.000000,0.000000,0.000600,0.000000,0.000000,0.000000,0.012100,0.000000,0.012900,0.000000,0.000000,0.000000,0.005300,0.002200,0.002800,0.007600,0.000000
1258,4.876319,3.122102,3.122300,2.991100,1176.000000,932821524.000000,1424890704.000000,252489728.000000,238608384.000000,1623891968.000000,0.000000,0.000000,0.000800,0.000000,0.000000,0.000000,0.011500,0.000000,0.012500,0.000000,0.000000,0.000000,0.004900,0.001800,0.002900,0.007200,0.000000
1259,4.879456,3.149901,3.145400,3.016100,1176.000000,932821148.000000,1424890704.000000,252489728.000000,238608384.000000,1623891968.000000,0.000000,0.000000,0.000600,0.000000,0.000000,0.000000,0.010900,0.000000,0.012500,0.000000,0.000000,0.000000,0.004100,0.001600,0.002600,0.007900,0.000000
1260,4.885207,5.705399,5.664100,5.528000,1176.000000,932835620.000000,1424890704.000000,252489728.000000,238608384.000000,1623891968.000000,0.000000,0.000000,2.280300,0.048000,0.019500,2.143200,0.010300,0.028900,0.012000,0.000500,0.000300,0.000600,0.003900,0.002600,0.002600,0.006400,0.000000
1261,4.888471,3.262599,3.258000,3.088800,1176.000000,932827620.000000,1424890704.000000,252489728.000000,238612480.000000,1623891968.000000,0.000000,0.000000,0.000600,0.000000,0.000000,0.000000,0.014400,0.000000,0.015500,0.000000,0.000000,0.000000,0.005400,0.002300,0.003700,0.008600,0.000000
1262,4.891735,3.217503,3.233700,3.066800,1176.000000,932825004.000000,1424890704.000000,252489728.000000,238612480.000000,1623891968.000000,0.000000,0.000000,0.000600,0.000000,0.000000,0.000000,0.013300,0.000000,0.013400,0.000000,0.000000,0.000000,0.005000,0.002100,0.003600,0.008600,0.000000
1263,4.895300,3.602501,3.600600,3.451600,1176.000000,932825044.000000,1424890704.000000,252489728.000000,238612480.000000,1623891968.000000,0.000000,0.000000,0.000800,0.000000,0.000000,0.000000,0.016400,0.000000,0.013300,0.000000,0.000000,0.000000,0.007200,0.002000,0.003600,0.009000,0.000000
1264,4.901794,6.512996,6.500100,6.351200,1176.000000,932825492.000000,1424890704.000000,252489728.000000,238612480.000000,1623891968.000000,0.000000,0.000000,3.074000,0.052400,0.020700,2.903900,0.011700,0.047200,0.021000,0.000500,0.000400,0.001500,0.005100,0.004700,0.003500,0.016600,0.000000
1265,4.904983,3.208603,3.196100,3.038600,1176.000000,932825092.000000,1424890704.000000,252489728.000000,238612480.000000,1623891968.000000,0.000000,0.000000,0.000600,0.000000,0.000000,0.000000,0.014300,0.000000,0.012100,0.000000,0.000000,0.000000,0.005000,0.002000,0.003200,0.008700,0.000000
1266,4.908252,3.192397,3.177500,3.002600,1176.000000,932825116.000000,1424890704.000000,252489728.000000,238612480.000000,1623891968.000000,0.000000,0.000000,0.000600,0.000000,0.000000,0.000000,0.011800,0.000000,0.012400,0.000000,0.000000,0.000000,0.004700,0.002000,0.002800,0.006900,0.000000
1267,4.911417,3.243700,3.278300,3.105900,1176.000000,932833756.000000,1424890704.000000,252489728.000000,238620672.000000,1623891968.000000,0.000000,0.000000,0.000900,0.000000,0.000000,0.000000,0.016000,0.000000,0.015700,0.000000,0.000000,0.000000,0.006700,0.003100,0.003400,0.009700,0.000000
1268,4.917066,5.599801,5.578600,5.435600,1176.000000,932833780.000000,1424890704.000000,252489728.000000,238620672.000000,1623891968.000000,0.000000,0.000000,2.190500,0.052500,0.021400,2.044700,0.011700,0.028500,0.014000,0.000600,0.000200,0.000900,0.004500,0.002800,0.002900,0.010100,0.000000
1269,4.920546,3.486203,3.476300,3.316600,1176.000000,932834228.000000,1424890704.000000,252489728.000000,238620672.000000,1623891968.000000,0.000000,0.000000,0.000900,0.000000,0.000000,0.000000,0.013000,0.000000,0.012200,0.000000,0.000000,0.000000,0.005300,0.002800,0.003500,0.007700,0.000000
1270,4.924078,3.542396,3.542000,3.381400,1176.000000,932833404.000000,1424890704.000000,252489728.000000,238620672.000000,1623891968.000000,0.000000,0.000000,0.000700,0.000000,0.000000,0.000000,0.014300,0.000000,0.014100,0.000000,0.000000,0.000000,0.005700,0.002000,0.003500,0.008400,0.000000
1271,4.927331,3.273101,3.280300,3.125100,1176.000000,932833428.000000,1424890704.000000,252489728.000000,238620672.000000,1623891968.000000,0.000000,0.000000,0.000700,0.000000,0.000000,0.000000,0.013800,0.000000,0.013400,0.000000,0.000000,0.000000,0.005800,0.002000,0.003400,0.009300,0.000000
1272,4.933167,5.726998,5.678600,5.516800,1176.000000,932837972.000000,1424890704.000000,252489728.000000,238624768.000000,1623891968.000000,0.000000,0.000000,2.243300,0.053000,0.020900,2.089700,0.012600,0.031800,0.013900,0.000800,0.000500,0.001100,0.005300,0.002800,0.003100,0.011100,0.000000
1273,4.936600,3.506399,3.540400,3.354400,1176.000000,932837596.000000,1424890704.000000,252489728.000000,238624768.000000,1623891968.000000,0.000000,0.000000,0.001000,0.000000,0.000000,0.000000,0.019100,0.000000,0.014000,0.000000,0.000000,0.000000,0.008300,0.003200,0.003700,0.010500,0.000000
1274,4.939990,3.409099,3.396600,3.244700,1176.000000,932837596.000000,1424890704.000000,252489728.000000,238624768.000000,1623891968.000000,0.000000,0.000000,0.000900,0.000000,0.000000,0.000000,0.012500,0.000000,0.014500,0.000000,0.000000,0.000000,0.004900,0.002000,0.003000,0.008000,0.000000
1275,4.943381,3.317205,3.289200,3.119700,1176.000000,932837644.000000,1424890704.000000,252489728.000000,238624768.000000,1623891968.000000,0.000000,0.000000,0.000900,0.000000,0.000000,0.000000,0.012300,0.000000,0.014200,0.000000,0.000000,0.000000,0.005300,0.002300,0.003300,0.008100,0.000000
1276,4.946768,3.424199,3.402000,3.221700,1176.000000,932852004.000000,1424890704.000000,252489728.000000,238624768.000000,1623891968.000000,0.000000,0.000000,0.000900,0.000000,0.000000,0.000000,0.017500,0.000000,0.014500,0.000000,0.000000,0.000000,0.007700,0.003200,0.003800,0.010900,0.000000
1277,4.952697,5.910601,5.895200,5.695500,1176.000000,932840332.000000,1424890704.000000,252489728.000000,238624768.000000,1623891968.000000,0.000000,0.000000,2.255900,0.052400,0.022500,2.100600,0.012800,0.034100,0.016300,0.000600,0.000200,0.001300,0.006100,0.002700,0.003500,0.012300,0.000000
1278,4.956326,3.653897,3.677600,3.465800,1176.000000,932841388.000000,1424890704.000000,252489728.000000,238628864.000000,1623891968.000000,0.000000,0.000000,0.000900,0.000000,0.000000,0.000000,0.018400,0.000000,0.015200,0.000000,0.000000,0.000000,0.006500,0.002500,0.003600,0.008800,0.000000
1279,4.959888,3.550099,3.542300,3.352000,1176.000000,932845604.000000,1424890704.000000,252489728.000000,238632960.000000,1623891968.000000,0.000000,0.000000,0.000800,0.000000,0.000000,0.000000,0.013800,0.000000,0.015200,0.000000,0.000000,0.000000,0.005800,0.004000,0.003400,0.008500,0.000000
1280,4.963525,3.603501,3.628200,3.382000,1176.000000,932846052.000000,1424890704.000000,252489728.000000,238632960.000000,1623891968.000000,0.000000,0.000000,0.000800,0.000000,0.000000,0.000000,0.016700,0.000000,0.014600,0.000000,0.000000,0.000000,0.005900,0.002300,0.003600,0.009600,0.000000
1281,4.969218,5.754599,5.748300,5.584700,1176.000000,932850124.000000,1424890704.000000,252489728.000000,238632960.000000,1623891968.000000,0.000000,0.000000,2.299700,0.067000,0.026700,2.122200,0.013900,0.038500,0.012300,0.000500,0.000200,0.000700,0.006600,0.002700,0.003800,0.009100,0.000000
1282,4.972591,3.385204,3.404100,3.243200,1176.000000,932850148.000000,1424890704.000000,252489728.000000,238632960.000000,1623891968.000000,0.000000,0.000000,0.000700,0.000000,0.000000,0.000000,0.015000,0.000000,0.012700,0.000000,0.000000,0.000000,0.006500,0.002200,0.003300,0.009000,0.000000
1283,4.975896,3.305095,3.295000,3.153200,1176.000000,932854268.000000,1424890704.000000,252489728.000000,238637056.000000,1623891968.000000,0.000000,0.000000,0.000600,0.000000,0.000000,0.000000,0.012700,0.000000,0.013800,0.000000,0.000000,0.000000,0.005200,0.002000,0.003700,0.008400,0.000000
1284,4.979021,3.150404,3.159000,3.012500,1176.000000,932854716.000000,1424890704.000000,252489728.000000,238637056.000000,1623891968.000000,0.000000,0.000000,0.000700,0.000000,0.000000,0.000000,0.012100,0.000000,0.012800,0.000000,0.000000,0.000000,0.005300,0.002100,0.003000,0.008100,0.000000
1285,4.984652,5.616801,5.599400,5.462000,1176.000000,932850692.000000,1424890704.000000,252489728.000000,238637056.000000,1623891968.000000,0.000000,0.000000,2.277100,0.049300,0.020600,2.131600,0.011700,0.033200,0.011600,0.000600,0.000200,0.000700,0.005600,0.002900,0.003000,0.007200,0.000000
1286,4.987622,2.991497,3.007800,2.863500,1176.000000,932849868.000000,1424890704.000000,252489728.000000,238637056.000000,1623891968.000000,0.000000,0.000000,0.000600,0.000000,0.000000,0.000000,0.013400,0.000000,0.012900,0.000000,0.000000,0.000000,0.004900,0.002100,0.003500,0.006600,0.000000
1287,4.990963,3.338201,3.326300,3.192500,1176.000000,932849892.000000,1424890704.000000,252489728.000000,238637056.000000,1623891968.000000,0.000000,0.000000,0.000800,0.000000,0.000000,0.000000,0.010800,0.000000,0.012100,0.000000,0.000000,0.000000,0.004900,0.002000,0.002700,0.006500,0.000000
1288,4.994072,3.081002,3.076900,2.939300,1176.000000,932850340.000000,1424890704.000000,252489728.000000,238637056.000000,1623891968.000000,0.000000,0.000000,0.000800,0.000000,0.000000,0.000000,0.011200,0.000000,0.012400,0.000000,0.000000,0.000000,0.004700,0.001800,0.002900,0.007300,0.000000
1289,4.999374,5.322598,5.317100,5.179700,1176.000000,932854484.000000,1424890704.000000,252489728.000000,238641152.000000,1623891968.000000,0.000000,0.000000,2.135800,0.049700,0.020500,1.995700,0.011100,0.028000,0.011700,0.000600,0.000500,0.000700,0.005000,0.002400,0.003300,0.007100,0.000000
1290,5.002275,2.946500,2.970200,2.834600,1176.000000,932854484.000000,1424890704.000000,252489728.000000,238641152.000000,1623891968.000000,0.000000,0.000000,0.000500,0.000000,0.000000,0.000000,0.012900,0.000000,0.012600,0.000000,0.000000,0.000000,0.004500,0.002000,0.003000,0.007300,0.000000
1291,5.005415,3.101899,3.078500,2.963600,1176.000000,932854508.000000,1424890704.000000,252489728.000000,238641152.000000,1623891968.000000,0.000000,0.000000,0.000700,0.000000,0.000000,0.000000,0.009300,0.000000,0.011900,0.000000,0.000000,0.000000,0.004300,0.001500,0.002300,0.006500,0.000000
1292,5.008564,3.126304,3.080500,2.940300,1176.000000,932872988.000000,1424890704.000000,252489728.000000,238645248.000000,1623891968.000000,0.000000,0.000000,0.000800,0.000000,0.000000,0.000000,0.011100,0.000000,0.011700,0.000000,0.000000,0.000000,0.004700,0.002200,0.003100,0.006900,0.000000
1293,5.011597,3.083000,3.128700,2.957700,1176.000000,932860468.000000,1424890704.000000,252489728.000000,238645248.000000,1623891968.000000,0.000000,0.000000,0.001000,0.000000,0.000000,0.000000,0.012800,0.000000,0.013800,0.000000,0.000000,0.000000,0.005700,0.002300,0.003700,0.007400,0.000000
1294,5.017398,5.748094,5.688500,5.560100,1176.000000,932857852.000000,1424890704.000000,252489728.000000,238645248.000000,1623891968.000000,0.000000,0.000000,2.591300,0.048800,0.019500,2.447700,0.010200,0.034200,0.012600,0.000600,0.000200,0.000800,0.004400,0.002600,0.002700,0.008000,0.000000
1295,5.020648,3.279301,3.320500,3.136600,1176.000000,932861988.000000,1424890704.000000,252489728.000000,238649344.000000,1623891968.000000,0.000000,0.000000,0.000700,0.000000,0.000000,0.000000,0.012400,0.000000,0.012400,0.000000,0.000000,0.000000,0.004800,0.001600,0.002900,0.007800,0.000000
1296,5.023574,2.937705,2.886200,2.749800,1176.000000,932862436.000000,1424890704.000000,252489728.000000,238649344.000000,1623891968.000000,0.000000,0.000000,0.000700,0.000000,0.000000,0.000000,0.011500,0.000000,0.012200,0.000000,0.000000,0.000000,0.004300,0.001700,0.002900,0.008200,0.000000
1297,5.026300,2.758397,2.828100,2.648600,1176.000000,932862036.000000,1424890704.000000,252489728.000000,238649344.000000,1623891968.000000,0.000000,0.000000,0.000600,0.000000,0.000000,0.000000,0.011700,0.000000,0.011500,0.000000,0.000000,0.000000,0.004500,0.001900,0.003100,0.007600,0.000000
1298,5.029830,3.443998,3.357600,3.211700,1176.000000,932862060.000000,1424890704.000000,252489728.000000,238649344.000000,1623891968.000000,0.000000,0.000000,0.000600,0.000000,0.000000,0.000000,0.009900,0.000000,0.010900,0.000000,0.000000,0.000000,0.003700,0.001700,0.002300,0.006100,0.000000
1299,5.036362,6.539605,6.583300,6.395700,1176.000000,932862508.000000,1424890704.000000,252489728.000000,238649344.000000,1623891968.000000,0.000000,0.000000,3.271500,0.068800,0.021500,3.111900,0.013500,0.029500,0.015000,0.000900,0.000300,0.000800,0.005400,0.002900,0.003400,0.008100,0.000000
1300,5.039402,3.080194,3.091500,2.947300,1176.000000,932866628.000000,1424890704.000000,252489728.000000,238653440.000000,1623891968.000000,0.000000,0.000000,0.000700,0.000000,0.000000,0.000000,0.012700,0.000000,0.013900,0.000000,0.000000,0.000000,0.005000,0.001900,0.002700,0.007200,0.000000
1301,5.042219,2.847704,2.860300,2.733000,1176.000000,932867076.000000,1424890704.000000,252489728.000000,238653440.000000,1623891968.000000,0.000000,0.000000,0.000900,0.000000,0.000000,0.000000,0.010700,0.000000,0.011800,0.000000,0.000000,0.000000,0.003900,0.002000,0.003000,0.008400,0.000000
1302,5.045253,3.008900,2.996200,2.879700,1176.000000,932866252.000000,1424890704.000000,252489728.000000,238653440.000000,1623891968.000000,0.000000,0.000000,0.000900,0.000000,0.000000,0.000000,0.009500,0.000000,0.011000,0.000000,0.000000,0.000000,0.003600,0.001700,0.002200,0.006600,0.000000
1303,5.050891,5.613698,5.587500,5.457500,1176.000000,932866700.000000,1424890704.000000,252489728.000000,238653440.000000,1623891968.000000,0.000000,0.000000,2.318700,0.050300,0.019600,2.179600,0.010600,0.029400,0.027700,0.000600,0.000400,0.000500,0.004600,0.002500,0.002400,0.007000,0.000000
1304,5.054371,3.435700,3.433600,3.272600,1176.000000,932867148.000000,1424890704.000000,252489728.000000,238653440.000000,1623891968.000000,0.000000,0.000000,0.000700,0.000000,0.000000,0.000000,0.012200,0.000000,0.013300,0.000000,0.000000,0.000000,0.005200,0.002000,0.003500,0.006600,0.000000
1305,5.057337,3.044700,3.063200,2.921700,1176.000000,932870868.000000,1424890704.000000,252489728.000000,238657536.000000,1623891968.000000,0.000000,0.000000,0.000600,0.000000,0.000000,0.000000,0.012700,0.000000,0.014000,0.000000,0.000000,0.000000,0.004800,0.002100,0.002400,0.007300,0.000000
1306,5.060627,3.280201,3.234200,3.107100,1176.000000,932874964.000000,1424890704.000000,252489728.000000,238661632.000000,1623891968.000000,0.000000,0.000000,0.000800,0.000000,0.000000,0.000000,0.009600,0.000000,0.011700,0.000000,0.000000,0.000000,0.004700,0.001800,0.002400,0.008100,0.000000
1307,5.066080,5.435098,5.459700,5.294400,1228.000000,932874588.000000,1424890704.000000,252489728.000000,238661632.000000,1623891968.000000,0.000000,0.000000,2.157100,0.060800,0.019600,2.014600,0.010400,0.021000,0.012200,0.000600,0.000200,0.000800,0.003500,0.002400,0.001900,0.008000,0.000000
1308,5.069111,3.039002,3.033700,2.894300,1176.000000,932888948.000000,1424890704.000000,252489728.000000,238661632.000000,1623891968.000000,0.000000,0.000000,0.000800,0.000000,0.000000,0.000000,0.012800,0.000000,0.013100,0.000000,0.000000,0.000000,0.004500,0.001600,0.002900,0.006800,0.000000
1309,5.072074,2.988797,3.000300,2.863900,1176.000000,932876852.000000,1424890704.000000,252489728.000000,238661632.000000,1623891968.000000,0.000000,0.000000,0.000600,0.000000,0.000000,0.000000,0.009900,0.000000,0.014000,0.000000,0.000000,0.000000,0.004400,0.002000,0.002700,0.006600,0.000000
1310,5.075407,3.270302,3.255400,3.127300,1176.000000,932874236.000000,1424890704.000000,252489728.000000,238661632.000000,1623891968.000000,0.000000,0.000000,0.000800,0.000000,0.000000,0.000000,0.010100,0.000000,0.011800,0.000000,0.000000,0.000000,0.003900,0.001900,0.002400,0.007100,0.000000
1311,5.078404,3.011798,2.990900,2.851400,1176.000000,932878796.000000,1424890704.000000,252489728.000000,238665728.000000,1623891968.000000,0.000000,0.000000,0.000800,0.000000,0.000000,0.000000,0.011300,0.000000,0.014600,0.000000,0.000000,0.000000,0.004900,0.002300,0.003200,0.007700,0.000000
1312,5.083639,5.237500,5.246600,5.092700,1176.000000,932878820.000000,1424890704.000000,252489728.000000,238665728.000000,1623891968.000000,0.000000,0.000000,2.156500,0.047400,0.021300,2.030600,0.014100,0.018800,0.012100,0.000600,0.000300,0.000600,0.003700,0.003000,0.002100,0.006900,0.000000
1313,5.086903,3.244104,3.231200,3.088000,1176.000000,932878420.000000,1424890704.000000,252489728.000000,238665728.000000,1623891968.000000,0.000000,0.000000,0.000700,0.000000,0.000000,0.000000,0.012400,0.000000,0.012100,0.000000,0.000000,0.000000,0.004500,0.002200,0.003100,0.007400,0.000000
1314,5.089989,3.125099,3.133200,2.986700,1176.000000,932878444.000000,1424890704.000000,252489728.000000,238665728.000000,1623891968.000000,0.000000,0.000000,0.000600,0.000000,0.000000,0.000000,0.013800,0.000000,0.012600,0.000000,0.000000,0.000000,0.005900,0.002500,0.002700,0.007900,0.000000
1315,5.092976,2.975397,2.977600,2.836900,1176.000000,932878468.000000,1424890704.000000,252489728.000000,238665728.000000,1623891968.000000,0.000000,0.000000,0.000600,0.000000,0.000000,0.000000,0.011200,0.000000,0.012700,0.000000,0.000000,0.000000,0.004700,0.002400,0.002700,0.007500,0.000000
1316,5.096153,3.151701,3.142700,3.007700,1176.000000,932878916.000000,1424890704.000000,252489728.000000,238665728.000000,1623891968.000000,0.000000,0.000000,0.000800,0.000000,0.000000,0.000000,0.012200,0.000000,0.012900,0.000000,0.000000,0.000000,0.005300,0.002000,0.003000,0.007400,0.000000
1317,5.101968,5.827204,5.812300,5.671800,1176.000000,932883460.000000,1424890704.000000,252489728.000000,238669824.000000,1623891968.000000,0.000000,0.000000,2.276400,0.050000,0.020600,2.131200,0.012000,0.031200,0.011800,0.000600,0.000300,0.000700,0.004500,0.002800,0.002900,0.007200,0.000000
1318,5.105360,3.368700,3.365500,3.213500,1176.000000,932886732.000000,1424890704.000000,252489728.000000,238673920.000000,1623891968.000000,0.000000,0.000000,0.000800,0.000000,0.000000,0.000000,0.013100,0.000000,0.012900,0.000000,0.000000,0.000000,0.004800,0.001900,0.003000,0.005700,0.000000
1319,5.108756,3.422399,3.424900,3.275500,1176.000000,932886756.000000,1424890704.000000,252489728.000000,238673920.000000,1623891968.000000,0.000000,0.000000,0.000700,0.000000,0.000000,0.000000,0.012500,0.000000,0.013900,0.000000,0.000000,0.000000,0.006600,0.002100,0.003600,0.007900,0.000000
1320,5.111875,3.163698,3.153500,3.011800,1176.000000,932887204.000000,1424890704.000000,252489728.000000,238673920.000000,1623891968.000000,0.000000,0.000000,0.000500,0.000000,0.000000,0.000000,0.011800,0.000000,0.013200,0.000000,0.000000,0.000000,0.005000,0.002100,0.002900,0.007100,0.000000
1321,5.117293,5.365901,5.364900,5.212100,1176.000000,932887252.000000,1424890704.000000,252489728.000000,238673920.000000,1623891968.000000,0.000000,0.000000,2.168600,0.045400,0.020200,2.036100,0.010800,0.027000,0.014300,0.000600,0.000300,0.000700,0.004200,0.002500,0.002600,0.008000,0.000000
1322,5.120615,3.350701,3.351500,3.203700,1176.000000,932886828.000000,1424890704.000000,252489728.000000,238673920.000000,1623891968.000000,0.000000,0.000000,0.000700,0.000000,0.000000,0.000000,0.011900,0.000000,0.013400,0.000000,0.000000,0.000000,0.004800,0.001800,0.003000,0.007400,0.000000
1323,5.123612,3.006299,3.013300,2.872300,1176.000000,932890972.000000,1424890704.000000,252489728.000000,238678016.000000,1623891968.000000,0.000000,0.000000,0.000700,0.000000,0.000000,0.000000,0.011300,0.000000,0.012600,0.000000,0.000000,0.000000,0.004300,0.001900,0.002800,0.007500,0.000000
1324,5.126740,3.129195,3.123900,2.987100,1176.000000,932905332.000000,1424890704.000000,252489728.000000,238678016.000000,1623891968.000000,0.000000,0.000000,0.000700,0.000000,0.000000,0.000000,0.011000,0.000000,0.012500,0.000000,0.000000,0.000000,0.003800,0.001700,0.002400,0.006700,0.000000
1325,5.132021,5.276006,5.266000,5.133000,1176.000000,932893660.000000,1424890704.000000,252489728.000000,238678016.000000,1623891968.000000,0.000000,0.000000,2.160300,0.056300,0.019900,2.007400,0.010400,0.031600,0.012300,0.000700,0.000300,0.000800,0.003800,0.002200,0.003000,0.006500,0.000000
1326,5.135246,3.189194,3.187000,3.046400,1176.000000,932891044.000000,1424890704.000000,252489728.000000,238678016.000000,1623891968.000000,0.000000,0.000000,0.000800,0.000000,0.000000,0.000000,0.011600,0.000000,0.011600,0.000000,0.000000,0.000000,0.004300,0.001600,0.002900,0.007300,0.000000
1327,5.138332,3.120004,3.126600,2.990100,1176.000000,932891084.000000,1424890704.000000,252489728.000000,238678016.000000,1623891968.000000,0.000000,0.000000,0.000700,0.000000,0.000000,0.000000,0.011600,0.000000,0.011700,0.000000,0.000000,0.000000,0.005200,0.002000,0.002700,0.007400,0.000000
1328,5.141271,2.956200,2.957300,2.830300,1176.000000,932895628.000000,1424890704.000000,252489728.000000,238682112.000000,1623891968.000000,0.000000,0.000000,0.000600,0.000000,0.000000,0.000000,0.009900,0.000000,0.012000,0.000000,0.000000,0.000000,0.004800,0.001700,0.002700,0.006400,0.000000
1329,5.144431,3.131002,3.119000,2.996500,1176.000000,932894804.000000,1424890704.000000,252489728.000000,238682112.000000,1623891968.000000,0.000000,0.000000,0.000900,0.000000,0.000000,0.000000,0.009800,0.000000,0.011400,0.000000,0.000000,0.000000,0.004300,0.001700,0.002500,0.006300,0.000000
1330,5.149892,5.462394,5.449800,5.313500,1176.000000,932898924.000000,1424890704.000000,252489728.000000,238686208.000000,1623891968.000000,0.000000,0.000000,2.116300,0.047300,0.020500,1.990000,0.011300,0.021500,0.011100,0.000700,0.000200,0.000600,0.004900,0.002600,0.003000,0.006400,0.000000
1331,5.152806,2.944806,2.960700,2.821900,1176.000000,932898948.000000,1424890704.000000,252489728.000000,238686208.000000,1623891968.000000,0.000000,0.000000,0.000900,0.000000,0.000000,0.000000,0.013000,0.000000,0.012900,0.000000,0.000000,0.000000,0.004300,0.001700,0.003300,0.008600,0.000000
1332,5.155921,3.083900,3.070200,2.948300,1176.000000,932899396.000000,1424890704.000000,252489728.000000,238686208.000000,1623891968.000000,0.000000,0.000000,0.000700,0.000000,0.000000,0.000000,0.010500,0.000000,0.011800,0.000000,0.000000,0.000000,0.004100,0.001600,0.002400,0.007000,0.000000
1333,5.159239,3.266497,3.225000,3.070500,1176.000000,932900268.000000,1424890704.000000,252489728.000000,238686208.000000,1623891968.000000,0.000000,0.000000,0.000800,0.000000,0.000000,0.000000,0.009800,0.000000,0.012900,0.000000,0.000000,0.000000,0.004600,0.001900,0.002300,0.007000,0.000000
1334,5.162306,3.154202,3.181000,3.017100,1176.000000,932903116.000000,1424890704.000000,252489728.000000,238690304.000000,1623891968.000000,0.000000,0.000000,0.001500,0.000000,0.000000,0.000000,0.014100,0.000000,0.014000,0.000000,0.000000,0.000000,0.004500,0.003700,0.003900,0.007600,0.000000
1335,5.168561,6.197201,6.178400,6.033400,1176.000000,932903140.000000,1424890704.000000,252489728.000000,238690304.000000,1623891968.000000,0.000000,0.000000,3.011300,0.049900,0.018600,2.867100,0.010300,0.034100,0.012600,0.000600,0.000300,0.000700,0.003900,0.002700,0.002700,0.008200,0.000000
1336,5.171513,3.000794,3.028600,2.876600,1176.000000,932907684.000000,1424890704.000000,252489728.000000,238694400.000000,1623891968.000000,0.000000,0.000000,0.000600,0.000000,0.000000,0.000000,0.013000,0.000000,0.013200,0.000000,0.000000,0.000000,0.004900,0.002100,0.003000,0.006600,0.000000
1337,5.174681,3.139201,3.130500,3.006800,1176.000000,932907308.000000,1424890704.000000,252489728.000000,238694400.000000,1623891968.000000,0.000000,0.000000,0.000600,0.000000,0.000000,0.000000,0.010300,0.000000,0.011100,0.000000,0.000000,0.000000,0.004500,0.001700,0.002500,0.005900,0.000000
1338,5.177580,2.918800,2.927100,2.803300,1176.000000,932907308.000000,1424890704.000000,252489728.000000,238694400.000000,1623891968.000000,0.000000,0.000000,0.000700,0.000000,0.000000,0.000000,0.011000,0.000000,0.012100,0.000000,0.000000,0.000000,0.004300,0.001800,0.002900,0.008100,0.000000
1339,5.182745,5.145104,5.107500,4.977700,1176.000000,932911452.000000,1424890704.000000,252489728.000000,238698496.000000,1623891968.000000,0.000000,0.000000,2.148300,0.048000,0.021200,2.008400,0.010800,0.029700,0.011800,0.000600,0.000300,0.000800,0.004100,0.002900,0.002500,0.009200,0.000000
1340,5.185946,3.207299,3.218900,3.066400,1176.000000,932925812.000000,1424890704.000000,252489728.000000,238698496.000000,1623891968.000000,0.000000,0.000000,0.000600,0.000000,0.000000,0.000000,0.012100,0.000000,0.012100,0.000000,0.000000,0.000000,0.004500,0.001900,0.003000,0.007300,0.000000
1341,5.189077,3.120302,3.115600,2.977300,1176.000000,932913716.000000,1424890704.000000,252489728.000000,238698496.000000,1623891968.000000,0.000000,0.000000,0.000700,0.000000,0.000000,0.000000,0.011400,0.000000,0.013600,0.000000,0.000000,0.000000,0.004400,0.001500,0.002700,0.007600,0.000000
1342,5.192073,3.041900,3.062000,2.928500,1176.000000,932911100.000000,1424890704.000000,252489728.000000,238698496.000000,1623891968.000000,0.000000,0.000000,0.000700,0.000000,0.000000,0.000000,0.011900,0.000000,0.013200,0.000000,0.000000,0.000000,0.005000,0.002200,0.003200,0.007600,0.000000
1343,5.195544,3.392900,3.318000,3.198500,1176.000000,932915236.000000,1424890704.000000,252489728.000000,238702592.000000,1623891968.000000,0.000000,0.000000,0.000600,0.000000,0.000000,0.000000,0.009500,0.000000,0.011600,0.000000,0.000000,0.000000,0.003800,0.001700,0.002200,0.006500,0.000000
1344,5.201505,5.994600,6.039500,5.853600,1176.000000,932916108.000000,1424890704.000000,252489728.000000,238702592.000000,1623891968.000000,0.000000,0.000000,2.645100,0.049200,0.021500,2.503500,0.012300,0.029300,0.013600,0.000500,0.000300,0.001300,0.005000,0.003000,0.002700,0.008400,0.000000
1345,5.204712,3.217999,3.221600,3.083000,1176.000000,932919804.000000,1424890704.000000,252489728.000000,238706688.000000,1623891968.000000,0.000000,0.000000,0.000700,0.000000,0.000000,0.000000,0.012800,0.000000,0.011900,0.000000,0.000000,0.000000,0.004700,0.001900,0.002600,0.007500,0.000000
1346,5.207524,2.846599,2.856800,2.729400,1176.000000,932919828.000000,1424890704.000000,252489728.000000,238706688.000000,1623891968.000000,0.000000,0.000000,0.000600,0.000000,0.000000,0.000000,0.010400,0.000000,0.011900,0.000000,0.000000,0.000000,0.004500,0.002000,0.002500,0.007600,0.000000
1347,5.210652,3.114704,3.104500,2.984200,1176.000000,932919852.000000,1424890704.000000,252489728.000000,238706688.000000,1623891968.000000,0.000000,0.000000,0.000700,0.000000,0.000000,0.000000,0.008800,0.000000,0.011300,0.000000,0.000000,0.000000,0.003900,0.001700,0.002600,0.005800,0.000000
1348,5.216570,5.827799,5.753700,5.610800,1176.000000,932919876.000000,1424890704.000000,252489728.000000,238706688.000000,1623891968.000000,0.000000,0.000000,2.165500,0.050000,0.018800,2.025600,0.009900,0.030900,0.012500,0.000600,0.000200,0.000800,0.003600,0.002600,0.002700,0.009000,0.000000
1349,5.219897,3.310502,3.319000,3.113600,1176.000000,932920324.000000,1424890704.000000,252489728.000000,238706688.000000,1623891968.000000,0.000000,0.000000,0.000700,0.000000,0.000000,0.000000,0.014400,0.000000,0.013100,0.000000,0.000000,0.000000,0.005400,0.002200,0.003300,0.008200,0.000000
1350,5.223207,3.343800,3.360300,3.174300,1176.000000,932919500.000000,1424890704.000000,252489728.000000,238706688.000000,1623891968.000000,0.000000,0.000000,0.000700,0.000000,0.000000,0.000000,0.016100,0.000000,0.013300,0.000000,0.000000,0.000000,0.006900,0.003100,0.003100,0.009500,0.000000
1351,5.226716,3.515696,3.515700,3.352200,1176.000000,932923620.000000,1424890704.000000,252489728.000000,238710784.000000,1623891968.000000,0.000000,0.000000,0.000600,0.000000,0.000000,0.000000,0.014300,0.000000,0.013400,0.000000,0.000000,0.000000,0.005600,0.002400,0.003400,0.008000,0.000000
1352,5.230217,3.516298,3.517900,3.310300,1176.000000,932924068.000000,1424890704.000000,252489728.000000,238710784.000000,1623891968.000000,0.000000,0.000000,0.000800,0.000000,0.000000,0.000000,0.012700,0.000000,0.013400,0.000000,0.000000,0.000000,0.006000,0.002000,0.003600,0.009900,0.000000
1353,5.236078,5.857199,5.865500,5.711700,1176.000000,932928164.000000,1424890704.000000,252489728.000000,238710784.000000,1623891968.000000,0.000000,0.000000,2.571500,0.059000,0.022600,2.415200,0.012700,0.034100,0.013000,0.000400,0.000300,0.000900,0.004700,0.002600,0.003400,0.008000,0.000000
1354,5.239022,2.984006,2.990000,2.849000,1176.000000,932928164.000000,1424890704.000000,252489728.000000,238710784.000000,1623891968.000000,0.000000,0.000000,0.000700,0.000000,0.000000,0.000000,0.012900,0.000000,0.012900,0.000000,0.000000,0.000000,0.004500,0.001900,0.002800,0.006000,0.000000
1355,5.242034,3.021294,3.022000,2.891700,1176.000000,932928636.000000,1424890704.000000,252489728.000000,238710784.000000,1623891968.000000,0.000000,0.000000,0.000800,0.000000,0.000000,0.000000,0.011100,0.000000,0.014300,0.000000,0.000000,0.000000,0.003700,0.001800,0.002800,0.007300,0.000000
1356,5.245305,3.250404,3.244600,3.115100,1176.000000,932950764.000000,1424890704.000000,252489728.000000,238718976.000000,1623891968.000000,0.000000,0.000000,0.000700,0.000000,0.000000,0.000000,0.010900,0.000000,0.013500,0.000000,0.000000,0.000000,0.003900,0.001800,0.002900,0.006900,0.000000
1357,5.250642,5.329996,5.317900,5.186100,1176.000000,932934196.000000,1424890704.000000,252489728.000000,238718976.000000,1623891968.000000,0.000000,0.000000,2.054100,0.045400,0.018800,1.931600,0.011900,0.020700,0.014900,0.000600,0.000300,0.000600,0.004600,0.002300,0.002600,0.006400,0.000000
1358,5.253549,2.905506,2.912200,2.775600,1176.000000,932931580.000000,1424890704.000000,252489728.000000,238718976.000000,1623891968.000000,0.000000,0.000000,0.000600,0.000000,0.000000,0.000000,0.012900,0.000000,0.012000,0.000000,0.000000,0.000000,0.004500,0.002100,0.002500,0.007400,0.000000
1359,5.256453,2.958900,2.970800,2.845000,1176.000000,932931620.000000,1424890704.000000,252489728.000000,238718976.000000,1623891968.000000,0.000000,0.000000,0.000500,0.000000,0.000000,0.000000,0.010700,0.000000,0.011600,0.000000,0.000000,0.000000,0.003800,0.001900,0.001900,0.006800,0.000000
1360,5.259604,3.068800,3.016300,2.903000,1176.000000,932932068.000000,1424890704.000000,252489728.000000,238718976.000000,1623891968.000000,0.000000,0.000000,0.000600,0.000000,0.000000,0.000000,0.010000,0.000000,0.011300,0.000000,0.000000,0.000000,0.004300,0.001300,0.002200,0.006400,0.000000
1361,5.262515,2.970996,3.000400,2.846700,1176.000000,932931668.000000,1424890704.000000,252489728.000000,238718976.000000,1623891968.000000,0.000000,0.000000,0.000700,0.000000,0.000000,0.000000,0.012000,0.000000,0.012700,0.000000,0.000000,0.000000,0.007900,0.002200,0.003100,0.007800,0.000000
1362,5.267600,5.056300,5.026300,4.893000,1228.000000,932935788.000000,1424890704.000000,252489728.000000,238723072.000000,1623891968.000000,0.000000,0.000000,2.146300,0.048200,0.019000,2.007400,0.010000,0.031700,0.012100,0.000600,0.000300,0.000700,0.004100,0.002700,0.002500,0.007400,0.000000
1363,5.270859,3.224504,3.244700,3.087700,1176.000000,932935812.000000,1424890704.000000,252489728.000000,238723072.000000,1623891968.000000,0.000000,0.000000,0.000900,0.000000,0.000000,0.000000,0.011200,0.000000,0.011600,0.000000,0.000000,0.000000,0.004300,0.001900,0.002900,0.006400,0.000000
1364,5.273922,3.068495,3.061500,2.927000,1176.000000,932936260.000000,1424890704.000000,252489728.000000,238723072.000000,1623891968.000000,0.000000,0.000000,0.000700,0.000000,0.000000,0.000000,0.011700,0.000000,0.012300,0.000000,0.000000,0.000000,0.005200,0.001900,0.002600,0.008300,0.000000
1365,5.276901,3.039505,3.053100,2.919200,1176.000000,932936708.000000,1424890704.000000,252489728.000000,238723072.000000,1623891968.000000,0.000000,0.000000,0.000600,0.000000,0.000000,0.000000,0.012400,0.000000,0.012400,0.000000,0.000000,0.000000,0.005800,0.002100,0.003200,0.007900,0.000000
1366,5.282016,5.093799,5.077500,4.954500,1176.000000,932936308.000000,1424890704.000000,252489728.000000,238723072.000000,1623891968.000000,0.000000,0.000000,2.102000,0.044100,0.019100,1.971700,0.010100,0.026900,0.011700,0.000500,0.000200,0.000600,0.004000,0.002500,0.001900,0.007000,0.000000
1367,5.285386,3.347499,3.342800,3.206900,1176.000000,932940428.000000,1424890704.000000,252489728.000000,238727168.000000,1623891968.000000,0.000000,0.000000,0.000700,0.000000,0.000000,0.000000,0.011300,0.000000,0.012600,0.000000,0.000000,0.000000,0.003700,0.001700,0.002700,0.005700,0.000000
1368,5.288311,2.917602,2.924700,2.792200,1176.000000,932940876.000000,1424890704.000000,252489728.000000,238727168.000000,1623891968.000000,0.000000,0.000000,0.000900,0.000000,0.000000,0.000000,0.011200,0.000000,0.012700,0.000000,0.000000,0.000000,0.005700,0.002000,0.002700,0.007600,0.000000
1369,5.291243,2.983000,2.976300,2.852000,1176.000000,932944596.000000,1424890704.000000,252489728.000000,238731264.000000,1623891968.000000,0.000000,0.000000,0.000500,0.000000,0.000000,0.000000,0.010200,0.000000,0.012400,0.000000,0.000000,0.000000,0.007700,0.002100,0.002400,0.008200,0.000000
1370,5.294257,2.976899,2.967300,2.840800,1176.000000,932944172.000000,1424890704.000000,252489728.000000,238731264.000000,1623891968.000000,0.000000,0.000000,0.000600,0.000000,0.000000,0.000000,0.010100,0.000000,0.012100,0.000000,0.000000,0.000000,0.004100,0.001700,0.002200,0.007300,0.000000
1371,5.300471,6.220401,6.218600,6.081500,1176.000000,932944220.000000,1424890704.000000,252489728.000000,238731264.000000,1623891968.000000,0.000000,0.000000,2.814100,0.048800,0.018900,2.684400,0.011300,0.023600,0.011000,0.000500,0.000300,0.000900,0.004200,0.002500,0.002600,0.006500,0.000000
1372,5.303586,3.117198,3.100600,2.961100,1176.000000,932958580.000000,1424890704.000000,252489728.000000,238731264.000000,1623891968.000000,0.000000,0.000000,0.000700,0.000000,0.000000,0.000000,0.012600,0.000000,0.012500,0.000000,0.000000,0.000000,0.004600,0.002000,0.002400,0.007800,0.000000
1373,5.306507,2.961600,2.980300,2.841900,1176.000000,932950580.000000,1424890704.000000,252489728.000000,238735360.000000,1623891968.000000,0.000000,0.000000,0.000700,0.000000,0.000000,0.000000,0.011800,0.000000,0.016200,0.000000,0.000000,0.000000,0.004200,0.002100,0.002900,0.006300,0.000000
1374,5.309728,3.145897,3.110000,2.977500,1176.000000,932947964.000000,1424890704.000000,252489728.000000,238735360.000000,1623891968.000000,0.000000,0.000000,0.000700,0.000000,0.000000,0.000000,0.009800,0.000000,0.011600,0.000000,0.000000,0.000000,0.004000,0.001600,0.002300,0.006400,0.000000
1375,5.312621,2.959304,2.992700,2.846100,1176.000000,932948004.000000,1424890704.000000,252489728.000000,238735360.000000,1623891968.000000,0.000000,0.000000,0.001000,0.000000,0.000000,0.000000,0.013200,0.000000,0.013100,0.000000,0.000000,0.000000,0.005700,0.002400,0.003900,0.007700,0.000000
1376,5.317688,5.032398,4.988900,4.867600,1176.000000,932948876.000000,1424890704.000000,252489728.000000,238735360.000000,1623891968.000000,0.000000,0.000000,2.094200,0.048300,0.018700,1.966200,0.009600,0.022900,0.012000,0.000500,0.000400,0.000700,0.003900,0.002500,0.002800,0.007300,0.000000
1377,5.320935,3.252700,3.273300,3.112900,1176.000000,932948900.000000,1424890704.000000,252489728.000000,238735360.000000,1623891968.000000,0.000000,0.000000,0.000700,0.000000,0.000000,0.000000,0.011600,0.000000,0.012900,0.000000,0.000000,0.000000,0.004000,0.001600,0.002600,0.005800,0.000000
1378,5.323892,2.969402,2.972300,2.839000,1176.000000,932948500.000000,1424890704.000000,252489728.000000,238735360.000000,1623891968.000000,0.000000,0.000000,0.000700,0.000000,0.000000,0.000000,0.011100,0.000000,0.012500,0.000000,0.000000,0.000000,0.005000,0.001800,0.002600,0.006500,0.000000
1379,5.326756,2.891199,2.900400,2.775600,1176.000000,932952620.000000,1424890704.000000,252489728.000000,238739456.000000,1623891968.000000,0.000000,0.000000,0.000700,0.000000,0.000000,0.000000,0.010600,0.000000,0.011600,0.000000,0.000000,0.000000,0.004300,0.002000,0.002700,0.006500,0.000000
1380,5.331932,5.142999,5.122400,5.003100,1176.000000,932952644.000000,1424890704.000000,252489728.000000,238739456.000000,1623891968.000000,0.000000,0.000000,2.104800,0.046700,0.019700,1.961600,0.009400,0.023400,0.028100,0.000600,0.000200,0.000900,0.004100,0.002400,0.002200,0.007400,0.000000
1381,5.335144,3.171599,3.047800,2.909400,1176.000000,932957188.000000,1424890704.000000,252489728.000000,238743552.000000,1623891968.000000,0.000000,0.000000,0.000600,0.000000,0.000000,0.000000,0.010800,0.000000,0.011100,0.000000,0.000000,0.000000,0.004000,0.001500,0.002800,0.006200,0.000000
1382,5.338120,2.988102,3.106500,2.857300,1176.000000,932956364.000000,1424890704.000000,252489728.000000,238743552.000000,1623891968.000000,0.000000,0.000000,0.000800,0.000000,0.000000,0.000000,0.012100,0.000000,0.012100,0.000000,0.000000,0.000000,0.005500,0.002100,0.003400,0.008000,0.000000
1383,5.341365,3.246995,3.232500,3.096700,1176.000000,932956388.000000,1424890704.000000,252489728.000000,238743552.000000,1623891968.000000,0.000000,0.000000,0.000700,0.000000,0.000000,0.000000,0.011600,0.000000,0.012200,0.000000,0.000000,0.000000,0.004700,0.002200,0.003500,0.007500,0.000000
1384,5.344862,3.418906,3.371200,3.213800,1176.000000,932960932.000000,1424890704.000000,252489728.000000,238747648.000000,1623891968.000000,0.000000,0.000000,0.000700,0.000000,0.000000,0.000000,0.012000,0.000000,0.012800,0.000000,0.000000,0.000000,0.004600,0.001900,0.003200,0.007100,0.000000
1385,5.350599,5.791298,5.820300,5.634800,1176.000000,932960556.000000,1424890704.000000,252489728.000000,238747648.000000,1623891968.000000,0.000000,0.000000,2.253400,0.060200,0.026700,2.085200,0.018100,0.028000,0.012400,0.000700,0.000400,0.000600,0.006800,0.002700,0.003700,0.008300,0.000000
1386,5.354178,3.542198,3.520900,3.357600,1176.000000,932960556.000000,1424890704.000000,252489728.000000,238747648.000000,1623891968.000000,0.000000,0.000000,0.000800,0.000000,0.000000,0.000000,0.014300,0.000000,0.013600,0.000000,0.000000,0.000000,0.004800,0.002300,0.003700,0.008500,0.000000
1387,5.357264,3.176800,3.192700,3.027200,1176.000000,932960604.000000,1424890704.000000,252489728.000000,238747648.000000,1623891968.000000,0.000000,0.000000,0.001000,0.000000,0.000000,0.000000,0.017100,0.000000,0.013700,0.000000,0.000000,0.000000,0.006000,0.003100,0.003800,0.009000,0.000000
1388,5.360541,3.263499,3.276900,3.125100,1176.000000,932974964.000000,1424890704.000000,252489728.000000,238747648.000000,1623891968.000000,0.000000,0.000000,0.000800,0.000000,0.000000,0.000000,0.010000,0.000000,0.012800,0.000000,0.000000,0.000000,0.004600,0.002000,0.002900,0.008200,0.000000
1389,5.366175,5.621705,5.606500,5.469700,1176.000000,932963292.000000,1424890704.000000,252489728.000000,238747648.000000,1623891968.000000,0.000000,0.000000,2.213100,0.059700,0.095100,1.988900,0.011600,0.025900,0.017900,0.000600,0.000300,0.000800,0.004800,0.002600,0.002700,0.006800,0.000000
1390,5.369441,3.279996,3.256200,3.110200,1176.000000,932964772.000000,1424890704.000000,252489728.000000,238751744.000000,1623891968.000000,0.000000,0.000000,0.000600,0.000000,0.000000,0.000000,0.013000,0.000000,0.012700,0.000000,0.000000,0.000000,0.004900,0.001900,0.003000,0.006900,0.000000
1391,5.372301,2.895004,2.936800,2.776900,1176.000000,932964812.000000,1424890704.000000,252489728.000000,238751744.000000,1623891968.000000,0.000000,0.000000,0.000600,0.000000,0.000000,0.000000,0.011500,0.000000,0.012300,0.000000,0.000000,0.000000,0.004600,0.001800,0.003000,0.007200,0.000000
1392,5.375465,3.109999,3.094200,2.969800,1176.000000,932965260.000000,1424890704.000000,252489728.000000,238751744.000000,1623891968.000000,0.000000,0.000000,0.000500,0.000000,0.000000,0.000000,0.009900,0.000000,0.012700,0.000000,0.000000,0.000000,0.004400,0.001700,0.002500,0.004800,0.000000
1393,5.378360,2.923299,2.930400,2.801500,1176.000000,932964436.000000,1424890704.000000,252489728.000000,238751744.000000,1623891968.000000,0.000000,0.000000,0.000700,0.000000,0.000000,0.000000,0.011500,0.000000,0.012300,0.000000,0.000000,0.000000,0.004400,0.001900,0.002600,0.007100,0.000000
1394,5.383769,5.376502,5.346500,5.216000,1176.000000,932968556.000000,1424890704.000000,252489728.000000,238755840.000000,1623891968.000000,0.000000,0.000000,2.147500,0.049800,0.020500,2.020800,0.013600,0.019900,0.011300,0.000500,0.000300,0.000900,0.004200,0.002500,0.002400,0.006300,0.000000
1395,5.386919,3.195798,3.218100,3.072200,1176.000000,932972676.000000,1424890704.000000,252489728.000000,238759936.000000,1623891968.000000,0.000000,0.000000,0.000900,0.000000,0.000000,0.000000,0.014000,0.000000,0.013300,0.000000,0.000000,0.000000,0.004900,0.002000,0.002700,0.008200,0.000000
1396,5.390062,3.145096,3.137800,3.014300,1176.000000,932973124.000000,1424890704.000000,252489728.000000,238759936.000000,1623891968.000000,0.000000,0.000000,0.000600,0.000000,0.000000,0.000000,0.010700,0.000000,0.012400,0.000000,0.000000,0.000000,0.004400,0.001800,0.002300,0.006500,0.000000
1397,5.393368,3.280704,3.265400,3.135500,1176.000000,932973572.000000,1424890704.000000,252489728.000000,238759936.000000,1623891968.000000,0.000000,0.000000,0.000700,0.000000,0.000000,0.000000,0.009900,0.000000,0.011700,0.000000,0.000000,0.000000,0.004000,0.001800,0.002700,0.006800,0.000000
1398,5.396396,3.035502,3.045000,2.907200,1176.000000,932972748.000000,1424890704.000000,252489728.000000,238759936.000000,1623891968.000000,0.000000,0.000000,0.000700,0.000000,0.000000,0.000000,0.012300,0.000000,0.012300,0.000000,0.000000,0.000000,0.004700,0.002000,0.002600,0.006500,0.000000
1399,5.402391,5.886897,5.830000,5.686300,1176.000000,932973620.000000,1424890704.000000,252489728.000000,238759936.000000,1623891968.000000,0.000000,0.000000,2.212900,0.048800,0.018900,2.074800,0.010900,0.028600,0.015200,0.000700,0.000300,0.000800,0.003900,0.002900,0.002400,0.009300,0.000000
1400,5.406250,3.764902,3.774700,3.531300,1176.000000,932973644.000000,1424890704.000000,252489728.000000,238759936.000000,1623891968.000000,0.000000,0.000000,0.001000,0.000000,0.000000,0.000000,0.017200,0.000000,0.018400,0.000000,0.000000,0.000000,0.008000,0.002800,0.003800,0.009500,0.000000
1401,5.409710,3.631094,3.643500,3.476600,1176.000000,932977364.000000,1424890704.000000,252489728.000000,238764032.000000,1623891968.000000,0.000000,0.000000,0.001000,0.000000,0.000000,0.000000,0.014000,0.000000,0.014400,0.000000,0.000000,0.000000,0.006100,0.002000,0.003500,0.009100,0.000000
1402,5.412988,3.278401,3.285200,3.133200,1176.000000,932977364.000000,1424890704.000000,252489728.000000,238764032.000000,1623891968.000000,0.000000,0.000000,0.000800,0.000000,0.000000,0.000000,0.013500,0.000000,0.012900,0.000000,0.000000,0.000000,0.005000,0.002500,0.003200,0.009500,0.000000
1403,5.418787,5.770104,5.752900,5.606500,1176.000000,932976988.000000,1424890704.000000,252489728.000000,238764032.000000,1623891968.000000,0.000000,0.000000,2.319700,0.054700,0.018900,2.172200,0.012300,0.032700,0.013900,0.000500,0.000300,0.001000,0.005000,0.002900,0.002900,0.009500,0.000000
1404,5.422322,3.584297,3.550400,3.394200,1176.000000,932991348.000000,1424890704.000000,252489728.000000,238764032.000000,1623891968.000000,0.000000,0.000000,0.000800,0.000000,0.000000,0.000000,0.013200,0.000000,0.013600,0.000000,0.000000,0.000000,0.004900,0.002400,0.003600,0.008500,0.000000
1405,5.425766,3.435998,3.470000,3.285200,1176.000000,932979252.000000,1424890704.000000,252489728.000000,238764032.000000,1623891968.000000,0.000000,0.000000,0.000700,0.000000,0.000000,0.000000,0.012100,0.000000,0.248400,0.000000,0.000000,0.000000,0.005700,0.002100,0.003100,0.007600,0.000000
1406,5.429054,3.229500,3.186700,3.030200,1176.000000,932976636.000000,1424890704.000000,252489728.000000,238764032.000000,1623891968.000000,0.000000,0.000000,0.000800,0.000000,0.000000,0.000000,0.011700,0.000000,0.012900,0.000000,0.000000,0.000000,0.004800,0.002100,0.002000,0.007100,0.000000
1407,5.435905,6.860402,6.877800,6.690800,1176.000000,932984868.000000,1424890704.000000,252489728.000000,238772224.000000,1623891968.000000,0.000000,0.000000,2.934300,0.063500,0.022900,2.774900,0.019600,0.026100,0.012800,0.000900,0.000300,0.000700,0.005400,0.003200,0.003400,0.007600,0.000000
1408,5.439405,3.524702,3.531800,3.367400,1176.000000,932985316.000000,1424890704.000000,252489728.000000,238772224.000000,1623891968.000000,0.000000,0.000000,0.000800,0.000000,0.000000,0.000000,0.015300,0.000000,0.013800,0.000000,0.000000,0.000000,0.005500,0.002300,0.003800,0.009500,0.000000
1409,5.442447,3.071599,3.087400,2.937000,1176.000000,932984916.000000,1424890704.000000,252489728.000000,238772224.000000,1623891968.000000,0.000000,0.000000,0.000800,0.000000,0.000000,0.000000,0.013400,0.000000,0.013700,0.000000,0.000000,0.000000,0.005400,0.002100,0.004200,0.007400,0.000000
1410,5.446176,3.671301,3.637000,3.496700,1176.000000,932984940.000000,1424890704.000000,252489728.000000,238772224.000000,1623891968.000000,0.000000,0.000000,0.000800,0.000000,0.000000,0.000000,0.011000,0.000000,0.013600,0.000000,0.000000,0.000000,0.005000,0.002100,0.003200,0.007600,0.000000
1411,5.452041,5.895996,5.897600,5.720400,1176.000000,932985388.000000,1424890704.000000,252489728.000000,238772224.000000,1623891968.000000,0.000000,0.000000,2.189400,0.051100,0.021700,2.043300,0.013700,0.026600,0.015600,0.000500,0.000400,0.000700,0.009300,0.003100,0.004200,0.010000,0.000000
1412,5.455447,3.390604,3.392900,3.235600,1176.000000,932989932.000000,1424890704.000000,252489728.000000,238776320.000000,1623891968.000000,0.000000,0.000000,0.000700,0.000000,0.000000,0.000000,0.014300,0.000000,0.013000,0.000000,0.000000,0.000000,0.005100,0.002000,0.003300,0.008000,0.000000
1413,5.458642,3.207398,3.190100,3.037200,1176.000000,932990380.000000,1424890704.000000,252489728.000000,238776320.000000,1623891968.000000,0.000000,0.000000,0.000700,0.000000,0.000000,0.000000,0.013500,0.000000,0.013400,0.000000,0.000000,0.000000,0.006100,0.002200,0.003400,0.009700,0.000000
1414,5.461906,3.299603,3.320400,3.156700,1176.000000,932989556.000000,1424890704.000000,252489728.000000,238776320.000000,1623891968.000000,0.000000,0.000000,0.000800,0.000000,0.000000,0.000000,0.012200,0.000000,0.012900,0.000000,0.000000,0.000000,0.008700,0.002300,0.004000,0.008700,0.000000
1415,5.467587,5.616298,5.586600,5.440500,1176.000000,932989156.000000,1424890704.000000,252489728.000000,238776320.000000,1623891968.000000,0.000000,0.000000,2.226100,0.049500,0.020000,2.085100,0.011700,0.029300,0.012500,0.000500,0.000200,0.000900,0.004700,0.002600,0.003200,0.009400,0.000000
1416,5.471056,3.511898,3.517000,3.349500,1228.000000,932989604.000000,1424890704.000000,252489728.000000,238776320.000000,1623891968.000000,0.000000,0.000000,0.001200,0.000000,0.000000,0.000000,0.014100,0.000000,0.013300,0.000000,0.000000,0.000000,0.005900,0.002500,0.003600,0.008500,0.000000
1417,5.474474,3.397003,3.364900,3.205500,1176.000000,932989228.000000,1424890704.000000,252489728.000000,238776320.000000,1623891968.000000,0.000000,0.000000,0.000900,0.000000,0.000000,0.000000,0.012600,0.000000,0.012500,0.000000,0.000000,0.000000,0.005500,0.002000,0.003200,0.007600,0.000000
1418,5.477706,3.207200,3.247800,3.063600,1176.000000,932993324.000000,1424890704.000000,252489728.000000,238780416.000000,1623891968.000000,0.000000,0.000000,0.000800,0.000000,0.000000,0.000000,0.015700,0.000000,0.013900,0.000000,0.000000,0.000000,0.005200,0.002400,0.003700,0.008600,0.000000
1419,5.483922,6.177402,6.113500,5.962600,1176.000000,932993372.000000,1424890704.000000,252489728.000000,238780416.000000,1623891968.000000,0.000000,0.000000,2.500200,0.059400,0.029800,2.315700,0.011700,0.037700,0.019100,0.000700,0.000300,0.000900,0.007200,0.003100,0.004000,0.009400,0.000000
1420,5.487046,3.236997,3.295900,3.102800,1176.000000,933011828.000000,1424890704.000000,252489728.000000,238784512.000000,1623891968.000000,0.000000,0.000000,0.000900,0.000000,0.000000,0.000000,0.019100,0.000000,0.014900,0.000000,0.000000,0.000000,0.007000,0.002900,0.003700,0.011000,0.000000
1421,5.490417,3.338804,3.324000,3.181700,1176.000000,933004252.000000,1424890704.000000,252489728.000000,238788608.000000,1623891968.000000,0.000000,0.000000,0.000800,0.000000,0.000000,0.000000,0.011500,0.000000,0.015200,0.000000,0.000000,0.000000,0.004600,0.002000,0.003000,0.007400,0.000000
1422,5.494139,3.573597,3.288800,3.137200,1176.000000,933001212.000000,1424890704.000000,252489728.000000,238788608.000000,1623891968.000000,0.000000,0.000000,0.000900,0.000000,0.000000,0.000000,0.013400,0.000000,0.014000,0.000000,0.000000,0.000000,0.005400,0.002000,0.003000,0.007900,0.000000
1423,5.500074,6.095401,6.379800,5.962200,1176.000000,933009820.000000,1424890704.000000,252489728.000000,238792704.000000,1623891968.000000,0.000000,0.000000,2.637500,0.068300,0.036300,2.428600,0.020800,0.047500,0.015800,0.000900,0.000200,0.000800,0.007300,0.003800,0.004600,0.011300,0.000000
1424,5.503057,3.007696,3.017000,2.879200,1176.000000,933010268.000000,1424890704.000000,252489728.000000,238792704.000000,1623891968.000000,0.000000,0.000000,0.000600,0.000000,0.000000,0.000000,0.013700,0.000000,0.011600,0.000000,0.000000,0.000000,0.004500,0.002600,0.002500,0.007200,0.000000
1425,5.506027,2.983000,2.978000,2.851200,1176.000000,933009868.000000,1424890704.000000,252489728.000000,238792704.000000,1623891968.000000,0.000000,0.000000,0.000600,0.000000,0.000000,0.000000,0.010800,0.000000,0.011300,0.000000,0.000000,0.000000,0.004200,0.001900,0.002500,0.007000,0.000000
1426,5.508968,2.874504,2.880300,2.755400,1176.000000,933009892.000000,1424890704.000000,252489728.000000,238792704.000000,1623891968.000000,0.000000,0.000000,0.000600,0.000000,0.000000,0.000000,0.009900,0.000000,0.011300,0.000000,0.000000,0.000000,0.004200,0.001900,0.002400,0.005700,0.000000
1427,5.511943,3.064102,3.067200,2.950400,1176.000000,933005444.000000,1424890704.000000,252489728.000000,238792704.000000,1623891968.000000,0.000000,0.000000,0.000600,0.000000,0.000000,0.000000,0.009800,0.000000,0.012500,0.000000,0.000000,0.000000,0.004500,0.001600,0.002300,0.007100,0.000000
1428,5.517376,5.362698,5.337000,5.220800,1176.000000,933005892.000000,1424890704.000000,252489728.000000,238792704.000000,1623891968.000000,0.000000,0.000000,2.226200,0.052400,0.019300,2.079100,0.008800,0.032700,0.012300,0.000500,0.000200,0.000800,0.003900,0.002500,0.002200,0.007900,0.000000
1429,5.520715,3.362897,3.360300,3.221100,1176.000000,933010436.000000,1424890704.000000,252489728.000000,238796800.000000,1623891968.000000,0.000000,0.000000,0.000800,0.000000,0.000000,0.000000,0.011400,0.000000,0.011200,0.000000,0.000000,0.000000,0.005400,0.002600,0.003100,0.007300,0.000000
1430,5.523832,3.123802,3.124600,2.992000,1176.000000,933009612.000000,1424890704.000000,252489728.000000,238796800.000000,1623891968.000000,0.000000,0.000000,0.000800,0.000000,0.000000,0.000000,0.011400,0.000000,0.012300,0.000000,0.000000,0.000000,0.004100,0.002100,0.002600,0.007300,0.000000
1431,5.526806,3.003401,2.993900,2.863700,1176.000000,933009636.000000,1424890704.000000,252489728.000000,238796800.000000,1623891968.000000,0.000000,0.000000,0.000600,0.000000,0.000000,0.000000,0.011000,0.000000,0.012800,0.000000,0.000000,0.000000,0.003700,0.002000,0.002300,0.007600,0.000000
1432,5.532363,5.531796,5.528600,5.387400,1176.000000,933014044.000000,1424890704.000000,252489728.000000,238800896.000000,1623855104.000000,0.000000,0.000000,2.537500,0.047000,0.018300,2.402000,0.009900,0.032300,0.012500,0.000500,0.000300,0.001000,0.004000,0.002700,0.002100,0.007700,0.000000
1433,5.535728,3.278600,3.249800,3.101500,1176.000000,933013668.000000,1424890704.000000,252489728.000000,238800896.000000,1623855104.000000,0.000000,0.000000,0.000700,0.000000,0.000000,0.000000,0.011300,0.000000,0.011900,0.000000,0.000000,0.000000,0.004500,0.002200,0.002900,0.007600,0.000000
1434,5.538782,3.143700,3.170200,3.011900,1176.000000,933013668.000000,1424890704.000000,252489728.000000,238800896.000000,1623855104.000000,0.000000,0.000000,0.000800,0.000000,0.000000,0.000000,0.015300,0.000000,0.011200,0.000000,0.000000,0.000000,0.005300,0.002600,0.003100,0.008000,0.000000
1435,5.542169,3.349306,3.328300,3.185200,1176.000000,933017812.000000,1424890704.000000,252489728.000000,238804992.000000,1623855104.000000,0.000000,0.000000,0.000900,0.000000,0.000000,0.000000,0.009900,0.000000,0.012500,0.000000,0.000000,0.000000,0.004200,0.001800,0.002800,0.007400,0.000000
1436,5.545436,3.289598,3.296500,3.149500,1176.000000,933031748.000000,1424890704.000000,252489728.000000,238804992.000000,1623855104.000000,0.000000,0.000000,0.000600,0.000000,0.000000,0.000000,0.014800,0.000000,0.012900,0.000000,0.000000,0.000000,0.004800,0.001900,0.003000,0.007900,0.000000
1437,5.550766,5.331902,5.329400,5.191000,1176.000000,933019652.000000,1424890704.000000,252489728.000000,238804992.000000,1623855104.000000,0.000000,0.000000,2.087600,0.045400,0.018500,1.964500,0.011400,0.021500,0.012800,0.000500,0.000300,0.000500,0.004700,0.002500,0.002700,0.006800,0.000000
1438,5.553728,2.945394,2.950900,2.815800,1176.000000,933017036.000000,1424890704.000000,252489728.000000,238804992.000000,1623855104.000000,0.000000,0.000000,0.000800,0.000000,0.000000,0.000000,0.012100,0.000000,0.012000,0.000000,0.000000,0.000000,0.004100,0.002000,0.002900,0.006600,0.000000
1439,5.557272,3.511501,3.470500,3.329000,1176.000000,933017076.000000,1424890704.000000,252489728.000000,238804992.000000,1623855104.000000,0.000000,0.000000,0.000600,0.000000,0.000000,0.000000,0.010900,0.000000,0.012200,0.000000,0.000000,0.000000,0.004500,0.002200,0.003200,0.006800,0.000000
1440,5.560481,3.259106,3.288000,3.124800,1176.000000,933021620.000000,1424890704.000000,252489728.000000,238809088.000000,1623855104.000000,0.000000,0.000000,0.001200,0.000000,0.000000,0.000000,0.013400,0.000000,0.013900,0.000000,0.000000,0.000000,0.005600,0.003000,0.003500,0.007800,0.000000
1441,5.566385,5.907894,5.902000,5.767000,1176.000000,933021220.000000,1424890704.000000,252489728.000000,238809088.000000,1623855104.000000,0.000000,0.000000,2.811400,0.047700,0.020800,2.680100,0.011400,0.021800,0.011500,0.000600,0.000300,0.000700,0.004900,0.002500,0.002800,0.007600,0.000000
1442,5.569436,3.056300,3.054800,2.919900,1176.000000,933021244.000000,1424890704.000000,252489728.000000,238809088.000000,1623855104.000000,0.000000,0.000000,0.000500,0.000000,0.000000,0.000000,0.012000,0.000000,0.011500,0.000000,0.000000,0.000000,0.004000,0.001500,0.002900,0.005800,0.000000
1443,5.572314,2.906604,2.921000,2.789800,1176.000000,933021692.000000,1424890704.000000,252489728.000000,238809088.000000,1623855104.000000,0.000000,0.000000,0.000600,0.000000,0.000000,0.000000,0.011500,0.000000,0.013800,0.000000,0.000000,0.000000,0.004600,0.001800,0.002700,0.007100,0.000000
1444,5.575669,3.238598,3.197100,3.067300,1176.000000,933021716.000000,1424890704.000000,252489728.000000,238809088.000000,1623855104.000000,0.000000,0.000000,0.000500,0.000000,0.000000,0.000000,0.009800,0.000000,0.026800,0.000000,0.000000,0.000000,0.004300,0.001700,0.002500,0.004800,0.000000
1445,5.578976,3.372598,3.362900,3.209200,1176.000000,933026260.000000,1424890704.000000,252489728.000000,238813184.000000,1623855104.000000,0.000000,0.000000,0.000800,0.000000,0.000000,0.000000,0.013700,0.000000,0.012600,0.000000,0.000000,0.000000,0.005600,0.001900,0.003500,0.008100,0.000000
1446,5.586048,7.058305,7.065200,6.900400,1176.000000,933029956.000000,1424890704.000000,252489728.000000,238817280.000000,1623855104.000000,0.000000,0.000000,2.816800,0.057100,0.022400,2.664900,0.013400,0.029000,0.011700,0.000600,0.000200,0.000800,0.005100,0.002700,0.003500,0.008000,0.000000
1447,5.589794,3.714399,3.710400,3.550400,1176.000000,933029980.000000,1424890704.000000,252489728.000000,238817280.000000,1623855104.000000,0.000000,0.000000,0.001200,0.000000,0.000000,0.000000,0.014000,0.000000,0.014200,0.000000,0.000000,0.000000,0.005300,0.003100,0.003800,0.011600,0.000000
1448,5.593192,3.450999,3.463500,3.311700,1176.000000,933030428.000000,1424890704.000000,252489728.000000,238817280.000000,1623855104.000000,0.000000,0.000000,0.000700,0.000000,0.000000,0.000000,0.014200,0.000000,0.013100,0.000000,0.000000,0.000000,0.005500,0.002300,0.003300,0.008100,0.000000
1449,5.596341,3.146797,3.147300,3.011100,1176.000000,933030052.000000,1424890704.000000,252489728.000000,238817280.000000,1623855104.000000,0.000000,0.000000,0.000700,0.000000,0.000000,0.000000,0.011400,0.000000,0.012200,0.000000,0.000000,0.000000,0.005400,0.002100,0.002800,0.008000,0.000000
1450,5.602240,5.908206,5.901900,5.768300,1176.000000,933029628.000000,1424890704.000000,252489728.000000,238817280.000000,1623855104.000000,0.000000,0.000000,2.693600,0.046000,0.019600,2.558800,0.009900,0.028800,0.011800,0.000600,0.000300,0.000700,0.004300,0.003000,0.002500,0.008100,0.000000
1451,5.605365,3.124100,3.122900,2.989100,1176.000000,933033772.000000,1424890704.000000,252489728.000000,238821376.000000,1623855104.000000,0.000000,0.000000,0.000600,0.000000,0.000000,0.000000,0.011000,0.000000,0.012500,0.000000,0.000000,0.000000,0.004500,0.001700,0.002700,0.006900,0.000000
1452,5.608119,2.779393,2.784800,2.654900,1176.000000,933048244.000000,1424890704.000000,252489728.000000,238821376.000000,1623855104.000000,0.000000,0.000000,0.000600,0.000000,0.000000,0.000000,0.010300,0.000000,0.012400,0.000000,0.000000,0.000000,0.003900,0.001900,0.002600,0.007300,0.000000
1453,5.610818,2.723306,2.734500,2.617100,1176.000000,933036148.000000,1424890704.000000,252489728.000000,238821376.000000,1623855104.000000,0.000000,0.000000,0.000600,0.000000,0.000000,0.000000,0.010300,0.000000,0.013000,0.000000,0.000000,0.000000,0.004500,0.001900,0.002400,0.005300,0.000000
1454,5.616186,5.282199,5.240500,5.124300,1176.000000,933033956.000000,1424890704.000000,252489728.000000,238821376.000000,1623855104.000000,0.000000,0.000000,2.000100,0.041700,0.018100,1.885600,0.009000,0.020500,0.010700,0.000500,0.000200,0.000600,0.003800,0.002200,0.002400,0.005500,0.000000
1455,5.619269,3.122095,3.126400,2.976800,1176.000000,933033996.000000,1424890704.000000,252489728.000000,238821376.000000,1623855104.000000,0.000000,0.000000,0.000600,0.000000,0.000000,0.000000,0.012800,0.000000,0.012100,0.000000,0.000000,0.000000,0.005800,0.001700,0.003000,0.007300,0.000000
1456,5.622154,2.885799,2.902800,2.767800,1176.000000,933034444.000000,1424890704.000000,252489728.000000,238821376.000000,1623855104.000000,0.000000,0.000000,0.000600,0.000000,0.000000,0.000000,0.010900,0.000000,0.012500,0.000000,0.000000,0.000000,0.004600,0.002000,0.002900,0.006500,0.000000
1457,5.625311,3.154705,3.142300,3.022200,1176.000000,933038140.000000,1424890704.000000,252489728.000000,238825472.000000,1623855104.000000,0.000000,0.000000,0.000500,0.000000,0.000000,0.000000,0.009300,0.000000,0.011600,0.000000,0.000000,0.000000,0.005400,0.001700,0.002600,0.006600,0.000000
1458,5.627966,2.685296,2.695300,2.569100,1176.000000,933041836.000000,1424890704.000000,252489728.000000,238829568.000000,1623855104.000000,0.000000,0.000000,0.000600,0.000000,0.000000,0.000000,0.010700,0.000000,0.011400,0.000000,0.000000,0.000000,0.004400,0.001900,0.002700,0.007400,0.000000
1459,5.633380,5.311402,5.081500,4.956000,1176.000000,933041860.000000,1424890704.000000,252489728.000000,238829568.000000,1623855104.000000,0.000000,0.000000,2.099800,0.048200,0.019800,1.967200,0.010200,0.025200,0.012000,0.000500,0.000300,0.001200,0.004100,0.002700,0.002400,0.008600,0.000000
1460,5.636415,3.101899,3.318300,2.984100,1176.000000,933042308.000000,1424890704.000000,252489728.000000,238829568.000000,1623855104.000000,0.000000,0.000000,0.000800,0.000000,0.000000,0.000000,0.014800,0.000000,0.013500,0.000000,0.000000,0.000000,0.005600,0.002500,0.003300,0.008800,0.000000
1461,5.639641,3.205903,3.174100,3.044400,1176.000000,933042756.000000,1424890704.000000,252489728.000000,238829568.000000,1623855104.000000,0.000000,0.000000,0.000600,0.000000,0.000000,0.000000,0.011000,0.000000,0.012100,0.000000,0.000000,0.000000,0.004600,0.002400,0.002800,0.007600,0.000000
1462,5.642617,2.990696,3.003100,2.852600,1176.000000,933041932.000000,1424890704.000000,252489728.000000,238829568.000000,1623855104.000000,0.000000,0.000000,0.000700,0.000000,0.000000,0.000000,0.013200,0.000000,0.012600,0.000000,0.000000,0.000000,0.005200,0.002200,0.003100,0.007000,0.000000
1463,5.645833,3.203904,3.196800,3.061300,1176.000000,933046052.000000,1424890704.000000,252489728.000000,238833664.000000,1623855104.000000,0.000000,0.000000,0.000700,0.000000,0.000000,0.000000,0.011500,0.000000,0.012400,0.000000,0.000000,0.000000,0.003600,0.001800,0.002700,0.007200,0.000000
1464,5.651705,5.875397,5.861900,5.720800,1176.000000,933046500.000000,1424890704.000000,252489728.000000,238833664.000000,1623855104.000000,0.000000,0.000000,2.611200,0.049000,0.019900,2.470900,0.010800,0.030300,0.012300,0.000500,0.000200,0.000900,0.004700,0.002900,0.003000,0.007700,0.000000
1465,5.654877,3.165398,3.169000,3.020500,1176.000000,933046524.000000,1424890704.000000,252489728.000000,238833664.000000,1623855104.000000,0.000000,0.000000,0.000600,0.000000,0.000000,0.000000,0.012100,0.000000,0.013700,0.000000,0.000000,0.000000,0.005000,0.001800,0.002900,0.006500,0.000000
1466,5.657890,3.052501,3.059200,2.922500,1176.000000,933046124.000000,1424890704.000000,252489728.000000,238833664.000000,1623855104.000000,0.000000,0.000000,0.000600,0.000000,0.000000,0.000000,0.011700,0.000000,0.014100,0.000000,0.000000,0.000000,0.004000,0.002300,0.003000,0.008400,0.000000
1467,5.660987,3.072803,3.054800,2.925000,1176.000000,933046172.000000,1424890704.000000,252489728.000000,238833664.000000,1623855104.000000,0.000000,0.000000,0.000700,0.000000,0.000000,0.000000,0.010100,0.000000,0.012300,0.000000,0.000000,0.000000,0.003900,0.002000,0.002500,0.007100,0.000000
1468,5.666564,5.569501,5.570200,5.420600,1176.000000,933065084.000000,1424890704.000000,252489728.000000,238837760.000000,1623855104.000000,0.000000,0.000000,2.164700,0.047600,0.020300,2.034200,0.010700,0.024300,0.014200,0.000600,0.000300,0.000900,0.004300,0.003000,0.002800,0.007200,0.000000
1469,5.669727,3.176594,3.162700,3.017000,1176.000000,933052988.000000,1424890704.000000,252489728.000000,238837760.000000,1623855104.000000,0.000000,0.000000,0.000600,0.000000,0.000000,0.000000,0.013800,0.000000,0.013500,0.000000,0.000000,0.000000,0.005100,0.001900,0.003100,0.007700,0.000000
1470,5.672789,3.076304,3.095900,2.949800,1228.000000,933050372.000000,1424890704.000000,252489728.000000,238837760.000000,1623855104.000000,0.000000,0.000000,0.000700,0.000000,0.000000,0.000000,0.011500,0.000000,0.012300,0.000000,0.000000,0.000000,0.004300,0.001900,0.002800,0.008100,0.000000
1471,5.676152,3.313102,3.268800,3.135600,1176.000000,933054508.000000,1424890704.000000,252489728.000000,238841856.000000,1623855104.000000,0.000000,0.000000,0.000800,0.000000,0.000000,0.000000,0.010200,0.000000,0.012300,0.000000,0.000000,0.000000,0.005200,0.001600,0.002400,0.006900,0.000000
1472,5.679448,3.304996,3.321400,3.149700,1176.000000,933054548.000000,1424890704.000000,252489728.000000,238841856.000000,1623855104.000000,0.000000,0.000000,0.000700,0.000000,0.000000,0.000000,0.012400,0.000000,0.013300,0.000000,0.000000,0.000000,0.005600,0.002100,0.003000,0.007600,0.000000
1473,5.685037,5.601098,5.560600,5.410900,1176.000000,933054132.000000,1424890704.000000,252489728.000000,238841856.000000,1623855104.000000,0.000000,0.000000,2.157900,0.051000,0.022200,2.016300,0.014000,0.026900,0.011700,0.000600,0.000300,0.000800,0.004500,0.002700,0.003200,0.008000,0.000000
1474,5.688119,3.104904,3.156000,2.973400,1176.000000,933058252.000000,1424890704.000000,252489728.000000,238845952.000000,1623855104.000000,0.000000,0.000000,0.000700,0.000000,0.000000,0.000000,0.014000,0.000000,0.012700,0.000000,0.000000,0.000000,0.005000,0.002400,0.003300,0.007900,0.000000
1475,5.691475,3.347796,3.337100,3.202700,1176.000000,933058276.000000,1424890704.000000,252489728.000000,238845952.000000,1623855104.000000,0.000000,0.000000,0.000900,0.000000,0.000000,0.000000,0.010000,0.000000,0.012500,0.000000,0.000000,0.000000,0.004900,0.002100,0.003400,0.008600,0.000000
1476,5.695145,3.614406,3.588700,3.442700,1176.000000,933058724.000000,1424890704.000000,252489728.000000,238845952.000000,1623855104.000000,0.000000,0.000000,0.000700,0.000000,0.000000,0.000000,0.011600,0.000000,0.012200,0.000000,0.000000,0.000000,0.005000,0.001900,0.002600,0.007500,0.000000
1477,5.701701,6.604896,6.617300,6.458600,1176.000000,933059596.000000,1424890704.000000,252489728.000000,238845952.000000,1623855104.000000,0.000000,0.000000,2.920200,0.050300,0.020800,2.785800,0.015700,0.021700,0.011900,0.000800,0.000300,0.000800,0.005400,0.002500,0.003200,0.007900,0.000000
1478,5.704924,3.218296,3.216500,3.070700,1176.000000,933058772.000000,1424890704.000000,252489728.000000,238845952.000000,1623855104.000000,0.000000,0.000000,0.000700,0.000000,0.000000,0.000000,0.012800,0.000000,0.011900,0.000000,0.000000,0.000000,0.005000,0.001700,0.002900,0.007900,0.000000
1479,5.708022,3.110006,3.109100,2.968300,1176.000000,933062892.000000,1424890704.000000,252489728.000000,238850048.000000,1623855104.000000,0.000000,0.000000,0.000700,0.000000,0.000000,0.000000,0.011800,0.000000,0.012900,0.000000,0.000000,0.000000,0.004700,0.001900,0.003600,0.008600,0.000000
1480,5.711395,3.378401,3.374100,3.234600,1176.000000,933063340.000000,1424890704.000000,252489728.000000,238850048.000000,1623855104.000000,0.000000,0.000000,0.001000,0.000000,0.000000,0.000000,0.011600,0.000000,0.012300,0.000000,0.000000,0.000000,0.004200,0.002200,0.002500,0.006600,0.000000
1481,5.717399,5.952395,5.938700,5.795600,1176.000000,933062540.000000,1424890704.000000,252489728.000000,238850048.000000,1623855104.000000,0.000000,0.000000,2.742900,0.047900,0.019200,2.600700,0.011000,0.032600,0.012500,0.000500,0.000300,0.000800,0.004600,0.002500,0.002700,0.008400,0.000000
1482,5.720738,3.370302,3.331100,3.182000,1176.000000,933062540.000000,1424890704.000000,252489728.000000,238850048.000000,1623855104.000000,0.000000,0.000000,0.000700,0.000000,0.000000,0.000000,0.013100,0.000000,0.013000,0.000000,0.000000,0.000000,0.004900,0.002100,0.003400,0.007600,0.000000
1483,5.723781,3.060197,3.104400,2.921600,1176.000000,933066684.000000,1424890704.000000,252489728.000000,238854144.000000,1623855104.000000,0.000000,0.000000,0.000600,0.000000,0.000000,0.000000,0.012600,0.000000,0.012700,0.000000,0.000000,0.000000,0.020200,0.002000,0.002900,0.008300,0.000000
1484,5.726886,3.124702,3.134800,3.001300,1176.000000,933081044.000000,1424890704.000000,252489728.000000,238854144.000000,1623855104.000000,0.000000,0.000000,0.000600,0.000000,0.000000,0.000000,0.011400,0.000000,0.012900,0.000000,0.000000,0.000000,0.003900,0.002100,0.002100,0.006500,0.000000
1485,5.732175,5.276198,5.259700,5.136300,1176.000000,933073044.000000,1424890704.000000,252489728.000000,238858240.000000,1623855104.000000,0.000000,0.000000,2.218200,0.048200,0.019800,2.077700,0.010600,0.032200,0.012300,0.000500,0.000200,0.001000,0.003800,0.002600,0.002400,0.007300,0.000000
1486,5.735459,3.255102,3.215600,3.077900,1176.000000,933070428.000000,1424890704.000000,252489728.000000,238858240.000000,1623855104.000000,0.000000,0.000000,0.000700,0.000000,0.000000,0.000000,0.011000,0.000000,0.011700,0.000000,0.000000,0.000000,0.004000,0.001700,0.002600,0.006500,0.000000
1487,5.738421,2.985098,3.028200,2.859800,1176.000000,933070892.000000,1424890704.000000,252489728.000000,238858240.000000,1623855104.000000,0.000000,0.000000,0.000600,0.000000,0.000000,0.000000,0.011300,0.000000,0.014100,0.000000,0.000000,0.000000,0.004600,0.001900,0.002700,0.007500,0.000000
1488,5.741385,2.987401,2.987500,2.863800,1176.000000,933070932.000000,1424890704.000000,252489728.000000,238858240.000000,1623855104.000000,0.000000,0.000000,0.000600,0.000000,0.000000,0.000000,0.013900,0.000000,0.012600,0.000000,0.000000,0.000000,0.004700,0.002300,0.002700,0.006500,0.000000
1489,5.744449,3.050701,3.037500,2.915100,1176.000000,933070516.000000,1424890704.000000,252489728.000000,238858240.000000,1623855104.000000,0.000000,0.000000,0.000700,0.000000,0.000000,0.000000,0.010100,0.000000,0.011700,0.000000,0.000000,0.000000,0.003800,0.001800,0.002500,0.007100,0.000000
1490,5.749803,5.332001,5.315600,5.180100,1176.000000,933070540.000000,1424890704.000000,252489728.000000,238858240.000000,1623855104.000000,0.000000,0.000000,2.103600,0.046800,0.020900,1.980300,0.011500,0.019600,0.011100,0.000700,0.000200,0.000600,0.004200,0.002300,0.002500,0.006400,0.000000
1491,5.752990,3.181597,3.185000,3.037200,1176.000000,933074660.000000,1424890704.000000,252489728.000000,238862336.000000,1623855104.000000,0.000000,0.000000,0.000700,0.000000,0.000000,0.000000,0.012400,0.000000,0.012300,0.000000,0.000000,0.000000,0.005000,0.002000,0.004900,0.009900,0.000000
1492,5.756225,3.167999,3.161200,3.022100,1176.000000,933075108.000000,1424890704.000000,252489728.000000,238862336.000000,1623855104.000000,0.000000,0.000000,0.000800,0.000000,0.000000,0.000000,0.012100,0.000000,0.013100,0.000000,0.000000,0.000000,0.004700,0.001900,0.003000,0.006900,0.000000
1493,5.759531,3.368304,3.360700,3.218200,1176.000000,933075556.000000,1424890704.000000,252489728.000000,238862336.000000,1623855104.000000,0.000000,0.000000,0.000700,0.000000,0.000000,0.000000,0.011600,0.000000,0.025500,0.000000,0.000000,0.000000,0.007400,0.002100,0.003900,0.008000,0.000000
1494,5.762368,2.880102,2.902400,2.762600,1176.000000,933074732.000000,1424890704.000000,252489728.000000,238862336.000000,1623855104.000000,0.000000,0.000000,0.000700,0.000000,0.000000,0.000000,0.012500,0.000000,0.012700,0.000000,0.000000,0.000000,0.004400,0.002100,0.003200,0.008100,0.000000
1495,5.767494,5.090299,5.073000,4.951700,1176.000000,933079228.000000,1424890704.000000,252489728.000000,238862336.000000,1623855104.000000,0.000000,0.000000,2.200500,0.056000,0.022400,2.051200,0.010800,0.032300,0.011900,0.000600,0.000200,0.000800,0.003800,0.002400,0.002800,0.010100,0.000000
1496,5.770494,3.027296,3.028400,2.895400,1176.000000,933087868.000000,1424890704.000000,252489728.000000,238870528.000000,1623855104.000000,0.000000,0.000000,0.000700,0.000000,0.000000,0.000000,0.011300,0.000000,0.011500,0.000000,0.000000,0.000000,0.004800,0.001600,0.002800,0.007500,0.000000
1497,5.773346,2.849504,2.850800,2.722700,1176.000000,933087492.000000,1424890704.000000,252489728.000000,238870528.000000,1623855104.000000,0.000000,0.000000,0.000700,0.000000,0.000000,0.000000,0.010500,0.000000,0.011900,0.000000,0.000000,0.000000,0.004000,0.001700,0.002500,0.006900,0.000000
1498,5.776495,3.132100,3.128100,3.006800,1176.000000,933087492.000000,1424890704.000000,252489728.000000,238870528.000000,1623855104.000000,0.000000,0.000000,0.000800,0.000000,0.000000,0.000000,0.011000,0.000000,0.012400,0.000000,0.000000,0.000000,0.004500,0.001700,0.002900,0.006700,0.000000
1499,5.779802,3.305300,3.286000,3.160500,1176.000000,933083492.000000,1424890704.000000,252489728.000000,238870528.000000,1623855104.000000,0.000000,0.000000,0.000800,0.000000,0.000000,0.000000,0.010100,0.000000,0.014500,0.000000,0.000000,0.000000,0.004300,0.001800,0.002400,0.005700,0.000000
1500,5.785416,5.606696,5.601500,5.457300,1176.000000,933097428.000000,1424890704.000000,252489728.000000,238870528.000000,1623855104.000000,0.000000,0.000000,2.279400,0.056200,0.020400,2.139300,0.011500,0.029000,0.013000,0.000500,0.000500,0.000800,0.004500,0.002300,0.002500,0.007200,0.000000
1501,5.788311,2.928501,2.920800,2.780200,1176.000000,933085332.000000,1424890704.000000,252489728.000000,238870528.000000,1623855104.000000,0.000000,0.000000,0.000800,0.000000,0.000000,0.000000,0.012400,0.000000,0.013900,0.000000,0.000000,0.000000,0.004200,0.002000,0.002900,0.007800,0.000000
1502,5.791514,3.196599,3.205400,3.054900,1176.000000,933086812.000000,1424890704.000000,252489728.000000,238874624.000000,1623855104.000000,0.000000,0.000000,0.000900,0.000000,0.000000,0.000000,0.011200,0.000000,0.013400,0.000000,0.000000,0.000000,0.003900,0.001700,0.003000,0.007300,0.000000
1503,5.794651,3.106704,3.105800,2.971400,1176.000000,933086852.000000,1424890704.000000,252489728.000000,238874624.000000,1623855104.000000,0.000000,0.000000,0.000600,0.000000,0.000000,0.000000,0.011000,0.000000,0.012300,0.000000,0.000000,0.000000,0.004500,0.001500,0.002800,0.007800,0.000000
1504,5.800224,5.583702,5.574700,5.441400,1176.000000,933087316.000000,1424890704.000000,252489728.000000,238874624.000000,1623855104.000000,0.000000,0.000000,2.253700,0.046600,0.019500,2.118000,0.012400,0.028800,0.011900,0.000500,0.000300,0.000600,0.005200,0.002500,0.002600,0.006400,0.000000
1505,5.802971,2.780995,2.788900,2.654600,1176.000000,933086900.000000,1424890704.000000,252489728.000000,238874624.000000,1623855104.000000,0.000000,0.000000,0.000800,0.000000,0.000000,0.000000,0.012600,0.000000,0.012600,0.000000,0.000000,0.000000,0.004800,0.001900,0.003000,0.007400,0.000000
1506,5.805946,2.962004,2.959500,2.830200,1176.000000,933091020.000000,1424890704.000000,252489728.000000,238878720.000000,1623855104.000000,0.000000,0.000000,0.000600,0.000000,0.000000,0.000000,0.009500,0.000000,0.012600,0.000000,0.000000,0.000000,0.003900,0.001500,0.002700,0.007000,0.000000
1507,5.809433,3.415795,3.368300,3.219400,1176.000000,933095140.000000,1424890704.000000,252489728.000000,238882816.000000,1623855104.000000,0.000000,0.000000,0.000700,0.000000,0.000000,0.000000,0.011000,0.000000,0.012100,0.000000,0.000000,0.000000,0.003800,0.001700,0.002500,0.007300,0.000000
1508,5.812435,3.071400,3.116400,2.953200,1176.000000,933095588.000000,1424890704.000000,252489728.000000,238882816.000000,1623855104.000000,0.000000,0.000000,0.000800,0.000000,0.000000,0.000000,0.014300,0.000000,0.012600,0.000000,0.000000,0.000000,0.005600,0.002300,0.003400,0.009300,0.000000
1509,5.818298,5.807901,5.773800,5.646800,1176.000000,933100556.000000,1424890704.000000,252489728.000000,238886912.000000,1623855104.000000,0.000000,0.000000,2.696900,0.050000,0.019600,2.551900,0.010100,0.032500,0.013800,0.000500,0.000300,0.000800,0.004600,0.002800,0.002900,0.007800,0.000000
1510,5.821777,3.486402,3.480500,3.320100,1176.000000,933099932.000000,1424890704.000000,252489728.000000,238886912.000000,1623855104.000000,0.000000,0.000000,0.000800,0.000000,0.000000,0.000000,0.012800,0.000000,0.013700,0.000000,0.000000,0.000000,0.005700,0.002200,0.003500,0.008300,0.000000
1511,5.825234,3.454698,3.449000,3.285700,1176.000000,933100844.000000,1424890704.000000,252489728.000000,238886912.000000,1623855104.000000,0.000000,0.000000,0.000800,0.000000,0.000000,0.000000,0.013400,0.000000,0.014800,0.000000,0.000000,0.000000,0.005100,0.002100,0.003200,0.008100,0.000000
1512,5.828514,3.274199,3.253800,3.098400,1176.000000,933101780.000000,1424890704.000000,252489728.000000,238886912.000000,1623855104.000000,0.000000,0.000000,0.000700,0.000000,0.000000,0.000000,0.013700,0.000000,0.015100,0.000000,0.000000,0.000000,0.006300,0.002100,0.003100,0.008600,0.000000
1513,5.836061,7.546103,7.562200,7.390400,1176.000000,933105764.000000,1424890704.000000,252489728.000000,238891008.000000,1623855104.000000,0.000000,0.000000,4.073800,0.060900,0.024400,3.900300,0.012500,0.038900,0.126800,0.000600,0.000400,0.001200,0.005600,0.002800,0.003500,0.012500,0.000000
1514,5.839570,3.528600,3.470900,3.309200,1176.000000,933105780.000000,1424890704.000000,252489728.000000,238891008.000000,1623855104.000000,0.000000,0.000000,0.000800,0.000000,0.000000,0.000000,0.013200,0.000000,0.012800,0.000000,0.000000,0.000000,0.005200,0.001800,0.003000,0.007800,0.000000
1515,5.842613,3.060303,3.128300,2.927600,1176.000000,933105820.000000,1424890704.000000,252489728.000000,238891008.000000,1623855104.000000,0.000000,0.000000,0.000700,0.000000,0.000000,0.000000,0.013000,0.000000,0.013500,0.000000,0.000000,0.000000,0.005400,0.002100,0.003100,0.007900,0.000000
1516,5.845888,3.283595,3.275400,3.142600,1176.000000,933123916.000000,1424890704.000000,252489728.000000,238891008.000000,1623855104.000000,0.000000,0.000000,0.000700,0.000000,0.000000,0.000000,0.011200,0.000000,0.015000,0.000000,0.000000,0.000000,0.005100,0.002000,0.003300,0.006800,0.000000
1517,5.851563,5.647003,5.613100,5.471700,1176.000000,933112396.000000,1424890704.000000,252489728.000000,238891008.000000,1623855104.000000,0.000000,0.000000,2.081400,0.050600,0.019800,1.955600,0.011000,0.020200,0.012900,0.000500,0.000200,0.000500,0.004600,0.002500,0.002300,0.006600,0.000000
1518,5.855347,3.732398,3.736500,3.565800,1176.000000,933109780.000000,1424890704.000000,252489728.000000,238891008.000000,1623855104.000000,0.000000,0.000000,0.000700,0.000000,0.000000,0.000000,0.013700,0.000000,0.013000,0.000000,0.000000,0.000000,0.005000,0.002000,0.003500,0.007800,0.000000
1519,5.859157,3.829103,3.811900,3.642100,1176.000000,933113924.000000,1424890704.000000,252489728.000000,238895104.000000,1623855104.000000,0.000000,0.000000,0.000800,0.000000,0.000000,0.000000,0.014800,0.000000,0.014500,0.000000,0.000000,0.000000,0.005600,0.002100,0.003600,0.010200,0.000000
1520,5.862584,3.368098,3.381800,3.207600,1176.000000,933114556.000000,1424890704.000000,252489728.000000,238895104.000000,1623855104.000000,0.000000,0.000000,0.000800,0.000000,0.000000,0.000000,0.014500,0.000000,0.020600,0.000000,0.000000,0.000000,0.006300,0.002300,0.003900,0.009500,0.000000
1521,5.869501,6.668403,6.579000,6.416900,1176.000000,933114180.000000,1424890704.000000,252489728.000000,238895104.000000,1623855104.000000,0.000000,0.000000,2.900500,0.063100,0.024800,2.705100,0.011600,0.046200,0.015300,0.000500,0.000200,0.001200,0.008900,0.002900,0.003800,0.012500,0.000000
1522,5.873043,3.859694,3.928000,3.680900,1176.000000,933118300.000000,1424890704.000000,252489728.000000,238899200.000000,1623855104.000000,0.000000,0.000000,0.000800,0.000000,0.000000,0.000000,0.018200,0.000000,0.014200,0.000000,0.000000,0.000000,0.007700,0.002400,0.003900,0.010900,0.000000
1523,5.876436,3.411203,3.435000,3.265400,1228.000000,933118324.000000,1424890704.000000,252489728.000000,238899200.000000,1623855104.000000,0.000000,0.000000,0.000700,0.000000,0.000000,0.000000,0.013900,0.000000,0.014500,0.000000,0.000000,0.000000,0.004500,0.002200,0.003700,0.009000,0.000000
1524,5.879838,3.378600,3.368100,3.222900,1176.000000,933122868.000000,1424890704.000000,252489728.000000,238903296.000000,1623855104.000000,0.000000,0.000000,0.000700,0.000000,0.000000,0.000000,0.011600,0.000000,0.013200,0.000000,0.000000,0.000000,0.004900,0.001800,0.002700,0.008500,0.000000
1525,5.885552,5.753203,5.745200,5.595900,1176.000000,933123116.000000,1424890704.000000,252489728.000000,238903296.000000,1623855104.000000,0.000000,0.000000,2.142400,0.051700,0.020800,2.011900,0.016600,0.019000,0.012200,0.000500,0.000400,0.000700,0.005500,0.002300,0.003100,0.007300,0.000000
1526,5.888578,3.041695,3.055000,2.904100,1176.000000,933122292.000000,1424890704.000000,252489728.000000,238903296.000000,1623855104.000000,0.000000,0.000000,0.000700,0.000000,0.000000,0.000000,0.012400,0.000000,0.012800,0.000000,0.000000,0.000000,0.004500,0.002200,0.003000,0.008500,0.000000
1527,5.891461,2.926105,2.915900,2.782100,1176.000000,933122316.000000,1424890704.000000,252489728.000000,238903296.000000,1623855104.000000,0.000000,0.000000,0.000700,0.000000,0.000000,0.000000,0.010900,0.000000,0.012900,0.000000,0.000000,0.000000,0.004400,0.001900,0.002700,0.007700,0.000000
1528,5.894983,3.399695,3.375600,3.220600,1176.000000,933122764.000000,1424890704.000000,252489728.000000,238903296.000000,1623855104.000000,0.000000,0.000000,0.000600,0.000000,0.000000,0.000000,0.009500,0.000000,0.012500,0.000000,0.000000,0.000000,0.004000,0.001900,0.002300,0.006400,0.000000
1529,5.900685,5.751701,5.759200,5.598500,1176.000000,933122540.000000,1424890704.000000,252489728.000000,238903296.000000,1623855104.000000,0.000000,0.000000,2.151800,0.062600,0.021900,2.004000,0.013800,0.018700,0.011700,0.000700,0.000400,0.000500,0.005900,0.002400,0.003600,0.006800,0.000000
1530,5.903631,2.966901,2.978100,2.828100,1176.000000,933126636.000000,1424890704.000000,252489728.000000,238907392.000000,1623855104.000000,0.000000,0.000000,0.000700,0.000000,0.000000,0.000000,0.012700,0.000000,0.012200,0.000000,0.000000,0.000000,0.006200,0.001900,0.003200,0.008600,0.000000
1531,5.906586,2.993601,2.999600,2.868400,1176.000000,933127116.000000,1424890704.000000,252489728.000000,238907392.000000,1623855104.000000,0.000000,0.000000,0.000700,0.000000,0.000000,0.000000,0.011900,0.000000,0.014200,0.000000,0.000000,0.000000,0.004800,0.001900,0.002800,0.006800,0.000000
1532,5.910045,3.379599,3.324500,3.180800,1176.000000,933141052.000000,1424890704.000000,252489728.000000,238907392.000000,1623855104.000000,0.000000,0.000000,0.000600,0.000000,0.000000,0.000000,0.010600,0.000000,0.013700,0.000000,0.000000,0.000000,0.004300,0.001600,0.002200,0.007200,0.000000
1533,5.913105,3.101297,3.135100,2.968300,1176.000000,933129084.000000,1424890704.000000,252489728.000000,238907392.000000,1623855104.000000,0.000000,0.000000,0.000700,0.000000,0.000000,0.000000,0.014400,0.000000,0.015800,0.000000,0.000000,0.000000,0.004300,0.002500,0.002600,0.007500,0.000000
1534,5.919539,6.356101,6.325100,6.182800,1176.000000,933130588.000000,1424890704.000000,252489728.000000,238911488.000000,1623855104.000000,0.000000,0.000000,2.679400,0.054400,0.021600,2.522000,0.010900,0.036600,0.013800,0.000700,0.000400,0.001400,0.004800,0.002700,0.002700,0.009900,0.000000
1535,5.922825,3.342205,3.355900,3.191000,1176.000000,933134724.000000,1424890704.000000,252489728.000000,238915584.000000,1623855104.000000,0.000000,0.000000,0.001300,0.000000,0.000000,0.000000,0.015900,0.000000,0.014000,0.000000,0.000000,0.000000,0.005700,0.002300,0.003700,0.009500,0.000000
1536,5.926249,3.428997,3.364300,3.203600,1176.000000,933135172.000000,1424890704.000000,252489728.000000,238915584.000000,1623855104.000000,0.000000,0.000000,0.000800,0.000000,0.000000,0.000000,0.011800,0.000000,0.013800,0.000000,0.000000,0.000000,0.005300,0.002300,0.002900,0.008200,0.000000
1537,5.929598,3.294898,3.265500,3.053200,1176.000000,933134772.000000,1424890704.000000,252489728.000000,238915584.000000,1623855104.000000,0.000000,0.000000,0.000800,0.000000,0.000000,0.000000,0.014000,0.000000,0.012000,0.000000,0.000000,0.000000,0.005200,0.001800,0.002800,0.008000,0.000000
1538,5.935430,5.867106,5.946200,5.718400,1176.000000,933135388.000000,1424890704.000000,252489728.000000,238915584.000000,1623855104.000000,0.000000,0.000000,2.320400,0.051800,0.023600,2.167100,0.016400,0.030900,0.012000,0.000600,0.000300,0.000700,0.006400,0.002500,0.003400,0.008800,0.000000
1539,5.939348,3.733596,3.671600,3.521800,1176.000000,933135412.000000,1424890704.000000,252489728.000000,238915584.000000,1623855104.000000,0.000000,0.000000,0.000700,0.000000,0.000000,0.000000,0.013300,0.000000,0.013400,0.000000,0.000000,0.000000,0.005100,0.002100,0.003000,0.008500,0.000000
1540,5.942545,3.304301,3.292800,3.134800,1176.000000,933135860.000000,1424890704.000000,252489728.000000,238915584.000000,1623855104.000000,0.000000,0.000000,0.000800,0.000000,0.000000,0.000000,0.013500,0.000000,0.013000,0.000000,0.000000,0.000000,0.006300,0.002100,0.003100,0.009300,0.000000
1541,5.945886,3.411196,3.478300,3.263300,1176.000000,933140404.000000,1424890704.000000,252489728.000000,238919680.000000,1623855104.000000,0.000000,0.000000,0.000600,0.000000,0.000000,0.000000,0.010200,0.000000,0.020500,0.000000,0.000000,0.000000,0.005000,0.002100,0.002900,0.007600,0.000000
1542,5.951991,6.123505,6.108100,5.961400,1176.000000,933139588.000000,1424890704.000000,252489728.000000,238919680.000000,1623855104.000000,0.000000,0.000000,2.643600,0.053700,0.021000,2.485100,0.015000,0.039800,0.013400,0.000600,0.000200,0.001200,0.004900,0.002400,0.003300,0.009500,0.000000
1543,5.955533,3.497796,3.426600,3.267600,1176.000000,933139612.000000,1424890704.000000,252489728.000000,238919680.000000,1623855104.000000,0.000000,0.000000,0.000800,0.000000,0.000000,0.000000,0.012400,0.000000,0.012700,0.000000,0.000000,0.000000,0.005000,0.002100,0.003300,0.006900,0.000000
1544,5.958732,3.251701,3.323400,3.105600,1176.000000,933140060.000000,1424890704.000000,252489728.000000,238919680.000000,1623855104.000000,0.000000,0.000000,0.000700,0.000000,0.000000,0.000000,0.016000,0.000000,0.013600,0.000000,0.000000,0.000000,0.005500,0.002200,0.003600,0.008900,0.000000
1545,5.962101,3.364102,3.349900,3.200000,1176.000000,933139684.000000,1424890704.000000,252489728.000000,238919680.000000,1623855104.000000,0.000000,0.000000,0.000800,0.000000,0.000000,0.000000,0.012900,0.000000,0.012400,0.000000,0.000000,0.000000,0.005500,0.002000,0.003300,0.007700,0.000000
1546,5.968686,6.563903,6.545700,6.384700,1176.000000,933139404.000000,1424890704.000000,252489728.000000,238919680.000000,1623855104.000000,0.000000,0.000000,3.080600,0.052900,0.021900,2.921500,0.013100,0.037400,0.014200,0.000600,0.000300,0.001000,0.005900,0.002700,0.003400,0.010000,0.000000
1547,5.972061,3.401800,3.421500,3.250400,1176.000000,933147620.000000,1424890704.000000,252489728.000000,238927872.000000,1623855104.000000,0.000000,0.000000,0.000700,0.000000,0.000000,0.000000,0.016400,0.000000,0.014100,0.000000,0.000000,0.000000,0.005800,0.002000,0.003700,0.008400,0.000000
1548,5.975524,3.428699,3.417700,3.267900,1176.000000,933162004.000000,1424890704.000000,252489728.000000,238927872.000000,1623855104.000000,0.000000,0.000000,0.000800,0.000000,0.000000,0.000000,0.012800,0.000000,0.013700,0.000000,0.000000,0.000000,0.005000,0.002000,0.003400,0.007200,0.000000
1549,5.978750,3.253699,3.251900,3.094400,1176.000000,933149908.000000,1424890704.000000,252489728.000000,238927872.000000,1623855104.000000,0.000000,0.000000,0.000800,0.000000,0.000000,0.000000,0.012800,0.000000,0.014500,0.000000,0.000000,0.000000,0.005500,0.002100,0.003500,0.008900,0.000000
1550,5.984622,5.805102,5.771000,5.604900,1176.000000,933147300.000000,1424890704.000000,252489728.000000,238927872.000000,1623855104.000000,0.000000,0.000000,2.231400,0.053700,0.023400,2.071900,0.012500,0.037600,0.012900,0.000700,0.000400,0.001000,0.004900,0.002700,0.003100,0.010300,0.000000
1551,5.987740,3.196698,3.237200,3.060000,1176.000000,933147340.000000,1424890704.000000,252489728.000000,238927872.000000,1623855104.000000,0.000000,0.000000,0.000800,0.000000,0.000000,0.000000,0.019800,0.000000,0.013900,0.000000,0.000000,0.000000,0.007400,0.003400,0.003800,0.011900,0.000000
1552,5.991159,3.414399,3.343700,3.204500,1176.000000,933151884.000000,1424890704.000000,252489728.000000,238931968.000000,1623855104.000000,0.000000,0.000000,0.000700,0.000000,0.000000,0.000000,0.011900,0.000000,0.012500,0.000000,0.000000,0.000000,0.004700,0.001800,0.002600,0.007100,0.000000
1553,5.994346,3.197002,3.244000,3.047000,1176.000000,933151908.000000,1424890704.000000,252489728.000000,238931968.000000,1623855104.000000,0.000000,0.000000,0.000800,0.000000,0.000000,0.000000,0.013100,0.000000,0.015500,0.000000,0.000000,0.000000,0.005000,0.001800,0.003200,0.008000,0.000000
1554,5.999826,5.495500,5.507000,5.352200,1176.000000,933151540.000000,1424890704.000000,252489728.000000,238931968.000000,1623855104.000000,0.000000,0.000000,2.224600,0.051600,0.020100,2.078000,0.011900,0.030700,0.012600,0.000500,0.000300,0.000800,0.004600,0.002600,0.003100,0.007400,0.000000
1555,6.002612,2.806498,2.820100,2.686400,1176.000000,933151564.000000,1424890704.000000,252489728.000000,238931968.000000,1623855104.000000,0.000000,0.000000,0.000600,0.000000,0.000000,0.000000,0.012000,0.000000,0.012900,0.000000,0.000000,0.000000,0.004700,0.001700,0.002800,0.007700,0.000000
1556,6.005639,3.024398,3.020600,2.899900,1176.000000,933152012.000000,1424890704.000000,252489728.000000,238931968.000000,1623855104.000000,0.000000,0.000000,0.000700,0.000000,0.000000,0.000000,0.010400,0.000000,0.011800,0.000000,0.000000,0.000000,0.004100,0.001500,0.002700,0.006100,0.000000
1557,6.008892,3.226205,3.209100,3.085200,1176.000000,933152500.000000,1424890704.000000,252489728.000000,238931968.000000,1623855104.000000,0.000000,0.000000,0.000900,0.000000,0.000000,0.000000,0.010100,0.000000,0.011200,0.000000,0.000000,0.000000,0.004100,0.001500,0.002600,0.006900,0.000000
1558,6.011906,3.044196,3.054000,2.919900,1176.000000,933155772.000000,1424890704.000000,252489728.000000,238936064.000000,1623855104.000000,0.000000,0.000000,0.000600,0.000000,0.000000,0.000000,0.011400,0.000000,0.012400,0.000000,0.000000,0.000000,0.005200,0.001700,0.002800,0.007000,0.000000
1559,6.017266,5.297201,5.276000,5.145000,1176.000000,933155820.000000,1424890704.000000,252489728.000000,238936064.000000,1623855104.000000,0.000000,0.000000,2.179900,0.048600,0.020100,2.042500,0.010800,0.028000,0.012700,0.000500,0.000200,0.001200,0.004500,0.002700,0.002400,0.009000,0.000000
1560,6.020631,3.369699,3.358000,3.210200,1176.000000,933160364.000000,1424890704.000000,252489728.000000,238940160.000000,1623855104.000000,0.000000,0.000000,0.001000,0.000000,0.000000,0.000000,0.013100,0.000000,0.012800,0.000000,0.000000,0.000000,0.004900,0.001800,0.003000,0.007200,0.000000
1561,6.023979,3.333801,3.312400,3.156100,1176.000000,933159988.000000,1424890704.000000,252489728.000000,238940160.000000,1623855104.000000,0.000000,0.000000,0.000600,0.000000,0.000000,0.000000,0.013300,0.000000,0.013300,0.000000,0.000000,0.000000,0.005200,0.002300,0.003700,0.007800,0.000000
1562,6.027044,3.124596,3.159600,2.996600,1176.000000,933159988.000000,1424890704.000000,252489728.000000,238940160.000000,1623855104.000000,0.000000,0.000000,0.000800,0.000000,0.000000,0.000000,0.013700,0.000000,0.014800,0.000000,0.000000,0.000000,0.006000,0.003100,0.003000,0.009700,0.000000
1563,6.032156,5.118105,5.110000,4.981200,1176.000000,933169372.000000,1424890704.000000,252489728.000000,238944256.000000,1623855104.000000,0.000000,0.000000,2.115600,0.054800,0.022400,1.971300,0.010700,0.028000,0.013900,0.000500,0.000300,0.000700,0.004200,0.002700,0.002700,0.007800,0.000000
1564,6.035420,3.230095,3.190900,3.044000,1176.000000,933183332.000000,1424890704.000000,252489728.000000,238944256.000000,1623855104.000000,0.000000,0.000000,0.000600,0.000000,0.000000,0.000000,0.010500,0.000000,0.013100,0.000000,0.000000,0.000000,0.004000,0.001600,0.002700,0.006700,0.000000
1565,6.038586,3.183206,3.212800,3.050500,1176.000000,933171236.000000,1424890704.000000,252489728.000000,238944256.000000,1623855104.000000,0.000000,0.000000,0.000700,0.000000,0.000000,0.000000,0.010400,0.000000,0.012400,0.000000,0.000000,0.000000,0.004000,0.001700,0.002600,0.007200,0.000000
1566,6.041662,3.071400,3.059100,2.920900,1176.000000,933168620.000000,1424890704.000000,252489728.000000,238944256.000000,1623855104.000000,0.000000,0.000000,0.000700,0.000000,0.000000,0.000000,0.011200,0.000000,0.012400,0.000000,0.000000,0.000000,0.004500,0.002100,0.002600,0.007600,0.000000
1567,6.044809,3.146896,3.121700,2.974100,1176.000000,933164188.000000,1424890704.000000,252489728.000000,238944256.000000,1623855104.000000,0.000000,0.000000,0.000900,0.000000,0.000000,0.000000,0.010900,0.000000,0.011800,0.000000,0.000000,0.000000,0.004900,0.002000,0.003100,0.006700,0.000000
1568,6.050452,5.632901,5.650500,5.486500,1176.000000,933164636.000000,1424890704.000000,252489728.000000,238944256.000000,1623855104.000000,0.000000,0.000000,2.298800,0.048300,0.020600,2.163400,0.011100,0.027100,0.011000,0.000600,0.000200,0.000500,0.005000,0.002400,0.002900,0.006300,0.000000
1569,6.053494,3.020203,3.013700,2.868700,1176.000000,933168332.000000,1424890704.000000,252489728.000000,238948352.000000,1623855104.000000,0.000000,0.000000,0.001000,0.000000,0.000000,0.000000,0.012900,0.000000,0.011600,0.000000,0.000000,0.000000,0.004900,0.001900,0.003100,0.006800,0.000000
1570,6.056593,3.153196,3.165700,3.022300,1176.000000,933168356.000000,1424890704.000000,252489728.000000,238948352.000000,1623855104.000000,0.000000,0.000000,0.000800,0.000000,0.000000,0.000000,0.012000,0.000000,0.012900,0.000000,0.000000,0.000000,0.005000,0.002300,0.003100,0.007500,0.000000
1571,6.059802,3.195302,3.187500,3.058600,1176.000000,933168380.000000,1424890704.000000,252489728.000000,238948352.000000,1623855104.000000,0.000000,0.000000,0.000800,0.000000,0.000000,0.000000,0.011000,0.000000,0.011900,0.000000,0.000000,0.000000,0.004100,0.001900,0.002000,0.005900,0.000000
1572,6.062710,2.921202,2.924100,2.793500,1176.000000,933168828.000000,1424890704.000000,252489728.000000,238948352.000000,1623855104.000000,0.000000,0.000000,0.000700,0.000000,0.000000,0.000000,0.011400,0.000000,0.011800,0.000000,0.000000,0.000000,0.004400,0.001800,0.002700,0.006900,0.000000
1573,6.067849,5.111295,5.051000,4.912600,1176.000000,933173372.000000,1424890704.000000,252489728.000000,238952448.000000,1623855104.000000,0.000000,0.000000,2.122900,0.048900,0.019100,1.985200,0.010300,0.029100,0.011100,0.000500,0.000200,0.000700,0.004500,0.002600,0.002300,0.007100,0.000000
1574,6.070854,3.020904,3.065200,2.881700,1176.000000,933172548.000000,1424890704.000000,252489728.000000,238952448.000000,1623855104.000000,0.000000,0.000000,0.000700,0.000000,0.000000,0.000000,0.011600,0.000000,0.012000,0.000000,0.000000,0.000000,0.004500,0.001800,0.003000,0.006700,0.000000
1575,6.073849,2.976899,2.964400,2.830800,1176.000000,933177092.000000,1424890704.000000,252489728.000000,238956544.000000,1623855104.000000,0.000000,0.000000,0.000600,0.000000,0.000000,0.000000,0.011200,0.000000,0.014200,0.000000,0.000000,0.000000,0.004000,0.001600,0.002500,0.007100,0.000000
1576,6.076560,2.761898,2.790300,2.651100,1228.000000,933177132.000000,1424890704.000000,252489728.000000,238956544.000000,1623855104.000000,0.000000,0.000000,0.000800,0.000000,0.000000,0.000000,0.011300,0.000000,0.013500,0.000000,0.000000,0.000000,0.004800,0.001900,0.002600,0.007400,0.000000
1577,6.079712,3.078904,3.050100,2.930100,1176.000000,933176740.000000,1424890704.000000,252489728.000000,238956544.000000,1623855104.000000,0.000000,0.000000,0.000600,0.000000,0.000000,0.000000,0.009700,0.000000,0.011900,0.000000,0.000000,0.000000,0.003900,0.001500,0.002700,0.006400,0.000000
1578,6.085881,6.158695,6.131000,5.983100,1176.000000,933176740.000000,1424890704.000000,252489728.000000,238956544.000000,1623855104.000000,0.000000,0.000000,2.362900,0.049900,0.020900,2.222400,0.012600,0.028600,0.012200,0.000600,0.000300,0.000700,0.004700,0.002600,0.002500,0.006400,0.000000
1579,6.089157,3.294402,3.309100,3.145900,1176.000000,933176788.000000,1424890704.000000,252489728.000000,238956544.000000,1623855104.000000,0.000000,0.000000,0.000800,0.000000,0.000000,0.000000,0.014900,0.000000,0.013600,0.000000,0.000000,0.000000,0.005500,0.002200,0.003100,0.008200,0.000000
1580,6.092223,3.120699,3.138900,2.998000,1176.000000,933195244.000000,1424890704.000000,252489728.000000,238960640.000000,1623855104.000000,0.000000,0.000000,0.000900,0.000000,0.000000,0.000000,0.012700,0.000000,0.013500,0.000000,0.000000,0.000000,0.004900,0.002300,0.003200,0.007600,0.000000
1581,6.095563,3.283603,3.230800,3.096500,1176.000000,933183148.000000,1424890704.000000,252489728.000000,238960640.000000,1623855104.000000,0.000000,0.000000,0.000600,0.000000,0.000000,0.000000,0.009700,0.000000,0.026200,0.000000,0.000000,0.000000,0.004300,0.002200,0.002700,0.006700,0.000000
1582,6.101666,6.126396,6.153000,5.980500,1176.000000,933180532.000000,1424890704.000000,252489728.000000,238960640.000000,1623855104.000000,0.000000,0.000000,2.824800,0.062900,0.020900,2.676300,0.011800,0.023400,0.012500,0.000600,0.000300,0.000900,0.004900,0.002400,0.003500,0.008300,0.000000
1583,6.104805,3.140200,3.145000,3.004100,1176.000000,933180572.000000,1424890704.000000,252489728.000000,238960640.000000,1623855104.000000,0.000000,0.000000,0.000600,0.000000,0.000000,0.000000,0.012300,0.000000,0.012100,0.000000,0.000000,0.000000,0.004600,0.001800,0.002800,0.007000,0.000000
1584,6.107564,2.779103,2.796600,2.668800,1176.000000,933181020.000000,1424890704.000000,252489728.000000,238960640.000000,1623855104.000000,0.000000,0.000000,0.000500,0.000000,0.000000,0.000000,0.011600,0.000000,0.012700,0.000000,0.000000,0.000000,0.004700,0.001900,0.002900,0.006300,0.000000
1585,6.110890,3.279202,3.224800,3.097200,1176.000000,933184716.000000,1424890704.000000,252489728.000000,238964736.000000,1623855104.000000,0.000000,0.000000,0.000500,0.000000,0.000000,0.000000,0.009700,0.000000,0.011400,0.000000,0.000000,0.000000,0.004300,0.002200,0.002200,0.006100,0.000000
1586,6.116321,5.428500,5.445100,5.278000,1176.000000,933189684.000000,1424890704.000000,252489728.000000,238968832.000000,1623855104.000000,0.000000,0.000000,2.158700,0.059400,0.020100,2.011300,0.012500,0.024000,0.011200,0.000700,0.000400,0.000400,0.004700,0.002600,0.002800,0.007100,0.000000
1587,6.119427,3.131796,3.136400,2.994700,1176.000000,933189708.000000,1424890704.000000,252489728.000000,238968832.000000,1623855104.000000,0.000000,0.000000,0.000800,0.000000,0.000000,0.000000,0.012600,0.000000,0.012600,0.000000,0.000000,0.000000,0.005700,0.001700,0.003200,0.005700,0.000000
1588,6.122361,2.971301,2.982600,2.850400,1176.000000,933190156.000000,1424890704.000000,252489728.000000,238968832.000000,1623855104.000000,0.000000,0.000000,0.000400,0.000000,0.000000,0.000000,0.011700,0.000000,0.012000,0.000000,0.000000,0.000000,0.004200,0.001800,0.002300,0.006700,0.000000
1589,6.125674,3.224603,3.177900,3.044700,1176.000000,933190604.000000,1424890704.000000,252489728.000000,238968832.000000,1623855104.000000,0.000000,0.000000,0.000600,0.000000,0.000000,0.000000,0.010100,0.000000,0.011600,0.000000,0.000000,0.000000,0.005000,0.002300,0.002400,0.005700,0.000000
1590,6.128727,3.117694,3.144000,2.984800,1176.000000,933188932.000000,1424890704.000000,252489728.000000,238968832.000000,1623855104.000000,0.000000,0.000000,0.000800,0.000000,0.000000,0.000000,0.014100,0.000000,0.014900,0.000000,0.000000,0.000000,0.005100,0.002200,0.003400,0.008300,0.000000
1591,6.134330,5.569905,5.556700,5.417200,1176.000000,933197148.000000,1424890704.000000,252489728.000000,238977024.000000,1623855104.000000,0.000000,0.000000,2.142100,0.046800,0.021300,2.014500,0.011000,0.022100,0.012100,0.000600,0.000300,0.000600,0.004300,0.002400,0.002300,0.006400,0.000000
1592,6.137093,2.827395,2.854300,2.717800,1176.000000,933197612.000000,1424890704.000000,252489728.000000,238977024.000000,1623855104.000000,0.000000,0.000000,0.000800,0.000000,0.000000,0.000000,0.012600,0.000000,0.012700,0.000000,0.000000,0.000000,0.005100,0.001800,0.002700,0.008100,0.000000
1593,6.140136,2.997201,2.970400,2.854000,1176.000000,933197220.000000,1424890704.000000,252489728.000000,238977024.000000,1623855104.000000,0.000000,0.000000,0.000500,0.000000,0.000000,0.000000,0.009400,0.000000,0.011400,0.000000,0.000000,0.000000,0.003800,0.001600,0.002400,0.006100,0.000000
1594,6.143466,3.283900,3.134500,2.992300,1176.000000,933197220.000000,1424890704.000000,252489728.000000,238977024.000000,1623855104.000000,0.000000,0.000000,0.000900,0.000000,0.000000,0.000000,0.011600,0.000000,0.012900,0.000000,0.000000,0.000000,0.004700,0.001800,0.003000,0.008500,0.000000
1595,6.148651,5.234999,5.355600,5.074400,1176.000000,933197300.000000,1424890704.000000,252489728.000000,238977024.000000,1623855104.000000,0.000000,0.000000,2.080800,0.045900,0.020000,1.951000,0.013100,0.022300,0.012900,0.000600,0.000300,0.000500,0.007500,0.002600,0.004100,0.006500,0.000000
1596,6.151676,3.041405,3.068600,2.911900,1176.000000,933211660.000000,1424890704.000000,252489728.000000,238977024.000000,1623855104.000000,0.000000,0.000000,0.000700,0.000000,0.000000,0.000000,0.013100,0.000000,0.012200,0.000000,0.000000,0.000000,0.004000,0.002100,0.002800,0.007700,0.000000
1597,6.154791,3.084899,3.080500,2.952300,1176.000000,933204212.000000,1424890704.000000,252489728.000000,238981120.000000,1623855104.000000,0.000000,0.000000,0.000600,0.000000,0.000000,0.000000,0.010400,0.000000,0.014900,0.000000,0.000000,0.000000,0.004200,0.002000,0.002300,0.006600,0.000000
1598,6.157712,2.954698,2.960200,2.831900,1176.000000,933205268.000000,1424890704.000000,252489728.000000,238985216.000000,1623855104.000000,0.000000,0.000000,0.000700,0.000000,0.000000,0.000000,0.010600,0.000000,0.012900,0.000000,0.000000,0.000000,0.004900,0.002000,0.002600,0.007800,0.000000
1599,6.160983,3.249405,3.229600,3.104500,1176.000000,933205308.000000,1424890704.000000,252489728.000000,238985216.000000,1623855104.000000,0.000000,0.000000,0.000700,0.000000,0.000000,0.000000,0.010600,0.000000,0.011600,0.000000,0.000000,0.000000,0.004600,0.001700,0.002400,0.007000,0.000000
1600,6.166409,5.421896,5.410500,5.269800,1176.000000,933205900.000000,1424890704.000000,252489728.000000,238985216.000000,1623855104.000000,0.000000,0.000000,2.066700,0.046100,0.019200,1.943500,0.011000,0.020200,0.037000,0.000500,0.000200,0.000500,0.004300,0.008600,0.002700,0.008200,0.000000
1601,6.169578,3.168304,3.139200,2.973900,1176.000000,933205484.000000,1424890704.000000,252489728.000000,238985216.000000,1623855104.000000,0.000000,0.000000,0.000700,0.000000,0.000000,0.000000,0.012000,0.000000,0.011600,0.000000,0.000000,0.000000,0.005100,0.001700,0.003100,0.007200,0.000000
1602,6.172445,2.887798,2.920000,2.758200,1176.000000,933205508.000000,1424890704.000000,252489728.000000,238985216.000000,1623855104.000000,0.000000,0.000000,0.000500,0.000000,0.000000,0.000000,0.010900,0.000000,0.012200,0.000000,0.000000,0.000000,0.003600,0.001900,0.002200,0.006700,0.000000
1603,6.175822,3.328196,3.175800,3.040400,1176.000000,933209628.000000,1424890704.000000,252489728.000000,238989312.000000,1623855104.000000,0.000000,0.000000,0.000800,0.000000,0.000000,0.000000,0.011800,0.000000,0.011400,0.000000,0.000000,0.000000,0.004800,0.002000,0.002400,0.007100,0.000000
1604,6.178731,2.957703,3.108800,2.831400,1176.000000,933210076.000000,1424890704.000000,252489728.000000,238989312.000000,1623855104.000000,0.000000,0.000000,0.000500,0.000000,0.000000,0.000000,0.011700,0.000000,0.012100,0.000000,0.000000,0.000000,0.004700,0.002000,0.003400,0.007000,0.000000
1605,6.183992,5.239498,5.223200,5.090600,1176.000000,933210524.000000,1424890704.000000,252489728.000000,238989312.000000,1623855104.000000,0.000000,0.000000,2.090600,0.048900,0.021000,1.957200,0.011000,0.025100,0.011700,0.000600,0.000400,0.000700,0.004400,0.002600,0.002500,0.007000,0.000000
1606,6.187014,3.058404,3.073700,2.937100,1176.000000,933209700.000000,1424890704.000000,252489728.000000,238989312.000000,1623855104.000000,0.000000,0.000000,0.000700,0.000000,0.000000,0.000000,0.013600,0.000000,0.012400,0.000000,0.000000,0.000000,0.004800,0.002300,0.002900,0.006400,0.000000
1607,6.190297,3.245600,3.223700,3.099200,1176.000000,933209724.000000,1424890704.000000,252489728.000000,238989312.000000,1623855104.000000,0.000000,0.000000,0.000500,0.000000,0.000000,0.000000,0.010500,0.000000,0.011400,0.000000,0.000000,0.000000,0.004200,0.001600,0.002300,0.006800,0.000000
1608,6.193144,2.865398,2.879100,2.740100,1176.000000,933214284.000000,1424890704.000000,252489728.000000,238993408.000000,1623855104.000000,0.000000,0.000000,0.000800,0.000000,0.000000,0.000000,0.011600,0.000000,0.012900,0.000000,0.000000,0.000000,0.004900,0.001900,0.003400,0.007000,0.000000
1609,6.196084,2.934304,2.927600,2.803500,1176.000000,933214316.000000,1424890704.000000,252489728.000000,238993408.000000,1623855104.000000,0.000000,0.000000,0.000800,0.000000,0.000000,0.000000,0.009900,0.000000,0.014300,0.000000,0.000000,0.000000,0.004300,0.002100,0.002900,0.007300,0.000000
1610,6.201269,5.202495,5.172200,5.043800,1176.000000,933214436.000000,1424890704.000000,252489728.000000,238993408.000000,1623855104.000000,0.000000,0.000000,2.041000,0.045000,0.020800,1.913500,0.010100,0.022700,0.011800,0.000600,0.000200,0.000800,0.004100,0.002300,0.002400,0.006400,0.000000
1611,6.204310,3.024702,3.044800,2.887000,1176.000000,933218580.000000,1424890704.000000,252489728.000000,238997504.000000,1623855104.000000,0.000000,0.000000,0.000600,0.000000,0.000000,0.000000,0.011400,0.000000,0.011800,0.000000,0.000000,0.000000,0.004300,0.001600,0.002600,0.007500,0.000000
1612,6.207151,2.873002,2.873300,2.747300,1176.000000,933232940.000000,1424890704.000000,252489728.000000,238997504.000000,1623855104.000000,0.000000,0.000000,0.000600,0.000000,0.000000,0.000000,0.011100,0.000000,0.012000,0.000000,0.000000,0.000000,0.004000,0.001800,0.002400,0.007100,0.000000
1613,6.210301,3.124001,3.114600,2.986600,1176.000000,933220844.000000,1424890704.000000,252489728.000000,238997504.000000,1623855104.000000,0.000000,0.000000,0.000600,0.000000,0.000000,0.000000,0.010200,0.000000,0.012200,0.000000,0.000000,0.000000,0.003900,0.002300,0.002400,0.006600,0.000000
1614,6.215863,5.515299,5.497200,5.359600,1176.000000,933221900.000000,1424890704.000000,252489728.000000,239001600.000000,1623855104.000000,0.000000,0.000000,2.209000,0.049000,0.019100,2.074100,0.010800,0.027300,0.012200,0.000600,0.000200,0.000500,0.004100,0.003500,0.003100,0.006500,0.000000
1615,6.218997,3.164101,3.170300,3.019900,1176.000000,933221940.000000,1424890704.000000,252489728.000000,239001600.000000,1623855104.000000,0.000000,0.000000,0.000600,0.000000,0.000000,0.000000,0.013500,0.000000,0.012500,0.000000,0.000000,0.000000,0.004400,0.002100,0.002500,0.007300,0.000000
1616,6.221890,2.908900,2.910400,2.767800,1176.000000,933222404.000000,1424890704.000000,252489728.000000,239001600.000000,1623855104.000000,0.000000,0.000000,0.000600,0.000000,0.000000,0.000000,0.011600,0.000000,0.012600,0.000000,0.000000,0.000000,0.004900,0.002100,0.002700,0.008300,0.000000
1617,6.225256,3.335098,3.319300,3.178900,1176.000000,933221988.000000,1424890704.000000,252489728.000000,239001600.000000,1623855104.000000,0.000000,0.000000,0.000900,0.000000,0.000000,0.000000,0.010700,0.000000,0.011300,0.000000,0.000000,0.000000,0.003800,0.001800,0.002600,0.007000,0.000000
1618,6.228472,3.147399,3.118000,2.958000,1176.000000,933222012.000000,1424890704.000000,252489728.000000,239001600.000000,1623855104.000000,0.000000,0.000000,0.000700,0.000000,0.000000,0.000000,0.012300,0.000000,0.013600,0.000000,0.000000,0.000000,0.005200,0.002100,0.002900,0.007800,0.000000
1619,6.234574,6.152799,6.175000,6.004200,1176.000000,933226556.000000,1424890704.000000,252489728.000000,239005696.000000,1623855104.000000,0.000000,0.000000,2.847800,0.058300,0.022200,2.689900,0.015800,0.028700,0.013900,0.000900,0.000400,0.000800,0.005400,0.002500,0.003400,0.008200,0.000000
1620,6.237568,3.026899,3.037400,2.893300,1176.000000,933226580.000000,1424890704.000000,252489728.000000,239005696.000000,1623855104.000000,0.000000,0.000000,0.000600,0.000000,0.000000,0.000000,0.015600,0.000000,0.014100,0.000000,0.000000,0.000000,0.004900,0.002000,0.003000,0.007100,0.000000
1621,6.240788,3.187004,3.169300,3.034700,1176.000000,933227028.000000,1424890704.000000,252489728.000000,239005696.000000,1623855104.000000,0.000000,0.000000,0.000800,0.000000,0.000000,0.000000,0.011600,0.000000,0.012500,0.000000,0.000000,0.000000,0.004900,0.001900,0.003400,0.007400,0.000000
1622,6.243851,3.101800,3.102100,2.958300,1176.000000,933226204.000000,1424890704.000000,252489728.000000,239005696.000000,1623855104.000000,0.000000,0.000000,0.001000,0.000000,0.000000,0.000000,0.011300,0.000000,0.012300,0.000000,0.000000,0.000000,0.016200,0.002100,0.003100,0.009100,0.000000
1623,6.249696,5.786097,5.572800,5.421000,1176.000000,933226228.000000,1424890704.000000,252489728.000000,239005696.000000,1623855104.000000,0.000000,0.000000,2.103400,0.050900,0.022100,1.970400,0.012300,0.021700,0.012700,0.000600,0.000300,0.000500,0.005500,0.002300,0.002500,0.008000,0.000000
1624,6.252626,3.017999,3.218600,2.878400,1176.000000,933230788.000000,1424890704.000000,252489728.000000,239009792.000000,1623855104.000000,0.000000,0.000000,0.000800,0.000000,0.000000,0.000000,0.016700,0.000000,0.013900,0.000000,0.000000,0.000000,0.006000,0.002200,0.003300,0.008700,0.000000
1625,6.255788,3.122499,3.131100,2.985300,1176.000000,933234620.000000,1424890704.000000,252489728.000000,239013888.000000,1623855104.000000,0.000000,0.000000,0.000800,0.000000,0.000000,0.000000,0.010500,0.000000,0.011700,0.000000,0.000000,0.000000,0.004300,0.002000,0.002600,0.005500,0.000000
1626,6.258864,3.053104,3.038300,2.900400,1176.000000,933234620.000000,1424890704.000000,252489728.000000,239013888.000000,1623855104.000000,0.000000,0.000000,0.001000,0.000000,0.000000,0.000000,0.010400,0.000000,0.013200,0.000000,0.000000,0.000000,0.004900,0.001800,0.002400,0.006500,0.000000
1627,6.261799,3.007901,3.032300,2.894800,1176.000000,933234668.000000,1424890704.000000,252489728.000000,239013888.000000,1623855104.000000,0.000000,0.000000,0.000700,0.000000,0.000000,0.000000,0.014300,0.000000,0.013600,0.000000,0.000000,0.000000,0.005000,0.003200,0.002600,0.007700,0.000000
1628,6.266996,5.168899,5.147500,5.029800,1176.000000,933249108.000000,1424890704.000000,252489728.000000,239013888.000000,1623855104.000000,0.000000,0.000000,2.139500,0.049100,0.019800,2.000600,0.009900,0.031100,0.013200,0.000600,0.000200,0.000800,0.004000,0.002500,0.002600,0.007000,0.000000
1629,6.270271,3.267297,3.263300,3.126200,1176.000000,933237012.000000,1424890704.000000,252489728.000000,239013888.000000,1623855104.000000,0.000000,0.000000,0.000600,0.000000,0.000000,0.000000,0.011200,0.000000,0.012000,0.000000,0.000000,0.000000,0.004100,0.001800,0.002600,0.006500,0.000000
1630,6.273106,2.852204,2.856100,2.724500,1176.000000,933234396.000000,1424890704.000000,252489728.000000,239013888.000000,1623855104.000000,0.000000,0.000000,0.000700,0.000000,0.000000,0.000000,0.010800,0.000000,0.012000,0.000000,0.000000,0.000000,0.004400,0.001900,0.002800,0.008100,0.000000
1631,6.276117,2.992396,2.981800,2.838400,1176.000000,933238956.000000,1424890704.000000,252489728.000000,239017984.000000,1623855104.000000,0.000000,0.000000,0.000600,0.000000,0.000000,0.000000,0.009800,0.000000,0.013600,0.000000,0.000000,0.000000,0.003600,0.001800,0.001900,0.006600,0.000000
1632,6.279176,3.070302,3.074900,2.939500,1228.000000,933238996.000000,1424890704.000000,252489728.000000,239017984.000000,1623855104.000000,0.000000,0.000000,0.000700,0.000000,0.000000,0.000000,0.011100,0.000000,0.013400,0.000000,0.000000,0.000000,0.004800,0.001300,0.002500,0.006900,0.000000
1633,6.284729,5.500503,5.485400,5.352700,1176.000000,933238580.000000,1424890704.000000,252489728.000000,239017984.000000,1623855104.000000,0.000000,0.000000,2.228200,0.050800,0.019900,2.083900,0.010300,0.031500,0.011200,0.000600,0.000200,0.000600,0.003500,0.002500,0.002100,0.007000,0.000000
1634,6.287774,3.051495,3.049900,2.906100,1176.000000,933238604.000000,1424890704.000000,252489728.000000,239017984.000000,1623855104.000000,0.000000,0.000000,0.000700,0.000000,0.000000,0.000000,0.014200,0.000000,0.013300,0.000000,0.000000,0.000000,0.005600,0.002500,0.003000,0.008700,0.000000
1635,6.291101,3.342999,3.333500,3.190400,1176.000000,933238628.000000,1424890704.000000,252489728.000000,239017984.000000,1623855104.000000,0.000000,0.000000,0.000600,0.000000,0.000000,0.000000,0.012300,0.000000,0.014300,0.000000,0.000000,0.000000,0.006200,0.002700,0.002900,0.008500,0.000000
1636,6.294463,3.318601,3.256300,3.103000,1176.000000,933247268.000000,1424890704.000000,252489728.000000,239026176.000000,1623855104.000000,0.000000,0.000000,0.000600,0.000000,0.000000,0.000000,0.011800,0.000000,0.013100,0.000000,0.000000,0.000000,0.004400,0.002200,0.002100,0.006800,0.000000
1637,6.300571,6.137401,6.184400,5.982000,1176.000000,933252188.000000,1424890704.000000,252489728.000000,239026176.000000,1623855104.000000,0.000000,0.000000,2.654000,0.059700,0.025000,2.490600,0.016400,0.035400,0.011600,0.000500,0.000200,0.000700,0.005100,0.002500,0.003100,0.007500,0.000000
1638,6.303628,3.098002,3.087900,2.936800,1176.000000,933251364.000000,1424890704.000000,252489728.000000,239026176.000000,1623855104.000000,0.000000,0.000000,0.000700,0.000000,0.000000,0.000000,0.014500,0.000000,0.013200,0.000000,0.000000,0.000000,0.005100,0.002300,0.003500,0.007700,0.000000
1639,6.306605,3.011402,3.050700,2.897400,1176.000000,933251388.000000,1424890704.000000,252489728.000000,239026176.000000,1623855104.000000,0.000000,0.000000,0.000800,0.000000,0.000000,0.000000,0.011300,0.000000,0.012800,0.000000,0.000000,0.000000,0.004400,0.001900,0.002700,0.007500,0.000000
1640,6.309534,2.898399,2.881700,2.753300,1176.000000,933251852.000000,1424890704.000000,252489728.000000,239026176.000000,1623855104.000000,0.000000,0.000000,0.000700,0.000000,0.000000,0.000000,0.008700,0.000000,0.011600,0.000000,0.000000,0.000000,0.003500,0.001600,0.002700,0.006600,0.000000
1641,6.312330,2.826601,2.835000,2.713300,1176.000000,933246988.000000,1424890704.000000,252489728.000000,239026176.000000,1623855104.000000,0.000000,0.000000,0.000700,0.000000,0.000000,0.000000,0.010100,0.000000,0.013800,0.000000,0.000000,0.000000,0.004400,0.002000,0.002700,0.007300,0.000000
1642,6.317373,4.982200,4.963400,4.843100,1176.000000,933251508.000000,1424890704.000000,252489728.000000,239030272.000000,1623855104.000000,0.000000,0.000000,2.113000,0.046100,0.017800,1.979900,0.009400,0.032100,0.011600,0.000600,0.000200,0.000600,0.003900,0.002300,0.002800,0.007000,0.000000
1643,6.320654,3.293998,3.285200,3.150700,1176.000000,933251556.000000,1424890704.000000,252489728.000000,239030272.000000,1623855104.000000,0.000000,0.000000,0.000700,0.000000,0.000000,0.000000,0.011600,0.000000,0.011800,0.000000,0.000000,0.000000,0.004500,0.001600,0.002900,0.006200,0.000000
1644,6.323620,2.980697,2.980800,2.843200,1176.000000,933265916.000000,1424890704.000000,252489728.000000,239030272.000000,1623855104.000000,0.000000,0.000000,0.000700,0.000000,0.000000,0.000000,0.011200,0.000000,0.012800,0.000000,0.000000,0.000000,0.004300,0.001800,0.002800,0.005700,0.000000
1645,6.326610,3.013605,3.024100,2.893000,1176.000000,933253820.000000,1424890704.000000,252489728.000000,239030272.000000,1623855104.000000,0.000000,0.000000,0.000700,0.000000,0.000000,0.000000,0.011500,0.000000,0.013900,0.000000,0.000000,0.000000,0.004600,0.002000,0.002500,0.007400,0.000000
1646,6.329797,3.158695,3.136500,3.015500,1176.000000,933250780.000000,1424890704.000000,252489728.000000,239030272.000000,1623855104.000000,0.000000,0.000000,0.000600,0.000000,0.000000,0.000000,0.009500,0.000000,0.012400,0.000000,0.000000,0.000000,0.003900,0.001600,0.002500,0.006600,0.000000
1647,6.335812,5.969303,5.958300,5.812400,1176.000000,933254916.000000,1424890704.000000,252489728.000000,239034368.000000,1623855104.000000,0.000000,0.000000,2.597800,0.048300,0.020100,2.461600,0.011400,0.026700,0.012300,0.000500,0.000200,0.000800,0.004500,0.003000,0.002800,0.006900,0.000000
1648,6.338762,2.991901,3.003000,2.856600,1176.000000,933255380.000000,1424890704.000000,252489728.000000,239034368.000000,1623855104.000000,0.000000,0.000000,0.000700,0.000000,0.000000,0.000000,0.012900,0.000000,0.012600,0.000000,0.000000,0.000000,0.005100,0.002100,0.003200,0.008100,0.000000
1649,6.341664,2.932802,2.939300,2.810800,1176.000000,933259060.000000,1424890704.000000,252489728.000000,239038464.000000,1623855104.000000,0.000000,0.000000,0.000600,0.000000,0.000000,0.000000,0.011100,0.000000,0.011700,0.000000,0.000000,0.000000,0.004600,0.002100,0.002800,0.007300,0.000000
1650,6.344922,3.201701,3.171100,3.040500,1176.000000,933259084.000000,1424890704.000000,252489728.000000,239038464.000000,1623855104.000000,0.000000,0.000000,0.000600,0.000000,0.000000,0.000000,0.012100,0.000000,0.011700,0.000000,0.000000,0.000000,0.003900,0.001700,0.002500,0.005500,0.000000
1651,6.350456,5.545996,5.551700,5.400500,1176.000000,933259108.000000,1424890704.000000,252489728.000000,239038464.000000,1623855104.000000,0.000000,0.000000,2.135000,0.063000,0.020600,1.978000,0.012500,0.027100,0.010700,0.000800,0.000400,0.000700,0.004700,0.002100,0.003900,0.006100,0.000000
1652,6.353264,2.849802,2.864700,2.726600,1176.000000,933259556.000000,1424890704.000000,252489728.000000,239038464.000000,1623855104.000000,0.000000,0.000000,0.000700,0.000000,0.000000,0.000000,0.012600,0.000000,0.014200,0.000000,0.000000,0.000000,0.004100,0.001900,0.002800,0.007400,0.000000
1653,6.356288,3.011196,2.988400,2.867100,1176.000000,933264524.000000,1424890704.000000,252489728.000000,239042560.000000,1623855104.000000,0.000000,0.000000,0.000600,0.000000,0.000000,0.000000,0.009500,0.000000,0.012600,0.000000,0.000000,0.000000,0.003900,0.001600,0.002900,0.007100,0.000000
1654,6.359442,3.134205,3.142300,3.001700,1176.000000,933263276.000000,1424890704.000000,252489728.000000,239042560.000000,1623855104.000000,0.000000,0.000000,0.000600,0.000000,0.000000,0.000000,0.010500,0.000000,0.012100,0.000000,0.000000,0.000000,0.004000,0.001400,0.002600,0.006500,0.000000
1655,6.362523,3.081994,3.083900,2.954000,1176.000000,933263300.000000,1424890704.000000,252489728.000000,239042560.000000,1623855104.000000,0.000000,0.000000,0.000600,0.000000,0.000000,0.000000,0.012000,0.000000,0.013200,0.000000,0.000000,0.000000,0.004300,0.001800,0.003000,0.008400,0.000000
1656,6.369186,6.604202,6.563800,6.429100,1176.000000,933263764.000000,1424890704.000000,252489728.000000,239042560.000000,1623855104.000000,0.000000,0.000000,2.946200,0.050500,0.021900,2.798400,0.011200,0.030500,0.012700,0.000600,0.000300,0.000900,0.004800,0.002400,0.003200,0.009600,0.000000
1657,6.372600,3.365802,3.355700,3.183900,1176.000000,933263372.000000,1424890704.000000,252489728.000000,239042560.000000,1623855104.000000,0.000000,0.000000,0.000700,0.000000,0.000000,0.000000,0.016600,0.000000,0.044400,0.000000,0.000000,0.000000,0.006000,0.002400,0.004200,0.008500,0.000000
1658,6.376191,3.648398,3.659900,3.490400,1176.000000,933263372.000000,1424890704.000000,252489728.000000,239042560.000000,1623855104.000000,0.000000,0.000000,0.000600,0.000000,0.000000,0.000000,0.016000,0.000000,0.012200,0.000000,0.000000,0.000000,0.009300,0.001900,0.003500,0.008900,0.000000
1659,6.379673,3.484999,3.479000,3.316500,1176.000000,933267516.000000,1424890704.000000,252489728.000000,239046656.000000,1623855104.000000,0.000000,0.000000,0.000700,0.000000,0.000000,0.000000,0.013100,0.000000,0.014400,0.000000,0.000000,0.000000,0.005400,0.002300,0.003000,0.008000,0.000000
1660,6.385788,6.126105,6.122600,5.965100,1176.000000,933282436.000000,1424890704.000000,252489728.000000,239046656.000000,1623855104.000000,0.000000,0.000000,2.346500,0.051800,0.021300,2.199400,0.013800,0.031000,0.013100,0.000500,0.000300,0.000900,0.004900,0.002600,0.003600,0.008600,0.000000
1661,6.388944,3.123895,3.115900,2.956500,1176.000000,933270340.000000,1424890704.000000,252489728.000000,239046656.000000,1623855104.000000,0.000000,0.000000,0.000700,0.000000,0.000000,0.000000,0.015200,0.000000,0.014300,0.000000,0.000000,0.000000,0.005700,0.002000,0.003300,0.007900,0.000000
1662,6.392056,3.207703,3.240300,3.087900,1176.000000,933271820.000000,1424890704.000000,252489728.000000,239050752.000000,1623855104.000000,0.000000,0.000000,0.000800,0.000000,0.000000,0.000000,0.014100,0.000000,0.017000,0.000000,0.000000,0.000000,0.005400,0.003200,0.003000,0.007700,0.000000
1663,6.395585,3.454202,3.426000,3.296600,1176.000000,933271860.000000,1424890704.000000,252489728.000000,239050752.000000,1623855104.000000,0.000000,0.000000,0.000800,0.000000,0.000000,0.000000,0.010700,0.000000,0.011300,0.000000,0.000000,0.000000,0.004600,0.001400,0.002700,0.006900,0.000000
1664,6.401172,5.621599,5.623400,5.471800,1176.000000,933276420.000000,1424890704.000000,252489728.000000,239054848.000000,1623855104.000000,0.000000,0.000000,2.238200,0.051400,0.020000,2.091600,0.013000,0.030100,0.012500,0.000600,0.000200,0.000700,0.005300,0.002600,0.003400,0.007600,0.000000
1665,6.404649,3.392198,3.259900,3.117200,1176.000000,933276004.000000,1424890704.000000,252489728.000000,239054848.000000,1623855104.000000,0.000000,0.000000,0.000600,0.000000,0.000000,0.000000,0.012400,0.000000,0.012200,0.000000,0.000000,0.000000,0.005000,0.001800,0.003400,0.006900,0.000000
1666,6.407674,3.146698,3.270100,3.005300,1176.000000,933276028.000000,1424890704.000000,252489728.000000,239054848.000000,1623855104.000000,0.000000,0.000000,0.000900,0.000000,0.000000,0.000000,0.012400,0.000000,0.012900,0.000000,0.000000,0.000000,0.006000,0.002000,0.003300,0.008900,0.000000
1667,6.410984,3.231200,3.237800,3.093100,1176.000000,933276052.000000,1424890704.000000,252489728.000000,239054848.000000,1623855104.000000,0.000000,0.000000,0.000600,0.000000,0.000000,0.000000,0.011000,0.000000,0.012200,0.000000,0.000000,0.000000,0.004200,0.001800,0.002500,0.006100,0.000000
1668,6.416742,5.793105,5.784500,5.647500,1176.000000,933276076.000000,1424890704.000000,252489728.000000,239054848.000000,1623855104.000000,0.000000,0.000000,2.606700,0.050300,0.020200,2.460700,0.011100,0.032600,0.012200,0.000600,0.000200,0.000900,0.004700,0.002900,0.002900,0.008100,0.000000
1669,6.419901,3.185799,3.182900,3.043500,1176.000000,933276524.000000,1424890704.000000,252489728.000000,239054848.000000,1623855104.000000,0.000000,0.000000,0.000700,0.000000,0.000000,0.000000,0.011800,0.000000,0.011700,0.000000,0.000000,0.000000,0.005300,0.001700,0.003000,0.006700,0.000000
1670,6.422981,3.071896,3.078900,2.937200,1176.000000,933279796.000000,1424890704.000000,252489728.000000,239058944.000000,1623855104.000000,0.000000,0.000000,0.000700,0.000000,0.000000,0.000000,0.011300,0.000000,0.012400,0.000000,0.000000,0.000000,0.004200,0.001700,0.003200,0.008100,0.000000
1671,6.426042,3.047499,3.036200,2.903000,1176.000000,933279820.000000,1424890704.000000,252489728.000000,239058944.000000,1623855104.000000,0.000000,0.000000,0.000600,0.000000,0.000000,0.000000,0.010700,0.000000,0.012000,0.000000,0.000000,0.000000,0.005300,0.001600,0.003000,0.006600,0.000000
1672,6.429465,3.398306,3.377900,3.235200,1176.000000,933280284.000000,1424890704.000000,252489728.000000,239058944.000000,1623855104.000000,0.000000,0.000000,0.000700,0.000000,0.000000,0.000000,0.011800,0.000000,0.013100,0.000000,0.000000,0.000000,0.004600,0.002000,0.003300,0.019600,0.000000
1673,6.435207,5.721797,5.673800,5.494600,1176.000000,933279892.000000,1424890704.000000,252489728.000000,239058944.000000,1623855104.000000,0.000000,0.000000,2.170200,0.048700,0.021300,2.037500,0.013800,0.023100,0.012600,0.000500,0.000400,0.000900,0.005200,0.002800,0.003400,0.008500,0.000000
1674,6.438223,3.071698,3.129800,2.936200,1176.000000,933279892.000000,1424890704.000000,252489728.000000,239058944.000000,1623855104.000000,0.000000,0.000000,0.000800,0.000000,0.000000,0.000000,0.015600,0.000000,0.012900,0.000000,0.000000,0.000000,0.005500,0.002000,0.003800,0.008400,0.000000
1675,6.441356,3.147102,3.135900,2.998500,1176.000000,933288556.000000,1424890704.000000,252489728.000000,239067136.000000,1623855104.000000,0.000000,0.000000,0.000700,0.000000,0.000000,0.000000,0.010800,0.000000,0.014700,0.000000,0.000000,0.000000,0.004500,0.001900,0.003500,0.006900,0.000000
1676,6.444610,3.232001,3.225600,3.077000,1176.000000,933306588.000000,1424890704.000000,252489728.000000,239071232.000000,1623855104.000000,0.000000,0.000000,0.000700,0.000000,0.000000,0.000000,0.011000,0.000000,0.013700,0.000000,0.000000,0.000000,0.005000,0.001900,0.003100,0.007800,0.000000
1677,6.451002,6.370599,6.354700,6.202900,1176.000000,933294492.000000,1424890704.000000,252489728.000000,239071232.000000,1623855104.000000,0.000000,0.000000,2.769600,0.049700,0.020700,2.626600,0.012400,0.029800,0.014100,0.000700,0.000300,0.000700,0.005300,0.002700,0.003200,0.008000,0.000000
1678,6.454174,3.159297,3.164000,3.004900,1176.000000,933291876.000000,1424890704.000000,252489728.000000,239071232.000000,1623855104.000000,0.000000,0.000000,0.000700,0.000000,0.000000,0.000000,0.014900,0.000000,0.013200,0.000000,0.000000,0.000000,0.005400,0.002200,0.003300,0.008400,0.000000
1679,6.457402,3.252105,3.255100,3.101600,1176.000000,933291916.000000,1424890704.000000,252489728.000000,239071232.000000,1623855104.000000,0.000000,0.000000,0.000500,0.000000,0.000000,0.000000,0.013900,0.000000,0.012800,0.000000,0.000000,0.000000,0.005500,0.002100,0.002500,0.008200,0.000000
1680,6.461009,3.539498,3.468100,3.313200,1176.000000,933292380.000000,1424890704.000000,252489728.000000,239071232.000000,1623855104.000000,0.000000,0.000000,0.000800,0.000000,0.000000,0.000000,0.012200,0.000000,0.013200,0.000000,0.000000,0.000000,0.004500,0.002000,0.003600,0.007600,0.000000
1681,6.467062,6.114102,6.162500,5.955000,1176.000000,933296484.000000,1424890704.000000,252489728.000000,239075328.000000,1623855104.000000,0.000000,0.000000,2.652400,0.058000,0.027000,2.475400,0.015800,0.038000,0.012400,0.000600,0.000300,0.000900,0.007000,0.002500,0.003500,0.010000,0.000000
1682,6.470449,3.370600,3.369700,3.209900,1176.000000,933296508.000000,1424890704.000000,252489728.000000,239075328.000000,1623855104.000000,0.000000,0.000000,0.000900,0.000000,0.000000,0.000000,0.015800,0.000000,0.012500,0.000000,0.000000,0.000000,0.004900,0.001900,0.003200,0.007400,0.000000
1683,6.473632,3.160296,3.156000,2.996100,1176.000000,933296532.000000,1424890704.000000,252489728.000000,239075328.000000,1623855104.000000,0.000000,0.000000,0.000600,0.000000,0.000000,0.000000,0.016300,0.000000,0.090000,0.000000,0.000000,0.000000,0.005300,0.002100,0.003600,0.009000,0.000000
1684,6.476851,3.273406,3.278100,3.122200,1176.000000,933296980.000000,1424890704.000000,252489728.000000,239075328.000000,1623855104.000000,0.000000,0.000000,0.000700,0.000000,0.000000,0.000000,0.013300,0.000000,0.013600,0.000000,0.000000,0.000000,0.005000,0.002000,0.003500,0.018800,0.000000
1685,6.482352,5.485799,5.473900,5.321500,1228.000000,933297428.000000,1424890704.000000,252489728.000000,239075328.000000,1623855104.000000,0.000000,0.000000,2.159900,0.049700,0.019200,2.017600,0.012100,0.030300,0.014700,0.000500,0.000300,0.000800,0.005000,0.002800,0.003200,0.010300,0.000000
1686,6.486042,3.662599,3.657500,3.501000,1176.000000,933296180.000000,1424890704.000000,252489728.000000,239075328.000000,1623855104.000000,0.000000,0.000000,0.000700,0.000000,0.000000,0.000000,0.014000,0.000000,0.014400,0.000000,0.000000,0.000000,0.005300,0.002200,0.003800,0.008200,0.000000
1687,6.489753,3.657100,3.622000,3.450400,1176.000000,933304396.000000,1424890704.000000,252489728.000000,239083520.000000,1623855104.000000,0.000000,0.000000,0.000700,0.000000,0.000000,0.000000,0.013100,0.000000,0.013800,0.000000,0.000000,0.000000,0.009100,0.002100,0.004300,0.008800,0.000000
1688,6.492924,3.264399,3.300300,3.119700,1176.000000,933304860.000000,1424890704.000000,252489728.000000,239083520.000000,1623855104.000000,0.000000,0.000000,0.000600,0.000000,0.000000,0.000000,0.018200,0.000000,0.014000,0.000000,0.000000,0.000000,0.007600,0.002800,0.004000,0.010600,0.000000
1689,6.496272,3.324596,3.323700,3.175600,1176.000000,933304468.000000,1424890704.000000,252489728.000000,239083520.000000,1623855104.000000,0.000000,0.000000,0.000900,0.000000,0.000000,0.000000,0.011500,0.000000,0.012200,0.000000,0.000000,0.000000,0.004500,0.002100,0.003300,0.007100,0.000000
1690,6.502882,6.482001,6.434100,6.270000,1176.000000,933304468.000000,1424890704.000000,252489728.000000,239083520.000000,1623855104.000000,0.000000,0.000000,2.961100,0.052500,0.021700,2.811600,0.012200,0.029800,0.013200,0.000600,0.000300,0.001000,0.005600,0.002900,0.003200,0.010400,0.000000
1691,6.506753,3.960403,3.906900,3.707800,1176.000000,933304516.000000,1424890704.000000,252489728.000000,239083520.000000,1623855104.000000,0.000000,0.000000,0.001400,0.000000,0.000000,0.000000,0.022700,0.000000,0.015700,0.000000,0.000000,0.000000,0.007900,0.003600,0.004700,0.013500,0.000000
1692,6.511125,4.345798,4.348000,4.104400,1176.000000,933322972.000000,1424890704.000000,252489728.000000,239087616.000000,1623855104.000000,0.000000,0.000000,0.000700,0.000000,0.000000,0.000000,0.016400,0.000000,0.031500,0.000000,0.000000,0.000000,0.006200,0.002600,0.004000,0.009400,0.000000
1693,6.517378,6.236104,6.269700,6.037200,1176.000000,933310876.000000,1424890704.000000,252489728.000000,239087616.000000,1623855104.000000,0.000000,0.000000,2.308000,0.060700,0.029600,2.120500,0.018200,0.039300,0.014700,0.000700,0.000300,0.000900,0.007900,0.002800,0.004300,0.010600,0.000000
1694,6.521371,4.019395,4.026600,3.830300,1176.000000,933308260.000000,1424890704.000000,252489728.000000,239087616.000000,1623855104.000000,0.000000,0.000000,0.001000,0.000000,0.000000,0.000000,0.018600,0.000000,0.014200,0.000000,0.000000,0.000000,0.007000,0.002900,0.003800,0.011100,0.000000
1695,6.525128,3.793700,3.798700,3.617600,1176.000000,933308300.000000,1424890704.000000,252489728.000000,239087616.000000,1623855104.000000,0.000000,0.000000,0.000900,0.000000,0.000000,0.000000,0.016600,0.000000,0.015100,0.000000,0.000000,0.000000,0.007100,0.002900,0.003400,0.010500,0.000000
1696,6.529084,3.962103,3.962100,3.788600,1176.000000,933308764.000000,1424890704.000000,252489728.000000,239087616.000000,1623855104.000000,0.000000,0.000000,0.001000,0.000000,0.000000,0.000000,0.014900,0.000000,0.014600,0.000000,0.000000,0.000000,0.005600,0.002300,0.003400,0.008000,0.000000
1697,6.535607,6.482398,6.462200,6.290800,1176.000000,933308772.000000,1424890704.000000,252489728.000000,239087616.000000,1623855104.000000,0.000000,0.000000,2.361400,0.054300,0.024100,2.198500,0.014100,0.037300,0.013200,0.000600,0.000300,0.000800,0.006100,0.002700,0.003800,0.010700,0.000000
1698,6.539643,4.001701,3.974700,3.774100,1176.000000,933312892.000000,1424890704.000000,252489728.000000,239091712.000000,1623855104.000000,0.000000,0.000000,0.000800,0.000000,0.000000,0.000000,0.020400,0.000000,0.014100,0.000000,0.000000,0.000000,0.006300,0.002300,0.004100,0.008800,0.000000
1699,6.543584,3.949299,3.957900,3.741600,1176.000000,933312916.000000,1424890704.000000,252489728.000000,239091712.000000,1623855104.000000,0.000000,0.000000,0.000700,0.000000,0.000000,0.000000,0.019700,0.000000,0.015300,0.000000,0.000000,0.000000,0.007800,0.003400,0.004000,0.011100,0.000000
1700,6.549935,6.351502,6.337700,6.137100,1176.000000,933317036.000000,1424890704.000000,252489728.000000,239095808.000000,1623855104.000000,0.000000,0.000000,2.311200,0.063400,0.029200,2.135300,0.018100,0.028700,0.013500,0.000800,0.000300,0.000800,0.006500,0.002600,0.004000,0.009500,0.000000
1701,6.553832,3.902997,3.931300,3.731100,1176.000000,933317484.000000,1424890704.000000,252489728.000000,239095808.000000,1623855104.000000,0.000000,0.000000,0.001000,0.000000,0.000000,0.000000,0.021200,0.000000,0.015000,0.000000,0.000000,0.000000,0.007300,0.003300,0.004000,0.011800,0.000000
1702,6.557732,3.912904,3.919100,3.751800,1176.000000,933316660.000000,1424890704.000000,252489728.000000,239095808.000000,1623855104.000000,0.000000,0.000000,0.001100,0.000000,0.000000,0.000000,0.014200,0.000000,0.033500,0.000000,0.000000,0.000000,0.006300,0.002400,0.003800,0.010900,0.000000
1703,6.561537,3.769097,3.716100,3.556000,1176.000000,933320780.000000,1424890704.000000,252489728.000000,239099904.000000,1623855104.000000,0.000000,0.000000,0.000800,0.000000,0.000000,0.000000,0.017500,0.000000,0.013800,0.000000,0.000000,0.000000,0.006500,0.003600,0.003600,0.011600,0.000000
1704,6.567758,6.243601,6.275600,6.070600,1176.000000,933325724.000000,1424890704.000000,252489728.000000,239099904.000000,1623855104.000000,0.000000,0.000000,2.720200,0.063000,0.041400,2.513900,0.014600,0.047300,0.014200,0.000600,0.000300,0.001100,0.009400,0.002600,0.005200,0.011700,0.000000
1705,6.571044,3.388896,3.406300,3.241800,1176.000000,933325332.000000,1424890704.000000,252489728.000000,239099904.000000,1623855104.000000,0.000000,0.000000,0.000900,0.000000,0.000000,0.000000,0.019200,0.000000,0.013000,0.000000,0.000000,0.000000,0.006300,0.002400,0.004000,0.008400,0.000000
1706,6.574521,3.433702,3.417500,3.267100,1176.000000,933325332.000000,1424890704.000000,252489728.000000,239099904.000000,1623855104.000000,0.000000,0.000000,0.000900,0.000000,0.000000,0.000000,0.011600,0.000000,0.013400,0.000000,0.000000,0.000000,0.004700,0.001700,0.003000,0.008300,0.000000
1707,6.578094,3.545699,3.534000,3.367300,1176.000000,933325804.000000,1424890704.000000,252489728.000000,239099904.000000,1623855104.000000,0.000000,0.000000,0.000800,0.000000,0.000000,0.000000,0.013100,0.000000,0.016400,0.000000,0.000000,0.000000,0.005600,0.002300,0.003500,0.009000,0.000000
1708,6.584419,6.337004,6.240600,6.068400,1176.000000,933335292.000000,1424890704.000000,252489728.000000,239099904.000000,1623855104.000000,0.000000,0.000000,2.322500,0.052600,0.021300,2.170800,0.017000,0.031800,0.015400,0.000700,0.000200,0.001400,0.005600,0.002800,0.003500,0.011900,0.000000
1709,6.588397,3.954202,3.865200,3.675300,1176.000000,933327292.000000,1424890704.000000,252489728.000000,239104000.000000,1623855104.000000,0.000000,0.000000,0.000800,0.000000,0.000000,0.000000,0.017800,0.000000,0.016800,0.000000,0.000000,0.000000,0.005300,0.002500,0.003800,0.009200,0.000000
1710,6.592163,3.802296,3.903800,3.640600,1176.000000,933324676.000000,1424890704.000000,252489728.000000,239104000.000000,1623855104.000000,0.000000,0.000000,0.001000,0.000000,0.000000,0.000000,0.016500,0.000000,0.026000,0.000000,0.000000,0.000000,0.006600,0.003100,0.003700,0.011100,0.000000
1711,6.596396,4.222499,4.216600,4.055700,1176.000000,933324716.000000,1424890704.000000,252489728.000000,239104000.000000,1623855104.000000,0.000000,0.000000,0.001100,0.000000,0.000000,0.000000,0.013100,0.000000,0.013400,0.000000,0.000000,0.000000,0.006200,0.002200,0.003400,0.007000,0.000000
1712,6.602115,5.759800,5.763500,5.603900,1176.000000,933325180.000000,1424890704.000000,252489728.000000,239104000.000000,1623855104.000000,0.000000,0.000000,2.371500,0.052700,0.021100,2.217100,0.015100,0.035400,0.012900,0.000500,0.000200,0.000800,0.006000,0.002800,0.003800,0.010000,0.000000
1713,6.605397,3.297003,3.307800,3.154800,1176.000000,933328860.000000,1424890704.000000,252489728.000000,239108096.000000,1623855104.000000,0.000000,0.000000,0.000700,0.000000,0.000000,0.000000,0.011800,0.000000,0.012400,0.000000,0.000000,0.000000,0.004600,0.002100,0.002900,0.007300,0.000000
1714,6.608442,3.056200,3.038100,2.899600,1176.000000,933328884.000000,1424890704.000000,252489728.000000,239108096.000000,1623855104.000000,0.000000,0.000000,0.000500,0.000000,0.000000,0.000000,0.011700,0.000000,0.012500,0.000000,0.000000,0.000000,0.004900,0.002000,0.002900,0.006500,0.000000
1715,6.611783,3.347300,3.340100,3.187100,1176.000000,933333004.000000,1424890704.000000,252489728.000000,239112192.000000,1623855104.000000,0.000000,0.000000,0.000500,0.000000,0.000000,0.000000,0.012500,0.000000,0.012500,0.000000,0.000000,0.000000,0.004700,0.001800,0.002700,0.006800,0.000000
1716,6.618953,7.102097,7.092700,6.928400,1176.000000,933333452.000000,1424890704.000000,252489728.000000,239112192.000000,1623855104.000000,0.000000,0.000000,2.725400,0.047700,0.020400,2.583700,0.011800,0.034000,0.012400,0.000600,0.000300,0.001100,0.004300,0.002700,0.002100,0.008700,0.000000
1717,6.622519,3.620203,3.644500,3.484400,1176.000000,933334324.000000,1424890704.000000,252489728.000000,239112192.000000,1623855104.000000,0.000000,0.000000,0.000900,0.000000,0.000000,0.000000,0.013600,0.000000,0.014800,0.000000,0.000000,0.000000,0.005800,0.002200,0.002800,0.007800,0.000000
1718,6.626127,3.613201,3.605600,3.469200,1176.000000,933333076.000000,1424890704.000000,252489728.000000,239112192.000000,1623855104.000000,0.000000,0.000000,0.000800,0.000000,0.000000,0.000000,0.010900,0.000000,0.013500,0.000000,0.000000,0.000000,0.004800,0.002100,0.002900,0.007500,0.000000
1719,6.629657,3.499596,3.424900,3.273600,1176.000000,933333100.000000,1424890704.000000,252489728.000000,239112192.000000,1623855104.000000,0.000000,0.000000,0.000700,0.000000,0.000000,0.000000,0.011100,0.000000,0.012400,0.000000,0.000000,0.000000,0.004800,0.002100,0.002200,0.007000,0.000000
1720,6.635862,6.195798,6.262100,6.058300,1176.000000,933337644.000000,1424890704.000000,252489728.000000,239116288.000000,1623855104.000000,0.000000,0.000000,2.837600,0.048800,0.024200,2.703100,0.011800,0.022300,0.012200,0.000600,0.000300,0.000700,0.005400,0.002600,0.002700,0.007200,0.000000
1721,6.638863,3.052204,3.061000,2.926600,1176.000000,933337268.000000,1424890704.000000,252489728.000000,239116288.000000,1623855104.000000,0.000000,0.000000,0.000600,0.000000,0.000000,0.000000,0.013100,0.000000,0.012300,0.000000,0.000000,0.000000,0.005300,0.002000,0.002900,0.007400,0.000000
1722,6.641830,2.980102,2.929600,2.806500,1176.000000,933337268.000000,1424890704.000000,252489728.000000,239116288.000000,1623855104.000000,0.000000,0.000000,0.000900,0.000000,0.000000,0.000000,0.010900,0.000000,0.012200,0.000000,0.000000,0.000000,0.004400,0.002000,0.002800,0.006700,0.000000
1723,6.645155,3.237698,3.276100,3.106600,1176.000000,933337316.000000,1424890704.000000,252489728.000000,239116288.000000,1623855104.000000,0.000000,0.000000,0.000700,0.000000,0.000000,0.000000,0.010500,0.000000,0.012100,0.000000,0.000000,0.000000,0.004600,0.001600,0.002700,0.006300,0.000000
1724,6.650977,5.879400,5.824800,5.691900,1176.000000,933352100.000000,1424890704.000000,252489728.000000,239116288.000000,1623855104.000000,0.000000,0.000000,2.298000,0.046700,0.020100,2.166800,0.011900,0.024200,0.012500,0.000600,0.000300,0.000700,0.005200,0.002600,0.003300,0.007100,0.000000
1725,6.654170,3.095699,3.106500,2.920900,1176.000000,933340004.000000,1424890704.000000,252489728.000000,239116288.000000,1623855104.000000,0.000000,0.000000,0.000600,0.000000,0.000000,0.000000,0.012500,0.000000,0.013200,0.000000,0.000000,0.000000,0.005000,0.001800,0.002800,0.007300,0.000000
1726,6.656959,2.939902,2.995600,2.837100,1176.000000,933345580.000000,1424890704.000000,252489728.000000,239124480.000000,1623855104.000000,0.000000,0.000000,0.000700,0.000000,0.000000,0.000000,0.013700,0.000000,0.012700,0.000000,0.000000,0.000000,0.006900,0.002000,0.003300,0.009500,0.000000
1727,6.660173,3.142496,3.077600,2.965400,1176.000000,933345620.000000,1424890704.000000,252489728.000000,239124480.000000,1623855104.000000,0.000000,0.000000,0.000700,0.000000,0.000000,0.000000,0.008800,0.000000,0.010200,0.000000,0.000000,0.000000,0.003800,0.001400,0.002600,0.006100,0.000000
1728,6.666192,6.049299,6.049200,5.791900,1176.000000,933346084.000000,1424890704.000000,252489728.000000,239124480.000000,1623855104.000000,0.000000,0.000000,2.588800,0.049300,0.020500,2.448100,0.011600,0.030100,0.012600,0.000600,0.000300,0.000600,0.004700,0.002400,0.002500,0.008800,0.000000
1729,6.669132,2.944303,2.978000,2.812400,1176.000000,933345668.000000,1424890704.000000,252489728.000000,239124480.000000,1623855104.000000,0.000000,0.000000,0.000800,0.000000,0.000000,0.000000,0.012200,0.000000,0.010900,0.000000,0.000000,0.000000,0.004100,0.002000,0.003100,0.007000,0.000000
1730,6.671962,2.861799,2.875900,2.753500,1176.000000,933345692.000000,1424890704.000000,252489728.000000,239124480.000000,1623855104.000000,0.000000,0.000000,0.000700,0.000000,0.000000,0.000000,0.011100,0.000000,0.012000,0.000000,0.000000,0.000000,0.004800,0.001700,0.002800,0.007800,0.000000
1731,6.675146,3.115200,3.092000,2.976100,1176.000000,933349812.000000,1424890704.000000,252489728.000000,239128576.000000,1623855104.000000,0.000000,0.000000,0.000600,0.000000,0.000000,0.000000,0.009700,0.000000,0.011500,0.000000,0.000000,0.000000,0.003700,0.001500,0.002100,0.006000,0.000000
1732,6.677811,2.725404,2.723600,2.594700,1176.000000,933349836.000000,1424890704.000000,252489728.000000,239128576.000000,1623855104.000000,0.000000,0.000000,0.000900,0.000000,0.000000,0.000000,0.011600,0.000000,0.012500,0.000000,0.000000,0.000000,0.004700,0.001800,0.002700,0.007700,0.000000
1733,6.682616,4.790696,4.786800,4.657200,1228.000000,933350284.000000,1424890704.000000,252489728.000000,239128576.000000,1623855104.000000,0.000000,0.000000,1.995600,0.046500,0.018600,1.875000,0.009200,0.019900,0.011000,0.000600,0.000300,0.000600,0.004000,0.002400,0.002400,0.007600,0.000000
1734,6.685750,3.123002,3.119100,2.987700,1176.000000,933349460.000000,1424890704.000000,252489728.000000,239128576.000000,1623855104.000000,0.000000,0.000000,0.000500,0.000000,0.000000,0.000000,0.010300,0.000000,0.011600,0.000000,0.000000,0.000000,0.004000,0.001600,0.002500,0.006100,0.000000
1735,6.688876,3.124100,3.053500,2.919600,1176.000000,933349484.000000,1424890704.000000,252489728.000000,239128576.000000,1623855104.000000,0.000000,0.000000,0.000600,0.000000,0.000000,0.000000,0.010700,0.000000,0.011800,0.000000,0.000000,0.000000,0.004500,0.001700,0.003100,0.007900,0.000000
1736,6.691654,2.813499,2.897300,2.704300,1176.000000,933349932.000000,1424890704.000000,252489728.000000,239128576.000000,1623855104.000000,0.000000,0.000000,0.000500,0.000000,0.000000,0.000000,0.011000,0.000000,0.012300,0.000000,0.000000,0.000000,0.005400,0.001900,0.002700,0.007000,0.000000
1737,6.694761,3.056505,3.040600,2.928300,1176.000000,933353652.000000,1424890704.000000,252489728.000000,239132672.000000,1623855104.000000,0.000000,0.000000,0.000600,0.000000,0.000000,0.000000,0.009200,0.000000,0.010600,0.000000,0.000000,0.000000,0.003800,0.001700,0.002300,0.006000,0.000000
1738,6.700019,5.268594,5.258100,5.131500,1176.000000,933357748.000000,1424890704.000000,252489728.000000,239136768.000000,1623855104.000000,0.000000,0.000000,2.062800,0.047000,0.020200,1.931300,0.010600,0.026500,0.011100,0.000500,0.000300,0.000600,0.004500,0.002400,0.002800,0.006100,0.000000
1739,6.702915,2.910502,2.917200,2.785400,1176.000000,933358220.000000,1424890704.000000,252489728.000000,239136768.000000,1623855104.000000,0.000000,0.000000,0.000600,0.000000,0.000000,0.000000,0.012100,0.000000,0.014000,0.000000,0.000000,0.000000,0.004500,0.001800,0.002800,0.007300,0.000000
1740,6.705911,3.015001,3.010200,2.884900,1176.000000,933372156.000000,1424890704.000000,252489728.000000,239136768.000000,1623855104.000000,0.000000,0.000000,0.000600,0.000000,0.000000,0.000000,0.010500,0.000000,0.013200,0.000000,0.000000,0.000000,0.004500,0.002400,0.002400,0.006800,0.000000
1741,6.708927,2.956803,2.938600,2.806000,1176.000000,933360060.000000,1424890704.000000,252489728.000000,239136768.000000,1623855104.000000,0.000000,0.000000,0.000700,0.000000,0.000000,0.000000,0.009900,0.000000,0.012600,0.000000,0.000000,0.000000,0.003600,0.001800,0.002700,0.007200,0.000000
1742,6.711824,2.953097,2.962400,2.826000,1176.000000,933357444.000000,1424890704.000000,252489728.000000,239136768.000000,1623855104.000000,0.000000,0.000000,0.000700,0.000000,0.000000,0.000000,0.011700,0.000000,0.012500,0.000000,0.000000,0.000000,0.004100,0.001800,0.003600,0.007600,0.000000
1743,6.717013,5.167701,5.142100,5.014700,1176.000000,933361580.000000,1424890704.000000,252489728.000000,239140864.000000,1623855104.000000,0.000000,0.000000,2.134200,0.045700,0.018900,1.996500,0.010500,0.035800,0.011400,0.000400,0.000300,0.000700,0.003600,0.002300,0.002300,0.007500,0.000000
1744,6.720479,3.448902,3.447100,3.296200,1176.000000,933362044.000000,1424890704.000000,252489728.000000,239140864.000000,1623855104.000000,0.000000,0.000000,0.000600,0.000000,0.000000,0.000000,0.011000,0.000000,0.010900,0.000000,0.000000,0.000000,0.004100,0.001600,0.002500,0.006500,0.000000
1745,6.723561,3.095996,3.106200,2.959200,1176.000000,933361628.000000,1424890704.000000,252489728.000000,239140864.000000,1623855104.000000,0.000000,0.000000,0.000600,0.000000,0.000000,0.000000,0.011700,0.000000,0.011700,0.000000,0.000000,0.000000,0.004800,0.002000,0.002900,0.007400,0.000000
1746,6.726417,2.875099,2.884900,2.753400,1176.000000,933361652.000000,1424890704.000000,252489728.000000,239140864.000000,1623855104.000000,0.000000,0.000000,0.000600,0.000000,0.000000,0.000000,0.011100,0.000000,0.012400,0.000000,0.000000,0.000000,0.003700,0.002000,0.002200,0.006900,0.000000
1747,6.729482,3.041504,3.031000,2.909900,1176.000000,933361676.000000,1424890704.000000,252489728.000000,239140864.000000,1623855104.000000,0.000000,0.000000,0.000600,0.000000,0.000000,0.000000,0.010600,0.000000,0.012000,0.000000,0.000000,0.000000,0.017900,0.001600,0.002000,0.006700,0.000000
1748,6.734790,5.246301,5.230000,5.098400,1176.000000,933366644.000000,1424890704.000000,252489728.000000,239144960.000000,1623855104.000000,0.000000,0.000000,2.088800,0.047200,0.020200,1.958000,0.011000,0.023400,0.011400,0.000600,0.000200,0.000600,0.004600,0.002200,0.002800,0.006300,0.000000
1749,6.737615,2.911600,2.928400,2.791900,1176.000000,933367092.000000,1424890704.000000,252489728.000000,239144960.000000,1623855104.000000,0.000000,0.000000,0.000600,0.000000,0.000000,0.000000,0.013500,0.000000,0.012300,0.000000,0.000000,0.000000,0.004600,0.001900,0.003300,0.007500,0.000000
1750,6.740516,2.895699,2.890600,2.767900,1176.000000,933366268.000000,1424890704.000000,252489728.000000,239144960.000000,1623855104.000000,0.000000,0.000000,0.000600,0.000000,0.000000,0.000000,0.009700,0.000000,0.010800,0.000000,0.000000,0.000000,0.004300,0.001800,0.002400,0.006400,0.000000
1751,6.743496,2.931796,2.902000,2.768200,1176.000000,933370812.000000,1424890704.000000,252489728.000000,239149056.000000,1623855104.000000,0.000000,0.000000,0.000700,0.000000,0.000000,0.000000,0.009700,0.000000,0.013700,0.000000,0.000000,0.000000,0.004100,0.001700,0.002600,0.007800,0.000000
1752,6.749263,5.781803,5.782100,5.631100,1176.000000,933370412.000000,1424890704.000000,252489728.000000,239149056.000000,1623855104.000000,0.000000,0.000000,2.576800,0.066800,0.022600,2.414800,0.012300,0.030100,0.012600,0.000600,0.000300,0.000500,0.004900,0.002700,0.003100,0.007000,0.000000
1753,6.752151,2.915200,2.936200,2.794900,1176.000000,933370036.000000,1424890704.000000,252489728.000000,239149056.000000,1623855104.000000,0.000000,0.000000,0.000700,0.000000,0.000000,0.000000,0.012600,0.000000,0.012200,0.000000,0.000000,0.000000,0.004900,0.001900,0.002900,0.006800,0.000000
1754,6.755196,2.996499,2.982800,2.859900,1176.000000,933374132.000000,1424890704.000000,252489728.000000,239153152.000000,1623855104.000000,0.000000,0.000000,0.000600,0.000000,0.000000,0.000000,0.009700,0.000000,0.011100,0.000000,0.000000,0.000000,0.004700,0.002100,0.002200,0.006500,0.000000
1755,6.758216,3.047002,3.051700,2.920400,1176.000000,933374180.000000,1424890704.000000,252489728.000000,239153152.000000,1623855104.000000,0.000000,0.000000,0.000900,0.000000,0.000000,0.000000,0.010600,0.000000,0.013000,0.000000,0.000000,0.000000,0.005200,0.002700,0.003300,0.007500,0.000000
1756,6.761293,3.105995,3.098700,2.973500,1176.000000,933393548.000000,1424890704.000000,252489728.000000,239153152.000000,1623855104.000000,0.000000,0.000000,0.000700,0.000000,0.000000,0.000000,0.012600,0.000000,0.011900,0.000000,0.000000,0.000000,0.004800,0.001900,0.002900,0.007000,0.000000
1757,6.767188,5.876502,5.840000,5.706800,1176.000000,933381884.000000,1424890704.000000,252489728.000000,239153152.000000,1623855104.000000,0.000000,0.000000,2.811700,0.049900,0.018800,2.667600,0.010500,0.034500,0.013600,0.000700,0.000300,0.000600,0.004700,0.002600,0.002700,0.008400,0.000000
1758,6.770523,3.312302,3.331100,3.168400,1176.000000,933379396.000000,1424890704.000000,252489728.000000,239153152.000000,1623855104.000000,0.000000,0.000000,0.000600,0.000000,0.000000,0.000000,0.011800,0.000000,0.023500,0.000000,0.000000,0.000000,0.004500,0.002000,0.002700,0.006300,0.000000
1759,6.773655,3.134396,3.131900,2.991600,1176.000000,933383684.000000,1424890704.000000,252489728.000000,239157248.000000,1623855104.000000,0.000000,0.000000,0.000600,0.000000,0.000000,0.000000,0.012300,0.000000,0.014300,0.000000,0.000000,0.000000,0.004700,0.002000,0.003000,0.008000,0.000000
1760,6.776619,3.012401,3.025300,2.890500,1176.000000,933384300.000000,1424890704.000000,252489728.000000,239157248.000000,1623855104.000000,0.000000,0.000000,0.000600,0.000000,0.000000,0.000000,0.011200,0.000000,0.014200,0.000000,0.000000,0.000000,0.005200,0.001800,0.002800,0.007100,0.000000
1761,6.779743,3.094501,3.084700,2.961600,1176.000000,933387996.000000,1424890704.000000,252489728.000000,239161344.000000,1623855104.000000,0.000000,0.000000,0.000600,0.000000,0.000000,0.000000,0.009500,0.000000,0.011800,0.000000,0.000000,0.000000,0.004300,0.001600,0.002100,0.006600,0.000000
1762,6.785370,5.600900,5.577600,5.442500,1176.000000,933388604.000000,1424890704.000000,252489728.000000,239161344.000000,1623855104.000000,0.000000,0.000000,2.205100,0.050700,0.020300,2.061900,0.012400,0.030900,0.011700,0.000600,0.000300,0.000500,0.004500,0.002700,0.002400,0.006900,0.000000
1763,6.788340,2.993098,2.992100,2.843500,1176.000000,933388628.000000,1424890704.000000,252489728.000000,239161344.000000,1623855104.000000,0.000000,0.000000,0.000700,0.000000,0.000000,0.000000,0.012600,0.000000,0.012500,0.000000,0.000000,0.000000,0.004700,0.001900,0.003300,0.007500,0.000000
1764,6.791220,2.896202,2.918200,2.774200,1176.000000,933393204.000000,1424890704.000000,252489728.000000,239165440.000000,1623855104.000000,0.000000,0.000000,0.000900,0.000000,0.000000,0.000000,0.011000,0.000000,0.012800,0.000000,0.000000,0.000000,0.004700,0.001800,0.002800,0.006000,0.000000
1765,6.794461,3.185700,3.143600,3.014400,1176.000000,933397908.000000,1424890704.000000,252489728.000000,239169536.000000,1623855104.000000,0.000000,0.000000,0.000600,0.000000,0.000000,0.000000,0.010300,0.000000,0.012000,0.000000,0.000000,0.000000,0.004600,0.001500,0.002500,0.006800,0.000000
1766,6.800351,5.906803,5.908400,5.750300,1176.000000,933396780.000000,1424890704.000000,252489728.000000,239169536.000000,1623855104.000000,0.000000,0.000000,2.527900,0.069200,0.022600,2.365800,0.015300,0.028000,0.012900,0.000600,0.000300,0.000600,0.004900,0.002600,0.002600,0.009900,0.000000
1767,6.803303,2.978097,2.996000,2.846500,1176.000000,933397020.000000,1424890704.000000,252489728.000000,239169536.000000,1623855104.000000,0.000000,0.000000,0.000700,0.000000,0.000000,0.000000,0.014000,0.000000,0.012600,0.000000,0.000000,0.000000,0.004500,0.001900,0.002900,0.006300,0.000000
1768,6.806529,3.244905,3.252000,3.121700,1176.000000,933397500.000000,1424890704.000000,252489728.000000,239169536.000000,1623855104.000000,0.000000,0.000000,0.000700,0.000000,0.000000,0.000000,0.010600,0.000000,0.013200,0.000000,0.000000,0.000000,0.004300,0.001700,0.002700,0.007200,0.000000
1769,6.809747,3.142099,3.100300,2.960800,1176.000000,933397124.000000,1424890704.000000,252489728.000000,239169536.000000,1623855104.000000,0.000000,0.000000,0.000800,0.000000,0.000000,0.000000,0.009900,0.000000,0.011600,0.000000,0.000000,0.000000,0.004400,0.001500,0.002500,0.006900,0.000000
1770,6.812804,3.061501,3.076900,2.920200,1176.000000,933397124.000000,1424890704.000000,252489728.000000,239169536.000000,1623855104.000000,0.000000,0.000000,0.000900,0.000000,0.000000,0.000000,0.014100,0.000000,0.013900,0.000000,0.000000,0.000000,0.004800,0.002200,0.003700,0.008700,0.000000
1771,6.819035,6.199596,5.965500,5.816200,1176.000000,933401436.000000,1424890704.000000,252489728.000000,239173632.000000,1623855104.000000,0.000000,0.000000,2.587500,0.059700,0.024600,2.417200,0.014000,0.035000,0.014400,0.000800,0.000200,0.000800,0.005400,0.002500,0.003300,0.009300,0.000000
1772,6.822189,3.256002,3.493200,3.128100,1176.000000,933415868.000000,1424890704.000000,252489728.000000,239173632.000000,1623855104.000000,0.000000,0.000000,0.001000,0.000000,0.000000,0.000000,0.017200,0.000000,0.015100,0.000000,0.000000,0.000000,0.005900,0.002100,0.003600,0.009300,0.000000
1773,6.825241,3.041100,3.034900,2.907000,1176.000000,933404324.000000,1424890704.000000,252489728.000000,239173632.000000,1623855104.000000,0.000000,0.000000,0.000700,0.000000,0.000000,0.000000,0.009800,0.000000,0.015500,0.000000,0.000000,0.000000,0.004000,0.001600,0.002400,0.006300,0.000000
1774,6.828227,2.961898,2.964200,2.829700,1176.000000,933401284.000000,1424890704.000000,252489728.000000,239173632.000000,1623855104.000000,0.000000,0.000000,0.000600,0.000000,0.000000,0.000000,0.009800,0.000000,0.013200,0.000000,0.000000,0.000000,0.003800,0.001800,0.002300,0.006900,0.000000
1775,6.833620,5.362904,5.344200,5.214200,1176.000000,933406284.000000,1424890704.000000,252489728.000000,239173632.000000,1623855104.000000,0.000000,0.000000,2.107300,0.061200,0.023000,1.953800,0.015100,0.029800,0.011600,0.000500,0.000200,0.000800,0.004200,0.002500,0.002800,0.007600,0.000000
1776,6.836639,3.089895,3.099700,2.961700,1176.000000,933410804.000000,1424890704.000000,252489728.000000,239177728.000000,1623855104.000000,0.000000,0.000000,0.000600,0.000000,0.000000,0.000000,0.013200,0.000000,0.012700,0.000000,0.000000,0.000000,0.005500,0.002200,0.003100,0.008200,0.000000
1777,6.839634,2.976304,2.978900,2.851200,1176.000000,933414500.000000,1424890704.000000,252489728.000000,239181824.000000,1623855104.000000,0.000000,0.000000,0.000500,0.000000,0.000000,0.000000,0.010300,0.000000,0.011400,0.000000,0.000000,0.000000,0.004600,0.001700,0.002500,0.007400,0.000000
1778,6.842533,2.892198,2.894300,2.772200,1176.000000,933414524.000000,1424890704.000000,252489728.000000,239181824.000000,1623855104.000000,0.000000,0.000000,0.000700,0.000000,0.000000,0.000000,0.011400,0.000000,0.011900,0.000000,0.000000,0.000000,0.004800,0.001900,0.002400,0.006700,0.000000
1779,6.845982,3.435899,3.406100,3.282400,1176.000000,933410076.000000,1424890704.000000,252489728.000000,239181824.000000,1623855104.000000,0.000000,0.000000,0.000700,0.000000,0.000000,0.000000,0.009200,0.000000,0.012200,0.000000,0.000000,0.000000,0.004500,0.002100,0.002600,0.005800,0.000000
1780,6.851474,5.497300,5.494300,5.350900,1176.000000,933410556.000000,1424890704.000000,252489728.000000,239181824.000000,1623855104.000000,0.000000,0.000000,2.192200,0.048200,0.019500,2.061500,0.011400,0.021700,0.014700,0.000600,0.000400,0.000800,0.004700,0.003500,0.003100,0.007900,0.000000
1781,6.854569,3.081300,3.081900,2.939900,1176.000000,933411004.000000,1424890704.000000,252489728.000000,239181824.000000,1623855104.000000,0.000000,0.000000,0.000600,0.000000,0.000000,0.000000,0.012200,0.000000,0.011700,0.000000,0.000000,0.000000,0.004400,0.001900,0.002600,0.007000,0.000000
1782,6.857429,2.914803,2.932900,2.795600,1176.000000,933414276.000000,1424890704.000000,252489728.000000,239185920.000000,1623855104.000000,0.000000,0.000000,0.000700,0.000000,0.000000,0.000000,0.011700,0.000000,0.012000,0.000000,0.000000,0.000000,0.004600,0.001600,0.002900,0.007500,0.000000
1783,6.860865,3.344600,3.295900,3.164500,1176.000000,933414300.000000,1424890704.000000,252489728.000000,239185920.000000,1623855104.000000,0.000000,0.000000,0.000600,0.000000,0.000000,0.000000,0.010100,0.000000,0.012300,0.000000,0.000000,0.000000,0.004300,0.001700,0.002800,0.007000,0.000000
1784,6.866218,5.405598,5.426800,5.268300,1176.000000,933415172.000000,1424890704.000000,252489728.000000,239185920.000000,1623855104.000000,0.000000,0.000000,2.150000,0.061200,0.020400,1.992600,0.014100,0.031300,0.012800,0.000700,0.000300,0.000600,0.005100,0.002400,0.003400,0.007300,0.000000
1785,6.869248,3.050701,3.034200,2.896900,1176.000000,933414796.000000,1424890704.000000,252489728.000000,239185920.000000,1623855104.000000,0.000000,0.000000,0.000800,0.000000,0.000000,0.000000,0.012300,0.000000,0.012500,0.000000,0.000000,0.000000,0.004500,0.001900,0.002500,0.007100,0.000000
1786,6.872101,2.877296,2.915400,2.769900,1176.000000,933414796.000000,1424890704.000000,252489728.000000,239185920.000000,1623855104.000000,0.000000,0.000000,0.000900,0.000000,0.000000,0.000000,0.011200,0.000000,0.011800,0.000000,0.000000,0.000000,0.004600,0.001900,0.002800,0.005800,0.000000
1787,6.875520,3.345103,3.312700,3.196100,1176.000000,933418916.000000,1424890704.000000,252489728.000000,239190016.000000,1623855104.000000,0.000000,0.000000,0.000600,0.000000,0.000000,0.000000,0.009600,0.000000,0.011800,0.000000,0.000000,0.000000,0.003800,0.001500,0.002400,0.006400,0.000000
1788,6.878705,3.195699,3.170500,3.027500,1176.000000,933432876.000000,1424890704.000000,252489728.000000,239190016.000000,1623855104.000000,0.000000,0.000000,0.000900,0.000000,0.000000,0.000000,0.012900,0.000000,0.012700,0.000000,0.000000,0.000000,0.005300,0.002100,0.003000,0.007700,0.000000
1789,6.885265,5.984800,5.881300,5.701400,1228.000000,933425004.000000,1424890704.000000,252489728.000000,239194112.000000,1623855104.000000,0.000000,0.000000,2.115300,0.052300,0.019800,1.975600,0.012500,0.026400,0.014000,0.000600,0.000300,0.000700,0.004600,0.002700,0.003100,0.009300,0.000000
1790,6.888413,3.711798,3.815900,3.556600,1176.000000,933422388.000000,1424890704.000000,252489728.000000,239194112.000000,1623855104.000000,0.000000,0.000000,0.001200,0.000000,0.000000,0.000000,0.023200,0.000000,0.022400,0.000000,0.000000,0.000000,0.008200,0.002100,0.003900,0.011000,0.000000
1791,6.891858,3.449603,3.430100,3.273800,1176.000000,933422428.000000,1424890704.000000,252489728.000000,239194112.000000,1623855104.000000,0.000000,0.000000,0.000600,0.000000,0.000000,0.000000,0.013200,0.000000,0.012800,0.000000,0.000000,0.000000,0.005400,0.002100,0.003500,0.008200,0.000000
1792,6.895130,3.243998,3.240500,3.059400,1176.000000,933422876.000000,1424890704.000000,252489728.000000,239194112.000000,1623855104.000000,0.000000,0.000000,0.000700,0.000000,0.000000,0.000000,0.013200,0.000000,0.012400,0.000000,0.000000,0.000000,0.005300,0.002000,0.003300,0.007400,0.000000
1793,6.901270,6.176602,6.196600,6.028900,1176.000000,933426572.000000,1424890704.000000,252489728.000000,239198208.000000,1623855104.000000,0.000000,0.000000,2.810400,0.048900,0.019800,2.669300,0.012900,0.030500,0.012100,0.000700,0.000300,0.000800,0.005500,0.002700,0.003400,0.009500,0.000000
1794,6.904325,3.069898,3.069200,2.925900,1176.000000,933426596.000000,1424890704.000000,252489728.000000,239198208.000000,1623855104.000000,0.000000,0.000000,0.000700,0.000000,0.000000,0.000000,0.012500,0.000000,0.012500,0.000000,0.000000,0.000000,0.004700,0.001900,0.002700,0.007400,0.000000
1795,6.907371,3.048604,3.060800,2.921600,1176.000000,933427044.000000,1424890704.000000,252489728.000000,239198208.000000,1623855104.000000,0.000000,0.000000,0.000500,0.000000,0.000000,0.000000,0.011100,0.000000,0.014100,0.000000,0.000000,0.000000,0.005100,0.001900,0.002800,0.007700,0.000000
1796,6.910379,3.025695,3.022100,2.897400,1176.000000,933427068.000000,1424890704.000000,252489728.000000,239198208.000000,1623855104.000000,0.000000,0.000000,0.000800,0.000000,0.000000,0.000000,0.010500,0.000000,0.014300,0.000000,0.000000,0.000000,0.004800,0.001900,0.003000,0.007800,0.000000
1797,6.915708,5.290101,5.269300,5.140300,1176.000000,933428108.000000,1424890704.000000,252489728.000000,239198208.000000,1623855104.000000,0.000000,0.000000,2.133800,0.050400,0.018800,1.996500,0.011000,0.028800,0.011500,0.000700,0.000200,0.000700,0.004500,0.002300,0.002500,0.007000,0.000000
1798,6.919067,3.370302,3.361300,3.213900,1176.000000,933427284.000000,1424890704.000000,252489728.000000,239198208.000000,1623855104.000000,0.000000,0.000000,0.000600,0.000000,0.000000,0.000000,0.012100,0.000000,0.011800,0.000000,0.000000,0.000000,0.004700,0.001500,0.003200,0.007700,0.000000
1799,6.922246,3.195203,3.166900,3.013500,1176.000000,933431404.000000,1424890704.000000,252489728.000000,239202304.000000,1623855104.000000,0.000000,0.000000,0.001100,0.000000,0.000000,0.000000,0.012300,0.000000,0.012400,0.000000,0.000000,0.000000,0.005000,0.002000,0.003200,0.007400,0.000000
1800,6.925549,3.299398,3.332200,3.161500,1176.000000,933431852.000000,1424890704.000000,252489728.000000,239202304.000000,1623855104.000000,0.000000,0.000000,0.000700,0.000000,0.000000,0.000000,0.011200,0.000000,0.012300,0.000000,0.000000,0.000000,0.005000,0.002000,0.002700,0.006700,0.000000
1801,6.928617,3.057200,3.051400,2.917000,1176.000000,933431052.000000,1424890704.000000,252489728.000000,239202304.000000,1623855104.000000,0.000000,0.000000,0.001000,0.000000,0.000000,0.000000,0.011400,0.000000,0.012500,0.000000,0.000000,0.000000,0.005100,0.001800,0.002700,0.006600,0.000000
1802,6.934165,5.495699,5.482600,5.340800,1176.000000,933435148.000000,1424890704.000000,252489728.000000,239206400.000000,1623855104.000000,0.000000,0.000000,2.118400,0.049900,0.020600,1.977500,0.011400,0.029300,0.012800,0.000700,0.000400,0.000700,0.005000,0.002600,0.002900,0.007800,0.000000
1803,6.937301,3.153805,3.173400,3.027600,1176.000000,933435196.000000,1424890704.000000,252489728.000000,239206400.000000,1623855104.000000,0.000000,0.000000,0.000700,0.000000,0.000000,0.000000,0.014100,0.000000,0.013900,0.000000,0.000000,0.000000,0.005700,0.002000,0.003300,0.008400,0.000000
1804,6.940979,3.685594,3.579900,3.434300,1176.000000,933453652.000000,1424890704.000000,252489728.000000,239210496.000000,1623855104.000000,0.000000,0.000000,0.000700,0.000000,0.000000,0.000000,0.010300,0.000000,0.012900,0.000000,0.000000,0.000000,0.005600,0.001900,0.003400,0.006000,0.000000
1805,6.944607,3.628706,3.656800,3.425600,1176.000000,933441556.000000,1424890704.000000,252489728.000000,239210496.000000,1623855104.000000,0.000000,0.000000,0.000700,0.000000,0.000000,0.000000,0.013600,0.000000,0.014200,0.000000,0.000000,0.000000,0.004900,0.002100,0.003600,0.008200,0.000000
1806,6.950468,5.860899,5.899500,5.705500,1176.000000,933439364.000000,1424890704.000000,252489728.000000,239210496.000000,1623855104.000000,0.000000,0.000000,2.161100,0.050300,0.023900,2.018700,0.013200,0.025800,0.012500,0.000600,0.000500,0.000700,0.005400,0.002700,0.003700,0.008700,0.000000
1807,6.954004,3.451297,3.421300,3.258300,1176.000000,933439404.000000,1424890704.000000,252489728.000000,239210496.000000,1623855104.000000,0.000000,0.000000,0.001000,0.000000,0.000000,0.000000,0.014500,0.000000,0.014900,0.000000,0.000000,0.000000,0.005300,0.002100,0.003600,0.008300,0.000000
1808,6.957259,3.390703,3.432600,3.260100,1176.000000,933439852.000000,1424890704.000000,252489728.000000,239210496.000000,1623855104.000000,0.000000,0.000000,0.000800,0.000000,0.000000,0.000000,0.017800,0.000000,0.014200,0.000000,0.000000,0.000000,0.007500,0.003000,0.003900,0.010800,0.000000
1809,6.960735,3.434198,3.413700,3.277800,1176.000000,933439452.000000,1424890704.000000,252489728.000000,239210496.000000,1623855104.000000,0.000000,0.000000,0.000600,0.000000,0.000000,0.000000,0.010400,0.000000,0.012200,0.000000,0.000000,0.000000,0.004400,0.001900,0.002800,0.006700,0.000000
1810,6.966562,5.778004,5.649500,5.486700,1176.000000,933443148.000000,1424890704.000000,252489728.000000,239214592.000000,1623855104.000000,0.000000,0.000000,2.124100,0.046400,0.021600,1.993500,0.012800,0.023100,0.012200,0.000500,0.000300,0.000700,0.005400,0.002600,0.003100,0.008500,0.000000
1811,6.970117,3.600794,3.716500,3.444200,1176.000000,933443172.000000,1424890704.000000,252489728.000000,239214592.000000,1623855104.000000,0.000000,0.000000,0.000800,0.000000,0.000000,0.000000,0.018300,0.000000,0.012800,0.000000,0.000000,0.000000,0.006100,0.001900,0.003500,0.007500,0.000000
1812,6.973389,3.268906,3.246900,3.090100,1176.000000,933443620.000000,1424890704.000000,252489728.000000,239214592.000000,1623855104.000000,0.000000,0.000000,0.001100,0.000000,0.000000,0.000000,0.013200,0.000000,0.013500,0.000000,0.000000,0.000000,0.005200,0.002100,0.003900,0.008800,0.000000
1813,6.976682,3.291894,3.317400,3.144000,1176.000000,933444068.000000,1424890704.000000,252489728.000000,239214592.000000,1623855104.000000,0.000000,0.000000,0.000700,0.000000,0.000000,0.000000,0.014000,0.000000,0.012800,0.000000,0.000000,0.000000,0.005400,0.002500,0.003200,0.008900,0.000000
1814,6.980016,3.327806,3.319400,3.170000,1176.000000,933443244.000000,1424890704.000000,252489728.000000,239214592.000000,1623855104.000000,0.000000,0.000000,0.000800,0.000000,0.000000,0.000000,0.012100,0.000000,0.012500,0.000000,0.000000,0.000000,0.004600,0.001700,0.002700,0.008700,0.000000
1815,6.985788,5.775496,5.748800,5.587000,1176.000000,933451460.000000,1424890704.000000,252489728.000000,239222784.000000,1623855104.000000,0.000000,0.000000,2.162600,0.050000,0.021600,2.024100,0.013400,0.023500,0.012800,0.000800,0.000200,0.000700,0.005200,0.002700,0.003600,0.008900,0.000000
1816,6.989275,3.480499,3.487600,3.315100,1176.000000,933451908.000000,1424890704.000000,252489728.000000,239222784.000000,1623855104.000000,0.000000,0.000000,0.000700,0.000000,0.000000,0.000000,0.015300,0.000000,0.013300,0.000000,0.000000,0.000000,0.005200,0.002100,0.003700,0.008700,0.000000
1817,6.992553,3.263400,3.219000,3.062800,1176.000000,933451956.000000,1424890704.000000,252489728.000000,239222784.000000,1623855104.000000,0.000000,0.000000,0.001000,0.000000,0.000000,0.000000,0.013700,0.000000,0.015700,0.000000,0.000000,0.000000,0.005700,0.002100,0.003400,0.008900,0.000000
1818,6.995898,3.358206,3.405100,3.205900,1176.000000,933451532.000000,1424890704.000000,252489728.000000,239222784.000000,1623855104.000000,0.000000,0.000000,0.000700,0.000000,0.000000,0.000000,0.011500,0.000000,0.014500,0.000000,0.000000,0.000000,0.008800,0.002000,0.004200,0.008200,0.000000
1819,7.001851,5.940398,5.931900,5.778300,1176.000000,933451988.000000,1424890704.000000,252489728.000000,239222784.000000,1623855104.000000,0.000000,0.000000,2.339600,0.050000,0.020000,2.190600,0.012700,0.035500,0.013000,0.000500,0.000300,0.001000,0.005000,0.002700,0.002900,0.009400,0.000000
1820,7.005338,3.508199,3.505500,3.340000,1176.000000,933466372.000000,1424890704.000000,252489728.000000,239222784.000000,1623855104.000000,0.000000,0.000000,0.000700,0.000000,0.000000,0.000000,0.014500,0.000000,0.013300,0.000000,0.000000,0.000000,0.005500,0.001900,0.003200,0.008600,0.000000
1821,7.008902,3.467099,3.451000,3.286400,1176.000000,933458372.000000,1424890704.000000,252489728.000000,239226880.000000,1623855104.000000,0.000000,0.000000,0.000700,0.000000,0.000000,0.000000,0.014100,0.000000,0.014300,0.000000,0.000000,0.000000,0.005500,0.002000,0.003400,0.007500,0.000000
1822,7.012287,3.506704,3.526600,3.363600,1176.000000,933455756.000000,1424890704.000000,252489728.000000,239226880.000000,1623855104.000000,0.000000,0.000000,0.000700,0.000000,0.000000,0.000000,0.012400,0.000000,0.014700,0.000000,0.000000,0.000000,0.033100,0.002000,0.003200,0.009500,0.000000
1823,7.017733,5.406200,5.392300,5.247400,1176.000000,933455372.000000,1424890704.000000,252489728.000000,239226880.000000,1623855104.000000,0.000000,0.000000,2.263000,0.048500,0.017800,2.123900,0.011900,0.030000,0.013100,0.000500,0.000300,0.000600,0.005300,0.002800,0.002900,0.009500,0.000000
1824,7.020892,3.205697,3.216800,3.065800,1176.000000,933455820.000000,1424890704.000000,252489728.000000,239226880.000000,1623855104.000000,0.000000,0.000000,0.000700,0.000000,0.000000,0.000000,0.015100,0.000000,0.012200,0.000000,0.000000,0.000000,0.004800,0.001900,0.003100,0.007000,0.000000
1825,7.024097,3.210502,3.173300,3.035800,1176.000000,933455444.000000,1424890704.000000,252489728.000000,239226880.000000,1623855104.000000,0.000000,0.000000,0.000700,0.000000,0.000000,0.000000,0.011500,0.000000,0.013000,0.000000,0.000000,0.000000,0.004100,0.001700,0.002800,0.007400,0.000000
1826,7.027348,3.254195,3.284200,3.114400,1176.000000,933455444.000000,1424890704.000000,252489728.000000,239226880.000000,1623855104.000000,0.000000,0.000000,0.000700,0.000000,0.000000,0.000000,0.011700,0.000000,0.013100,0.000000,0.000000,0.000000,0.004700,0.001800,0.002700,0.008200,0.000000
1827,7.034536,7.138605,7.114200,6.969600,1176.000000,933459988.000000,1424890704.000000,252489728.000000,239230976.000000,1623855104.000000,0.000000,0.000000,3.822000,0.069100,0.021500,3.648500,0.010800,0.030600,0.014100,0.000900,0.000400,0.000900,0.005100,0.002300,0.003800,0.008400,0.000000
1828,7.037323,2.864895,2.902600,2.751700,1176.000000,933464108.000000,1424890704.000000,252489728.000000,239235072.000000,1623855104.000000,0.000000,0.000000,0.000400,0.000000,0.000000,0.000000,0.013700,0.000000,0.014200,0.000000,0.000000,0.000000,0.004200,0.002200,0.002600,0.007200,0.000000
1829,7.040362,3.014002,2.998000,2.882300,1176.000000,933464556.000000,1424890704.000000,252489728.000000,239235072.000000,1623855104.000000,0.000000,0.000000,0.000700,0.000000,0.000000,0.000000,0.009900,0.000000,0.011300,0.000000,0.000000,0.000000,0.004500,0.002200,0.002600,0.006300,0.000000
1830,7.043231,2.873597,2.876300,2.752700,1176.000000,933463732.000000,1424890704.000000,252489728.000000,239235072.000000,1623855104.000000,0.000000,0.000000,0.000900,0.000000,0.000000,0.000000,0.011000,0.000000,0.011600,0.000000,0.000000,0.000000,0.004200,0.001700,0.002500,0.006500,0.000000
1831,7.046144,2.933801,2.931400,2.812100,1176.000000,933463756.000000,1424890704.000000,252489728.000000,239235072.000000,1623855104.000000,0.000000,0.000000,0.000800,0.000000,0.000000,0.000000,0.010500,0.000000,0.011900,0.000000,0.000000,0.000000,0.004100,0.001900,0.002500,0.006300,0.000000
1832,7.051569,5.391900,5.376000,5.253000,1176.000000,933468308.000000,1424890704.000000,252489728.000000,239239168.000000,1623855104.000000,0.000000,0.000000,2.178400,0.046000,0.018600,2.049700,0.009700,0.027600,0.012800,0.000300,0.000200,0.000800,0.003600,0.002700,0.002300,0.007300,0.000000
1833,7.054555,2.976701,2.979900,2.847700,1176.000000,933467932.000000,1424890704.000000,252489728.000000,239239168.000000,1623855104.000000,0.000000,0.000000,0.000600,0.000000,0.000000,0.000000,0.011900,0.000000,0.011300,0.000000,0.000000,0.000000,0.004700,0.001600,0.003000,0.006400,0.000000
1834,7.057372,2.857703,2.864800,2.743000,1176.000000,933467948.000000,1424890704.000000,252489728.000000,239239168.000000,1623855104.000000,0.000000,0.000000,0.000700,0.000000,0.000000,0.000000,0.010500,0.000000,0.011600,0.000000,0.000000,0.000000,0.003900,0.001500,0.003100,0.006700,0.000000
1835,7.060565,3.176098,3.156400,3.038300,1176.000000,933467980.000000,1424890704.000000,252489728.000000,239239168.000000,1623855104.000000,0.000000,0.000000,0.000600,0.000000,0.000000,0.000000,0.009300,0.000000,0.012500,0.000000,0.000000,0.000000,0.004700,0.001900,0.002600,0.006800,0.000000
1836,7.066015,5.422803,5.409600,5.273300,1176.000000,933482428.000000,1424890704.000000,252489728.000000,239239168.000000,1623855104.000000,0.000000,0.000000,2.156400,0.047500,0.020400,2.027600,0.010900,0.021800,0.012900,0.000700,0.000200,0.000600,0.004000,0.002600,0.003000,0.006900,0.000000
1837,7.068912,2.918197,2.926500,2.786300,1176.000000,933470316.000000,1424890704.000000,252489728.000000,239239168.000000,1623855104.000000,0.000000,0.000000,0.000600,0.000000,0.000000,0.000000,0.012400,0.000000,0.013500,0.000000,0.000000,0.000000,0.004800,0.001800,0.003000,0.006400,0.000000
1838,7.071791,2.901800,2.912400,2.784500,1176.000000,933471796.000000,1424890704.000000,252489728.000000,239243264.000000,1623855104.000000,0.000000,0.000000,0.000800,0.000000,0.000000,0.000000,0.010000,0.000000,0.012100,0.000000,0.000000,0.000000,0.004500,0.002300,0.002700,0.006600,0.000000
1839,7.075086,3.183298,3.097300,2.977600,1176.000000,933472260.000000,1424890704.000000,252489728.000000,239243264.000000,1623855104.000000,0.000000,0.000000,0.000700,0.000000,0.000000,0.000000,0.010000,0.000000,0.013900,0.000000,0.000000,0.000000,0.003800,0.001600,0.002300,0.005000,0.000000
1840,7.077917,2.896903,2.978800,2.782800,1176.000000,933476396.000000,1424890704.000000,252489728.000000,239247360.000000,1623855104.000000,0.000000,0.000000,0.000800,0.000000,0.000000,0.000000,0.011100,0.000000,0.014000,0.000000,0.000000,0.000000,0.005200,0.001800,0.002800,0.008300,0.000000
1841,7.083176,5.248200,5.196000,5.071800,1176.000000,933476004.000000,1424890704.000000,252489728.000000,239247360.000000,1623855104.000000,0.000000,0.000000,2.144400,0.051500,0.019500,2.005400,0.009600,0.025900,0.011500,0.000500,0.000200,0.000800,0.004700,0.002200,0.002600,0.008900,0.000000
1842,7.086506,3.344097,3.306000,3.144500,1228.000000,933476004.000000,1424890704.000000,252489728.000000,239247360.000000,1623855104.000000,0.000000,0.000000,0.000600,0.000000,0.000000,0.000000,0.012800,0.000000,0.012400,0.000000,0.000000,0.000000,0.005200,0.002200,0.003000,0.007000,0.000000
1843,7.089606,3.117198,3.179400,2.981700,1176.000000,933480124.000000,1424890704.000000,252489728.000000,239251456.000000,1623855104.000000,0.000000,0.000000,0.000600,0.000000,0.000000,0.000000,0.011300,0.000000,0.012100,0.000000,0.000000,0.000000,0.004300,0.001800,0.002800,0.007200,0.000000
1844,7.092467,2.885006,2.894000,2.766200,1176.000000,933480588.000000,1424890704.000000,252489728.000000,239251456.000000,1623855104.000000,0.000000,0.000000,0.000600,0.000000,0.000000,0.000000,0.011400,0.000000,0.012100,0.000000,0.000000,0.000000,0.004300,0.001900,0.002600,0.007400,0.000000
1845,7.095831,3.308298,3.276300,3.151300,1176.000000,933481020.000000,1424890704.000000,252489728.000000,239251456.000000,1623855104.000000,0.000000,0.000000,0.000700,0.000000,0.000000,0.000000,0.009800,0.000000,0.011900,0.000000,0.000000,0.000000,0.004500,0.001700,0.002700,0.007500,0.000000
1846,7.101309,5.483496,5.493400,5.342400,1176.000000,933488788.000000,1424890704.000000,252489728.000000,239255552.000000,1623855104.000000,0.000000,0.000000,2.165800,0.058900,0.021300,1.996700,0.012200,0.035100,0.013000,0.000500,0.000200,0.000800,0.003900,0.002600,0.002200,0.007200,0.000000
1847,7.104324,3.040505,3.043800,2.908000,1176.000000,933488812.000000,1424890704.000000,252489728.000000,239255552.000000,1623855104.000000,0.000000,0.000000,0.000800,0.000000,0.000000,0.000000,0.011300,0.000000,0.012000,0.000000,0.000000,0.000000,0.005300,0.002100,0.003000,0.007400,0.000000
1848,7.107161,2.874199,2.882200,2.757200,1176.000000,933489260.000000,1424890704.000000,252489728.000000,239255552.000000,1623855104.000000,0.000000,0.000000,0.000600,0.000000,0.000000,0.000000,0.010700,0.000000,0.012600,0.000000,0.000000,0.000000,0.003700,0.001900,0.003300,0.007600,0.000000
1849,7.110677,3.456796,3.428900,3.303100,1176.000000,933492980.000000,1424890704.000000,252489728.000000,239259648.000000,1623855104.000000,0.000000,0.000000,0.000800,0.000000,0.000000,0.000000,0.008500,0.000000,0.011700,0.000000,0.000000,0.000000,0.003700,0.001600,0.002500,0.006000,0.000000
1850,7.116057,5.369707,5.373300,5.229500,1176.000000,933488932.000000,1424890704.000000,252489728.000000,239259648.000000,1623855104.000000,0.000000,0.000000,2.080900,0.049400,0.021200,1.943600,0.012500,0.028200,0.011900,0.000500,0.000300,0.000900,0.004300,0.002500,0.002500,0.007600,0.000000
1851,7.119264,3.229996,3.223900,3.083700,1176.000000,933488980.000000,1424890704.000000,252489728.000000,239259648.000000,1623855104.000000,0.000000,0.000000,0.000800,0.000000,0.000000,0.000000,0.011900,0.000000,0.012700,0.000000,0.000000,0.000000,0.004500,0.002000,0.003000,0.007700,0.000000
1852,7.122221,2.997399,3.018800,2.885800,1176.000000,933503340.000000,1424890704.000000,252489728.000000,239259648.000000,1623855104.000000,0.000000,0.000000,0.000700,0.000000,0.000000,0.000000,0.011400,0.000000,0.012600,0.000000,0.000000,0.000000,0.004800,0.001900,0.002700,0.006800,0.000000
1853,7.125584,3.287805,3.067400,2.950500,1176.000000,933495340.000000,1424890704.000000,252489728.000000,239263744.000000,1623855104.000000,0.000000,0.000000,0.000600,0.000000,0.000000,0.000000,0.009500,0.000000,0.013000,0.000000,0.000000,0.000000,0.003600,0.001600,0.002400,0.006300,0.000000
1854,7.128622,3.077296,3.272200,2.945200,1176.000000,933492284.000000,1424890704.000000,252489728.000000,239263744.000000,1623855104.000000,0.000000,0.000000,0.000600,0.000000,0.000000,0.000000,0.011400,0.000000,0.012000,0.000000,0.000000,0.000000,0.005800,0.002300,0.003100,0.007700,0.000000
1855,7.133927,5.258999,5.243400,5.105400,1176.000000,933496420.000000,1424890704.000000,252489728.000000,239267840.000000,1623855104.000000,0.000000,0.000000,2.128800,0.047700,0.020300,1.995400,0.012000,0.025700,0.011900,0.000600,0.000200,0.000900,0.004600,0.002500,0.002600,0.007000,0.000000
1856,7.136931,3.051304,3.069200,2.925100,1176.000000,933496884.000000,1424890704.000000,252489728.000000,239267840.000000,1623855104.000000,0.000000,0.000000,0.000800,0.000000,0.000000,0.000000,0.012800,0.000000,0.013200,0.000000,0.000000,0.000000,0.005500,0.001900,0.003200,0.009000,0.000000
1857,7.139962,3.042496,3.035800,2.911800,1176.000000,933496468.000000,1424890704.000000,252489728.000000,239267840.000000,1623855104.000000,0.000000,0.000000,0.000700,0.000000,0.000000,0.000000,0.012500,0.000000,0.011600,0.000000,0.000000,0.000000,0.004300,0.002000,0.002700,0.007000,0.000000
1858,7.142962,2.991504,2.991100,2.863200,1176.000000,933496492.000000,1424890704.000000,252489728.000000,239267840.000000,1623855104.000000,0.000000,0.000000,0.000700,0.000000,0.000000,0.000000,0.010200,0.000000,0.012100,0.000000,0.000000,0.000000,0.004400,0.001700,0.002300,0.005900,0.000000
1859,7.146043,3.090696,3.083300,2.958200,1176.000000,933496516.000000,1424890704.000000,252489728.000000,239267840.000000,1623855104.000000,0.000000,0.000000,0.000600,0.000000,0.000000,0.000000,0.010900,0.000000,0.022100,0.000000,0.000000,0.000000,0.004800,0.001800,0.002800,0.006700,0.000000
1860,7.151348,5.295401,5.287500,5.158300,1176.000000,933501076.000000,1424890704.000000,252489728.000000,239271936.000000,1623855104.000000,0.000000,0.000000,2.160100,0.046100,0.020000,2.027500,0.010300,0.028400,0.011700,0.000500,0.000300,0.000700,0.004200,0.002400,0.002600,0.007400,0.000000
1861,7.154375,3.003699,3.002600,2.868400,1176.000000,933501932.000000,1424890704.000000,252489728.000000,239271936.000000,1623855104.000000,0.000000,0.000000,0.000700,0.000000,0.000000,0.000000,0.011500,0.000000,0.012500,0.000000,0.000000,0.000000,0.003900,0.001600,0.002600,0.006700,0.000000
1862,7.157365,3.034503,3.007000,2.880000,1176.000000,933500684.000000,1424890704.000000,252489728.000000,239271936.000000,1623855104.000000,0.000000,0.000000,0.000400,0.000000,0.000000,0.000000,0.011600,0.000000,0.012600,0.000000,0.000000,0.000000,0.004100,0.001900,0.003000,0.006100,0.000000
1863,7.160619,3.222697,3.235400,3.075500,1176.000000,933500708.000000,1424890704.000000,252489728.000000,239271936.000000,1623855104.000000,0.000000,0.000000,0.000900,0.000000,0.000000,0.000000,0.009600,0.000000,0.011800,0.000000,0.000000,0.000000,0.004000,0.001900,0.002700,0.005700,0.000000
1864,7.166764,6.142701,6.137500,5.997400,1176.000000,933501156.000000,1424890704.000000,252489728.000000,239271936.000000,1623855104.000000,0.000000,0.000000,2.929200,0.050400,0.020300,2.786800,0.011600,0.030700,0.013700,0.000500,0.000300,0.000600,0.004700,0.002500,0.003200,0.008500,0.000000
1865,7.170006,3.201800,3.144900,2.995200,1176.000000,933500780.000000,1424890704.000000,252489728.000000,239271936.000000,1623855104.000000,0.000000,0.000000,0.000600,0.000000,0.000000,0.000000,0.011600,0.000000,0.011700,0.000000,0.000000,0.000000,0.004600,0.001600,0.002900,0.007200,0.000000
1866,7.172865,2.865604,2.938600,2.753400,1176.000000,933508988.000000,1424890704.000000,252489728.000000,239280128.000000,1623855104.000000,0.000000,0.000000,0.000600,0.000000,0.000000,0.000000,0.018200,0.000000,0.012400,0.000000,0.000000,0.000000,0.004600,0.001700,0.003100,0.007400,0.000000
1867,7.176093,3.214102,3.169300,3.046700,1176.000000,933509020.000000,1424890704.000000,252489728.000000,239280128.000000,1623855104.000000,0.000000,0.000000,0.000800,0.000000,0.000000,0.000000,0.009700,0.000000,0.012200,0.000000,0.000000,0.000000,0.007700,0.001600,0.003500,0.007500,0.000000
1868,7.179365,3.277494,3.260700,3.089300,1176.000000,933523396.000000,1424890704.000000,252489728.000000,239280128.000000,1623855104.000000,0.000000,0.000000,0.001000,0.000000,0.000000,0.000000,0.011500,0.000000,0.012300,0.000000,0.000000,0.000000,0.005700,0.001600,0.003000,0.007700,0.000000
1869,7.184742,5.422102,5.448500,5.283200,1176.000000,933511708.000000,1424890704.000000,252489728.000000,239280128.000000,1623855104.000000,0.000000,0.000000,2.142000,0.050400,0.021900,1.999000,0.015000,0.029000,0.012500,0.000500,0.000300,0.000500,0.004400,0.002400,0.003100,0.007400,0.000000
1870,7.187747,3.016702,3.031600,2.891900,1176.000000,933509092.000000,1424890704.000000,252489728.000000,239280128.000000,1623855104.000000,0.000000,0.000000,0.000800,0.000000,0.000000,0.000000,0.012300,0.000000,0.012600,0.000000,0.000000,0.000000,0.004100,0.001800,0.002800,0.007500,0.000000
1871,7.191064,3.321698,3.313000,3.186800,1176.000000,933513228.000000,1424890704.000000,252489728.000000,239284224.000000,1623855104.000000,0.000000,0.000000,0.000900,0.000000,0.000000,0.000000,0.010100,0.000000,0.011800,0.000000,0.000000,0.000000,0.004500,0.002000,0.002600,0.007500,0.000000
1872,7.194084,2.989498,2.987700,2.858900,1176.000000,933513692.000000,1424890704.000000,252489728.000000,239284224.000000,1623855104.000000,0.000000,0.000000,0.000600,0.000000,0.000000,0.000000,0.010300,0.000000,0.011700,0.000000,0.000000,0.000000,0.004100,0.001700,0.002600,0.007100,0.000000
1873,7.199362,5.292000,5.276300,5.144200,1176.000000,933513276.000000,1424890704.000000,252489728.000000,239284224.000000,1623855104.000000,0.000000,0.000000,2.092600,0.049700,0.020100,1.956000,0.011400,0.026500,0.011400,0.000500,0.000400,0.000700,0.004900,0.002400,0.002500,0.006900,0.000000
1874,7.202152,2.834800,2.859300,2.720900,1176.000000,933513300.000000,1424890704.000000,252489728.000000,239284224.000000,1623855104.000000,0.000000,0.000000,0.000700,0.000000,0.000000,0.000000,0.011500,0.000000,0.012100,0.000000,0.000000,0.000000,0.004800,0.001900,0.002800,0.006900,0.000000
1875,7.205362,3.168800,3.145500,3.029100,1176.000000,933513324.000000,1424890704.000000,252489728.000000,239284224.000000,1623855104.000000,0.000000,0.000000,0.000700,0.000000,0.000000,0.000000,0.009800,0.000000,0.010900,0.000000,0.000000,0.000000,0.004300,0.001500,0.002500,0.006000,0.000000
1876,7.208229,2.886600,2.899500,2.771700,1176.000000,933513788.000000,1424890704.000000,252489728.000000,239284224.000000,1623855104.000000,0.000000,0.000000,0.000800,0.000000,0.000000,0.000000,0.011200,0.000000,0.011900,0.000000,0.000000,0.000000,0.004600,0.001800,0.002700,0.007200,0.000000
1877,7.211208,2.985303,2.960100,2.843500,1176.000000,933517892.000000,1424890704.000000,252489728.000000,239288320.000000,1623855104.000000,0.000000,0.000000,0.000700,0.000000,0.000000,0.000000,0.009900,0.000000,0.011500,0.000000,0.000000,0.000000,0.004200,0.001700,0.002500,0.005000,0.000000
1878,7.216447,5.197903,5.198200,5.054600,1176.000000,933517068.000000,1424890704.000000,252489728.000000,239288320.000000,1623855104.000000,0.000000,0.000000,2.079800,0.044000,0.019100,1.956800,0.010500,0.022500,0.012000,0.000500,0.000300,0.000600,0.003800,0.002600,0.002400,0.006800,0.000000
1879,7.219662,3.204195,3.190600,3.050700,1176.000000,933521188.000000,1424890704.000000,252489728.000000,239292416.000000,1623855104.000000,0.000000,0.000000,0.000600,0.000000,0.000000,0.000000,0.011600,0.000000,0.011600,0.000000,0.000000,0.000000,0.004300,0.001700,0.002500,0.006700,0.000000
1880,7.222770,3.145004,3.149500,3.006700,1176.000000,933521652.000000,1424890704.000000,252489728.000000,239292416.000000,1623855104.000000,0.000000,0.000000,0.000600,0.000000,0.000000,0.000000,0.013400,0.000000,0.013800,0.000000,0.000000,0.000000,0.005200,0.001900,0.003100,0.007600,0.000000
1881,7.225721,2.956200,2.965700,2.829200,1176.000000,933521260.000000,1424890704.000000,252489728.000000,239292416.000000,1623855104.000000,0.000000,0.000000,0.000700,0.000000,0.000000,0.000000,0.010900,0.000000,0.012200,0.000000,0.000000,0.000000,0.004100,0.002100,0.002800,0.007400,0.000000
1882,7.228946,3.199100,3.152000,3.021600,1176.000000,933521276.000000,1424890704.000000,252489728.000000,239292416.000000,1623855104.000000,0.000000,0.000000,0.000700,0.000000,0.000000,0.000000,0.010500,0.000000,0.012400,0.000000,0.000000,0.000000,0.004400,0.001800,0.002800,0.006500,0.000000
1883,7.234537,5.534694,5.483300,5.309900,1176.000000,933525804.000000,1424890704.000000,252489728.000000,239296512.000000,1623855104.000000,0.000000,0.000000,2.123700,0.049200,0.022100,1.995700,0.012500,0.018700,0.014200,0.000500,0.000300,0.000900,0.005000,0.002500,0.003100,0.007100,0.000000
1884,7.237589,3.120302,3.205600,2.996700,1176.000000,933539780.000000,1424890704.000000,252489728.000000,239296512.000000,1623855104.000000,0.000000,0.000000,0.000600,0.000000,0.000000,0.000000,0.015200,0.000000,0.015100,0.000000,0.000000,0.000000,0.005600,0.002100,0.003000,0.007500,0.000000
1885,7.241106,3.459701,3.420500,3.279400,1176.000000,933527668.000000,1424890704.000000,252489728.000000,239296512.000000,1623855104.000000,0.000000,0.000000,0.000600,0.000000,0.000000,0.000000,0.010400,0.000000,0.014100,0.000000,0.000000,0.000000,0.005200,0.002600,0.002700,0.007500,0.000000
1886,7.244579,3.448200,3.429600,3.251100,1176.000000,933525052.000000,1424890704.000000,252489728.000000,239296512.000000,1623855104.000000,0.000000,0.000000,0.000800,0.000000,0.000000,0.000000,0.014100,0.000000,0.013100,0.000000,0.000000,0.000000,0.004700,0.002600,0.003200,0.008800,0.000000
1887,7.250327,5.784999,5.804600,5.623800,1176.000000,933525092.000000,1424890704.000000,252489728.000000,239296512.000000,1623855104.000000,0.000000,0.000000,2.292400,0.058700,0.025100,2.125400,0.016000,0.030900,0.013000,0.000600,0.000300,0.000700,0.005800,0.003000,0.003300,0.008600,0.000000
1888,7.253531,3.196301,3.203400,3.045600,1176.000000,933529652.000000,1424890704.000000,252489728.000000,239300608.000000,1623855104.000000,0.000000,0.000000,0.000700,0.000000,0.000000,0.000000,0.015200,0.000000,0.013600,0.000000,0.000000,0.000000,0.005200,0.002100,0.003100,0.007700,0.000000
1889,7.256673,3.199603,3.205700,3.063700,1176.000000,933529236.000000,1424890704.000000,252489728.000000,239300608.000000,1623855104.000000,0.000000,0.000000,0.000700,0.000000,0.000000,0.000000,0.011700,0.000000,0.012800,0.000000,0.000000,0.000000,0.005000,0.002300,0.002800,0.007500,0.000000
1890,7.259900,3.209800,3.172900,3.018900,1176.000000,933529260.000000,1424890704.000000,252489728.000000,239300608.000000,1623855104.000000,0.000000,0.000000,0.000700,0.000000,0.000000,0.000000,0.011500,0.000000,0.012900,0.000000,0.000000,0.000000,0.004500,0.001500,0.002600,0.007300,0.000000
1891,7.262771,2.905995,2.947500,2.787800,1176.000000,933533380.000000,1424890704.000000,252489728.000000,239304704.000000,1623855104.000000,0.000000,0.000000,0.000700,0.000000,0.000000,0.000000,0.012400,0.000000,0.013200,0.000000,0.000000,0.000000,0.004700,0.001600,0.002800,0.007500,0.000000
1892,7.269031,6.199100,6.079200,5.951800,1176.000000,933534268.000000,1424890704.000000,252489728.000000,239304704.000000,1623855104.000000,0.000000,0.000000,2.888500,0.055900,0.019900,2.744600,0.009800,0.034300,0.012100,0.000600,0.000300,0.000800,0.004300,0.002400,0.002800,0.009800,0.000000
1893,7.272059,3.015703,3.117100,2.883400,1176.000000,933534852.000000,1424890704.000000,252489728.000000,239304704.000000,1623855104.000000,0.000000,0.000000,0.000700,0.000000,0.000000,0.000000,0.014600,0.000000,0.013100,0.000000,0.000000,0.000000,0.005300,0.002300,0.003200,0.008200,0.000000
1894,7.275801,3.754797,3.331100,3.194800,1176.000000,933538124.000000,1424890704.000000,252489728.000000,239308800.000000,1623855104.000000,0.000000,0.000000,0.000800,0.000000,0.000000,0.000000,0.012500,0.000000,0.011800,0.000000,0.000000,0.000000,0.004700,0.001600,0.002900,0.007900,0.000000
1895,7.282344,6.568105,6.932800,6.381000,1176.000000,933538572.000000,1424890704.000000,252489728.000000,239308800.000000,1623855104.000000,0.000000,0.000000,0.000900,0.000000,0.000000,0.000000,0.012600,0.000000,0.013700,0.000000,0.000000,0.000000,0.004900,0.002100,0.003300,0.006700,0.000000
1896,7.287651,5.308397,5.336200,5.150000,1176.000000,933538156.000000,1424890704.000000,252489728.000000,239308800.000000,1623855104.000000,0.000000,0.000000,2.178100,0.050300,0.021000,2.037600,0.012200,0.028700,0.013700,0.000600,0.000300,0.000900,0.005100,0.002600,0.003400,0.009300,0.000000
1897,7.293552,5.867000,5.864400,5.707200,1228.000000,933537780.000000,1424890704.000000,252489728.000000,239308800.000000,1623855104.000000,0.000000,0.000000,0.000700,0.000000,0.000000,0.000000,0.012600,0.000000,0.011500,0.000000,0.000000,0.000000,0.004600,0.001500,0.003000,0.005800,0.000000
1898,7.300072,6.535601,6.543300,6.374700,1176.000000,933537796.000000,1424890704.000000,252489728.000000,239308800.000000,1623855104.000000,0.000000,0.000000,2.953800,0.047400,0.020500,2.814700,0.011400,0.028700,0.012500,0.000600,0.000300,0.000700,0.005500,0.002700,0.003600,0.008100,0.000000
1899,7.303072,3.056902,3.071700,2.934400,1176.000000,933551628.000000,1424890704.000000,252489728.000000,239312896.000000,1623867392.000000,0.000000,0.000000,0.000600,0.000000,0.000000,0.000000,0.012500,0.000000,0.012600,0.000000,0.000000,0.000000,0.004400,0.001900,0.003100,0.007300,0.000000
1900,7.307151,4.062897,4.052600,3.931200,1176.000000,933567076.000000,1424890704.000000,252489728.000000,239312896.000000,1623867392.000000,0.000000,0.000000,0.000600,0.000000,0.000000,0.000000,0.010100,0.000000,0.011700,0.000000,0.000000,0.000000,0.004300,0.001700,0.002400,0.006200,0.000000
1901,7.310243,3.087004,3.086700,2.957300,1176.000000,933554964.000000,1424890704.000000,252489728.000000,239312896.000000,1623867392.000000,0.000000,0.000000,0.000700,0.000000,0.000000,0.000000,0.011100,0.000000,0.013000,0.000000,0.000000,0.000000,0.004100,0.002300,0.002700,0.007200,0.000000
1902,7.316144,5.869997,5.856700,5.724700,1176.000000,933552348.000000,1424890704.000000,252489728.000000,239312896.000000,1623867392.000000,0.000000,0.000000,2.079300,0.048000,0.020400,1.946000,0.012000,0.027100,0.011200,0.000500,0.000400,0.000700,0.004500,0.002500,0.002600,0.007600,0.000000
1903,7.320733,4.612096,4.610900,4.473900,1176.000000,933552388.000000,1424890704.000000,252489728.000000,239312896.000000,1623867392.000000,0.000000,0.000000,0.000600,0.000000,0.000000,0.000000,0.011400,0.000000,0.012900,0.000000,0.000000,0.000000,0.004800,0.002000,0.003200,0.007300,0.000000
1904,7.325490,4.731505,4.724800,4.588600,1176.000000,933556948.000000,1424890704.000000,252489728.000000,239316992.000000,1623867392.000000,0.000000,0.000000,0.000600,0.000000,0.000000,0.000000,0.010700,0.000000,0.011900,0.000000,0.000000,0.000000,0.004600,0.001900,0.003000,0.006900,0.000000
1905,7.329650,4.170798,4.148100,4.006200,1176.000000,933561052.000000,1424890704.000000,252489728.000000,239321088.000000,1623867392.000000,0.000000,0.000000,0.000700,0.000000,0.000000,0.000000,0.013000,0.000000,0.014100,0.000000,0.000000,0.000000,0.005100,0.001800,0.003100,0.007500,0.000000
1906,7.335845,6.190101,6.178700,6.018600,1176.000000,933560652.000000,1424890704.000000,252489728.000000,239321088.000000,1623867392.000000,0.000000,0.000000,2.566700,0.049100,0.018700,2.437100,0.011700,0.024400,0.012800,0.000500,0.000300,0.000700,0.005200,0.002400,0.003300,0.007900,0.000000
1907,7.340808,4.993403,5.026700,4.850500,1176.000000,933560676.000000,1424890704.000000,252489728.000000,239321088.000000,1623867392.000000,0.000000,0.000000,0.000700,0.000000,0.000000,0.000000,0.012500,0.000000,0.012300,0.000000,0.000000,0.000000,0.005000,0.002000,0.003200,0.008000,0.000000
1908,7.345788,4.958397,4.946500,4.814600,1176.000000,933561140.000000,1424890704.000000,252489728.000000,239321088.000000,1623867392.000000,0.000000,0.000000,0.000600,0.000000,0.000000,0.000000,0.010500,0.000000,0.095300,0.000000,0.000000,0.000000,0.004700,0.001800,0.002900,0.007000,0.000000
1909,7.351038,5.243998,5.227900,5.086000,1176.000000,933561572.000000,1424890704.000000,252489728.000000,239321088.000000,1623867392.000000,0.000000,0.000000,1.942400,0.049100,0.018900,1.806000,0.011300,0.027200,0.011200,0.000600,0.000200,0.000600,0.005400,0.002400,0.003400,0.007100,0.000000
1910,7.354703,3.647499,3.655800,3.505900,1176.000000,933560748.000000,1424890704.000000,252489728.000000,239321088.000000,1623867392.000000,0.000000,0.000000,0.000800,0.000000,0.000000,0.000000,0.013000,0.000000,0.012100,0.000000,0.000000,0.000000,0.004900,0.001900,0.003100,0.007400,0.000000
1911,7.359746,5.042304,5.041400,4.902200,1176.000000,933564868.000000,1424890704.000000,252489728.000000,239325184.000000,1623867392.000000,0.000000,0.000000,0.000800,0.000000,0.000000,0.000000,0.011700,0.000000,0.012600,0.000000,0.000000,0.000000,0.005200,0.001900,0.003300,0.007100,0.000000
1912,7.364316,4.597796,4.590500,4.448300,1176.000000,933565332.000000,1424890704.000000,252489728.000000,239325184.000000,1623867392.000000,0.000000,0.000000,0.000800,0.000000,0.000000,0.000000,0.011600,0.000000,0.012000,0.000000,0.000000,0.000000,0.005200,0.001900,0.003100,0.007300,0.000000
1913,7.369989,5.678302,5.679400,5.536600,1176.000000,933569412.000000,1424890704.000000,252489728.000000,239325184.000000,1623867392.000000,0.000000,0.000000,1.926500,0.056000,0.020000,1.782700,0.011100,0.028800,0.011700,0.000500,0.000200,0.000600,0.004800,0.002200,0.003000,0.007100,0.000000
1914,7.372786,2.855003,2.880400,2.752000,1176.000000,933569428.000000,1424890704.000000,252489728.000000,239325184.000000,1623867392.000000,0.000000,0.000000,0.000600,0.000000,0.000000,0.000000,0.012000,0.000000,0.012000,0.000000,0.000000,0.000000,0.004900,0.001900,0.003000,0.007500,0.000000
1915,7.376958,4.092099,4.057300,3.943200,1176.000000,933569884.000000,1424890704.000000,252489728.000000,239325184.000000,1623867392.000000,0.000000,0.000000,0.000700,0.000000,0.000000,0.000000,0.008900,0.000000,0.011800,0.000000,0.000000,0.000000,0.003800,0.001300,0.002200,0.005500,0.000000
1916,7.382969,6.042602,6.050800,5.911400,1176.000000,933585579.000000,1424890704.000000,252489728.000000,239329280.000000,1623867392.000000,0.000000,0.000000,2.496400,0.055500,0.019800,2.348800,0.011600,0.036100,0.012400,0.000500,0.000200,0.001800,0.004900,0.002600,0.002900,0.007800,0.000000
1917,7.386473,3.507993,3.482500,3.352100,1176.000000,933575444.000000,1424890704.000000,252489728.000000,239333376.000000,1623867392.000000,0.000000,0.000000,0.000800,0.000000,0.000000,0.000000,0.011000,0.000000,0.011800,0.000000,0.000000,0.000000,0.004800,0.001700,0.002700,0.008000,0.000000
1918,7.390365,3.878203,3.889400,3.738200,1176.000000,933572828.000000,1424890704.000000,252489728.000000,239333376.000000,1623867392.000000,0.000000,0.000000,0.000600,0.000000,0.000000,0.000000,0.011000,0.000000,0.011200,0.000000,0.000000,0.000000,0.004700,0.001700,0.002700,0.006300,0.000000
1919,7.396161,5.747300,5.728900,5.585300,1176.000000,933572868.000000,1424890704.000000,252489728.000000,239333376.000000,1623867392.000000,0.000000,0.000000,0.000700,0.000000,0.000000,0.000000,0.012300,0.000000,0.012300,0.000000,0.000000,0.000000,0.004400,0.001900,0.003200,0.007700,0.000000
1920,7.401686,5.486097,5.444000,5.280700,1176.000000,933573332.000000,1424890704.000000,252489728.000000,239333376.000000,1623867392.000000,0.000000,0.000000,2.047400,0.048900,0.020500,1.907300,0.013000,0.027300,0.011800,0.000600,0.000300,0.000700,0.005800,0.002600,0.004100,0.008800,0.000000
1921,7.405921,4.290101,4.305700,4.115300,1176.000000,933572916.000000,1424890704.000000,252489728.000000,239333376.000000,1623867392.000000,0.000000,0.000000,0.000900,0.000000,0.000000,0.000000,0.019800,0.000000,0.013300,0.000000,0.000000,0.000000,0.005900,0.002700,0.003400,0.009900,0.000000
1922,7.410200,4.310905,4.334700,4.164100,1176.000000,933577036.000000,1424890704.000000,252489728.000000,239337472.000000,1623867392.000000,0.000000,0.000000,0.000700,0.000000,0.000000,0.000000,0.012700,0.000000,0.012900,0.000000,0.000000,0.000000,0.005700,0.001900,0.003200,0.008400,0.000000
1923,7.416481,6.196896,6.189900,6.046800,1176.000000,933577060.000000,1424890704.000000,252489728.000000,239337472.000000,1623867392.000000,0.000000,0.000000,1.999600,0.047200,0.018000,1.876800,0.010700,0.019800,0.011500,0.000700,0.000300,0.000600,0.004600,0.002400,0.003200,0.007200,0.000000
1924,7.421123,4.727501,4.735900,4.590100,1176.000000,933579643.000000,1424890704.000000,252489728.000000,239337472.000000,1623867392.000000,0.000000,0.000000,0.000900,0.000000,0.000000,0.000000,0.012800,0.000000,0.012700,0.000000,0.000000,0.000000,0.005600,0.002300,0.003100,0.006200,0.000000
1925,7.425470,4.344600,4.340400,4.202700,1176.000000,933578380.000000,1424890704.000000,252489728.000000,239337472.000000,1623867392.000000,0.000000,0.000000,0.000900,0.000000,0.000000,0.000000,0.011500,0.000000,0.012900,0.000000,0.000000,0.000000,0.004000,0.002000,0.003200,0.008100,0.000000
1926,7.430144,4.661402,4.602400,4.447500,1176.000000,933577132.000000,1424890704.000000,252489728.000000,239337472.000000,1623867392.000000,0.000000,0.000000,0.000700,0.000000,0.000000,0.000000,0.011300,0.000000,0.012600,0.000000,0.000000,0.000000,0.004600,0.001800,0.002800,0.007800,0.000000
1927,7.437036,6.895196,6.923300,6.740000,1176.000000,933581252.000000,1424890704.000000,252489728.000000,239341568.000000,1623867392.000000,0.000000,0.000000,2.750100,0.045600,0.016700,2.619700,0.014100,0.027700,0.011400,0.000600,0.000300,0.000500,0.004800,0.002400,0.002800,0.006900,0.000000
1928,7.439954,2.934800,2.963100,2.810800,1176.000000,933581716.000000,1424890704.000000,252489728.000000,239341568.000000,1623867392.000000,0.000000,0.000000,0.000600,0.000000,0.000000,0.000000,0.012400,0.000000,0.011600,0.000000,0.000000,0.000000,0.004700,0.001600,0.003100,0.007100,0.000000
1929,7.442872,2.925404,2.909100,2.787300,1176.000000,933581324.000000,1424890704.000000,252489728.000000,239341568.000000,1623867392.000000,0.000000,0.000000,0.000600,0.000000,0.000000,0.000000,0.010300,0.000000,0.011700,0.000000,0.000000,0.000000,0.004900,0.001700,0.002300,0.007900,0.000000
1930,7.446418,3.533801,3.534200,3.394500,1176.000000,933574628.000000,1424890704.000000,252489728.000000,239345664.000000,1623867392.000000,0.000000,0.000000,0.000600,0.000000,0.000000,0.000000,0.012300,0.000000,0.011200,0.000000,0.000000,0.000000,0.003600,0.001600,0.002500,0.006600,0.000000
1931,7.452224,5.807497,5.804800,5.670400,1176.000000,933579180.000000,1424890704.000000,252489728.000000,239349760.000000,1623867392.000000,0.000000,0.000000,2.179700,0.050700,0.020300,2.041300,0.011000,0.028500,0.011300,0.000600,0.000200,0.000700,0.004900,0.002300,0.003200,0.007600,0.000000
1932,7.456538,4.186898,4.127200,3.979900,1176.000000,933593556.000000,1424890704.000000,252489728.000000,239349760.000000,1623867392.000000,0.000000,0.000000,0.000700,0.000000,0.000000,0.000000,0.012200,0.000000,0.015400,0.000000,0.000000,0.000000,0.004600,0.001400,0.002800,0.006800,0.000000
1933,7.460467,4.032101,4.070500,3.883700,1176.000000,933585540.000000,1424890704.000000,252489728.000000,239353856.000000,1623867392.000000,0.000000,0.000000,0.000800,0.000000,0.000000,0.000000,0.016600,0.000000,0.016700,0.000000,0.000000,0.000000,0.007300,0.002900,0.003400,0.011000,0.000000
1934,7.466297,5.827601,5.820100,5.668300,1176.000000,933582500.000000,1424890704.000000,252489728.000000,239353856.000000,1623867392.000000,0.000000,0.000000,2.385800,0.050900,0.020600,2.245400,0.011900,0.027500,0.012100,0.000500,0.000200,0.000900,0.005800,0.002700,0.003200,0.008400,0.000000
1935,7.469578,3.253501,3.229500,3.070400,1176.000000,933582964.000000,1424890704.000000,252489728.000000,239353856.000000,1623867392.000000,0.000000,0.000000,0.000700,0.000000,0.000000,0.000000,0.013200,0.000000,0.013900,0.000000,0.000000,0.000000,0.005100,0.002000,0.013300,0.008000,0.000000
1936,7.472546,3.025801,3.064400,2.903100,1176.000000,933583004.000000,1424890704.000000,252489728.000000,239353856.000000,1623867392.000000,0.000000,0.000000,0.000900,0.000000,0.000000,0.000000,0.016000,0.000000,0.014100,0.000000,0.000000,0.000000,0.006400,0.002800,0.002900,0.008800,0.000000
1937,7.476027,3.179698,3.096500,2.963900,1176.000000,933582588.000000,1424890704.000000,252489728.000000,239353856.000000,1623867392.000000,0.000000,0.000000,0.000700,0.000000,0.000000,0.000000,0.011000,0.000000,0.011500,0.000000,0.000000,0.000000,0.004300,0.001800,0.003000,0.006800,0.000000
1938,7.479537,3.777204,3.794500,3.562300,1176.000000,933582612.000000,1424890704.000000,252489728.000000,239353856.000000,1623867392.000000,0.000000,0.000000,0.000800,0.000000,0.000000,0.000000,0.012500,0.000000,0.013000,0.000000,0.000000,0.000000,0.006000,0.001700,0.003100,0.008000,0.000000
1939,7.485130,5.589498,5.609100,5.419500,1176.000000,933586732.000000,1424890704.000000,252489728.000000,239357952.000000,1623867392.000000,0.000000,0.000000,2.084000,0.049700,0.021500,1.953100,0.013100,0.020200,0.011800,0.000600,0.000200,0.000800,0.005000,0.002700,0.003400,0.007400,0.000000
1940,7.488516,3.362996,3.310300,3.139500,1176.000000,933587196.000000,1424890704.000000,252489728.000000,239357952.000000,1623867392.000000,0.000000,0.000000,0.000800,0.000000,0.000000,0.000000,0.014900,0.000000,0.013400,0.000000,0.000000,0.000000,0.005600,0.002000,0.003200,0.007200,0.000000
1941,7.491628,3.151006,3.217000,3.007200,1228.000000,933587628.000000,1424890704.000000,252489728.000000,239357952.000000,1623867392.000000,0.000000,0.000000,0.000700,0.000000,0.000000,0.000000,0.013900,0.000000,0.013700,0.000000,0.000000,0.000000,0.005800,0.002100,0.004100,0.008800,0.000000
1942,7.495197,3.527700,3.501600,3.354100,1176.000000,933590900.000000,1424890704.000000,252489728.000000,239362048.000000,1623867392.000000,0.000000,0.000000,0.000600,0.000000,0.000000,0.000000,0.011000,0.000000,0.012000,0.000000,0.000000,0.000000,0.004900,0.001800,0.003400,0.006600,0.000000
1943,7.500904,5.728097,5.732500,5.551100,1176.000000,933590924.000000,1424890704.000000,252489728.000000,239362048.000000,1623867392.000000,0.000000,0.000000,2.154500,0.048600,0.021900,2.020100,0.014400,0.024100,0.014000,0.000600,0.000400,0.000700,0.005800,0.002800,0.003600,0.008500,0.000000
1944,7.504222,3.328501,3.332100,3.178000,1176.000000,933595484.000000,1424890704.000000,252489728.000000,239366144.000000,1623867392.000000,0.000000,0.000000,0.000700,0.000000,0.000000,0.000000,0.014000,0.000000,0.013900,0.000000,0.000000,0.000000,0.005100,0.002000,0.002800,0.007700,0.000000
1945,7.507305,3.108999,3.112000,2.966600,1176.000000,933595092.000000,1424890704.000000,252489728.000000,239366144.000000,1623867392.000000,0.000000,0.000000,0.000600,0.000000,0.000000,0.000000,0.012700,0.000000,0.013300,0.000000,0.000000,0.000000,0.005600,0.002000,0.003400,0.008000,0.000000
1946,7.510823,3.487302,3.473600,3.329000,1176.000000,933595108.000000,1424890704.000000,252489728.000000,239366144.000000,1623867392.000000,0.000000,0.000000,0.000500,0.000000,0.000000,0.000000,0.011200,0.000000,0.012700,0.000000,0.000000,0.000000,0.004700,0.002000,0.003000,0.007500,0.000000
1947,7.516559,5.704401,5.695000,5.537500,1176.000000,933595564.000000,1424890704.000000,252489728.000000,239366144.000000,1623867392.000000,0.000000,0.000000,2.163600,0.052100,0.021700,2.023300,0.012800,0.023300,0.013100,0.000600,0.000300,0.001100,0.005100,0.003200,0.003400,0.010400,0.000000
1948,7.520286,3.706300,3.684100,3.523100,1176.000000,933610076.000000,1424890704.000000,252489728.000000,239366144.000000,1623867392.000000,0.000000,0.000000,0.000900,0.000000,0.000000,0.000000,0.013400,0.000000,0.013000,0.000000,0.000000,0.000000,0.005200,0.001600,0.003200,0.007800,0.000000
1949,7.523777,3.534999,3.545300,3.372400,1176.000000,933597964.000000,1424890704.000000,252489728.000000,239366144.000000,1623867392.000000,0.000000,0.000000,0.000800,0.000000,0.000000,0.000000,0.017700,0.000000,0.014800,0.000000,0.000000,0.000000,0.005900,0.002300,0.003600,0.008900,0.000000
1950,7.527146,3.399299,3.354600,3.196300,1176.000000,933599444.000000,1424890704.000000,252489728.000000,239370240.000000,1623867392.000000,0.000000,0.000000,0.000800,0.000000,0.000000,0.000000,0.013900,0.000000,0.014000,0.000000,0.000000,0.000000,0.005800,0.002000,0.003200,0.007600,0.000000
1951,7.532885,5.714902,5.754400,5.549400,1176.000000,933599588.000000,1424890704.000000,252489728.000000,239370240.000000,1623867392.000000,0.000000,0.000000,2.652200,0.178700,0.020400,2.338900,0.011900,0.035900,0.012900,0.000500,0.000200,0.000900,0.004700,0.003000,0.003000,0.012400,0.000000
1952,7.536198,3.288903,3.278000,3.113900,1176.000000,933600036.000000,1424890704.000000,252489728.000000,239370240.000000,1623867392.000000,0.000000,0.000000,0.000500,0.000000,0.000000,0.000000,0.013700,0.000000,0.012000,0.000000,0.000000,0.000000,0.005600,0.001800,0.003300,0.006900,0.000000
1953,7.539488,3.343594,3.342300,3.181800,1176.000000,933599636.000000,1424890704.000000,252489728.000000,239370240.000000,1623867392.000000,0.000000,0.000000,0.000700,0.000000,0.000000,0.000000,0.014200,0.000000,0.011900,0.000000,0.000000,0.000000,0.005000,0.002000,0.003000,0.071200,0.000000
1954,7.542708,3.216504,3.208400,3.050700,1176.000000,933599660.000000,1424890704.000000,252489728.000000,239370240.000000,1623867392.000000,0.000000,0.000000,0.000600,0.000000,0.000000,0.000000,0.012300,0.000000,0.012500,0.000000,0.000000,0.000000,0.004900,0.002100,0.003200,0.008200,0.000000
1955,7.545984,3.287798,3.312000,3.172300,1176.000000,933607436.000000,1424890704.000000,252489728.000000,239378432.000000,1623867392.000000,0.000000,0.000000,0.000800,0.000000,0.000000,0.000000,0.010400,0.000000,0.012800,0.000000,0.000000,0.000000,0.004600,0.001800,0.003500,0.006700,0.000000
1956,7.551421,5.430499,5.426500,5.243400,1176.000000,933607900.000000,1424890704.000000,252489728.000000,239378432.000000,1623867392.000000,0.000000,0.000000,2.162300,0.047900,0.020600,2.024300,0.011200,0.028000,0.012000,0.000600,0.000200,0.000700,0.004500,0.002200,0.002600,0.007300,0.000000
1957,7.554491,3.057901,3.060900,2.922900,1176.000000,933608756.000000,1424890704.000000,252489728.000000,239378432.000000,1623867392.000000,0.000000,0.000000,0.000700,0.000000,0.000000,0.000000,0.012100,0.000000,0.012300,0.000000,0.000000,0.000000,0.004600,0.001700,0.002500,0.005400,0.000000
1958,7.557275,2.839605,2.848700,2.721900,1176.000000,933607508.000000,1424890704.000000,252489728.000000,239378432.000000,1623867392.000000,0.000000,0.000000,0.000600,0.000000,0.000000,0.000000,0.010200,0.000000,0.013000,0.000000,0.000000,0.000000,0.004400,0.002000,0.003200,0.007000,0.000000
1959,7.560578,3.238400,3.209900,3.085500,1176.000000,933607532.000000,1424890704.000000,252489728.000000,239378432.000000,1623867392.000000,0.000000,0.000000,0.000800,0.000000,0.000000,0.000000,0.010100,0.000000,0.011100,0.000000,0.000000,0.000000,0.003600,0.001800,0.002200,0.006400,0.000000
1960,7.566729,6.169494,6.176800,6.032000,1176.000000,933607980.000000,1424890704.000000,252489728.000000,239378432.000000,1623867392.000000,0.000000,0.000000,2.892800,0.052400,0.020400,2.743200,0.012200,0.032200,0.015000,0.000600,0.000200,0.001400,0.006100,0.003300,0.003300,0.010200,0.000000
1961,7.569829,3.099801,3.087800,2.954300,1176.000000,933611700.000000,1424890704.000000,252489728.000000,239382528.000000,1623867392.000000,0.000000,0.000000,0.000700,0.000000,0.000000,0.000000,0.011400,0.000000,0.011200,0.000000,0.000000,0.000000,0.004300,0.001800,0.002600,0.007100,0.000000
1962,7.572616,2.822598,2.840400,2.705400,1176.000000,933611716.000000,1424890704.000000,252489728.000000,239382528.000000,1623867392.000000,0.000000,0.000000,0.000600,0.000000,0.000000,0.000000,0.011800,0.000000,0.012600,0.000000,0.000000,0.000000,0.004500,0.001800,0.002800,0.007300,0.000000
1963,7.575903,3.237705,3.171400,3.047400,1176.000000,933611748.000000,1424890704.000000,252489728.000000,239382528.000000,1623867392.000000,0.000000,0.000000,0.000600,0.000000,0.000000,0.000000,0.009000,0.000000,0.012000,0.000000,0.000000,0.000000,0.004200,0.001700,0.002700,0.006500,0.000000
1964,7.578995,3.122796,3.178000,2.994700,1176.000000,933626124.000000,1424890704.000000,252489728.000000,239382528.000000,1623867392.000000,0.000000,0.000000,0.000700,0.000000,0.000000,0.000000,0.011400,0.000000,0.012400,0.000000,0.000000,0.000000,0.004700,0.001900,0.002700,0.007300,0.000000
1965,7.584874,5.854805,5.830300,5.700600,1176.000000,933614012.000000,1424890704.000000,252489728.000000,239382528.000000,1623867392.000000,0.000000,0.000000,2.554200,0.045300,0.017700,2.425900,0.010400,0.026100,0.021700,0.000500,0.000300,0.000700,0.004600,0.002400,0.002600,0.006900,0.000000
1966,7.587795,2.956300,2.975100,2.831000,1176.000000,933611396.000000,1424890704.000000,252489728.000000,239382528.000000,1623867392.000000,0.000000,0.000000,0.000600,0.000000,0.000000,0.000000,0.012700,0.000000,0.012500,0.000000,0.000000,0.000000,0.004200,0.001900,0.002600,0.006500,0.000000
1967,7.591013,3.192297,3.055900,2.929600,1176.000000,933615532.000000,1424890704.000000,252489728.000000,239386624.000000,1623867392.000000,0.000000,0.000000,0.000700,0.000000,0.000000,0.000000,0.010000,0.000000,0.011800,0.000000,0.000000,0.000000,0.004300,0.001800,0.002800,0.006400,0.000000
1968,7.593951,2.927097,3.058500,2.809100,1176.000000,933620092.000000,1424890704.000000,252489728.000000,239390720.000000,1623867392.000000,0.000000,0.000000,0.000600,0.000000,0.000000,0.000000,0.011800,0.000000,0.011700,0.000000,0.000000,0.000000,0.004400,0.001800,0.002700,0.006800,0.000000
1969,7.599240,5.295599,5.277400,5.150300,1176.000000,933620100.000000,1424890704.000000,252489728.000000,239390720.000000,1623867392.000000,0.000000,0.000000,2.086500,0.052200,0.018900,1.955600,0.010500,0.023500,0.011300,0.000600,0.000200,0.000900,0.004700,0.002600,0.002700,0.007100,0.000000
1970,7.602082,2.883305,2.903200,2.767700,1176.000000,933620124.000000,1424890704.000000,252489728.000000,239390720.000000,1623867392.000000,0.000000,0.000000,0.000700,0.000000,0.000000,0.000000,0.012100,0.000000,0.011700,0.000000,0.000000,0.000000,0.004700,0.001900,0.003100,0.007600,0.000000
1971,7.605282,3.167000,3.150100,3.033900,1176.000000,933620148.000000,1424890704.000000,252489728.000000,239390720.000000,1623867392.000000,0.000000,0.000000,0.000600,0.000000,0.000000,0.000000,0.009600,0.000000,0.011900,0.000000,0.000000,0.000000,0.004600,0.001500,0.002500,0.006900,0.000000
1972,7.608289,2.999100,2.971400,2.840300,1176.000000,933624708.000000,1424890704.000000,252489728.000000,239394816.000000,1623867392.000000,0.000000,0.000000,0.000700,0.000000,0.000000,0.000000,0.011200,0.000000,0.012100,0.000000,0.000000,0.000000,0.005400,0.002000,0.002800,0.007900,0.000000
1973,7.611311,3.052395,3.073000,2.922500,1176.000000,933624716.000000,1424890704.000000,252489728.000000,239394816.000000,1623867392.000000,0.000000,0.000000,0.000900,0.000000,0.000000,0.000000,0.012700,0.000000,0.012000,0.000000,0.000000,0.000000,0.004900,0.001700,0.002800,0.006700,0.000000
1974,7.617009,5.626204,5.602300,5.464600,1176.000000,933623892.000000,1424890704.000000,252489728.000000,239394816.000000,1623867392.000000,0.000000,0.000000,2.103600,0.047600,0.018900,1.966400,0.010800,0.029700,0.011800,0.000600,0.000500,0.000900,0.004400,0.002700,0.002500,0.007800,0.000000
1975,7.620769,3.767701,3.763900,3.607300,1176.000000,933623916.000000,1424890704.000000,252489728.000000,239394816.000000,1623867392.000000,0.000000,0.000000,0.000800,0.000000,0.000000,0.000000,0.014400,0.000000,0.012600,0.000000,0.000000,0.000000,0.005800,0.001900,0.002800,0.007900,0.000000
1976,7.625078,4.312599,4.302400,4.146800,1176.000000,933624364.000000,1424890704.000000,252489728.000000,239394816.000000,1623867392.000000,0.000000,0.000000,0.001000,0.000000,0.000000,0.000000,0.013300,0.000000,0.013400,0.000000,0.000000,0.000000,0.005600,0.002000,0.003200,0.007300,0.000000
1977,7.628744,3.676197,3.684000,3.524300,1176.000000,933624092.000000,1424890704.000000,252489728.000000,239394816.000000,1623867392.000000,0.000000,0.000000,0.000600,0.000000,0.000000,0.000000,0.014000,0.000000,0.022900,0.000000,0.000000,0.000000,0.004800,0.002100,0.002600,0.008200,0.000000
1978,7.635461,6.698703,6.688400,6.538300,1176.000000,933632836.000000,1424890704.000000,252489728.000000,239398912.000000,1623867392.000000,0.000000,0.000000,2.252300,0.065400,0.023500,2.087300,0.013400,0.033800,0.012800,0.000500,0.000300,0.000600,0.006200,0.002800,0.003400,0.008300,0.000000
1979,7.638672,3.260395,3.272300,3.119800,1176.000000,933633284.000000,1424890704.000000,252489728.000000,239398912.000000,1623867392.000000,0.000000,0.000000,0.000700,0.000000,0.000000,0.000000,0.013500,0.000000,0.014800,0.000000,0.000000,0.000000,0.005200,0.002200,0.003300,0.008300,0.000000
1980,7.641802,3.149405,3.130800,2.994000,1176.000000,933647244.000000,1424890704.000000,252489728.000000,239398912.000000,1623867392.000000,0.000000,0.000000,0.000700,0.000000,0.000000,0.000000,0.011400,0.000000,0.014200,0.000000,0.000000,0.000000,0.004700,0.002000,0.002900,0.007900,0.000000
1981,7.644979,3.152296,3.168600,3.018100,1176.000000,933639244.000000,1424890704.000000,252489728.000000,239403008.000000,1623867392.000000,0.000000,0.000000,0.000700,0.000000,0.000000,0.000000,0.011000,0.000000,0.013500,0.000000,0.000000,0.000000,0.004300,0.001600,0.002500,0.006900,0.000000
1982,7.650577,5.582901,5.567500,5.432400,1176.000000,933632140.000000,1424890704.000000,252489728.000000,239403008.000000,1623867392.000000,0.000000,0.000000,2.119300,0.047600,0.019500,1.992100,0.011500,0.020300,0.012000,0.000600,0.000300,0.000600,0.004400,0.002300,0.002700,0.006600,0.000000
1983,7.653640,3.029904,2.965600,2.821400,1176.000000,933636276.000000,1424890704.000000,252489728.000000,239407104.000000,1623867392.000000,0.000000,0.000000,0.000800,0.000000,0.000000,0.000000,0.013500,0.000000,0.012500,0.000000,0.000000,0.000000,0.004800,0.001900,0.003200,0.007400,0.000000
1984,7.656657,3.091893,3.171500,2.974700,1176.000000,933636756.000000,1424890704.000000,252489728.000000,239407104.000000,1623867392.000000,0.000000,0.000000,0.000900,0.000000,0.000000,0.000000,0.012000,0.000000,0.012200,0.000000,0.000000,0.000000,0.004900,0.002300,0.003000,0.007400,0.000000
1985,7.659997,3.277005,3.174100,3.050000,1176.000000,933636348.000000,1424890704.000000,252489728.000000,239407104.000000,1623867392.000000,0.000000,0.000000,0.000800,0.000000,0.000000,0.000000,0.009900,0.000000,0.011400,0.000000,0.000000,0.000000,0.004300,0.001700,0.002700,0.006800,0.000000
1986,7.662979,3.016199,3.100300,2.869200,1176.000000,933636348.000000,1424890704.000000,252489728.000000,239407104.000000,1623867392.000000,0.000000,0.000000,0.000800,0.000000,0.000000,0.000000,0.011800,0.000000,0.013200,0.000000,0.000000,0.000000,0.007800,0.001900,0.003800,0.007800,0.000000
1987,7.668621,5.634899,5.627800,5.490100,1176.000000,933636372.000000,1424890704.000000,252489728.000000,239407104.000000,1623867392.000000,0.000000,0.000000,2.458400,0.062400,0.020500,2.306900,0.011900,0.028200,0.011800,0.000600,0.000200,0.000800,0.004700,0.002600,0.003000,0.008300,0.000000
1988,7.671966,3.379797,3.391500,3.256300,1176.000000,933636836.000000,1424890704.000000,252489728.000000,239407104.000000,1623867392.000000,0.000000,0.000000,0.000600,0.000000,0.000000,0.000000,0.013400,0.000000,0.013300,0.000000,0.000000,0.000000,0.005000,0.002100,0.003000,0.007800,0.000000
1989,7.675314,3.234899,3.188000,3.055200,1176.000000,933641364.000000,1424890704.000000,252489728.000000,239411200.000000,1623867392.000000,0.000000,0.000000,0.000600,0.000000,0.000000,0.000000,0.010200,0.000000,0.011200,0.000000,0.000000,0.000000,0.004100,0.001800,0.002300,0.006600,0.000000
1990,7.678444,3.219501,3.250500,3.087200,1176.000000,933640540.000000,1424890704.000000,252489728.000000,239411200.000000,1623867392.000000,0.000000,0.000000,0.000600,0.000000,0.000000,0.000000,0.016700,0.000000,0.012800,0.000000,0.000000,0.000000,0.006200,0.001900,0.002700,0.008700,0.000000
1991,7.684246,5.650801,5.496400,5.350300,1176.000000,933641004.000000,1424890704.000000,252489728.000000,239411200.000000,1623867392.000000,0.000000,0.000000,2.149700,0.049400,0.020900,2.018500,0.010900,0.020900,0.011500,0.000400,0.000300,0.000600,0.004600,0.002700,0.003100,0.007100,0.000000
1992,7.687411,3.211104,3.307500,3.036700,1176.000000,933641500.000000,1424890704.000000,252489728.000000,239411200.000000,1623867392.000000,0.000000,0.000000,0.000800,0.000000,0.000000,0.000000,0.015800,0.000000,0.015200,0.000000,0.000000,0.000000,0.006100,0.002900,0.003400,0.008000,0.000000
1993,7.690774,3.472194,3.504200,3.318100,1176.000000,933645220.000000,1424890704.000000,252489728.000000,239415296.000000,1623867392.000000,0.000000,0.000000,0.000700,0.000000,0.000000,0.000000,0.010500,0.000000,0.012000,0.000000,0.000000,0.000000,0.006200,0.001800,0.003400,0.007200,0.000000
1994,7.693748,2.957001,2.945000,2.799900,1228.000000,933645220.000000,1424890704.000000,252489728.000000,239415296.000000,1623867392.000000,0.000000,0.000000,0.000700,0.000000,0.000000,0.000000,0.010200,0.000000,0.012500,0.000000,0.000000,0.000000,0.004800,0.001800,0.002600,0.007900,0.000000
1995,7.699894,6.041504,6.052900,5.897700,1176.000000,933648924.000000,1424890704.000000,252489728.000000,239419392.000000,1623867392.000000,0.000000,0.000000,2.859900,0.048200,0.019900,2.732300,0.010600,0.021300,0.012300,0.000500,0.000200,0.000600,0.004800,0.002500,0.002700,0.006500,0.000000
1996,7.702882,3.114498,3.120700,2.980200,1176.000000,933663300.000000,1424890704.000000,252489728.000000,239419392.000000,1623867392.000000,0.000000,0.000000,0.000800,0.000000,0.000000,0.000000,0.012300,0.000000,0.012800,0.000000,0.000000,0.000000,0.004800,0.001900,0.003000,0.007800,0.000000
1997,7.705811,2.945798,2.951600,2.823300,1176.000000,933651188.000000,1424890704.000000,252489728.000000,239419392.000000,1623867392.000000,0.000000,0.000000,0.000700,0.000000,0.000000,0.000000,0.010500,0.000000,0.013300,0.000000,0.000000,0.000000,0.004500,0.001700,0.002400,0.006300,0.000000
1998,7.708770,2.938301,2.928900,2.807400,1176.000000,933648572.000000,1424890704.000000,252489728.000000,239419392.000000,1623867392.000000,0.000000,0.000000,0.000600,0.000000,0.000000,0.000000,0.009700,0.000000,0.012400,0.000000,0.000000,0.000000,0.003500,0.001600,0.002200,0.006400,0.000000
1999,7.711693,2.951304,2.953600,2.829200,1176.000000,933648612.000000,1424890704.000000,252489728.000000,239419392.000000,1623867392.000000,0.000000,0.000000,0.000600,0.000000,0.000000,0.000000,0.011100,0.000000,0.012800,0.000000,0.000000,0.000000,0.004400,0.001900,0.002500,0.007300,0.000000
2000,7.717557,5.775999,5.761500,5.636900,1176.000000,933653612.000000,1424890704.000000,252489728.000000,239423488.000000,1623867392.000000,0.000000,0.000000,2.601800,0.048300,0.020200,2.467500,0.009400,0.027900,0.011600,0.000500,0.000200,0.000900,0.004100,0.002700,0.002400,0.007900,0.000000
2001,7.720732,3.227395,3.220600,3.086200,1176.000000,933653644.000000,1424890704.000000,252489728.000000,239423488.000000,1623867392.000000,0.000000,0.000000,0.000700,0.000000,0.000000,0.000000,0.010600,0.000000,0.013900,0.000000,0.000000,0.000000,0.006200,0.002600,0.003200,0.008600,0.000000
2002,7.723849,3.118304,3.114700,2.980800,1176.000000,933653220.000000,1424890704.000000,252489728.000000,239423488.000000,1623867392.000000,0.000000,0.000000,0.000700,0.000000,0.000000,0.000000,0.011500,0.000000,0.013000,0.000000,0.000000,0.000000,0.004800,0.001700,0.002900,0.007400,0.000000
2003,7.726781,2.950099,2.960400,2.827900,1176.000000,933653244.000000,1424890704.000000,252489728.000000,239423488.000000,1623867392.000000,0.000000,0.000000,0.000700,0.000000,0.000000,0.000000,0.011700,0.000000,0.036100,0.000000,0.000000,0.000000,0.004500,0.002100,0.002900,0.007700,0.000000
2004,7.732164,5.368403,5.348600,5.223500,1176.000000,933653252.000000,1424890704.000000,252489728.000000,239423488.000000,1623867392.000000,0.000000,0.000000,2.100500,0.046400,0.018400,1.957800,0.009600,0.033900,0.012100,0.000600,0.000300,0.001500,0.004300,0.002800,0.002800,0.007700,0.000000
2005,7.735328,3.143899,3.141400,3.004000,1176.000000,933653684.000000,1424890704.000000,252489728.000000,239423488.000000,1623867392.000000,0.000000,0.000000,0.000700,0.000000,0.000000,0.000000,0.010900,0.000000,0.011500,0.000000,0.000000,0.000000,0.004400,0.001900,0.002900,0.007000,0.000000
2006,7.738172,2.876197,2.889200,2.753700,1176.000000,933661052.000000,1424890704.000000,252489728.000000,239431680.000000,1623867392.000000,0.000000,0.000000,0.000700,0.000000,0.000000,0.000000,0.010600,0.000000,0.011600,0.000000,0.000000,0.000000,0.004700,0.001900,0.002500,0.007100,0.000000
2007,7.741171,3.000000,2.974000,2.852300,1176.000000,933661092.000000,1424890704.000000,252489728.000000,239431680.000000,1623867392.000000,0.000000,0.000000,0.000700,0.000000,0.000000,0.000000,0.011000,0.000000,0.012100,0.000000,0.000000,0.000000,0.004100,0.001800,0.002800,0.007300,0.000000
2008,7.744218,3.043998,3.033800,2.890000,1176.000000,933661540.000000,1424890704.000000,252489728.000000,239431680.000000,1623867392.000000,0.000000,0.000000,0.000700,0.000000,0.000000,0.000000,0.010900,0.000000,0.011800,0.000000,0.000000,0.000000,0.004400,0.001800,0.002400,0.006900,0.000000
2009,7.749657,5.389002,5.389800,5.233200,1176.000000,933661148.000000,1424890704.000000,252489728.000000,239431680.000000,1623867392.000000,0.000000,0.000000,2.057200,0.045700,0.020900,1.935700,0.012100,0.018300,0.011400,0.000600,0.000200,0.000500,0.004100,0.002400,0.002700,0.006100,0.000000
2010,7.752506,2.902799,2.933900,2.793200,1176.000000,933661148.000000,1424890704.000000,252489728.000000,239431680.000000,1623867392.000000,0.000000,0.000000,0.000800,0.000000,0.000000,0.000000,0.013000,0.000000,0.012800,0.000000,0.000000,0.000000,0.005200,0.002200,0.003200,0.007500,0.000000
2011,7.755752,3.212500,3.177300,3.053400,1176.000000,933665308.000000,1424890704.000000,252489728.000000,239435776.000000,1623867392.000000,0.000000,0.000000,0.000800,0.000000,0.000000,0.000000,0.009800,0.000000,0.012000,0.000000,0.000000,0.000000,0.004300,0.001700,0.002800,0.006300,0.000000
2012,7.759023,3.277601,3.270300,3.119000,1176.000000,933679684.000000,1424890704.000000,252489728.000000,239435776.000000,1623867392.000000,0.000000,0.000000,0.000700,0.000000,0.000000,0.000000,0.010700,0.000000,0.012400,0.000000,0.000000,0.000000,0.004300,0.001500,0.002700,0.005500,0.000000
2013,7.762168,3.172499,3.190900,3.047800,1176.000000,933667996.000000,1424890704.000000,252489728.000000,239435776.000000,1623867392.000000,0.000000,0.000000,0.000800,0.000000,0.000000,0.000000,0.012100,0.000000,0.016200,0.000000,0.000000,0.000000,0.004200,0.002400,0.002900,0.008200,0.000000
2014,7.767315,5.142404,5.132900,5.003300,1176.000000,933664956.000000,1424890704.000000,252489728.000000,239435776.000000,1623867392.000000,0.000000,0.000000,2.172200,0.048900,0.019500,2.042700,0.010400,0.022400,0.012900,0.000500,0.000200,0.001200,0.004100,0.002400,0.002900,0.007900,0.000000
2015,7.770515,3.157100,3.148200,3.014900,1176.000000,933664996.000000,1424890704.000000,252489728.000000,239435776.000000,1623867392.000000,0.000000,0.000000,0.000800,0.000000,0.000000,0.000000,0.010600,0.000000,0.011200,0.000000,0.000000,0.000000,0.004300,0.001800,0.002800,0.006600,0.000000
2016,7.773575,3.067701,3.068600,2.932300,1176.000000,933669572.000000,1424890704.000000,252489728.000000,239439872.000000,1623867392.000000,0.000000,0.000000,0.000800,0.000000,0.000000,0.000000,0.011600,0.000000,0.012400,0.000000,0.000000,0.000000,0.004800,0.001700,0.002900,0.007000,0.000000
2017,7.776702,3.158397,3.161900,3.031600,1176.000000,933673260.000000,1424890704.000000,252489728.000000,239443968.000000,1623867392.000000,0.000000,0.000000,0.000700,0.000000,0.000000,0.000000,0.010600,0.000000,0.012700,0.000000,0.000000,0.000000,0.004900,0.001800,0.003200,0.007400,0.000000
2018,7.779889,3.174001,3.161300,3.033800,1176.000000,933673260.000000,1424890704.000000,252489728.000000,239443968.000000,1623867392.000000,0.000000,0.000000,0.000700,0.000000,0.000000,0.000000,0.020900,0.000000,0.011300,0.000000,0.000000,0.000000,0.004400,0.001500,0.002700,0.006200,0.000000
2019,7.786000,6.102197,6.091200,5.953000,1176.000000,933677380.000000,1424890704.000000,252489728.000000,239448064.000000,1623867392.000000,0.000000,0.000000,2.690200,0.049900,0.019200,2.554200,0.011500,0.027400,0.011500,0.000600,0.000300,0.000700,0.004300,0.002600,0.003000,0.007800,0.000000
2020,7.788956,2.964300,2.972400,2.830600,1176.000000,933677828.000000,1424890704.000000,252489728.000000,239448064.000000,1623867392.000000,0.000000,0.000000,0.000700,0.000000,0.000000,0.000000,0.012200,0.000000,0.012400,0.000000,0.000000,0.000000,0.004700,0.001800,0.003000,0.007100,0.000000
2021,7.792082,3.158000,3.165700,3.036200,1176.000000,933678260.000000,1424890704.000000,252489728.000000,239448064.000000,1623867392.000000,0.000000,0.000000,0.000700,0.000000,0.000000,0.000000,0.011400,0.000000,0.012000,0.000000,0.000000,0.000000,0.004100,0.001800,0.002300,0.006800,0.000000
2022,7.795598,3.468006,3.419000,3.293200,1176.000000,933677436.000000,1424890704.000000,252489728.000000,239448064.000000,1623867392.000000,0.000000,0.000000,0.000700,0.000000,0.000000,0.000000,0.009900,0.000000,0.012000,0.000000,0.000000,0.000000,0.004400,0.001700,0.002600,0.007100,0.000000
2023,7.801028,5.444097,5.463000,5.295000,1176.000000,933682460.000000,1424890704.000000,252489728.000000,239452160.000000,1623867392.000000,0.000000,0.000000,2.088200,0.047600,0.019300,1.950300,0.012100,0.030800,0.013800,0.000700,0.000200,0.000600,0.005000,0.002400,0.003100,0.008300,0.000000
2024,7.804002,2.983900,2.995500,2.854000,1176.000000,933682484.000000,1424890704.000000,252489728.000000,239452160.000000,1623867392.000000,0.000000,0.000000,0.000500,0.000000,0.000000,0.000000,0.012200,0.000000,0.013200,0.000000,0.000000,0.000000,0.005000,0.002000,0.003100,0.006800,0.000000
2025,7.806859,2.895996,2.909000,2.786300,1176.000000,933682108.000000,1424890704.000000,252489728.000000,239452160.000000,1623867392.000000,0.000000,0.000000,0.000600,0.000000,0.000000,0.000000,0.011100,0.000000,0.011900,0.000000,0.000000,0.000000,0.004600,0.001800,0.003000,0.007000,0.000000
2026,7.810184,3.272201,3.198500,3.083900,1176.000000,933682124.000000,1424890704.000000,252489728.000000,239452160.000000,1623867392.000000,0.000000,0.000000,0.000700,0.000000,0.000000,0.000000,0.009600,0.000000,0.011800,0.000000,0.000000,0.000000,0.003800,0.001500,0.002600,0.006100,0.000000
2027,7.815985,5.783801,5.823800,5.639600,1176.000000,933681732.000000,1424890704.000000,252489728.000000,239452160.000000,1623867392.000000,0.000000,0.000000,2.422900,0.046700,0.020200,2.293400,0.011700,0.023400,0.014800,0.000600,0.000200,0.000600,0.004600,0.368500,0.002900,0.006900,0.000000
2028,7.818974,3.029103,3.040500,2.902700,1176.000000,933700204.000000,1424890704.000000,252489728.000000,239456256.000000,1623867392.000000,0.000000,0.000000,0.000600,0.000000,0.000000,0.000000,0.011800,0.000000,0.012600,0.000000,0.000000,0.000000,0.004800,0.002000,0.002700,0.007600,0.000000
2029,7.821919,2.958900,2.963700,2.841400,1176.000000,933688092.000000,1424890704.000000,252489728.000000,239456256.000000,1623867392.000000,0.000000,0.000000,0.000600,0.000000,0.000000,0.000000,0.010800,0.000000,0.013200,0.000000,0.000000,0.000000,0.004100,0.001900,0.002400,0.007200,0.000000
2030,7.825254,3.292198,3.266700,3.145100,1176.000000,933685476.000000,1424890704.000000,252489728.000000,239456256.000000,1623867392.000000,0.000000,0.000000,0.000700,0.000000,0.000000,0.000000,0.009700,0.000000,0.011900,0.000000,0.000000,0.000000,0.003900,0.001700,0.002500,0.004900,0.000000
2031,7.828112,2.892701,2.897500,2.764000,1176.000000,933685516.000000,1424890704.000000,252489728.000000,239456256.000000,1623867392.000000,0.000000,0.000000,0.000800,0.000000,0.000000,0.000000,0.012200,0.000000,0.012000,0.000000,0.000000,0.000000,0.005200,0.002100,0.002900,0.007100,0.000000
2032,7.834358,6.191596,6.180300,6.044700,1176.000000,933690092.000000,1424890704.000000,252489728.000000,239460352.000000,1623867392.000000,0.000000,0.000000,2.804300,0.046000,0.019700,2.679000,0.010600,0.021200,0.011500,0.000600,0.000300,0.000600,0.004500,0.002500,0.002600,0.007100,0.000000
2033,7.837097,2.824603,2.845100,2.710800,1176.000000,933689684.000000,1424890704.000000,252489728.000000,239460352.000000,1623867392.000000,0.000000,0.000000,0.000700,0.000000,0.000000,0.000000,0.013700,0.000000,0.012000,0.000000,0.000000,0.000000,0.005400,0.002100,0.003100,0.008500,0.000000
2034,7.840126,2.984099,2.962900,2.845500,1176.000000,933693780.000000,1424890704.000000,252489728.000000,239464448.000000,1623867392.000000,0.000000,0.000000,0.000500,0.000000,0.000000,0.000000,0.009200,0.000000,0.011100,0.000000,0.000000,0.000000,0.003400,0.001500,0.002300,0.005600,0.000000
2035,7.843356,3.178897,3.153800,3.000000,1176.000000,933694228.000000,1424890704.000000,252489728.000000,239464448.000000,1623867392.000000,0.000000,0.000000,0.000600,0.000000,0.000000,0.000000,0.012300,0.000000,0.013700,0.000000,0.000000,0.000000,0.004500,0.001700,0.003000,0.007000,0.000000
2036,7.846447,3.157504,3.161600,3.013300,1176.000000,933694268.000000,1424890704.000000,252489728.000000,239464448.000000,1623867392.000000,0.000000,0.000000,0.000700,0.000000,0.000000,0.000000,0.013200,0.000000,0.014400,0.000000,0.000000,0.000000,0.005600,0.003000,0.003400,0.007300,0.000000
2037,7.851662,5.196599,5.204500,5.058000,1176.000000,933694700.000000,1424890704.000000,252489728.000000,239464448.000000,1623867392.000000,0.000000,0.000000,2.111100,0.047600,0.019200,1.978500,0.010000,0.027500,0.012400,0.000500,0.000300,0.001000,0.004500,0.002800,0.002200,0.007900,0.000000
2038,7.855110,3.411799,3.402200,3.265300,1176.000000,933693876.000000,1424890704.000000,252489728.000000,239464448.000000,1623867392.000000,0.000000,0.000000,0.000600,0.000000,0.000000,0.000000,0.011400,0.000000,0.011800,0.000000,0.000000,0.000000,0.004700,0.001500,0.002500,0.007000,0.000000
2039,7.857970,2.904103,2.902600,2.765000,1176.000000,933697996.000000,1424890704.000000,252489728.000000,239468544.000000,1623867392.000000,0.000000,0.000000,0.000600,0.000000,0.000000,0.000000,0.012000,0.000000,0.013100,0.000000,0.000000,0.000000,0.004700,0.002000,0.003200,0.008500,0.000000
2040,7.861136,3.169700,3.178400,3.039200,1176.000000,933698444.000000,1424890704.000000,252489728.000000,239468544.000000,1623867392.000000,0.000000,0.000000,0.000600,0.000000,0.000000,0.000000,0.010800,0.000000,0.012300,0.000000,0.000000,0.000000,0.004300,0.001900,0.003300,0.006200,0.000000
2041,7.866416,5.194402,5.182200,5.053900,1176.000000,933698068.000000,1424890704.000000,252489728.000000,239468544.000000,1623867392.000000,0.000000,0.000000,2.087600,0.047100,0.019000,1.963500,0.010800,0.021000,0.012100,0.000700,0.000200,0.000600,0.004500,0.002500,0.002900,0.006400,0.000000
2042,7.869636,3.293098,3.289100,3.153000,1176.000000,933698084.000000,1424890704.000000,252489728.000000,239468544.000000,1623867392.000000,0.000000,0.000000,0.000600,0.000000,0.000000,0.000000,0.011200,0.000000,0.012700,0.000000,0.000000,0.000000,0.004800,0.001700,0.002900,0.007500,0.000000
2043,7.872578,2.953302,2.964900,2.831100,1176.000000,933698116.000000,1424890704.000000,252489728.000000,239468544.000000,1623867392.000000,0.000000,0.000000,0.000700,0.000000,0.000000,0.000000,0.011200,0.000000,0.013100,0.000000,0.000000,0.000000,0.004900,0.002000,0.002900,0.007400,0.000000
2044,7.875996,3.371400,3.356000,3.231400,1176.000000,933716588.000000,1424890704.000000,252489728.000000,239472640.000000,1623867392.000000,0.000000,0.000000,0.000700,0.000000,0.000000,0.000000,0.009500,0.000000,0.012400,0.000000,0.000000,0.000000,0.004500,0.001700,0.002600,0.007000,0.000000
2045,7.879322,3.327601,3.271400,3.133900,1176.000000,933708572.000000,1424890704.000000,252489728.000000,239476736.000000,1623867392.000000,0.000000,0.000000,0.000700,0.000000,0.000000,0.000000,0.011900,0.000000,0.014200,0.000000,0.000000,0.000000,0.004600,0.001800,0.002700,0.008200,0.000000
2046,7.885056,5.737195,5.768100,5.591600,1176.000000,933706396.000000,1424890704.000000,252489728.000000,239476736.000000,1623867392.000000,0.000000,0.000000,2.220500,0.047300,0.021300,2.088200,0.012800,0.022400,0.012900,0.000600,0.000300,0.000600,0.005200,0.002500,0.003800,0.008600,0.000000
2047,7.888259,3.210601,3.216300,3.061400,1176.000000,933706436.000000,1424890704.000000,252489728.000000,239476736.000000,1623867392.000000,0.000000,0.000000,0.000500,0.000000,0.000000,0.000000,0.013700,0.000000,0.013100,0.000000,0.000000,0.000000,0.004600,0.002000,0.002800,0.007100,0.000000
2048,7.891299,3.081498,3.076200,2.933700,1176.000000,933706900.000000,1424890704.000000,252489728.000000,239476736.000000,1623867392.000000,0.000000,0.000000,0.000600,0.000000,0.000000,0.000000,0.012500,0.000000,0.013300,0.000000,0.000000,0.000000,0.005000,0.002000,0.003300,0.006800,0.000000
2049,7.894561,3.216404,3.225100,3.079700,1228.000000,933706508.000000,1424890704.000000,252489728.000000,239476736.000000,1623867392.000000,0.000000,0.000000,0.000700,0.000000,0.000000,0.000000,0.010500,0.000000,0.011800,0.000000,0.000000,0.000000,0.004600,0.001700,0.002500,0.007500,0.000000
2050,7.900342,5.811097,5.772200,5.637600,1176.000000,933710556.000000,1424890704.000000,252489728.000000,239476736.000000,1623867392.000000,0.000000,0.000000,2.421600,0.059800,0.022200,2.267200,0.012200,0.031100,0.011700,0.000800,0.000300,0.000700,0.004500,0.002500,0.002600,0.006900,0.000000
2051,7.903948,3.558404,3.566900,3.392100,1176.000000,933714676.000000,1424890704.000000,252489728.000000,239480832.000000,1623867392.000000,0.000000,0.000000,0.000800,0.000000,0.000000,0.000000,0.011800,0.000000,0.012700,0.000000,0.000000,0.000000,0.004500,0.002000,0.003100,0.007700,0.000000
2052,7.907108,3.202395,3.219500,3.065500,1176.000000,933715124.000000,1424890704.000000,252489728.000000,239480832.000000,1623867392.000000,0.000000,0.000000,0.000900,0.000000,0.000000,0.000000,0.013800,0.000000,0.014100,0.000000,0.000000,0.000000,0.005100,0.002100,0.003100,0.008600,0.000000
2053,7.910532,3.385204,3.361400,3.218600,1176.000000,933715572.000000,1424890704.000000,252489728.000000,239480832.000000,1623867392.000000,0.000000,0.000000,0.000700,0.000000,0.000000,0.000000,0.010700,0.000000,0.012600,0.000000,0.000000,0.000000,0.004300,0.002000,0.003100,0.007800,0.000000
2054,7.916346,5.714895,5.672700,5.505700,1176.000000,933710260.000000,1424890704.000000,252489728.000000,239480832.000000,1623867392.000000,0.000000,0.000000,2.232600,0.052100,0.020600,2.087100,0.014300,0.029000,0.013000,0.000600,0.000300,0.000900,0.004900,0.002600,0.003200,0.010600,0.000000
2055,7.920104,3.849802,3.878200,3.686800,1176.000000,933710284.000000,1424890704.000000,252489728.000000,239480832.000000,1623867392.000000,0.000000,0.000000,0.001000,0.000000,0.000000,0.000000,0.019000,0.000000,0.013800,0.000000,0.000000,0.000000,0.007500,0.003100,0.003600,0.009700,0.000000
2056,7.923445,3.340604,3.341900,3.178600,1176.000000,933714828.000000,1424890704.000000,252489728.000000,239484928.000000,1623867392.000000,0.000000,0.000000,0.001000,0.000000,0.000000,0.000000,0.014000,0.000000,0.013800,0.000000,0.000000,0.000000,0.006000,0.002200,0.003500,0.008500,0.000000
2057,7.926513,3.081796,3.098500,2.949400,1176.000000,933718988.000000,1424890704.000000,252489728.000000,239489024.000000,1623867392.000000,0.000000,0.000000,0.000600,0.000000,0.000000,0.000000,0.013900,0.000000,0.015100,0.000000,0.000000,0.000000,0.005600,0.002300,0.003400,0.008100,0.000000
2058,7.929758,3.280605,3.271200,3.137300,1176.000000,933718564.000000,1424890704.000000,252489728.000000,239489024.000000,1623867392.000000,0.000000,0.000000,0.000700,0.000000,0.000000,0.000000,0.011200,0.000000,0.013800,0.000000,0.000000,0.000000,0.005700,0.001800,0.003000,0.008400,0.000000
2059,7.935483,5.687394,5.681900,5.540700,1176.000000,933718596.000000,1424890704.000000,252489728.000000,239489024.000000,1623867392.000000,0.000000,0.000000,2.126400,0.048600,0.019300,1.997700,0.011500,0.021200,0.012100,0.000500,0.000200,0.000500,0.004100,0.002400,0.003200,0.006900,0.000000
2060,7.938787,3.265802,3.239300,3.092000,1176.000000,933732972.000000,1424890704.000000,252489728.000000,239489024.000000,1623867392.000000,0.000000,0.000000,0.000700,0.000000,0.000000,0.000000,0.013300,0.000000,0.013400,0.000000,0.000000,0.000000,0.005000,0.002000,0.003000,0.007600,0.000000
2061,7.941844,3.152204,3.183700,3.029100,1176.000000,933720860.000000,1424890704.000000,252489728.000000,239489024.000000,1623867392.000000,0.000000,0.000000,0.001500,0.000000,0.000000,0.000000,0.014900,0.000000,0.015000,0.000000,0.000000,0.000000,0.008100,0.003100,0.004600,0.011900,0.000000
2062,7.944975,3.108397,3.101200,2.970100,1176.000000,933722340.000000,1424890704.000000,252489728.000000,239493120.000000,1623867392.000000,0.000000,0.000000,0.000700,0.000000,0.000000,0.000000,0.010400,0.000000,0.012400,0.000000,0.000000,0.000000,0.003800,0.001900,0.002400,0.007400,0.000000
2063,7.950683,5.701403,5.658600,5.523100,1176.000000,933722380.000000,1424890704.000000,252489728.000000,239493120.000000,1623867392.000000,0.000000,0.000000,2.209200,0.055400,0.019500,2.079100,0.011600,0.023300,0.011800,0.000500,0.000300,0.000700,0.004600,0.002400,0.003000,0.007600,0.000000
2064,7.953618,2.933496,2.972100,2.795900,1176.000000,933722860.000000,1424890704.000000,252489728.000000,239493120.000000,1623867392.000000,0.000000,0.000000,0.000900,0.000000,0.000000,0.000000,0.013100,0.000000,0.012100,0.000000,0.000000,0.000000,0.004500,0.001800,0.003000,0.007400,0.000000
2065,7.956675,3.091298,3.097200,2.971900,1176.000000,933722452.000000,1424890704.000000,252489728.000000,239493120.000000,1623867392.000000,0.000000,0.000000,0.000700,0.000000,0.000000,0.000000,0.010700,0.000000,0.012200,0.000000,0.000000,0.000000,0.004900,0.001800,0.003000,0.006800,0.000000
2066,7.959762,3.056002,3.039300,2.918600,1176.000000,933722452.000000,1424890704.000000,252489728.000000,239493120.000000,1623867392.000000,0.000000,0.000000,0.000700,0.000000,0.000000,0.000000,0.009900,0.000000,0.011500,0.000000,0.000000,0.000000,0.004400,0.001500,0.002400,0.005200,0.000000
2067,7.962586,2.870897,2.881400,2.760700,1176.000000,933726572.000000,1424890704.000000,252489728.000000,239497216.000000,1623867392.000000,0.000000,0.000000,0.000600,0.000000,0.000000,0.000000,0.024600,0.000000,0.011700,0.000000,0.000000,0.000000,0.004800,0.002100,0.003000,0.006600,0.000000
2068,7.968812,6.137805,6.099600,5.968900,1176.000000,933727460.000000,1424890704.000000,252489728.000000,239497216.000000,1623867392.000000,0.000000,0.000000,2.853000,0.047100,0.018400,2.715100,0.009300,0.030000,0.011400,0.000500,0.000300,0.001000,0.003800,0.002700,0.002800,0.008900,0.000000
2069,7.972211,3.432200,3.447400,3.291900,1176.000000,933727908.000000,1424890704.000000,252489728.000000,239497216.000000,1623867392.000000,0.000000,0.000000,0.000700,0.000000,0.000000,0.000000,0.016000,0.000000,0.014200,0.000000,0.000000,0.000000,0.005700,0.002000,0.003500,0.008700,0.000000
2070,7.975746,3.455797,3.418000,3.271400,1176.000000,933731180.000000,1424890704.000000,252489728.000000,239501312.000000,1623867392.000000,0.000000,0.000000,0.000600,0.000000,0.000000,0.000000,0.012100,0.000000,0.013200,0.000000,0.000000,0.000000,0.005200,0.002600,0.003100,0.007200,0.000000
2071,7.979028,3.357504,3.376400,3.209200,1176.000000,933731204.000000,1424890704.000000,252489728.000000,239501312.000000,1623867392.000000,0.000000,0.000000,0.000700,0.000000,0.000000,0.000000,0.015100,0.000000,0.014200,0.000000,0.000000,0.000000,0.008000,0.002800,0.003800,0.009800,0.000000
2072,7.984757,5.700801,5.678100,5.523400,1176.000000,933731652.000000,1424890704.000000,252489728.000000,239501312.000000,1623867392.000000,0.000000,0.000000,2.150500,0.051600,0.021400,2.017700,0.012100,0.019600,0.012500,0.000600,0.000400,0.000900,0.004900,0.002500,0.003500,0.008300,0.000000
2073,7.987849,3.125694,3.145100,2.976700,1176.000000,933735372.000000,1424890704.000000,252489728.000000,239505408.000000,1623867392.000000,0.000000,0.000000,0.000600,0.000000,0.000000,0.000000,0.016700,0.000000,0.012600,0.000000,0.000000,0.000000,0.005700,0.001900,0.003500,0.007700,0.000000
2074,7.991161,3.320104,3.311700,3.166300,1176.000000,933735372.000000,1424890704.000000,252489728.000000,239505408.000000,1623867392.000000,0.000000,0.000000,0.000700,0.000000,0.000000,0.000000,0.011700,0.000000,0.012500,0.000000,0.000000,0.000000,0.005300,0.001900,0.002300,0.007100,0.000000
2075,7.994523,3.297796,3.299800,3.144700,1176.000000,933735420.000000,1424890704.000000,252489728.000000,239505408.000000,1623867392.000000,0.000000,0.000000,0.000700,0.000000,0.000000,0.000000,0.011700,0.000000,0.013000,0.000000,0.000000,0.000000,0.005000,0.001700,0.002800,0.008300,0.000000
2076,8.000535,6.028706,6.005800,5.856700,1176.000000,933749356.000000,1424890704.000000,252489728.000000,239505408.000000,1623867392.000000,0.000000,0.000000,2.375200,0.055500,0.024200,2.218900,0.012800,0.031200,0.013200,0.000700,0.000300,0.000900,0.005700,0.003000,0.003100,0.008600,0.000000
2077,8.004093,3.577799,3.556000,3.390400,1176.000000,933737244.000000,1424890704.000000,252489728.000000,239505408.000000,1623867392.000000,0.000000,0.000000,0.000900,0.000000,0.000000,0.000000,0.014800,0.000000,0.015600,0.000000,0.000000,0.000000,0.004800,0.002200,0.002800,0.007800,0.000000
2078,8.007374,3.290795,3.323100,3.142600,1176.000000,933734628.000000,1424890704.000000,252489728.000000,239505408.000000,1623867392.000000,0.000000,0.000000,0.001000,0.000000,0.000000,0.000000,0.014500,0.000000,0.013700,0.000000,0.000000,0.000000,0.005000,0.002200,0.003600,0.008400,0.000000
2079,8.010950,3.523802,3.502800,3.349700,1176.000000,933739188.000000,1424890704.000000,252489728.000000,239509504.000000,1623867392.000000,0.000000,0.000000,0.000900,0.000000,0.000000,0.000000,0.012100,0.000000,0.014500,0.000000,0.000000,0.000000,0.005000,0.002000,0.003400,0.007800,0.000000
2080,8.016668,5.739598,5.740400,5.575600,1176.000000,933739244.000000,1424890704.000000,252489728.000000,239509504.000000,1623867392.000000,0.000000,0.000000,2.245400,0.049600,0.023700,2.103500,0.019300,0.024900,0.013100,0.000600,0.000400,0.000700,0.005600,0.002700,0.004100,0.009300,0.000000
2081,8.020051,3.415101,3.416200,3.260100,1176.000000,933738836.000000,1424890704.000000,252489728.000000,239509504.000000,1623867392.000000,0.000000,0.000000,0.000700,0.000000,0.000000,0.000000,0.013200,0.000000,0.023400,0.000000,0.000000,0.000000,0.005700,0.001800,0.003400,0.007800,0.000000
2082,8.023294,3.237202,3.228500,3.077100,1176.000000,933738836.000000,1424890704.000000,252489728.000000,239509504.000000,1623867392.000000,0.000000,0.000000,0.000800,0.000000,0.000000,0.000000,0.012900,0.000000,0.013200,0.000000,0.000000,0.000000,0.005100,0.002100,0.003300,0.008600,0.000000
2083,8.026675,3.384403,3.392900,3.234600,1176.000000,933742956.000000,1424890704.000000,252489728.000000,239513600.000000,1623867392.000000,0.000000,0.000000,0.000800,0.000000,0.000000,0.000000,0.012500,0.000000,0.013900,0.000000,0.000000,0.000000,0.005200,0.003000,0.003700,0.007100,0.000000
2084,8.030013,3.321599,3.295500,3.141500,1176.000000,933747516.000000,1424890704.000000,252489728.000000,239517696.000000,1623867392.000000,0.000000,0.000000,0.000600,0.000000,0.000000,0.000000,0.012600,0.000000,0.013000,0.000000,0.000000,0.000000,0.005000,0.002000,0.002800,0.007700,0.000000
2085,8.035919,5.891398,5.894600,5.726100,1176.000000,933747948.000000,1424890704.000000,252489728.000000,239517696.000000,1623867392.000000,0.000000,0.000000,2.217500,0.047400,0.021500,2.081900,0.013100,0.026400,0.012900,0.000500,0.000300,0.000600,0.005000,0.002700,0.003700,0.008400,0.000000
2086,8.039362,3.464803,3.470300,3.310300,1176.000000,933747124.000000,1424890704.000000,252489728.000000,239517696.000000,1623867392.000000,0.000000,0.000000,0.000800,0.000000,0.000000,0.000000,0.015800,0.000000,0.014200,0.000000,0.000000,0.000000,0.005400,0.002100,0.003500,0.010000,0.000000
2087,8.042510,3.158801,3.165800,3.017900,1176.000000,933747148.000000,1424890704.000000,252489728.000000,239517696.000000,1623867392.000000,0.000000,0.000000,0.000800,0.000000,0.000000,0.000000,0.013500,0.000000,0.013300,0.000000,0.000000,0.000000,0.004800,0.002100,0.003100,0.008300,0.000000
2088,8.045800,3.300298,3.294400,3.155100,1176.000000,933747596.000000,1424890704.000000,252489728.000000,239517696.000000,1623867392.000000,0.000000,0.000000,0.000900,0.000000,0.000000,0.000000,0.011500,0.000000,0.013500,0.000000,0.000000,0.000000,0.005300,0.002000,0.003500,0.007500,0.000000
2089,8.051260,5.463896,5.453900,5.312300,1176.000000,933747796.000000,1424890704.000000,252489728.000000,239517696.000000,1623867392.000000,0.000000,0.000000,2.166600,0.048400,0.019800,2.029600,0.012800,0.027900,0.013600,0.000600,0.000200,0.000700,0.004500,0.002600,0.002800,0.008500,0.000000
2090,8.054318,3.044303,3.023400,2.874800,1176.000000,933752508.000000,1424890704.000000,252489728.000000,239521792.000000,1623867392.000000,0.000000,0.000000,0.000600,0.000000,0.000000,0.000000,0.012200,0.000000,0.014000,0.000000,0.000000,0.000000,0.004600,0.001600,0.003200,0.007500,0.000000
2091,8.057227,2.966504,3.008300,2.847800,1176.000000,933752620.000000,1424890704.000000,252489728.000000,239521792.000000,1623867392.000000,0.000000,0.000000,0.000700,0.000000,0.000000,0.000000,0.011600,0.000000,0.013400,0.000000,0.000000,0.000000,0.004700,0.002300,0.002200,0.007300,0.000000
2092,8.060391,3.127700,3.112200,2.992600,1176.000000,933771420.000000,1424890704.000000,252489728.000000,239521792.000000,1623867392.000000,0.000000,0.000000,0.000700,0.000000,0.000000,0.000000,0.009800,0.000000,0.016500,0.000000,0.000000,0.000000,0.003900,0.001600,0.002800,0.007000,0.000000
2093,8.066393,5.946896,5.907200,5.762600,1176.000000,933760100.000000,1424890704.000000,252489728.000000,239521792.000000,1623867392.000000,0.000000,0.000000,2.580200,0.050000,0.019400,2.436500,0.011700,0.033100,0.014400,0.000600,0.000400,0.001000,0.004900,0.003100,0.003100,0.009200,0.000000
2094,8.069560,3.216298,3.243300,3.079700,1176.000000,933757476.000000,1424890704.000000,252489728.000000,239521792.000000,1623867392.000000,0.000000,0.000000,0.000700,0.000000,0.000000,0.000000,0.014200,0.000000,0.013200,0.000000,0.000000,0.000000,0.005700,0.002000,0.003300,0.006500,0.000000
2095,8.072439,2.912500,2.923600,2.790400,1176.000000,933765708.000000,1424890704.000000,252489728.000000,239529984.000000,1623867392.000000,0.000000,0.000000,0.000800,0.000000,0.000000,0.000000,0.012300,0.000000,0.012500,0.000000,0.000000,0.000000,0.004800,0.001900,0.002900,0.007700,0.000000
2096,8.075583,3.101701,3.085900,2.961800,1176.000000,933766308.000000,1424890704.000000,252489728.000000,239529984.000000,1623867392.000000,0.000000,0.000000,0.000800,0.000000,0.000000,0.000000,0.009800,0.000000,0.011800,0.000000,0.000000,0.000000,0.004500,0.001500,0.002800,0.006900,0.000000
2097,8.078686,3.082405,3.051300,2.904000,1176.000000,933765452.000000,1424890704.000000,252489728.000000,239529984.000000,1623867392.000000,0.000000,0.000000,0.000800,0.000000,0.000000,0.000000,0.011200,0.000000,0.012000,0.000000,0.000000,0.000000,0.004100,0.001700,0.002800,0.007200,0.000000
2098,8.083929,5.254797,5.265300,5.105700,1176.000000,933765524.000000,1424890704.000000,252489728.000000,239529984.000000,1623867392.000000,0.000000,0.000000,2.127700,0.066300,0.023100,1.960800,0.012100,0.031900,0.012100,0.000600,0.000400,0.000500,0.005000,0.002900,0.003600,0.007800,0.000000
2099,8.087204,3.260197,3.116400,2.971500,1176.000000,933765548.000000,1424890704.000000,252489728.000000,239529984.000000,1623867392.000000,0.000000,0.000000,0.000500,0.000000,0.000000,0.000000,0.016200,0.000000,0.012600,0.000000,0.000000,0.000000,0.005100,0.002500,0.003300,0.007200,0.000000
2100,8.090603,3.425702,3.561800,3.277200,1176.000000,933765996.000000,1424890704.000000,252489728.000000,239529984.000000,1623867392.000000,0.000000,0.000000,0.000500,0.000000,0.000000,0.000000,0.013300,0.000000,0.013100,0.000000,0.000000,0.000000,0.007700,0.002800,0.003900,0.007500,0.000000
2101,8.093678,3.067602,3.066000,2.918400,1176.000000,933775108.000000,1424890704.000000,252489728.000000,239538176.000000,1623867392.000000,0.000000,0.000000,0.000800,0.000000,0.000000,0.000000,0.011600,0.000000,0.015000,0.000000,0.000000,0.000000,0.004200,0.001800,0.003000,0.006300,0.000000
2102,8.099870,6.160998,6.156100,6.005400,1228.000000,933773956.000000,1424890704.000000,252489728.000000,239538176.000000,1623867392.000000,0.000000,0.000000,2.860800,0.051200,0.020800,2.721200,0.011400,0.027800,0.013000,0.000500,0.000200,0.000500,0.004800,0.002500,0.003300,0.007200,0.000000
2103,8.102939,3.028699,3.039800,2.896800,1176.000000,933773980.000000,1424890704.000000,252489728.000000,239538176.000000,1623867392.000000,0.000000,0.000000,0.000700,0.000000,0.000000,0.000000,0.013100,0.000000,0.013700,0.000000,0.000000,0.000000,0.005400,0.001900,0.003200,0.008500,0.000000
2104,8.106061,3.233199,3.208900,3.076400,1176.000000,933774444.000000,1424890704.000000,252489728.000000,239538176.000000,1623867392.000000,0.000000,0.000000,0.000900,0.000000,0.000000,0.000000,0.084900,0.000000,0.012800,0.000000,0.000000,0.000000,0.004400,0.001600,0.003100,0.006500,0.000000
2105,8.109493,3.351006,3.310200,3.151200,1176.000000,933774052.000000,1424890704.000000,252489728.000000,239538176.000000,1623867392.000000,0.000000,0.000000,0.000700,0.000000,0.000000,0.000000,0.010600,0.000000,0.013700,0.000000,0.000000,0.000000,0.004200,0.001800,0.002600,0.007900,0.000000
2106,8.112442,3.000900,3.061900,2.884100,1176.000000,933774068.000000,1424890704.000000,252489728.000000,239538176.000000,1623867392.000000,0.000000,0.000000,0.000700,0.000000,0.000000,0.000000,0.014600,0.000000,0.014200,0.000000,0.000000,0.000000,0.006100,0.001800,0.002900,0.008900,0.000000
2107,8.117813,5.342694,5.305700,5.175200,1176.000000,933778348.000000,1424890704.000000,252489728.000000,239542272.000000,1623867392.000000,0.000000,0.000000,2.235800,0.049100,0.019500,2.093000,0.012900,0.032200,0.013000,0.000600,0.000200,0.000800,0.004800,0.002600,0.002600,0.008600,0.000000
2108,8.121270,3.484502,3.400800,3.240800,1176.000000,933796844.000000,1424890704.000000,252489728.000000,239546368.000000,1623867392.000000,0.000000,0.000000,0.000700,0.000000,0.000000,0.000000,0.012800,0.000000,0.012800,0.000000,0.000000,0.000000,0.004500,0.001800,0.003200,0.007200,0.000000
2109,8.124456,3.187401,3.284700,3.049700,1176.000000,933784732.000000,1424890704.000000,252489728.000000,239546368.000000,1623867392.000000,0.000000,0.000000,0.000700,0.000000,0.000000,0.000000,0.010600,0.000000,0.013800,0.000000,0.000000,0.000000,0.004200,0.001500,0.002700,0.007700,0.000000
2110,8.127247,2.842999,2.862400,2.731900,1176.000000,933782116.000000,1424890704.000000,252489728.000000,239546368.000000,1623867392.000000,0.000000,0.000000,0.000700,0.000000,0.000000,0.000000,0.011800,0.000000,0.012200,0.000000,0.000000,0.000000,0.004700,0.001600,0.003000,0.007300,0.000000
2111,8.132537,5.223604,5.196700,5.079000,1176.000000,933782740.000000,1424890704.000000,252489728.000000,239546368.000000,1623867392.000000,0.000000,0.000000,2.203200,0.048700,0.019200,2.065800,0.009300,0.030000,0.013700,0.000700,0.000200,0.000800,0.003600,0.002500,0.002700,0.007900,0.000000
2112,8.135776,3.233298,3.229300,3.089300,1176.000000,933786892.000000,1424890704.000000,252489728.000000,239550464.000000,1623867392.000000,0.000000,0.000000,0.000500,0.000000,0.000000,0.000000,0.012100,0.000000,0.014400,0.000000,0.000000,0.000000,0.004500,0.001700,0.002700,0.005800,0.000000
2113,8.138800,3.051899,3.055000,2.917400,1176.000000,933786460.000000,1424890704.000000,252489728.000000,239550464.000000,1623867392.000000,0.000000,0.000000,0.000600,0.000000,0.000000,0.000000,0.012000,0.000000,0.012000,0.000000,0.000000,0.000000,0.004500,0.001800,0.003100,0.007500,0.000000
2114,8.141683,2.917900,2.931700,2.802900,1176.000000,933786484.000000,1424890704.000000,252489728.000000,239550464.000000,1623867392.000000,0.000000,0.000000,0.000600,0.000000,0.000000,0.000000,0.011800,0.000000,0.012300,0.000000,0.000000,0.000000,0.004500,0.002100,0.003000,0.007300,0.000000
2115,8.144902,3.133199,3.085600,2.956800,1176.000000,933786508.000000,1424890704.000000,252489728.000000,239550464.000000,1623867392.000000,0.000000,0.000000,0.000600,0.000000,0.000000,0.000000,0.010100,0.000000,0.011100,0.000000,0.000000,0.000000,0.004000,0.001600,0.002700,0.006200,0.000000
2116,8.151105,6.182299,6.189500,6.030300,1176.000000,933787100.000000,1424890704.000000,252489728.000000,239550464.000000,1623867392.000000,0.000000,0.000000,2.613000,0.071800,0.021900,2.448200,0.012600,0.023400,0.048300,0.000700,0.000400,0.000600,0.005200,0.022300,0.003700,0.008300,0.000000
2117,8.154448,3.370600,3.365700,3.212800,1176.000000,933787572.000000,1424890704.000000,252489728.000000,239550464.000000,1623867392.000000,0.000000,0.000000,0.000600,0.000000,0.000000,0.000000,0.014000,0.000000,0.012400,0.000000,0.000000,0.000000,0.005700,0.002000,0.002500,0.008100,0.000000
2118,8.157472,3.096400,3.095700,2.949000,1176.000000,933790844.000000,1424890704.000000,252489728.000000,239554560.000000,1623867392.000000,0.000000,0.000000,0.000900,0.000000,0.000000,0.000000,0.012100,0.000000,0.012800,0.000000,0.000000,0.000000,0.005000,0.002200,0.002900,0.007700,0.000000
2119,8.160628,3.130003,3.142700,2.993100,1176.000000,933790868.000000,1424890704.000000,252489728.000000,239554560.000000,1623867392.000000,0.000000,0.000000,0.000600,0.000000,0.000000,0.000000,0.010300,0.000000,0.012600,0.000000,0.000000,0.000000,0.004400,0.001700,0.002600,0.006200,0.000000
2120,8.166296,5.643601,5.451400,5.316700,1176.000000,933796428.000000,1424890704.000000,252489728.000000,239554560.000000,1623867392.000000,0.000000,0.000000,2.130800,0.058700,0.021000,1.977200,0.010800,0.034600,0.012000,0.000600,0.000300,0.000800,0.004100,0.002200,0.002900,0.007600,0.000000
2121,8.169458,3.176601,3.351200,3.027800,1176.000000,933800148.000000,1424890704.000000,252489728.000000,239558656.000000,1623867392.000000,0.000000,0.000000,0.000600,0.000000,0.000000,0.000000,0.013000,0.000000,0.012600,0.000000,0.000000,0.000000,0.004400,0.001700,0.002500,0.006900,0.000000
2122,8.172367,2.937996,2.960300,2.823100,1176.000000,933800148.000000,1424890704.000000,252489728.000000,239558656.000000,1623867392.000000,0.000000,0.000000,0.000600,0.000000,0.000000,0.000000,0.011800,0.000000,0.012800,0.000000,0.000000,0.000000,0.004800,0.001800,0.002700,0.007900,0.000000
2123,8.175807,3.342304,3.300400,3.170400,1176.000000,933804716.000000,1424890704.000000,252489728.000000,239562752.000000,1623867392.000000,0.000000,0.000000,0.000800,0.000000,0.000000,0.000000,0.010200,0.000000,0.014600,0.000000,0.000000,0.000000,0.004100,0.001700,0.002600,0.007400,0.000000
2124,8.178923,3.204698,3.228500,3.077400,1176.000000,933814180.000000,1424890704.000000,252489728.000000,239562752.000000,1623867392.000000,0.000000,0.000000,0.000700,0.000000,0.000000,0.000000,0.014100,0.000000,0.015000,0.000000,0.000000,0.000000,0.004900,0.001900,0.003400,0.007500,0.000000
2125,8.184291,5.342198,5.317300,5.185800,1176.000000,933802084.000000,1424890704.000000,252489728.000000,239562752.000000,1623867392.000000,0.000000,0.000000,2.130200,0.050300,0.019800,1.993700,0.011300,0.027500,0.013200,0.000600,0.000300,0.000700,0.003600,0.002600,0.002300,0.007200,0.000000
2126,8.187283,3.031101,3.053600,2.909500,1176.000000,933799468.000000,1424890704.000000,252489728.000000,239562752.000000,1623867392.000000,0.000000,0.000000,0.000700,0.000000,0.000000,0.000000,0.012800,0.000000,0.012700,0.000000,0.000000,0.000000,0.005100,0.001900,0.003000,0.008100,0.000000
2127,8.190590,3.267297,3.247100,3.121000,1176.000000,933799508.000000,1424890704.000000,252489728.000000,239562752.000000,1623867392.000000,0.000000,0.000000,0.000700,0.000000,0.000000,0.000000,0.009900,0.000000,0.011600,0.000000,0.000000,0.000000,0.004500,0.001600,0.002800,0.006800,0.000000
2128,8.193758,3.152601,3.158300,3.021600,1176.000000,933799956.000000,1424890704.000000,252489728.000000,239562752.000000,1623867392.000000,0.000000,0.000000,0.000800,0.000000,0.000000,0.000000,0.012100,0.000000,0.013200,0.000000,0.000000,0.000000,0.004500,0.001900,0.002900,0.008000,0.000000
2129,8.199346,5.598299,5.579500,5.443300,1176.000000,933803676.000000,1424890704.000000,252489728.000000,239566848.000000,1623867392.000000,0.000000,0.000000,2.203200,0.050600,0.020200,2.061000,0.011700,0.030300,0.011900,0.000600,0.000200,0.000800,0.005000,0.002400,0.002800,0.007200,0.000000
2130,8.202199,2.904804,2.933200,2.793100,1176.000000,933803676.000000,1424890704.000000,252489728.000000,239566848.000000,1623867392.000000,0.000000,0.000000,0.000700,0.000000,0.000000,0.000000,0.013100,0.000000,0.012500,0.000000,0.000000,0.000000,0.004500,0.002000,0.003000,0.008000,0.000000
2131,8.205442,3.208801,3.186900,3.067900,1176.000000,933803700.000000,1424890704.000000,252489728.000000,239566848.000000,1623867392.000000,0.000000,0.000000,0.000700,0.000000,0.000000,0.000000,0.009800,0.000000,0.011100,0.000000,0.000000,0.000000,0.004100,0.001500,0.002700,0.006200,0.000000
2132,8.208390,2.934495,2.901800,2.767900,1176.000000,933804148.000000,1424890704.000000,252489728.000000,239566848.000000,1623867392.000000,0.000000,0.000000,0.000700,0.000000,0.000000,0.000000,0.011600,0.000000,0.012600,0.000000,0.000000,0.000000,0.004400,0.001700,0.002800,0.007900,0.000000
2133,8.211499,3.147498,3.176500,3.017300,1176.000000,933804596.000000,1424890704.000000,252489728.000000,239566848.000000,1623867392.000000,0.000000,0.000000,0.000700,0.000000,0.000000,0.000000,0.013100,0.000000,0.012200,0.000000,0.000000,0.000000,0.005200,0.002300,0.002700,0.008100,0.000000
2134,8.217021,5.473505,5.460400,5.326100,1176.000000,933808292.000000,1424890704.000000,252489728.000000,239570944.000000,1623867392.000000,0.000000,0.000000,2.361200,0.066600,0.019700,2.195100,0.010200,0.035500,0.012200,0.000600,0.000300,0.000700,0.004100,0.002800,0.002800,0.008400,0.000000
2135,8.220469,3.455300,3.430700,3.277400,1176.000000,933812412.000000,1424890704.000000,252489728.000000,239575040.000000,1623867392.000000,0.000000,0.000000,0.000700,0.000000,0.000000,0.000000,0.011500,0.000000,0.011800,0.000000,0.000000,0.000000,0.004100,0.001700,0.002700,0.007000,0.000000
2136,8.223794,3.326098,3.331300,3.170300,1176.000000,933812860.000000,1424890704.000000,252489728.000000,239575040.000000,1623867392.000000,0.000000,0.000000,0.001100,0.000000,0.000000,0.000000,0.012000,0.000000,0.014200,0.000000,0.000000,0.000000,0.004700,0.002200,0.003100,0.009200,0.000000
2137,8.226605,2.866199,2.896700,2.753000,1176.000000,933812484.000000,1424890704.000000,252489728.000000,239575040.000000,1623867392.000000,0.000000,0.000000,0.000800,0.000000,0.000000,0.000000,0.011400,0.000000,0.012700,0.000000,0.000000,0.000000,0.004700,0.002900,0.003100,0.006500,0.000000
2138,8.229989,3.330400,3.294800,3.170900,1176.000000,933812060.000000,1424890704.000000,252489728.000000,239575040.000000,1623867392.000000,0.000000,0.000000,0.000700,0.000000,0.000000,0.000000,0.009300,0.000000,0.011600,0.000000,0.000000,0.000000,0.003700,0.001700,0.002500,0.006900,0.000000
2139,8.236036,6.034800,6.040200,5.889800,1176.000000,933812108.000000,1424890704.000000,252489728.000000,239575040.000000,1623867392.000000,0.000000,0.000000,2.800300,0.048000,0.020700,2.669000,0.012100,0.022100,0.011900,0.000600,0.000200,0.000700,0.005400,0.002400,0.003100,0.008100,0.000000
2140,8.238942,2.931200,2.939900,2.798700,1176.000000,933830564.000000,1424890704.000000,252489728.000000,239579136.000000,1623867392.000000,0.000000,0.000000,0.000600,0.000000,0.000000,0.000000,0.011900,0.000000,0.012600,0.000000,0.000000,0.000000,0.004500,0.002000,0.003000,0.007100,0.000000
2141,8.241797,2.889902,2.898700,2.775400,1176.000000,933818468.000000,1424890704.000000,252489728.000000,239579136.000000,1623867392.000000,0.000000,0.000000,0.001000,0.000000,0.000000,0.000000,0.011400,0.000000,0.014400,0.000000,0.000000,0.000000,0.004200,0.001800,0.002900,0.007200,0.000000
2142,8.245235,3.384198,3.352500,3.230600,1176.000000,933815852.000000,1424890704.000000,252489728.000000,239579136.000000,1623867392.000000,0.000000,0.000000,0.000600,0.000000,0.000000,0.000000,0.009400,0.000000,0.011000,0.000000,0.000000,0.000000,0.004000,0.001600,0.002600,0.006400,0.000000
2143,8.250971,5.727402,5.694400,5.544100,1176.000000,933816316.000000,1424890704.000000,252489728.000000,239579136.000000,1623867392.000000,0.000000,0.000000,2.136100,0.052300,0.020000,1.996900,0.013000,0.025500,0.013500,0.000700,0.000300,0.000700,0.005400,0.002800,0.003500,0.010600,0.000000
2144,8.254131,3.153501,3.178800,3.006500,1176.000000,933816764.000000,1424890704.000000,252489728.000000,239579136.000000,1623867392.000000,0.000000,0.000000,0.000900,0.000000,0.000000,0.000000,0.013900,0.000000,0.036100,0.000000,0.000000,0.000000,0.005000,0.002200,0.003400,0.008400,0.000000
2145,8.257025,2.963294,2.984100,2.843900,1176.000000,933816812.000000,1424890704.000000,252489728.000000,239579136.000000,1623867392.000000,0.000000,0.000000,0.000600,0.000000,0.000000,0.000000,0.012300,0.000000,0.015800,0.000000,0.000000,0.000000,0.004800,0.002200,0.003000,0.008300,0.000000
2146,8.260617,3.541702,3.490800,3.353300,1176.000000,933824580.000000,1424890704.000000,252489728.000000,239587328.000000,1623867392.000000,0.000000,0.000000,0.000600,0.000000,0.000000,0.000000,0.009600,0.000000,0.012500,0.000000,0.000000,0.000000,0.004400,0.001300,0.002400,0.006500,0.000000
2147,8.266117,5.507299,5.531200,5.361600,1176.000000,933824180.000000,1424890704.000000,252489728.000000,239587328.000000,1623867392.000000,0.000000,0.000000,2.196700,0.050700,0.019800,2.053000,0.012800,0.029500,0.013200,0.000700,0.000200,0.000900,0.005100,0.002600,0.003500,0.008700,0.000000
2148,8.269348,3.226502,3.231300,3.088700,1176.000000,933824628.000000,1424890704.000000,252489728.000000,239587328.000000,1623867392.000000,0.000000,0.000000,0.000600,0.000000,0.000000,0.000000,0.012300,0.000000,0.011600,0.000000,0.000000,0.000000,0.004900,0.001800,0.003100,0.006900,0.000000
2149,8.272167,2.858702,2.877400,2.748300,1176.000000,933825076.000000,1424890704.000000,252489728.000000,239587328.000000,1623867392.000000,0.000000,0.000000,0.000700,0.000000,0.000000,0.000000,0.012100,0.000000,0.012000,0.000000,0.000000,0.000000,0.004700,0.001700,0.002900,0.007000,0.000000
2150,8.275697,3.476800,3.446600,3.330400,1176.000000,933824252.000000,1424890704.000000,252489728.000000,239587328.000000,1623867392.000000,0.000000,0.000000,0.000600,0.000000,0.000000,0.000000,0.009800,0.000000,0.012100,0.000000,0.000000,0.000000,0.004900,0.001800,0.002600,0.007400,0.000000
2151,8.278891,3.213896,3.208900,3.068100,1176.000000,933828372.000000,1424890704.000000,252489728.000000,239591424.000000,1623867392.000000,0.000000,0.000000,0.000800,0.000000,0.000000,0.000000,0.012000,0.000000,0.012800,0.000000,0.000000,0.000000,0.005000,0.002000,0.002700,0.008400,0.000000
2152,8.284236,5.334899,5.330600,5.188000,1176.000000,933828828.000000,1424890704.000000,252489728.000000,239591424.000000,1623867392.000000,0.000000,0.000000,2.143100,0.049500,0.021700,2.013100,0.012400,0.020200,0.012100,0.000600,0.000300,0.000800,0.005200,0.002500,0.002800,0.006900,0.000000
2153,8.287142,2.962202,2.983200,2.848400,1176.000000,933828452.000000,1424890704.000000,252489728.000000,239591424.000000,1623867392.000000,0.000000,0.000000,0.000800,0.000000,0.000000,0.000000,0.012500,0.000000,0.012800,0.000000,0.000000,0.000000,0.005200,0.002000,0.003300,0.007300,0.000000
2154,8.290498,3.305704,3.275200,3.152800,1176.000000,933828452.000000,1424890704.000000,252489728.000000,239591424.000000,1623867392.000000,0.000000,0.000000,0.000600,0.000000,0.000000,0.000000,0.009900,0.000000,0.011600,0.000000,0.000000,0.000000,0.004600,0.001600,0.002400,0.007000,0.000000
2155,8.293507,2.973895,2.972600,2.826100,1176.000000,933828500.000000,1424890704.000000,252489728.000000,239591424.000000,1623867392.000000,0.000000,0.000000,0.000800,0.000000,0.000000,0.000000,0.011700,0.000000,0.013000,0.000000,0.000000,0.000000,0.005100,0.001800,0.003400,0.006900,0.000000
2156,8.299539,6.067205,6.047100,5.901600,1176.000000,933843420.000000,1424890704.000000,252489728.000000,239591424.000000,1623867392.000000,0.000000,0.000000,2.634200,0.050900,0.023300,2.485100,0.012200,0.031100,0.013800,0.000600,0.000300,0.000900,0.005700,0.002700,0.003500,0.008300,0.000000
2157,8.302329,2.837394,2.873000,2.720900,1228.000000,933835420.000000,1424890704.000000,252489728.000000,239595520.000000,1623867392.000000,0.000000,0.000000,0.000600,0.000000,0.000000,0.000000,0.012800,0.000000,0.014100,0.000000,0.000000,0.000000,0.004400,0.002000,0.003200,0.008700,0.000000
2158,8.305603,3.225305,3.201900,3.075200,1176.000000,933832804.000000,1424890704.000000,252489728.000000,239595520.000000,1623867392.000000,0.000000,0.000000,0.000700,0.000000,0.000000,0.000000,0.010000,0.000000,0.012300,0.000000,0.000000,0.000000,0.004500,0.001600,0.002700,0.006400,0.000000
2159,8.308507,2.916497,2.926100,2.787800,1176.000000,933836940.000000,1424890704.000000,252489728.000000,239599616.000000,1623867392.000000,0.000000,0.000000,0.000800,0.000000,0.000000,0.000000,0.010600,0.000000,0.011700,0.000000,0.000000,0.000000,0.005500,0.001900,0.002700,0.007600,0.000000
2160,8.311587,3.102105,3.060100,2.934500,1176.000000,933836964.000000,1424890704.000000,252489728.000000,239599616.000000,1623867392.000000,0.000000,0.000000,0.000700,0.000000,0.000000,0.000000,0.011100,0.000000,0.012700,0.000000,0.000000,0.000000,0.004600,0.001800,0.003200,0.006400,0.000000
2161,8.317001,5.364498,5.382900,5.215100,1176.000000,933836588.000000,1424890704.000000,252489728.000000,239599616.000000,1623867392.000000,0.000000,0.000000,2.251900,0.048600,0.020000,2.116000,0.011000,0.026900,0.011900,0.000500,0.000200,0.000700,0.004600,0.002600,0.002500,0.008400,0.000000
2162,8.320667,3.661295,3.650400,3.507700,1176.000000,933836588.000000,1424890704.000000,252489728.000000,239599616.000000,1623867392.000000,0.000000,0.000000,0.000700,0.000000,0.000000,0.000000,0.012400,0.000000,0.011300,0.000000,0.000000,0.000000,0.004800,0.001600,0.002700,0.006900,0.000000
2163,8.324126,3.456406,3.456600,3.306200,1176.000000,933840708.000000,1424890704.000000,252489728.000000,239603712.000000,1623867392.000000,0.000000,0.000000,0.000900,0.000000,0.000000,0.000000,0.012400,0.000000,0.012700,0.000000,0.000000,0.000000,0.004900,0.002200,0.003000,0.007200,0.000000
2164,8.327082,3.021499,3.006200,2.863500,1176.000000,933841156.000000,1424890704.000000,252489728.000000,239603712.000000,1623867392.000000,0.000000,0.000000,0.000800,0.000000,0.000000,0.000000,0.013300,0.000000,0.013500,0.000000,0.000000,0.000000,0.005600,0.002000,0.003600,0.007800,0.000000
2165,8.332463,5.309602,5.324300,5.161400,1176.000000,933842028.000000,1424890704.000000,252489728.000000,239603712.000000,1623867392.000000,0.000000,0.000000,2.220600,0.048300,0.019900,2.072600,0.010300,0.037600,0.013000,0.000600,0.000300,0.000700,0.004300,0.002500,0.002700,0.008700,0.000000
2166,8.335865,3.415094,3.263600,3.123100,1176.000000,933841204.000000,1424890704.000000,252489728.000000,239603712.000000,1623867392.000000,0.000000,0.000000,0.000800,0.000000,0.000000,0.000000,0.012300,0.000000,0.012600,0.000000,0.000000,0.000000,0.006000,0.001800,0.003000,0.007100,0.000000
2167,8.339151,3.302303,3.451000,3.164100,1176.000000,933841652.000000,1424890704.000000,252489728.000000,239603712.000000,1623867392.000000,0.000000,0.000000,0.000600,0.000000,0.000000,0.000000,0.011400,0.000000,0.013500,0.000000,0.000000,0.000000,0.005000,0.001900,0.002800,0.007200,0.000000
2168,8.342044,2.937699,2.958700,2.827100,1176.000000,933845772.000000,1424890704.000000,252489728.000000,239607808.000000,1623867392.000000,0.000000,0.000000,0.000800,0.000000,0.000000,0.000000,0.012100,0.000000,0.014900,0.000000,0.000000,0.000000,0.005300,0.001900,0.003000,0.007800,0.000000
2169,8.345328,3.250702,3.228000,3.113300,1176.000000,933844972.000000,1424890704.000000,252489728.000000,239607808.000000,1623867392.000000,0.000000,0.000000,0.000700,0.000000,0.000000,0.000000,0.010200,0.000000,0.012100,0.000000,0.000000,0.000000,0.004000,0.001700,0.002400,0.006200,0.000000
2170,8.351130,5.681200,5.638900,5.492700,1176.000000,933844972.000000,1424890704.000000,252489728.000000,239607808.000000,1623867392.000000,0.000000,0.000000,2.272900,0.051400,0.020300,2.132000,0.011100,0.028400,0.012300,0.000600,0.000400,0.001100,0.004900,0.002500,0.003000,0.007300,0.000000
2171,8.354331,3.280499,3.308400,3.137200,1176.000000,933845020.000000,1424890704.000000,252489728.000000,239607808.000000,1623867392.000000,0.000000,0.000000,0.000700,0.000000,0.000000,0.000000,0.013800,0.000000,0.013900,0.000000,0.000000,0.000000,0.009700,0.002400,0.003900,0.008000,0.000000
2172,8.357152,2.891603,2.907200,2.773600,1176.000000,933863476.000000,1424890704.000000,252489728.000000,239611904.000000,1623867392.000000,0.000000,0.000000,0.000700,0.000000,0.000000,0.000000,0.012400,0.000000,0.013100,0.000000,0.000000,0.000000,0.003900,0.002100,0.002300,0.007100,0.000000
2173,8.360414,3.223895,3.201500,3.077800,1176.000000,933851380.000000,1424890704.000000,252489728.000000,239611904.000000,1623867392.000000,0.000000,0.000000,0.000800,0.000000,0.000000,0.000000,0.012500,0.000000,0.012900,0.000000,0.000000,0.000000,0.004300,0.002100,0.002400,0.004800,0.000000
2174,8.366324,5.926106,5.895900,5.753500,1176.000000,933852860.000000,1424890704.000000,252489728.000000,239616000.000000,1623867392.000000,0.000000,0.000000,2.843400,0.061900,0.019800,2.702300,0.012100,0.020400,0.012500,0.000500,0.000200,0.000700,0.004900,0.002700,0.002900,0.008100,0.000000
2175,8.369511,3.168601,3.196500,3.029000,1176.000000,933852900.000000,1424890704.000000,252489728.000000,239616000.000000,1623867392.000000,0.000000,0.000000,0.000800,0.000000,0.000000,0.000000,0.011800,0.000000,0.011300,0.000000,0.000000,0.000000,0.004400,0.001600,0.002800,0.006000,0.000000
2176,8.372162,2.712798,2.736500,2.606700,1176.000000,933853348.000000,1424890704.000000,252489728.000000,239616000.000000,1623867392.000000,0.000000,0.000000,0.000600,0.000000,0.000000,0.000000,0.010900,0.000000,0.013000,0.000000,0.000000,0.000000,0.004400,0.001400,0.003000,0.008200,0.000000
2177,8.375488,3.251502,3.223400,3.107500,1176.000000,933852972.000000,1424890704.000000,252489728.000000,239616000.000000,1623867392.000000,0.000000,0.000000,0.000600,0.000000,0.000000,0.000000,0.008600,0.000000,0.011200,0.000000,0.000000,0.000000,0.003900,0.001400,0.002300,0.006800,0.000000
2178,8.378425,2.948398,2.939600,2.805000,1176.000000,933852972.000000,1424890704.000000,252489728.000000,239616000.000000,1623867392.000000,0.000000,0.000000,0.000700,0.000000,0.000000,0.000000,0.011200,0.000000,0.012900,0.000000,0.000000,0.000000,0.004700,0.001800,0.002800,0.007900,0.000000
2179,8.383770,5.323299,5.314400,5.170600,1176.000000,933857516.000000,1424890704.000000,252489728.000000,239620096.000000,1623867392.000000,0.000000,0.000000,2.077200,0.052700,0.022300,1.942500,0.012000,0.021800,0.014300,0.000600,0.000300,0.000500,0.004600,0.002200,0.002900,0.006800,0.000000
2180,8.386834,3.104797,3.115100,2.970900,1176.000000,933857964.000000,1424890704.000000,252489728.000000,239620096.000000,1623867392.000000,0.000000,0.000000,0.000600,0.000000,0.000000,0.000000,0.014700,0.000000,0.013600,0.000000,0.000000,0.000000,0.005100,0.001900,0.003300,0.007100,0.000000
2181,8.389973,3.119203,3.106800,2.973800,1176.000000,933858412.000000,1424890704.000000,252489728.000000,239620096.000000,1623867392.000000,0.000000,0.000000,0.000700,0.000000,0.000000,0.000000,0.011200,0.000000,0.011200,0.000000,0.000000,0.000000,0.004800,0.001800,0.002900,0.007400,0.000000
2182,8.392682,2.745798,2.763000,2.627100,1176.000000,933857588.000000,1424890704.000000,252489728.000000,239620096.000000,1623867392.000000,0.000000,0.000000,0.000500,0.000000,0.000000,0.000000,0.012300,0.000000,0.011600,0.000000,0.000000,0.000000,0.004400,0.002000,0.002400,0.006900,0.000000
2183,8.395700,3.002898,2.998900,2.878400,1176.000000,933857188.000000,1424890704.000000,252489728.000000,239620096.000000,1623867392.000000,0.000000,0.000000,0.000700,0.000000,0.000000,0.000000,0.010400,0.000000,0.011500,0.000000,0.000000,0.000000,0.004000,0.001800,0.003700,0.005800,0.000000
2184,8.401330,5.619501,5.591500,5.467000,1176.000000,933857636.000000,1424890704.000000,252489728.000000,239620096.000000,1623867392.000000,0.000000,0.000000,2.519300,0.047700,0.019200,2.382100,0.010700,0.030900,0.011900,0.000500,0.000300,0.000700,0.004100,0.002600,0.002300,0.007700,0.000000
2185,8.404306,2.984701,2.992900,2.847900,1176.000000,933865452.000000,1424890704.000000,252489728.000000,239628288.000000,1623867392.000000,0.000000,0.000000,0.000800,0.000000,0.000000,0.000000,0.011200,0.000000,0.011200,0.000000,0.000000,0.000000,0.004500,0.001500,0.002700,0.006500,0.000000
2186,8.406895,2.645897,2.676000,2.548400,1176.000000,933869548.000000,1424890704.000000,252489728.000000,239632384.000000,1623867392.000000,0.000000,0.000000,0.000600,0.000000,0.000000,0.000000,0.010700,0.000000,0.011600,0.000000,0.000000,0.000000,0.004200,0.001800,0.003400,0.007400,0.000000
2187,8.410080,3.115200,3.064100,2.952800,1176.000000,933869596.000000,1424890704.000000,252489728.000000,239632384.000000,1623867392.000000,0.000000,0.000000,0.000600,0.000000,0.000000,0.000000,0.007700,0.000000,0.011100,0.000000,0.000000,0.000000,0.003800,0.001500,0.002500,0.006200,0.000000
2188,8.415959,5.828302,5.812200,5.655400,1176.000000,933884132.000000,1424890704.000000,252489728.000000,239632384.000000,1623867392.000000,0.000000,0.000000,2.012400,0.047800,0.020000,1.885100,0.011800,0.019900,0.012400,0.000500,0.000300,0.000700,0.004700,0.002600,0.003100,0.007500,0.000000
2189,8.419549,3.598498,3.375100,3.212700,1176.000000,933872588.000000,1424890704.000000,252489728.000000,239632384.000000,1623867392.000000,0.000000,0.000000,0.000600,0.000000,0.000000,0.000000,0.014300,0.000000,0.016200,0.000000,0.000000,0.000000,0.004900,0.002200,0.002700,0.008400,0.000000
2190,8.422781,3.239201,3.459300,3.074100,1176.000000,933869548.000000,1424890704.000000,252489728.000000,239632384.000000,1623867392.000000,0.000000,0.000000,0.000700,0.000000,0.000000,0.000000,0.015200,0.000000,0.014600,0.000000,0.000000,0.000000,0.004900,0.002100,0.004000,0.008700,0.000000
2191,8.426092,3.331399,3.338900,3.175600,1176.000000,933873684.000000,1424890704.000000,252489728.000000,239636480.000000,1623867392.000000,0.000000,0.000000,0.000700,0.000000,0.000000,0.000000,0.013400,0.000000,0.012400,0.000000,0.000000,0.000000,0.004700,0.003000,0.003200,0.008400,0.000000
2192,8.429691,3.576601,3.425600,3.264900,1176.000000,933874132.000000,1424890704.000000,252489728.000000,239636480.000000,1623867392.000000,0.000000,0.000000,0.000700,0.000000,0.000000,0.000000,0.012100,0.000000,0.011900,0.000000,0.000000,0.000000,0.005000,0.001900,0.003000,0.006200,0.000000
2193,8.435271,5.565002,5.708100,5.413800,1176.000000,933878356.000000,1424890704.000000,252489728.000000,239636480.000000,1623867392.000000,0.000000,0.000000,2.019900,0.056500,0.024800,1.873600,0.014900,0.025900,0.012200,0.000600,0.000400,0.000700,0.005700,0.002700,0.003200,0.008800,0.000000
2194,8.437988,2.792503,2.812000,2.669300,1176.000000,933878356.000000,1424890704.000000,252489728.000000,239636480.000000,1623867392.000000,0.000000,0.000000,0.000800,0.000000,0.000000,0.000000,0.013000,0.000000,0.012000,0.000000,0.000000,0.000000,0.005400,0.002000,0.003400,0.008100,0.000000
2195,8.440882,2.903699,2.894400,2.772800,1176.000000,933878380.000000,1424890704.000000,252489728.000000,239636480.000000,1623867392.000000,0.000000,0.000000,0.000600,0.000000,0.000000,0.000000,0.010700,0.000000,0.012300,0.000000,0.000000,0.000000,0.004700,0.003000,0.002900,0.006300,0.000000
2196,8.443738,2.814002,2.811400,2.682200,1176.000000,933882924.000000,1424890704.000000,252489728.000000,239640576.000000,1623867392.000000,0.000000,0.000000,0.000600,0.000000,0.000000,0.000000,0.010200,0.000000,0.010700,0.000000,0.000000,0.000000,0.004000,0.001900,0.002600,0.005900,0.000000
2197,8.449034,5.296599,5.277800,5.143800,1176.000000,933882996.000000,1424890704.000000,252489728.000000,239644672.000000,1623867392.000000,0.000000,0.000000,2.121900,0.050500,0.019800,1.993100,0.010600,0.018900,0.011000,0.000500,0.000300,0.000700,0.005100,0.002600,0.002600,0.006800,0.000000
2198,8.451747,2.776297,2.806800,2.668300,1176.000000,933882172.000000,1424890704.000000,252489728.000000,239644672.000000,1623867392.000000,0.000000,0.000000,0.000600,0.000000,0.000000,0.000000,0.012200,0.000000,0.012200,0.000000,0.000000,0.000000,0.005000,0.001900,0.003100,0.007600,0.000000
2199,8.454910,3.094501,3.067100,2.954600,1176.000000,933882196.000000,1424890704.000000,252489728.000000,239644672.000000,1623867392.000000,0.000000,0.000000,0.000600,0.000000,0.000000,0.000000,0.008800,0.000000,0.011200,0.000000,0.000000,0.000000,0.004300,0.001600,0.002700,0.006600,0.000000
2200,8.457687,2.821301,2.835300,2.705600,1176.000000,933882644.000000,1424890704.000000,252489728.000000,239644672.000000,1623867392.000000,0.000000,0.000000,0.000600,0.000000,0.000000,0.000000,0.011700,0.000000,0.012100,0.000000,0.000000,0.000000,0.004600,0.001900,0.002500,0.008000,0.000000
2201,8.461010,3.288301,3.254500,3.132300,1176.000000,933882668.000000,1424890704.000000,252489728.000000,239644672.000000,1623867392.000000,0.000000,0.000000,0.000600,0.000000,0.000000,0.000000,0.009900,0.000000,0.013300,0.000000,0.000000,0.000000,0.004200,0.002000,0.002400,0.006500,0.000000
2202,8.466634,5.622499,5.636500,5.489700,1176.000000,933886364.000000,1424890704.000000,252489728.000000,239648768.000000,1623867392.000000,0.000000,0.000000,2.608500,0.049100,0.019000,2.465200,0.011900,0.031800,0.013400,0.000700,0.000200,0.000800,0.004100,0.002800,0.002300,0.008700,0.000000
2203,8.469719,3.119097,3.089800,2.958300,1176.000000,933886412.000000,1424890704.000000,252489728.000000,239648768.000000,1623867392.000000,0.000000,0.000000,0.000600,0.000000,0.000000,0.000000,0.011700,0.000000,0.012000,0.000000,0.000000,0.000000,0.004800,0.001800,0.002500,0.006900,0.000000
2204,8.472310,2.629904,2.680300,2.531900,1176.000000,933900772.000000,1424890704.000000,252489728.000000,239648768.000000,1623867392.000000,0.000000,0.000000,0.000700,0.000000,0.000000,0.000000,0.011100,0.000000,0.012000,0.000000,0.000000,0.000000,0.004300,0.001400,0.002900,0.007500,0.000000
2205,8.475552,3.144799,3.067000,2.957000,1176.000000,933888676.000000,1424890704.000000,252489728.000000,239648768.000000,1623867392.000000,0.000000,0.000000,0.000500,0.000000,0.000000,0.000000,0.008800,0.000000,0.011800,0.000000,0.000000,0.000000,0.003500,0.001400,0.002000,0.006300,0.000000
2206,8.478775,3.170897,3.179900,2.995100,1176.000000,933886060.000000,1424890704.000000,252489728.000000,239648768.000000,1623867392.000000,0.000000,0.000000,0.000600,0.000000,0.000000,0.000000,0.012000,0.000000,0.012400,0.000000,0.000000,0.000000,0.005200,0.002000,0.003200,0.007000,0.000000
2207,8.484131,5.418906,5.414700,5.249800,1176.000000,933890196.000000,1424890704.000000,252489728.000000,239652864.000000,1623867392.000000,0.000000,0.000000,2.080900,0.057600,0.026400,1.912400,0.017000,0.029200,0.012500,0.000800,0.000300,0.000700,0.006600,0.002500,0.003900,0.008900,0.000000
2208,8.486897,2.828493,2.874300,2.714700,1176.000000,933890644.000000,1424890704.000000,252489728.000000,239652864.000000,1623867392.000000,0.000000,0.000000,0.000900,0.000000,0.000000,0.000000,0.014200,0.000000,0.013200,0.000000,0.000000,0.000000,0.004800,0.002200,0.003400,0.007500,0.000000
2209,8.490136,3.191801,3.162900,3.043800,1176.000000,933890268.000000,1424890704.000000,252489728.000000,239652864.000000,1623867392.000000,0.000000,0.000000,0.000600,0.000000,0.000000,0.000000,0.010000,0.000000,0.010800,0.000000,0.000000,0.000000,0.004000,0.001400,0.002600,0.006000,0.000000
2210,8.493491,3.273604,3.237800,3.086300,1176.000000,933894364.000000,1424890704.000000,252489728.000000,239656960.000000,1623867392.000000,0.000000,0.000000,0.000700,0.000000,0.000000,0.000000,0.011500,0.000000,0.011800,0.000000,0.000000,0.000000,0.004400,0.001800,0.003200,0.007200,0.000000
2211,8.500189,6.754195,6.753100,6.575700,1176.000000,933894812.000000,1424890704.000000,252489728.000000,239656960.000000,1623867392.000000,0.000000,0.000000,2.988900,0.051200,0.022600,2.843100,0.017500,0.029100,0.013600,0.000600,0.000300,0.000800,0.005400,0.003000,0.003400,0.008200,0.000000
2212,8.503568,3.372102,3.387400,3.212700,1228.000000,933894836.000000,1424890704.000000,252489728.000000,239656960.000000,1623867392.000000,0.000000,0.000000,0.000700,0.000000,0.000000,0.000000,0.015200,0.000000,0.014600,0.000000,0.000000,0.000000,0.005400,0.002000,0.003600,0.008400,0.000000
2213,8.506819,3.253699,3.249900,3.098800,1176.000000,933899380.000000,1424890704.000000,252489728.000000,239661056.000000,1623867392.000000,0.000000,0.000000,0.000900,0.000000,0.000000,0.000000,0.013400,0.000000,0.232400,0.000000,0.000000,0.000000,0.005700,0.002000,0.003500,0.008300,0.000000
2214,8.510623,3.806604,3.800900,3.644200,1176.000000,933898556.000000,1424890704.000000,252489728.000000,239661056.000000,1623867392.000000,0.000000,0.000000,0.000500,0.000000,0.000000,0.000000,0.014700,0.000000,0.012200,0.000000,0.000000,0.000000,0.005400,0.001900,0.002700,0.007700,0.000000
2215,8.517852,7.176396,7.146800,6.979900,1176.000000,933899004.000000,1424890704.000000,252489728.000000,239661056.000000,1623867392.000000,0.000000,0.000000,2.320500,0.051800,0.020900,2.166500,0.012800,0.035900,0.013600,0.000500,0.000400,0.000800,0.005500,0.002600,0.003700,0.011200,0.000000
2216,8.522065,4.274100,4.266700,4.088600,1176.000000,933899452.000000,1424890704.000000,252489728.000000,239661056.000000,1623867392.000000,0.000000,0.000000,0.000600,0.000000,0.000000,0.000000,0.017400,0.000000,0.014400,0.000000,0.000000,0.000000,0.006100,0.002000,0.003700,0.009600,0.000000
2217,8.526174,3.988103,3.936100,3.734800,1176.000000,933899052.000000,1424890704.000000,252489728.000000,239661056.000000,1623867392.000000,0.000000,0.000000,0.000700,0.000000,0.000000,0.000000,0.013100,0.000000,0.012500,0.000000,0.000000,0.000000,0.005100,0.002500,0.003200,0.007800,0.000000
2218,8.530419,4.313903,4.349400,4.141500,1176.000000,933899076.000000,1424890704.000000,252489728.000000,239661056.000000,1623867392.000000,0.000000,0.000000,0.000900,0.000000,0.000000,0.000000,0.021000,0.000000,0.018100,0.000000,0.000000,0.000000,0.009600,0.004100,0.005400,0.013200,0.000000
2219,8.536218,5.823597,5.841300,5.642200,1176.000000,933902796.000000,1424890704.000000,252489728.000000,239665152.000000,1623867392.000000,0.000000,0.000000,2.224900,0.052100,0.023600,2.076700,0.017900,0.023900,0.013000,0.000600,0.000400,0.000800,0.005300,0.002600,0.003300,0.009700,0.000000
2220,8.540154,3.972902,3.987000,3.818500,1176.000000,933917156.000000,1424890704.000000,252489728.000000,239665152.000000,1623867392.000000,0.000000,0.000000,0.000900,0.000000,0.000000,0.000000,0.013800,0.000000,0.013400,0.000000,0.000000,0.000000,0.005600,0.002200,0.003500,0.007600,0.000000
2221,8.543665,3.469898,3.381700,3.229200,1176.000000,933905060.000000,1424890704.000000,252489728.000000,239665152.000000,1623867392.000000,0.000000,0.000000,0.000800,0.000000,0.000000,0.000000,0.012700,0.000000,0.014500,0.000000,0.000000,0.000000,0.005400,0.002200,0.003700,0.009000,0.000000
2222,8.549306,5.643502,5.630900,5.414900,1176.000000,933902868.000000,1424890704.000000,252489728.000000,239665152.000000,1623867392.000000,0.000000,0.000000,2.127100,0.052100,0.024600,1.971200,0.013000,0.034400,0.013100,0.000600,0.000200,0.001000,0.005600,0.002700,0.003900,0.009600,0.000000
2223,8.552475,3.179797,3.284900,3.048800,1176.000000,933907004.000000,1424890704.000000,252489728.000000,239669248.000000,1623867392.000000,0.000000,0.000000,0.000800,0.000000,0.000000,0.000000,0.017200,0.000000,0.014100,0.000000,0.000000,0.000000,0.005600,0.002600,0.003800,0.009200,0.000000
2224,8.556088,3.587798,3.469800,3.326200,1176.000000,933911548.000000,1424890704.000000,252489728.000000,239673344.000000,1623867392.000000,0.000000,0.000000,0.000800,0.000000,0.000000,0.000000,0.012000,0.000000,0.011600,0.000000,0.000000,0.000000,0.006200,0.002600,0.003700,0.008700,0.000000
2225,8.559490,3.430400,3.517800,3.273200,1176.000000,933911172.000000,1424890704.000000,252489728.000000,239673344.000000,1623867392.000000,0.000000,0.000000,0.000800,0.000000,0.000000,0.000000,0.014300,0.000000,0.013600,0.000000,0.000000,0.000000,0.006400,0.001900,0.003600,0.009900,0.000000
2226,8.562702,3.229904,3.235200,3.078000,1176.000000,933910748.000000,1424890704.000000,252489728.000000,239673344.000000,1623867392.000000,0.000000,0.000000,0.001000,0.000000,0.000000,0.000000,0.014300,0.000000,0.013600,0.000000,0.000000,0.000000,0.005700,0.002400,0.003400,0.008100,0.000000
2227,8.568478,5.773802,5.764500,5.611100,1176.000000,933910772.000000,1424890704.000000,252489728.000000,239673344.000000,1623867392.000000,0.000000,0.000000,2.492300,0.051200,0.020500,2.339400,0.012700,0.036600,0.013000,0.000600,0.000300,0.000900,0.005200,0.002600,0.003300,0.008800,0.000000
2228,8.571731,3.271599,3.264200,3.111800,1176.000000,933911220.000000,1424890704.000000,252489728.000000,239673344.000000,1623867392.000000,0.000000,0.000000,0.000700,0.000000,0.000000,0.000000,0.013400,0.000000,0.012900,0.000000,0.000000,0.000000,0.004700,0.002400,0.002800,0.008800,0.000000
2229,8.574992,3.246698,3.237700,3.081700,1176.000000,933911668.000000,1424890704.000000,252489728.000000,239673344.000000,1623867392.000000,0.000000,0.000000,0.000700,0.000000,0.000000,0.000000,0.012200,0.000000,0.012000,0.000000,0.000000,0.000000,0.004800,0.001900,0.002900,0.007400,0.000000
2230,8.577861,2.903699,2.938900,2.779200,1176.000000,933914940.000000,1424890704.000000,252489728.000000,239677440.000000,1623867392.000000,0.000000,0.000000,0.000700,0.000000,0.000000,0.000000,0.012100,0.000000,0.012500,0.000000,0.000000,0.000000,0.004700,0.001600,0.002600,0.008100,0.000000
2231,8.583071,5.198498,5.179100,5.051900,1176.000000,933914964.000000,1424890704.000000,252489728.000000,239677440.000000,1623867392.000000,0.000000,0.000000,2.194400,0.058000,0.022000,2.052700,0.012900,0.027300,0.012600,0.000600,0.000300,0.000700,0.004500,0.002500,0.002500,0.007700,0.000000
2232,8.586208,3.127204,3.133400,2.994500,1176.000000,933915412.000000,1424890704.000000,252489728.000000,239677440.000000,1623867392.000000,0.000000,0.000000,0.000600,0.000000,0.000000,0.000000,0.012300,0.000000,0.012800,0.000000,0.000000,0.000000,0.004200,0.001900,0.003200,0.007200,0.000000
2233,8.589160,2.968098,2.969100,2.841000,1176.000000,933915436.000000,1424890704.000000,252489728.000000,239677440.000000,1623867392.000000,0.000000,0.000000,0.000800,0.000000,0.000000,0.000000,0.010800,0.000000,0.013700,0.000000,0.000000,0.000000,0.004600,0.001600,0.002400,0.007400,0.000000
2234,8.592030,2.896202,2.906000,2.784400,1176.000000,933915036.000000,1424890704.000000,252489728.000000,239677440.000000,1623867392.000000,0.000000,0.000000,0.000800,0.000000,0.000000,0.000000,0.011500,0.000000,0.013700,0.000000,0.000000,0.000000,0.004500,0.001900,0.003000,0.006900,0.000000
2235,8.595328,3.236699,3.201800,3.084700,1176.000000,933919180.000000,1424890704.000000,252489728.000000,239681536.000000,1623867392.000000,0.000000,0.000000,0.000600,0.000000,0.000000,0.000000,0.010000,0.000000,0.011700,0.000000,0.000000,0.000000,0.004500,0.001700,0.002400,0.006500,0.000000
2236,8.601331,6.022498,5.982700,5.832800,1176.000000,933938188.000000,1424890704.000000,252489728.000000,239685632.000000,1623867392.000000,0.000000,0.000000,2.682200,0.053400,0.021200,2.545300,0.011400,0.026300,0.013100,0.000600,0.000200,0.000500,0.004600,0.002700,0.002900,0.007400,0.000000
2237,8.604399,3.069501,3.114900,2.940600,1176.000000,933926092.000000,1424890704.000000,252489728.000000,239685632.000000,1623867392.000000,0.000000,0.000000,0.000700,0.000000,0.000000,0.000000,0.013400,0.000000,0.013900,0.000000,0.000000,0.000000,0.004400,0.001800,0.003100,0.006900,0.000000
2238,8.607172,2.824398,2.837300,2.712200,1176.000000,933923476.000000,1424890704.000000,252489728.000000,239685632.000000,1623867392.000000,0.000000,0.000000,0.000900,0.000000,0.000000,0.000000,0.011900,0.000000,0.012600,0.000000,0.000000,0.000000,0.004800,0.001700,0.002900,0.007000,0.000000
2239,8.610278,3.075106,3.060600,2.943100,1176.000000,933923516.000000,1424890704.000000,252489728.000000,239685632.000000,1623867392.000000,0.000000,0.000000,0.000600,0.000000,0.000000,0.000000,0.010200,0.000000,0.011800,0.000000,0.000000,0.000000,0.003700,0.001700,0.002400,0.005900,0.000000
2240,8.615782,5.459800,5.445400,5.316900,1176.000000,933923540.000000,1424890704.000000,252489728.000000,239685632.000000,1623867392.000000,0.000000,0.000000,2.217400,0.046600,0.018700,2.084600,0.010700,0.028200,0.012000,0.000600,0.000300,0.000600,0.004400,0.002400,0.002900,0.007100,0.000000
2241,8.618885,3.121797,3.104000,2.961300,1176.000000,933927260.000000,1424890704.000000,252489728.000000,239689728.000000,1623867392.000000,0.000000,0.000000,0.000700,0.000000,0.000000,0.000000,0.012300,0.000000,0.011400,0.000000,0.000000,0.000000,0.004900,0.001900,0.002600,0.007900,0.000000
2242,8.621845,3.001998,3.028400,2.880800,1176.000000,933927260.000000,1424890704.000000,252489728.000000,239689728.000000,1623867392.000000,0.000000,0.000000,0.000800,0.000000,0.000000,0.000000,0.012300,0.000000,0.012200,0.000000,0.000000,0.000000,0.005100,0.001900,0.002800,0.007700,0.000000
2243,8.624870,3.001800,2.989700,2.868500,1176.000000,933927284.000000,1424890704.000000,252489728.000000,239689728.000000,1623867392.000000,0.000000,0.000000,0.000600,0.000000,0.000000,0.000000,0.009700,0.000000,0.011300,0.000000,0.000000,0.000000,0.004800,0.001600,0.002500,0.007400,0.000000
2244,8.627659,2.815703,2.809300,2.683500,1176.000000,933927732.000000,1424890704.000000,252489728.000000,239689728.000000,1623867392.000000,0.000000,0.000000,0.000700,0.000000,0.000000,0.000000,0.011400,0.000000,0.012200,0.000000,0.000000,0.000000,0.004700,0.002000,0.002900,0.007500,0.000000
2245,8.634648,6.901198,6.874300,6.730100,1176.000000,933928604.000000,1424890704.000000,252489728.000000,239689728.000000,1623867392.000000,0.000000,0.000000,2.792800,0.050900,0.020400,2.662900,0.010100,0.021000,0.011100,0.000800,0.000200,0.000700,0.004500,0.002400,0.002700,0.007600,0.000000
2246,8.638980,4.368098,4.375600,4.216300,1176.000000,933927780.000000,1424890704.000000,252489728.000000,239689728.000000,1623867392.000000,0.000000,0.000000,0.000900,0.000000,0.000000,0.000000,0.014300,0.000000,0.013500,0.000000,0.000000,0.000000,0.005700,0.002200,0.003300,0.007800,0.000000
2247,8.642392,3.438804,3.452500,3.309300,1176.000000,933931900.000000,1424890704.000000,252489728.000000,239693824.000000,1623867392.000000,0.000000,0.000000,0.000600,0.000000,0.000000,0.000000,0.012400,0.000000,0.012700,0.000000,0.000000,0.000000,0.004800,0.001900,0.002600,0.007900,0.000000
2248,8.645764,3.352097,3.333300,3.201900,1176.000000,933936444.000000,1424890704.000000,252489728.000000,239697920.000000,1623867392.000000,0.000000,0.000000,0.000600,0.000000,0.000000,0.000000,0.011000,0.000000,0.012400,0.000000,0.000000,0.000000,0.004200,0.002000,0.002900,0.007600,0.000000
2249,8.651475,5.705102,5.707200,5.562400,1176.000000,933935620.000000,1424890704.000000,252489728.000000,239697920.000000,1623867392.000000,0.000000,0.000000,2.178700,0.048300,0.018800,2.042800,0.011200,0.028600,0.012300,0.000600,0.000200,0.000700,0.004000,0.002600,0.002500,0.008000,0.000000
2250,8.654860,3.382199,3.383500,3.243200,1176.000000,933935644.000000,1424890704.000000,252489728.000000,239697920.000000,1623867392.000000,0.000000,0.000000,0.000700,0.000000,0.000000,0.000000,0.012900,0.000000,0.012800,0.000000,0.000000,0.000000,0.004700,0.002000,0.003000,0.006800,0.000000
2251,8.657726,2.902898,2.906900,2.778200,1176.000000,933935692.000000,1424890704.000000,252489728.000000,239697920.000000,1623867392.000000,0.000000,0.000000,0.000700,0.000000,0.000000,0.000000,0.010600,0.000000,0.012300,0.000000,0.000000,0.000000,0.004100,0.001800,0.002900,0.008200,0.000000
2252,8.660860,3.119600,3.117000,2.989700,1176.000000,933954148.000000,1424890704.000000,252489728.000000,239702016.000000,1623867392.000000,0.000000,0.000000,0.000900,0.000000,0.000000,0.000000,0.011800,0.000000,0.012200,0.000000,0.000000,0.000000,0.004000,0.001700,0.002700,0.006200,0.000000
2253,8.666151,5.280003,5.262000,5.134600,1176.000000,933942052.000000,1424890704.000000,252489728.000000,239702016.000000,1623867392.000000,0.000000,0.000000,2.102000,0.046300,0.019700,1.966500,0.010100,0.029000,0.015200,0.000500,0.000100,0.000700,0.004800,0.002900,0.002900,0.007100,0.000000
2254,8.669180,3.044799,3.042100,2.904100,1176.000000,933939436.000000,1424890704.000000,252489728.000000,239702016.000000,1623867392.000000,0.000000,0.000000,0.000600,0.000000,0.000000,0.000000,0.012500,0.000000,0.011800,0.000000,0.000000,0.000000,0.008300,0.001800,0.002900,0.007600,0.000000
2255,8.671973,2.831002,2.856800,2.724900,1176.000000,933939900.000000,1424890704.000000,252489728.000000,239702016.000000,1623867392.000000,0.000000,0.000000,0.000700,0.000000,0.000000,0.000000,0.011400,0.000000,0.013800,0.000000,0.000000,0.000000,0.004100,0.001600,0.003000,0.007300,0.000000
2256,8.675065,3.028394,3.005200,2.893800,1176.000000,933939924.000000,1424890704.000000,252489728.000000,239702016.000000,1623867392.000000,0.000000,0.000000,0.000600,0.000000,0.000000,0.000000,0.009500,0.000000,0.012900,0.000000,0.000000,0.000000,0.003700,0.001500,0.002500,0.005900,0.000000
2257,8.678003,2.923200,2.886400,2.754100,1176.000000,933939548.000000,1424890704.000000,252489728.000000,239702016.000000,1623867392.000000,0.000000,0.000000,0.000600,0.000000,0.000000,0.000000,0.010900,0.000000,0.011900,0.000000,0.000000,0.000000,0.003700,0.001800,0.002400,0.006500,0.000000
2258,8.683303,5.306604,5.318000,5.150300,1176.000000,933943676.000000,1424890704.000000,252489728.000000,239706112.000000,1623867392.000000,0.000000,0.000000,2.039900,0.046900,0.019500,1.908000,0.011700,0.022700,0.011600,0.000600,0.000300,0.000700,0.005400,0.002300,0.003200,0.008500,0.000000
2259,8.686423,3.133702,3.149200,3.002600,1176.000000,933943700.000000,1424890704.000000,252489728.000000,239706112.000000,1623867392.000000,0.000000,0.000000,0.000600,0.000000,0.000000,0.000000,0.013300,0.000000,0.012400,0.000000,0.000000,0.000000,0.004800,0.002100,0.003000,0.007900,0.000000
2260,8.689584,3.148094,3.137700,3.001900,1176.000000,933944148.000000,1424890704.000000,252489728.000000,239706112.000000,1623867392.000000,0.000000,0.000000,0.000700,0.000000,0.000000,0.000000,0.010900,0.000000,0.012300,0.000000,0.000000,0.000000,0.005300,0.001700,0.002800,0.007300,0.000000
2261,8.692487,2.942404,2.953600,2.822400,1176.000000,933948692.000000,1424890704.000000,252489728.000000,239710208.000000,1623867392.000000,0.000000,0.000000,0.000800,0.000000,0.000000,0.000000,0.011800,0.000000,0.012300,0.000000,0.000000,0.000000,0.004800,0.002100,0.003200,0.007200,0.000000
2262,8.695708,3.177601,3.149100,3.022100,1176.000000,933947868.000000,1424890704.000000,252489728.000000,239710208.000000,1623867392.000000,0.000000,0.000000,0.000800,0.000000,0.000000,0.000000,0.009600,0.000000,0.012600,0.000000,0.000000,0.000000,0.005400,0.002600,0.002900,0.007800,0.000000
2263,8.701026,5.328096,5.321300,5.174100,1176.000000,933956460.000000,1424890704.000000,252489728.000000,239714304.000000,1623867392.000000,0.000000,0.000000,2.085800,0.055900,0.021500,1.946700,0.011200,0.024300,0.011800,0.000800,0.000200,0.000700,0.004800,0.002700,0.002700,0.007000,0.000000
2264,8.704008,2.991504,2.997700,2.844900,1228.000000,933956908.000000,1424890704.000000,252489728.000000,239714304.000000,1623867392.000000,0.000000,0.000000,0.000600,0.000000,0.000000,0.000000,0.011000,0.000000,0.011600,0.000000,0.000000,0.000000,0.005300,0.001800,0.002900,0.005600,0.000000
2265,8.706982,3.021896,3.037400,2.902800,1176.000000,933956508.000000,1424890704.000000,252489728.000000,239714304.000000,1623867392.000000,0.000000,0.000000,0.000700,0.000000,0.000000,0.000000,0.011400,0.000000,0.012700,0.000000,0.000000,0.000000,0.004600,0.001800,0.003000,0.006100,0.000000
2266,8.710186,3.158305,3.141500,3.017500,1176.000000,933956532.000000,1424890704.000000,252489728.000000,239714304.000000,1623867392.000000,0.000000,0.000000,0.000600,0.000000,0.000000,0.000000,0.010100,0.000000,0.011400,0.000000,0.000000,0.000000,0.004300,0.001500,0.002300,0.006400,0.000000
2267,8.715842,5.641199,5.639600,5.504000,1176.000000,933952540.000000,1424890704.000000,252489728.000000,239714304.000000,1623867392.000000,0.000000,0.000000,2.271900,0.054300,0.018300,2.126300,0.011500,0.033300,0.012900,0.000600,0.000200,0.000800,0.004400,0.003400,0.002700,0.009600,0.000000
2268,8.718767,2.951998,2.949200,2.816300,1176.000000,933966900.000000,1424890704.000000,252489728.000000,239714304.000000,1623867392.000000,0.000000,0.000000,0.000700,0.000000,0.000000,0.000000,0.012100,0.000000,0.012600,0.000000,0.000000,0.000000,0.004400,0.002000,0.002900,0.007900,0.000000
2269,8.721759,3.011600,3.018500,2.888600,1176.000000,933958900.000000,1424890704.000000,252489728.000000,239718400.000000,1623867392.000000,0.000000,0.000000,0.000900,0.000000,0.000000,0.000000,0.011100,0.000000,0.013200,0.000000,0.000000,0.000000,0.004700,0.002400,0.002900,0.008200,0.000000
2270,8.724787,3.010402,3.003100,2.880200,1176.000000,933956284.000000,1424890704.000000,252489728.000000,239718400.000000,1623867392.000000,0.000000,0.000000,0.000600,0.000000,0.000000,0.000000,0.010200,0.000000,0.012300,0.000000,0.000000,0.000000,0.004700,0.001700,0.002400,0.006600,0.000000
2271,8.727777,2.997995,2.995900,2.869700,1176.000000,933959996.000000,1424890704.000000,252489728.000000,239722496.000000,1623867392.000000,0.000000,0.000000,0.000600,0.000000,0.000000,0.000000,0.010800,0.000000,0.012300,0.000000,0.000000,0.000000,0.004300,0.002200,0.002400,0.007000,0.000000
2272,8.732937,5.160601,5.122300,4.994800,1176.000000,933960444.000000,1424890704.000000,252489728.000000,239722496.000000,1623867392.000000,0.000000,0.000000,2.069400,0.047300,0.019200,1.944400,0.010600,0.020900,0.011700,0.000600,0.000300,0.000600,0.004300,0.002300,0.003000,0.007400,0.000000
2273,8.735967,2.995805,3.027400,2.870500,1176.000000,933960068.000000,1424890704.000000,252489728.000000,239722496.000000,1623867392.000000,0.000000,0.000000,0.000700,0.000000,0.000000,0.000000,0.011900,0.000000,0.012300,0.000000,0.000000,0.000000,0.004300,0.001600,0.002700,0.006200,0.000000
2274,8.738884,2.961699,2.961400,2.839700,1176.000000,933964164.000000,1424890704.000000,252489728.000000,239726592.000000,1623867392.000000,0.000000,0.000000,0.000500,0.000000,0.000000,0.000000,0.011400,0.000000,0.011700,0.000000,0.000000,0.000000,0.004200,0.001500,0.002800,0.007400,0.000000
2275,8.741862,2.984899,2.987300,2.868700,1176.000000,933968284.000000,1424890704.000000,252489728.000000,239730688.000000,1623867392.000000,0.000000,0.000000,0.000600,0.000000,0.000000,0.000000,0.010000,0.000000,0.011900,0.000000,0.000000,0.000000,0.004500,0.001900,0.002700,0.006900,0.000000
2276,8.745110,3.226198,3.205000,3.088000,1176.000000,933968732.000000,1424890704.000000,252489728.000000,239730688.000000,1623867392.000000,0.000000,0.000000,0.000700,0.000000,0.000000,0.000000,0.010300,0.000000,0.011900,0.000000,0.000000,0.000000,0.004200,0.001500,0.002500,0.006700,0.000000
2277,8.750725,5.594799,5.583900,5.446900,1176.000000,933969604.000000,1424890704.000000,252489728.000000,239730688.000000,1623867392.000000,0.000000,0.000000,2.161800,0.050000,0.020000,2.028300,0.011200,0.023600,0.014000,0.000600,0.000300,0.000700,0.004600,0.002400,0.002500,0.006100,0.000000
2278,8.753822,3.078501,3.086200,2.947600,1176.000000,933968356.000000,1424890704.000000,252489728.000000,239730688.000000,1623867392.000000,0.000000,0.000000,0.000700,0.000000,0.000000,0.000000,0.013200,0.000000,0.013800,0.000000,0.000000,0.000000,0.005100,0.003100,0.003100,0.007900,0.000000
2279,8.756896,3.122499,3.120900,2.993400,1176.000000,933968380.000000,1424890704.000000,252489728.000000,239730688.000000,1623867392.000000,0.000000,0.000000,0.000800,0.000000,0.000000,0.000000,0.011500,0.000000,0.012800,0.000000,0.000000,0.000000,0.004800,0.002000,0.002800,0.007800,0.000000
2280,8.760512,3.590703,3.579000,3.448200,1176.000000,933972924.000000,1424890704.000000,252489728.000000,239734784.000000,1623867392.000000,0.000000,0.000000,0.000600,0.000000,0.000000,0.000000,0.010600,0.000000,0.012400,0.000000,0.000000,0.000000,0.004300,0.001900,0.002700,0.007500,0.000000
2281,8.766613,6.099901,6.098000,5.959700,1176.000000,933972524.000000,1424890704.000000,252489728.000000,239734784.000000,1623867392.000000,0.000000,0.000000,2.890400,0.047200,0.020000,2.761600,0.011400,0.021800,0.011600,0.000600,0.000400,0.000700,0.004800,0.002900,0.002900,0.007700,0.000000
2282,8.769969,3.359899,3.307400,3.172800,1176.000000,933972548.000000,1424890704.000000,252489728.000000,239734784.000000,1623867392.000000,0.000000,0.000000,0.000600,0.000000,0.000000,0.000000,0.012500,0.000000,0.011800,0.000000,0.000000,0.000000,0.004500,0.001600,0.002800,0.006700,0.000000
2283,8.773034,3.069303,3.068000,2.887300,1176.000000,933972596.000000,1424890704.000000,252489728.000000,239734784.000000,1623867392.000000,0.000000,0.000000,0.000700,0.000000,0.000000,0.000000,0.011800,0.000000,0.012800,0.000000,0.000000,0.000000,0.004600,0.001800,0.002900,0.005800,0.000000
2284,8.776226,3.190497,3.188200,3.010600,1176.000000,933986956.000000,1424890704.000000,252489728.000000,239734784.000000,1623867392.000000,0.000000,0.000000,0.000700,0.000000,0.000000,0.000000,0.010500,0.000000,0.012900,0.000000,0.000000,0.000000,0.004500,0.001800,0.002800,0.006500,0.000000
2285,8.779319,3.100999,3.145200,2.965200,1176.000000,933974860.000000,1424890704.000000,252489728.000000,239734784.000000,1623867392.000000,0.000000,0.000000,0.000900,0.000000,0.000000,0.000000,0.010400,0.000000,0.013800,0.000000,0.000000,0.000000,0.004100,0.001500,0.002400,0.007200,0.000000
2286,8.784788,5.453401,5.410100,5.273000,1176.000000,933976764.000000,1424890704.000000,252489728.000000,239738880.000000,1623867392.000000,0.000000,0.000000,2.184600,0.051300,0.020600,2.041800,0.011600,0.029700,0.011800,0.000500,0.000300,0.000500,0.004500,0.002600,0.002700,0.006700,0.000000
2287,8.787651,2.887302,2.927700,2.758000,1176.000000,933980900.000000,1424890704.000000,252489728.000000,239742976.000000,1623867392.000000,0.000000,0.000000,0.000800,0.000000,0.000000,0.000000,0.013800,0.000000,0.012600,0.000000,0.000000,0.000000,0.005100,0.001900,0.003000,0.007200,0.000000
2288,8.791106,3.444600,3.437700,3.307700,1176.000000,933981348.000000,1424890704.000000,252489728.000000,239742976.000000,1623867392.000000,0.000000,0.000000,0.000900,0.000000,0.000000,0.000000,0.010100,0.000000,0.025500,0.000000,0.000000,0.000000,0.004300,0.002000,0.003100,0.006900,0.000000
2289,8.794590,3.244799,3.187000,3.049200,1176.000000,933981396.000000,1424890704.000000,252489728.000000,239742976.000000,1623867392.000000,0.000000,0.000000,0.000700,0.000000,0.000000,0.000000,0.010600,0.000000,0.014300,0.000000,0.000000,0.000000,0.005600,0.001600,0.002800,0.007700,0.000000
2290,8.800121,5.755697,5.796100,5.616900,1176.000000,933980548.000000,1424890704.000000,252489728.000000,239742976.000000,1623867392.000000,0.000000,0.000000,2.279300,0.044500,0.020900,2.149700,0.011700,0.023600,0.011700,0.000500,0.000200,0.000800,0.005000,0.002100,0.003200,0.006400,0.000000
2291,8.802965,2.857802,2.871300,2.728200,1176.000000,933984668.000000,1424890704.000000,252489728.000000,239747072.000000,1623867392.000000,0.000000,0.000000,0.000600,0.000000,0.000000,0.000000,0.012200,0.000000,0.011400,0.000000,0.000000,0.000000,0.004600,0.002000,0.002800,0.007700,0.000000
2292,8.805939,2.985700,2.981900,2.856900,1176.000000,933985116.000000,1424890704.000000,252489728.000000,239747072.000000,1623867392.000000,0.000000,0.000000,0.000700,0.000000,0.000000,0.000000,0.010700,0.000000,0.011900,0.000000,0.000000,0.000000,0.004500,0.001800,0.002800,0.007300,0.000000
2293,8.808814,2.869303,2.868900,2.744700,1176.000000,933985564.000000,1424890704.000000,252489728.000000,239747072.000000,1623867392.000000,0.000000,0.000000,0.000600,0.000000,0.000000,0.000000,0.010800,0.000000,0.011400,0.000000,0.000000,0.000000,0.004700,0.001500,0.002600,0.006900,0.000000
2294,8.811718,2.928699,2.933600,2.816500,1176.000000,933984740.000000,1424890704.000000,252489728.000000,239747072.000000,1623867392.000000,0.000000,0.000000,0.000900,0.000000,0.000000,0.000000,0.011600,0.000000,0.011900,0.000000,0.000000,0.000000,0.004000,0.002000,0.002500,0.006400,0.000000
2295,8.816829,5.066695,5.049700,4.932900,1176.000000,933984764.000000,1424890704.000000,252489728.000000,239747072.000000,1623867392.000000,0.000000,0.000000,2.099900,0.045300,0.019600,1.973500,0.008700,0.022800,0.011300,0.000600,0.000200,0.000800,0.004600,0.002400,0.002200,0.006800,0.000000
2296,8.820026,3.196500,3.179700,3.049700,1176.000000,933985212.000000,1424890704.000000,252489728.000000,239747072.000000,1623867392.000000,0.000000,0.000000,0.000500,0.000000,0.000000,0.000000,0.010500,0.000000,0.011300,0.000000,0.000000,0.000000,0.004200,0.001700,0.002400,0.006600,0.000000
2297,8.822953,2.953805,2.963900,2.826100,1176.000000,933988908.000000,1424890704.000000,252489728.000000,239751168.000000,1623867392.000000,0.000000,0.000000,0.000600,0.000000,0.000000,0.000000,0.011900,0.000000,0.012500,0.000000,0.000000,0.000000,0.004800,0.002000,0.003000,0.008200,0.000000
2298,8.826031,3.071500,3.069000,2.939000,1176.000000,933988932.000000,1424890704.000000,252489728.000000,239751168.000000,1623867392.000000,0.000000,0.000000,0.000700,0.000000,0.000000,0.000000,0.010500,0.000000,0.012500,0.000000,0.000000,0.000000,0.004200,0.002000,0.002700,0.006900,0.000000
2299,8.828986,2.950496,2.947200,2.819500,1176.000000,933993076.000000,1424890704.000000,252489728.000000,239755264.000000,1623867392.000000,0.000000,0.000000,0.000700,0.000000,0.000000,0.000000,0.010500,0.000000,0.011900,0.000000,0.000000,0.000000,0.004200,0.001700,0.002300,0.007200,0.000000
2300,8.834748,5.551601,5.533100,5.403200,1176.000000,934007860.000000,1424890704.000000,252489728.000000,239755264.000000,1623867392.000000,0.000000,0.000000,2.110500,0.046700,0.020500,1.976200,0.010700,0.029300,0.013400,0.000500,0.000300,0.000700,0.004200,0.002600,0.002300,0.007000,0.000000
2301,8.838104,3.389605,3.373200,3.231000,1176.000000,933995764.000000,1424890704.000000,252489728.000000,239755264.000000,1623867392.000000,0.000000,0.000000,0.000700,0.000000,0.000000,0.000000,0.016900,0.000000,0.014800,0.000000,0.000000,0.000000,0.006100,0.001900,0.003000,0.008400,0.000000
2302,8.841178,3.254698,3.176100,3.020800,1176.000000,933993148.000000,1424890704.000000,252489728.000000,239755264.000000,1623867392.000000,0.000000,0.000000,0.001000,0.000000,0.000000,0.000000,0.012100,0.000000,0.015600,0.000000,0.000000,0.000000,0.006400,0.002000,0.003500,0.006300,0.000000
2303,8.844525,3.300496,3.376100,3.138400,1176.000000,933997284.000000,1424890704.000000,252489728.000000,239759360.000000,1623867392.000000,0.000000,0.000000,0.000700,0.000000,0.000000,0.000000,0.010300,0.000000,0.012500,0.000000,0.000000,0.000000,0.004400,0.001900,0.002600,0.007500,0.000000
2304,8.849977,5.451800,5.427500,5.267900,1176.000000,933997308.000000,1424890704.000000,252489728.000000,239759360.000000,1623867392.000000,0.000000,0.000000,2.084700,0.048100,0.021500,1.956200,0.013800,0.018200,0.011800,0.000700,0.000300,0.000600,0.004800,0.002400,0.002500,0.007500,0.000000
2305,8.852834,2.903501,2.944600,2.779400,1176.000000,933996932.000000,1424890704.000000,252489728.000000,239759360.000000,1623867392.000000,0.000000,0.000000,0.001000,0.000000,0.000000,0.000000,0.013800,0.000000,0.012200,0.000000,0.000000,0.000000,0.005100,0.001900,0.003000,0.007600,0.000000
2306,8.856014,3.109899,3.107500,2.980300,1176.000000,933996932.000000,1424890704.000000,252489728.000000,239759360.000000,1623867392.000000,0.000000,0.000000,0.001100,0.000000,0.000000,0.000000,0.010600,0.000000,0.012000,0.000000,0.000000,0.000000,0.004100,0.001800,0.002900,0.006500,0.000000
2307,8.859062,3.105102,3.097100,2.972000,1176.000000,933996956.000000,1424890704.000000,252489728.000000,239759360.000000,1623867392.000000,0.000000,0.000000,0.000700,0.000000,0.000000,0.000000,0.055300,0.000000,0.012900,0.000000,0.000000,0.000000,0.004200,0.001600,0.002700,0.007700,0.000000
2308,8.862126,3.092503,3.091600,2.964800,1176.000000,934001500.000000,1424890704.000000,252489728.000000,239763456.000000,1623867392.000000,0.000000,0.000000,0.000500,0.000000,0.000000,0.000000,0.011000,0.000000,0.012100,0.000000,0.000000,0.000000,0.004200,0.001800,0.002400,0.006700,0.000000
2309,8.867881,5.692297,5.671500,5.538200,1176.000000,934002372.000000,1424890704.000000,252489728.000000,239763456.000000,1623867392.000000,0.000000,0.000000,2.585800,0.048400,0.019800,2.442600,0.009800,0.034300,0.012100,0.000600,0.000300,0.000900,0.004600,0.002600,0.002600,0.008200,0.000000
2310,8.870938,3.044204,3.058500,2.915700,1176.000000,934001548.000000,1424890704.000000,252489728.000000,239763456.000000,1623867392.000000,0.000000,0.000000,0.000700,0.000000,0.000000,0.000000,0.013000,0.000000,0.012600,0.000000,0.000000,0.000000,0.005800,0.002100,0.003700,0.007400,0.000000
2311,8.874539,3.467595,3.447400,3.314600,1176.000000,934001996.000000,1424890704.000000,252489728.000000,239763456.000000,1623867392.000000,0.000000,0.000000,0.000600,0.000000,0.000000,0.000000,0.010700,0.000000,0.013400,0.000000,0.000000,0.000000,0.004700,0.001500,0.003000,0.007600,0.000000
2312,8.877682,3.331002,3.094700,2.955800,1176.000000,934006116.000000,1424890704.000000,252489728.000000,239767552.000000,1623867392.000000,0.000000,0.000000,0.001000,0.000000,0.000000,0.000000,0.012800,0.000000,0.015100,0.000000,0.000000,0.000000,0.029300,0.001800,0.003400,0.008700,0.000000
2313,8.883404,5.705797,5.875600,5.488000,1176.000000,934005292.000000,1424890704.000000,252489728.000000,239767552.000000,1623867392.000000,0.000000,0.000000,2.535900,0.049800,0.020300,2.403400,0.009800,0.023000,0.011800,0.000600,0.000200,0.000700,0.004700,0.002200,0.002800,0.007100,0.000000
2314,8.886537,3.149603,3.215100,3.010200,1176.000000,934009412.000000,1424890704.000000,252489728.000000,239771648.000000,1623867392.000000,0.000000,0.000000,0.000800,0.000000,0.000000,0.000000,0.012700,0.000000,0.012400,0.000000,0.000000,0.000000,0.004700,0.002200,0.003100,0.006900,0.000000
2315,8.889574,3.038102,3.016800,2.879500,1176.000000,934009460.000000,1424890704.000000,252489728.000000,239771648.000000,1623867392.000000,0.000000,0.000000,0.000600,0.000000,0.000000,0.000000,0.010300,0.000000,0.012500,0.000000,0.000000,0.000000,0.004500,0.001700,0.002700,0.006200,0.000000
2316,8.892589,3.025198,3.054000,2.905600,1176.000000,934023820.000000,1424890704.000000,252489728.000000,239771648.000000,1623867392.000000,0.000000,0.000000,0.000700,0.000000,0.000000,0.000000,0.011400,0.000000,0.012700,0.000000,0.000000,0.000000,0.004300,0.002100,0.003200,0.006400,0.000000
2317,8.895753,3.107901,3.085200,2.955200,1176.000000,934011724.000000,1424890704.000000,252489728.000000,239771648.000000,1623867392.000000,0.000000,0.000000,0.000700,0.000000,0.000000,0.000000,0.010400,0.000000,0.012800,0.000000,0.000000,0.000000,0.005100,0.001900,0.002900,0.006800,0.000000
2318,8.901893,6.165299,6.139900,5.995500,1176.000000,934009108.000000,1424890704.000000,252489728.000000,239771648.000000,1623867392.000000,0.000000,0.000000,2.867700,0.054500,0.019300,2.722900,0.012200,0.026500,0.012800,0.000700,0.000500,0.001100,0.004900,0.002600,0.003000,0.007700,0.000000
2319,8.905012,3.132001,3.156700,2.996800,1228.000000,934013244.000000,1424890704.000000,252489728.000000,239775744.000000,1623867392.000000,0.000000,0.000000,0.000500,0.000000,0.000000,0.000000,0.012100,0.000000,0.011700,0.000000,0.000000,0.000000,0.003600,0.001700,0.002100,0.006500,0.000000
2320,8.907912,2.908099,2.914800,2.784200,1176.000000,934013692.000000,1424890704.000000,252489728.000000,239775744.000000,1623867392.000000,0.000000,0.000000,0.000600,0.000000,0.000000,0.000000,0.011600,0.000000,0.011900,0.000000,0.000000,0.000000,0.004800,0.001600,0.002500,0.006000,0.000000
2321,8.910918,3.013995,3.006100,2.882600,1176.000000,934013316.000000,1424890704.000000,252489728.000000,239775744.000000,1623867392.000000,0.000000,0.000000,0.000900,0.000000,0.000000,0.000000,0.011300,0.000000,0.012300,0.000000,0.000000,0.000000,0.004600,0.001600,0.002400,0.007200,0.000000
2322,8.916331,5.354904,5.336000,5.204200,1176.000000,934013740.000000,1424890704.000000,252489728.000000,239775744.000000,1623867392.000000,0.000000,0.000000,2.270900,0.049300,0.019600,2.134300,0.011000,0.028900,0.011700,0.000500,0.000300,0.000600,0.004400,0.002600,0.002500,0.008600,0.000000
2323,8.919305,3.024298,3.030300,2.885400,1176.000000,934013764.000000,1424890704.000000,252489728.000000,239775744.000000,1623867392.000000,0.000000,0.000000,0.000700,0.000000,0.000000,0.000000,0.012500,0.000000,0.011900,0.000000,0.000000,0.000000,0.004800,0.001600,0.003300,0.010400,0.000000
2324,8.922535,3.007901,2.955400,2.824800,1176.000000,934014212.000000,1424890704.000000,252489728.000000,239775744.000000,1623867392.000000,0.000000,0.000000,0.000700,0.000000,0.000000,0.000000,0.010800,0.000000,0.011500,0.000000,0.000000,0.000000,0.003900,0.001700,0.003000,0.007100,0.000000
2325,8.925655,3.346400,3.341400,3.158900,1176.000000,934022852.000000,1424890704.000000,252489728.000000,239783936.000000,1623867392.000000,0.000000,0.000000,0.000800,0.000000,0.000000,0.000000,0.010300,0.000000,0.011600,0.000000,0.000000,0.000000,0.005300,0.001800,0.003200,0.007300,0.000000
2326,8.928951,3.222003,3.219800,3.025800,1176.000000,934021604.000000,1424890704.000000,252489728.000000,239783936.000000,1623867392.000000,0.000000,0.000000,0.000700,0.000000,0.000000,0.000000,0.010600,0.000000,0.011600,0.000000,0.000000,0.000000,0.003800,0.001800,0.002600,0.007000,0.000000
2327,8.934694,5.732100,5.755200,5.574800,1176.000000,934021628.000000,1424890704.000000,252489728.000000,239783936.000000,1623867392.000000,0.000000,0.000000,2.283500,0.056500,0.026000,2.123200,0.017400,0.028000,0.012100,0.000600,0.000300,0.001000,0.005500,0.002600,0.003500,0.008900,0.000000
2328,8.937873,3.213698,3.206600,3.044500,1176.000000,934022076.000000,1424890704.000000,252489728.000000,239783936.000000,1623867392.000000,0.000000,0.000000,0.000700,0.000000,0.000000,0.000000,0.014800,0.000000,0.013800,0.000000,0.000000,0.000000,0.005400,0.002100,0.002800,0.009400,0.000000
2329,8.941640,3.708496,3.645900,3.477000,1176.000000,934021676.000000,1424890704.000000,252489728.000000,239783936.000000,1623867392.000000,0.000000,0.000000,0.001300,0.000000,0.000000,0.000000,0.012300,0.000000,0.013300,0.000000,0.000000,0.000000,0.005600,0.001900,0.003300,0.008300,0.000000
2330,8.945064,3.480201,3.535500,3.321400,1176.000000,934021700.000000,1424890704.000000,252489728.000000,239783936.000000,1623867392.000000,0.000000,0.000000,0.000800,0.000000,0.000000,0.000000,0.017400,0.000000,0.015300,0.000000,0.000000,0.000000,0.006300,0.003000,0.003700,0.010800,0.000000
2331,8.950955,5.896400,5.896600,5.734200,1176.000000,934025844.000000,1424890704.000000,252489728.000000,239788032.000000,1623867392.000000,0.000000,0.000000,2.156900,0.049600,0.021600,2.016700,0.013500,0.025100,0.013100,0.000500,0.000400,0.000700,0.005200,0.002600,0.003800,0.010100,0.000000
2332,8.954440,3.417404,3.376900,3.207900,1176.000000,934040204.000000,1424890704.000000,252489728.000000,239788032.000000,1623867392.000000,0.000000,0.000000,0.000900,0.000000,0.000000,0.000000,0.013600,0.000000,0.013700,0.000000,0.000000,0.000000,0.005100,0.002100,0.003400,0.008000,0.000000
2333,8.957330,3.028196,3.097400,2.924500,1176.000000,934094068.000000,1424890704.000000,252489728.000000,239788032.000000,1623867392.000000,0.000000,0.000000,0.000800,0.000000,0.000000,0.000000,0.020500,0.000000,0.015600,0.000000,0.000000,0.000000,0.005200,0.001900,0.003200,0.008300,0.000000
2334,8.960564,3.202303,3.182700,3.062100,1176.000000,934025492.000000,1424890704.000000,252489728.000000,239788032.000000,1623867392.000000,0.000000,0.000000,0.000800,0.000000,0.000000,0.000000,0.009500,0.000000,0.013100,0.000000,0.000000,0.000000,0.004300,0.001600,0.002600,0.007100,0.000000
2335,8.965730,5.174702,5.172300,5.041300,1176.000000,934030004.000000,1424890704.000000,252489728.000000,239788032.000000,1623867392.000000,0.000000,0.000000,2.124100,0.068000,0.021400,1.971900,0.011100,0.024400,0.011200,0.000600,0.000200,0.000800,0.004500,0.002200,0.002800,0.007300,0.000000
2336,8.968716,2.972697,2.965700,2.832800,1176.000000,934034548.000000,1424890704.000000,252489728.000000,239792128.000000,1623867392.000000,0.000000,0.000000,0.000800,0.000000,0.000000,0.000000,0.011500,0.000000,0.011200,0.000000,0.000000,0.000000,0.004000,0.002000,0.002700,0.006900,0.000000
2337,8.971671,2.975900,2.982500,2.850000,1176.000000,934034148.000000,1424890704.000000,252489728.000000,239792128.000000,1623867392.000000,0.000000,0.000000,0.000600,0.000000,0.000000,0.000000,0.011300,0.000000,0.011200,0.000000,0.000000,0.000000,0.004400,0.001900,0.002200,0.006100,0.000000
2338,8.974948,3.220103,3.201600,3.071200,1176.000000,934038268.000000,1424890704.000000,252489728.000000,239796224.000000,1623867392.000000,0.000000,0.000000,0.000700,0.000000,0.000000,0.000000,0.010200,0.000000,0.012300,0.000000,0.000000,0.000000,0.004100,0.001500,0.002500,0.005100,0.000000
2339,8.977833,2.933199,2.943900,2.804400,1176.000000,934033820.000000,1424890704.000000,252489728.000000,239796224.000000,1623867392.000000,0.000000,0.000000,0.000800,0.000000,0.000000,0.000000,0.011900,0.000000,0.012500,0.000000,0.000000,0.000000,0.004800,0.002000,0.003000,0.007300,0.000000
2340,8.983413,5.545500,5.517200,5.380800,1176.000000,934034268.000000,1424890704.000000,252489728.000000,239796224.000000,1623867392.000000,0.000000,0.000000,2.295300,0.048000,0.018300,2.166100,0.010500,0.024300,0.012200,0.000500,0.000300,0.000700,0.004200,0.002700,0.002600,0.008200,0.000000
2341,8.986360,2.985197,2.998200,2.849300,1176.000000,934034716.000000,1424890704.000000,252489728.000000,239796224.000000,1623867392.000000,0.000000,0.000000,0.000700,0.000000,0.000000,0.000000,0.012900,0.000000,0.012100,0.000000,0.000000,0.000000,0.004600,0.002100,0.002900,0.006600,0.000000
2342,8.989560,3.152501,3.134200,2.994300,1176.000000,934037988.000000,1424890704.000000,252489728.000000,239800320.000000,1623867392.000000,0.000000,0.000000,0.000700,0.000000,0.000000,0.000000,0.010100,0.000000,0.010600,0.000000,0.000000,0.000000,0.004400,0.001600,0.002300,0.006300,0.000000
2343,8.992858,3.279301,3.255100,3.102900,1176.000000,934038012.000000,1424890704.000000,252489728.000000,239800320.000000,1623867392.000000,0.000000,0.000000,0.000500,0.000000,0.000000,0.000000,0.013700,0.000000,0.013800,0.000000,0.000000,0.000000,0.004400,0.002200,0.002800,0.006900,0.000000
2344,8.996275,3.425397,3.445900,3.271300,1176.000000,934038460.000000,1424890704.000000,252489728.000000,239800320.000000,1623867392.000000,0.000000,0.000000,0.000700,0.000000,0.000000,0.000000,0.012600,0.000000,0.013100,0.000000,0.000000,0.000000,0.008700,0.002100,0.003800,0.009500,0.000000
2345,9.001735,5.477097,5.463800,5.313400,1176.000000,934038484.000000,1424890704.000000,252489728.000000,239800320.000000,1623867392.000000,0.000000,0.000000,2.109100,0.050800,0.019900,1.972200,0.012000,0.024700,0.012000,0.000700,0.000300,0.000900,0.005400,0.002600,0.003200,0.008800,0.000000
2346,9.005344,3.472605,3.420900,3.246200,1176.000000,934038508.000000,1424890704.000000,252489728.000000,239800320.000000,1623867392.000000,0.000000,0.000000,0.000800,0.000000,0.000000,0.000000,0.013300,0.000000,0.012400,0.000000,0.000000,0.000000,0.005400,0.001800,0.003700,0.007000,0.000000
2347,9.009166,3.808298,3.799100,3.582500,1176.000000,934042652.000000,1424890704.000000,252489728.000000,239804416.000000,1623867392.000000,0.000000,0.000000,0.001000,0.000000,0.000000,0.000000,0.019400,0.000000,0.017200,0.000000,0.000000,0.000000,0.009900,0.005000,0.005100,0.014400,0.000000
2348,9.012834,3.728600,3.755100,3.548100,1176.000000,934056588.000000,1424890704.000000,252489728.000000,239804416.000000,1623810048.000000,0.000000,0.000000,0.000900,0.000000,0.000000,0.000000,0.021600,0.000000,0.016300,0.000000,0.000000,0.000000,0.006500,0.003400,0.004400,0.014200,0.000000
2349,9.019828,6.967602,6.949800,6.767700,1176.000000,934044068.000000,1424890704.000000,252489728.000000,239804416.000000,1623810048.000000,0.000000,0.000000,2.842200,0.063900,0.025100,2.649500,0.018400,0.044100,0.014200,0.000800,0.000300,0.000900,0.006100,0.002700,0.004000,0.010700,0.000000
2350,9.023713,3.913499,3.905000,3.702500,1176.000000,934045548.000000,1424890704.000000,252489728.000000,239808512.000000,1623810048.000000,0.000000,0.000000,0.001000,0.000000,0.000000,0.000000,0.021200,0.000000,0.015500,0.000000,0.000000,0.000000,0.006400,0.003200,0.004300,0.011500,0.000000
2351,9.027244,3.616900,3.656100,3.464700,1176.000000,934045588.000000,1424890704.000000,252489728.000000,239808512.000000,1623810048.000000,0.000000,0.000000,0.001000,0.000000,0.000000,0.000000,0.019000,0.000000,0.015200,0.000000,0.000000,0.000000,0.006400,0.002700,0.004400,0.011900,0.000000
2352,9.035789,8.466001,8.437000,8.280400,1176.000000,934046036.000000,1424890704.000000,252489728.000000,239808512.000000,1623810048.000000,0.000000,0.000000,4.194100,0.051200,0.019900,4.031000,0.012500,0.044800,0.014000,0.000600,0.000300,0.001100,0.005800,0.003000,0.003000,0.011000,0.000000
2353,9.039595,3.849497,3.851200,3.671500,1176.000000,934049756.000000,1424890704.000000,252489728.000000,239812608.000000,1623810048.000000,0.000000,0.000000,0.000800,0.000000,0.000000,0.000000,0.020700,0.000000,0.014700,0.000000,0.000000,0.000000,0.006100,0.002900,0.004500,0.009000,0.000000
2354,9.043602,3.953104,3.886600,3.698100,1176.000000,934049756.000000,1424890704.000000,252489728.000000,239812608.000000,1623810048.000000,0.000000,0.000000,0.000600,0.000000,0.000000,0.000000,0.015600,0.000000,0.014500,0.000000,0.000000,0.000000,0.006300,0.002100,0.003300,0.008700,0.000000
2355,9.050395,6.847598,6.898100,6.665000,1176.000000,934050628.000000,1424890704.000000,252489728.000000,239812608.000000,1623810048.000000,0.000000,0.000000,2.809200,0.068500,0.031600,2.610200,0.019500,0.037000,0.013100,0.000800,0.000300,0.001300,0.007400,0.002600,0.004400,0.010600,0.000000
2356,9.054250,3.803699,3.804000,3.619200,1176.000000,934055172.000000,1424890704.000000,252489728.000000,239816704.000000,1623810048.000000,0.000000,0.000000,0.000900,0.000000,0.000000,0.000000,0.016000,0.000000,0.014600,0.000000,0.000000,0.000000,0.005000,0.002400,0.003800,0.009400,0.000000
2357,9.058202,3.947902,3.926600,3.745300,1176.000000,934055620.000000,1424890704.000000,252489728.000000,239816704.000000,1623810048.000000,0.000000,0.000000,0.000800,0.000000,0.000000,0.000000,0.019000,0.000000,0.014800,0.000000,0.000000,0.000000,0.005900,0.002200,0.003600,0.010000,0.000000
2358,9.062457,4.311196,4.328700,4.142900,1176.000000,934054796.000000,1424890704.000000,252489728.000000,239816704.000000,1623810048.000000,0.000000,0.000000,0.000900,0.000000,0.000000,0.000000,0.019100,0.000000,0.015900,0.000000,0.000000,0.000000,0.006800,0.002800,0.004100,0.011500,0.000000
2359,9.069314,6.820706,6.789700,6.617600,1176.000000,934058068.000000,1424890704.000000,252489728.000000,239820800.000000,1623810048.000000,0.000000,0.000000,2.398600,0.113300,0.022800,2.169500,0.013800,0.039800,0.026000,0.000500,0.000300,0.001400,0.006400,0.003000,0.004100,0.011500,0.000000
2360,9.073244,3.965200,3.984400,3.743400,1176.000000,934058572.000000,1424890704.000000,252489728.000000,239820800.000000,1623810048.000000,0.000000,0.000000,0.001000,0.000000,0.000000,0.000000,0.017000,0.000000,0.034800,0.000000,0.000000,0.000000,0.007600,0.002400,0.004600,0.010300,0.000000
2361,9.076951,3.723498,3.680600,3.511800,1176.000000,934058172.000000,1424890704.000000,252489728.000000,239820800.000000,1623810048.000000,0.000000,0.000000,0.000900,0.000000,0.000000,0.000000,0.014900,0.000000,0.014400,0.000000,0.000000,0.000000,0.006400,0.002000,0.004500,0.009300,0.000000
2362,9.082829,5.840200,5.869100,5.655400,1176.000000,934058196.000000,1424890704.000000,252489728.000000,239820800.000000,1623810048.000000,0.000000,0.000000,2.420000,0.050700,0.021000,2.259300,0.012600,0.042200,0.013500,0.000600,0.000200,0.001100,0.004800,0.002600,0.002600,0.011300,0.000000
2363,9.086381,3.611898,3.628900,3.457400,1176.000000,934062340.000000,1424890704.000000,252489728.000000,239824896.000000,1623810048.000000,0.000000,0.000000,0.000700,0.000000,0.000000,0.000000,0.017900,0.000000,0.014500,0.000000,0.000000,0.000000,0.005700,0.002000,0.003500,0.007900,0.000000
2364,9.089802,3.418304,3.419600,3.262300,1176.000000,934080924.000000,1424890704.000000,252489728.000000,239828992.000000,1623810048.000000,0.000000,0.000000,0.000700,0.000000,0.000000,0.000000,0.012900,0.000000,0.013400,0.000000,0.000000,0.000000,0.004600,0.002100,0.002400,0.007100,0.000000
2365,9.093263,3.462798,3.459400,3.307900,1176.000000,934069252.000000,1424890704.000000,252489728.000000,239828992.000000,1623810048.000000,0.000000,0.000000,0.001000,0.000000,0.000000,0.000000,0.013000,0.000000,0.016600,0.000000,0.000000,0.000000,0.005000,0.002700,0.003500,0.007800,0.000000
2366,9.096694,3.393899,3.356100,3.201300,1176.000000,934066212.000000,1424890704.000000,252489728.000000,239828992.000000,1623810048.000000,0.000000,0.000000,0.000800,0.000000,0.000000,0.000000,0.012900,0.000000,0.014900,0.000000,0.000000,0.000000,0.004700,0.001900,0.003000,0.009400,0.000000
2367,9.103162,6.413102,6.387200,6.187300,1176.000000,934066252.000000,1424890704.000000,252489728.000000,239828992.000000,1623810048.000000,0.000000,0.000000,2.537600,0.051500,0.021600,2.380200,0.011600,0.037400,0.016100,0.000500,0.000200,0.001100,0.005500,0.002800,0.003500,0.012300,0.000000
2368,9.106930,3.805201,3.823200,3.615600,1228.000000,934066700.000000,1424890704.000000,252489728.000000,239828992.000000,1623810048.000000,0.000000,0.000000,0.000900,0.000000,0.000000,0.000000,0.019300,0.000000,0.017100,0.000000,0.000000,0.000000,0.007200,0.002500,0.004100,0.011200,0.000000
2369,9.110660,3.690299,3.677400,3.491100,1176.000000,934066324.000000,1424890704.000000,252489728.000000,239828992.000000,1623810048.000000,0.000000,0.000000,0.000800,0.000000,0.000000,0.000000,0.015800,0.000000,0.013100,0.000000,0.000000,0.000000,0.006000,0.003100,0.003300,0.008200,0.000000
2370,9.116628,6.026701,6.052100,5.866100,1176.000000,934070468.000000,1424890704.000000,252489728.000000,239833088.000000,1623810048.000000,0.000000,0.000000,2.302400,0.060400,0.034700,2.098800,0.017700,0.033300,0.013000,0.000700,0.000400,0.001000,0.007500,0.002400,0.003600,0.010000,0.000000
2371,9.120291,3.671995,3.508900,3.342100,1176.000000,934070492.000000,1424890704.000000,252489728.000000,239833088.000000,1623810048.000000,0.000000,0.000000,0.000800,0.000000,0.000000,0.000000,0.015400,0.000000,0.013200,0.000000,0.000000,0.000000,0.005900,0.001900,0.003000,0.007700,0.000000
2372,9.123626,3.372003,3.544300,3.230200,1176.000000,934070892.000000,1424890704.000000,252489728.000000,239833088.000000,1623810048.000000,0.000000,0.000000,0.000700,0.000000,0.000000,0.000000,0.015400,0.000000,0.014600,0.000000,0.000000,0.000000,0.005200,0.002200,0.003300,0.009200,0.000000
2373,9.126622,3.035998,3.050500,2.914700,1176.000000,934071340.000000,1424890704.000000,252489728.000000,239833088.000000,1623810048.000000,0.000000,0.000000,0.000700,0.000000,0.000000,0.000000,0.012300,0.000000,0.013600,0.000000,0.000000,0.000000,0.005500,0.002100,0.003100,0.007900,0.000000
2374,9.129899,3.238400,3.221300,3.096200,1176.000000,934070516.000000,1424890704.000000,252489728.000000,239833088.000000,1623810048.000000,0.000000,0.000000,0.000600,0.000000,0.000000,0.000000,0.009600,0.000000,0.011600,0.000000,0.000000,0.000000,0.004300,0.001400,0.002500,0.007200,0.000000
2375,9.136002,6.075000,6.056600,5.914800,1176.000000,934075484.000000,1424890704.000000,252489728.000000,239837184.000000,1623810048.000000,0.000000,0.000000,2.659700,0.051700,0.020800,2.514300,0.011700,0.031800,0.015000,0.000700,0.000200,0.000800,0.004500,0.002900,0.002900,0.007700,0.000000
2376,9.139197,3.230704,3.222900,3.074100,1176.000000,934079604.000000,1424890704.000000,252489728.000000,239841280.000000,1623810048.000000,0.000000,0.000000,0.000600,0.000000,0.000000,0.000000,0.013100,0.000000,0.013900,0.000000,0.000000,0.000000,0.005200,0.002200,0.002900,0.007800,0.000000
2377,9.142220,3.051899,3.086900,2.935700,1176.000000,934079204.000000,1424890704.000000,252489728.000000,239841280.000000,1623810048.000000,0.000000,0.000000,0.000700,0.000000,0.000000,0.000000,0.011100,0.000000,0.012900,0.000000,0.000000,0.000000,0.004900,0.002000,0.003400,0.007100,0.000000
2378,9.145464,3.210098,3.186900,3.065500,1176.000000,934079228.000000,1424890704.000000,252489728.000000,239841280.000000,1623810048.000000,0.000000,0.000000,0.000600,0.000000,0.000000,0.000000,0.010300,0.000000,0.011900,0.000000,0.000000,0.000000,0.004300,0.002000,0.002600,0.006400,0.000000
2379,9.150971,5.512103,5.474600,5.336000,1176.000000,934078852.000000,1424890704.000000,252489728.000000,239841280.000000,1623810048.000000,0.000000,0.000000,2.134000,0.048000,0.019600,1.995200,0.012000,0.028900,0.012700,0.000600,0.000300,0.000800,0.004700,0.002300,0.003000,0.007400,0.000000
2380,9.154032,3.041596,3.078300,2.907700,1176.000000,934093212.000000,1424890704.000000,252489728.000000,239841280.000000,1623810048.000000,0.000000,0.000000,0.000700,0.000000,0.000000,0.000000,0.012600,0.000000,0.013000,0.000000,0.000000,0.000000,0.004500,0.001900,0.003100,0.007200,0.000000
2381,9.157169,3.186501,3.189700,3.062100,1176.000000,934085212.000000,1424890704.000000,252489728.000000,239845376.000000,1623810048.000000,0.000000,0.000000,0.000900,0.000000,0.000000,0.000000,0.011100,0.000000,0.014300,0.000000,0.000000,0.000000,0.004200,0.001700,0.002800,0.007200,0.000000
2382,9.160475,3.262202,3.244300,3.117500,1176.000000,934082596.000000,1424890704.000000,252489728.000000,239845376.000000,1623810048.000000,0.000000,0.000000,0.000700,0.000000,0.000000,0.000000,0.010500,0.000000,0.012200,0.000000,0.000000,0.000000,0.004500,0.001600,0.002500,0.007800,0.000000
2383,9.166474,6.019898,6.016800,5.878000,1176.000000,934082636.000000,1424890704.000000,252489728.000000,239845376.000000,1623810048.000000,0.000000,0.000000,2.818100,0.050800,0.022100,2.683100,0.012400,0.022000,0.011500,0.000600,0.000300,0.000700,0.004800,0.002400,0.003100,0.007500,0.000000
2384,9.169514,3.038804,3.043700,2.905900,1176.000000,934083084.000000,1424890704.000000,252489728.000000,239845376.000000,1623810048.000000,0.000000,0.000000,0.000500,0.000000,0.000000,0.000000,0.011400,0.000000,0.011100,0.000000,0.000000,0.000000,0.004600,0.001800,0.003400,0.006400,0.000000
2385,9.172387,2.911295,2.924400,2.799500,1176.000000,934082708.000000,1424890704.000000,252489728.000000,239845376.000000,1623810048.000000,0.000000,0.000000,0.000700,0.000000,0.000000,0.000000,0.011000,0.000000,0.011300,0.000000,0.000000,0.000000,0.004500,0.001700,0.002500,0.006900,0.000000
2386,9.176145,3.616801,3.175600,3.038400,1176.000000,934082708.000000,1424890704.000000,252489728.000000,239845376.000000,1623810048.000000,0.000000,0.000000,0.000700,0.000000,0.000000,0.000000,0.009000,0.000000,0.011300,0.000000,0.000000,0.000000,0.004000,0.001600,0.002500,0.005900,0.000000
2387,9.179599,3.493502,3.778900,3.235600,1176.000000,934087252.000000,1424890704.000000,252489728.000000,239849472.000000,1623810048.000000,0.000000,0.000000,0.000700,0.000000,0.000000,0.000000,0.014800,0.000000,0.016200,0.000000,0.000000,0.000000,0.006000,0.002300,0.003200,0.007600,0.000000
2388,9.185137,5.583000,5.696300,5.433000,1176.000000,934087276.000000,1424890704.000000,252489728.000000,239849472.000000,1623810048.000000,0.000000,0.000000,2.149900,0.046800,0.021200,2.010700,0.012200,0.027700,0.013000,0.000700,0.000300,0.000600,0.004600,0.002700,0.002200,0.006900,0.000000
2389,9.188190,3.061898,3.071700,2.925600,1176.000000,934091820.000000,1424890704.000000,252489728.000000,239853568.000000,1623810048.000000,0.000000,0.000000,0.000700,0.000000,0.000000,0.000000,0.013300,0.000000,0.012600,0.000000,0.000000,0.000000,0.004800,0.002100,0.003500,0.007700,0.000000
2390,9.191455,3.281101,3.273700,3.099300,1176.000000,934090996.000000,1424890704.000000,252489728.000000,239853568.000000,1623810048.000000,0.000000,0.000000,0.000700,0.000000,0.000000,0.000000,0.011600,0.000000,0.012100,0.000000,0.000000,0.000000,0.004400,0.001700,0.002800,0.006700,0.000000
2391,9.194673,3.193800,3.196800,3.059500,1176.000000,934091020.000000,1424890704.000000,252489728.000000,239853568.000000,1623810048.000000,0.000000,0.000000,0.000700,0.000000,0.000000,0.000000,0.011000,0.000000,0.012600,0.000000,0.000000,0.000000,0.004300,0.001800,0.003000,0.007600,0.000000
2392,9.199958,5.291504,5.282500,5.150000,1176.000000,934095564.000000,1424890704.000000,252489728.000000,239857664.000000,1623810048.000000,0.000000,0.000000,2.114600,0.048500,0.019000,1.976600,0.011500,0.029000,0.011800,0.000600,0.000300,0.000600,0.004100,0.002500,0.002800,0.007800,0.000000
2393,9.202850,2.922598,2.902500,2.767500,1176.000000,934095164.000000,1424890704.000000,252489728.000000,239857664.000000,1623810048.000000,0.000000,0.000000,0.000500,0.000000,0.000000,0.000000,0.013000,0.000000,0.012200,0.000000,0.000000,0.000000,0.004900,0.001800,0.003000,0.007300,0.000000
2394,9.205966,3.076297,3.069500,2.914100,1176.000000,934095188.000000,1424890704.000000,252489728.000000,239857664.000000,1623810048.000000,0.000000,0.000000,0.000600,0.000000,0.000000,0.000000,0.010400,0.000000,0.011700,0.000000,0.000000,0.000000,0.004600,0.002000,0.002900,0.007600,0.000000
2395,9.209445,3.388301,3.368100,3.200300,1176.000000,934095236.000000,1424890704.000000,252489728.000000,239857664.000000,1623810048.000000,0.000000,0.000000,0.000800,0.000000,0.000000,0.000000,0.012500,0.000000,0.013200,0.000000,0.000000,0.000000,0.005100,0.002200,0.003100,0.006900,0.000000
2396,9.212602,3.250000,3.285600,3.115400,1176.000000,934109596.000000,1424890704.000000,252489728.000000,239857664.000000,1623810048.000000,0.000000,0.000000,0.000800,0.000000,0.000000,0.000000,0.016600,0.000000,0.016100,0.000000,0.000000,0.000000,0.006000,0.003900,0.004300,0.009100,0.000000
2397,9.217837,5.208999,5.186100,5.045800,1176.000000,934098052.000000,1424890704.000000,252489728.000000,239857664.000000,1623810048.000000,0.000000,0.000000,2.143100,0.053300,0.019900,2.007200,0.012300,0.023200,0.015200,0.000600,0.000300,0.000600,0.005300,0.002500,0.002600,0.008900,0.000000
2398,9.221493,3.690604,3.698300,3.543300,1176.000000,934099108.000000,1424890704.000000,252489728.000000,239861760.000000,1623810048.000000,0.000000,0.000000,0.000900,0.000000,0.000000,0.000000,0.012500,0.000000,0.012900,0.000000,0.000000,0.000000,0.004900,0.001800,0.002800,0.006600,0.000000
2399,9.224506,3.022796,3.026300,2.885400,1176.000000,934099148.000000,1424890704.000000,252489728.000000,239861760.000000,1623810048.000000,0.000000,0.000000,0.000800,0.000000,0.000000,0.000000,0.011100,0.000000,0.011800,0.000000,0.000000,0.000000,0.004400,0.001800,0.002900,0.006900,0.000000
2400,9.227443,2.941305,2.950100,2.817700,1176.000000,934099596.000000,1424890704.000000,252489728.000000,239861760.000000,1623810048.000000,0.000000,0.000000,0.000800,0.000000,0.000000,0.000000,0.011800,0.000000,0.012400,0.000000,0.000000,0.000000,0.004700,0.001700,0.002900,0.007600,0.000000
2401,9.232745,5.279698,5.248300,5.117400,1176.000000,934107764.000000,1424890704.000000,252489728.000000,239865856.000000,1623810048.000000,0.000000,0.000000,2.247200,0.063200,0.022300,2.082400,0.010900,0.037400,0.012100,0.000600,0.000300,0.000800,0.004500,0.002800,0.002800,0.008600,0.000000
2402,9.235839,3.100595,3.118700,2.970900,1176.000000,934107788.000000,1424890704.000000,252489728.000000,239865856.000000,1623810048.000000,0.000000,0.000000,0.000700,0.000000,0.000000,0.000000,0.012200,0.000000,0.011700,0.000000,0.000000,0.000000,0.004900,0.001700,0.003000,0.007000,0.000000
2403,9.238807,2.989902,2.976100,2.848900,1176.000000,934111908.000000,1424890704.000000,252489728.000000,239869952.000000,1623810048.000000,0.000000,0.000000,0.000700,0.000000,0.000000,0.000000,0.011400,0.000000,0.011700,0.000000,0.000000,0.000000,0.004600,0.001500,0.002800,0.007400,0.000000
2404,9.241909,3.107802,3.121600,2.987000,1176.000000,934112356.000000,1424890704.000000,252489728.000000,239869952.000000,1623810048.000000,0.000000,0.000000,0.000800,0.000000,0.000000,0.000000,0.011200,0.000000,0.012800,0.000000,0.000000,0.000000,0.003800,0.001700,0.002200,0.006100,0.000000
2405,9.245049,3.119197,3.100800,2.977500,1176.000000,934108332.000000,1424890704.000000,252489728.000000,239869952.000000,1623810048.000000,0.000000,0.000000,0.000700,0.000000,0.000000,0.000000,0.011000,0.000000,0.011700,0.000000,0.000000,0.000000,0.004200,0.001500,0.002400,0.006600,0.000000
2406,9.250672,5.610204,5.596900,5.457300,1176.000000,934107508.000000,1424890704.000000,252489728.000000,239869952.000000,1623810048.000000,0.000000,0.000000,2.211100,0.050400,0.020200,2.074600,0.012100,0.025300,0.032300,0.000500,0.000500,0.000800,0.004700,0.002500,0.002800,0.006400,0.000000
2407,9.253974,3.269997,3.240900,3.089100,1176.000000,934107532.000000,1424890704.000000,252489728.000000,239869952.000000,1623810048.000000,0.000000,0.000000,0.000800,0.000000,0.000000,0.000000,0.013000,0.000000,0.012300,0.000000,0.000000,0.000000,0.004800,0.001700,0.002900,0.007100,0.000000
2408,9.257076,3.151304,3.181400,3.011100,1176.000000,934107980.000000,1424890704.000000,252489728.000000,239869952.000000,1623810048.000000,0.000000,0.000000,0.000700,0.000000,0.000000,0.000000,0.012500,0.000000,0.013200,0.000000,0.000000,0.000000,0.005000,0.002000,0.003500,0.007900,0.000000
2409,9.260951,3.791100,3.592800,3.381200,1176.000000,934112180.000000,1424890704.000000,252489728.000000,239874048.000000,1623810048.000000,0.000000,0.000000,0.000600,0.000000,0.000000,0.000000,0.010700,0.000000,0.013600,0.000000,0.000000,0.000000,0.004800,0.001700,0.002700,0.007700,0.000000
2410,9.266860,5.978097,6.162600,5.832900,1176.000000,934111780.000000,1424890704.000000,252489728.000000,239874048.000000,1623810048.000000,0.000000,0.000000,2.441400,0.056200,0.024100,2.274300,0.016500,0.035100,0.013900,0.000700,0.000300,0.001000,0.005500,0.002600,0.003300,0.009800,0.000000
2411,9.270128,3.252204,3.242500,3.095800,1176.000000,934111828.000000,1424890704.000000,252489728.000000,239874048.000000,1623810048.000000,0.000000,0.000000,0.000700,0.000000,0.000000,0.000000,0.013100,0.000000,0.012700,0.000000,0.000000,0.000000,0.004700,0.001900,0.003000,0.007900,0.000000
2412,9.273868,3.505194,3.486100,3.256800,1176.000000,934126188.000000,1424890704.000000,252489728.000000,239874048.000000,1623810048.000000,0.000000,0.000000,0.000800,0.000000,0.000000,0.000000,0.012700,0.000000,0.014200,0.000000,0.000000,0.000000,0.004300,0.002100,0.002500,0.008100,0.000000
2413,9.277092,3.492000,3.519400,3.358700,1176.000000,934114092.000000,1424890704.000000,252489728.000000,239874048.000000,1623810048.000000,0.000000,0.000000,0.001100,0.000000,0.000000,0.000000,0.046400,0.000000,0.015000,0.000000,0.000000,0.000000,0.007900,0.001800,0.003600,0.008400,0.000000
2414,9.282917,5.798101,5.774800,5.638800,1176.000000,934115572.000000,1424890704.000000,252489728.000000,239878144.000000,1623810048.000000,0.000000,0.000000,2.645100,0.048700,0.018400,2.504400,0.011900,0.032000,0.013300,0.000500,0.000300,0.000800,0.004500,0.002500,0.002600,0.008500,0.000000
2415,9.286103,3.218403,3.234500,3.082200,1176.000000,934119708.000000,1424890704.000000,252489728.000000,239882240.000000,1623810048.000000,0.000000,0.000000,0.000600,0.000000,0.000000,0.000000,0.012300,0.000000,0.012300,0.000000,0.000000,0.000000,0.004800,0.002600,0.003000,0.007300,0.000000
2416,9.289294,3.166397,3.160300,3.026600,1176.000000,934120172.000000,1424890704.000000,252489728.000000,239882240.000000,1623810048.000000,0.000000,0.000000,0.000600,0.000000,0.000000,0.000000,0.011300,0.000000,0.011600,0.000000,0.000000,0.000000,0.004000,0.001700,0.002600,0.006900,0.000000
2417,9.292251,3.005201,3.005300,2.875200,1176.000000,934119780.000000,1424890704.000000,252489728.000000,239882240.000000,1623810048.000000,0.000000,0.000000,0.000700,0.000000,0.000000,0.000000,0.011000,0.000000,0.012300,0.000000,0.000000,0.000000,0.004400,0.002000,0.003200,0.006900,0.000000
2418,9.295625,3.311303,3.301100,3.167600,1176.000000,934119780.000000,1424890704.000000,252489728.000000,239882240.000000,1623810048.000000,0.000000,0.000000,0.000600,0.000000,0.000000,0.000000,0.009600,0.000000,0.012600,0.000000,0.000000,0.000000,0.003300,0.001700,0.001900,0.005500,0.000000
2419,9.302605,6.990200,6.984900,6.846200,1176.000000,934120228.000000,1424890704.000000,252489728.000000,239882240.000000,1623810048.000000,0.000000,0.000000,4.006100,0.045500,0.019500,3.870300,0.012300,0.030200,0.014200,0.000400,0.000200,0.000800,0.004400,0.002400,0.002900,0.008000,0.000000
2420,9.305722,3.146797,3.114900,2.976600,1176.000000,934124348.000000,1424890704.000000,252489728.000000,239886336.000000,1623810048.000000,0.000000,0.000000,0.000600,0.000000,0.000000,0.000000,0.012100,0.000000,0.012800,0.000000,0.000000,0.000000,0.004200,0.001600,0.002800,0.006300,0.000000
2421,9.308803,3.075099,3.111000,2.944300,1228.000000,934124796.000000,1424890704.000000,252489728.000000,239886336.000000,1623810048.000000,0.000000,0.000000,0.000800,0.000000,0.000000,0.000000,0.011100,0.000000,0.011600,0.000000,0.000000,0.000000,0.004500,0.001700,0.002400,0.006600,0.000000
2422,9.311694,2.933099,2.943100,2.819700,1176.000000,934123972.000000,1424890704.000000,252489728.000000,239886336.000000,1623810048.000000,0.000000,0.000000,0.000700,0.000000,0.000000,0.000000,0.011400,0.000000,0.012300,0.000000,0.000000,0.000000,0.004600,0.001800,0.002700,0.006800,0.000000
2423,9.317445,5.657001,5.619000,5.496800,1176.000000,934124420.000000,1424890704.000000,252489728.000000,239886336.000000,1623810048.000000,0.000000,0.000000,2.451300,0.050700,0.018500,2.305400,0.008800,0.035700,0.011800,0.000500,0.000300,0.000900,0.003700,0.002600,0.002400,0.008600,0.000000
2424,9.320731,3.321103,3.326700,3.174900,1176.000000,934124868.000000,1424890704.000000,252489728.000000,239886336.000000,1623810048.000000,0.000000,0.000000,0.000800,0.000000,0.000000,0.000000,0.013500,0.000000,0.013300,0.000000,0.000000,0.000000,0.005500,0.002000,0.003400,0.008600,0.000000
2425,9.323813,3.081803,3.078800,2.936900,1176.000000,934124468.000000,1424890704.000000,252489728.000000,239886336.000000,1623810048.000000,0.000000,0.000000,0.000900,0.000000,0.000000,0.000000,0.011900,0.000000,0.012200,0.000000,0.000000,0.000000,0.004900,0.002800,0.002900,0.007400,0.000000
2426,9.326724,2.956193,2.976300,2.840600,1176.000000,934128588.000000,1424890704.000000,252489728.000000,239890432.000000,1623810048.000000,0.000000,0.000000,0.000600,0.000000,0.000000,0.000000,0.011400,0.000000,0.012900,0.000000,0.000000,0.000000,0.004700,0.002000,0.002900,0.007900,0.000000
2427,9.332041,5.284403,5.259500,5.139600,1176.000000,934132308.000000,1424890704.000000,252489728.000000,239894528.000000,1623810048.000000,0.000000,0.000000,2.212300,0.045000,0.018900,2.078700,0.009300,0.031800,0.017700,0.000600,0.000300,0.000500,0.004400,0.004200,0.002700,0.007500,0.000000
2428,9.335221,3.156902,3.158500,3.019500,1176.000000,934146668.000000,1424890704.000000,252489728.000000,239894528.000000,1623810048.000000,0.000000,0.000000,0.000500,0.000000,0.000000,0.000000,0.011700,0.000000,0.011600,0.000000,0.000000,0.000000,0.003800,0.001500,0.002200,0.005700,0.000000
2429,9.338233,2.975397,2.981300,2.851300,1176.000000,934134572.000000,1424890704.000000,252489728.000000,239894528.000000,1623810048.000000,0.000000,0.000000,0.000900,0.000000,0.000000,0.000000,0.011900,0.000000,0.013900,0.000000,0.000000,0.000000,0.005000,0.002100,0.002800,0.008500,0.000000
2430,9.341230,3.081200,3.080000,2.957400,1176.000000,934131956.000000,1424890704.000000,252489728.000000,239894528.000000,1623810048.000000,0.000000,0.000000,0.000700,0.000000,0.000000,0.000000,0.070400,0.000000,0.012300,0.000000,0.000000,0.000000,0.004900,0.001500,0.002600,0.007800,0.000000
2431,9.344305,3.071202,3.064500,2.942200,1176.000000,934136516.000000,1424890704.000000,252489728.000000,239898624.000000,1623810048.000000,0.000000,0.000000,0.000600,0.000000,0.000000,0.000000,0.010200,0.000000,0.013700,0.000000,0.000000,0.000000,0.003700,0.001600,0.002100,0.006800,0.000000
2432,9.350017,5.668899,5.646600,5.515400,1176.000000,934136556.000000,1424890704.000000,252489728.000000,239898624.000000,1623810048.000000,0.000000,0.000000,2.238500,0.046400,0.019700,2.104200,0.010800,0.029200,0.014700,0.000500,0.000300,0.000700,0.004100,0.002600,0.002700,0.007000,0.000000
2433,9.353214,3.199497,3.203500,3.058400,1176.000000,934136164.000000,1424890704.000000,252489728.000000,239898624.000000,1623810048.000000,0.000000,0.000000,0.000800,0.000000,0.000000,0.000000,0.013100,0.000000,0.012700,0.000000,0.000000,0.000000,0.005000,0.001900,0.003300,0.007700,0.000000
2434,9.356433,3.224100,3.200300,3.066200,1176.000000,934136164.000000,1424890704.000000,252489728.000000,239898624.000000,1623810048.000000,0.000000,0.000000,0.000900,0.000000,0.000000,0.000000,0.014700,0.000000,0.013100,0.000000,0.000000,0.000000,0.004800,0.002000,0.002700,0.007400,0.000000
2435,9.359828,3.398200,3.411100,3.252700,1176.000000,934136188.000000,1424890704.000000,252489728.000000,239898624.000000,1623810048.000000,0.000000,0.000000,0.000700,0.000000,0.000000,0.000000,0.011600,0.000000,0.013300,0.000000,0.000000,0.000000,0.005000,0.002000,0.003000,0.007600,0.000000
2436,9.362836,3.030102,3.038000,2.898800,1176.000000,934136636.000000,1424890704.000000,252489728.000000,239898624.000000,1623810048.000000,0.000000,0.000000,0.000600,0.000000,0.000000,0.000000,0.012300,0.000000,0.013100,0.000000,0.000000,0.000000,0.005100,0.002200,0.003100,0.008000,0.000000
2437,9.368485,5.632100,5.609900,5.477200,1176.000000,934141180.000000,1424890704.000000,252489728.000000,239902720.000000,1623810048.000000,0.000000,0.000000,2.392300,0.049300,0.019900,2.250900,0.010800,0.030400,0.011300,0.000600,0.000500,0.000700,0.003800,0.002500,0.002800,0.007900,0.000000
2438,9.371624,3.160204,3.178400,3.031700,1176.000000,934140356.000000,1424890704.000000,252489728.000000,239902720.000000,1623810048.000000,0.000000,0.000000,0.000600,0.000000,0.000000,0.000000,0.011300,0.000000,0.011800,0.000000,0.000000,0.000000,0.003900,0.002200,0.002800,0.007700,0.000000
2439,9.374724,3.064094,3.054800,2.928000,1176.000000,934140380.000000,1424890704.000000,252489728.000000,239902720.000000,1623810048.000000,0.000000,0.000000,0.000700,0.000000,0.000000,0.000000,0.010900,0.000000,0.012000,0.000000,0.000000,0.000000,0.004700,0.001900,0.002500,0.007600,0.000000
2440,9.377874,3.124603,3.089000,2.944000,1176.000000,934144924.000000,1424890704.000000,252489728.000000,239906816.000000,1623810048.000000,0.000000,0.000000,0.000800,0.000000,0.000000,0.000000,0.011900,0.000000,0.012400,0.000000,0.000000,0.000000,0.004600,0.002000,0.002800,0.007600,0.000000
2441,9.383564,5.710998,5.724600,5.559900,1176.000000,934149044.000000,1424890704.000000,252489728.000000,239910912.000000,1623810048.000000,0.000000,0.000000,2.458100,0.064200,0.022400,2.293600,0.013400,0.029700,0.014100,0.000800,0.000400,0.000700,0.004600,0.002500,0.002600,0.008000,0.000000
2442,9.386524,3.013003,3.031400,2.889200,1176.000000,934148644.000000,1424890704.000000,252489728.000000,239910912.000000,1623810048.000000,0.000000,0.000000,0.000600,0.000000,0.000000,0.000000,0.012700,0.000000,0.018900,0.000000,0.000000,0.000000,0.005200,0.002100,0.003200,0.007800,0.000000
2443,9.389587,3.039796,3.033700,2.908100,1176.000000,934152788.000000,1424890704.000000,252489728.000000,239915008.000000,1623810048.000000,0.000000,0.000000,0.000600,0.000000,0.000000,0.000000,0.010600,0.000000,0.011600,0.000000,0.000000,0.000000,0.004500,0.001700,0.002600,0.007300,0.000000
2444,9.392917,3.323802,3.233200,3.104400,1176.000000,934167148.000000,1424890704.000000,252489728.000000,239915008.000000,1623810048.000000,0.000000,0.000000,0.000700,0.000000,0.000000,0.000000,0.011000,0.000000,0.012500,0.000000,0.000000,0.000000,0.004300,0.001900,0.002400,0.006700,0.000000
2445,9.396118,3.184800,3.260600,3.044200,1176.000000,934155052.000000,1424890704.000000,252489728.000000,239915008.000000,1623810048.000000,0.000000,0.000000,0.000600,0.000000,0.000000,0.000000,0.011300,0.000000,0.013500,0.000000,0.000000,0.000000,0.004800,0.001900,0.002800,0.021200,0.000000
2446,9.401417,5.324398,5.326400,5.187100,1176.000000,934152860.000000,1424890704.000000,252489728.000000,239915008.000000,1623810048.000000,0.000000,0.000000,2.160300,0.046400,0.019800,2.030300,0.012400,0.022800,0.012400,0.000600,0.000200,0.000800,0.004800,0.002400,0.003000,0.007700,0.000000
2447,9.404409,2.995805,2.999900,2.871100,1176.000000,934152900.000000,1424890704.000000,252489728.000000,239915008.000000,1623810048.000000,0.000000,0.000000,0.000700,0.000000,0.000000,0.000000,0.011500,0.000000,0.011200,0.000000,0.000000,0.000000,0.004400,0.001700,0.002800,0.006400,0.000000
2448,9.407306,2.939895,2.927100,2.809400,1176.000000,934157460.000000,1424890704.000000,252489728.000000,239919104.000000,1623810048.000000,0.000000,0.000000,0.000700,0.000000,0.000000,0.000000,0.010600,0.000000,0.012200,0.000000,0.000000,0.000000,0.004400,0.001900,0.002900,0.006600,0.000000
2449,9.410685,3.315299,3.306600,3.169200,1176.000000,934157068.000000,1424890704.000000,252489728.000000,239919104.000000,1623810048.000000,0.000000,0.000000,0.000700,0.000000,0.000000,0.000000,0.009400,0.000000,0.011100,0.000000,0.000000,0.000000,0.004100,0.001600,0.002200,0.006700,0.000000
2450,9.416146,5.442602,5.435900,5.296700,1176.000000,934156644.000000,1424890704.000000,252489728.000000,239919104.000000,1623810048.000000,0.000000,0.000000,2.141900,0.047900,0.019300,2.006400,0.011800,0.028100,0.016700,0.000500,0.000300,0.000500,0.004700,0.002600,0.003000,0.007200,0.000000
2451,9.419269,3.143998,3.139600,2.997700,1176.000000,934156668.000000,1424890704.000000,252489728.000000,239919104.000000,1623810048.000000,0.000000,0.000000,0.000700,0.000000,0.000000,0.000000,0.012700,0.000000,0.012300,0.000000,0.000000,0.000000,0.005000,0.001900,0.003000,0.007300,0.000000
2452,9.422191,2.969303,2.996400,2.860200,1176.000000,934161212.000000,1424890704.000000,252489728.000000,239923200.000000,1623810048.000000,0.000000,0.000000,0.000700,0.000000,0.000000,0.000000,0.010800,0.000000,0.013200,0.000000,0.000000,0.000000,0.004600,0.002300,0.002800,0.007300,0.000000
2453,9.425492,3.244799,3.212900,3.095100,1176.000000,934162084.000000,1424890704.000000,252489728.000000,239923200.000000,1623810048.000000,0.000000,0.000000,0.000800,0.000000,0.000000,0.000000,0.009200,0.000000,0.012200,0.000000,0.000000,0.000000,0.003900,0.001800,0.002500,0.006200,0.000000
2454,9.428668,3.187302,3.192400,3.050300,1176.000000,934164932.000000,1424890704.000000,252489728.000000,239927296.000000,1623810048.000000,0.000000,0.000000,0.000900,0.000000,0.000000,0.000000,0.011700,0.000000,0.013000,0.000000,0.000000,0.000000,0.005300,0.002100,0.003100,0.007500,0.000000
2455,9.435153,6.439697,6.414700,6.276900,1176.000000,934164956.000000,1424890704.000000,252489728.000000,239927296.000000,1623810048.000000,0.000000,0.000000,3.036200,0.049300,0.021300,2.892800,0.012100,0.030700,0.012500,0.000600,0.000200,0.000500,0.004800,0.002700,0.002500,0.007400,0.000000
2456,9.438125,3.025900,3.047700,2.892500,1176.000000,934165404.000000,1424890704.000000,252489728.000000,239927296.000000,1623810048.000000,0.000000,0.000000,0.000700,0.000000,0.000000,0.000000,0.013900,0.000000,0.013200,0.000000,0.000000,0.000000,0.005300,0.002300,0.003100,0.008300,0.000000
2457,9.441281,3.144005,3.131400,2.999700,1176.000000,934165004.000000,1424890704.000000,252489728.000000,239927296.000000,1623810048.000000,0.000000,0.000000,0.000700,0.000000,0.000000,0.000000,0.010700,0.000000,0.012200,0.000000,0.000000,0.000000,0.004700,0.001900,0.002500,0.007100,0.000000
2458,9.444644,3.336898,3.317500,3.171000,1176.000000,934165028.000000,1424890704.000000,252489728.000000,239927296.000000,1623810048.000000,0.000000,0.000000,0.000700,0.000000,0.000000,0.000000,0.011700,0.000000,0.012900,0.000000,0.000000,0.000000,0.004900,0.001900,0.003200,0.008500,0.000000
2459,9.450724,5.952601,5.927100,5.768600,1176.000000,934169172.000000,1424890704.000000,252489728.000000,239931392.000000,1623810048.000000,0.000000,0.000000,2.174900,0.052000,0.023700,2.034700,0.014400,0.023700,0.012300,0.000600,0.000300,0.000700,0.005100,0.002700,0.003200,0.007800,0.000000
2460,9.454243,3.580797,3.546400,3.373300,1176.000000,934183532.000000,1424890704.000000,252489728.000000,239931392.000000,1623810048.000000,0.000000,0.000000,0.000800,0.000000,0.000000,0.000000,0.103000,0.000000,0.016000,0.000000,0.000000,0.000000,0.006400,0.003300,0.003700,0.009600,0.000000
2461,9.457657,3.475503,3.468800,3.261000,1176.000000,934171436.000000,1424890704.000000,252489728.000000,239931392.000000,1623810048.000000,0.000000,0.000000,0.001000,0.000000,0.000000,0.000000,0.013100,0.000000,0.014700,0.000000,0.000000,0.000000,0.007400,0.002300,0.004100,0.009000,0.000000
2462,9.461145,3.499901,3.553600,3.341200,1176.000000,934168820.000000,1424890704.000000,252489728.000000,239931392.000000,1623810048.000000,0.000000,0.000000,0.000700,0.000000,0.000000,0.000000,0.015500,0.000000,0.013600,0.000000,0.000000,0.000000,0.004800,0.002300,0.003200,0.008100,0.000000
2463,9.466564,5.437897,5.448800,5.295200,1176.000000,934169284.000000,1424890704.000000,252489728.000000,239931392.000000,1623810048.000000,0.000000,0.000000,2.090200,0.050600,0.016400,1.952900,0.012000,0.030100,0.013600,0.000500,0.000200,0.000900,0.005100,0.002600,0.003200,0.008700,0.000000
2464,9.469943,3.252303,3.237500,2.959700,1176.000000,934169324.000000,1424890704.000000,252489728.000000,239931392.000000,1623810048.000000,0.000000,0.000000,0.000600,0.000000,0.000000,0.000000,0.012500,0.000000,0.013300,0.000000,0.000000,0.000000,0.004900,0.001800,0.003100,0.007800,0.000000
2465,9.473356,3.526403,3.464400,3.314200,1176.000000,934177124.000000,1424890704.000000,252489728.000000,239939584.000000,1623810048.000000,0.000000,0.000000,0.000800,0.000000,0.000000,0.000000,0.013200,0.000000,0.012800,0.000000,0.000000,0.000000,0.006200,0.001800,0.003500,0.008100,0.000000
2466,9.476578,3.166397,3.237700,3.093900,1176.000000,934177124.000000,1424890704.000000,252489728.000000,239939584.000000,1623810048.000000,0.000000,0.000000,0.000700,0.000000,0.000000,0.000000,0.011700,0.000000,0.015000,0.000000,0.000000,0.000000,0.004600,0.001900,0.003300,0.007400,0.000000
2467,9.479701,3.187401,3.185200,3.053700,1176.000000,934177148.000000,1424890704.000000,252489728.000000,239939584.000000,1623810048.000000,0.000000,0.000000,0.000700,0.000000,0.000000,0.000000,0.010900,0.000000,0.012700,0.000000,0.000000,0.000000,0.004200,0.001600,0.002800,0.007300,0.000000
2468,9.485509,5.802197,5.701200,5.562700,1176.000000,934177596.000000,1424890704.000000,252489728.000000,239939584.000000,1623810048.000000,0.000000,0.000000,2.101000,0.050300,0.021100,1.962000,0.012500,0.028200,0.012200,0.000800,0.000300,0.000600,0.004700,0.009000,0.002300,0.007400,0.000000
2469,9.488664,3.162004,3.250000,3.024500,1176.000000,934178044.000000,1424890704.000000,252489728.000000,239939584.000000,1623810048.000000,0.000000,0.000000,0.000700,0.000000,0.000000,0.000000,0.014200,0.000000,0.012300,0.000000,0.000000,0.000000,0.005700,0.002000,0.003300,0.007500,0.000000
2470,9.491652,2.997201,2.996400,2.860100,1176.000000,934177220.000000,1424890704.000000,252489728.000000,239939584.000000,1623810048.000000,0.000000,0.000000,0.000700,0.000000,0.000000,0.000000,0.011600,0.000000,0.012500,0.000000,0.000000,0.000000,0.004900,0.002100,0.003100,0.006900,0.000000
2471,9.495245,3.505194,3.301900,3.145000,1176.000000,934181340.000000,1424890704.000000,252489728.000000,239943680.000000,1623810048.000000,0.000000,0.000000,0.000700,0.000000,0.000000,0.000000,0.013200,0.000000,0.013000,0.000000,0.000000,0.000000,0.005000,0.001800,0.002400,0.007300,0.000000
2472,9.501250,6.068006,6.200700,5.870100,1176.000000,934186260.000000,1424890704.000000,252489728.000000,239943680.000000,1623810048.000000,0.000000,0.000000,2.476500,0.056200,0.021300,2.325900,0.011900,0.030000,0.012000,0.000500,0.000200,0.000500,0.006500,0.002500,0.002900,0.007700,0.000000
2473,9.504511,3.258100,3.308700,3.115500,1176.000000,934185860.000000,1424890704.000000,252489728.000000,239943680.000000,1623810048.000000,0.000000,0.000000,0.001000,0.000000,0.000000,0.000000,0.013800,0.000000,0.012700,0.000000,0.000000,0.000000,0.004800,0.002000,0.003300,0.007400,0.000000
2474,9.507835,3.328699,3.202400,3.059500,1176.000000,934185884.000000,1424890704.000000,252489728.000000,239943680.000000,1623810048.000000,0.000000,0.000000,0.000700,0.000000,0.000000,0.000000,0.013400,0.000000,0.012500,0.000000,0.000000,0.000000,0.004700,0.002400,0.003700,0.008000,0.000000
2475,9.511284,3.450099,3.564400,3.299700,1228.000000,934186356.000000,1424890704.000000,252489728.000000,239943680.000000,1623810048.000000,0.000000,0.000000,0.000600,0.000000,0.000000,0.000000,0.012000,0.000000,0.015000,0.000000,0.000000,0.000000,0.005800,0.002100,0.004000,0.008100,0.000000
2476,9.516943,5.571797,5.535800,5.378900,1176.000000,934199916.000000,1424890704.000000,252489728.000000,239947776.000000,1623810048.000000,0.000000,0.000000,2.106500,0.049400,0.019400,1.973700,0.012300,0.024500,0.013800,0.000500,0.000300,0.000500,0.004800,0.002800,0.003100,0.008400,0.000000
2477,9.520241,3.381902,3.408300,3.233600,1176.000000,934187820.000000,1424890704.000000,252489728.000000,239947776.000000,1623810048.000000,0.000000,0.000000,0.000800,0.000000,0.000000,0.000000,0.017700,0.000000,0.014400,0.000000,0.000000,0.000000,0.006200,0.002600,0.003400,0.008600,0.000000
2478,9.523455,3.227799,3.227600,3.077800,1176.000000,934189300.000000,1424890704.000000,252489728.000000,239951872.000000,1623810048.000000,0.000000,0.000000,0.000900,0.000000,0.000000,0.000000,0.012000,0.000000,0.013800,0.000000,0.000000,0.000000,0.005200,0.002100,0.003000,0.007400,0.000000
2479,9.526398,2.956200,2.970100,2.824400,1176.000000,934189340.000000,1424890704.000000,252489728.000000,239951872.000000,1623810048.000000,0.000000,0.000000,0.000700,0.000000,0.000000,0.000000,0.012200,0.000000,0.013000,0.000000,0.000000,0.000000,0.004900,0.002100,0.002900,0.007500,0.000000
2480,9.529688,3.267800,3.250800,3.118600,1176.000000,934189804.000000,1424890704.000000,252489728.000000,239951872.000000,1623810048.000000,0.000000,0.000000,0.000700,0.000000,0.000000,0.000000,0.011000,0.000000,0.012500,0.000000,0.000000,0.000000,0.004700,0.001900,0.003200,0.008100,0.000000
2481,9.535506,5.730102,5.700800,5.552500,1176.000000,934189412.000000,1424890704.000000,252489728.000000,239951872.000000,1623810048.000000,0.000000,0.000000,2.200500,0.048300,0.020000,2.060600,0.013300,0.029700,0.012200,0.000500,0.000300,0.000900,0.004600,0.003000,0.003100,0.008000,0.000000
2482,9.539025,3.558496,3.529600,3.358200,1176.000000,934193508.000000,1424890704.000000,252489728.000000,239955968.000000,1623810048.000000,0.000000,0.000000,0.001000,0.000000,0.000000,0.000000,0.015000,0.000000,0.013900,0.000000,0.000000,0.000000,0.006800,0.002400,0.003700,0.008700,0.000000
2483,9.542622,3.602204,3.639900,3.450400,1176.000000,934193532.000000,1424890704.000000,252489728.000000,239955968.000000,1623810048.000000,0.000000,0.000000,0.000700,0.000000,0.000000,0.000000,0.013200,0.000000,0.013600,0.000000,0.000000,0.000000,0.006200,0.002400,0.002800,0.008900,0.000000
2484,9.546014,3.427898,3.419700,3.268200,1176.000000,934193980.000000,1424890704.000000,252489728.000000,239955968.000000,1623810048.000000,0.000000,0.000000,0.001000,0.000000,0.000000,0.000000,0.012300,0.000000,0.014200,0.000000,0.000000,0.000000,0.005800,0.002300,0.003300,0.008100,0.000000
2485,9.551770,5.719699,5.710700,5.553000,1176.000000,934194852.000000,1424890704.000000,252489728.000000,239955968.000000,1623810048.000000,0.000000,0.000000,2.238100,0.049300,0.019900,2.096200,0.012900,0.030500,0.014300,0.000600,0.000200,0.001200,0.004700,0.002600,0.003200,0.009800,0.000000
2486,9.555198,3.369600,3.368500,3.205400,1176.000000,934193604.000000,1424890704.000000,252489728.000000,239955968.000000,1623810048.000000,0.000000,0.000000,0.000800,0.000000,0.000000,0.000000,0.014100,0.000000,0.013100,0.000000,0.000000,0.000000,0.009000,0.002100,0.004400,0.008900,0.000000
2487,9.558572,3.480796,3.456100,3.299200,1176.000000,934197724.000000,1424890704.000000,252489728.000000,239960064.000000,1623810048.000000,0.000000,0.000000,0.000800,0.000000,0.000000,0.000000,0.015200,0.000000,0.013900,0.000000,0.000000,0.000000,0.009600,0.002200,0.003900,0.009900,0.000000
2488,9.561818,3.261501,3.298700,3.123200,1176.000000,934198172.000000,1424890704.000000,252489728.000000,239960064.000000,1623810048.000000,0.000000,0.000000,0.000700,0.000000,0.000000,0.000000,0.012400,0.000000,0.013400,0.000000,0.000000,0.000000,0.005000,0.002300,0.003400,0.008300,0.000000
2489,9.568381,6.489002,6.358600,6.212100,1176.000000,934197772.000000,1424890704.000000,252489728.000000,239960064.000000,1623810048.000000,0.000000,0.000000,3.004900,0.050300,0.021200,2.849700,0.011800,0.040100,0.013500,0.000700,0.000300,0.001000,0.004700,0.003100,0.002600,0.010000,0.000000
2490,9.571666,3.341001,3.447800,3.193600,1176.000000,934197796.000000,1424890704.000000,252489728.000000,239960064.000000,1623810048.000000,0.000000,0.000000,0.000700,0.000000,0.000000,0.000000,0.018500,0.000000,0.014700,0.000000,0.000000,0.000000,0.006100,0.002100,0.003100,0.009000,0.000000
2491,9.575168,3.410296,3.373400,3.208200,1176.000000,934201940.000000,1424890704.000000,252489728.000000,239964160.000000,1623810048.000000,0.000000,0.000000,0.000800,0.000000,0.000000,0.000000,0.013000,0.000000,0.013200,0.000000,0.000000,0.000000,0.004400,0.002000,0.003300,0.007200,0.000000
2492,9.578512,3.368906,3.400500,3.218800,1176.000000,934216300.000000,1424890704.000000,252489728.000000,239964160.000000,1623810048.000000,0.000000,0.000000,0.000800,0.000000,0.000000,0.000000,0.016600,0.000000,0.014600,0.000000,0.000000,0.000000,0.007400,0.002900,0.003700,0.010000,0.000000
2493,9.584535,6.028500,5.868900,5.705300,1176.000000,934208788.000000,1424890704.000000,252489728.000000,239968256.000000,1623810048.000000,0.000000,0.000000,2.189700,0.053100,0.022600,2.043700,0.012900,0.024300,0.014000,0.000600,0.000200,0.000600,0.009300,0.002500,0.004200,0.008600,0.000000
2494,9.587524,3.087599,3.263500,2.970100,1176.000000,934206820.000000,1424890704.000000,252489728.000000,239968256.000000,1623810048.000000,0.000000,0.000000,0.000800,0.000000,0.000000,0.000000,0.016200,0.000000,0.014200,0.000000,0.000000,0.000000,0.008400,0.002100,0.004200,0.009000,0.000000
2495,9.590747,3.200496,3.182800,3.055600,1176.000000,934206996.000000,1424890704.000000,252489728.000000,239968256.000000,1623810048.000000,0.000000,0.000000,0.000700,0.000000,0.000000,0.000000,0.010000,0.000000,0.013300,0.000000,0.000000,0.000000,0.004500,0.001900,0.002500,0.007100,0.000000
2496,9.593837,3.060303,3.051700,2.915000,1176.000000,934207988.000000,1424890704.000000,252489728.000000,239968256.000000,1623810048.000000,0.000000,0.000000,0.000700,0.000000,0.000000,0.000000,0.011100,0.000000,0.013000,0.000000,0.000000,0.000000,0.004000,0.001900,0.002700,0.020800,0.000000
2497,9.599306,5.483496,5.475900,5.331900,1176.000000,934208092.000000,1424890704.000000,252489728.000000,239968256.000000,1623810048.000000,0.000000,0.000000,2.219100,0.055500,0.023000,2.069300,0.012600,0.027500,0.013000,0.000600,0.000400,0.000500,0.005400,0.002600,0.003200,0.007600,0.000000
2498,9.602230,2.976899,2.998700,2.859000,1176.000000,934208148.000000,1424890704.000000,252489728.000000,239968256.000000,1623810048.000000,0.000000,0.000000,0.000800,0.000000,0.000000,0.000000,0.012500,0.000000,0.012300,0.000000,0.000000,0.000000,0.005600,0.002200,0.003100,0.008100,0.000000
2499,9.605337,3.070203,3.057800,2.934300,1176.000000,934212300.000000,1424890704.000000,252489728.000000,239972352.000000,1623810048.000000,0.000000,0.000000,0.000700,0.000000,0.000000,0.000000,0.009200,0.000000,0.015700,0.000000,0.000000,0.000000,0.003900,0.001600,0.002500,0.006900,0.000000
2500,9.608404,2.999199,2.998200,2.868800,1176.000000,934212820.000000,1424890704.000000,252489728.000000,239972352.000000,1623810048.000000,0.000000,0.000000,0.000700,0.000000,0.000000,0.000000,0.010900,0.000000,0.014200,0.000000,0.000000,0.000000,0.004600,0.002300,0.003000,0.006600,0.000000
2501,9.611541,3.237500,3.210600,3.083000,1176.000000,934213212.000000,1424890704.000000,252489728.000000,239972352.000000,1623810048.000000,0.000000,0.000000,0.000800,0.000000,0.000000,0.000000,0.075300,0.000000,0.013900,0.000000,0.000000,0.000000,0.004500,0.002900,0.002800,0.007800,0.000000
2502,9.616920,5.326602,5.336700,5.184600,1176.000000,934212548.000000,1424890704.000000,252489728.000000,239972352.000000,1623810048.000000,0.000000,0.000000,2.194100,0.047700,0.019300,2.054000,0.010200,0.030900,0.013900,0.000600,0.000300,0.001000,0.004600,0.002800,0.002500,0.008100,0.000000
2503,9.620016,3.120996,3.126200,2.989600,1176.000000,934216716.000000,1424890704.000000,252489728.000000,239976448.000000,1623810048.000000,0.000000,0.000000,0.000800,0.000000,0.000000,0.000000,0.011600,0.000000,0.011600,0.000000,0.000000,0.000000,0.004800,0.001800,0.002700,0.007000,0.000000
2504,9.623199,3.191603,3.184700,3.055200,1176.000000,934221332.000000,1424890704.000000,252489728.000000,239980544.000000,1623810048.000000,0.000000,0.000000,0.000700,0.000000,0.000000,0.000000,0.011100,0.000000,0.013800,0.000000,0.000000,0.000000,0.004300,0.001900,0.002600,0.007300,0.000000
2505,9.626308,3.114704,3.114000,2.980400,1176.000000,934220948.000000,1424890704.000000,252489728.000000,239980544.000000,1623810048.000000,0.000000,0.000000,0.000800,0.000000,0.000000,0.000000,0.010200,0.000000,0.012700,0.000000,0.000000,0.000000,0.004300,0.002000,0.002900,0.007300,0.000000
2506,9.629455,3.139598,3.137700,3.008500,1176.000000,934220996.000000,1424890704.000000,252489728.000000,239980544.000000,1623810048.000000,0.000000,0.000000,0.000700,0.000000,0.000000,0.000000,0.010400,0.000000,0.012000,0.000000,0.000000,0.000000,0.004400,0.001700,0.002600,0.006800,0.000000
2507,9.634998,5.482200,5.461500,5.331100,1176.000000,934222100.000000,1424890704.000000,252489728.000000,239980544.000000,1623810048.000000,0.000000,0.000000,2.202900,0.052400,0.019900,2.058700,0.010700,0.032300,0.014500,0.000700,0.000300,0.000800,0.004100,0.003000,0.003200,0.007000,0.000000
2508,9.637908,2.963698,2.983700,2.843600,1176.000000,934239212.000000,1424890704.000000,252489728.000000,239980544.000000,1623810048.000000,0.000000,0.000000,0.000900,0.000000,0.000000,0.000000,0.012100,0.000000,0.014100,0.000000,0.000000,0.000000,0.005800,0.002200,0.003100,0.006800,0.000000
2509,9.641160,3.253104,3.238800,3.117200,1176.000000,934227244.000000,1424890704.000000,252489728.000000,239980544.000000,1623810048.000000,0.000000,0.000000,0.000600,0.000000,0.000000,0.000000,0.011000,0.000000,0.013400,0.000000,0.000000,0.000000,0.005300,0.002300,0.002800,0.007600,0.000000
2510,9.644294,3.066900,3.067000,2.935100,1176.000000,934228724.000000,1424890704.000000,252489728.000000,239984640.000000,1623810048.000000,0.000000,0.000000,0.000700,0.000000,0.000000,0.000000,0.011300,0.000000,0.012500,0.000000,0.000000,0.000000,0.004200,0.001800,0.002600,0.006800,0.000000
2511,9.649971,5.728097,5.711500,5.579100,1176.000000,934228788.000000,1424890704.000000,252489728.000000,239984640.000000,1623810048.000000,0.000000,0.000000,2.292900,0.047300,0.020500,2.166100,0.012600,0.021100,0.012000,0.000600,0.000200,0.000500,0.004800,0.002600,0.002600,0.006700,0.000000
2512,9.653213,3.249100,3.251800,3.108600,1176.000000,934229236.000000,1424890704.000000,252489728.000000,239984640.000000,1623810048.000000,0.000000,0.000000,0.000700,0.000000,0.000000,0.000000,0.012900,0.000000,0.012400,0.000000,0.000000,0.000000,0.004900,0.001800,0.002900,0.005700,0.000000
2513,9.656557,3.343098,3.340800,3.203900,1176.000000,934228836.000000,1424890704.000000,252489728.000000,239984640.000000,1623810048.000000,0.000000,0.000000,0.000700,0.000000,0.000000,0.000000,0.011600,0.000000,0.012100,0.000000,0.000000,0.000000,0.004500,0.001900,0.003100,0.007200,0.000000
2514,9.660003,3.428706,3.414600,3.277000,1176.000000,934228860.000000,1424890704.000000,252489728.000000,239984640.000000,1623810048.000000,0.000000,0.000000,0.000700,0.000000,0.000000,0.000000,0.010600,0.000000,0.011700,0.000000,0.000000,0.000000,0.004100,0.001800,0.002700,0.007600,0.000000
2515,9.664859,4.850794,4.821900,4.673000,1176.000000,934232980.000000,1424890704.000000,252489728.000000,239988736.000000,1623810048.000000,0.000000,0.000000,0.000900,0.000000,0.000000,0.000000,0.013000,0.000000,0.012500,0.000000,0.000000,0.000000,0.005000,0.002000,0.003000,0.007900,0.000000
2516,9.670587,5.720004,5.733600,5.558900,1176.000000,934237972.000000,1424890704.000000,252489728.000000,239992832.000000,1623810048.000000,0.000000,0.000000,2.124800,0.050500,0.020100,1.987200,0.012900,0.027500,0.011400,0.000400,0.000400,0.000900,0.005000,0.002400,0.003100,0.007000,0.000000
2517,9.674285,3.696095,3.699600,3.546200,1176.000000,934238420.000000,1424890704.000000,252489728.000000,239992832.000000,1623810048.000000,0.000000,0.000000,0.000800,0.000000,0.000000,0.000000,0.015200,0.000000,0.012400,0.000000,0.000000,0.000000,0.004900,0.001800,0.003400,0.007300,0.000000
2518,9.677078,2.873902,2.899100,2.758100,1176.000000,934237596.000000,1424890704.000000,252489728.000000,239992832.000000,1623810048.000000,0.000000,0.000000,0.000700,0.000000,0.000000,0.000000,0.012700,0.000000,0.012800,0.000000,0.000000,0.000000,0.005400,0.001900,0.002600,0.008100,0.000000
2519,9.682830,5.705102,5.680100,5.559000,1176.000000,934237660.000000,1424890704.000000,252489728.000000,239992832.000000,1623810048.000000,0.000000,0.000000,2.729000,0.050100,0.018700,2.589200,0.009400,0.031300,0.011500,0.000400,0.000300,0.000600,0.004300,0.002300,0.002400,0.007600,0.000000
2520,9.685930,3.120996,3.129900,2.994000,1176.000000,934238108.000000,1424890704.000000,252489728.000000,239992832.000000,1623810048.000000,0.000000,0.000000,0.000600,0.000000,0.000000,0.000000,0.012500,0.000000,0.011800,0.000000,0.000000,0.000000,0.004800,0.001500,0.002800,0.007900,0.000000
2521,9.688798,2.868204,2.868200,2.742900,1176.000000,934241804.000000,1424890704.000000,252489728.000000,239996928.000000,1623810048.000000,0.000000,0.000000,0.000700,0.000000,0.000000,0.000000,0.010700,0.000000,0.011000,0.000000,0.000000,0.000000,0.004300,0.001400,0.002600,0.007000,0.000000
2522,9.691593,2.829996,2.839800,2.720600,1176.000000,934241828.000000,1424890704.000000,252489728.000000,239996928.000000,1623810048.000000,0.000000,0.000000,0.000400,0.000000,0.000000,0.000000,0.010300,0.000000,0.011900,0.000000,0.000000,0.000000,0.003500,0.001600,0.002200,0.006300,0.000000
2523,9.694831,3.174306,3.149900,3.037700,1176.000000,934241428.000000,1424890704.000000,252489728.000000,239996928.000000,1623810048.000000,0.000000,0.000000,0.000500,0.000000,0.000000,0.000000,0.009100,0.000000,0.010800,0.000000,0.000000,0.000000,0.003700,0.001300,0.002600,0.006400,0.000000
2524,9.701063,6.246400,6.164300,6.026700,1176.000000,934256076.000000,1424890704.000000,252489728.000000,239996928.000000,1623810048.000000,0.000000,0.000000,2.799000,0.050100,0.019500,2.662200,0.011800,0.027900,0.012200,0.000600,0.000300,0.000600,0.004600,0.002400,0.002600,0.007200,0.000000
2525,9.703920,2.863995,2.944300,2.740800,1176.000000,934243980.000000,1424890704.000000,252489728.000000,239996928.000000,1623810048.000000,0.000000,0.000000,0.000400,0.000000,0.000000,0.000000,0.013000,0.000000,0.013500,0.000000,0.000000,0.000000,0.003900,0.001800,0.002400,0.005900,0.000000
2526,9.706676,2.789902,2.794500,2.671900,1176.000000,934245460.000000,1424890704.000000,252489728.000000,240001024.000000,1623810048.000000,0.000000,0.000000,0.000600,0.000000,0.000000,0.000000,0.010700,0.000000,0.011200,0.000000,0.000000,0.000000,0.004600,0.001800,0.002800,0.006800,0.000000
2527,9.709827,3.060700,3.020400,2.893300,1176.000000,934249596.000000,1424890704.000000,252489728.000000,240005120.000000,1623810048.000000,0.000000,0.000000,0.000700,0.000000,0.000000,0.000000,0.009600,0.000000,0.011100,0.000000,0.000000,0.000000,0.003800,0.001500,0.002400,0.005800,0.000000
2528,9.712665,2.916397,2.954800,2.805800,1228.000000,934250044.000000,1424890704.000000,252489728.000000,240005120.000000,1623810048.000000,0.000000,0.000000,0.000800,0.000000,0.000000,0.000000,0.016000,0.000000,0.012900,0.000000,0.000000,0.000000,0.005300,0.002100,0.003100,0.008000,0.000000
2529,9.717729,4.999702,4.946900,4.830400,1176.000000,934254196.000000,1424890704.000000,252489728.000000,240009216.000000,1623810048.000000,0.000000,0.000000,2.050200,0.049700,0.019900,1.913800,0.009900,0.028500,0.012700,0.000600,0.000300,0.000800,0.004400,0.002800,0.002600,0.008200,0.000000
2530,9.720764,3.088499,3.114400,2.951400,1176.000000,934253796.000000,1424890704.000000,252489728.000000,240009216.000000,1623810048.000000,0.000000,0.000000,0.000500,0.000000,0.000000,0.000000,0.015000,0.000000,0.012300,0.000000,0.000000,0.000000,0.004200,0.001700,0.002900,0.005400,0.000000
2531,9.723655,2.890101,2.895100,2.764000,1176.000000,934253820.000000,1424890704.000000,252489728.000000,240009216.000000,1623810048.000000,0.000000,0.000000,0.000600,0.000000,0.000000,0.000000,0.009800,0.000000,0.011100,0.000000,0.000000,0.000000,0.003900,0.001600,0.002700,0.006200,0.000000
2532,9.726512,2.868304,2.875700,2.752700,1176.000000,934258364.000000,1424890704.000000,252489728.000000,240013312.000000,1623810048.000000,0.000000,0.000000,0.000600,0.000000,0.000000,0.000000,0.010600,0.000000,0.011500,0.000000,0.000000,0.000000,0.004500,0.001600,0.002500,0.006600,0.000000
2533,9.729679,3.119296,3.101900,2.985000,1176.000000,934258812.000000,1424890704.000000,252489728.000000,240013312.000000,1623810048.000000,0.000000,0.000000,0.000600,0.000000,0.000000,0.000000,0.010000,0.000000,0.011500,0.000000,0.000000,0.000000,0.091600,0.001600,0.002400,0.006400,0.000000
2534,9.735897,5.966100,5.850700,5.710100,1176.000000,934258012.000000,1424890704.000000,252489728.000000,240013312.000000,1623810048.000000,0.000000,0.000000,2.094500,0.051500,0.034700,1.946900,0.011400,0.022200,0.012200,0.000600,0.000300,0.000500,0.005300,0.002700,0.003500,0.005900,0.000000
2535,9.739347,3.701899,3.801200,3.561500,1176.000000,934258036.000000,1424890704.000000,252489728.000000,240013312.000000,1623810048.000000,0.000000,0.000000,0.000900,0.000000,0.000000,0.000000,0.018200,0.000000,0.016100,0.000000,0.000000,0.000000,0.007400,0.002800,0.003800,0.009800,0.000000
2536,9.742673,3.315101,3.227300,3.087000,1176.000000,934258484.000000,1424890704.000000,252489728.000000,240013312.000000,1623810048.000000,0.000000,0.000000,0.000700,0.000000,0.000000,0.000000,0.012200,0.000000,0.013400,0.000000,0.000000,0.000000,0.004800,0.002100,0.002700,0.008800,0.000000
2537,9.745805,3.157703,3.241500,3.021700,1176.000000,934258084.000000,1424890704.000000,252489728.000000,240013312.000000,1623810048.000000,0.000000,0.000000,0.001100,0.000000,0.000000,0.000000,0.015300,0.000000,0.012000,0.000000,0.000000,0.000000,0.005500,0.001900,0.003000,0.007500,0.000000
2538,9.751356,5.533100,5.526700,5.385400,1176.000000,934262220.000000,1424890704.000000,252489728.000000,240017408.000000,1623810048.000000,0.000000,0.000000,2.256400,0.050900,0.019900,2.125300,0.011000,0.022700,0.012300,0.000600,0.000300,0.000500,0.004400,0.002700,0.002700,0.007600,0.000000
2539,9.754545,3.157596,3.147100,3.005600,1176.000000,934262244.000000,1424890704.000000,252489728.000000,240017408.000000,1623810048.000000,0.000000,0.000000,0.000600,0.000000,0.000000,0.000000,0.011800,0.000000,0.011800,0.000000,0.000000,0.000000,0.004600,0.001700,0.003100,0.007500,0.000000
2540,9.757585,3.098406,3.112600,2.969000,1176.000000,934276628.000000,1424890704.000000,252489728.000000,240017408.000000,1623810048.000000,0.000000,0.000000,0.000500,0.000000,0.000000,0.000000,0.012200,0.000000,0.013600,0.000000,0.000000,0.000000,0.005300,0.002000,0.002800,0.007700,0.000000
2541,9.760890,3.292198,3.276600,3.144500,1176.000000,934265084.000000,1424890704.000000,252489728.000000,240017408.000000,1623810048.000000,0.000000,0.000000,0.000700,0.000000,0.000000,0.000000,0.010500,0.000000,0.015300,0.000000,0.000000,0.000000,0.004700,0.001800,0.002500,0.007100,0.000000
2542,9.766456,5.552402,5.542600,5.398100,1176.000000,934271028.000000,1424890704.000000,252489728.000000,240021504.000000,1623810048.000000,0.000000,0.000000,2.182300,0.061700,0.023200,2.021900,0.011200,0.034000,0.012700,0.000600,0.000200,0.000800,0.004600,0.002600,0.003000,0.007900,0.000000
2543,9.769554,3.124695,3.114700,2.968000,1176.000000,934275164.000000,1424890704.000000,252489728.000000,240025600.000000,1623810048.000000,0.000000,0.000000,0.000700,0.000000,0.000000,0.000000,0.012100,0.000000,0.012100,0.000000,0.000000,0.000000,0.004800,0.001700,0.002900,0.006800,0.000000
2544,9.772525,2.986104,3.021300,2.871900,1176.000000,934275612.000000,1424890704.000000,252489728.000000,240025600.000000,1623810048.000000,0.000000,0.000000,0.000800,0.000000,0.000000,0.000000,0.011800,0.000000,0.012600,0.000000,0.000000,0.000000,0.004700,0.001900,0.003000,0.007800,0.000000
2545,9.776050,3.419600,3.368600,3.238000,1176.000000,934275212.000000,1424890704.000000,252489728.000000,240025600.000000,1623810048.000000,0.000000,0.000000,0.000600,0.000000,0.000000,0.000000,0.009800,0.000000,0.011400,0.000000,0.000000,0.000000,0.004400,0.001700,0.002500,0.006000,0.000000
2546,9.779270,3.290398,3.294100,3.127900,1176.000000,934270764.000000,1424890704.000000,252489728.000000,240025600.000000,1623810048.000000,0.000000,0.000000,0.000900,0.000000,0.000000,0.000000,0.013800,0.000000,0.013500,0.000000,0.000000,0.000000,0.005600,0.002400,0.003600,0.007400,0.000000
2547,9.784580,5.312500,5.325400,5.170700,1176.000000,934270788.000000,1424890704.000000,252489728.000000,240025600.000000,1623810048.000000,0.000000,0.000000,2.126800,0.049600,0.020300,1.990100,0.012300,0.026400,0.011800,0.000500,0.000300,0.000600,0.004700,0.002600,0.002800,0.006800,0.000000
2548,9.787487,2.940398,2.956800,2.823600,1176.000000,934271236.000000,1424890704.000000,252489728.000000,240025600.000000,1623810048.000000,0.000000,0.000000,0.000600,0.000000,0.000000,0.000000,0.012400,0.000000,0.012500,0.000000,0.000000,0.000000,0.004800,0.002000,0.002700,0.006200,0.000000
2549,9.790702,3.190901,3.125600,3.004700,1176.000000,934275780.000000,1424890704.000000,252489728.000000,240029696.000000,1623810048.000000,0.000000,0.000000,0.000500,0.000000,0.000000,0.000000,0.009400,0.000000,0.010800,0.000000,0.000000,0.000000,0.004300,0.002400,0.002700,0.005700,0.000000
2550,9.793869,3.093601,3.118500,2.928800,1176.000000,934274956.000000,1424890704.000000,252489728.000000,240029696.000000,1623810048.000000,0.000000,0.000000,0.000800,0.000000,0.000000,0.000000,0.011400,0.000000,0.011400,0.000000,0.000000,0.000000,0.004800,0.001800,0.002700,0.007700,0.000000
2551,9.799327,5.522796,5.530200,5.378400,1176.000000,934275404.000000,1424890704.000000,252489728.000000,240029696.000000,1623810048.000000,0.000000,0.000000,2.214500,0.071100,0.021700,2.029100,0.013800,0.032800,0.013600,0.000700,0.000400,0.001000,0.005500,0.002800,0.003300,0.007300,0.000000
2552,9.802320,3.029804,3.043100,2.905800,1176.000000,934275428.000000,1424890704.000000,252489728.000000,240029696.000000,1623810048.000000,0.000000,0.000000,0.000600,0.000000,0.000000,0.000000,0.013500,0.000000,0.013200,0.000000,0.000000,0.000000,0.004700,0.001900,0.003000,0.006200,0.000000
2553,9.805318,2.980598,2.980700,2.857100,1176.000000,934340564.000000,1424890704.000000,252489728.000000,240029696.000000,1623810048.000000,0.000000,0.000000,0.000600,0.000000,0.000000,0.000000,0.010100,0.000000,0.011900,0.000000,0.000000,0.000000,0.004600,0.001500,0.002200,0.006500,0.000000
2554,9.808311,2.985601,2.973600,2.849300,1176.000000,934279148.000000,1424890704.000000,252489728.000000,240033792.000000,1623810048.000000,0.000000,0.000000,0.000600,0.000000,0.000000,0.000000,0.010300,0.000000,0.011500,0.000000,0.000000,0.000000,0.004400,0.001800,0.002100,0.006600,0.000000
2555,9.811599,3.288896,3.281300,3.150000,1176.000000,934283268.000000,1424890704.000000,252489728.000000,240037888.000000,1623810048.000000,0.000000,0.000000,0.000700,0.000000,0.000000,0.000000,0.010600,0.000000,0.037000,0.000000,0.000000,0.000000,0.004000,0.001900,0.002500,0.007200,0.000000
2556,9.817106,5.468701,5.450500,5.311500,1176.000000,934297804.000000,1424890704.000000,252489728.000000,240037888.000000,1623810048.000000,0.000000,0.000000,2.195500,0.049100,0.018800,2.062200,0.011100,0.025300,0.013200,0.000600,0.000300,0.000800,0.004300,0.002700,0.002500,0.008900,0.000000
2557,9.820608,3.487705,3.472200,3.321400,1176.000000,934285708.000000,1424890704.000000,252489728.000000,240037888.000000,1623810048.000000,0.000000,0.000000,0.000700,0.000000,0.000000,0.000000,0.013200,0.000000,0.012400,0.000000,0.000000,0.000000,0.005000,0.001900,0.002800,0.007600,0.000000
2558,9.823730,3.155797,3.175200,3.011000,1176.000000,934283092.000000,1424890704.000000,252489728.000000,240037888.000000,1623810048.000000,0.000000,0.000000,0.000800,0.000000,0.000000,0.000000,0.011500,0.000000,0.012900,0.000000,0.000000,0.000000,0.004700,0.001900,0.003200,0.007700,0.000000
2559,9.826797,3.094204,3.101600,2.962500,1176.000000,934283132.000000,1424890704.000000,252489728.000000,240037888.000000,1623810048.000000,0.000000,0.000000,0.000800,0.000000,0.000000,0.000000,0.011500,0.000000,0.013200,0.000000,0.000000,0.000000,0.004900,0.003000,0.003000,0.007700,0.000000
2560,9.833837,6.974100,6.940500,6.781500,1176.000000,934287676.000000,1424890704.000000,252489728.000000,240041984.000000,1623810048.000000,0.000000,0.000000,3.403700,0.049100,0.019400,3.261200,0.010600,0.032600,0.012600,0.000500,0.000300,0.000700,0.003900,0.002400,0.002600,0.008300,0.000000
2561,9.836704,2.954294,2.988900,2.838000,1176.000000,934287276.000000,1424890704.000000,252489728.000000,240041984.000000,1623810048.000000,0.000000,0.000000,0.000600,0.000000,0.000000,0.000000,0.014300,0.000000,0.012600,0.000000,0.000000,0.000000,0.005100,0.002000,0.003100,0.007500,0.000000
2562,9.839883,3.122399,3.093800,2.969100,1176.000000,934287300.000000,1424890704.000000,252489728.000000,240041984.000000,1623810048.000000,0.000000,0.000000,0.000700,0.000000,0.000000,0.000000,0.010200,0.000000,0.011200,0.000000,0.000000,0.000000,0.003800,0.001500,0.002200,0.006300,0.000000
2563,9.843259,3.367503,3.359000,3.210400,1176.000000,934287748.000000,1424890704.000000,252489728.000000,240041984.000000,1623810048.000000,0.000000,0.000000,0.000700,0.000000,0.000000,0.000000,0.012500,0.000000,0.014600,0.000000,0.000000,0.000000,0.005100,0.002300,0.003200,0.008200,0.000000
2564,9.846506,3.288804,3.300800,3.155000,1176.000000,934287772.000000,1424890704.000000,252489728.000000,240041984.000000,1623810048.000000,0.000000,0.000000,0.000800,0.000000,0.000000,0.000000,0.012600,0.000000,0.014700,0.000000,0.000000,0.000000,0.005100,0.002500,0.003500,0.009000,0.000000
2565,9.852201,5.673895,5.663300,5.525900,1176.000000,934288684.000000,1424890704.000000,252489728.000000,240041984.000000,1623810048.000000,0.000000,0.000000,2.682900,0.049600,0.020000,2.539700,0.011400,0.031600,0.011600,0.000600,0.000300,0.000500,0.004800,0.002600,0.002400,0.008000,0.000000
2566,9.855535,3.308999,3.305900,3.163800,1176.000000,934291972.000000,1424890704.000000,252489728.000000,240046080.000000,1623810048.000000,0.000000,0.000000,0.000700,0.000000,0.000000,0.000000,0.011600,0.000000,0.029500,0.000000,0.000000,0.000000,0.005200,0.001700,0.003000,0.004700,0.000000
2567,9.858755,3.242800,3.237700,3.096800,1176.000000,934296076.000000,1424890704.000000,252489728.000000,240050176.000000,1623810048.000000,0.000000,0.000000,0.000700,0.000000,0.000000,0.000000,0.011400,0.000000,0.012200,0.000000,0.000000,0.000000,0.004900,0.001700,0.002900,0.007100,0.000000
2568,9.861948,3.223802,3.236600,3.097600,1176.000000,934296524.000000,1424890704.000000,252489728.000000,240050176.000000,1623810048.000000,0.000000,0.000000,0.000800,0.000000,0.000000,0.000000,0.012100,0.000000,0.013500,0.000000,0.000000,0.000000,0.004600,0.002000,0.002600,0.007300,0.000000
2569,9.867155,5.195699,5.184900,5.058800,1176.000000,934295700.000000,1424890704.000000,252489728.000000,240050176.000000,1623810048.000000,0.000000,0.000000,2.177700,0.047300,0.020200,2.045800,0.010500,0.023700,0.011800,0.000800,0.000200,0.000500,0.004700,0.002600,0.002600,0.007700,0.000000
2570,9.870590,3.418304,3.381100,3.245200,1176.000000,934295724.000000,1424890704.000000,252489728.000000,240050176.000000,1623810048.000000,0.000000,0.000000,0.000700,0.000000,0.000000,0.000000,0.011200,0.000000,0.011900,0.000000,0.000000,0.000000,0.004500,0.001400,0.002400,0.006100,0.000000
2571,9.873653,3.041001,3.067600,2.899000,1176.000000,934299844.000000,1424890704.000000,252489728.000000,240054272.000000,1623810048.000000,0.000000,0.000000,0.000700,0.000000,0.000000,0.000000,0.011800,0.000000,0.012600,0.000000,0.000000,0.000000,0.004500,0.001800,0.002700,0.008000,0.000000
2572,9.876640,3.023696,3.039200,2.905500,1176.000000,934314228.000000,1424890704.000000,252489728.000000,240054272.000000,1623810048.000000,0.000000,0.000000,0.000900,0.000000,0.000000,0.000000,0.012200,0.000000,0.014300,0.000000,0.000000,0.000000,0.004800,0.002300,0.003200,0.008200,0.000000
2573,9.880180,3.447399,3.369300,3.233200,1176.000000,934302132.000000,1424890704.000000,252489728.000000,240054272.000000,1623810048.000000,0.000000,0.000000,0.000600,0.000000,0.000000,0.000000,0.024400,0.000000,0.012800,0.000000,0.000000,0.000000,0.004200,0.001600,0.002600,0.006500,0.000000
2574,9.885868,5.770599,5.815100,5.628000,1176.000000,934299940.000000,1424890704.000000,252489728.000000,240054272.000000,1623810048.000000,0.000000,0.000000,2.222500,0.059000,0.021300,2.079200,0.036700,0.019800,0.012100,0.000700,0.000400,0.000500,0.005600,0.002700,0.003400,0.016000,0.000000
2575,9.889062,3.187805,3.185700,3.039300,1176.000000,934299980.000000,1424890704.000000,252489728.000000,240054272.000000,1623810048.000000,0.000000,0.000000,0.000600,0.000000,0.000000,0.000000,0.012000,0.000000,0.012800,0.000000,0.000000,0.000000,0.004400,0.002000,0.002800,0.007600,0.000000
2576,9.892135,3.105598,3.121100,2.982200,1176.000000,934300428.000000,1424890704.000000,252489728.000000,240054272.000000,1623810048.000000,0.000000,0.000000,0.000800,0.000000,0.000000,0.000000,0.012500,0.000000,0.012100,0.000000,0.000000,0.000000,0.004900,0.002100,0.003400,0.008800,0.000000
2577,9.895580,3.399596,3.381300,3.253600,1176.000000,934304212.000000,1424890704.000000,252489728.000000,240058368.000000,1623810048.000000,0.000000,0.000000,0.000600,0.000000,0.000000,0.000000,0.010900,0.000000,0.011900,0.000000,0.000000,0.000000,0.003900,0.001900,0.002500,0.006900,0.000000
2578,9.900987,5.423200,5.412200,5.273100,1176.000000,934303812.000000,1424890704.000000,252489728.000000,240058368.000000,1623810048.000000,0.000000,0.000000,2.128600,0.047900,0.020300,1.998600,0.012100,0.021200,0.011600,0.000600,0.000200,0.000500,0.005100,0.002300,0.002900,0.007600,0.000000
2579,9.904403,3.279301,3.281900,3.132900,1176.000000,934303836.000000,1424890704.000000,252489728.000000,240058368.000000,1623810048.000000,0.000000,0.000000,0.000600,0.000000,0.000000,0.000000,0.012400,0.000000,0.012200,0.000000,0.000000,0.000000,0.005000,0.001900,0.003000,0.007900,0.000000
2580,9.907474,3.108305,3.124100,2.938100,1176.000000,934308380.000000,1424890704.000000,252489728.000000,240062464.000000,1623810048.000000,0.000000,0.000000,0.000700,0.000000,0.000000,0.000000,0.012700,0.000000,0.014900,0.000000,0.000000,0.000000,0.006300,0.002200,0.003500,0.008800,0.000000
2581,9.910671,3.304195,3.248300,3.126600,1176.000000,934308828.000000,1424890704.000000,252489728.000000,240062464.000000,1623810048.000000,0.000000,0.000000,0.000700,0.000000,0.000000,0.000000,0.010300,0.000000,0.012200,0.000000,0.000000,0.000000,0.005300,0.002300,0.002700,0.007000,0.000000
2582,9.915939,5.235105,5.260800,5.094200,1228.000000,934308020.000000,1424890704.000000,252489728.000000,240062464.000000,1623810048.000000,0.000000,0.000000,2.057400,0.048000,0.019600,1.929200,0.016600,0.022000,0.011200,0.000500,0.000200,0.000600,0.004500,0.002400,0.002700,0.006700,0.000000
2583,9.918970,3.070996,3.063600,2.908000,1176.000000,934312124.000000,1424890704.000000,252489728.000000,240066560.000000,1623810048.000000,0.000000,0.000000,0.000700,0.000000,0.000000,0.000000,0.013500,0.000000,0.011300,0.000000,0.000000,0.000000,0.004700,0.001700,0.003200,0.006900,0.000000
2584,9.921951,3.018098,3.030500,2.889000,1176.000000,934312572.000000,1424890704.000000,252489728.000000,240066560.000000,1623810048.000000,0.000000,0.000000,0.000600,0.000000,0.000000,0.000000,0.011500,0.000000,0.012200,0.000000,0.000000,0.000000,0.004000,0.001800,0.003100,0.006300,0.000000
2585,9.925224,3.233404,3.230200,3.096100,1176.000000,934312596.000000,1424890704.000000,252489728.000000,240066560.000000,1623810048.000000,0.000000,0.000000,0.000600,0.000000,0.000000,0.000000,0.009600,0.000000,0.013100,0.000000,0.000000,0.000000,0.003900,0.001500,0.002400,0.006500,0.000000
2586,9.928260,3.025702,3.018400,2.885500,1176.000000,934312196.000000,1424890704.000000,252489728.000000,240066560.000000,1623810048.000000,0.000000,0.000000,0.000900,0.000000,0.000000,0.000000,0.011400,0.000000,0.013200,0.000000,0.000000,0.000000,0.004200,0.001800,0.002700,0.007800,0.000000
2587,9.934137,5.850297,5.839800,5.699200,1176.000000,934312644.000000,1424890704.000000,252489728.000000,240066560.000000,1623810048.000000,0.000000,0.000000,2.689200,0.051600,0.195400,2.372700,0.011600,0.026900,0.011600,0.000600,0.000400,0.000800,0.005200,0.002600,0.003000,0.007600,0.000000
2588,9.937158,3.084503,3.104200,2.963700,1176.000000,934331260.000000,1424890704.000000,252489728.000000,240070656.000000,1623810048.000000,0.000000,0.000000,0.000700,0.000000,0.000000,0.000000,0.012400,0.000000,0.012900,0.000000,0.000000,0.000000,0.005400,0.001900,0.003000,0.006500,0.000000
2589,9.940605,3.407894,3.383300,3.259300,1176.000000,934319164.000000,1424890704.000000,252489728.000000,240070656.000000,1623810048.000000,0.000000,0.000000,0.000600,0.000000,0.000000,0.000000,0.010300,0.000000,0.012900,0.000000,0.000000,0.000000,0.004200,0.001700,0.002700,0.006900,0.000000
2590,9.943603,2.997704,2.997400,2.849000,1176.000000,934316548.000000,1424890704.000000,252489728.000000,240070656.000000,1623810048.000000,0.000000,0.000000,0.000900,0.000000,0.000000,0.000000,0.011300,0.000000,0.012300,0.000000,0.000000,0.000000,0.004800,0.001900,0.003000,0.007100,0.000000
2591,9.948968,5.351197,5.341200,5.198400,1176.000000,934316164.000000,1424890704.000000,252489728.000000,240070656.000000,1623810048.000000,0.000000,0.000000,2.111500,0.046200,0.022300,1.970700,0.012200,0.030900,0.011400,0.000600,0.000200,0.000700,0.004500,0.002500,0.003000,0.007700,0.000000
2592,9.951833,2.909198,2.922900,2.781800,1176.000000,934316612.000000,1424890704.000000,252489728.000000,240070656.000000,1623810048.000000,0.000000,0.000000,0.000500,0.000000,0.000000,0.000000,0.013400,0.000000,0.012600,0.000000,0.000000,0.000000,0.005300,0.001800,0.003200,0.007300,0.000000
2593,9.955133,3.237606,3.211400,3.076100,1176.000000,934320308.000000,1424890704.000000,252489728.000000,240074752.000000,1623810048.000000,0.000000,0.000000,0.000700,0.000000,0.000000,0.000000,0.011000,0.000000,0.011300,0.000000,0.000000,0.000000,0.004100,0.001700,0.002500,0.006600,0.000000
2594,9.958322,3.186898,3.180800,3.029200,1176.000000,934324428.000000,1424890704.000000,252489728.000000,240078848.000000,1623810048.000000,0.000000,0.000000,0.000600,0.000000,0.000000,0.000000,0.013500,0.000000,0.012000,0.000000,0.000000,0.000000,0.004000,0.002000,0.002700,0.007200,0.000000
2595,9.961837,3.484198,3.457700,3.294000,1176.000000,934324452.000000,1424890704.000000,252489728.000000,240078848.000000,1623810048.000000,0.000000,0.000000,0.000600,0.000000,0.000000,0.000000,0.012500,0.000000,0.013200,0.000000,0.000000,0.000000,0.006000,0.002000,0.003200,0.008000,0.000000
2596,9.968004,6.194104,6.203500,6.024600,1176.000000,934325324.000000,1424890704.000000,252489728.000000,240078848.000000,1623810048.000000,0.000000,0.000000,2.990000,0.059000,0.025500,2.806700,0.016300,0.043400,0.013200,0.000600,0.000300,0.000800,0.006100,0.002500,0.003100,0.010600,0.000000
2597,9.971458,3.487096,3.504000,3.342500,1176.000000,934325772.000000,1424890704.000000,252489728.000000,240078848.000000,1623810048.000000,0.000000,0.000000,0.001300,0.000000,0.000000,0.000000,0.014400,0.000000,0.012900,0.000000,0.000000,0.000000,0.006000,0.002100,0.003700,0.007300,0.000000
2598,9.974819,3.311104,3.277900,3.132600,1176.000000,934324964.000000,1424890704.000000,252489728.000000,240078848.000000,1623810048.000000,0.000000,0.000000,0.000700,0.000000,0.000000,0.000000,0.011700,0.000000,0.012500,0.000000,0.000000,0.000000,0.004700,0.002100,0.002900,0.007000,0.000000
2599,9.977636,2.899497,2.939500,2.777800,1176.000000,934329068.000000,1424890704.000000,252489728.000000,240082944.000000,1623810048.000000,0.000000,0.000000,0.000700,0.000000,0.000000,0.000000,0.018300,0.000000,0.013700,0.000000,0.000000,0.000000,0.006000,0.002200,0.003200,0.008700,0.000000
2600,9.982933,5.274199,5.249900,5.115900,1176.000000,934329092.000000,1424890704.000000,252489728.000000,240082944.000000,1623810048.000000,0.000000,0.000000,2.178400,0.100400,0.020900,1.982600,0.010100,0.032900,0.012100,0.000600,0.000300,0.000700,0.004200,0.002500,0.002800,0.008100,0.000000
2601,9.985996,3.077501,3.091100,2.944600,1176.000000,934328692.000000,1424890704.000000,252489728.000000,240082944.000000,1623810048.000000,0.000000,0.000000,0.000600,0.000000,0.000000,0.000000,0.012000,0.000000,0.024200,0.000000,0.000000,0.000000,0.004700,0.001800,0.002100,0.007100,0.000000
2602,9.989034,3.025397,3.019200,2.887000,1176.000000,934328716.000000,1424890704.000000,252489728.000000,240082944.000000,1623810048.000000,0.000000,0.000000,0.000700,0.000000,0.000000,0.000000,0.010900,0.000000,0.012000,0.000000,0.000000,0.000000,0.004700,0.001700,0.002500,0.005300,0.000000
2603,9.991769,2.784304,2.804800,2.677000,1176.000000,934328740.000000,1424890704.000000,252489728.000000,240082944.000000,1623810048.000000,0.000000,0.000000,0.000800,0.000000,0.000000,0.000000,0.012700,0.000000,0.012500,0.000000,0.000000,0.000000,0.004600,0.001700,0.003100,0.007400,0.000000
2604,9.995285,3.311402,3.241400,3.117600,1176.000000,934343124.000000,1424890704.000000,252489728.000000,240082944.000000,1623810048.000000,0.000000,0.000000,0.000700,0.000000,0.000000,0.000000,0.009600,0.000000,0.012200,0.000000,0.000000,0.000000,0.003800,0.001400,0.002100,0.006100,0.000000
2605,10.000926,5.779698,5.806700,5.628500,1176.000000,934339220.000000,1424890704.000000,252489728.000000,240091136.000000,1623810048.000000,0.000000,0.000000,2.233200,0.070900,0.028300,2.050900,0.015100,0.024400,0.013100,0.000700,0.000400,0.000900,0.007300,0.002400,0.003800,0.006700,0.000000
