frame,elapsed_seconds,delta_time_ms,main_thread_ms,player_loop_ms,gc_allocated_in_frame_bytes,total_used_memory_bytes,total_reserved_memory_bytes,gc_reserved_memory_bytes,gc_used_memory_bytes,system_used_memory_bytes,render_thread_ms,draw_calls_count,fixed_step_ms,belt_transfer_ms,belt_progress_ms,transfer_command_buffer_ms,item_pool_initialization_ms,item_visual_capture_ms,item_transform_presentation_ms,item_process_ms,item_port_adapter_ms,item_port_buffer_swap_ms,grid_placement_transform_ms,grid_build_ms,grid_occupancy_index_ms,belt_topology_visual_ms,wait_for_job_group_ms
0,0.023005,12.202898,12.119500,7.309900,61765.000000,1286546031.000000,1798454584.000000,286048256.000000,265379840.000000,1992970240.000000,0.817400,69.000000,3.751200,0.434500,0.079400,2.114000,0.011800,0.080600,0.011200,0.001900,0.001300,0.002500,0.005300,0.001800,0.003400,0.151200,0.000000
1,0.030286,7.304202,7.393200,3.601600,19001.000000,1286633779.000000,1798536504.000000,286048256.000000,265383936.000000,1992978432.000000,0.922100,69.000000,0.000500,0.000000,0.000000,0.000000,0.012900,0.000000,0.020000,0.000000,0.000000,0.000000,0.007000,0.001600,0.002600,0.007100,0.000000
2,0.038220,7.915299,7.905500,4.125600,19001.000000,1286556505.000000,1798454584.000000,286048256.000000,265388032.000000,1992978432.000000,0.913300,69.000000,0.699200,0.071700,0.014100,0.561600,0.011000,0.019000,0.011900,0.000400,0.000300,0.000700,0.005600,0.002200,0.003300,0.130400,0.000000
3,0.044962,6.780102,6.809700,3.281000,19001.000000,1286643111.000000,1798536504.000000,286048256.000000,265392128.000000,1992978432.000000,0.377100,69.000000,0.000500,0.000000,0.000000,0.000000,0.012600,0.000000,0.020500,0.000000,0.000000,0.000000,0.005900,0.135000,0.003500,0.010200,0.000000
4,0.051921,6.941298,6.897500,3.674300,19001.000000,1286650719.000000,1798536504.000000,286048256.000000,265400320.000000,1992978432.000000,0.818600,69.000000,0.554600,0.082900,0.014300,0.411200,0.010000,0.019600,0.015900,0.000400,0.000300,0.000600,0.005600,0.005400,0.003400,0.005700,0.000000
5,0.058885,6.978302,6.991800,3.207500,19001.000000,1286669631.000000,1798536504.000000,286048256.000000,265404416.000000,1992978432.000000,0.751400,69.000000,0.000500,0.000000,0.000000,0.000000,0.011100,0.000000,0.028500,0.000000,0.000000,0.000000,0.005700,0.005000,0.002900,0.006400,0.000000
6,0.065122,6.253401,6.194800,2.791900,19001.000000,1286660607.000000,1798536504.000000,286048256.000000,265408512.000000,1992978432.000000,0.755100,69.000000,0.000800,0.000000,0.000000,0.000000,0.011500,0.000000,0.010100,0.000000,0.000000,0.000000,0.005300,0.002100,0.003800,0.007600,0.000000
7,0.071944,6.790894,6.841900,3.541300,19001.000000,1286665523.000000,1798536504.000000,286048256.000000,265412608.000000,1992978432.000000,0.808600,69.000000,0.677600,0.072200,0.014300,0.536900,0.010500,0.024100,0.011100,0.000500,0.000300,0.000700,0.004700,0.001900,0.003300,0.006000,0.000000
8,0.078980,7.054301,6.934300,2.951800,19001.000000,1286603661.000000,1798470968.000000,286048256.000000,265416704.000000,1992978432.000000,0.729600,69.000000,0.000600,0.000000,0.000000,0.000000,0.010900,0.000000,0.016300,0.000000,0.000000,0.000000,0.005400,0.113200,0.003200,0.005400,0.000000
9,0.085852,6.874299,6.969500,3.669800,19137.000000,1286681951.000000,1798536504.000000,286048256.000000,265424896.000000,1992978432.000000,0.759700,69.000000,0.644700,0.078600,0.015900,0.501700,0.011300,0.020600,0.020400,0.000500,0.000300,0.000500,0.005100,0.004300,0.003500,0.005900,0.000000
10,0.091499,5.628600,5.585200,2.537300,19001.000000,1286686431.000000,1798536504.000000,286048256.000000,265428992.000000,1992978432.000000,0.811800,69.000000,0.000800,0.000000,0.000000,0.000000,0.012100,0.000000,0.008500,0.000000,0.000000,0.000000,0.005600,0.001900,0.003200,0.007100,0.000000
11,0.097140,5.657405,5.694700,2.727400,19001.000000,1286774367.000000,1798618424.000000,286048256.000000,265433088.000000,1992982528.000000,0.731300,69.000000,0.000900,0.000000,0.000000,0.000000,0.010200,0.000000,0.008600,0.000000,0.000000,0.000000,0.004900,0.002100,0.003000,0.006800,0.000000
12,0.103367,6.214101,6.154500,3.084800,19001.000000,1286696471.000000,1798536504.000000,286048256.000000,265437184.000000,1992982528.000000,1.010400,69.000000,0.501600,0.032000,0.016300,0.407100,0.010300,0.014300,0.009600,0.000400,0.000300,0.000500,0.004700,0.001900,0.003400,0.005900,0.000000
13,0.109347,5.996195,6.015800,2.462400,19001.000000,1286704615.000000,1798536504.000000,286048256.000000,265445376.000000,1992982528.000000,0.729700,69.000000,0.000500,0.000000,0.000000,0.000000,0.012600,0.000000,0.012000,0.000000,0.000000,0.000000,0.005400,0.002000,0.003200,0.007300,0.000000
14,0.115280,5.920805,5.870600,2.449700,19001.000000,1286646449.000000,1798470968.000000,286048256.000000,265449472.000000,1992982528.000000,0.772000,69.000000,0.000600,0.000000,0.000000,0.000000,0.010400,0.000000,0.018300,0.000000,0.000000,0.000000,0.005300,0.002000,0.003600,0.007200,0.000000
15,0.120942,5.677593,5.725100,2.676700,19001.000000,1286714243.000000,1798536504.000000,286048256.000000,265453568.000000,1992982528.000000,0.738900,69.000000,0.572400,0.085900,0.014200,0.422300,0.010700,0.021300,0.009200,0.000400,0.000300,0.000700,0.005100,0.001800,0.003300,0.006200,0.000000
16,0.125840,4.889406,4.843700,2.091800,19001.000000,1286721019.000000,1798536504.000000,286048256.000000,265457664.000000,1992982528.000000,1.043000,69.000000,0.000600,0.000000,0.000000,0.000000,0.011600,0.000000,0.009100,0.000000,0.000000,0.000000,0.005500,0.002100,0.003300,0.006600,0.000000
17,0.130977,5.117496,5.131600,2.178500,19001.000000,1286730043.000000,1798536504.000000,286048256.000000,265465856.000000,1992982528.000000,0.744600,69.000000,0.000600,0.000000,0.000000,0.000000,0.012800,0.000000,0.009100,0.000000,0.000000,0.000000,0.005300,0.001900,0.003400,0.006600,0.000000
18,0.136706,5.744203,5.705600,2.846600,19001.000000,1286740735.000000,1798536504.000000,286048256.000000,265474048.000000,1992986624.000000,0.798500,69.000000,0.457800,0.030200,0.014800,0.365200,0.011300,0.014700,0.009000,0.000500,0.000300,0.000400,0.005000,0.002000,0.003100,0.005100,0.000000
19,0.141830,5.141001,5.182000,2.280300,19001.000000,1286827075.000000,1798618424.000000,286048256.000000,265478144.000000,1992986624.000000,1.005700,69.000000,0.000800,0.000000,0.000000,0.000000,0.011500,0.000000,0.011200,0.000000,0.000000,0.000000,0.005500,0.002400,0.003700,0.007200,0.000000
20,0.147392,5.535601,5.450500,2.418600,19001.000000,1286748319.000000,1798536504.000000,286048256.000000,265482240.000000,1992986624.000000,0.742700,69.000000,0.000500,0.000000,0.000000,0.000000,0.010000,0.000000,0.011200,0.000000,0.000000,0.000000,0.004900,0.002200,0.003200,0.005400,0.000000
21,0.154333,6.931796,6.983300,3.238400,19001.000000,1286767795.000000,1798536504.000000,286048256.000000,265486336.000000,1992986624.000000,1.064800,69.000000,0.531600,0.035800,0.017600,0.410000,0.011600,0.026800,0.015800,0.000500,0.000300,0.000700,0.006800,0.069400,0.003300,0.007100,0.000000
22,0.160277,5.971202,5.936000,2.557600,19001.000000,1286766915.000000,1798536504.000000,286048256.000000,265498624.000000,1992986624.000000,0.746300,69.000000,0.000700,0.000000,0.000000,0.000000,0.012600,0.000000,0.015700,0.000000,0.000000,0.000000,0.005600,0.017000,0.003100,0.007500,0.000000
23,0.166677,6.406498,6.406600,3.163500,19001.000000,1286772415.000000,1798536504.000000,286048256.000000,265502720.000000,1992986624.000000,0.750600,69.000000,0.500300,0.058500,0.015500,0.367500,0.010600,0.021700,0.017100,0.000400,0.000300,0.000600,0.005400,0.003500,0.003700,0.005700,0.000000
24,0.172496,5.778500,5.742600,2.569400,19001.000000,1286776359.000000,1798536504.000000,286048256.000000,265506816.000000,1992986624.000000,0.723200,69.000000,0.000700,0.000000,0.000000,0.000000,0.011500,0.000000,0.020400,0.000000,0.000000,0.000000,0.004800,0.002100,0.003100,0.007000,0.000000
25,0.178386,5.919799,5.942700,2.523400,19001.000000,1286784271.000000,1798536504.000000,286048256.000000,265510912.000000,1992986624.000000,1.001900,69.000000,0.000600,0.000000,0.000000,0.000000,0.010600,0.000000,0.021400,0.000000,0.000000,0.000000,0.006400,0.001900,0.003400,0.006900,0.000000
26,0.184291,5.903104,5.873300,2.713400,19001.000000,1286874747.000000,1798618424.000000,286048256.000000,265515008.000000,1992986624.000000,0.794100,69.000000,0.550900,0.071200,0.018200,0.372000,0.012500,0.048100,0.008800,0.000600,0.000300,0.002000,0.005900,0.002200,0.003500,0.007000,0.000000
27,0.190211,5.898796,5.914500,2.200200,19001.000000,1286801623.000000,1798536504.000000,286048256.000000,265523200.000000,1992986624.000000,0.786400,69.000000,0.000700,0.000000,0.000000,0.000000,0.012000,0.000000,0.010700,0.000000,0.000000,0.000000,0.005300,0.002000,0.003400,0.007000,0.000000
28,0.196149,5.962103,5.930600,2.607600,19001.000000,1286810247.000000,1798536504.000000,286048256.000000,265531392.000000,1992986624.000000,0.751800,69.000000,0.114900,0.000000,0.000000,0.000000,0.011800,0.000000,0.010800,0.000000,0.000000,0.000000,0.005200,0.001900,0.003700,0.007700,0.000000
29,0.202874,6.715299,6.730300,3.189300,19001.000000,1286809755.000000,1798536504.000000,286048256.000000,265535488.000000,1992986624.000000,0.875000,69.000000,0.611000,0.030700,0.015600,0.516400,0.010400,0.015700,0.009400,0.000400,0.000300,0.000700,0.004900,0.002300,0.003600,0.005200,0.000000
30,0.209017,6.143601,6.090300,2.578900,19001.000000,1286816891.000000,1798536504.000000,286048256.000000,265539584.000000,1992986624.000000,0.805400,69.000000,0.000500,0.000000,0.000000,0.000000,0.012700,0.000000,0.012900,0.000000,0.000000,0.000000,0.005200,0.002000,0.003400,0.007300,0.000000
31,0.215250,6.220500,6.253600,2.694100,19001.000000,1286823123.000000,1798536504.000000,286048256.000000,265547776.000000,1992986624.000000,0.808600,69.000000,0.000600,0.000000,0.000000,0.000000,0.011700,0.000000,0.019000,0.000000,0.000000,0.000000,0.005100,0.002100,0.003400,0.006500,0.000000
32,0.221130,5.916596,5.879100,2.829400,19053.000000,1286912331.000000,1798618424.000000,286048256.000000,265551872.000000,1992986624.000000,0.766300,69.000000,0.571800,0.070800,0.014600,0.435500,0.010700,0.022100,0.011200,0.000400,0.000200,0.000800,0.005300,0.002300,0.003400,0.006100,0.000000
33,0.226414,5.269905,5.304400,2.167800,19001.000000,1286920579.000000,1798618424.000000,286048256.000000,265560064.000000,1992986624.000000,0.973100,69.000000,0.000500,0.000000,0.000000,0.000000,0.010900,0.000000,0.011500,0.000000,0.000000,0.000000,0.004600,0.001800,0.003100,0.005900,0.000000
34,0.233178,6.740001,6.436800,2.946600,19001.000000,1286844543.000000,1798536504.000000,286048256.000000,265564160.000000,1992986624.000000,1.035000,69.000000,0.539700,0.031100,0.016200,0.428500,0.010800,0.025700,0.009300,0.000500,0.000300,0.000700,0.004700,0.001900,0.003300,0.006500,0.000000
35,0.238694,5.535296,5.722900,2.085100,19137.000000,1286856983.000000,1798536504.000000,286048256.000000,265576448.000000,1992986624.000000,0.899800,68.000000,0.000700,0.000000,0.000000,0.000000,0.012900,0.000000,0.010400,0.000000,0.000000,0.000000,0.005700,0.002000,0.003300,0.007700,0.000000
36,0.244415,5.721903,5.670500,2.261700,19001.000000,1286859871.000000,1798536504.000000,286048256.000000,265580544.000000,1992986624.000000,0.761300,69.000000,0.000700,0.000000,0.000000,0.000000,0.011200,0.000000,0.300300,0.000000,0.000000,0.000000,0.005500,0.002100,0.003200,0.007200,0.000000
37,0.250189,5.751396,5.786000,2.728400,19001.000000,1286885875.000000,1798536504.000000,286048256.000000,265588736.000000,1992986624.000000,0.769900,69.000000,0.553200,0.063800,0.016300,0.416000,0.010600,0.026000,0.011000,0.000600,0.000200,0.000600,0.005100,0.002200,0.003300,0.006200,0.000000
38,0.256087,5.924001,5.873500,2.531400,19001.000000,1286876955.000000,1798536504.000000,286048256.000000,265592832.000000,1992986624.000000,0.736800,69.000000,0.000800,0.000000,0.000000,0.000000,0.011400,0.000000,0.011100,0.000000,0.000000,0.000000,0.005500,0.002100,0.003400,0.006900,0.000000
39,0.261559,5.479202,5.519000,2.155500,19001.000000,1286971465.000000,1798602040.000000,286048256.000000,265605120.000000,1992990720.000000,0.747000,69.000000,0.000800,0.000000,0.000000,0.000000,0.010400,0.000000,0.009500,0.000000,0.000000,0.000000,0.005600,0.001800,0.003500,0.007000,0.000000
40,0.267447,5.868998,5.803900,2.605500,19001.000000,1286902551.000000,1798536504.000000,286048256.000000,265617408.000000,1992990720.000000,0.764000,69.000000,0.498800,0.031100,0.015300,0.398300,0.010400,0.019700,0.009700,0.000500,0.000300,0.000600,0.004700,0.001800,0.003100,0.006100,0.000000
41,0.272816,5.360197,5.374800,2.474300,19001.000000,1286992171.000000,1798618424.000000,286048256.000000,265621504.000000,1992990720.000000,1.073000,69.000000,0.000600,0.000000,0.000000,0.000000,0.012600,0.000000,0.009300,0.000000,0.000000,0.000000,0.006100,0.002200,0.003400,0.008500,0.000000
42,0.277820,5.023405,4.997700,2.131600,19001.000000,1287001099.000000,1798618424.000000,286048256.000000,265629696.000000,1992990720.000000,0.794200,69.000000,0.000500,0.000000,0.000000,0.000000,0.011500,0.000000,0.012100,0.000000,0.000000,0.000000,0.005600,0.002000,0.003300,0.006900,0.000000
43,0.283436,5.616794,5.648900,2.574700,19001.000000,1286923403.000000,1798536504.000000,286048256.000000,265633792.000000,1992990720.000000,0.737100,69.000000,0.483300,0.036500,0.016300,0.385900,0.009900,0.014700,0.011400,0.000400,0.000300,0.000400,0.004600,0.002100,0.003100,0.005400,0.000000
44,0.288899,5.458900,5.420700,2.184600,19001.000000,1287022103.000000,1798618424.000000,286048256.000000,265650176.000000,1992990720.000000,0.737100,69.000000,0.000600,0.000000,0.000000,0.000000,0.012400,0.000000,0.010900,0.000000,0.000000,0.000000,0.005300,0.002200,0.003300,0.007400,0.000000
45,0.294263,5.355903,5.389300,2.287100,19001.000000,1287026047.000000,1798618424.000000,286048256.000000,265654272.000000,1992990720.000000,0.745700,69.000000,0.000600,0.000000,0.000000,0.000000,0.011500,0.000000,0.011000,0.000000,0.000000,0.000000,0.005100,0.002200,0.003600,0.006500,0.000000
46,0.300231,5.938102,5.877400,2.712700,19001.000000,1286955391.000000,1798536504.000000,286048256.000000,265662464.000000,1992990720.000000,0.714500,69.000000,0.551600,0.064100,0.030600,0.371500,0.010100,0.045400,0.009600,0.000700,0.000300,0.000700,0.004800,0.002400,0.003200,0.005700,0.000000
47,0.305588,5.397895,5.436800,2.349400,19001.000000,1287039547.000000,1798618424.000000,286048256.000000,265666560.000000,1992990720.000000,0.812700,69.000000,0.000600,0.000000,0.000000,0.000000,0.017600,0.000000,0.011100,0.000000,0.000000,0.000000,0.005200,0.002100,0.003600,0.006900,0.000000
48,0.311361,5.758404,5.705800,2.359700,19001.000000,1286968271.000000,1798536504.000000,286048256.000000,265674752.000000,1992990720.000000,0.707800,68.000000,0.000900,0.000000,0.000000,0.000000,0.010100,0.000000,0.010900,0.000000,0.000000,0.000000,0.005100,0.002000,0.003400,0.006200,0.000000
49,0.317399,6.027395,6.034800,2.824000,19001.000000,1286977311.000000,1798536504.000000,286048256.000000,265682944.000000,1992990720.000000,0.960500,69.000000,0.578300,0.029400,0.014900,0.481000,0.010100,0.019600,0.009800,0.000400,0.000300,0.000500,0.005600,0.001900,0.003900,0.006000,0.000000
50,0.322830,5.445500,5.381400,2.307100,19001.000000,1287073179.000000,1798618424.000000,286048256.000000,265695232.000000,1992994816.000000,0.821800,69.000000,0.000500,0.000000,0.000000,0.000000,0.013200,0.000000,0.011600,0.000000,0.000000,0.000000,0.006200,0.002400,0.003500,0.007000,0.000000
51,0.327896,5.082001,5.151300,2.140000,19001.000000,1287077211.000000,1798618424.000000,286048256.000000,265699328.000000,1992994816.000000,0.836700,69.000000,0.000900,0.000000,0.000000,0.000000,0.011600,0.000000,0.011900,0.000000,0.000000,0.000000,0.005100,0.001900,0.003500,0.006900,0.000000
52,0.334608,6.673101,6.598300,3.205900,19001.000000,1287002939.000000,1798536504.000000,286048256.000000,265707520.000000,1992994816.000000,0.782700,69.000000,0.642900,0.039600,0.017400,0.529300,0.010600,0.022000,0.012300,0.000600,0.000400,0.000800,0.004700,0.002000,0.003200,0.006400,0.000000
53,0.340387,5.809701,5.865700,2.489100,19001.000000,1287033275.000000,1798536504.000000,286048256.000000,265719808.000000,1992994816.000000,0.806800,69.000000,0.000700,0.000000,0.000000,0.000000,0.012900,0.000000,0.019800,0.000000,0.000000,0.000000,0.005700,0.002300,0.003800,0.007500,0.000000
54,0.346044,5.672499,5.635600,2.449700,19001.000000,1287106199.000000,1798618424.000000,286048256.000000,265723904.000000,1992994816.000000,0.755000,69.000000,0.000600,0.000000,0.000000,0.000000,0.011200,0.000000,0.221100,0.000000,0.000000,0.000000,0.005000,0.002300,0.003500,0.007200,0.000000
55,0.352204,6.123505,6.149200,2.985500,19001.000000,1287119803.000000,1798618424.000000,286048256.000000,265736192.000000,1992994816.000000,0.971400,69.000000,0.481900,0.036400,0.016800,0.378100,0.009700,0.015700,0.012100,0.000400,0.000300,0.000500,0.004200,0.002400,0.003200,0.005200,0.000000
56,0.357923,5.723399,5.658800,2.411900,19001.000000,1287123803.000000,1798618424.000000,286048256.000000,265740288.000000,1992994816.000000,0.876000,69.000000,0.000500,0.000000,0.000000,0.000000,0.011600,0.000000,0.025600,0.000000,0.000000,0.000000,0.004600,0.002300,0.003400,0.006200,0.000000
57,0.363928,6.006895,6.030800,2.589200,19001.000000,1287135387.000000,1798618424.000000,286048256.000000,265748480.000000,1992994816.000000,0.740300,69.000000,0.000600,0.000000,0.000000,0.000000,0.013700,0.000000,0.015600,0.000000,0.000000,0.000000,0.005000,0.002300,0.003100,0.007000,0.000000
58,0.370286,6.347803,6.300600,2.964100,19001.000000,1287061487.000000,1798536504.000000,286048256.000000,265756672.000000,1992994816.000000,0.807400,68.000000,0.505800,0.036700,0.018000,0.401400,0.012300,0.017200,0.019300,0.000500,0.000200,0.000400,0.005800,0.002400,0.003200,0.006000,0.000000
59,0.375595,5.348803,5.377900,2.315700,19001.000000,1287152571.000000,1798618424.000000,286048256.000000,265764864.000000,1992994816.000000,0.773400,69.000000,0.000700,0.000000,0.000000,0.000000,0.012100,0.000000,0.010400,0.000000,0.000000,0.000000,0.005200,0.002000,0.003400,0.008100,0.000000
60,0.381191,5.569601,5.523300,2.224900,19001.000000,1287074871.000000,1798536504.000000,286048256.000000,265768960.000000,1992994816.000000,0.791000,69.000000,0.000700,0.000000,0.000000,0.000000,0.010900,0.000000,0.010700,0.000000,0.000000,0.000000,0.004900,0.001800,0.003000,0.006600,0.000000
61,0.387255,6.065200,6.023800,2.857000,19001.000000,1287169519.000000,1798618424.000000,286048256.000000,265781248.000000,1992994816.000000,0.855500,69.000000,0.561700,0.036700,0.016500,0.457500,0.011500,0.016100,0.010100,0.000500,0.000300,0.000500,0.005800,0.002100,0.003500,0.005300,0.000000
62,0.393047,5.766199,5.780500,2.359600,19137.000000,1287098771.000000,1798536504.000000,286048256.000000,265789440.000000,1992994816.000000,0.806000,69.000000,0.000700,0.000000,0.000000,0.000000,0.014200,0.000000,0.011200,0.000000,0.000000,0.000000,0.005200,0.002300,0.003300,0.006100,0.000000
63,0.399411,6.398597,6.447400,2.999400,19001.000000,1287187091.000000,1798618424.000000,286048256.000000,265797632.000000,1992994816.000000,0.911200,69.000000,0.538000,0.038800,0.018100,0.427700,0.012400,0.017000,0.011300,0.000500,0.000300,0.000500,0.005600,0.002700,0.003700,0.006500,0.000000
64,0.404771,5.358099,5.316700,2.164900,19001.000000,1287193539.000000,1798618424.000000,286048256.000000,265801728.000000,1992994816.000000,0.807900,69.000000,0.000500,0.000000,0.000000,0.000000,0.012500,0.000000,0.012700,0.000000,0.000000,0.000000,0.004900,0.002400,0.003500,0.007300,0.000000
65,0.410258,5.466702,5.493000,2.237800,19001.000000,1287202731.000000,1798618424.000000,286048256.000000,265809920.000000,1992994816.000000,0.929600,68.000000,0.000800,0.000000,0.000000,0.000000,0.010600,0.000000,0.013100,0.000000,0.000000,0.000000,0.005400,0.002200,0.003300,0.007000,0.000000
66,0.416783,6.547201,6.437600,3.026900,19001.000000,1287130067.000000,1798536504.000000,286048256.000000,265818112.000000,1992994816.000000,0.984200,69.000000,0.541200,0.038100,0.018700,0.425300,0.011000,0.020500,0.026800,0.000400,0.000400,0.000500,0.005400,0.002500,0.003400,0.006100,0.000000
67,0.422505,5.701899,5.782800,2.480300,19053.000000,1287142331.000000,1798536504.000000,286048256.000000,265830400.000000,1992994816.000000,0.783800,69.000000,0.000800,0.000000,0.000000,0.000000,0.012200,0.000000,0.019700,0.000000,0.000000,0.000000,0.005500,0.002100,0.003300,0.005500,0.000000
68,0.428509,6.022399,5.932200,2.481400,19001.000000,1287149555.000000,1798536504.000000,286048256.000000,265838592.000000,1992994816.000000,0.841700,69.000000,0.000500,0.000000,0.000000,0.000000,0.011300,0.000000,0.287500,0.000000,0.000000,0.000000,0.005600,0.002200,0.003300,0.006800,0.000000
69,0.435185,6.648597,6.717900,3.096600,19001.000000,1287250683.000000,1798618424.000000,286048256.000000,265842688.000000,1992994816.000000,0.967300,69.000000,0.513100,0.035400,0.016900,0.408700,0.012000,0.018200,0.019500,0.000500,0.000300,0.000500,0.005100,0.002300,0.003400,0.005400,0.000000
70,0.440972,5.818403,5.786800,2.544400,19001.000000,1287246851.000000,1798618424.000000,286048256.000000,265850880.000000,1992994816.000000,1.093000,69.000000,0.000600,0.000000,0.000000,0.000000,0.012500,0.000000,0.014400,0.000000,0.000000,0.000000,0.005400,0.002400,0.003600,0.006500,0.000000
71,0.446758,5.790802,5.819800,2.555300,19001.000000,1287255747.000000,1798618424.000000,286048256.000000,265859072.000000,1992994816.000000,1.078500,69.000000,0.000900,0.000000,0.000000,0.000000,0.010600,0.000000,0.011300,0.000000,0.000000,0.000000,0.005800,0.002300,0.004000,0.006900,0.000000
72,0.453729,6.934396,6.782700,2.880200,19001.000000,1287190407.000000,1798536504.000000,286048256.000000,265871360.000000,1992994816.000000,0.865800,69.000000,0.646200,0.061000,0.018300,0.502200,0.011200,0.027400,0.010200,0.000500,0.000400,0.000700,0.004700,0.002800,0.003400,0.007000,0.000000
73,0.459559,5.863201,5.988200,2.288400,19001.000000,1287199271.000000,1798536504.000000,286048256.000000,265875456.000000,1992994816.000000,0.853900,69.000000,0.000900,0.000000,0.000000,0.000000,0.013200,0.000000,0.012300,0.000000,0.000000,0.000000,0.005700,0.001800,0.003600,0.007700,0.000000
74,0.465694,6.127098,6.083900,2.232400,19001.000000,1287207965.000000,1798536504.000000,286048256.000000,265883648.000000,1992994816.000000,0.846500,69.000000,0.000400,0.000000,0.000000,0.000000,0.010400,0.000000,0.009800,0.000000,0.000000,0.000000,0.005500,0.002100,0.003400,0.006400,0.000000
75,0.472548,6.828805,6.847200,2.981700,19001.000000,1287208395.000000,1798536504.000000,286048256.000000,265887744.000000,1992994816.000000,0.798800,69.000000,0.693100,0.035800,0.016500,0.585900,0.011100,0.017800,0.010100,0.000400,0.000300,0.000700,0.005000,0.002300,0.003600,0.006100,0.000000
76,0.477857,5.337401,5.302500,2.405900,19001.000000,1287303087.000000,1798618424.000000,286048256.000000,265900032.000000,1992994816.000000,0.759500,69.000000,0.000600,0.000000,0.000000,0.000000,0.013800,0.000000,0.011100,0.000000,0.000000,0.000000,0.005800,0.002100,0.003600,0.008300,0.000000
77,0.483491,5.644097,5.643600,2.620900,19001.000000,1287311163.000000,1798618424.000000,286048256.000000,265908224.000000,1992994816.000000,0.849300,69.000000,0.499600,0.035000,0.017100,0.398500,0.011800,0.015400,0.009900,0.000400,0.000200,0.000500,0.004900,0.002300,0.003400,0.005800,0.000000
78,0.489041,5.535502,5.519200,2.275000,19001.000000,1287322355.000000,1798618424.000000,286048256.000000,265916416.000000,1992994816.000000,0.800200,69.000000,0.000600,0.000000,0.000000,0.000000,0.012800,0.000000,0.205400,0.000000,0.000000,0.000000,0.005300,0.002300,0.003700,0.005900,0.000000
79,0.494399,5.349497,5.383300,2.167300,19001.000000,1287324643.000000,1798618424.000000,286048256.000000,265920512.000000,1992994816.000000,0.723200,69.000000,0.000600,0.000000,0.000000,0.000000,0.010900,0.000000,0.012800,0.000000,0.000000,0.000000,0.004900,0.002000,0.003700,0.006400,0.000000
80,0.500162,5.785601,5.734600,2.722400,19001.000000,1287339915.000000,1798618424.000000,286048256.000000,265932800.000000,1992994816.000000,0.756600,69.000000,0.617800,0.042800,0.014800,0.518600,0.011100,0.016200,0.009900,0.000500,0.000300,0.000400,0.005300,0.002300,0.003700,0.005900,0.000000
81,0.505405,5.234099,5.251400,2.129500,19001.000000,1287266423.000000,1798536504.000000,286048256.000000,265940992.000000,1992994816.000000,0.787300,69.000000,0.000500,0.000000,0.000000,0.000000,0.012500,0.000000,0.012700,0.000000,0.000000,0.000000,0.005100,0.002000,0.003500,0.007000,0.000000
82,0.510596,5.171102,5.124000,2.112400,19001.000000,1287272295.000000,1798536504.000000,286048256.000000,265945088.000000,1992998912.000000,0.859200,69.000000,0.000700,0.000000,0.000000,0.000000,0.010800,0.000000,0.010400,0.000000,0.000000,0.000000,0.005300,0.002100,0.003200,0.006800,0.000000
83,0.516700,6.104996,6.131000,2.892100,19001.000000,1287284275.000000,1798536504.000000,286048256.000000,265957376.000000,1992998912.000000,0.772200,69.000000,0.507300,0.035000,0.015400,0.406200,0.010800,0.017300,0.011400,0.000400,0.000300,0.000500,0.005500,0.002300,0.003600,0.005400,0.000000
84,0.522223,5.537103,5.492300,2.278800,19001.000000,1287303075.000000,1798536504.000000,286048256.000000,265961472.000000,1992998912.000000,0.854700,69.000000,0.000600,0.000000,0.000000,0.000000,0.013500,0.000000,0.011000,0.000000,0.000000,0.000000,0.005700,0.002200,0.003500,0.007700,0.000000
85,0.527508,5.281399,5.321300,2.241100,19001.000000,1287398807.000000,1798618424.000000,286048256.000000,265973760.000000,1992998912.000000,0.906600,69.000000,0.000800,0.000000,0.000000,0.000000,0.011400,0.000000,0.012400,0.000000,0.000000,0.000000,0.006200,0.002100,0.003500,0.007600,0.000000
86,0.533665,6.141405,6.046200,2.856100,19001.000000,1287308263.000000,1798536504.000000,286048256.000000,265977856.000000,1992998912.000000,0.822300,69.000000,0.546300,0.034500,0.016600,0.443900,0.011600,0.017100,0.032600,0.000500,0.000300,0.000500,0.005200,0.002600,0.003300,0.006300,0.000000
87,0.538932,5.297499,5.314100,2.179200,19001.000000,1287399147.000000,1798618424.000000,286048256.000000,265986048.000000,1992998912.000000,0.790100,69.000000,0.000700,0.000000,0.000000,0.000000,0.013200,0.000000,0.010800,0.000000,0.000000,0.000000,0.005400,0.002000,0.003500,0.007700,0.000000
88,0.544093,5.160197,5.179000,2.103300,19137.000000,1287407387.000000,1798618424.000000,286048256.000000,265994240.000000,1992998912.000000,0.801000,69.000000,0.000600,0.000000,0.000000,0.000000,0.010800,0.000000,0.011200,0.000000,0.000000,0.000000,0.005000,0.002000,0.003500,0.006300,0.000000
89,0.550218,6.098803,6.119100,2.633100,19001.000000,1287341259.000000,1798536504.000000,286048256.000000,266006528.000000,1992998912.000000,0.783200,69.000000,0.505400,0.034700,0.016900,0.404100,0.011400,0.018000,0.010100,0.000400,0.000300,0.000500,0.005300,0.002100,0.002800,0.005300,0.000000
90,0.555588,5.385296,5.336400,2.255900,19001.000000,1287345491.000000,1798536504.000000,286048256.000000,266010624.000000,1992998912.000000,0.758800,69.000000,0.000700,0.000000,0.000000,0.000000,0.012200,0.000000,0.011200,0.000000,0.000000,0.000000,0.005900,0.002000,0.003100,0.005800,0.000000
91,0.560834,5.266206,5.312000,2.172500,19001.000000,1287436567.000000,1798618424.000000,286048256.000000,266018816.000000,1992998912.000000,0.734900,69.000000,0.000700,0.000000,0.000000,0.000000,0.011000,0.000000,0.010200,0.000000,0.000000,0.000000,0.005500,0.001900,0.003400,0.006200,0.000000
92,0.566831,5.981399,5.932200,2.866100,19001.000000,1287440995.000000,1798618424.000000,286048256.000000,266022912.000000,1992998912.000000,0.811500,69.000000,0.507200,0.036600,0.016800,0.404000,0.010400,0.015600,0.010900,0.000400,0.000300,0.000600,0.005000,0.002300,0.002900,0.005200,0.000000
93,0.572117,5.254797,5.270100,2.254700,19001.000000,1287371223.000000,1798536504.000000,286048256.000000,266035200.000000,1992998912.000000,0.956400,69.000000,0.000700,0.000000,0.000000,0.000000,0.011500,0.000000,0.011700,0.000000,0.000000,0.000000,0.005000,0.002900,0.003600,0.007100,0.000000
94,0.578653,6.552601,6.481700,3.217500,19001.000000,1287382615.000000,1798536504.000000,286048256.000000,266043392.000000,1992998912.000000,0.920800,69.000000,0.000500,0.000000,0.000000,0.000000,0.011800,0.000000,0.011500,0.000000,0.000000,0.000000,0.005100,0.002400,0.003500,0.006300,0.000000
95,0.585835,7.206399,7.243200,3.949100,19001.000000,1287471599.000000,1798618424.000000,286048256.000000,266051584.000000,1992998912.000000,0.829100,69.000000,0.502100,0.037100,0.018900,0.396000,0.013300,0.017700,0.011300,0.000500,0.000300,0.000600,0.005400,0.002400,0.003400,0.006100,0.000000
96,0.591671,5.813903,5.784300,2.688900,19001.000000,1287400183.000000,1798536504.000000,286048256.000000,266059776.000000,1992998912.000000,0.971400,69.000000,0.000800,0.000000,0.000000,0.000000,0.012100,0.000000,0.012000,0.000000,0.000000,0.000000,0.004900,0.002300,0.003600,0.006900,0.000000
97,0.597081,5.400999,5.429800,2.442100,19001.000000,1287487131.000000,1798618424.000000,286048256.000000,266063872.000000,1992998912.000000,1.025900,69.000000,0.000900,0.000000,0.000000,0.000000,0.011100,0.000000,0.011300,0.000000,0.000000,0.000000,0.006000,0.002400,0.005700,0.008700,0.000000
98,0.603131,6.075496,6.030000,3.047600,19001.000000,1287501015.000000,1798618424.000000,286048256.000000,266076160.000000,1992998912.000000,1.055000,69.000000,0.685100,0.037200,0.017800,0.566700,0.012500,0.022800,0.011800,0.000500,0.000400,0.000800,0.005300,0.002400,0.003700,0.006500,0.000000
99,0.608119,4.983999,5.014000,2.051600,19001.000000,1287508687.000000,1798618424.000000,286048256.000000,266084352.000000,1992998912.000000,0.816200,69.000000,0.000600,0.000000,0.000000,0.000000,0.012200,0.000000,0.012700,0.000000,0.000000,0.000000,0.005300,0.002200,0.003300,0.006600,0.000000
100,0.613435,5.289002,5.235500,2.185700,19001.000000,1287515823.000000,1798618424.000000,286048256.000000,266092544.000000,1992998912.000000,0.813700,69.000000,0.000700,0.000000,0.000000,0.000000,0.011100,0.000000,0.011600,0.000000,0.000000,0.000000,0.005100,0.002300,0.003400,0.006800,0.000000
101,0.619306,5.882901,5.900900,2.749100,19001.000000,1287453743.000000,1798536504.000000,286048256.000000,266096640.000000,1992998912.000000,0.762600,69.000000,0.546900,0.037000,0.017300,0.431500,0.011000,0.025300,0.024800,0.000400,0.000400,0.000600,0.005300,0.002400,0.003000,0.006300,0.000000
102,0.624701,5.416397,5.387100,2.247200,19053.000000,1287452687.000000,1798536504.000000,286048256.000000,266108928.000000,1992998912.000000,0.729000,69.000000,0.000600,0.000000,0.000000,0.000000,0.013300,0.000000,0.012900,0.000000,0.000000,0.000000,0.005800,0.002200,0.003400,0.006300,0.000000
103,0.630089,5.363903,5.386100,2.168900,19001.000000,1287457647.000000,1798536504.000000,286048256.000000,266113024.000000,1992998912.000000,0.817900,69.000000,0.000600,0.000000,0.000000,0.000000,0.010800,0.000000,0.026300,0.000000,0.000000,0.000000,0.005000,0.002100,0.003400,0.007000,0.000000
104,0.636164,6.107199,6.057800,2.932100,19001.000000,1287547307.000000,1798618424.000000,286048256.000000,266121216.000000,1992998912.000000,0.736500,69.000000,0.484100,0.033700,0.015000,0.386700,0.010900,0.017100,0.009200,0.000600,0.000200,0.000800,0.005500,0.002200,0.003300,0.005100,0.000000
105,0.641850,5.671400,5.652300,2.418300,19001.000000,1287476719.000000,1798536504.000000,286048256.000000,266129408.000000,1992998912.000000,0.757400,69.000000,0.000600,0.000000,0.000000,0.000000,0.012200,0.000000,0.023000,0.000000,0.000000,0.000000,0.004900,0.002300,0.003600,0.006300,0.000000
106,0.647588,5.722102,5.723900,2.430300,19001.000000,1287566973.000000,1798536504.000000,286048256.000000,266137600.000000,1992998912.000000,0.837700,69.000000,0.000800,0.000000,0.000000,0.000000,0.010900,0.000000,0.011700,0.000000,0.000000,0.000000,0.006300,0.002000,0.004200,0.008100,0.000000
107,0.653805,6.211699,6.241200,2.980200,19001.000000,1287576559.000000,1798618424.000000,286048256.000000,266145792.000000,1992998912.000000,0.805200,69.000000,0.587300,0.036300,0.017600,0.477000,0.012200,0.018000,0.010700,0.000800,0.000300,0.000500,0.009300,0.002600,0.003600,0.016100,0.000000
108,0.659583,5.788201,5.727400,2.279900,19001.000000,1287503339.000000,1798536504.000000,286048256.000000,266153984.000000,1992998912.000000,0.935500,69.000000,0.000700,0.000000,0.000000,0.000000,0.012000,0.000000,0.012600,0.000000,0.000000,0.000000,0.005100,0.002200,0.003100,0.007100,0.000000
109,0.664825,5.264994,5.319700,2.158200,19001.000000,1287593047.000000,1798618424.000000,286048256.000000,266162176.000000,1992998912.000000,0.914800,69.000000,0.000800,0.000000,0.000000,0.000000,0.012400,0.000000,0.012800,0.000000,0.000000,0.000000,0.005600,0.002200,0.003800,0.007100,0.000000
110,0.670541,5.693403,5.652000,2.681100,19001.000000,1287604275.000000,1798618424.000000,286048256.000000,266170368.000000,1992998912.000000,0.758100,69.000000,0.543600,0.037400,0.017000,0.439800,0.010600,0.015500,0.010000,0.000500,0.000200,0.000500,0.004800,0.002200,0.003800,0.005700,0.000000
111,0.675786,5.255803,5.278400,2.199600,19001.000000,1287614651.000000,1798618424.000000,286048256.000000,266182656.000000,1992998912.000000,1.037600,69.000000,0.000600,0.000000,0.000000,0.000000,0.011200,0.000000,0.011100,0.000000,0.000000,0.000000,0.004800,0.002100,0.003100,0.007300,0.000000
112,0.680751,4.974100,4.933800,2.046500,19001.000000,1287621299.000000,1798618424.000000,286048256.000000,266186752.000000,1992998912.000000,0.765400,69.000000,0.000600,0.000000,0.000000,0.000000,0.010800,0.000000,0.011300,0.000000,0.000000,0.000000,0.005000,0.002200,0.003200,0.006400,0.000000
113,0.686623,5.849398,5.847000,2.834000,19001.000000,1287548571.000000,1798536504.000000,286048256.000000,266194944.000000,1992998912.000000,0.808200,69.000000,0.597500,0.036200,0.015800,0.488000,0.011200,0.023600,0.018600,0.000500,0.000200,0.000600,0.004800,0.002400,0.003000,0.005600,0.000000
114,0.691952,5.325900,5.257000,2.272500,19001.000000,1287635815.000000,1798618424.000000,286048256.000000,266199040.000000,1993003008.000000,0.852500,69.000000,0.000500,0.000000,0.000000,0.000000,0.011400,0.000000,0.010100,0.000000,0.000000,0.000000,0.006200,0.002100,0.003400,0.006000,0.000000
115,0.697276,5.348597,5.426400,2.266200,19137.000000,1287643935.000000,1798618424.000000,286048256.000000,266207232.000000,1993003008.000000,0.760600,69.000000,0.000500,0.000000,0.000000,0.000000,0.010700,0.000000,0.012600,0.000000,0.000000,0.000000,0.005000,0.002200,0.003600,0.006400,0.000000
116,0.702899,5.612302,5.546300,2.617900,19001.000000,1287573239.000000,1798536504.000000,286048256.000000,266219520.000000,1993003008.000000,1.054700,69.000000,0.491700,0.034700,0.017000,0.390900,0.010500,0.015900,0.011500,0.000500,0.000300,0.000600,0.005500,0.002300,0.003500,0.005600,0.000000
117,0.707925,5.033602,5.080500,2.113500,19001.000000,1287680771.000000,1798618424.000000,286048256.000000,266227712.000000,1993003008.000000,0.778700,69.000000,0.000700,0.000000,0.000000,0.000000,0.012100,0.000000,0.012400,0.000000,0.000000,0.000000,0.005100,0.002200,0.003600,0.006700,0.000000
118,0.713034,5.079401,5.028700,2.130500,19001.000000,1287589879.000000,1798536504.000000,286048256.000000,266231808.000000,1993003008.000000,0.900300,69.000000,0.000700,0.000000,0.000000,0.000000,0.011200,0.000000,0.013200,0.000000,0.000000,0.000000,0.004800,0.002700,0.003800,0.007400,0.000000
119,0.719563,6.548200,6.571600,2.888300,19001.000000,1287607543.000000,1798536504.000000,286048256.000000,266244096.000000,1993003008.000000,0.744000,69.000000,0.495000,0.038600,0.017700,0.387500,0.010800,0.019600,0.011200,0.000400,0.000400,0.000400,0.005300,0.002500,0.003400,0.005800,0.000000
120,0.725195,5.643899,5.606400,2.255000,19001.000000,1287615487.000000,1798536504.000000,286048256.000000,266252288.000000,1993003008.000000,0.749100,69.000000,0.000700,0.000000,0.000000,0.000000,0.012700,0.000000,0.018700,0.000000,0.000000,0.000000,0.006100,0.002300,0.003200,0.007200,0.000000
121,0.730747,5.523002,5.545800,2.271100,19001.000000,1287631279.000000,1798536504.000000,286048256.000000,266264576.000000,1993003008.000000,0.959600,69.000000,0.000800,0.000000,0.000000,0.000000,0.010400,0.000000,0.013100,0.000000,0.000000,0.000000,0.005700,0.002200,0.003300,0.007600,0.000000
122,0.737543,6.816893,6.732800,3.329100,19001.000000,1287635379.000000,1798536504.000000,286048256.000000,266272768.000000,1993003008.000000,0.860700,69.000000,0.749300,0.067300,0.016500,0.613200,0.011000,0.017600,0.010300,0.000400,0.000300,0.000500,0.005700,0.002300,0.003300,0.005700,0.000000
123,0.742984,5.439300,5.500300,2.241500,19001.000000,1287644179.000000,1798536504.000000,286048256.000000,266280960.000000,1993003008.000000,0.941100,69.000000,0.000600,0.000000,0.000000,0.000000,0.013700,0.000000,0.011100,0.000000,0.000000,0.000000,0.006300,0.002300,0.003300,0.006400,0.000000
124,0.748540,5.543906,5.432600,2.239700,19001.000000,1287652787.000000,1798536504.000000,286048256.000000,266289152.000000,1993003008.000000,1.080600,69.000000,0.000700,0.000000,0.000000,0.000000,0.012100,0.000000,0.011800,0.000000,0.000000,0.000000,0.006100,0.002200,0.004000,0.007700,0.000000
125,0.754900,6.327601,6.399400,2.964500,19001.000000,1287664927.000000,1798536504.000000,286048256.000000,266301440.000000,1993003008.000000,0.992400,69.000000,0.518800,0.035300,0.017500,0.406800,0.012500,0.024900,0.028900,0.000600,0.000300,0.000500,0.005900,0.002500,0.003900,0.006100,0.000000
126,0.760891,6.044097,6.027600,2.656100,19001.000000,1287758115.000000,1798618424.000000,286048256.000000,266309632.000000,1993003008.000000,0.883100,69.000000,0.000800,0.000000,0.000000,0.000000,0.014900,0.000000,0.022500,0.000000,0.000000,0.000000,0.006700,0.002100,0.003600,0.006600,0.000000
127,0.767381,6.476297,6.484100,2.980300,19001.000000,1287683039.000000,1798536504.000000,286048256.000000,266317824.000000,1993003008.000000,0.774100,69.000000,0.538200,0.035300,0.016900,0.426000,0.010600,0.024900,0.010100,0.000500,0.000300,0.000700,0.005400,0.002500,0.003400,0.006500,0.000000
128,0.772796,5.392900,5.361100,2.298500,19001.000000,1287780779.000000,1798618424.000000,286048256.000000,266330112.000000,1993003008.000000,1.071500,69.000000,0.000700,0.000000,0.000000,0.000000,0.012300,0.000000,0.011700,0.000000,0.000000,0.000000,0.005500,0.002200,0.003600,0.007600,0.000000
129,0.778611,5.818807,5.829800,2.414600,19001.000000,1287707271.000000,1798536504.000000,286048256.000000,266338304.000000,1993003008.000000,0.996500,69.000000,0.000600,0.000000,0.000000,0.000000,0.011600,0.000000,0.011900,0.000000,0.000000,0.000000,0.005300,0.002200,0.003600,0.007000,0.000000
130,0.785032,6.440200,6.400000,2.942600,19001.000000,1287716955.000000,1798536504.000000,286048256.000000,266346496.000000,1993003008.000000,0.951400,69.000000,0.531000,0.037400,0.017000,0.421600,0.012600,0.018500,0.011500,0.000500,0.000300,0.000600,0.006200,0.002600,0.003400,0.007400,0.000000
131,0.790369,5.326998,5.346000,2.159100,19001.000000,1287807079.000000,1798618424.000000,286048256.000000,266354688.000000,1993003008.000000,0.801700,69.000000,0.000700,0.000000,0.000000,0.000000,0.012700,0.000000,0.010500,0.000000,0.000000,0.000000,0.005500,0.002300,0.003300,0.007600,0.000000
132,0.796240,5.885296,5.849200,2.353800,19001.000000,1287736163.000000,1798536504.000000,286048256.000000,266366976.000000,1993003008.000000,0.919500,69.000000,0.000700,0.000000,0.000000,0.000000,0.012200,0.000000,0.011900,0.000000,0.000000,0.000000,0.005400,0.002200,0.003500,0.006800,0.000000
133,0.802452,6.208404,6.241500,3.026100,19001.000000,1287838051.000000,1798618424.000000,286048256.000000,266371072.000000,1993003008.000000,0.937800,69.000000,0.661900,0.035300,0.017000,0.547300,0.011000,0.025100,0.016800,0.000500,0.000300,0.000700,0.005300,0.004600,0.003600,0.006500,0.000000
134,0.808453,5.998696,5.936100,2.286600,19001.000000,1287763431.000000,1798536504.000000,286048256.000000,266391552.000000,1993003008.000000,0.817300,69.000000,0.000700,0.000000,0.000000,0.000000,0.012300,0.000000,0.012500,0.000000,0.000000,0.000000,0.004800,0.002300,0.003500,0.007000,0.000000
135,0.814025,5.552204,5.585400,2.232300,19001.000000,1287790319.000000,1798536504.000000,286048256.000000,266395648.000000,1993003008.000000,0.924000,69.000000,0.000700,0.000000,0.000000,0.000000,0.011300,0.000000,0.011400,0.000000,0.000000,0.000000,0.005700,0.002300,0.003700,0.007300,0.000000
136,0.819940,5.942999,5.894400,2.741100,19001.000000,1287805379.000000,1798536504.000000,286048256.000000,266407936.000000,1993003008.000000,0.849900,69.000000,0.526900,0.034800,0.016600,0.426700,0.012100,0.015100,0.012300,0.000400,0.000200,0.000500,0.006100,0.002300,0.003500,0.005900,0.000000
137,0.825167,5.233702,5.286800,2.177800,19053.000000,1287910895.000000,1798618424.000000,286048256.000000,266428416.000000,1993003008.000000,0.919900,69.000000,0.000900,0.000000,0.000000,0.000000,0.012200,0.000000,0.012300,0.000000,0.000000,0.000000,0.004800,0.002100,0.003300,0.007400,0.000000
138,0.830431,5.239598,5.196700,2.142500,19001.000000,1287925599.000000,1798618424.000000,286048256.000000,266440704.000000,1993003008.000000,0.823000,69.000000,0.000500,0.000000,0.000000,0.000000,0.010600,0.000000,0.010800,0.000000,0.000000,0.000000,0.005000,0.002000,0.004100,0.005800,0.000000
139,0.836370,5.959701,5.983100,2.836100,19001.000000,1287858359.000000,1798536504.000000,286048256.000000,266452992.000000,1993003008.000000,0.984000,69.000000,0.492800,0.033800,0.016300,0.393500,0.011300,0.014700,0.009900,0.000600,0.000400,0.000500,0.004900,0.002400,0.003400,0.005300,0.000000
140,0.841680,5.316199,5.251700,2.298500,19001.000000,1287953347.000000,1798618424.000000,286048256.000000,266465280.000000,1993003008.000000,0.828900,69.000000,0.000900,0.000000,0.000000,0.000000,0.011800,0.000000,0.011300,0.000000,0.000000,0.000000,0.005900,0.003500,0.003600,0.006500,0.000000
141,0.846964,5.281101,5.273000,2.249900,19001.000000,1287965759.000000,1798618424.000000,286048256.000000,266477568.000000,1993003008.000000,0.769200,69.000000,0.000700,0.000000,0.000000,0.000000,0.010100,0.000000,0.011200,0.000000,0.000000,0.000000,0.005100,0.002300,0.003800,0.006700,0.000000
142,0.852708,5.712500,5.714400,2.674100,19137.000000,1287976859.000000,1798618424.000000,286048256.000000,266485760.000000,1993003008.000000,0.887900,69.000000,0.499500,0.033100,0.017000,0.398000,0.010400,0.016600,0.010400,0.000400,0.000600,0.000700,0.005600,0.002300,0.004100,0.006100,0.000000
143,0.858023,5.332901,5.355300,2.252200,19001.000000,1287999523.000000,1798618424.000000,286048256.000000,266510336.000000,1993003008.000000,0.764000,69.000000,0.000600,0.000000,0.000000,0.000000,0.012300,0.000000,0.012300,0.000000,0.000000,0.000000,0.005100,0.002300,0.003500,0.007200,0.000000
144,0.863959,5.937698,5.871400,2.416200,19001.000000,1287928143.000000,1798536504.000000,286048256.000000,266518528.000000,1993003008.000000,0.783600,69.000000,0.000700,0.000000,0.000000,0.000000,0.011700,0.000000,0.011300,0.000000,0.000000,0.000000,0.004900,0.002400,0.003900,0.007200,0.000000
145,0.869985,6.010799,6.063100,2.827900,19001.000000,1287941275.000000,1798536504.000000,286048256.000000,266530816.000000,1993003008.000000,0.759100,69.000000,0.678400,0.034100,0.016900,0.575000,0.011600,0.017300,0.011300,0.000500,0.000300,0.000400,0.005100,0.002400,0.003800,0.006100,0.000000
146,0.875445,5.483702,5.428600,2.310700,19001.000000,1287955363.000000,1798536504.000000,286048256.000000,266543104.000000,1993007104.000000,0.748700,69.000000,0.000700,0.000000,0.000000,0.000000,0.012300,0.000000,0.012400,0.000000,0.000000,0.000000,0.005100,0.002100,0.003400,0.007200,0.000000
147,0.880816,5.373398,5.423300,2.313400,19001.000000,1288049023.000000,1798618424.000000,286048256.000000,266555392.000000,1993007104.000000,0.964800,69.000000,0.000600,0.000000,0.000000,0.000000,0.010800,0.000000,0.019900,0.000000,0.000000,0.000000,0.005600,0.002200,0.003400,0.006600,0.000000
148,0.887300,6.423902,6.192100,2.813800,19001.000000,1288060659.000000,1798618424.000000,286048256.000000,266567680.000000,1993007104.000000,0.873100,69.000000,0.580700,0.039300,0.016800,0.477200,0.010500,0.017500,0.010500,0.000400,0.000300,0.000500,0.004800,0.002100,0.003700,0.005800,0.000000
149,0.893613,6.351495,6.527200,2.638300,19001.000000,1288014375.000000,1798536504.000000,286048256.000000,266588160.000000,1993007104.000000,1.018200,69.000000,0.000700,0.000000,0.000000,0.000000,0.014200,0.000000,0.012700,0.000000,0.000000,0.000000,0.005900,0.002000,0.003600,0.007700,0.000000
150,0.900018,6.428401,6.418000,2.603300,19001.000000,1288008991.000000,1798536504.000000,286048256.000000,266596352.000000,1993007104.000000,0.781700,69.000000,0.491500,0.032400,0.016700,0.392300,0.011800,0.016600,0.011400,0.000500,0.000200,0.000600,0.005500,0.002500,0.003300,0.005800,0.000000
151,0.904914,4.896804,4.918700,1.938000,19001.000000,1287997423.000000,1798536504.000000,286048256.000000,266608640.000000,1993007104.000000,0.797400,69.000000,0.000500,0.000000,0.000000,0.000000,0.012200,0.000000,0.010600,0.000000,0.000000,0.000000,0.005500,0.001800,0.003300,0.006500,0.000000
152,0.909779,4.846598,4.842300,1.927800,19001.000000,1288018959.000000,1798536504.000000,286048256.000000,266629120.000000,1993007104.000000,0.813400,69.000000,0.000600,0.000000,0.000000,0.000000,0.011600,0.000000,0.010200,0.000000,0.000000,0.000000,0.005600,0.002100,0.003800,0.005900,0.000000
153,0.915694,5.937599,5.901500,2.878600,19001.000000,1288113091.000000,1798618424.000000,286048256.000000,266637312.000000,1993007104.000000,0.762300,69.000000,0.610000,0.036900,0.015800,0.512200,0.011100,0.015200,0.012300,0.000400,0.000300,0.000500,0.005400,0.002000,0.003600,0.005000,0.000000
154,0.921071,5.373002,5.396000,2.359900,19001.000000,1288125583.000000,1798618424.000000,286048256.000000,266649600.000000,1993007104.000000,0.751600,69.000000,0.000700,0.000000,0.000000,0.000000,0.011700,0.000000,0.021900,0.000000,0.000000,0.000000,0.004700,0.002200,0.003300,0.006600,0.000000
155,0.926083,5.009595,4.968700,2.043000,19001.000000,1288062931.000000,1798536504.000000,286048256.000000,266665984.000000,1993007104.000000,0.857200,69.000000,0.000600,0.000000,0.000000,0.000000,0.010300,0.000000,0.011000,0.000000,0.000000,0.000000,0.004700,0.002200,0.003600,0.006800,0.000000
156,0.931747,5.647102,5.658700,2.182000,19001.000000,1288079891.000000,1798536504.000000,286048256.000000,266682368.000000,1993007104.000000,0.740600,69.000000,0.000700,0.000000,0.000000,0.000000,0.010300,0.000000,0.011500,0.000000,0.000000,0.000000,0.005500,0.002000,0.003400,0.006700,0.000000
157,0.937606,5.875503,5.829200,2.912000,19001.000000,1288165451.000000,1798618424.000000,286048256.000000,266686464.000000,1993007104.000000,0.820100,69.000000,0.748700,0.042200,0.017500,0.542900,0.011000,0.022700,0.010500,0.000500,0.000300,0.000800,0.006000,0.002600,0.003300,0.006200,0.000000
158,0.942887,5.275000,5.304100,2.249000,19001.000000,1288188907.000000,1798618424.000000,286048256.000000,266706944.000000,1993007104.000000,0.995000,69.000000,0.000800,0.000000,0.000000,0.000000,0.012100,0.000000,0.010700,0.000000,0.000000,0.000000,0.004600,0.002400,0.003700,0.006700,0.000000
159,0.948393,5.500000,5.370000,2.251100,19001.000000,1288195195.000000,1798618424.000000,286048256.000000,266715136.000000,1993007104.000000,0.937200,69.000000,0.000700,0.000000,0.000000,0.000000,0.011300,0.000000,0.010900,0.000000,0.000000,0.000000,0.005300,0.002900,0.004000,0.007300,0.000000
160,0.954290,5.890101,6.015800,2.818300,19001.000000,1288214151.000000,1798618424.000000,286048256.000000,266731520.000000,1993007104.000000,0.797900,69.000000,0.554700,0.032500,0.019600,0.452400,0.012100,0.017300,0.010300,0.000300,0.000300,0.000600,0.005300,0.002200,0.003600,0.006200,0.000000
161,0.959557,5.286501,5.246300,2.137400,19001.000000,1288227191.000000,1798618424.000000,286048256.000000,266743808.000000,1993007104.000000,0.793800,69.000000,0.000600,0.000000,0.000000,0.000000,0.012200,0.000000,0.010900,0.000000,0.000000,0.000000,0.004900,0.002200,0.003200,0.007000,0.000000
162,0.964924,5.358595,5.371100,1.968700,19001.000000,1288162603.000000,1798536504.000000,286048256.000000,266760192.000000,1993007104.000000,0.896400,69.000000,0.000700,0.000000,0.000000,0.000000,0.010300,0.000000,0.011100,0.000000,0.000000,0.000000,0.004200,0.002200,0.003600,0.006600,0.000000
163,0.970855,5.913903,5.873500,2.755500,19001.000000,1288166599.000000,1798536504.000000,286048256.000000,266764288.000000,1993007104.000000,0.775700,69.000000,0.495500,0.036200,0.016500,0.395400,0.011900,0.014900,0.013800,0.000500,0.000200,0.000500,0.005500,0.002200,0.003600,0.005400,0.000000
164,0.976106,5.276297,5.300700,2.210300,19001.000000,1288182087.000000,1798536504.000000,286048256.000000,266780672.000000,1993007104.000000,0.871500,69.000000,0.000600,0.000000,0.000000,0.000000,0.012100,0.000000,0.021600,0.000000,0.000000,0.000000,0.005500,0.002000,0.003700,0.007600,0.000000
165,0.981218,5.110403,5.064200,2.094100,19001.000000,1288221583.000000,1798536504.000000,286048256.000000,266805248.000000,1993007104.000000,0.707400,69.000000,0.000700,0.000000,0.000000,0.000000,0.010600,0.000000,0.010800,0.000000,0.000000,0.000000,0.004900,0.002300,0.003900,0.007100,0.000000
166,0.987237,6.003699,6.012500,2.821400,19001.000000,1288221511.000000,1798536504.000000,286048256.000000,266813440.000000,1993007104.000000,1.028600,69.000000,0.549100,0.042800,0.017100,0.436500,0.010100,0.019500,0.010000,0.000500,0.000200,0.000600,0.005300,0.002600,0.004100,0.005200,0.000000
167,0.992506,5.266001,5.244900,2.248800,19001.000000,1288317011.000000,1798618424.000000,286048256.000000,266825728.000000,1993007104.000000,1.019400,69.000000,0.000700,0.000000,0.000000,0.000000,0.012400,0.000000,0.010500,0.000000,0.000000,0.000000,0.005900,0.002300,0.003500,0.007400,0.000000
168,0.997877,5.366497,5.326400,2.268500,19001.000000,1288325115.000000,1798618424.000000,286048256.000000,266833920.000000,1993007104.000000,0.950700,69.000000,0.000600,0.000000,0.000000,0.000000,0.011300,0.000000,0.011700,0.000000,0.000000,0.000000,0.005100,0.002200,0.003600,0.007600,0.000000
169,1.004543,6.694501,6.690200,3.133400,19137.000000,1288344251.000000,1798618424.000000,286048256.000000,266854400.000000,1993007104.000000,0.896600,69.000000,0.690700,0.038600,0.019100,0.578000,0.011600,0.018700,0.013300,0.000500,0.000300,0.000500,0.005000,0.002500,0.003100,0.005800,0.000000
170,1.010149,5.574199,5.625400,2.245200,19001.000000,1288286659.000000,1798536504.000000,286048256.000000,266862592.000000,1993007104.000000,0.783000,69.000000,0.000800,0.000000,0.000000,0.000000,0.011600,0.000000,0.020400,0.000000,0.000000,0.000000,0.005400,0.002200,0.003200,0.007900,0.000000
171,1.016495,6.368502,6.324100,2.986300,19001.000000,1288369755.000000,1798618424.000000,286048256.000000,266878976.000000,1993007104.000000,0.787400,69.000000,0.605700,0.065100,0.015800,0.460700,0.011200,0.025300,0.010500,0.000300,0.000300,0.000700,0.005500,0.002200,0.003600,0.006400,0.000000
172,1.022389,5.883100,5.892600,2.541600,19001.000000,1288299935.000000,1798536504.000000,286048256.000000,266891264.000000,1993007104.000000,0.927200,69.000000,0.000700,0.000000,0.000000,0.000000,0.012200,0.000000,0.011500,0.000000,0.000000,0.000000,0.005100,0.002200,0.003500,0.006300,0.000000
173,1.028033,5.649702,5.609600,2.322800,19053.000000,1288394411.000000,1798618424.000000,286048256.000000,266903552.000000,1993007104.000000,0.873000,69.000000,0.000600,0.000000,0.000000,0.000000,0.010900,0.000000,0.011400,0.000000,0.000000,0.000000,0.006300,0.002200,0.003800,0.006600,0.000000
174,1.034136,6.086600,6.125200,2.921000,19001.000000,1288414171.000000,1798618424.000000,286048256.000000,266919936.000000,1993007104.000000,0.972900,69.000000,0.530800,0.037400,0.018800,0.423300,0.011300,0.016200,0.012400,0.000500,0.000200,0.000400,0.005100,0.002400,0.003400,0.006300,0.000000
175,1.039741,5.623200,5.572800,2.234000,19001.000000,1288342167.000000,1798536504.000000,286048256.000000,266932224.000000,1993007104.000000,0.938300,69.000000,0.000600,0.000000,0.000000,0.000000,0.011700,0.000000,0.012600,0.000000,0.000000,0.000000,0.005400,0.002300,0.003500,0.006100,0.000000
176,1.044992,5.255301,5.292300,2.147800,19001.000000,1288361135.000000,1798536504.000000,286048256.000000,266948608.000000,1993007104.000000,0.937400,69.000000,0.000600,0.000000,0.000000,0.000000,0.011200,0.000000,0.011000,0.000000,0.000000,0.000000,0.005600,0.002000,0.003600,0.007100,0.000000
177,1.051136,6.128798,6.081000,2.914500,19001.000000,1288456359.000000,1798618424.000000,286048256.000000,266960896.000000,1993007104.000000,0.788800,69.000000,0.530500,0.033200,0.016400,0.427400,0.010800,0.018500,0.023800,0.000500,0.000300,0.000500,0.005200,0.002800,0.004000,0.005400,0.000000
178,1.056581,5.469196,5.468200,2.215200,19001.000000,1288387555.000000,1798536504.000000,286048256.000000,266973184.000000,1993011200.000000,0.890100,69.000000,0.000600,0.000000,0.000000,0.000000,0.012100,0.000000,0.111300,0.000000,0.000000,0.000000,0.005200,0.002300,0.003400,0.007600,0.000000
179,1.062359,5.715505,5.676300,2.356700,19001.000000,1288403531.000000,1798536504.000000,286048256.000000,266989568.000000,1993011200.000000,0.910300,69.000000,0.000700,0.000000,0.000000,0.000000,0.012300,0.000000,0.011500,0.000000,0.000000,0.000000,0.005600,0.001900,0.003200,0.006500,0.000000
180,1.068588,6.275595,6.315100,3.036700,19001.000000,1288415407.000000,1798536504.000000,286048256.000000,267001856.000000,1993011200.000000,0.847200,69.000000,0.541300,0.036200,0.017200,0.434900,0.014400,0.017300,0.011100,0.000500,0.000300,0.000500,0.006900,0.002600,0.003600,0.006000,0.000000
181,1.074377,5.770004,5.730600,2.344300,19001.000000,1288520787.000000,1798618424.000000,286048256.000000,267010048.000000,1992159232.000000,0.816100,69.000000,0.001100,0.000000,0.000000,0.000000,0.012800,0.000000,0.011600,0.000000,0.000000,0.000000,0.005300,0.002500,0.003600,0.007500,0.000000
182,1.079823,5.473902,5.493800,2.252300,19001.000000,1288528083.000000,1798618424.000000,286048256.000000,267030528.000000,1992159232.000000,0.970400,69.000000,0.000700,0.000000,0.000000,0.000000,0.011700,0.000000,0.011800,0.000000,0.000000,0.000000,0.005700,0.002600,0.003900,0.006700,0.000000
183,1.085735,5.910799,5.873800,2.795700,19001.000000,1288458659.000000,1798536504.000000,286048256.000000,267042816.000000,1992159232.000000,0.831800,69.000000,0.557700,0.065500,0.016600,0.416200,0.010700,0.023300,0.010500,0.000400,0.000200,0.000700,0.004700,0.002200,0.003800,0.005800,0.000000
184,1.091289,5.533596,5.565600,2.284500,19001.000000,1288471371.000000,1798536504.000000,286048256.000000,267055104.000000,1992159232.000000,0.954800,69.000000,0.000600,0.000000,0.000000,0.000000,0.012400,0.000000,0.011700,0.000000,0.000000,0.000000,0.005500,0.001900,0.003600,0.007000,0.000000
185,1.096697,5.437904,5.393000,2.344500,19001.000000,1288486715.000000,1798536504.000000,286048256.000000,267067392.000000,1992159232.000000,0.793400,69.000000,0.000700,0.000000,0.000000,0.000000,0.011500,0.000000,0.012300,0.000000,0.000000,0.000000,0.005900,0.002100,0.003400,0.007400,0.000000
186,1.102538,5.820996,5.843000,2.791900,19001.000000,1288581275.000000,1798618424.000000,286048256.000000,267079680.000000,1992159232.000000,1.013800,69.000000,0.609500,0.031900,0.016200,0.498900,0.010900,0.024400,0.010300,0.000500,0.000400,0.000800,0.005500,0.002600,0.003700,0.006800,0.000000
187,1.108173,5.651602,5.589000,2.336400,19001.000000,1288598427.000000,1798618424.000000,286048256.000000,267096064.000000,1992159232.000000,1.034300,69.000000,0.000900,0.000000,0.000000,0.000000,0.011300,0.000000,0.010800,0.000000,0.000000,0.000000,0.005300,0.002300,0.003700,0.006000,0.000000
188,1.113741,5.538400,5.584300,2.262800,19001.000000,1288615107.000000,1798618424.000000,286048256.000000,267112448.000000,1992159232.000000,0.821000,69.000000,0.000700,0.000000,0.000000,0.000000,0.011500,0.000000,0.011600,0.000000,0.000000,0.000000,0.004700,0.002400,0.003300,0.007500,0.000000
189,1.120062,6.297399,6.243300,2.804200,19001.000000,1288536911.000000,1798536504.000000,286048256.000000,267116544.000000,1992159232.000000,0.808100,69.000000,0.569400,0.035300,0.017700,0.466100,0.012000,0.015600,0.010600,0.000500,0.000200,0.000600,0.005100,0.002200,0.003600,0.005500,0.000000
190,1.125385,5.370004,5.414300,2.288400,19001.000000,1288638379.000000,1798618424.000000,286048256.000000,267132928.000000,1992159232.000000,0.928300,69.000000,0.000700,0.000000,0.000000,0.000000,0.013300,0.000000,0.012200,0.000000,0.000000,0.000000,0.006200,0.002000,0.003500,0.007300,0.000000
191,1.130793,5.388698,5.335000,2.270000,19001.000000,1288648739.000000,1798618424.000000,286048256.000000,267145216.000000,1992159232.000000,0.895500,69.000000,0.000700,0.000000,0.000000,0.000000,0.012400,0.000000,0.011500,0.000000,0.000000,0.000000,0.004600,0.002200,0.004200,0.006300,0.000000
192,1.137171,6.392297,6.405400,3.113100,19001.000000,1288664055.000000,1798618424.000000,286048256.000000,267157504.000000,1992159232.000000,0.812300,69.000000,0.669500,0.033800,0.017700,0.565000,0.011300,0.018200,0.011000,0.000500,0.000300,0.000500,0.005000,0.002600,0.003600,0.005800,0.000000
193,1.142459,5.277601,5.238700,2.193000,19001.000000,1288603299.000000,1798536504.000000,286048256.000000,267177984.000000,1992159232.000000,0.818200,69.000000,0.000700,0.000000,0.000000,0.000000,0.013400,0.000000,0.011900,0.000000,0.000000,0.000000,0.004600,0.002400,0.003600,0.006300,0.000000
194,1.147985,5.533404,5.480200,2.227800,19001.000000,1288617243.000000,1798536504.000000,286048256.000000,267190272.000000,1992159232.000000,0.806100,69.000000,0.000600,0.000000,0.000000,0.000000,0.013600,0.000000,0.013300,0.000000,0.000000,0.000000,0.005600,0.002200,0.003800,0.007100,0.000000
195,1.154286,6.287798,6.318200,3.019800,19137.000000,1288707267.000000,1798618424.000000,286048256.000000,267198464.000000,1992159232.000000,0.977900,69.000000,0.651600,0.035300,0.016900,0.535700,0.012200,0.027100,0.022400,0.000500,0.000300,0.000900,0.005400,0.002600,0.003200,0.007200,0.000000
196,1.160090,5.831803,5.831700,2.227100,19001.000000,1288636375.000000,1798536504.000000,286048256.000000,267210752.000000,1992159232.000000,0.724900,69.000000,0.000700,0.000000,0.000000,0.000000,0.012800,0.000000,0.011100,0.000000,0.000000,0.000000,0.005500,0.002200,0.003600,0.007300,0.000000
197,1.166495,6.392297,6.368400,3.046800,19001.000000,1288671951.000000,1798536504.000000,286048256.000000,267231232.000000,1992159232.000000,0.893600,69.000000,0.508100,0.030900,0.015900,0.409000,0.011400,0.017800,0.010800,0.000600,0.000300,0.000500,0.005000,0.002400,0.003100,0.005500,0.000000
198,1.171816,5.319204,5.370400,2.337000,19001.000000,1288753107.000000,1798618424.000000,286048256.000000,267243520.000000,1992159232.000000,0.817900,69.000000,0.000500,0.000000,0.000000,0.000000,0.012200,0.000000,0.022300,0.000000,0.000000,0.000000,0.005300,0.002200,0.003600,0.007800,0.000000
199,1.177432,5.617793,5.562100,2.347700,19001.000000,1288680231.000000,1798536504.000000,286048256.000000,267251712.000000,1992159232.000000,0.896900,69.000000,0.000800,0.000000,0.000000,0.000000,0.010100,0.000000,0.011600,0.000000,0.000000,0.000000,0.005000,0.002200,0.003400,0.005500,0.000000
200,1.183246,5.807504,5.808600,2.712700,19001.000000,1288696603.000000,1798536504.000000,286048256.000000,267268096.000000,1992159232.000000,1.038100,69.000000,0.502200,0.035200,0.017500,0.399900,0.011300,0.016000,0.010400,0.000600,0.000300,0.000400,0.005600,0.002400,0.003700,0.006300,0.000000
201,1.188556,5.321698,5.281400,2.136400,19001.000000,1288716211.000000,1798536504.000000,286048256.000000,267284480.000000,1992159232.000000,0.782800,69.000000,0.000600,0.000000,0.000000,0.000000,0.013300,0.000000,0.011800,0.000000,0.000000,0.000000,0.005500,0.002300,0.003800,0.007000,0.000000
202,1.193737,5.153500,5.195600,2.123900,19001.000000,1288724747.000000,1798536504.000000,286048256.000000,267292672.000000,1992159232.000000,0.924700,69.000000,0.000700,0.000000,0.000000,0.000000,0.012000,0.000000,0.010600,0.000000,0.000000,0.000000,0.005200,0.002000,0.003100,0.007400,0.000000
203,1.200202,6.490497,6.446300,2.823600,19001.000000,1288742495.000000,1798536504.000000,286048256.000000,267309056.000000,1992159232.000000,0.788100,69.000000,0.513900,0.035400,0.015900,0.408900,0.011700,0.019700,0.010800,0.000400,0.000200,0.000500,0.006000,0.002200,0.003200,0.005700,0.000000
204,1.205303,5.103401,5.137400,2.065700,19001.000000,1288759007.000000,1798536504.000000,286048256.000000,267325440.000000,1992159232.000000,0.793900,69.000000,0.000700,0.000000,0.000000,0.000000,0.012800,0.000000,0.011000,0.000000,0.000000,0.000000,0.004900,0.001900,0.003300,0.007400,0.000000
205,1.210589,5.284503,5.230600,2.113100,19001.000000,1288853171.000000,1798618424.000000,286048256.000000,267337728.000000,1992159232.000000,0.763500,69.000000,0.000800,0.000000,0.000000,0.000000,0.010900,0.000000,0.010200,0.000000,0.000000,0.000000,0.005000,0.002100,0.003600,0.007400,0.000000
206,1.216943,6.347598,6.386500,3.048100,19001.000000,1288786283.000000,1798536504.000000,286048256.000000,267350016.000000,1992159232.000000,0.809100,69.000000,0.558600,0.034900,0.016800,0.451400,0.010300,0.022200,0.010100,0.000400,0.000400,0.000700,0.005000,0.002300,0.003100,0.005900,0.000000
207,1.222326,5.393899,5.338400,2.209500,19001.000000,1288816587.000000,1798536504.000000,286048256.000000,267366400.000000,1992159232.000000,0.853400,69.000000,0.000700,0.000000,0.000000,0.000000,0.012100,0.000000,0.011100,0.000000,0.000000,0.000000,0.005400,0.002200,0.003900,0.007700,0.000000
208,1.227570,5.232901,5.243900,2.168600,19001.000000,1288811491.000000,1798536504.000000,286048256.000000,267374592.000000,1992159232.000000,0.911500,69.000000,0.000700,0.000000,0.000000,0.000000,0.010700,0.000000,0.011600,0.000000,0.000000,0.000000,0.005700,0.002100,0.004100,0.007200,0.000000
209,1.233927,6.344700,6.322100,2.851000,19053.000000,1288914947.000000,1798618424.000000,286048256.000000,267395072.000000,1992159232.000000,0.901500,69.000000,0.625300,0.035300,0.017600,0.509800,0.011800,0.024800,0.019500,0.000700,0.000200,0.000600,0.006200,0.002400,0.003500,0.006900,0.000000
210,1.239461,5.561501,5.591700,2.218600,19001.000000,1288932483.000000,1798618424.000000,286048256.000000,267411456.000000,1992163328.000000,0.950100,69.000000,0.000600,0.000000,0.000000,0.000000,0.012400,0.000000,0.026100,0.000000,0.000000,0.000000,0.004600,0.002000,0.003500,0.007000,0.000000
211,1.245113,5.622902,5.540600,2.138300,19001.000000,1288858575.000000,1798536504.000000,286048256.000000,267419648.000000,1992163328.000000,0.800800,69.000000,0.000800,0.000000,0.000000,0.000000,0.011500,0.000000,0.094800,0.000000,0.000000,0.000000,0.004800,0.002100,0.003500,0.005700,0.000000
212,1.251208,6.092496,6.133900,2.883500,19001.000000,1288883087.000000,1798536504.000000,286048256.000000,267440128.000000,1992163328.000000,0.786000,69.000000,0.538400,0.044000,0.018400,0.419000,0.011900,0.020700,0.014100,0.000400,0.000200,0.000500,0.006000,0.002500,0.004000,0.006100,0.000000
213,1.256785,5.602906,5.573700,2.342600,19001.000000,1288908191.000000,1798536504.000000,286048256.000000,267448320.000000,1992163328.000000,0.791400,69.000000,0.000800,0.000000,0.000000,0.000000,0.012900,0.000000,0.013500,0.000000,0.000000,0.000000,0.005600,0.002100,0.003800,0.007600,0.000000
214,1.262334,5.546500,5.556300,2.314100,19001.000000,1288998379.000000,1798618424.000000,286048256.000000,267468800.000000,1992163328.000000,0.787200,69.000000,0.000900,0.000000,0.000000,0.000000,0.010700,0.000000,0.012800,0.000000,0.000000,0.000000,0.005300,0.002200,0.003100,0.007400,0.000000
215,1.268871,6.532696,6.486200,3.208200,19001.000000,1288929379.000000,1798536504.000000,286048256.000000,267485184.000000,1992163328.000000,1.055000,69.000000,0.867800,0.040700,0.018300,0.756700,0.013000,0.017500,0.016400,0.000500,0.000300,0.000400,0.005100,0.003400,0.003700,0.006200,0.000000
216,1.274652,5.748505,5.761300,2.182400,19001.000000,1288941403.000000,1798536504.000000,286048256.000000,267497472.000000,1992163328.000000,0.935600,69.000000,0.000700,0.000000,0.000000,0.000000,0.013000,0.000000,0.010500,0.000000,0.000000,0.000000,0.005100,0.002000,0.003200,0.007300,0.000000
217,1.280676,6.053600,6.029400,2.550000,19001.000000,1288958315.000000,1798536504.000000,286048256.000000,267509760.000000,1992163328.000000,0.953600,69.000000,0.000600,0.000000,0.000000,0.000000,0.012300,0.000000,0.026100,0.000000,0.000000,0.000000,0.005900,0.002400,0.003900,0.007700,0.000000
218,1.286348,5.679897,5.711900,2.676900,19001.000000,1288975439.000000,1798536504.000000,286048256.000000,267526144.000000,1992163328.000000,0.773800,69.000000,0.502000,0.032900,0.015100,0.403900,0.011600,0.017100,0.009800,0.000500,0.000300,0.000600,0.006100,0.002400,0.003200,0.005700,0.000000
219,1.292283,5.912904,5.768100,2.440800,19001.000000,1289069963.000000,1798618424.000000,286048256.000000,267538432.000000,1992163328.000000,0.792200,69.000000,0.000600,0.000000,0.000000,0.000000,0.012000,0.000000,0.010200,0.000000,0.000000,0.000000,0.005400,0.002300,0.003300,0.007600,0.000000
220,1.298534,6.159899,6.220700,2.553300,19001.000000,1289009159.000000,1798536504.000000,286048256.000000,267558912.000000,1992163328.000000,1.063800,69.000000,0.000600,0.000000,0.000000,0.000000,0.010900,0.000000,0.010600,0.000000,0.000000,0.000000,0.005600,0.002200,0.003300,0.007800,0.000000
221,1.304683,6.267198,6.285600,2.859300,19137.000000,1289025695.000000,1798536504.000000,286048256.000000,267575296.000000,1992163328.000000,1.037500,69.000000,0.607200,0.031900,0.016500,0.500500,0.011600,0.022700,0.019300,0.000500,0.000200,0.000800,0.005900,0.002500,0.003600,0.005700,0.000000
222,1.310089,5.387103,5.424000,2.172900,19001.000000,1289041415.000000,1798536504.000000,286048256.000000,267587584.000000,1992163328.000000,0.949900,69.000000,0.000600,0.000000,0.000000,0.000000,0.012300,0.000000,0.012400,0.000000,0.000000,0.000000,0.005200,0.002000,0.003400,0.007000,0.000000
223,1.315733,5.679797,5.629600,2.724500,19001.000000,1289137495.000000,1798618424.000000,286048256.000000,267603968.000000,1992163328.000000,0.748100,69.000000,0.558100,0.035100,0.015700,0.449100,0.010300,0.021700,0.011000,0.000500,0.000400,0.000700,0.005500,0.002300,0.003500,0.006100,0.000000
224,1.320762,5.022002,5.063900,2.053200,19001.000000,1289148255.000000,1798618424.000000,286048256.000000,267612160.000000,1992163328.000000,0.751600,69.000000,0.000600,0.000000,0.000000,0.000000,0.011900,0.000000,0.011500,0.000000,0.000000,0.000000,0.004700,0.001900,0.003300,0.006100,0.000000
225,1.325828,5.054096,5.003400,2.070800,19001.000000,1289087427.000000,1798536504.000000,286048256.000000,267632640.000000,1992163328.000000,0.888500,69.000000,0.000800,0.000000,0.000000,0.000000,0.010100,0.000000,0.010700,0.000000,0.000000,0.000000,0.004700,0.002000,0.003100,0.006600,0.000000
226,1.331068,5.225503,5.255400,2.127100,19001.000000,1289182959.000000,1798618424.000000,286048256.000000,267644928.000000,1992163328.000000,0.796100,69.000000,0.000800,0.000000,0.000000,0.000000,0.011300,0.000000,0.009600,0.000000,0.000000,0.000000,0.005500,0.002200,0.003600,0.007100,0.000000
227,1.337689,6.625900,6.559000,2.978100,19001.000000,1289117767.000000,1798536504.000000,286048256.000000,267661312.000000,1992163328.000000,0.750900,69.000000,0.498200,0.035300,0.018100,0.395600,0.009900,0.015600,0.022100,0.000500,0.000300,0.000400,0.005000,0.002600,0.003600,0.005500,0.000000
228,1.343003,5.326495,5.371900,2.395700,19001.000000,1289214971.000000,1798618424.000000,286048256.000000,267677696.000000,1992163328.000000,0.768000,69.000000,0.000700,0.000000,0.000000,0.000000,0.013100,0.000000,0.012600,0.000000,0.000000,0.000000,0.005400,0.002400,0.003800,0.006600,0.000000
229,1.348930,5.924504,5.877400,2.879400,19001.000000,1289241975.000000,1798618424.000000,286048256.000000,267689984.000000,1992163328.000000,0.886500,69.000000,0.606600,0.035000,0.017500,0.498900,0.010900,0.020500,0.011100,0.000500,0.000300,0.000900,0.004800,0.002200,0.003300,0.005800,0.000000
230,1.354013,5.062302,5.090100,2.063500,19001.000000,1289245159.000000,1798618424.000000,286048256.000000,267706368.000000,1992163328.000000,0.698600,69.000000,0.000500,0.000000,0.000000,0.000000,0.012200,0.000000,0.012100,0.000000,0.000000,0.000000,0.004900,0.002900,0.003000,0.007100,0.000000
231,1.359133,5.146896,5.100600,2.086100,19001.000000,1289262327.000000,1798618424.000000,286048256.000000,267722752.000000,1992163328.000000,0.755400,69.000000,0.000800,0.000000,0.000000,0.000000,0.010900,0.000000,0.011200,0.000000,0.000000,0.000000,0.005300,0.002000,0.003400,0.007300,0.000000
232,1.364658,5.512500,5.529300,2.250000,19001.000000,1289279039.000000,1798618424.000000,286048256.000000,267739136.000000,1992163328.000000,0.789700,69.000000,0.000700,0.000000,0.000000,0.000000,0.010100,0.000000,0.012300,0.000000,0.000000,0.000000,0.004500,0.002300,0.003700,0.006800,0.000000
233,1.370858,6.191199,6.144400,2.943500,19001.000000,1289302767.000000,1798618424.000000,286048256.000000,267759616.000000,1992163328.000000,0.730700,69.000000,0.510200,0.035100,0.017900,0.407700,0.013200,0.014900,0.011900,0.000400,0.000300,0.000400,0.005400,0.002700,0.003100,0.006000,0.000000
234,1.376335,5.487202,5.532300,2.233500,19001.000000,1289224999.000000,1798536504.000000,286048256.000000,267763712.000000,1992163328.000000,0.748700,69.000000,0.000600,0.000000,0.000000,0.000000,0.012400,0.000000,0.020600,0.000000,0.000000,0.000000,0.004800,0.002400,0.003300,0.007000,0.000000
235,1.382458,6.117198,6.070500,3.044100,19001.000000,1289328339.000000,1798618424.000000,286048256.000000,267784192.000000,1992163328.000000,0.883900,69.000000,0.600300,0.034200,0.016400,0.497900,0.010900,0.017700,0.017600,0.000600,0.000300,0.000800,0.005700,0.017700,0.003300,0.006100,0.000000
236,1.387862,5.400000,5.420600,2.305600,19001.000000,1289349139.000000,1798618424.000000,286048256.000000,267804672.000000,1992163328.000000,0.827800,69.000000,0.000600,0.000000,0.000000,0.000000,0.013300,0.000000,0.015500,0.000000,0.000000,0.000000,0.005000,0.002200,0.003600,0.006700,0.000000
237,1.393171,5.297704,5.254600,2.204100,19001.000000,1289275023.000000,1798536504.000000,286048256.000000,267812864.000000,1992163328.000000,1.051200,69.000000,0.000900,0.000000,0.000000,0.000000,0.011700,0.000000,0.011600,0.000000,0.000000,0.000000,0.005400,0.002100,0.003400,0.006300,0.000000
238,1.399388,6.235898,6.262300,2.985800,19001.000000,1289294467.000000,1798536504.000000,286048256.000000,267829248.000000,1992163328.000000,0.790900,69.000000,0.709400,0.035900,0.017100,0.591600,0.011500,0.026300,0.010300,0.000300,0.000200,0.000600,0.005700,0.002300,0.003400,0.006800,0.000000
239,1.404762,5.373200,5.330800,2.097300,19001.000000,1289390927.000000,1798618424.000000,286048256.000000,267845632.000000,1992163328.000000,0.774100,69.000000,0.000700,0.000000,0.000000,0.000000,0.012700,0.000000,0.010800,0.000000,0.000000,0.000000,0.005600,0.001900,0.003800,0.007300,0.000000
240,1.410570,5.791801,5.720700,2.578200,19001.000000,1289401703.000000,1798618424.000000,286048256.000000,267853824.000000,1992163328.000000,0.767900,69.000000,0.000600,0.000000,0.000000,0.000000,0.011900,0.000000,0.012200,0.000000,0.000000,0.000000,0.005100,0.002100,0.003900,0.007500,0.000000
241,1.416645,6.100198,6.164100,3.024000,19001.000000,1289419823.000000,1798618424.000000,286048256.000000,267870208.000000,1992163328.000000,0.898700,69.000000,0.707900,0.056900,0.018100,0.564200,0.011300,0.028900,0.010400,0.000400,0.000300,0.000700,0.005300,0.002100,0.003400,0.006000,0.000000
242,1.422015,5.357696,5.364900,2.292800,19001.000000,1289445411.000000,1798618424.000000,286048256.000000,267894784.000000,1992167424.000000,0.847000,69.000000,0.000500,0.000000,0.000000,0.000000,0.011400,0.000000,0.010500,0.000000,0.000000,0.000000,0.005000,0.002000,0.003400,0.005700,0.000000
243,1.427244,5.237302,5.202100,2.238600,19001.000000,1289457611.000000,1798618424.000000,286048256.000000,267907072.000000,1992167424.000000,0.816900,69.000000,0.000700,0.000000,0.000000,0.000000,0.011300,0.000000,0.011300,0.000000,0.000000,0.000000,0.005400,0.002500,0.003600,0.007300,0.000000
244,1.433365,6.094700,6.110400,3.023200,19001.000000,1289468235.000000,1798618424.000000,286048256.000000,267919360.000000,1992167424.000000,0.821100,69.000000,0.674500,0.040400,0.018000,0.553100,0.010600,0.025700,0.010700,0.000500,0.000200,0.000500,0.005300,0.002200,0.003300,0.006900,0.000000
245,1.438846,5.495203,5.440100,2.238000,19053.000000,1289420423.000000,1798536504.000000,286048256.000000,267935744.000000,1992167424.000000,0.846200,69.000000,0.000600,0.000000,0.000000,0.000000,0.013500,0.000000,0.013400,0.000000,0.000000,0.000000,0.005200,0.002200,0.003300,0.006500,0.000000
246,1.443924,5.098200,5.150200,2.086300,19001.000000,1289509835.000000,1798618424.000000,286048256.000000,267956224.000000,1992167424.000000,0.759900,69.000000,0.000600,0.000000,0.000000,0.000000,0.012200,0.000000,0.012200,0.000000,0.000000,0.000000,0.005800,0.002400,0.003500,0.008300,0.000000
247,1.450099,6.147697,6.040100,2.763400,19001.000000,1289437283.000000,1798536504.000000,286048256.000000,267964416.000000,1992167424.000000,0.761200,69.000000,0.600900,0.036500,0.016800,0.491800,0.011000,0.021200,0.020800,0.000500,0.000200,0.000600,0.004800,0.002100,0.003500,0.005800,0.000000
248,1.455459,5.387401,5.484400,2.275000,19137.000000,1289462003.000000,1798536504.000000,286048256.000000,267988992.000000,1992167424.000000,0.795500,69.000000,0.000500,0.000000,0.000000,0.000000,0.012100,0.000000,0.011100,0.000000,0.000000,0.000000,0.005000,0.002400,0.003200,0.007900,0.000000
249,1.460895,5.432299,5.381400,2.432800,19001.000000,1289563935.000000,1798618424.000000,286048256.000000,268005376.000000,1992167424.000000,0.764600,69.000000,0.000600,0.000000,0.000000,0.000000,0.011400,0.000000,0.016000,0.000000,0.000000,0.000000,0.005300,0.002000,0.003600,0.008100,0.000000
250,1.466770,5.880102,5.915800,2.791100,19001.000000,1289572875.000000,1798618424.000000,286048256.000000,268013568.000000,1992167424.000000,0.769900,69.000000,0.512000,0.034600,0.016200,0.406000,0.013900,0.021600,0.011400,0.000500,0.000300,0.000700,0.004900,0.002400,0.003400,0.005800,0.000000
251,1.472202,5.394799,5.293400,2.205000,19001.000000,1289597787.000000,1798618424.000000,286048256.000000,268038144.000000,1992167424.000000,0.875800,69.000000,0.000900,0.000000,0.000000,0.000000,0.011400,0.000000,0.012700,0.000000,0.000000,0.000000,0.004800,0.002400,0.003000,0.006400,0.000000
252,1.477545,5.360303,5.421600,2.261700,19001.000000,1289524183.000000,1798536504.000000,286048256.000000,268046336.000000,1992167424.000000,0.787700,69.000000,0.000800,0.000000,0.000000,0.000000,0.013000,0.000000,0.011400,0.000000,0.000000,0.000000,0.005100,0.002200,0.003300,0.006600,0.000000
253,1.483933,6.401297,6.369400,2.845700,19001.000000,1289622631.000000,1798618424.000000,286048256.000000,268062720.000000,1992167424.000000,0.912600,69.000000,0.572000,0.041100,0.017500,0.460000,0.011300,0.021800,0.010300,0.000500,0.000400,0.000700,0.005900,0.002200,0.003700,0.006200,0.000000
254,1.489531,5.590405,5.612000,2.183600,19001.000000,1289646335.000000,1798618424.000000,286048256.000000,268083200.000000,1992167424.000000,0.806700,69.000000,0.000900,0.000000,0.000000,0.000000,0.013000,0.000000,0.025400,0.000000,0.000000,0.000000,0.004600,0.002200,0.003500,0.007200,0.000000
255,1.495038,5.499795,5.463800,2.287100,19001.000000,1289660815.000000,1798618424.000000,286048256.000000,268099584.000000,1992167424.000000,0.795100,69.000000,0.000600,0.000000,0.000000,0.000000,0.010600,0.000000,0.011300,0.000000,0.000000,0.000000,0.005300,0.002200,0.003500,0.007100,0.000000
256,1.501142,6.121903,6.152900,2.919000,19001.000000,1289675819.000000,1798618424.000000,286048256.000000,268111872.000000,1992167424.000000,0.803300,69.000000,0.640000,0.036400,0.017700,0.506300,0.010700,0.036300,0.011000,0.000600,0.000300,0.002000,0.004700,0.002300,0.003500,0.006500,0.000000
257,1.506627,5.491596,5.444300,2.313700,19001.000000,1289692963.000000,1798618424.000000,286048256.000000,268128256.000000,1992167424.000000,0.764000,69.000000,0.000600,0.000000,0.000000,0.000000,0.011900,0.000000,0.012700,0.000000,0.000000,0.000000,0.004800,0.001900,0.003600,0.005900,0.000000
258,1.511854,5.204004,5.220100,2.229200,19001.000000,1289702571.000000,1798618424.000000,286048256.000000,268136448.000000,1992167424.000000,0.789600,69.000000,0.000700,0.000000,0.000000,0.000000,0.010100,0.000000,0.010800,0.000000,0.000000,0.000000,0.004700,0.002100,0.003200,0.006700,0.000000
259,1.518042,6.192900,6.158300,3.187800,19001.000000,1289735651.000000,1798618424.000000,286048256.000000,268165120.000000,1992167424.000000,0.925700,69.000000,0.547400,0.042100,0.018400,0.422500,0.010100,0.027200,0.013300,0.000700,0.000300,0.000700,0.005200,0.003300,0.003500,0.007200,0.000000
260,1.523076,5.058397,5.070300,2.120400,19001.000000,1289751323.000000,1798618424.000000,286048256.000000,268181504.000000,1992167424.000000,0.801800,68.000000,0.000500,0.000000,0.000000,0.000000,0.013700,0.000000,0.013400,0.000000,0.000000,0.000000,0.005300,0.002200,0.003100,0.006300,0.000000
261,1.528519,5.430102,5.405800,2.219700,19001.000000,1289778331.000000,1798618424.000000,286048256.000000,268193792.000000,1992167424.000000,0.778900,69.000000,0.000800,0.000000,0.000000,0.000000,0.010600,0.000000,0.013400,0.000000,0.000000,0.000000,0.004600,0.002300,0.003500,0.005900,0.000000
262,1.534606,6.064704,6.091100,2.871600,19001.000000,1289772991.000000,1798618424.000000,286048256.000000,268206080.000000,1992167424.000000,0.763400,69.000000,0.651800,0.036400,0.017800,0.541900,0.010700,0.020500,0.011300,0.000600,0.000300,0.000600,0.005000,0.002200,0.003300,0.006300,0.000000
263,1.539860,5.269296,5.204200,2.065700,19001.000000,1289716459.000000,1798536504.000000,286048256.000000,268230656.000000,1992167424.000000,0.765000,69.000000,0.000600,0.000000,0.000000,0.000000,0.012100,0.000000,0.011100,0.000000,0.000000,0.000000,0.004700,0.002200,0.003400,0.006200,0.000000
264,1.545087,5.219303,5.261500,2.126400,19001.000000,1289736667.000000,1798536504.000000,286048256.000000,268251136.000000,1992167424.000000,0.858800,69.000000,0.000900,0.000000,0.000000,0.000000,0.010700,0.000000,0.009700,0.000000,0.000000,0.000000,0.005600,0.002200,0.003500,0.007800,0.000000
265,1.550890,5.797697,5.751800,2.771100,19001.000000,1289748375.000000,1798536504.000000,286048256.000000,268259328.000000,1992167424.000000,0.858800,69.000000,0.572800,0.038000,0.015400,0.464500,0.010400,0.023400,0.010200,0.000500,0.000300,0.000800,0.005600,0.002400,0.003300,0.005800,0.000000
266,1.556318,5.447399,5.481300,2.301500,19001.000000,1289761151.000000,1798536504.000000,286048256.000000,268271616.000000,1992167424.000000,1.004800,69.000000,0.000800,0.000000,0.000000,0.000000,0.012400,0.000000,0.009700,0.000000,0.000000,0.000000,0.005900,0.002100,0.003200,0.007400,0.000000
267,1.561627,5.320203,5.273900,2.274200,19001.000000,1289864319.000000,1798618424.000000,286048256.000000,268292096.000000,1992167424.000000,0.888300,69.000000,0.000600,0.000000,0.000000,0.000000,0.010400,0.000000,0.009700,0.000000,0.000000,0.000000,0.005000,0.002000,0.003200,0.007200,0.000000
268,1.567482,5.833100,5.857900,2.837600,19001.000000,1289880931.000000,1798618424.000000,286048256.000000,268308480.000000,1992167424.000000,0.829600,69.000000,0.538200,0.035300,0.015400,0.425900,0.010600,0.023600,0.010100,0.000400,0.000300,0.000700,0.004700,0.002300,0.002900,0.006100,0.000000
269,1.572777,5.267000,5.200200,2.188900,19001.000000,1289811087.000000,1798536504.000000,286048256.000000,268320768.000000,1992167424.000000,0.940900,69.000000,0.000800,0.000000,0.000000,0.000000,0.013000,0.000000,0.011000,0.000000,0.000000,0.000000,0.005200,0.002100,0.003300,0.007800,0.000000
270,1.578044,5.300297,5.322800,2.229900,19001.000000,1289916883.000000,1798618424.000000,286048256.000000,268341248.000000,1992167424.000000,0.782900,69.000000,0.000600,0.000000,0.000000,0.000000,0.012500,0.000000,0.013200,0.000000,0.000000,0.000000,0.005300,0.002100,0.003600,0.006700,0.000000
271,1.584628,6.578500,6.553200,3.117800,19001.000000,1289844811.000000,1798536504.000000,286048256.000000,268353536.000000,1992167424.000000,0.779700,69.000000,0.637200,0.037500,0.018400,0.520100,0.011600,0.024400,0.010800,0.000500,0.000400,0.000700,0.004900,0.002200,0.003500,0.006500,0.000000
272,1.590115,5.415405,5.443700,2.143200,19001.000000,1289949919.000000,1798618424.000000,286048256.000000,268374016.000000,1992167424.000000,0.778100,69.000000,0.000700,0.000000,0.000000,0.000000,0.012800,0.000000,0.013000,0.000000,0.000000,0.000000,0.006000,0.002000,0.003900,0.007100,0.000000
273,1.595821,5.768197,5.705200,2.421200,19001.000000,1289876747.000000,1798536504.000000,286048256.000000,268382208.000000,1992167424.000000,0.774500,69.000000,0.000900,0.000000,0.000000,0.000000,0.012600,0.000000,0.012700,0.000000,0.000000,0.000000,0.005300,0.002400,0.003600,0.008400,0.000000
274,1.602378,6.557398,6.518900,3.159500,19001.000000,1289894879.000000,1798536504.000000,286048256.000000,268398592.000000,1992171520.000000,0.921900,69.000000,0.525500,0.033900,0.017400,0.421500,0.012300,0.016400,0.011000,0.000500,0.000300,0.000500,0.005500,0.002500,0.003400,0.005900,0.000000
275,1.608491,6.107100,6.107100,2.540800,19137.000000,1289915327.000000,1798536504.000000,286048256.000000,268419072.000000,1992171520.000000,0.969900,69.000000,0.000800,0.000000,0.000000,0.000000,0.013400,0.000000,0.012400,0.000000,0.000000,0.000000,0.005300,0.002100,0.003700,0.007900,0.000000
276,1.614653,6.144799,6.186400,2.699600,19001.000000,1289926351.000000,1798536504.000000,286048256.000000,268431360.000000,1992171520.000000,0.847200,69.000000,0.001100,0.000000,0.000000,0.000000,0.011900,0.000000,0.012600,0.000000,0.000000,0.000000,0.006000,0.002300,0.003600,0.007700,0.000000
277,1.620740,6.122002,6.100300,2.878600,19001.000000,1290048191.000000,1798618424.000000,286048256.000000,268455936.000000,1992171520.000000,0.844400,69.000000,0.582100,0.036600,0.017200,0.468500,0.011500,0.023500,0.012100,0.000500,0.000200,0.000800,0.005700,0.002500,0.004000,0.006800,0.000000
278,1.626402,5.667396,5.515700,2.308600,19001.000000,1290047271.000000,1798618424.000000,286048256.000000,268468224.000000,1992171520.000000,0.982600,68.000000,0.000600,0.000000,0.000000,0.000000,0.012300,0.000000,0.013000,0.000000,0.000000,0.000000,0.005100,0.002000,0.003600,0.006600,0.000000
279,1.632445,6.014902,6.118600,2.852100,19001.000000,1290060803.000000,1798618424.000000,286048256.000000,268480512.000000,1992171520.000000,1.086400,69.000000,0.612300,0.078900,0.018400,0.455000,0.011500,0.024100,0.010200,0.000400,0.000300,0.001100,0.004800,0.002700,0.003900,0.006400,0.000000
280,1.637642,5.225198,5.277400,2.243700,19001.000000,1290072995.000000,1798618424.000000,286048256.000000,268492800.000000,1992171520.000000,0.883500,69.000000,0.000700,0.000000,0.000000,0.000000,0.012100,0.000000,0.011100,0.000000,0.000000,0.000000,0.005900,0.002200,0.003500,0.007900,0.000000
281,1.642859,5.206002,5.144700,2.161200,19053.000000,1290039167.000000,1798536504.000000,286048256.000000,268521472.000000,1992171520.000000,0.821600,69.000000,0.000700,0.000000,0.000000,0.000000,0.011900,0.000000,0.011900,0.000000,0.000000,0.000000,0.004600,0.002100,0.003600,0.007600,0.000000
282,1.648097,5.237103,5.274600,2.208400,19001.000000,1290031487.000000,1798536504.000000,286048256.000000,268529664.000000,1992171520.000000,0.796500,69.000000,0.000800,0.000000,0.000000,0.000000,0.011800,0.000000,0.011700,0.000000,0.000000,0.000000,0.005600,0.002800,0.003200,0.007100,0.000000
283,1.653736,5.629996,5.599800,2.636200,19001.000000,1290130299.000000,1798618424.000000,286048256.000000,268546048.000000,1992171520.000000,0.777200,69.000000,0.503400,0.033100,0.016700,0.402900,0.011500,0.017700,0.010700,0.000400,0.000300,0.000600,0.005400,0.002400,0.003100,0.005400,0.000000
284,1.659014,5.247803,5.240000,2.055200,19001.000000,1290065087.000000,1798536504.000000,286048256.000000,268562432.000000,1992171520.000000,0.738500,69.000000,0.000700,0.000000,0.000000,0.000000,0.012300,0.000000,0.011700,0.000000,0.000000,0.000000,0.005100,0.002100,0.003300,0.006600,0.000000
285,1.664500,5.540200,5.513800,2.271500,19001.000000,1290081143.000000,1798536504.000000,286048256.000000,268578816.000000,1992171520.000000,0.784700,69.000000,0.000600,0.000000,0.000000,0.000000,0.013900,0.000000,0.134900,0.000000,0.000000,0.000000,0.008200,0.002000,0.003400,0.008000,0.000000
286,1.670420,5.892198,5.921500,2.853000,19001.000000,1290096491.000000,1798536504.000000,286048256.000000,268591104.000000,1992171520.000000,0.739500,69.000000,0.703400,0.033900,0.015200,0.596700,0.010900,0.023500,0.010100,0.000400,0.000300,0.000800,0.005600,0.002400,0.003300,0.005900,0.000000
287,1.675690,5.290002,5.238900,2.145600,19001.000000,1290123347.000000,1798536504.000000,286048256.000000,268619776.000000,1992171520.000000,0.735100,69.000000,0.000700,0.000000,0.000000,0.000000,0.012100,0.000000,0.011000,0.000000,0.000000,0.000000,0.005900,0.002200,0.003700,0.006900,0.000000
288,1.680923,5.244196,5.286700,2.192900,19001.000000,1290220119.000000,1798618424.000000,286048256.000000,268632064.000000,1992171520.000000,0.769200,69.000000,0.000700,0.000000,0.000000,0.000000,0.011200,0.000000,0.010500,0.000000,0.000000,0.000000,0.006100,0.002200,0.003600,0.007900,0.000000
289,1.686836,5.915200,5.848600,2.826800,19001.000000,1290234003.000000,1798618424.000000,286048256.000000,268644352.000000,1992171520.000000,0.833700,69.000000,0.518800,0.034500,0.016300,0.412700,0.010000,0.021100,0.010700,0.000500,0.000300,0.000500,0.004300,0.002500,0.003300,0.005300,0.000000
290,1.692287,5.408000,5.446200,2.301600,19001.000000,1290174335.000000,1798536504.000000,286048256.000000,268664832.000000,1992171520.000000,0.810600,68.000000,0.000900,0.000000,0.000000,0.000000,0.012300,0.000000,0.011500,0.000000,0.000000,0.000000,0.005100,0.002300,0.003700,0.007100,0.000000
291,1.698010,5.746003,5.695400,2.387900,19001.000000,1290189839.000000,1798536504.000000,286048256.000000,268681216.000000,1992171520.000000,0.876600,69.000000,0.000600,0.000000,0.000000,0.000000,0.011700,0.000000,0.011600,0.000000,0.000000,0.000000,0.005800,0.002200,0.003700,0.006400,0.000000
292,1.703920,5.864498,5.847500,2.714300,19001.000000,1290286355.000000,1798618424.000000,286048256.000000,268697600.000000,1992171520.000000,0.810600,69.000000,0.515700,0.034900,0.016500,0.411800,0.011900,0.017900,0.023100,0.000500,0.000500,0.000600,0.005600,0.002300,0.003500,0.006000,0.000000
293,1.709723,5.835402,5.837700,2.445900,19001.000000,1290235959.000000,1798536504.000000,286048256.000000,268713984.000000,1992171520.000000,0.816100,69.000000,0.000600,0.000000,0.000000,0.000000,0.013700,0.000000,0.128100,0.000000,0.000000,0.000000,0.005300,0.002300,0.003800,0.006700,0.000000
294,1.715414,5.720096,5.756300,2.725100,19001.000000,1290238883.000000,1798536504.000000,286048256.000000,268730368.000000,1992171520.000000,0.882400,69.000000,0.565900,0.039000,0.015900,0.452000,0.011200,0.025300,0.011200,0.000500,0.000300,0.000700,0.006200,0.002300,0.003200,0.006300,0.000000
295,1.720469,5.056300,5.016300,2.055500,19001.000000,1290338247.000000,1798618424.000000,286048256.000000,268746752.000000,1992171520.000000,0.757400,69.000000,0.000700,0.000000,0.000000,0.000000,0.011800,0.000000,0.010700,0.000000,0.000000,0.000000,0.004800,0.001700,0.003400,0.005800,0.000000
296,1.725526,5.058206,5.081500,2.095000,19001.000000,1290354535.000000,1798618424.000000,286048256.000000,268763136.000000,1992171520.000000,1.144700,69.000000,0.000700,0.000000,0.000000,0.000000,0.010700,0.000000,0.010900,0.000000,0.000000,0.000000,0.004800,0.001900,0.003400,0.006700,0.000000
297,1.731028,5.472194,5.418000,2.357600,19001.000000,1290288931.000000,1798536504.000000,286048256.000000,268775424.000000,1992171520.000000,0.838700,69.000000,0.000700,0.000000,0.000000,0.000000,0.010300,0.000000,0.011300,0.000000,0.000000,0.000000,0.003900,0.002000,0.003000,0.006200,0.000000
298,1.737597,6.573002,6.552800,2.899200,19001.000000,1290240385.000000,1798470968.000000,286048256.000000,268791808.000000,1992171520.000000,0.754100,69.000000,0.518600,0.034900,0.016300,0.414300,0.010700,0.016900,0.019100,0.000500,0.000300,0.000500,0.005700,0.002200,0.003300,0.005200,0.000000
299,1.743546,5.957398,5.948300,2.430300,19001.000000,1290327039.000000,1798536504.000000,286048256.000000,268812288.000000,1992171520.000000,0.778100,69.000000,0.000800,0.000000,0.000000,0.000000,0.013800,0.000000,0.054500,0.000000,0.000000,0.000000,0.006000,0.002500,0.003600,0.007400,0.000000
300,1.749830,6.258404,6.293700,2.829000,19001.000000,1290339747.000000,1798536504.000000,286048256.000000,268824576.000000,1992171520.000000,0.810800,69.000000,0.613900,0.084000,0.016600,0.456400,0.012500,0.022800,0.012000,0.000400,0.000300,0.001000,0.005500,0.002300,0.003400,0.006200,0.000000
301,1.755650,5.823002,5.690800,2.190300,19001.000000,1290347571.000000,1798536504.000000,286048256.000000,268832768.000000,1992171520.000000,0.936700,69.000000,0.000900,0.000000,0.000000,0.000000,0.013400,0.000000,0.010300,0.000000,0.000000,0.000000,0.005800,0.002300,0.003400,0.007200,0.000000
302,1.761272,5.646400,5.762600,2.473400,19137.000000,1290453495.000000,1798618424.000000,286048256.000000,268853248.000000,1992171520.000000,0.937900,69.000000,0.000700,0.000000,0.000000,0.000000,0.012400,0.000000,0.013000,0.000000,0.000000,0.000000,0.006000,0.002000,0.003700,0.008200,0.000000
303,1.767767,6.485296,6.409200,3.066900,19001.000000,1290394383.000000,1798536504.000000,286048256.000000,268877824.000000,1992171520.000000,0.826400,69.000000,0.537600,0.037800,0.016800,0.425700,0.013500,0.021200,0.017300,0.000500,0.000400,0.000700,0.005000,0.002500,0.003900,0.005900,0.000000
304,1.773400,5.616100,5.670400,2.404300,19001.000000,1290487259.000000,1798618424.000000,286048256.000000,268886016.000000,1992171520.000000,0.840300,69.000000,0.000600,0.000000,0.000000,0.000000,0.014800,0.000000,0.013600,0.000000,0.000000,0.000000,0.005300,0.002000,0.003000,0.007000,0.000000
305,1.779116,5.737401,5.683400,2.380200,19001.000000,1290426751.000000,1798536504.000000,286048256.000000,268906496.000000,1992171520.000000,0.878600,69.000000,0.000700,0.000000,0.000000,0.000000,0.013800,0.000000,0.013200,0.000000,0.000000,0.000000,0.005400,0.002600,0.003500,0.007200,0.000000
306,1.785398,6.284999,6.311400,2.789100,19001.000000,1290510205.000000,1798536504.000000,286048256.000000,268918784.000000,1992175616.000000,1.045100,69.000000,0.559100,0.087800,0.017900,0.392600,0.012100,0.022600,0.011100,0.000500,0.000400,0.000600,0.006200,0.002500,0.003500,0.007000,0.000000
307,1.790784,5.381803,5.329600,2.184000,19001.000000,1290539243.000000,1798618424.000000,286048256.000000,268931072.000000,1992175616.000000,0.813700,69.000000,0.000600,0.000000,0.000000,0.000000,0.013000,0.000000,0.016500,0.000000,0.000000,0.000000,0.005100,0.002000,0.003300,0.006100,0.000000
308,1.795973,5.206002,5.253000,2.139700,19001.000000,1290563195.000000,1798618424.000000,286048256.000000,268955648.000000,1992175616.000000,0.890300,68.000000,0.000600,0.000000,0.000000,0.000000,0.011400,0.000000,0.013700,0.000000,0.000000,0.000000,0.005000,0.002200,0.003300,0.007000,0.000000
309,1.802520,6.521499,6.469400,3.204100,19001.000000,1290593879.000000,1798618424.000000,286048256.000000,268976128.000000,1992175616.000000,1.076800,69.000000,0.758200,0.045700,0.017500,0.620700,0.010500,0.042400,0.014700,0.000500,0.000300,0.001900,0.005200,0.002700,0.003200,0.007400,0.000000
310,1.807944,5.434099,5.453500,2.272600,19001.000000,1290506899.000000,1798536504.000000,286048256.000000,268984320.000000,1992175616.000000,0.810100,69.000000,0.000600,0.000000,0.000000,0.000000,0.013400,0.000000,0.012200,0.000000,0.000000,0.000000,0.005500,0.002400,0.003400,0.006700,0.000000
311,1.813257,5.288598,5.238300,2.182000,19001.000000,1290610191.000000,1798618424.000000,286048256.000000,269004800.000000,1992175616.000000,0.794500,69.000000,0.000700,0.000000,0.000000,0.000000,0.011900,0.000000,0.011500,0.000000,0.000000,0.000000,0.005100,0.002400,0.003400,0.007100,0.000000
312,1.819791,6.547201,6.580700,2.912500,19001.000000,1290626483.000000,1798618424.000000,286048256.000000,269021184.000000,1992175616.000000,0.844400,69.000000,0.508000,0.036400,0.019100,0.402700,0.012700,0.015600,0.011500,0.000600,0.000300,0.000500,0.005100,0.002400,0.003300,0.006500,0.000000
313,1.825483,5.715901,5.685100,2.398200,19001.000000,1290642171.000000,1798618424.000000,286048256.000000,269033472.000000,1992175616.000000,1.056600,69.000000,0.000800,0.000000,0.000000,0.000000,0.013500,0.000000,0.011900,0.000000,0.000000,0.000000,0.005800,0.002100,0.004300,0.012900,0.000000
314,1.831266,5.753997,5.777200,2.314000,19001.000000,1290592997.000000,1798552888.000000,286048256.000000,269049856.000000,1992175616.000000,0.784000,69.000000,0.000800,0.000000,0.000000,0.000000,0.010700,0.000000,0.011400,0.000000,0.000000,0.000000,0.005000,0.002200,0.003400,0.007600,0.000000
315,1.837572,6.310204,6.259900,2.987300,19001.000000,1290610453.000000,1798552888.000000,286048256.000000,269066240.000000,1992175616.000000,1.020000,69.000000,0.506800,0.035800,0.017000,0.404100,0.011200,0.016400,0.011500,0.000500,0.000300,0.000500,0.005500,0.002600,0.003400,0.005800,0.000000
316,1.843078,5.514796,5.523400,2.288600,19001.000000,1290696883.000000,1798618424.000000,286048256.000000,269086720.000000,1992175616.000000,0.941400,69.000000,0.000600,0.000000,0.000000,0.000000,0.013600,0.000000,0.011000,0.000000,0.000000,0.000000,0.005400,0.002300,0.004100,0.006500,0.000000
317,1.849436,6.363903,6.326700,2.866500,19053.000000,1290631459.000000,1798536504.000000,286048256.000000,269103104.000000,1992175616.000000,0.891100,69.000000,0.510600,0.036300,0.018400,0.402200,0.011600,0.018800,0.023900,0.000500,0.000400,0.000600,0.005600,0.002500,0.003500,0.006500,0.000000
318,1.854988,5.537599,5.577600,2.132400,19001.000000,1290642459.000000,1798536504.000000,286048256.000000,269111296.000000,1992175616.000000,0.921400,69.000000,0.000500,0.000000,0.000000,0.000000,0.012400,0.000000,0.010300,0.000000,0.000000,0.000000,0.005800,0.002300,0.002900,0.006900,0.000000
319,1.860937,5.950496,5.863700,2.393300,19001.000000,1290669507.000000,1798536504.000000,286048256.000000,269139968.000000,1992175616.000000,0.798800,69.000000,0.000600,0.000000,0.000000,0.000000,0.010800,0.000000,0.017400,0.000000,0.000000,0.000000,0.005900,0.002000,0.003300,0.006000,0.000000
320,1.867026,6.109304,6.187100,2.954400,19001.000000,1290766403.000000,1798618424.000000,286048256.000000,269152256.000000,1992175616.000000,0.827100,69.000000,0.523700,0.035100,0.017100,0.416200,0.013900,0.018600,0.010700,0.000500,0.000300,0.000700,0.006000,0.002400,0.004000,0.006400,0.000000
321,1.872375,5.308702,5.245800,2.294400,19001.000000,1290779459.000000,1798618424.000000,286048256.000000,269164544.000000,1992175616.000000,0.747300,69.000000,0.000700,0.000000,0.000000,0.000000,0.011400,0.000000,0.011600,0.000000,0.000000,0.000000,0.004500,0.002500,0.003700,0.006700,0.000000
322,1.877961,5.603394,5.626600,2.270900,19001.000000,1290797227.000000,1798618424.000000,286048256.000000,269180928.000000,1992175616.000000,1.025500,69.000000,0.000600,0.000000,0.000000,0.000000,0.011500,0.000000,0.011500,0.000000,0.000000,0.000000,0.006300,0.002000,0.002700,0.007300,0.000000
323,1.884156,6.208305,6.152700,2.812200,19001.000000,1290731259.000000,1798536504.000000,286048256.000000,269197312.000000,1992175616.000000,0.794700,69.000000,0.591600,0.039700,0.018200,0.465300,0.012700,0.029000,0.012100,0.000400,0.000300,0.001000,0.005300,0.002500,0.004000,0.007400,0.000000
324,1.889800,5.620401,5.645100,2.307700,19001.000000,1290746419.000000,1798536504.000000,286048256.000000,269213696.000000,1992175616.000000,0.803900,69.000000,0.000600,0.000000,0.000000,0.000000,0.013100,0.000000,0.011600,0.000000,0.000000,0.000000,0.004800,0.002300,0.003900,0.007600,0.000000
325,1.895380,5.614697,5.568700,2.279300,19001.000000,1290776747.000000,1798536504.000000,286048256.000000,269225984.000000,1992175616.000000,0.762700,69.000000,0.000600,0.000000,0.000000,0.000000,0.011700,0.000000,0.011900,0.000000,0.000000,0.000000,0.006000,0.002100,0.003100,0.007000,0.000000
326,1.901117,5.731597,5.796100,2.732800,19001.000000,1290870459.000000,1798618424.000000,286048256.000000,269250560.000000,1992175616.000000,0.765800,69.000000,0.576900,0.039100,0.015600,0.469600,0.012300,0.021800,0.012600,0.000500,0.000200,0.000700,0.005200,0.002300,0.003500,0.005800,0.000000
327,1.906682,5.576304,5.471100,2.279600,19001.000000,1290883451.000000,1798618424.000000,286048256.000000,269262848.000000,1992175616.000000,0.976900,69.000000,0.000700,0.000000,0.000000,0.000000,0.012300,0.000000,0.011800,0.000000,0.000000,0.000000,0.004900,0.001800,0.002900,0.006500,0.000000
328,1.912056,5.350496,5.439800,2.305800,19137.000000,1290895411.000000,1798618424.000000,286048256.000000,269275136.000000,1992175616.000000,0.924200,69.000000,0.000900,0.000000,0.000000,0.000000,0.011400,0.000000,0.011500,0.000000,0.000000,0.000000,0.005400,0.002100,0.003200,0.006700,0.000000
329,1.918304,6.255300,6.189900,3.039000,19001.000000,1290837303.000000,1798536504.000000,286048256.000000,269295616.000000,1992175616.000000,0.822200,69.000000,0.567200,0.069000,0.017900,0.416400,0.011100,0.024400,0.011000,0.000500,0.000200,0.000800,0.005400,0.002300,0.004100,0.006700,0.000000
330,1.923496,5.186005,5.214000,2.140000,19001.000000,1290858007.000000,1798536504.000000,286048256.000000,269316096.000000,1992175616.000000,0.860400,69.000000,0.000600,0.000000,0.000000,0.000000,0.013000,0.000000,0.010700,0.000000,0.000000,0.000000,0.005500,0.002200,0.003400,0.006800,0.000000
331,1.928587,5.111097,5.079900,2.120800,19001.000000,1290953411.000000,1798618424.000000,286048256.000000,269328384.000000,1992175616.000000,0.816700,69.000000,0.000500,0.000000,0.000000,0.000000,0.011400,0.000000,0.010900,0.000000,0.000000,0.000000,0.005900,0.002000,0.003300,0.006000,0.000000
332,1.934671,6.059099,6.077200,2.869300,19001.000000,1290892243.000000,1798536504.000000,286048256.000000,269348864.000000,1992175616.000000,0.768900,69.000000,0.672500,0.033000,0.017400,0.566200,0.010700,0.020300,0.010600,0.000500,0.000400,0.000600,0.004600,0.002600,0.003100,0.006300,0.000000
333,1.939931,5.287805,5.252200,2.192200,19001.000000,1290986367.000000,1798618424.000000,286048256.000000,269361152.000000,1992175616.000000,0.830500,69.000000,0.000600,0.000000,0.000000,0.000000,0.012100,0.000000,0.011000,0.000000,0.000000,0.000000,0.005300,0.002000,0.003500,0.006800,0.000000
334,1.945130,5.198597,5.229500,2.126300,19001.000000,1290997719.000000,1798618424.000000,286048256.000000,269369344.000000,1992175616.000000,0.749600,69.000000,0.000600,0.000000,0.000000,0.000000,0.011300,0.000000,0.010700,0.000000,0.000000,0.000000,0.005000,0.002500,0.003300,0.006900,0.000000
335,1.951352,6.195401,6.039300,2.840400,19001.000000,1290943087.000000,1798536504.000000,286048256.000000,269398016.000000,1992175616.000000,0.925100,69.000000,0.630100,0.065000,0.016600,0.488200,0.011100,0.024800,0.010000,0.000500,0.000300,0.000600,0.004500,0.002200,0.003400,0.005800,0.000000
336,1.956954,5.619097,5.762700,2.419900,19001.000000,1290954063.000000,1798536504.000000,286048256.000000,269406208.000000,1992175616.000000,0.804800,69.000000,0.000800,0.000000,0.000000,0.000000,0.012200,0.000000,0.012600,0.000000,0.000000,0.000000,0.005300,0.001800,0.003200,0.007200,0.000000
337,1.962447,5.484900,5.415600,2.274400,19001.000000,1290975055.000000,1798536504.000000,286048256.000000,269426688.000000,1992175616.000000,0.760600,69.000000,0.000700,0.000000,0.000000,0.000000,0.010400,0.000000,0.012400,0.000000,0.000000,0.000000,0.004600,0.002100,0.002500,0.006400,0.000000
338,1.968326,5.887302,5.924900,2.818000,19001.000000,1291070435.000000,1798618424.000000,286048256.000000,269438976.000000,1992179712.000000,0.918500,69.000000,0.583200,0.043200,0.016500,0.469200,0.010700,0.023100,0.010600,0.000400,0.000300,0.000500,0.005400,0.002700,0.003900,0.006700,0.000000
339,1.973561,5.217999,5.154800,2.152900,19001.000000,1291004647.000000,1798536504.000000,286048256.000000,269455360.000000,1992179712.000000,0.921600,69.000000,0.000500,0.000000,0.000000,0.000000,0.012500,0.000000,0.011700,0.000000,0.000000,0.000000,0.005000,0.002200,0.003500,0.007000,0.000000
340,1.978673,5.135601,5.179100,2.091200,19001.000000,1291020063.000000,1798536504.000000,286048256.000000,269471744.000000,1992179712.000000,0.900600,69.000000,0.000600,0.000000,0.000000,0.000000,0.011300,0.000000,0.011200,0.000000,0.000000,0.000000,0.005800,0.002000,0.003500,0.007200,0.000000
341,1.985011,6.338003,6.302000,2.901700,19001.000000,1291139799.000000,1798618424.000000,286048256.000000,269492224.000000,1992179712.000000,0.769600,69.000000,0.505900,0.035100,0.016700,0.397700,0.011100,0.021800,0.011000,0.000500,0.000200,0.000700,0.005000,0.002000,0.003600,0.005700,0.000000
342,1.990439,5.418700,5.451000,2.264500,19001.000000,1291139071.000000,1798618424.000000,286048256.000000,269504512.000000,1992179712.000000,0.743400,69.000000,0.000600,0.000000,0.000000,0.000000,0.011600,0.000000,0.013900,0.000000,0.000000,0.000000,0.004700,0.002600,0.003300,0.006600,0.000000
343,1.995738,5.314101,5.262800,2.160400,19001.000000,1291152167.000000,1798618424.000000,286048256.000000,269516800.000000,1992179712.000000,0.744900,69.000000,0.000600,0.000000,0.000000,0.000000,0.010400,0.000000,0.011100,0.000000,0.000000,0.000000,0.004900,0.002000,0.003500,0.005600,0.000000
344,2.001831,6.087699,6.089200,2.850100,19001.000000,1291094671.000000,1798536504.000000,286048256.000000,269541376.000000,1992179712.000000,0.798800,69.000000,0.509500,0.031700,0.015200,0.415600,0.011700,0.014800,0.011700,0.000600,0.000200,0.000400,0.004600,0.002300,0.003000,0.005400,0.000000
345,2.007391,5.552197,5.513400,2.277400,19001.000000,1291130367.000000,1798536504.000000,286048256.000000,269557760.000000,1992179712.000000,0.808500,69.000000,0.000700,0.000000,0.000000,0.000000,0.012200,0.000000,0.010700,0.000000,0.000000,0.000000,0.005400,0.002300,0.004100,0.007100,0.000000
346,2.012982,5.549299,5.523200,2.223300,19001.000000,1291119415.000000,1798536504.000000,286048256.000000,269561856.000000,1992179712.000000,0.774100,69.000000,0.000700,0.000000,0.000000,0.000000,0.010700,0.000000,0.011900,0.000000,0.000000,0.000000,0.005600,0.002000,0.004000,0.006700,0.000000
347,2.019168,6.230300,6.251500,3.051300,19001.000000,1291230359.000000,1798618424.000000,286048256.000000,269590528.000000,1992179712.000000,0.937600,69.000000,0.727900,0.043800,0.018500,0.609600,0.013400,0.025600,0.017900,0.000600,0.000300,0.000700,0.006000,0.002900,0.004100,0.007500,0.000000
348,2.024522,5.346400,5.374300,2.146100,19001.000000,1291251151.000000,1798618424.000000,286048256.000000,269611008.000000,1992179712.000000,0.903200,69.000000,0.000700,0.000000,0.000000,0.000000,0.012900,0.000000,0.011500,0.000000,0.000000,0.000000,0.005300,0.002300,0.003300,0.006500,0.000000
349,2.029955,5.422201,5.379900,2.157000,19001.000000,1291255095.000000,1798618424.000000,286048256.000000,269615104.000000,1992179712.000000,0.905100,69.000000,0.000600,0.000000,0.000000,0.000000,0.010500,0.000000,0.011600,0.000000,0.000000,0.000000,0.005100,0.002200,0.003200,0.006300,0.000000
350,2.035906,5.965902,5.998600,2.873100,19001.000000,1291200655.000000,1798536504.000000,286048256.000000,269639680.000000,1992179712.000000,0.806700,69.000000,0.509400,0.036600,0.017500,0.404300,0.010800,0.015200,0.010000,0.000400,0.000200,0.000400,0.005500,0.002300,0.003800,0.005500,0.000000
351,2.040902,5.013301,4.971400,2.049800,19001.000000,1291297171.000000,1798618424.000000,286048256.000000,269656064.000000,1992179712.000000,0.815800,69.000000,0.000700,0.000000,0.000000,0.000000,0.011000,0.000000,0.010500,0.000000,0.000000,0.000000,0.004900,0.002000,0.003700,0.007300,0.000000
352,2.046038,5.126297,5.139400,2.086400,19001.000000,1291234239.000000,1798536504.000000,286048256.000000,269672448.000000,1992179712.000000,0.766800,69.000000,0.000700,0.000000,0.000000,0.000000,0.010100,0.000000,0.011200,0.000000,0.000000,0.000000,0.005000,0.002100,0.003300,0.006100,0.000000
353,2.052347,6.277601,6.214600,3.011800,19053.000000,1291338523.000000,1798618424.000000,286048256.000000,269688832.000000,1992179712.000000,0.808900,69.000000,0.561700,0.046700,0.017700,0.450000,0.010900,0.017300,0.014800,0.000500,0.000300,0.000600,0.005400,0.002300,0.003700,0.005000,0.000000
354,2.057841,5.517205,5.488200,2.270900,19001.000000,1291273727.000000,1798536504.000000,286048256.000000,269705216.000000,1992179712.000000,0.822900,69.000000,0.000700,0.000000,0.000000,0.000000,0.012800,0.000000,0.011200,0.000000,0.000000,0.000000,0.005700,0.002100,0.003400,0.007100,0.000000
355,2.063432,5.589194,5.605900,2.364100,19137.000000,1291286127.000000,1798536504.000000,286048256.000000,269717504.000000,1992179712.000000,0.796500,69.000000,0.000600,0.000000,0.000000,0.000000,0.011700,0.000000,0.143600,0.000000,0.000000,0.000000,0.005600,0.002100,0.003400,0.006100,0.000000
356,2.069597,6.172300,6.210600,3.039300,19001.000000,1291297299.000000,1798536504.000000,286048256.000000,269733888.000000,1992179712.000000,0.912100,69.000000,0.858700,0.041900,0.016800,0.740800,0.013400,0.023900,0.010500,0.000500,0.000300,0.000700,0.005200,0.002600,0.003300,0.006300,0.000000
357,2.074697,5.071003,5.004300,1.996300,19001.000000,1291325051.000000,1798536504.000000,286048256.000000,269746176.000000,1992179712.000000,0.761600,69.000000,0.000600,0.000000,0.000000,0.000000,0.012200,0.000000,0.012000,0.000000,0.000000,0.000000,0.005500,0.002300,0.003600,0.006500,0.000000
358,2.079703,5.045500,5.107300,2.057500,19001.000000,1291418703.000000,1798618424.000000,286048256.000000,269770752.000000,1992179712.000000,0.773100,69.000000,0.000600,0.000000,0.000000,0.000000,0.011500,0.000000,0.011700,0.000000,0.000000,0.000000,0.005300,0.002400,0.003100,0.006800,0.000000
359,2.085475,5.770798,5.732400,2.723300,19001.000000,1291431395.000000,1798618424.000000,286048256.000000,269783040.000000,1992179712.000000,0.814500,69.000000,0.560100,0.038500,0.015100,0.444800,0.010500,0.027200,0.010100,0.000500,0.000400,0.000800,0.004800,0.002300,0.003400,0.006000,0.000000
360,2.090521,5.027204,5.045900,2.049500,19001.000000,1291443587.000000,1798618424.000000,286048256.000000,269795328.000000,1992179712.000000,0.735900,69.000000,0.000600,0.000000,0.000000,0.000000,0.011400,0.000000,0.010800,0.000000,0.000000,0.000000,0.004600,0.002000,0.003300,0.006100,0.000000
361,2.095502,5.006399,4.974000,2.050500,19001.000000,1291471555.000000,1798618424.000000,286048256.000000,269819904.000000,1992179712.000000,0.770100,69.000000,0.000500,0.000000,0.000000,0.000000,0.010800,0.000000,0.010500,0.000000,0.000000,0.000000,0.005400,0.002100,0.003300,0.005800,0.000000
362,2.101422,5.908900,5.932500,2.796600,19001.000000,1291397991.000000,1798536504.000000,286048256.000000,269828096.000000,1992179712.000000,0.789600,69.000000,0.485300,0.032000,0.016100,0.391100,0.010200,0.014900,0.009500,0.000500,0.000200,0.000300,0.004700,0.002400,0.003000,0.005300,0.000000
363,2.106453,5.043899,4.988100,2.106500,19001.000000,1291505395.000000,1798618424.000000,286048256.000000,269852672.000000,1992179712.000000,0.748700,69.000000,0.000800,0.000000,0.000000,0.000000,0.012100,0.000000,0.009800,0.000000,0.000000,0.000000,0.005600,0.002000,0.003400,0.006900,0.000000
364,2.111584,5.103699,5.142800,2.214100,19001.000000,1291513899.000000,1798618424.000000,286048256.000000,269860864.000000,1992179712.000000,0.740600,69.000000,0.000600,0.000000,0.000000,0.000000,0.010600,0.000000,0.009900,0.000000,0.000000,0.000000,0.004700,0.002000,0.003300,0.006500,0.000000
365,2.117149,5.572400,5.529700,2.680900,19001.000000,1291530479.000000,1798618424.000000,286048256.000000,269877248.000000,1992179712.000000,0.876700,69.000000,0.484900,0.033200,0.015800,0.385800,0.010200,0.016600,0.009800,0.000500,0.000400,0.000600,0.005200,0.002500,0.003000,0.005800,0.000000
366,2.122208,5.056300,5.073900,2.145000,19001.000000,1291467347.000000,1798536504.000000,286048256.000000,269893632.000000,1992179712.000000,0.737100,69.000000,0.000900,0.000000,0.000000,0.000000,0.013000,0.000000,0.011800,0.000000,0.000000,0.000000,0.004700,0.002400,0.003400,0.006000,0.000000
367,2.127245,5.042801,4.988700,2.106900,19001.000000,1291564327.000000,1798618424.000000,286048256.000000,269910016.000000,1992179712.000000,0.756100,69.000000,0.000600,0.000000,0.000000,0.000000,0.011100,0.000000,0.010700,0.000000,0.000000,0.000000,0.005000,0.002100,0.003200,0.006100,0.000000
368,2.132770,5.503699,5.545400,2.610000,19001.000000,1291579179.000000,1798618424.000000,286048256.000000,269922304.000000,1992179712.000000,0.744800,69.000000,0.499000,0.040100,0.017200,0.392300,0.010200,0.016400,0.009700,0.000400,0.000300,0.000500,0.005000,0.002100,0.003300,0.006200,0.000000
369,2.138433,5.660403,5.588500,2.229000,19001.000000,1291518343.000000,1798536504.000000,286048256.000000,269942784.000000,1992179712.000000,0.739600,69.000000,0.000700,0.000000,0.000000,0.000000,0.012200,0.000000,0.011100,0.000000,0.000000,0.000000,0.005700,0.002200,0.003500,0.006600,0.000000
370,2.143960,5.557199,5.611400,2.244800,19001.000000,1291613907.000000,1798618424.000000,286048256.000000,269955072.000000,1992183808.000000,0.757200,69.000000,0.000700,0.000000,0.000000,0.000000,0.013800,0.000000,0.011100,0.000000,0.000000,0.000000,0.005600,0.002000,0.003600,0.007200,0.000000
371,2.150480,6.497697,6.456900,2.829500,19001.000000,1291637951.000000,1798618424.000000,286048256.000000,269979648.000000,1992183808.000000,0.738300,69.000000,0.505200,0.036500,0.016900,0.402000,0.011100,0.017200,0.022700,0.000500,0.000400,0.000400,0.005600,0.002300,0.003400,0.005500,0.000000
372,2.155951,5.485807,5.510900,2.433400,19001.000000,1291648657.000000,1798536504.000000,286048256.000000,269991936.000000,1992183808.000000,0.800000,69.000000,0.000600,0.000000,0.000000,0.000000,0.011800,0.000000,0.019400,0.000000,0.000000,0.000000,0.005500,0.002000,0.003300,0.007500,0.000000
373,2.161116,5.184198,5.129200,2.230800,19001.000000,1291680807.000000,1798618424.000000,286048256.000000,270008320.000000,1992183808.000000,0.863500,69.000000,0.000700,0.000000,0.000000,0.000000,0.011500,0.000000,0.012600,0.000000,0.000000,0.000000,0.004900,0.001900,0.003600,0.006000,0.000000
374,2.166869,5.748498,5.788800,2.755400,19001.000000,1291689115.000000,1798618424.000000,286048256.000000,270028800.000000,1992183808.000000,0.771200,69.000000,0.530900,0.060300,0.015700,0.396900,0.010300,0.023400,0.013500,0.000500,0.000300,0.000600,0.004600,0.002000,0.003200,0.006200,0.000000
375,2.172349,5.436303,5.366100,2.264600,19001.000000,1291643895.000000,1798536504.000000,286048256.000000,270049280.000000,1992183808.000000,0.859200,69.000000,0.000700,0.000000,0.000000,0.000000,0.011500,0.000000,0.011700,0.000000,0.000000,0.000000,0.004700,0.002000,0.003600,0.006200,0.000000
376,2.177430,5.111600,5.160000,2.146100,19001.000000,1291726267.000000,1798618424.000000,286048256.000000,270065664.000000,1992183808.000000,0.763900,69.000000,0.000600,0.000000,0.000000,0.000000,0.012400,0.000000,0.011500,0.000000,0.000000,0.000000,0.006200,0.002200,0.003900,0.007200,0.000000
377,2.183723,6.289002,6.168700,2.823500,19001.000000,1291659967.000000,1798536504.000000,286048256.000000,270077952.000000,1992183808.000000,0.785600,69.000000,0.541300,0.034100,0.016600,0.435000,0.010900,0.020300,0.019400,0.000500,0.000300,0.000600,0.004900,0.002100,0.003600,0.006600,0.000000
378,2.189026,5.298200,5.391400,2.182300,19001.000000,1291668407.000000,1798536504.000000,286048256.000000,270086144.000000,1992183808.000000,0.793900,69.000000,0.000900,0.000000,0.000000,0.000000,0.012800,0.000000,0.010900,0.000000,0.000000,0.000000,0.005400,0.002000,0.003300,0.007700,0.000000
379,2.194190,5.157497,5.117600,2.056400,19001.000000,1291775835.000000,1798618424.000000,286048256.000000,270110720.000000,1992183808.000000,0.780800,69.000000,0.000700,0.000000,0.000000,0.000000,0.011500,0.000000,0.010200,0.000000,0.000000,0.000000,0.005200,0.002100,0.003100,0.007300,0.000000
380,2.200100,5.928699,5.956000,2.806800,19001.000000,1291796823.000000,1798618424.000000,286048256.000000,270131200.000000,1992183808.000000,0.849300,69.000000,0.689600,0.037800,0.016500,0.580900,0.010900,0.019600,0.010100,0.000500,0.000200,0.000600,0.005100,0.002300,0.003100,0.005600,0.000000
381,2.205501,5.393700,5.341100,2.177000,19001.000000,1291718611.000000,1798536504.000000,286048256.000000,270135296.000000,1992183808.000000,0.990500,69.000000,0.000600,0.000000,0.000000,0.000000,0.012400,0.000000,0.011300,0.000000,0.000000,0.000000,0.005100,0.002100,0.003200,0.007700,0.000000
382,2.210994,5.471003,5.450500,2.204900,19001.000000,1291824167.000000,1798618424.000000,286048256.000000,270155776.000000,1992183808.000000,0.789200,69.000000,0.000700,0.000000,0.000000,0.000000,0.011300,0.000000,0.011000,0.000000,0.000000,0.000000,0.005800,0.002100,0.003400,0.007000,0.000000
383,2.217546,6.572095,6.538900,3.301100,19137.000000,1291757111.000000,1798536504.000000,286048256.000000,270172160.000000,1992183808.000000,0.785400,69.000000,0.793900,0.035600,0.017100,0.684300,0.010500,0.023300,0.019300,0.000500,0.000300,0.000900,0.005200,0.005100,0.003500,0.006300,0.000000
384,2.222933,5.387698,5.453500,2.351200,19001.000000,1291858451.000000,1798618424.000000,286048256.000000,270188544.000000,1992183808.000000,0.977500,69.000000,0.000600,0.000000,0.000000,0.000000,0.014000,0.000000,0.023600,0.000000,0.000000,0.000000,0.005400,0.002100,0.003600,0.007200,0.000000
385,2.228186,5.253203,5.202700,2.190600,19001.000000,1291789151.000000,1798536504.000000,286048256.000000,270200832.000000,1992183808.000000,0.906900,69.000000,0.000600,0.000000,0.000000,0.000000,0.012000,0.000000,0.012800,0.000000,0.000000,0.000000,0.004800,0.002100,0.003800,0.006300,0.000000
386,2.233885,5.680698,5.712200,2.640800,19001.000000,1291810303.000000,1798536504.000000,286048256.000000,270221312.000000,1992183808.000000,0.774500,69.000000,0.510900,0.034300,0.017000,0.409700,0.011000,0.015900,0.009700,0.000500,0.000300,0.000500,0.005000,0.002200,0.003400,0.005500,0.000000
387,2.238897,5.041603,5.010500,2.063400,19001.000000,1291904475.000000,1798618424.000000,286048256.000000,270233600.000000,1992183808.000000,0.786200,69.000000,0.000700,0.000000,0.000000,0.000000,0.012600,0.000000,0.010100,0.000000,0.000000,0.000000,0.005400,0.002300,0.003500,0.007400,0.000000
388,2.243905,5.012203,5.039400,2.042600,19001.000000,1291919831.000000,1798618424.000000,286048256.000000,270249984.000000,1992183808.000000,0.966400,69.000000,0.000500,0.000000,0.000000,0.000000,0.010400,0.000000,0.011200,0.000000,0.000000,0.000000,0.004600,0.002000,0.003300,0.005900,0.000000
389,2.249985,6.034594,5.959300,2.776700,19001.000000,1291877835.000000,1798536504.000000,286048256.000000,270274560.000000,1992183808.000000,0.912200,69.000000,0.549000,0.032900,0.017600,0.438500,0.010900,0.023200,0.022300,0.000400,0.000400,0.000600,0.004800,0.002200,0.003400,0.005700,0.000000
390,2.255648,5.686905,5.718400,2.407800,19053.000000,1291872939.000000,1798536504.000000,286048256.000000,270282752.000000,1992183808.000000,0.746100,69.000000,0.000800,0.000000,0.000000,0.000000,0.013400,0.000000,0.023400,0.000000,0.000000,0.000000,0.005400,0.002300,0.003700,0.007700,0.000000
391,2.261225,5.577997,5.533700,2.211300,19001.000000,1291890411.000000,1798536504.000000,286048256.000000,270299136.000000,1992183808.000000,0.748500,69.000000,0.000900,0.000000,0.000000,0.000000,0.011300,0.000000,0.014300,0.000000,0.000000,0.000000,0.005500,0.001900,0.003900,0.007500,0.000000
392,2.267600,6.371301,6.356100,3.160500,19001.000000,1291910647.000000,1798536504.000000,286048256.000000,270319616.000000,1992183808.000000,0.872800,69.000000,0.514100,0.035000,0.016600,0.398300,0.011200,0.027700,0.016300,0.000600,0.000200,0.000600,0.005500,0.002300,0.003100,0.058300,0.000000
393,2.272902,5.292198,5.300500,2.288900,19001.000000,1292016595.000000,1798618424.000000,286048256.000000,270340096.000000,1992183808.000000,1.129200,69.000000,0.000600,0.000000,0.000000,0.000000,0.012900,0.000000,0.208200,0.000000,0.000000,0.000000,0.005400,0.002200,0.003600,0.006600,0.000000
394,2.277907,5.029599,5.056000,2.112800,19001.000000,1292021591.000000,1798618424.000000,286048256.000000,270344192.000000,1992183808.000000,0.879300,69.000000,0.000500,0.000000,0.000000,0.000000,0.011400,0.000000,0.012900,0.000000,0.000000,0.000000,0.004900,0.002900,0.003300,0.006100,0.000000
395,2.283492,5.586104,5.545800,2.588800,19001.000000,1292046783.000000,1798618424.000000,286048256.000000,270368768.000000,1992183808.000000,0.890500,69.000000,0.488700,0.036100,0.018400,0.387000,0.010900,0.015500,0.011100,0.000600,0.000200,0.000500,0.005300,0.002300,0.003500,0.005500,0.000000
396,2.288752,5.251701,5.276800,2.082600,19001.000000,1291981003.000000,1798536504.000000,286048256.000000,270385152.000000,1992183808.000000,0.754400,69.000000,0.000500,0.000000,0.000000,0.000000,0.012600,0.000000,0.011600,0.000000,0.000000,0.000000,0.004500,0.002200,0.003100,0.007000,0.000000
397,2.294575,5.799497,5.738900,2.200900,19001.000000,1291998195.000000,1798536504.000000,286048256.000000,270401536.000000,1992183808.000000,0.742000,69.000000,0.000700,0.000000,0.000000,0.000000,0.011800,0.000000,0.011600,0.000000,0.000000,0.000000,0.005200,0.002100,0.003200,0.007600,0.000000
398,2.300531,5.980300,6.019800,2.857600,19001.000000,1292013599.000000,1798536504.000000,286048256.000000,270413824.000000,1992183808.000000,0.747500,69.000000,0.610600,0.082400,0.017200,0.447500,0.011800,0.025300,0.010900,0.000400,0.000300,0.000900,0.005600,0.002400,0.003600,0.006900,0.000000
399,2.305593,5.073002,5.033100,2.017000,19001.000000,1292110051.000000,1798618424.000000,286048256.000000,270430208.000000,1992183808.000000,0.736200,69.000000,0.000500,0.000000,0.000000,0.000000,0.011700,0.000000,0.010600,0.000000,0.000000,0.000000,0.005700,0.002100,0.003800,0.006200,0.000000
400,2.310835,5.223002,5.255500,2.113900,19001.000000,1292124963.000000,1798618424.000000,286048256.000000,270442496.000000,1992183808.000000,0.920100,69.000000,0.000500,0.000000,0.000000,0.000000,0.010600,0.000000,0.012100,0.000000,0.000000,0.000000,0.005300,0.002300,0.003300,0.005500,0.000000
401,2.316764,5.942999,5.903200,2.839600,19001.000000,1292151291.000000,1798618424.000000,286048256.000000,270462976.000000,1992183808.000000,0.931800,68.000000,0.565200,0.042700,0.018700,0.443000,0.010100,0.025200,0.010100,0.000800,0.000300,0.000700,0.004900,0.002300,0.003200,0.006000,0.000000
402,2.322137,5.367496,5.369100,2.340700,19001.000000,1292173355.000000,1798618424.000000,286048256.000000,270483456.000000,1992187904.000000,0.765600,69.000000,0.000700,0.000000,0.000000,0.000000,0.012100,0.000000,0.010600,0.000000,0.000000,0.000000,0.004900,0.001700,0.003500,0.007200,0.000000
403,2.327542,5.394501,5.359000,2.266900,19001.000000,1292189763.000000,1798618424.000000,286048256.000000,270499840.000000,1992187904.000000,0.798100,69.000000,0.000700,0.000000,0.000000,0.000000,0.011100,0.000000,0.011400,0.000000,0.000000,0.000000,0.005900,0.002300,0.003100,0.006400,0.000000
404,2.333897,6.343403,6.372600,2.970000,19001.000000,1292201103.000000,1798618424.000000,286048256.000000,270516224.000000,1992187904.000000,0.787900,69.000000,0.694900,0.042200,0.018300,0.573200,0.012100,0.024500,0.015300,0.000500,0.000400,0.000800,0.005400,0.002400,0.003500,0.007400,0.000000
405,2.339494,5.622003,5.577900,2.274900,19001.000000,1292149139.000000,1798536504.000000,286048256.000000,270528512.000000,1992187904.000000,0.780100,69.000000,0.000600,0.000000,0.000000,0.000000,0.013400,0.000000,0.012500,0.000000,0.000000,0.000000,0.004900,0.002200,0.004000,0.006700,0.000000
406,2.345303,5.808496,5.833600,2.274300,19001.000000,1292152659.000000,1798536504.000000,286048256.000000,270544896.000000,1992187904.000000,0.817800,69.000000,0.000700,0.000000,0.000000,0.000000,0.011200,0.000000,0.021900,0.000000,0.000000,0.000000,0.005500,0.003100,0.003700,0.007000,0.000000
407,2.350995,5.683801,5.657100,2.704400,19001.000000,1292256019.000000,1798618424.000000,286048256.000000,270565376.000000,1992187904.000000,0.797700,69.000000,0.519000,0.035400,0.016000,0.410800,0.010100,0.020900,0.010600,0.000500,0.000300,0.000700,0.005200,0.002200,0.003400,0.006300,0.000000
408,2.356141,5.161600,5.180000,2.204200,19001.000000,1292272307.000000,1798618424.000000,286048256.000000,270581760.000000,1992187904.000000,0.782300,69.000000,0.000500,0.000000,0.000000,0.000000,0.010900,0.000000,0.010600,0.000000,0.000000,0.000000,0.005300,0.002000,0.003500,0.006100,0.000000
409,2.361461,5.317099,5.215800,2.197100,19001.000000,1292283915.000000,1798618424.000000,286048256.000000,270589952.000000,1992187904.000000,0.768800,69.000000,0.000700,0.000000,0.000000,0.000000,0.010700,0.000000,0.010800,0.000000,0.000000,0.000000,0.005100,0.002200,0.003000,0.006600,0.000000
410,2.367502,6.023802,6.098300,2.866400,19137.000000,1292226831.000000,1798536504.000000,286048256.000000,270614528.000000,1992187904.000000,0.791600,68.000000,0.578700,0.034500,0.015900,0.471600,0.011000,0.022500,0.010000,0.000400,0.000200,0.000900,0.005000,0.002300,0.003400,0.006400,0.000000
411,2.372856,5.342099,5.255700,2.118600,19001.000000,1292240079.000000,1798536504.000000,286048256.000000,270626816.000000,1992187904.000000,0.832500,69.000000,0.000500,0.000000,0.000000,0.000000,0.015400,0.000000,0.010500,0.000000,0.000000,0.000000,0.005300,0.001900,0.003700,0.007000,0.000000
412,2.378479,5.641000,5.704900,2.332500,19001.000000,1292334803.000000,1798618424.000000,286048256.000000,270639104.000000,1992187904.000000,0.809600,69.000000,0.000600,0.000000,0.000000,0.000000,0.011800,0.000000,0.011000,0.000000,0.000000,0.000000,0.006000,0.002000,0.002700,0.006600,0.000000
413,2.384649,6.178501,6.138900,2.795800,19001.000000,1292355511.000000,1798618424.000000,286048256.000000,270659584.000000,1992187904.000000,0.927000,69.000000,0.518700,0.036600,0.017900,0.413700,0.011900,0.017900,0.011400,0.000400,0.000200,0.000500,0.005300,0.002200,0.003500,0.006200,0.000000
414,2.390179,5.490398,5.507900,2.213200,19001.000000,1292292867.000000,1798536504.000000,286048256.000000,270675968.000000,1992187904.000000,1.056000,69.000000,0.000600,0.000000,0.000000,0.000000,0.012800,0.000000,0.011300,0.000000,0.000000,0.000000,0.005000,0.002700,0.003400,0.006200,0.000000
415,2.395509,5.365398,5.326000,2.170700,19001.000000,1292307427.000000,1798536504.000000,286048256.000000,270692352.000000,1992187904.000000,0.930000,69.000000,0.000500,0.000000,0.000000,0.000000,0.011500,0.000000,0.011300,0.000000,0.000000,0.000000,0.006000,0.002200,0.003200,0.007100,0.000000
416,2.401497,5.988499,6.019800,2.794800,19001.000000,1292330367.000000,1798536504.000000,286048256.000000,270712832.000000,1992187904.000000,0.886100,69.000000,0.604300,0.034100,0.015300,0.503600,0.010400,0.018600,0.010500,0.000500,0.000300,0.000600,0.006000,0.002200,0.003500,0.005200,0.000000
417,2.407109,5.600602,5.543100,2.363000,19001.000000,1292347415.000000,1798536504.000000,286048256.000000,270729216.000000,1992187904.000000,0.860300,68.000000,0.000700,0.000000,0.000000,0.000000,0.013300,0.000000,0.011200,0.000000,0.000000,0.000000,0.006000,0.002300,0.003500,0.007200,0.000000
418,2.412416,5.286501,5.329600,2.249900,19001.000000,1292447075.000000,1798618424.000000,286048256.000000,270745600.000000,1992187904.000000,0.851600,69.000000,0.000900,0.000000,0.000000,0.000000,0.011800,0.000000,0.011200,0.000000,0.000000,0.000000,0.005400,0.002500,0.003300,0.007100,0.000000
419,2.418653,6.251800,6.183300,2.935000,19001.000000,1292385019.000000,1798536504.000000,286048256.000000,270766080.000000,1992187904.000000,0.802100,69.000000,0.557100,0.038800,0.017900,0.431300,0.011300,0.027600,0.017000,0.000400,0.000300,0.000800,0.005000,0.002800,0.003600,0.007200,0.000000
420,2.423875,5.252197,5.282800,2.178900,19001.000000,1292474119.000000,1798618424.000000,286048256.000000,270774272.000000,1992187904.000000,0.829500,69.000000,0.000600,0.000000,0.000000,0.000000,0.013500,0.000000,0.011700,0.000000,0.000000,0.000000,0.006100,0.002100,0.003500,0.007700,0.000000
421,2.429137,5.253203,5.221500,2.140400,19001.000000,1292427963.000000,1798536504.000000,286048256.000000,270794752.000000,1992187904.000000,0.809600,69.000000,0.000700,0.000000,0.000000,0.000000,0.010500,0.000000,0.013200,0.000000,0.000000,0.000000,0.004800,0.002200,0.003300,0.007600,0.000000
422,2.434831,5.674100,5.709100,2.554800,19001.000000,1292427575.000000,1798536504.000000,286048256.000000,270807040.000000,1992187904.000000,0.788400,69.000000,0.496300,0.034200,0.015400,0.396900,0.010800,0.016100,0.012300,0.000500,0.000300,0.000500,0.005800,0.002400,0.003200,0.005700,0.000000
423,2.439863,5.059297,5.019400,2.022600,19001.000000,1292530427.000000,1798618424.000000,286048256.000000,270827520.000000,1992187904.000000,0.769400,69.000000,0.000700,0.000000,0.000000,0.000000,0.012700,0.000000,0.011200,0.000000,0.000000,0.000000,0.005700,0.002300,0.003600,0.007200,0.000000
424,2.444957,5.098101,5.124300,2.111600,19001.000000,1292550811.000000,1798618424.000000,286048256.000000,270848000.000000,1992187904.000000,0.766700,69.000000,0.000700,0.000000,0.000000,0.000000,0.010500,0.000000,0.010500,0.000000,0.000000,0.000000,0.004800,0.001900,0.003200,0.007200,0.000000
425,2.450820,5.828699,5.768400,2.723500,19001.000000,1292570619.000000,1798618424.000000,286048256.000000,270864384.000000,1992187904.000000,0.780300,69.000000,0.555900,0.039500,0.016400,0.448900,0.010200,0.020800,0.009800,0.000500,0.000300,0.000700,0.005100,0.002500,0.003200,0.005800,0.000000
426,2.456319,5.513201,5.545200,2.204100,19053.000000,1292497031.000000,1798536504.000000,286048256.000000,270872576.000000,1992187904.000000,0.769300,69.000000,0.000400,0.000000,0.000000,0.000000,0.012800,0.000000,0.011500,0.000000,0.000000,0.000000,0.005000,0.002400,0.002600,0.006400,0.000000
427,2.462141,5.821500,5.771000,2.449900,19001.000000,1292514327.000000,1798536504.000000,286048256.000000,270888960.000000,1992187904.000000,0.778300,69.000000,0.000600,0.000000,0.000000,0.000000,0.010200,0.000000,0.011200,0.000000,0.000000,0.000000,0.006000,0.002000,0.003200,0.006900,0.000000
428,2.468633,6.482299,6.508100,3.102100,19001.000000,1292535051.000000,1798536504.000000,286048256.000000,270909440.000000,1992187904.000000,0.794300,69.000000,0.733800,0.082400,0.016800,0.574300,0.011300,0.023600,0.011000,0.000500,0.000300,0.000700,0.005100,0.002300,0.003800,0.006800,0.000000
429,2.473999,5.373703,5.309300,2.164200,19001.000000,1292551187.000000,1798536504.000000,286048256.000000,270925824.000000,1992187904.000000,0.935800,69.000000,0.000900,0.000000,0.000000,0.000000,0.014200,0.000000,0.010400,0.000000,0.000000,0.000000,0.005600,0.002200,0.003500,0.007900,0.000000
430,2.479104,5.110700,5.168700,2.114100,19001.000000,1292648783.000000,1798618424.000000,286048256.000000,270938112.000000,1992187904.000000,0.926300,69.000000,0.000600,0.000000,0.000000,0.000000,0.010800,0.000000,0.010600,0.000000,0.000000,0.000000,0.005600,0.002200,0.003300,0.007200,0.000000
431,2.485175,6.056498,6.015500,2.648400,19001.000000,1292598087.000000,1798536504.000000,286048256.000000,270970880.000000,1992187904.000000,0.856200,69.000000,0.511400,0.037900,0.017800,0.404300,0.010600,0.018300,0.010900,0.000500,0.000300,0.000500,0.004900,0.002600,0.003300,0.006300,0.000000
432,2.490436,5.267304,5.295900,2.153500,19001.000000,1292691275.000000,1798618424.000000,286048256.000000,270979072.000000,1992187904.000000,0.825100,69.000000,0.000600,0.000000,0.000000,0.000000,0.012700,0.000000,0.012600,0.000000,0.000000,0.000000,0.007600,0.002100,0.003400,0.007600,0.000000
433,2.495605,5.165094,5.109700,2.052100,19001.000000,1292707883.000000,1798602040.000000,286048256.000000,270995456.000000,1992187904.000000,0.766600,69.000000,0.000500,0.000000,0.000000,0.000000,0.010000,0.000000,0.012700,0.000000,0.000000,0.000000,0.005500,0.001900,0.003700,0.005700,0.000000
434,2.502018,6.416603,6.440100,2.875600,19001.000000,1292651959.000000,1798536504.000000,286048256.000000,271020032.000000,1992192000.000000,0.783900,69.000000,0.537900,0.037200,0.016500,0.433000,0.011800,0.016300,0.010800,0.000700,0.000200,0.000500,0.005700,0.002500,0.003600,0.005500,0.000000
435,2.507492,5.479500,5.439600,2.245000,19001.000000,1292754323.000000,1798618424.000000,286048256.000000,271040512.000000,1992192000.000000,0.808300,69.000000,0.000700,0.000000,0.000000,0.000000,0.012400,0.000000,0.011500,0.000000,0.000000,0.000000,0.005800,0.002000,0.003800,0.007000,0.000000
436,2.514193,6.677501,6.629800,2.551100,19001.000000,1292687703.000000,1798536504.000000,286048256.000000,271056896.000000,1992192000.000000,0.772400,69.000000,0.000800,0.000000,0.000000,0.000000,0.011400,0.000000,0.207000,0.000000,0.000000,0.000000,0.005700,0.002200,0.003700,0.006600,0.000000
437,2.520939,6.778501,6.817800,3.274800,19137.000000,1292803887.000000,1798618424.000000,286048256.000000,271073280.000000,1992192000.000000,0.967900,69.000000,0.578200,0.031900,0.018000,0.476200,0.013100,0.017700,0.011400,0.000800,0.000200,0.000600,0.005200,0.002600,0.003300,0.006100,0.000000
438,2.526698,5.757299,5.758500,2.545400,19001.000000,1292732987.000000,1798536504.000000,286048256.000000,271097856.000000,1992192000.000000,0.858100,69.000000,0.000800,0.000000,0.000000,0.000000,0.011800,0.000000,0.011900,0.000000,0.000000,0.000000,0.005800,0.002600,0.003500,0.007500,0.000000
439,2.532573,5.829400,5.800100,2.799700,19001.000000,1292828587.000000,1798618424.000000,286048256.000000,271110144.000000,1992192000.000000,0.851800,69.000000,0.621100,0.036200,0.015900,0.510500,0.011500,0.023900,0.010600,0.000400,0.000200,0.000900,0.005200,0.002500,0.003500,0.006600,0.000000
440,2.537693,5.169799,5.196100,2.198800,19001.000000,1292766967.000000,1798536504.000000,286048256.000000,271130624.000000,1992192000.000000,0.992000,69.000000,0.000600,0.000000,0.000000,0.000000,0.012900,0.000000,0.011700,0.000000,0.000000,0.000000,0.006400,0.002400,0.003700,0.006300,0.000000
441,2.542673,4.974901,4.930300,2.054200,19001.000000,1292864675.000000,1798618424.000000,286048256.000000,271142912.000000,1992192000.000000,1.065100,69.000000,0.000700,0.000000,0.000000,0.000000,0.010700,0.000000,0.010100,0.000000,0.000000,0.000000,0.005300,0.002000,0.003100,0.007200,0.000000
442,2.548173,5.490200,5.501400,2.186100,19001.000000,1292804015.000000,1798536504.000000,286048256.000000,271163392.000000,1992192000.000000,0.796300,69.000000,0.000500,0.000000,0.000000,0.000000,0.011300,0.000000,0.011700,0.000000,0.000000,0.000000,0.006500,0.002000,0.003800,0.006500,0.000000
443,2.554120,5.932703,5.906300,2.739500,19001.000000,1292902687.000000,1798618424.000000,286048256.000000,271179776.000000,1992192000.000000,0.761000,69.000000,0.541900,0.035400,0.016300,0.444100,0.012500,0.013400,0.010800,0.000400,0.000200,0.000500,0.005800,0.002300,0.003400,0.005500,0.000000
444,2.559574,5.473101,5.502200,2.157800,19001.000000,1292923479.000000,1798618424.000000,286048256.000000,271200256.000000,1992192000.000000,0.750300,69.000000,0.000600,0.000000,0.000000,0.000000,0.012900,0.000000,0.010800,0.000000,0.000000,0.000000,0.005100,0.002200,0.003200,0.007200,0.000000
445,2.565019,5.447994,5.393300,2.169800,19001.000000,1292939655.000000,1798618424.000000,286048256.000000,271216640.000000,1992192000.000000,0.961400,69.000000,0.000600,0.000000,0.000000,0.000000,0.011200,0.000000,0.011300,0.000000,0.000000,0.000000,0.005000,0.002100,0.003600,0.006400,0.000000
446,2.571125,6.090101,6.124400,2.848700,19001.000000,1292885215.000000,1798536504.000000,286048256.000000,271241216.000000,1992192000.000000,0.873800,69.000000,0.581800,0.045100,0.018200,0.463300,0.011400,0.024300,0.010700,0.000400,0.000300,0.001100,0.005100,0.002300,0.003700,0.005600,0.000000
447,2.576475,5.346400,5.310400,2.221100,19001.000000,1292985763.000000,1798618424.000000,286048256.000000,271261696.000000,1992192000.000000,0.873300,69.000000,0.000800,0.000000,0.000000,0.000000,0.012600,0.000000,0.010600,0.000000,0.000000,0.000000,0.005700,0.002100,0.003500,0.006700,0.000000
448,2.582772,6.314704,6.290600,2.924500,19001.000000,1292915303.000000,1798536504.000000,286048256.000000,271265792.000000,1992192000.000000,0.911100,69.000000,0.553400,0.046700,0.018600,0.419800,0.010800,0.029900,0.019800,0.000500,0.000300,0.000700,0.005600,0.002700,0.003800,0.007700,0.000000
449,2.588464,5.688499,5.684000,2.409800,19001.000000,1293026811.000000,1798618424.000000,286048256.000000,271294464.000000,1992192000.000000,0.954100,69.000000,0.000700,0.000000,0.000000,0.000000,0.012800,0.000000,0.011800,0.000000,0.000000,0.000000,0.005300,0.002100,0.003400,0.007100,0.000000
450,2.594049,5.567701,5.594900,2.218800,19001.000000,1292954079.000000,1798536504.000000,286048256.000000,271302656.000000,1992192000.000000,0.869600,69.000000,0.000700,0.000000,0.000000,0.000000,0.011900,0.000000,0.010900,0.000000,0.000000,0.000000,0.006000,0.001800,0.003900,0.007800,0.000000
451,2.600197,6.167595,6.126000,2.869200,19001.000000,1292970579.000000,1798536504.000000,286048256.000000,271323136.000000,1992192000.000000,0.830400,69.000000,0.677100,0.038900,0.017200,0.565400,0.011300,0.020700,0.011200,0.000500,0.000300,0.000600,0.005500,0.002300,0.003300,0.005800,0.000000
452,2.605793,5.596202,5.620800,2.337900,19001.000000,1292994067.000000,1798536504.000000,286048256.000000,271347712.000000,1992192000.000000,0.907100,69.000000,0.000900,0.000000,0.000000,0.000000,0.013200,0.000000,0.011700,0.000000,0.000000,0.000000,0.005200,0.002100,0.003600,0.005700,0.000000
453,2.611479,5.659297,5.604900,2.325000,19001.000000,1293025459.000000,1798536504.000000,286048256.000000,271364096.000000,1992192000.000000,0.909700,69.000000,0.000800,0.000000,0.000000,0.000000,0.011700,0.000000,0.011800,0.000000,0.000000,0.000000,0.005500,0.001800,0.003700,0.007900,0.000000
454,2.619200,7.743906,7.767200,4.295400,19001.000000,1293102410.000000,1798618424.000000,286048256.000000,271372288.000000,1992192000.000000,0.850700,69.000000,0.528900,0.036800,0.015200,0.420800,0.011200,0.019300,0.012400,0.000500,0.000200,0.000600,0.005800,0.002600,0.002700,0.006000,0.000000
455,2.625275,6.074100,6.032400,2.555000,19001.000000,1293053903.000000,1798536504.000000,286048256.000000,271405056.000000,1992192000.000000,0.865900,68.000000,0.000700,0.000000,0.000000,0.000000,0.013300,0.000000,0.026200,0.000000,0.000000,0.000000,0.005800,0.002900,0.003700,0.007000,0.000000
456,2.632482,7.188400,7.214800,4.040300,19001.000000,1293066007.000000,1798536504.000000,286048256.000000,271417344.000000,1992192000.000000,1.133300,69.000000,0.000700,0.000000,0.000000,0.000000,0.012100,0.000000,0.015900,0.000000,0.000000,0.000000,0.005300,0.001800,0.003500,0.006800,0.000000
457,2.638911,6.458595,6.386400,2.998900,19001.000000,1293094367.000000,1798536504.000000,286048256.000000,271441920.000000,1992192000.000000,0.846900,69.000000,0.659500,0.034100,0.015200,0.550900,0.011800,0.023100,0.010400,0.000500,0.000200,0.000900,0.006000,0.002300,0.003600,0.007500,0.000000
458,2.643945,5.034099,5.105100,2.074600,19001.000000,1293188899.000000,1798618424.000000,286048256.000000,271454208.000000,1992192000.000000,0.964300,69.000000,0.000800,0.000000,0.000000,0.000000,0.013000,0.000000,0.010400,0.000000,0.000000,0.000000,0.005200,0.002200,0.003500,0.007400,0.000000
459,2.649551,5.614002,5.575400,2.532400,19001.000000,1293210095.000000,1798618424.000000,286048256.000000,271474688.000000,1992192000.000000,0.833800,69.000000,0.499200,0.033400,0.016600,0.401300,0.010700,0.017000,0.010000,0.000300,0.000300,0.000500,0.005300,0.002600,0.003400,0.005400,0.000000
460,2.655170,5.589498,5.599200,2.178100,19001.000000,1293157459.000000,1798536504.000000,286048256.000000,271503360.000000,1992196096.000000,0.828800,69.000000,0.000900,0.000000,0.000000,0.000000,0.011000,0.000000,0.012500,0.000000,0.000000,0.000000,0.004400,0.001900,0.003100,0.007200,0.000000
461,2.660683,5.538606,5.508600,2.393200,19053.000000,1293247135.000000,1798618424.000000,286048256.000000,271511552.000000,1992196096.000000,0.743900,69.000000,0.000500,0.000000,0.000000,0.000000,0.011100,0.000000,0.205600,0.000000,0.000000,0.000000,0.005900,0.001900,0.003200,0.007300,0.000000
462,2.666312,5.590498,5.565800,2.625300,19001.000000,1293266923.000000,1798618424.000000,286048256.000000,271527936.000000,1992200192.000000,0.732300,68.000000,0.543300,0.075200,0.016500,0.392400,0.010800,0.020900,0.009500,0.000500,0.000300,0.000700,0.004900,0.002300,0.003000,0.006300,0.000000
463,2.671909,5.603997,5.599000,2.449700,19137.000000,1293207671.000000,1798536504.000000,286048256.000000,271552512.000000,1992200192.000000,0.787400,69.000000,0.000500,0.000000,0.000000,0.000000,0.016200,0.000000,0.011100,0.000000,0.000000,0.000000,0.005700,0.002300,0.003100,0.005500,0.000000
464,2.677169,5.278600,5.309500,2.302900,19001.000000,1293308547.000000,1798618424.000000,286048256.000000,271568896.000000,1992200192.000000,0.793000,69.000000,0.000700,0.000000,0.000000,0.000000,0.011500,0.000000,0.011500,0.000000,0.000000,0.000000,0.006100,0.002000,0.003700,0.006900,0.000000
465,2.682929,5.743601,5.670800,2.721000,19001.000000,1293321431.000000,1798618424.000000,286048256.000000,271581184.000000,1992200192.000000,0.777100,69.000000,0.510500,0.040700,0.017200,0.403000,0.011600,0.015900,0.010800,0.000800,0.000200,0.000600,0.005300,0.002800,0.003000,0.006100,0.000000
466,2.688759,5.856803,5.907000,2.351400,19001.000000,1293260571.000000,1798536504.000000,286048256.000000,271601664.000000,1992204288.000000,1.070300,69.000000,0.001000,0.000000,0.000000,0.000000,0.013200,0.000000,0.028700,0.000000,0.000000,0.000000,0.004900,0.002000,0.003600,0.006700,0.000000
467,2.694955,6.184503,6.091300,2.155600,19001.000000,1293194631.000000,1798454584.000000,286048256.000000,271618048.000000,1992204288.000000,0.817600,69.000000,0.000700,0.000000,0.000000,0.000000,0.011800,0.000000,0.010200,0.000000,0.000000,0.000000,0.005500,0.001700,0.003100,0.007200,0.000000
468,2.700868,5.928600,6.007000,2.873500,19001.000000,1293300671.000000,1798536504.000000,286048256.000000,271642624.000000,1992204288.000000,0.769200,69.000000,0.504700,0.031300,0.015500,0.408200,0.010700,0.016900,0.012900,0.000400,0.000400,0.000500,0.005500,0.002100,0.003300,0.005200,0.000000
469,2.706500,5.630895,5.592400,2.299000,19001.000000,1293327927.000000,1798536504.000000,286048256.000000,271654912.000000,1992204288.000000,0.783400,69.000000,0.000700,0.000000,0.000000,0.000000,0.012500,0.000000,0.011000,0.000000,0.000000,0.000000,0.004700,0.002200,0.003300,0.005900,0.000000
470,2.711917,5.384800,5.413500,2.224700,19001.000000,1293340191.000000,1798536504.000000,286048256.000000,271679488.000000,1992204288.000000,0.765000,69.000000,0.000700,0.000000,0.000000,0.000000,0.010000,0.000000,0.013100,0.000000,0.000000,0.000000,0.005200,0.002100,0.003500,0.006400,0.000000
471,2.717897,5.997399,5.927300,2.878300,19001.000000,1293352359.000000,1798536504.000000,286048256.000000,271691776.000000,1992204288.000000,0.817800,69.000000,0.544800,0.037800,0.016100,0.435500,0.011100,0.019600,0.011100,0.000500,0.000300,0.000500,0.005700,0.002300,0.003000,0.006200,0.000000
472,2.723630,5.741100,5.661300,2.141700,19001.000000,1293364863.000000,1798536504.000000,286048256.000000,271704064.000000,1992204288.000000,0.917200,69.000000,0.000800,0.000000,0.000000,0.000000,0.013100,0.000000,0.011400,0.000000,0.000000,0.000000,0.005900,0.002200,0.003300,0.006500,0.000000
473,2.729082,5.453005,5.530900,2.224900,19001.000000,1293483139.000000,1798618424.000000,286048256.000000,271736832.000000,1992204288.000000,0.933700,69.000000,0.000700,0.000000,0.000000,0.000000,0.012100,0.000000,0.011200,0.000000,0.000000,0.000000,0.005700,0.001900,0.003500,0.007400,0.000000
474,2.735321,6.211997,6.236300,2.994300,19001.000000,1293413747.000000,1798536504.000000,286048256.000000,271749120.000000,1992204288.000000,0.823100,69.000000,0.748600,0.035200,0.017700,0.637200,0.011600,0.022500,0.009400,0.000400,0.000300,0.000800,0.004900,0.002400,0.003800,0.006900,0.000000
475,2.740549,5.261203,5.221800,2.104800,19001.000000,1293430819.000000,1798536504.000000,286048256.000000,271765504.000000,1992204288.000000,0.766600,69.000000,0.000700,0.000000,0.000000,0.000000,0.012000,0.000000,0.010600,0.000000,0.000000,0.000000,0.005700,0.001900,0.003300,0.005500,0.000000
476,2.745719,5.155300,5.143700,2.074300,19001.000000,1293455883.000000,1798536504.000000,286048256.000000,271790080.000000,1992204288.000000,0.745800,69.000000,0.000600,0.000000,0.000000,0.000000,0.010600,0.000000,0.010000,0.000000,0.000000,0.000000,0.004800,0.002000,0.003000,0.007200,0.000000
477,2.752306,6.568899,6.544900,3.070200,19001.000000,1293472527.000000,1798536504.000000,286048256.000000,271806464.000000,1992204288.000000,0.843300,69.000000,0.585800,0.055100,0.017900,0.461100,0.011300,0.023200,0.010800,0.000400,0.000300,0.000800,0.005800,0.002300,0.003400,0.006600,0.000000
478,2.757660,5.366596,5.387400,2.290500,19001.000000,1293487735.000000,1798536504.000000,286048256.000000,271818752.000000,1992204288.000000,0.794100,69.000000,0.000700,0.000000,0.000000,0.000000,0.012400,0.000000,0.011100,0.000000,0.000000,0.000000,0.005700,0.002200,0.003400,0.007100,0.000000
479,2.763034,5.373803,5.322400,2.209600,19001.000000,1293514687.000000,1798536504.000000,286048256.000000,271847424.000000,1992204288.000000,0.781700,69.000000,0.000700,0.000000,0.000000,0.000000,0.012100,0.000000,0.011200,0.000000,0.000000,0.000000,0.005300,0.002000,0.003600,0.008200,0.000000
480,2.769039,6.012202,6.058800,2.735900,19001.000000,1293525567.000000,1798536504.000000,286048256.000000,271855616.000000,1992204288.000000,0.963900,69.000000,0.516200,0.038200,0.018100,0.410000,0.012200,0.017200,0.011000,0.000400,0.000300,0.000600,0.006000,0.002600,0.003800,0.006700,0.000000
481,2.774411,5.350000,5.314100,2.147800,19001.000000,1293624883.000000,1798618424.000000,286048256.000000,271872000.000000,1992204288.000000,1.047800,69.000000,0.000700,0.000000,0.000000,0.000000,0.012700,0.000000,0.021900,0.000000,0.000000,0.000000,0.005600,0.002100,0.003400,0.006800,0.000000
482,2.779958,5.572796,5.580500,2.234900,19001.000000,1293568767.000000,1798536504.000000,286048256.000000,271896576.000000,1992204288.000000,0.796600,69.000000,0.000500,0.000000,0.000000,0.000000,0.011300,0.000000,0.010700,0.000000,0.000000,0.000000,0.005100,0.002100,0.003400,0.006500,0.000000
483,2.785736,5.777105,5.748400,2.688400,19001.000000,1293666567.000000,1798618424.000000,286048256.000000,271912960.000000,1992204288.000000,0.761000,69.000000,0.533700,0.048900,0.016000,0.404300,0.011400,0.025700,0.010300,0.000300,0.000300,0.000800,0.005700,0.002300,0.003500,0.006300,0.000000
484,2.790881,5.130095,5.160200,2.129500,19001.000000,1293599819.000000,1798536504.000000,286048256.000000,271929344.000000,1992204288.000000,0.761800,69.000000,0.000500,0.000000,0.000000,0.000000,0.012400,0.000000,0.012000,0.000000,0.000000,0.000000,0.004900,0.002100,0.003400,0.006300,0.000000
485,2.796105,5.250099,5.187600,2.132700,19001.000000,1293717871.000000,1798618424.000000,286048256.000000,271949824.000000,1992204288.000000,0.905100,69.000000,0.000800,0.000000,0.000000,0.000000,0.010800,0.000000,0.011700,0.000000,0.000000,0.000000,0.005200,0.002000,0.003400,0.006700,0.000000
486,2.801881,5.769905,5.804300,2.822100,19001.000000,1293639271.000000,1798536504.000000,286048256.000000,271966208.000000,1992204288.000000,0.784900,69.000000,0.524800,0.034600,0.016300,0.426900,0.010400,0.016000,0.010900,0.000400,0.000200,0.000400,0.004600,0.002100,0.003300,0.005200,0.000000
487,2.806989,5.092000,5.021200,2.107400,19001.000000,1293664551.000000,1798536504.000000,286048256.000000,271990784.000000,1992204288.000000,0.798500,69.000000,0.000700,0.000000,0.000000,0.000000,0.011000,0.000000,0.011000,0.000000,0.000000,0.000000,0.006200,0.002100,0.003500,0.006200,0.000000
488,2.812147,5.145897,5.204900,2.195600,19001.000000,1293681015.000000,1798536504.000000,286048256.000000,272007168.000000,1992204288.000000,0.789900,69.000000,0.000800,0.000000,0.000000,0.000000,0.011100,0.000000,0.011000,0.000000,0.000000,0.000000,0.005100,0.002300,0.003700,0.007000,0.000000
489,2.818038,5.908900,5.777300,2.760400,19001.000000,1293701187.000000,1798536504.000000,286048256.000000,272023552.000000,1992204288.000000,0.979300,69.000000,0.502600,0.034900,0.016600,0.400700,0.011500,0.017200,0.009900,0.000400,0.000300,0.000500,0.005900,0.002700,0.003500,0.006200,0.000000
490,2.823571,5.525801,5.616400,2.221700,19137.000000,1293717699.000000,1798536504.000000,286048256.000000,272039936.000000,1992204288.000000,0.998700,69.000000,0.000800,0.000000,0.000000,0.000000,0.013000,0.000000,0.011100,0.000000,0.000000,0.000000,0.005100,0.002000,0.003100,0.007000,0.000000
491,2.829177,5.617198,5.576200,2.261900,19001.000000,1293747371.000000,1798536504.000000,286048256.000000,272068608.000000,1992204288.000000,0.825600,69.000000,0.000700,0.000000,0.000000,0.000000,0.011900,0.000000,0.011400,0.000000,0.000000,0.000000,0.005700,0.002100,0.003400,0.007200,0.000000
492,2.835082,5.885403,5.931700,2.752000,19001.000000,1293759535.000000,1798536504.000000,286048256.000000,272080896.000000,1992204288.000000,1.013000,69.000000,0.563700,0.049300,0.016000,0.449700,0.011000,0.015900,0.010600,0.000400,0.000300,0.000700,0.005600,0.002400,0.003300,0.005400,0.000000
493,2.840349,5.295599,5.255500,2.182700,19001.000000,1293849795.000000,1798618424.000000,286048256.000000,272089088.000000,1992204288.000000,0.894900,69.000000,0.000600,0.000000,0.000000,0.000000,0.012100,0.000000,0.012100,0.000000,0.000000,0.000000,0.005500,0.002200,0.003200,0.006700,0.000000
494,2.845681,5.320897,5.339600,2.164400,19001.000000,1293795439.000000,1798536504.000000,286048256.000000,272113664.000000,1992204288.000000,0.917000,69.000000,0.000700,0.000000,0.000000,0.000000,0.011500,0.000000,0.011700,0.000000,0.000000,0.000000,0.004900,0.002100,0.003400,0.011200,0.000000
495,2.852104,6.387705,6.322100,2.984800,19001.000000,1293819031.000000,1798536504.000000,286048256.000000,272134144.000000,1992204288.000000,0.822200,68.000000,0.666700,0.049900,0.017300,0.551900,0.011600,0.020700,0.010000,0.000400,0.000300,0.000500,0.005400,0.002400,0.003700,0.005600,0.000000
496,2.857465,5.399596,5.440800,2.238600,19001.000000,1293924243.000000,1798618424.000000,286048256.000000,272154624.000000,1992204288.000000,0.794500,69.000000,0.000500,0.000000,0.000000,0.000000,0.015200,0.000000,0.011900,0.000000,0.000000,0.000000,0.005500,0.001900,0.003600,0.006900,0.000000
497,2.863091,5.608702,5.553700,2.262900,19053.000000,1293941419.000000,1798618424.000000,286048256.000000,272171008.000000,1992204288.000000,0.844800,69.000000,0.000500,0.000000,0.000000,0.000000,0.011900,0.000000,0.012500,0.000000,0.000000,0.000000,0.005200,0.002400,0.003600,0.007000,0.000000
498,2.869711,6.612096,6.641700,3.125200,19001.000000,1293959015.000000,1798618424.000000,286048256.000000,272191488.000000,1992208384.000000,0.967700,69.000000,0.753800,0.040400,0.019300,0.641600,0.012500,0.017900,0.012900,0.000600,0.000300,0.000400,0.005500,0.002600,0.003800,0.006000,0.000000
499,2.875311,5.625503,5.588000,2.309200,19001.000000,1293970775.000000,1798618424.000000,286048256.000000,272203776.000000,1992208384.000000,0.830900,69.000000,0.000700,0.000000,0.000000,0.000000,0.013400,0.000000,0.013500,0.000000,0.000000,0.000000,0.005600,0.002100,0.003800,0.005700,0.000000
500,2.880742,5.436203,5.461100,2.223300,19001.000000,1293908219.000000,1798536504.000000,286048256.000000,272224256.000000,1992208384.000000,0.871400,69.000000,0.000700,0.000000,0.000000,0.000000,0.010700,0.000000,0.011700,0.000000,0.000000,0.000000,0.005700,0.002200,0.003700,0.006600,0.000000
501,2.887506,6.724199,6.635900,2.998700,19001.000000,1293950487.000000,1798536504.000000,286048256.000000,272248832.000000,1992208384.000000,0.928400,69.000000,0.518000,0.031500,0.014700,0.420300,0.010900,0.017600,0.011000,0.000500,0.000200,0.000700,0.005400,0.002300,0.003100,0.005400,0.000000
502,2.893704,6.178997,6.228000,2.503300,19001.000000,1293965487.000000,1798536504.000000,286048256.000000,272261120.000000,1992208384.000000,0.833400,69.000000,0.000600,0.000000,0.000000,0.000000,0.014500,0.000000,0.014300,0.000000,0.000000,0.000000,0.006400,0.002300,0.003700,0.007900,0.000000
503,2.900146,6.469997,6.385100,2.946000,19001.000000,1293966781.000000,1798536504.000000,286048256.000000,272277504.000000,1992208384.000000,0.872400,69.000000,0.573600,0.038300,0.017800,0.453200,0.012900,0.024500,0.011500,0.000500,0.000200,0.000800,0.005800,0.002300,0.003600,0.007700,0.000000
504,2.906041,5.912705,5.970500,2.436000,19001.000000,1293991247.000000,1798536504.000000,286048256.000000,272302080.000000,1992208384.000000,1.032000,69.000000,0.000600,0.000000,0.000000,0.000000,0.014400,0.000000,0.011500,0.000000,0.000000,0.000000,0.005600,0.002300,0.004300,0.007200,0.000000
505,2.911490,5.435700,5.415800,2.228600,19001.000000,1294010983.000000,1798536504.000000,286048256.000000,272318464.000000,1992208384.000000,0.865800,69.000000,0.000500,0.000000,0.000000,0.000000,0.011200,0.000000,0.011200,0.000000,0.000000,0.000000,0.005400,0.001900,0.003700,0.007100,0.000000
506,2.917721,6.229401,6.251200,2.875600,19001.000000,1294023827.000000,1798536504.000000,286048256.000000,272330752.000000,1992208384.000000,0.857500,69.000000,0.528500,0.033200,0.015400,0.429500,0.011300,0.016800,0.011100,0.000500,0.000300,0.000500,0.005900,0.002600,0.003600,0.006000,0.000000
507,2.923527,5.816901,5.755000,2.396100,19001.000000,1294049083.000000,1798536504.000000,286048256.000000,272355328.000000,1992208384.000000,0.905600,69.000000,0.000500,0.000000,0.000000,0.000000,0.013300,0.000000,0.011600,0.000000,0.000000,0.000000,0.005700,0.002000,0.003800,0.006800,0.000000
508,2.929773,6.231796,6.277700,2.290000,19001.000000,1294062003.000000,1798536504.000000,286048256.000000,272367616.000000,1992208384.000000,1.102800,69.000000,0.000600,0.000000,0.000000,0.000000,0.012300,0.000000,0.013600,0.000000,0.000000,0.000000,0.005400,0.002200,0.003200,0.008100,0.000000
509,2.936110,6.366298,6.321100,2.960700,19001.000000,1294082447.000000,1798536504.000000,286048256.000000,272388096.000000,1992208384.000000,1.035800,69.000000,0.525700,0.035500,0.017400,0.420800,0.011700,0.016100,0.140800,0.000400,0.000200,0.000500,0.005400,0.002500,0.003600,0.005800,0.000000
510,2.941909,5.792503,5.830800,2.375000,19001.000000,1294097599.000000,1798536504.000000,286048256.000000,272400384.000000,1992208384.000000,0.928100,69.000000,0.000600,0.000000,0.000000,0.000000,0.012200,0.000000,0.010400,0.000000,0.000000,0.000000,0.005800,0.002200,0.003300,0.005600,0.000000
511,2.947163,5.257802,5.208500,2.204000,19001.000000,1294198171.000000,1798618424.000000,286048256.000000,272420864.000000,1992208384.000000,0.928300,69.000000,0.000900,0.000000,0.000000,0.000000,0.010400,0.000000,0.011500,0.000000,0.000000,0.000000,0.006200,0.002100,0.003500,0.007100,0.000000
512,2.953620,6.437500,6.454400,3.183500,19001.000000,1294224887.000000,1798618424.000000,286048256.000000,272445440.000000,1992208384.000000,0.988500,69.000000,0.600000,0.039500,0.016800,0.487400,0.010300,0.021200,0.010800,0.000500,0.000200,0.000800,0.005500,0.002300,0.003600,0.006500,0.000000
513,2.959189,5.593899,5.547600,2.281900,19001.000000,1294242023.000000,1798618424.000000,286048256.000000,272461824.000000,1992208384.000000,0.970200,69.000000,0.000700,0.000000,0.000000,0.000000,0.012500,0.000000,0.011700,0.000000,0.000000,0.000000,0.004900,0.002100,0.003000,0.007000,0.000000
514,2.964762,5.566496,5.603300,2.242100,19001.000000,1294251415.000000,1798618424.000000,286048256.000000,272470016.000000,1992208384.000000,0.776100,69.000000,0.000500,0.000000,0.000000,0.000000,0.010300,0.000000,0.011400,0.000000,0.000000,0.000000,0.004800,0.002200,0.003600,0.006700,0.000000
515,2.970809,6.027105,5.931900,2.827500,19001.000000,1294284083.000000,1798618424.000000,286048256.000000,272502784.000000,1992208384.000000,0.911500,69.000000,0.603200,0.035800,0.016900,0.503400,0.011000,0.014400,0.010600,0.000500,0.000300,0.000500,0.004800,0.002200,0.003400,0.005400,0.000000
516,2.976184,5.398902,5.494300,2.218400,19137.000000,1294295275.000000,1798618424.000000,286048256.000000,272515072.000000,1992208384.000000,0.896200,69.000000,0.000600,0.000000,0.000000,0.000000,0.012700,0.000000,0.011600,0.000000,0.000000,0.000000,0.005300,0.002300,0.003700,0.006400,0.000000
517,2.981375,5.198399,5.152400,2.185300,19001.000000,1294326819.000000,1798618424.000000,286048256.000000,272531456.000000,1992208384.000000,0.962100,69.000000,0.000800,0.000000,0.000000,0.000000,0.010600,0.000000,0.011400,0.000000,0.000000,0.000000,0.005200,0.001900,0.003400,0.006300,0.000000
518,2.987214,5.837500,5.858900,2.834400,19001.000000,1294346843.000000,1798618424.000000,286048256.000000,272564224.000000,1992208384.000000,0.808700,69.000000,0.518200,0.034800,0.016700,0.408200,0.010000,0.025500,0.011000,0.000400,0.000300,0.000500,0.005000,0.002400,0.003000,0.005300,0.000000
519,2.992452,5.211196,5.162600,2.170200,19001.000000,1294359923.000000,1798618424.000000,286048256.000000,272576512.000000,1992208384.000000,0.826200,69.000000,0.000700,0.000000,0.000000,0.000000,0.011700,0.000000,0.011600,0.000000,0.000000,0.000000,0.005300,0.002000,0.003200,0.007600,0.000000
520,2.997607,5.179004,5.210900,2.227300,19001.000000,1294380467.000000,1798618424.000000,286048256.000000,272596992.000000,1992208384.000000,0.820000,69.000000,0.000700,0.000000,0.000000,0.000000,0.010900,0.000000,0.011200,0.000000,0.000000,0.000000,0.004900,0.002900,0.003800,0.007200,0.000000
521,3.003887,6.274100,6.212300,2.939100,19001.000000,1294313819.000000,1798536504.000000,286048256.000000,272609280.000000,1992212480.000000,0.800400,69.000000,0.639200,0.038500,0.017900,0.532900,0.011100,0.014800,0.010100,0.000400,0.000200,0.000400,0.004400,0.002400,0.003400,0.005800,0.000000
522,3.009489,5.613499,5.634700,2.257000,19001.000000,1294330299.000000,1798536504.000000,286048256.000000,272625664.000000,1992212480.000000,0.789700,69.000000,0.000600,0.000000,0.000000,0.000000,0.013000,0.000000,0.011200,0.000000,0.000000,0.000000,0.005200,0.002000,0.003400,0.006400,0.000000
523,3.014773,5.268800,5.259200,2.275800,19001.000000,1294438095.000000,1798618424.000000,286048256.000000,272650240.000000,1992212480.000000,0.763200,69.000000,0.000800,0.000000,0.000000,0.000000,0.011000,0.000000,0.010300,0.000000,0.000000,0.000000,0.005400,0.002200,0.003400,0.007600,0.000000
524,3.020419,5.655903,5.667100,2.656400,19001.000000,1294373287.000000,1798536504.000000,286048256.000000,272666624.000000,1992212480.000000,0.701900,69.000000,0.591800,0.034800,0.016600,0.478900,0.009800,0.024600,0.009500,0.000500,0.000200,0.000600,0.004600,0.002200,0.003300,0.006300,0.000000
525,3.025686,5.265200,5.222200,2.128400,19001.000000,1294467363.000000,1798618424.000000,286048256.000000,272678912.000000,1992212480.000000,0.751000,69.000000,0.000500,0.000000,0.000000,0.000000,0.012000,0.000000,0.010100,0.000000,0.000000,0.000000,0.005100,0.002000,0.003100,0.006500,0.000000
526,3.030926,5.213499,5.240200,2.187700,19001.000000,1294490851.000000,1798618424.000000,286048256.000000,272699392.000000,1992212480.000000,0.792900,69.000000,0.000700,0.000000,0.000000,0.000000,0.011300,0.000000,0.012000,0.000000,0.000000,0.000000,0.004900,0.002400,0.003300,0.006400,0.000000
527,3.036808,5.913896,5.874400,2.836700,19001.000000,1294509395.000000,1798618424.000000,286048256.000000,272719872.000000,1992212480.000000,0.990800,69.000000,0.520300,0.035200,0.015800,0.417800,0.011400,0.017000,0.010300,0.000600,0.000200,0.000500,0.005000,0.002200,0.003500,0.005300,0.000000
528,3.042199,5.366702,5.387900,2.282400,19001.000000,1294528331.000000,1798618424.000000,286048256.000000,272736256.000000,1992212480.000000,0.824100,69.000000,0.000600,0.000000,0.000000,0.000000,0.011400,0.000000,0.017400,0.000000,0.000000,0.000000,0.004400,0.002300,0.003300,0.007100,0.000000
529,3.047940,5.742602,5.662300,2.249900,19001.000000,1294467655.000000,1798536504.000000,286048256.000000,272756736.000000,1992212480.000000,0.795500,69.000000,0.000500,0.000000,0.000000,0.000000,0.012300,0.000000,0.020300,0.000000,0.000000,0.000000,0.005300,0.002300,0.003400,0.006500,0.000000
530,3.054330,6.346698,6.405400,2.739000,19001.000000,1294566423.000000,1798618424.000000,286048256.000000,272773120.000000,1992216576.000000,0.799100,69.000000,0.561300,0.069100,0.018800,0.410000,0.011800,0.023000,0.021000,0.000400,0.000300,0.000700,0.005800,0.002500,0.004400,0.006400,0.000000
531,3.059946,5.689499,5.629900,2.325500,19001.000000,1294587215.000000,1798618424.000000,286048256.000000,272793600.000000,1992216576.000000,0.788300,69.000000,0.000700,0.000000,0.000000,0.000000,0.013000,0.000000,0.021100,0.000000,0.000000,0.000000,0.008000,0.002000,0.003500,0.007900,0.000000
532,3.065617,5.663598,5.718200,2.672300,19053.000000,1294594555.000000,1798618424.000000,286048256.000000,272801792.000000,1992216576.000000,0.789800,69.000000,0.549500,0.061100,0.016100,0.410100,0.010300,0.024700,0.010400,0.000500,0.000300,0.000600,0.004900,0.002200,0.003400,0.006400,0.000000
533,3.070764,5.126602,5.078700,2.097700,19001.000000,1294638299.000000,1798618424.000000,286048256.000000,272830464.000000,1992216576.000000,0.752200,69.000000,0.000500,0.000000,0.000000,0.000000,0.011600,0.000000,0.011800,0.000000,0.000000,0.000000,0.005300,0.002100,0.003300,0.006600,0.000000
534,3.075903,5.161501,5.193700,2.164000,19001.000000,1294559927.000000,1798536504.000000,286048256.000000,272846848.000000,1992216576.000000,0.903700,69.000000,0.000700,0.000000,0.000000,0.000000,0.010800,0.000000,0.012700,0.000000,0.000000,0.000000,0.005100,0.002800,0.003400,0.005700,0.000000
535,3.081081,5.184900,5.132500,2.165200,19001.000000,1294654971.000000,1798618424.000000,286048256.000000,272859136.000000,1992216576.000000,0.762900,69.000000,0.000700,0.000000,0.000000,0.000000,0.010600,0.000000,0.010500,0.000000,0.000000,0.000000,0.005600,0.001900,0.003400,0.006700,0.000000
536,3.086970,5.858999,5.887900,2.824000,19001.000000,1294679449.000000,1798536504.000000,286048256.000000,272883712.000000,1992216576.000000,0.756000,69.000000,0.500000,0.036700,0.017600,0.398500,0.010200,0.015500,0.011500,0.000400,0.000300,0.000700,0.005500,0.002300,0.003400,0.005300,0.000000
537,3.092529,5.543304,5.477200,2.308500,19001.000000,1294617331.000000,1798536504.000000,286048256.000000,272900096.000000,1992216576.000000,0.848000,69.000000,0.000500,0.000000,0.000000,0.000000,0.012300,0.000000,0.013200,0.000000,0.000000,0.000000,0.005700,0.002700,0.003100,0.006200,0.000000
538,3.097907,5.392496,5.432900,2.341900,19001.000000,1294707871.000000,1798618424.000000,286048256.000000,272908288.000000,1992216576.000000,0.780900,69.000000,0.000500,0.000000,0.000000,0.000000,0.011300,0.000000,0.011000,0.000000,0.000000,0.000000,0.006200,0.002200,0.003700,0.006900,0.000000
539,3.104117,6.216900,6.166100,2.851500,19001.000000,1294671391.000000,1798536504.000000,286048256.000000,272936960.000000,1992216576.000000,0.798500,69.000000,0.531300,0.040200,0.018400,0.419600,0.014000,0.017300,0.009700,0.000500,0.000300,0.000500,0.004900,0.002400,0.003600,0.006300,0.000000
540,3.109516,5.403203,5.443300,2.137800,19001.000000,1294762235.000000,1798618424.000000,286048256.000000,272961536.000000,1992216576.000000,0.901600,69.000000,0.000500,0.000000,0.000000,0.000000,0.011800,0.000000,0.011400,0.000000,0.000000,0.000000,0.005800,0.002100,0.003700,0.007400,0.000000
541,3.115200,5.664796,5.577200,2.166400,19001.000000,1294692271.000000,1798536504.000000,286048256.000000,272973824.000000,1992216576.000000,0.801800,69.000000,0.000600,0.000000,0.000000,0.000000,0.010100,0.000000,0.011200,0.000000,0.000000,0.000000,0.005100,0.001900,0.003400,0.006100,0.000000
542,3.121684,6.498902,6.497300,2.994600,19001.000000,1294716711.000000,1798536504.000000,286048256.000000,272990208.000000,1992216576.000000,0.910000,69.000000,0.596000,0.047600,0.017400,0.482600,0.011900,0.019400,0.010100,0.000400,0.000300,0.000600,0.005900,0.002800,0.003500,0.005800,0.000000
543,3.127279,5.603005,5.625800,2.486300,19137.000000,1294825571.000000,1798618424.000000,286048256.000000,273018880.000000,1992216576.000000,0.891000,69.000000,0.000700,0.000000,0.000000,0.000000,0.012200,0.000000,0.012200,0.000000,0.000000,0.000000,0.005800,0.001900,0.003700,0.006700,0.000000
544,3.133590,6.280598,6.298200,3.048100,19001.000000,1294836011.000000,1798618424.000000,286048256.000000,273031168.000000,1992216576.000000,0.830900,69.000000,0.685700,0.038300,0.019900,0.573800,0.010800,0.017400,0.011300,0.000600,0.000300,0.000700,0.005200,0.002200,0.003900,0.006300,0.000000
545,3.138898,5.335403,5.307100,2.193600,19001.000000,1294857175.000000,1798618424.000000,286048256.000000,273051648.000000,1992216576.000000,1.014200,69.000000,0.000500,0.000000,0.000000,0.000000,0.013200,0.000000,0.012000,0.000000,0.000000,0.000000,0.005300,0.002000,0.003700,0.006400,0.000000
546,3.144043,5.156895,5.183200,2.131100,19001.000000,1294875135.000000,1798618424.000000,286048256.000000,273068032.000000,1992216576.000000,0.837400,69.000000,0.000800,0.000000,0.000000,0.000000,0.010700,0.000000,0.013600,0.000000,0.000000,0.000000,0.004600,0.002000,0.003000,0.005400,0.000000
547,3.150063,5.990802,5.940400,2.686300,19001.000000,1294891283.000000,1798618424.000000,286048256.000000,273084416.000000,1992216576.000000,0.808500,69.000000,0.546600,0.040200,0.016500,0.440200,0.011000,0.020700,0.011100,0.000400,0.000200,0.000700,0.004800,0.002400,0.002800,0.006400,0.000000
548,3.155063,5.030102,5.065400,2.044200,19001.000000,1294910459.000000,1798618424.000000,286048256.000000,273104896.000000,1992216576.000000,0.775500,69.000000,0.000600,0.000000,0.000000,0.000000,0.011600,0.000000,0.012000,0.000000,0.000000,0.000000,0.004700,0.001900,0.003400,0.006100,0.000000
549,3.160451,5.363698,5.302300,2.100700,19001.000000,1294859919.000000,1798536504.000000,286048256.000000,273121280.000000,1992216576.000000,0.758000,69.000000,0.000600,0.000000,0.000000,0.000000,0.010900,0.000000,0.011000,0.000000,0.000000,0.000000,0.005200,0.002000,0.003200,0.006000,0.000000
550,3.166898,6.460197,6.468000,2.985700,19001.000000,1294867343.000000,1798536504.000000,286048256.000000,273141760.000000,1992216576.000000,0.878300,69.000000,0.530200,0.053800,0.014900,0.409200,0.011100,0.017200,0.024800,0.000400,0.000300,0.000500,0.005500,0.002400,0.003200,0.005700,0.000000
551,3.172419,5.484602,5.469100,2.378300,19001.000000,1294970759.000000,1798618424.000000,286048256.000000,273162240.000000,1992216576.000000,0.765000,69.000000,0.000700,0.000000,0.000000,0.000000,0.012500,0.000000,0.011500,0.000000,0.000000,0.000000,0.005300,0.002300,0.003600,0.007300,0.000000
552,3.177774,5.381399,5.391300,2.286100,19001.000000,1294900455.000000,1798536504.000000,286048256.000000,273174528.000000,1992216576.000000,0.806500,69.000000,0.000700,0.000000,0.000000,0.000000,0.011400,0.000000,0.011000,0.000000,0.000000,0.000000,0.005600,0.002500,0.003400,0.006700,0.000000
553,3.183998,6.213903,6.170200,2.914500,19001.000000,1294920555.000000,1798536504.000000,286048256.000000,273190912.000000,1992216576.000000,0.855000,69.000000,0.511400,0.038100,0.016300,0.406100,0.012600,0.015000,0.011000,0.000600,0.000300,0.000500,0.005400,0.002800,0.003700,0.006200,0.000000
554,3.189275,5.292397,5.322100,2.136200,19001.000000,1294941131.000000,1798536504.000000,286048256.000000,273211392.000000,1992216576.000000,0.823600,69.000000,0.000600,0.000000,0.000000,0.000000,0.013700,0.000000,0.011500,0.000000,0.000000,0.000000,0.005800,0.002200,0.003600,0.006800,0.000000
555,3.194898,5.597704,5.557600,2.215200,19001.000000,1294958603.000000,1798536504.000000,286048256.000000,273227776.000000,1992216576.000000,0.813600,69.000000,0.000600,0.000000,0.000000,0.000000,0.010800,0.000000,0.010800,0.000000,0.000000,0.000000,0.005900,0.002000,0.003500,0.006700,0.000000
556,3.201173,6.303500,6.332700,3.035300,19001.000000,1294980151.000000,1798536504.000000,286048256.000000,273248256.000000,1992216576.000000,0.810300,69.000000,0.510400,0.035500,0.016100,0.408000,0.010900,0.015100,0.010400,0.000500,0.000300,0.000400,0.005400,0.002300,0.003700,0.005500,0.000000
557,3.206949,5.778798,5.745300,2.419100,19001.000000,1295082539.000000,1798618424.000000,286048256.000000,273268736.000000,1992216576.000000,0.784400,69.000000,0.000800,0.000000,0.000000,0.000000,0.012600,0.000000,0.010600,0.000000,0.000000,0.000000,0.005300,0.001800,0.003400,0.007600,0.000000
558,3.212265,5.282398,5.300200,2.260300,19001.000000,1295015407.000000,1798536504.000000,286048256.000000,273281024.000000,1992216576.000000,0.766400,69.000000,0.000700,0.000000,0.000000,0.000000,0.010500,0.000000,0.010800,0.000000,0.000000,0.000000,0.005900,0.002400,0.003900,0.007200,0.000000
559,3.218512,6.283000,6.198700,2.898000,19001.000000,1295037539.000000,1798536504.000000,286048256.000000,273305600.000000,1992216576.000000,0.810700,69.000000,0.561400,0.069100,0.016600,0.410100,0.013000,0.025700,0.009400,0.000600,0.000200,0.000800,0.005900,0.002400,0.003800,0.007400,0.000000
560,3.223660,5.144799,5.211000,2.078100,19001.000000,1295134471.000000,1798618424.000000,286048256.000000,273317888.000000,1992216576.000000,0.863900,69.000000,0.000500,0.000000,0.000000,0.000000,0.012700,0.000000,0.011200,0.000000,0.000000,0.000000,0.005400,0.001900,0.003300,0.006600,0.000000
561,3.229000,5.318700,5.272400,2.139300,19001.000000,1295159775.000000,1798618424.000000,286048256.000000,273342464.000000,1992216576.000000,0.818300,69.000000,0.000600,0.000000,0.000000,0.000000,0.011200,0.000000,0.011100,0.000000,0.000000,0.000000,0.005200,0.002000,0.003300,0.006600,0.000000
562,3.235010,6.004004,6.037000,2.805200,19001.000000,1295181435.000000,1798618424.000000,286048256.000000,273362944.000000,1992220672.000000,0.935700,69.000000,0.595100,0.035900,0.016800,0.491800,0.011500,0.017100,0.010500,0.000600,0.000200,0.000600,0.005100,0.002300,0.003600,0.005500,0.000000
563,3.240498,5.510998,5.464500,2.252900,19001.000000,1295197699.000000,1798618424.000000,286048256.000000,273379328.000000,1992220672.000000,0.752400,69.000000,0.000700,0.000000,0.000000,0.000000,0.012200,0.000000,0.011200,0.000000,0.000000,0.000000,0.004800,0.002300,0.003600,0.006400,0.000000
564,3.245728,5.222704,5.252700,2.135100,19001.000000,1295217099.000000,1798618424.000000,286048256.000000,273399808.000000,1992220672.000000,0.801900,69.000000,0.000500,0.000000,0.000000,0.000000,0.011700,0.000000,0.011900,0.000000,0.000000,0.000000,0.005000,0.002300,0.003500,0.006300,0.000000
565,3.251945,6.198796,6.148600,3.000000,19001.000000,1295162815.000000,1798536504.000000,286048256.000000,273412096.000000,1992220672.000000,0.784300,69.000000,0.564200,0.038200,0.018500,0.454500,0.010500,0.017200,0.010300,0.000500,0.000300,0.000500,0.004900,0.002300,0.003200,0.005500,0.000000
566,3.257569,5.616801,5.629500,2.354300,19001.000000,1295162119.000000,1798536504.000000,286048256.000000,273424384.000000,1992220672.000000,0.860800,69.000000,0.000600,0.000000,0.000000,0.000000,0.012500,0.000000,0.012200,0.000000,0.000000,0.000000,0.005500,0.002700,0.003700,0.007100,0.000000
567,3.263040,5.492503,5.439900,2.279000,19001.000000,1295191479.000000,1798536504.000000,286048256.000000,273453056.000000,1992220672.000000,0.822100,69.000000,0.000500,0.000000,0.000000,0.000000,0.017000,0.000000,0.012200,0.000000,0.000000,0.000000,0.005600,0.002000,0.003600,0.007100,0.000000
568,3.269362,6.344097,6.372400,2.966300,19053.000000,1295203187.000000,1798536504.000000,286048256.000000,273465344.000000,1992220672.000000,1.075100,69.000000,0.692600,0.033900,0.016900,0.587200,0.012100,0.017700,0.009900,0.000500,0.000300,0.000600,0.005800,0.002300,0.003600,0.005900,0.000000
569,3.275089,5.699802,5.616000,2.276600,19001.000000,1295309143.000000,1798618424.000000,286048256.000000,273485824.000000,1992220672.000000,0.921000,69.000000,0.000600,0.000000,0.000000,0.000000,0.012000,0.000000,0.011700,0.000000,0.000000,0.000000,0.005800,0.002100,0.003100,0.006200,0.000000
570,3.280464,5.399398,5.491100,2.263200,19137.000000,1295321751.000000,1798618424.000000,286048256.000000,273498112.000000,1992220672.000000,0.855600,69.000000,0.000600,0.000000,0.000000,0.000000,0.011200,0.000000,0.012100,0.000000,0.000000,0.000000,0.005600,0.002300,0.003300,0.005500,0.000000
571,3.286585,6.120103,6.079800,2.988600,19001.000000,1295347491.000000,1798618424.000000,286048256.000000,273522688.000000,1992220672.000000,0.895300,69.000000,0.521100,0.035800,0.017600,0.414300,0.011300,0.018700,0.011300,0.000600,0.000400,0.000500,0.005000,0.002400,0.003700,0.005400,0.000000
572,3.292839,6.163400,6.130000,2.635200,19001.000000,1295298639.000000,1798536504.000000,286048256.000000,273555456.000000,1992220672.000000,0.955800,69.000000,0.000800,0.000000,0.000000,0.000000,0.012000,0.000000,0.010900,0.000000,0.000000,0.000000,0.004900,0.002200,0.003300,0.007300,0.000000
573,3.299155,6.373200,6.332100,2.591300,19001.000000,1295302431.000000,1798536504.000000,286048256.000000,273559552.000000,1992220672.000000,0.808800,69.000000,0.000800,0.000000,0.000000,0.000000,0.015300,0.000000,0.012800,0.000000,0.000000,0.000000,0.006700,0.002100,0.003400,0.009500,0.000000
574,3.305499,6.352296,6.394300,2.897800,19001.000000,1295317967.000000,1798536504.000000,286048256.000000,273571840.000000,1992220672.000000,0.825000,69.000000,0.566300,0.036300,0.018400,0.458600,0.012800,0.017200,0.012600,0.000500,0.000300,0.000500,0.006100,0.002500,0.004000,0.006900,0.000000
575,3.311147,5.647003,5.628000,2.265200,19001.000000,1295426395.000000,1798618424.000000,286048256.000000,273600512.000000,1992220672.000000,0.874100,69.000000,0.000700,0.000000,0.000000,0.000000,0.014200,0.000000,0.012700,0.000000,0.000000,0.000000,0.005100,0.002200,0.003800,0.007600,0.000000
576,3.317165,6.042900,6.071800,2.972200,19001.000000,1295446087.000000,1798618424.000000,286048256.000000,273616896.000000,1992220672.000000,0.978500,69.000000,0.577000,0.078500,0.017000,0.418600,0.011100,0.022500,0.011700,0.000600,0.000400,0.000700,0.005300,0.002500,0.003900,0.006800,0.000000
577,3.322909,5.734198,5.643300,2.331600,19001.000000,1295377067.000000,1798536504.000000,286048256.000000,273629184.000000,1992220672.000000,0.971200,69.000000,0.000600,0.000000,0.000000,0.000000,0.011700,0.000000,0.011400,0.000000,0.000000,0.000000,0.005000,0.002100,0.003600,0.006500,0.000000
578,3.328292,5.357299,5.408100,2.147800,19001.000000,1295407307.000000,1798536504.000000,286048256.000000,273657856.000000,1992220672.000000,0.840400,69.000000,0.000600,0.000000,0.000000,0.000000,0.012100,0.000000,0.011400,0.000000,0.000000,0.000000,0.005800,0.002400,0.003600,0.007000,0.000000
579,3.334498,6.200305,6.175300,2.879800,19001.000000,1295497399.000000,1798618424.000000,286048256.000000,273666048.000000,1992220672.000000,0.827500,69.000000,0.508500,0.035100,0.018600,0.404700,0.012900,0.016500,0.011400,0.000300,0.000200,0.000600,0.006100,0.002600,0.003700,0.006600,0.000000
580,3.339706,5.258199,5.294600,2.172100,19001.000000,1295516707.000000,1798618424.000000,286048256.000000,273686528.000000,1992220672.000000,0.840800,69.000000,0.000800,0.000000,0.000000,0.000000,0.012900,0.000000,0.011900,0.000000,0.000000,0.000000,0.004700,0.002300,0.003200,0.007000,0.000000
581,3.345222,5.509999,5.462000,2.259400,19001.000000,1295552283.000000,1798618424.000000,286048256.000000,273707008.000000,1992220672.000000,0.810600,69.000000,0.000700,0.000000,0.000000,0.000000,0.010200,0.000000,0.011800,0.000000,0.000000,0.000000,0.004800,0.002300,0.003200,0.006800,0.000000
582,3.351603,6.354797,6.381100,3.041200,19001.000000,1295555519.000000,1798618424.000000,286048256.000000,273723392.000000,1992220672.000000,0.875000,69.000000,0.512200,0.036700,0.017000,0.407400,0.010300,0.016500,0.012500,0.000500,0.000200,0.000500,0.005000,0.002400,0.003000,0.005700,0.000000
583,3.357294,5.702104,5.611600,2.522200,19001.000000,1295494619.000000,1798536504.000000,286048256.000000,273743872.000000,1992220672.000000,0.769500,69.000000,0.000800,0.000000,0.000000,0.000000,0.012800,0.000000,0.017300,0.000000,0.000000,0.000000,0.004900,0.002000,0.003300,0.006700,0.000000
584,3.362811,5.522201,5.583100,2.380400,19001.000000,1295597583.000000,1798618424.000000,286048256.000000,273764352.000000,1992220672.000000,0.931300,69.000000,0.000500,0.000000,0.000000,0.000000,0.011900,0.000000,0.019900,0.000000,0.000000,0.000000,0.005500,0.002200,0.003600,0.007200,0.000000
585,3.368875,6.069097,6.032600,2.988200,19001.000000,1295625163.000000,1798618424.000000,286048256.000000,273788928.000000,1992220672.000000,0.922300,69.000000,0.515000,0.037300,0.017900,0.408000,0.012000,0.016400,0.016100,0.000500,0.000300,0.000500,0.005400,0.002700,0.003400,0.005700,0.000000
586,3.374015,5.130598,5.136900,2.044100,19001.000000,1295551615.000000,1798536504.000000,286048256.000000,273797120.000000,1992220672.000000,1.041600,69.000000,0.000500,0.000000,0.000000,0.000000,0.012400,0.000000,0.010600,0.000000,0.000000,0.000000,0.004900,0.001900,0.003200,0.006200,0.000000
587,3.379111,5.108206,5.035700,2.027300,19001.000000,1295573399.000000,1798536504.000000,286048256.000000,273817600.000000,1992220672.000000,0.787700,69.000000,0.000700,0.000000,0.000000,0.000000,0.011300,0.000000,0.010100,0.000000,0.000000,0.000000,0.005200,0.001800,0.003300,0.008100,0.000000
588,3.385005,5.900397,5.988500,2.671900,19001.000000,1295672995.000000,1798618424.000000,286048256.000000,273829888.000000,1992220672.000000,0.758300,69.000000,0.551500,0.043200,0.017800,0.429800,0.011200,0.025200,0.009700,0.000500,0.000300,0.000800,0.004900,0.002500,0.003500,0.006100,0.000000
589,3.390203,5.163698,5.109100,2.046300,19001.000000,1295697619.000000,1798618424.000000,286048256.000000,273854464.000000,1992220672.000000,0.749600,69.000000,0.000700,0.000000,0.000000,0.000000,0.011200,0.000000,0.011000,0.000000,0.000000,0.000000,0.004500,0.002400,0.003400,0.006400,0.000000
590,3.395433,5.251502,5.277000,2.123700,19001.000000,1295717207.000000,1798618424.000000,286048256.000000,273870848.000000,1992220672.000000,0.758000,69.000000,0.000600,0.000000,0.000000,0.000000,0.010900,0.000000,0.011400,0.000000,0.000000,0.000000,0.005600,0.003000,0.003300,0.006700,0.000000
591,3.401803,6.375801,6.312100,3.064700,19001.000000,1295649259.000000,1798536504.000000,286048256.000000,273891328.000000,1992220672.000000,0.886300,69.000000,0.756600,0.038700,0.017200,0.650300,0.011100,0.016700,0.010700,0.000400,0.000300,0.000600,0.004600,0.002400,0.003800,0.005400,0.000000
592,3.407043,5.231299,5.290600,2.203000,19001.000000,1295746071.000000,1798618424.000000,286048256.000000,273903616.000000,1992220672.000000,0.806100,69.000000,0.000600,0.000000,0.000000,0.000000,0.011600,0.000000,0.011000,0.000000,0.000000,0.000000,0.004700,0.002100,0.002500,0.006500,0.000000
593,3.412507,5.433504,5.344300,2.243200,19001.000000,1295685379.000000,1798536504.000000,286048256.000000,273924096.000000,1992220672.000000,0.798800,69.000000,0.000700,0.000000,0.000000,0.000000,0.011200,0.000000,0.011100,0.000000,0.000000,0.000000,0.005000,0.002300,0.003800,0.007000,0.000000
594,3.418631,6.150595,6.200500,2.951300,19001.000000,1295789387.000000,1798618424.000000,286048256.000000,273944576.000000,1992224768.000000,0.955900,69.000000,0.697400,0.036100,0.015200,0.583600,0.011700,0.024500,0.010700,0.000500,0.000300,0.000700,0.006300,0.002100,0.003800,0.006700,0.000000
595,3.423884,5.257398,5.229900,2.156900,19001.000000,1295801623.000000,1798618424.000000,286048256.000000,273956864.000000,1992224768.000000,0.819200,69.000000,0.000500,0.000000,0.000000,0.000000,0.013000,0.000000,0.011900,0.000000,0.000000,0.000000,0.005300,0.002100,0.003600,0.006700,0.000000
596,3.429295,5.377700,5.316000,2.148400,19001.000000,1295739039.000000,1798536504.000000,286048256.000000,273977344.000000,1992224768.000000,1.044600,69.000000,0.000600,0.000000,0.000000,0.000000,0.011200,0.000000,0.011400,0.000000,0.000000,0.000000,0.005400,0.002200,0.003800,0.006300,0.000000
597,3.435324,6.053607,6.102900,2.979600,19137.000000,1295852467.000000,1798618424.000000,286048256.000000,273993728.000000,1992224768.000000,0.816500,69.000000,0.575100,0.031700,0.015800,0.475000,0.011500,0.018200,0.010200,0.000500,0.000300,0.000500,0.005900,0.002300,0.003700,0.005700,0.000000
598,3.440322,5.017899,5.037200,2.059500,19001.000000,1295777687.000000,1798536504.000000,286048256.000000,274014208.000000,1992224768.000000,0.776400,69.000000,0.000600,0.000000,0.000000,0.000000,0.011500,0.000000,0.011800,0.000000,0.000000,0.000000,0.005400,0.002600,0.003200,0.007500,0.000000
599,3.445431,5.110098,5.065100,2.049900,19001.000000,1295799135.000000,1798536504.000000,286048256.000000,274034688.000000,1992224768.000000,0.784600,69.000000,0.000600,0.000000,0.000000,0.000000,0.009800,0.000000,0.009900,0.000000,0.000000,0.000000,0.005200,0.001900,0.003100,0.007300,0.000000
600,3.451082,5.629599,5.663400,2.623300,19001.000000,1295823659.000000,1798536504.000000,286048256.000000,274059264.000000,1992224768.000000,0.837600,69.000000,0.491800,0.032800,0.014900,0.394300,0.010800,0.017200,0.009700,0.000600,0.000200,0.000500,0.005100,0.002700,0.003400,0.005700,0.000000
601,3.456629,5.559602,5.495500,2.147500,19001.000000,1295839275.000000,1798536504.000000,286048256.000000,274071552.000000,1992224768.000000,0.838000,69.000000,0.000900,0.000000,0.000000,0.000000,0.012400,0.000000,0.011100,0.000000,0.000000,0.000000,0.005700,0.002100,0.003400,0.006400,0.000000
602,3.463487,6.850298,6.863500,2.669600,19001.000000,1295859819.000000,1798536504.000000,286048256.000000,274092032.000000,1992224768.000000,0.882100,69.000000,0.000700,0.000000,0.000000,0.000000,0.011200,0.000000,0.019300,0.000000,0.000000,0.000000,0.005500,0.002000,0.003700,0.007200,0.000000
603,3.469597,6.127204,6.109100,2.820700,19053.000000,1295964235.000000,1798618424.000000,286048256.000000,274112512.000000,1992224768.000000,1.052500,69.000000,0.608100,0.089700,0.016700,0.446900,0.012000,0.021500,0.010400,0.000400,0.000400,0.000800,0.006200,0.002500,0.003600,0.006600,0.000000
604,3.475094,5.460594,5.484200,2.153600,19001.000000,1295898823.000000,1798536504.000000,286048256.000000,274128896.000000,1992224768.000000,0.876100,69.000000,0.000600,0.000000,0.000000,0.000000,0.011800,0.000000,0.011400,0.000000,0.000000,0.000000,0.004700,0.002100,0.003200,0.005600,0.000000
605,3.480350,5.301701,5.234700,2.108600,19001.000000,1295997163.000000,1798618424.000000,286048256.000000,274145280.000000,1992224768.000000,0.974400,69.000000,0.000700,0.000000,0.000000,0.000000,0.011400,0.000000,0.011000,0.000000,0.000000,0.000000,0.005600,0.002100,0.003700,0.006800,0.000000
606,3.486190,5.827105,5.887800,2.813800,19001.000000,1296023943.000000,1798618424.000000,286048256.000000,274169856.000000,1992224768.000000,0.921000,69.000000,0.599500,0.036700,0.017200,0.494400,0.011100,0.018000,0.010000,0.000500,0.000300,0.000600,0.004700,0.002400,0.003300,0.005500,0.000000
607,3.492111,5.888400,5.803000,2.531400,19001.000000,1295956347.000000,1798536504.000000,286048256.000000,274186240.000000,1992224768.000000,0.871500,69.000000,0.000400,0.000000,0.000000,0.000000,0.010800,0.000000,0.010800,0.000000,0.000000,0.000000,0.005200,0.002200,0.003000,0.005700,0.000000
608,3.497352,5.266298,5.320800,2.246400,19001.000000,1295975651.000000,1798536504.000000,286048256.000000,274202624.000000,1992224768.000000,0.851500,69.000000,0.000600,0.000000,0.000000,0.000000,0.013500,0.000000,0.012600,0.000000,0.000000,0.000000,0.005600,0.002200,0.003000,0.006800,0.000000
609,3.504184,6.816497,6.761200,3.050700,19001.000000,1295988263.000000,1798536504.000000,286048256.000000,274214912.000000,1992224768.000000,0.843400,69.000000,0.521300,0.038200,0.016700,0.405200,0.011800,0.017200,0.012500,0.000500,0.000300,0.000600,0.005400,0.002600,0.004000,0.006200,0.000000
610,3.509818,5.636806,5.680300,2.247300,19001.000000,1296006679.000000,1798536504.000000,286048256.000000,274231296.000000,1992224768.000000,0.965600,69.000000,0.000700,0.000000,0.000000,0.000000,0.014900,0.000000,0.011700,0.000000,0.000000,0.000000,0.005600,0.002300,0.003600,0.007000,0.000000
611,3.515939,6.137401,6.092300,2.920600,19001.000000,1296117243.000000,1798618424.000000,286048256.000000,274259968.000000,1992224768.000000,1.048400,69.000000,0.517300,0.037300,0.016700,0.406900,0.010700,0.021800,0.020100,0.000500,0.000300,0.000400,0.004800,0.002700,0.003600,0.005300,0.000000
612,3.521546,5.605995,5.631700,2.397100,19001.000000,1296046959.000000,1798536504.000000,286048256.000000,274272256.000000,1992224768.000000,0.953100,69.000000,0.000700,0.000000,0.000000,0.000000,0.011900,0.000000,0.014200,0.000000,0.000000,0.000000,0.005200,0.002300,0.003100,0.006700,0.000000
613,3.527225,5.673902,5.626700,2.420000,19001.000000,1296084919.000000,1798536504.000000,286048256.000000,274292736.000000,1992224768.000000,0.941900,69.000000,0.000600,0.000000,0.000000,0.000000,0.011300,0.000000,0.023400,0.000000,0.000000,0.000000,0.005500,0.002000,0.003100,0.007000,0.000000
614,3.533507,6.265101,6.257200,2.913000,19001.000000,1296108147.000000,1798536504.000000,286048256.000000,274313216.000000,1992224768.000000,0.811300,69.000000,0.652600,0.039300,0.016200,0.546600,0.011900,0.015900,0.022600,0.000600,0.000700,0.000500,0.006100,0.002500,0.003500,0.005300,0.000000
615,3.539395,5.914300,5.897300,2.280800,19001.000000,1296105419.000000,1798536504.000000,286048256.000000,274325504.000000,1992224768.000000,1.068600,69.000000,0.000700,0.000000,0.000000,0.000000,0.013500,0.000000,0.010800,0.000000,0.000000,0.000000,0.005300,0.002100,0.003700,0.007400,0.000000
616,3.544856,5.462401,5.501400,2.157600,19001.000000,1296125707.000000,1798536504.000000,286048256.000000,274345984.000000,1992224768.000000,0.905400,69.000000,0.000600,0.000000,0.000000,0.000000,0.011700,0.000000,0.010800,0.000000,0.000000,0.000000,0.005200,0.001900,0.003300,0.007200,0.000000
617,3.551162,6.281696,6.227800,2.804500,19001.000000,1296153975.000000,1798536504.000000,286048256.000000,274370560.000000,1992224768.000000,0.937900,69.000000,0.532000,0.037600,0.016400,0.418300,0.010900,0.022800,0.010100,0.000600,0.000300,0.000800,0.005500,0.002200,0.003100,0.006000,0.000000
618,3.556699,5.555903,5.588300,2.393300,19001.000000,1296174647.000000,1798536504.000000,286048256.000000,274374656.000000,1992224768.000000,0.891700,69.000000,0.000800,0.000000,0.000000,0.000000,0.012500,0.000000,0.009900,0.000000,0.000000,0.000000,0.006200,0.002300,0.003400,0.005700,0.000000
619,3.562423,5.714498,5.655200,2.385900,19001.000000,1296183935.000000,1798536504.000000,286048256.000000,274399232.000000,1992224768.000000,0.929700,69.000000,0.000700,0.000000,0.000000,0.000000,0.010800,0.000000,0.011100,0.000000,0.000000,0.000000,0.005400,0.002200,0.003400,0.006700,0.000000
620,3.568637,6.211302,6.240500,2.883300,19001.000000,1296209087.000000,1798536504.000000,286048256.000000,274423808.000000,1992224768.000000,1.041800,69.000000,0.530300,0.037000,0.016900,0.420100,0.010600,0.018000,0.011000,0.000700,0.000300,0.000500,0.005600,0.002500,0.003800,0.006300,0.000000
621,3.574272,5.623299,5.571500,2.299100,19001.000000,1296217247.000000,1798536504.000000,286048256.000000,274432000.000000,1992224768.000000,0.919600,69.000000,0.001300,0.000000,0.000000,0.000000,0.013100,0.000000,0.011900,0.000000,0.000000,0.000000,0.005600,0.002000,0.003400,0.006900,0.000000
622,3.579904,5.651403,5.634600,2.282900,19001.000000,1296323083.000000,1798618424.000000,286048256.000000,274452480.000000,1992224768.000000,0.964900,69.000000,0.000700,0.000000,0.000000,0.000000,0.011500,0.000000,0.013200,0.000000,0.000000,0.000000,0.005900,0.002100,0.003800,0.007300,0.000000
623,3.585902,6.010799,6.013500,2.790800,19137.000000,1296345311.000000,1798618424.000000,286048256.000000,274477056.000000,1992224768.000000,0.955000,69.000000,0.521400,0.036000,0.018200,0.418800,0.011000,0.015500,0.011300,0.000700,0.000300,0.000500,0.005000,0.002400,0.003200,0.005500,0.000000
624,3.591689,5.758999,5.792700,2.364500,19001.000000,1296278299.000000,1798536504.000000,286048256.000000,274489344.000000,1992224768.000000,0.908800,69.000000,0.000700,0.000000,0.000000,0.000000,0.011900,0.000000,0.010100,0.000000,0.000000,0.000000,0.004900,0.002300,0.003000,0.006400,0.000000
625,3.597223,5.535899,5.493800,2.337800,19001.000000,1296381599.000000,1798618424.000000,286048256.000000,274509824.000000,1992224768.000000,0.937900,69.000000,0.000800,0.000000,0.000000,0.000000,0.011100,0.000000,0.014000,0.000000,0.000000,0.000000,0.005600,0.002100,0.003600,0.007600,0.000000
626,3.603216,6.011799,6.042000,2.953800,19001.000000,1296395115.000000,1798618424.000000,286048256.000000,274522112.000000,1992228864.000000,0.863900,69.000000,0.531500,0.037900,0.017100,0.414000,0.012000,0.016300,0.019900,0.000500,0.000200,0.000500,0.005900,0.002700,0.003800,0.006100,0.000000
627,3.608629,5.406803,5.348100,2.159200,19001.000000,1296345847.000000,1798536504.000000,286048256.000000,274554880.000000,1992228864.000000,1.047700,69.000000,0.000500,0.000000,0.000000,0.000000,0.012200,0.000000,0.011200,0.000000,0.000000,0.000000,0.005400,0.002400,0.003600,0.007000,0.000000
628,3.613854,5.211997,5.257100,2.161900,19001.000000,1296439027.000000,1798618424.000000,286048256.000000,274567168.000000,1992228864.000000,1.048600,69.000000,0.000800,0.000000,0.000000,0.000000,0.011500,0.000000,0.012300,0.000000,0.000000,0.000000,0.005800,0.001900,0.003200,0.007100,0.000000
629,3.619877,6.045599,6.003400,2.751500,19001.000000,1296477295.000000,1798618424.000000,286048256.000000,274587648.000000,1992228864.000000,0.798100,69.000000,0.522800,0.038300,0.018200,0.418300,0.010400,0.015900,0.011100,0.000500,0.000200,0.000500,0.005600,0.002100,0.003100,0.005900,0.000000
630,3.625058,5.177104,5.192200,2.050000,19001.000000,1296402867.000000,1798536504.000000,286048256.000000,274608128.000000,1992228864.000000,0.772500,69.000000,0.000600,0.000000,0.000000,0.000000,0.011800,0.000000,0.012000,0.000000,0.000000,0.000000,0.005400,0.002600,0.003500,0.005300,0.000000
631,3.631056,5.980697,5.942100,2.739100,19001.000000,1296497939.000000,1798618424.000000,286048256.000000,274620416.000000,1992228864.000000,0.770800,69.000000,0.000900,0.000000,0.000000,0.000000,0.011400,0.000000,0.020100,0.000000,0.000000,0.000000,0.005000,0.002000,0.003300,0.007500,0.000000
632,3.637267,6.225099,6.219900,3.085000,19001.000000,1296518691.000000,1798618424.000000,286048256.000000,274640896.000000,1992228864.000000,0.897000,69.000000,0.583600,0.073800,0.016600,0.434900,0.010600,0.018900,0.010100,0.000500,0.000300,0.000600,0.005500,0.002500,0.003400,0.006400,0.000000
633,3.643316,6.033199,5.992000,2.296400,19001.000000,1296456551.000000,1798536504.000000,286048256.000000,274657280.000000,1992228864.000000,0.853000,69.000000,0.000600,0.000000,0.000000,0.000000,0.012900,0.000000,0.012500,0.000000,0.000000,0.000000,0.005600,0.002500,0.004600,0.007600,0.000000
634,3.650579,7.265101,7.327900,4.224900,19001.000000,1296559739.000000,1798618424.000000,286048256.000000,274673664.000000,1992228864.000000,0.856200,69.000000,0.528100,0.045300,0.018500,0.412100,0.016000,0.018000,0.010100,0.000500,0.000200,0.000500,0.005600,0.002300,0.003200,0.006200,0.000000
635,3.655627,5.075801,5.037000,2.095500,19001.000000,1296585067.000000,1798618424.000000,286048256.000000,274698240.000000,1992228864.000000,0.809400,69.000000,0.000700,0.000000,0.000000,0.000000,0.011700,0.000000,0.010800,0.000000,0.000000,0.000000,0.005200,0.002100,0.003300,0.007200,0.000000
636,3.660992,5.355697,5.371900,2.209700,19001.000000,1296519743.000000,1798536504.000000,286048256.000000,274714624.000000,1992228864.000000,0.779500,69.000000,0.000600,0.000000,0.000000,0.000000,0.011200,0.000000,0.011400,0.000000,0.000000,0.000000,0.005300,0.002400,0.003400,0.007200,0.000000
637,3.667292,6.294806,6.237200,3.026400,19001.000000,1296605383.000000,1798618424.000000,286048256.000000,274722816.000000,1992228864.000000,0.856900,69.000000,0.714300,0.037500,0.015900,0.603600,0.010600,0.022400,0.015400,0.000500,0.000300,0.000700,0.005600,0.002200,0.003700,0.005700,0.000000
638,3.672671,5.339498,5.340100,2.220400,19053.000000,1296641183.000000,1798618424.000000,286048256.000000,274755584.000000,1992228864.000000,0.782200,69.000000,0.000600,0.000000,0.000000,0.000000,0.012000,0.000000,0.011900,0.000000,0.000000,0.000000,0.004700,0.002100,0.003200,0.006700,0.000000
639,3.678150,5.524497,5.499400,2.351000,19001.000000,1296569643.000000,1798536504.000000,286048256.000000,274767872.000000,1992228864.000000,0.858900,69.000000,0.000600,0.000000,0.000000,0.000000,0.013200,0.000000,0.012000,0.000000,0.000000,0.000000,0.005000,0.002500,0.003500,0.007600,0.000000
640,3.683771,5.617801,5.658800,2.619400,19001.000000,1296666859.000000,1798618424.000000,286048256.000000,274780160.000000,1992228864.000000,0.702300,69.000000,0.491800,0.033200,0.015400,0.394200,0.011800,0.017200,0.012800,0.000500,0.000200,0.000500,0.005000,0.002500,0.002500,0.005700,0.000000
641,3.689487,5.703104,5.618500,2.166900,19001.000000,1296609703.000000,1798536504.000000,286048256.000000,274804736.000000,1992228864.000000,0.772800,69.000000,0.000400,0.000000,0.000000,0.000000,0.012700,0.000000,0.013200,0.000000,0.000000,0.000000,0.004900,0.002200,0.003200,0.006400,0.000000
642,3.694676,5.187096,5.252300,2.103700,19001.000000,1296623479.000000,1798536504.000000,286048256.000000,274817024.000000,1992228864.000000,0.802200,69.000000,0.000900,0.000000,0.000000,0.000000,0.012000,0.000000,0.011600,0.000000,0.000000,0.000000,0.005100,0.002100,0.003400,0.006200,0.000000
643,3.700935,6.264101,6.203300,2.867500,19001.000000,1296664775.000000,1798536504.000000,286048256.000000,274837504.000000,1992228864.000000,0.776400,69.000000,0.536000,0.035000,0.015500,0.426700,0.010500,0.022900,0.014100,0.000500,0.000200,0.000700,0.005800,0.002400,0.003700,0.006200,0.000000
644,3.706661,5.733298,5.771300,2.409800,19001.000000,1296692463.000000,1798536504.000000,286048256.000000,274862080.000000,1992228864.000000,0.895400,69.000000,0.001000,0.000000,0.000000,0.000000,0.014800,0.000000,0.024000,0.000000,0.000000,0.000000,0.006100,0.002200,0.003400,0.007200,0.000000
645,3.712254,5.562103,5.503600,2.336200,19001.000000,1296731447.000000,1798536504.000000,286048256.000000,274882560.000000,1992228864.000000,0.824800,69.000000,0.000800,0.000000,0.000000,0.000000,0.011400,0.000000,0.024400,0.000000,0.000000,0.000000,0.005900,0.002000,0.003500,0.006400,0.000000
646,3.718731,6.494799,6.514000,3.054900,19001.000000,1296730627.000000,1798536504.000000,286048256.000000,274894848.000000,1992228864.000000,1.172600,69.000000,0.551800,0.053800,0.015400,0.425000,0.011900,0.020800,0.011600,0.000600,0.000300,0.000500,0.005700,0.002500,0.003600,0.006500,0.000000
647,3.724294,5.580903,5.560600,2.301400,19001.000000,1296833919.000000,1798618424.000000,286048256.000000,274915328.000000,1992228864.000000,0.894400,69.000000,0.000700,0.000000,0.000000,0.000000,0.014600,0.000000,0.011400,0.000000,0.000000,0.000000,0.005500,0.002300,0.003500,0.007400,0.000000
648,3.729858,5.537599,5.562000,2.206700,19001.000000,1296850207.000000,1798618424.000000,286048256.000000,274931712.000000,1992228864.000000,1.002600,69.000000,0.000600,0.000000,0.000000,0.000000,0.010800,0.000000,0.011200,0.000000,0.000000,0.000000,0.005200,0.002200,0.003600,0.006400,0.000000
649,3.736399,6.553997,6.450200,2.959000,19001.000000,1296812797.000000,1798552888.000000,286048256.000000,274956288.000000,1992228864.000000,0.952500,69.000000,0.641300,0.038900,0.017000,0.534500,0.011800,0.017700,0.010300,0.000500,0.000200,0.000500,0.005100,0.002300,0.003200,0.005500,0.000000
650,3.742144,5.752105,5.818700,2.471800,19137.000000,1296809167.000000,1798536504.000000,286048256.000000,274968576.000000,1992228864.000000,0.826200,69.000000,0.000500,0.000000,0.000000,0.000000,0.012300,0.000000,0.012900,0.000000,0.000000,0.000000,0.005000,0.002300,0.003100,0.006400,0.000000
651,3.747852,5.690894,5.648800,2.316800,19001.000000,1296912467.000000,1798618424.000000,286048256.000000,274989056.000000,1992228864.000000,0.897300,69.000000,0.000500,0.000000,0.000000,0.000000,0.011300,0.000000,0.012800,0.000000,0.000000,0.000000,0.005600,0.003000,0.003300,0.006800,0.000000
652,3.754104,6.246507,6.291000,3.018100,19001.000000,1296916423.000000,1798602040.000000,286048256.000000,275009536.000000,1992228864.000000,0.867400,69.000000,0.583400,0.038400,0.017800,0.468700,0.012700,0.021200,0.010700,0.000500,0.000300,0.000700,0.005900,0.002500,0.003800,0.007100,0.000000
653,3.759683,5.605499,5.565700,2.374700,19001.000000,1296948991.000000,1798618424.000000,286048256.000000,275025920.000000,1992228864.000000,0.922900,69.000000,0.000400,0.000000,0.000000,0.000000,0.013100,0.000000,0.011200,0.000000,0.000000,0.000000,0.005200,0.002300,0.003700,0.007200,0.000000
654,3.765653,5.966497,5.983000,2.744600,19001.000000,1296878183.000000,1798536504.000000,286048256.000000,275034112.000000,1992228864.000000,0.924500,69.000000,0.514700,0.035300,0.016900,0.412600,0.010900,0.015400,0.010400,0.000600,0.000300,0.000500,0.005300,0.002500,0.003900,0.006000,0.000000
655,3.770985,5.319501,5.275900,2.189200,19001.000000,1296986923.000000,1798618424.000000,286048256.000000,275062784.000000,1992228864.000000,0.811000,69.000000,0.000900,0.000000,0.000000,0.000000,0.012500,0.000000,0.011500,0.000000,0.000000,0.000000,0.005400,0.002000,0.003400,0.007300,0.000000
656,3.776583,5.618197,5.653000,2.246200,19001.000000,1296993397.000000,1798536504.000000,286048256.000000,275083264.000000,1992228864.000000,0.834700,69.000000,0.000700,0.000000,0.000000,0.000000,0.010600,0.000000,0.011700,0.000000,0.000000,0.000000,0.005100,0.002300,0.003100,0.007300,0.000000
657,3.782426,5.832100,5.771400,2.737900,19001.000000,1296965191.000000,1798536504.000000,286048256.000000,275103744.000000,1992228864.000000,1.020800,69.000000,0.559800,0.075200,0.016800,0.406400,0.011700,0.024200,0.011000,0.000600,0.000300,0.000800,0.005000,0.002300,0.003200,0.006800,0.000000
658,3.787554,5.138605,5.186400,2.151400,19001.000000,1297048787.000000,1798618424.000000,286048256.000000,275120128.000000,1992232960.000000,0.874200,69.000000,0.000600,0.000000,0.000000,0.000000,0.011800,0.000000,0.011800,0.000000,0.000000,0.000000,0.007100,0.002100,0.004100,0.007000,0.000000
659,3.792821,5.245500,5.178100,2.207300,19001.000000,1297038803.000000,1798618424.000000,286048256.000000,275136512.000000,1992232960.000000,0.868100,69.000000,0.000700,0.000000,0.000000,0.000000,0.011100,0.000000,0.011800,0.000000,0.000000,0.000000,0.004700,0.002400,0.003600,0.007800,0.000000
660,3.798060,5.251396,5.284900,2.217500,19001.000000,1296976631.000000,1798536504.000000,286048256.000000,275156992.000000,1992232960.000000,0.864500,69.000000,0.000500,0.000000,0.000000,0.000000,0.011100,0.000000,0.013200,0.000000,0.000000,0.000000,0.005300,0.002100,0.003200,0.007100,0.000000
661,3.804049,5.991100,5.943400,2.874800,19001.000000,1297008803.000000,1798536504.000000,286048256.000000,275173376.000000,1992232960.000000,0.782900,69.000000,0.670900,0.034800,0.016700,0.560200,0.011500,0.024000,0.011800,0.000300,0.000300,0.000700,0.006200,0.002300,0.003700,0.006200,0.000000
662,3.809078,5.048002,5.095100,2.042300,19001.000000,1297102287.000000,1798618424.000000,286048256.000000,275197952.000000,1992232960.000000,0.782600,69.000000,0.000800,0.000000,0.000000,0.000000,0.012700,0.000000,0.011000,0.000000,0.000000,0.000000,0.004900,0.002000,0.003600,0.007500,0.000000
663,3.814181,5.073696,5.021800,2.037600,19001.000000,1297115419.000000,1798618424.000000,286048256.000000,275210240.000000,1992232960.000000,0.811900,69.000000,0.000600,0.000000,0.000000,0.000000,0.010400,0.000000,0.011200,0.000000,0.000000,0.000000,0.004700,0.002000,0.003200,0.007500,0.000000
664,3.820246,6.093700,6.131000,3.027700,19001.000000,1297136163.000000,1798618424.000000,286048256.000000,275230720.000000,1992232960.000000,0.751100,69.000000,0.634600,0.042200,0.017200,0.523300,0.010700,0.022600,0.021400,0.000600,0.000300,0.000700,0.004900,0.002200,0.003400,0.006100,0.000000
665,3.825523,5.276304,5.232100,2.195700,19001.000000,1297160059.000000,1798618424.000000,286048256.000000,275251200.000000,1992232960.000000,0.732000,69.000000,0.000600,0.000000,0.000000,0.000000,0.011700,0.000000,0.010800,0.000000,0.000000,0.000000,0.004700,0.002100,0.003200,0.007000,0.000000
666,3.831227,5.673802,5.697900,2.464800,19001.000000,1297102839.000000,1798536504.000000,286048256.000000,275275776.000000,1992232960.000000,0.764400,69.000000,0.000600,0.000000,0.000000,0.000000,0.010700,0.000000,0.010800,0.000000,0.000000,0.000000,0.004500,0.002300,0.003100,0.007200,0.000000
667,3.837004,5.795699,5.760600,2.834100,19001.000000,1297197779.000000,1798618424.000000,286048256.000000,275288064.000000,1992232960.000000,0.904000,69.000000,0.490300,0.034400,0.014900,0.388800,0.011300,0.017700,0.009500,0.000500,0.000300,0.000400,0.005500,0.002600,0.003500,0.004900,0.000000
668,3.842367,5.339895,5.192200,2.219500,19001.000000,1297218555.000000,1798618424.000000,286048256.000000,275308544.000000,1992232960.000000,0.776100,69.000000,0.000500,0.000000,0.000000,0.000000,0.011800,0.000000,0.011000,0.000000,0.000000,0.000000,0.005000,0.002100,0.002900,0.005800,0.000000
669,3.847944,5.603600,5.686800,2.498300,19001.000000,1297238931.000000,1798618424.000000,286048256.000000,275329024.000000,1992232960.000000,1.036800,69.000000,0.000900,0.000000,0.000000,0.000000,0.011500,0.000000,0.021100,0.000000,0.000000,0.000000,0.005300,0.002000,0.003600,0.006900,0.000000
670,3.853765,5.791702,5.845200,2.701200,19001.000000,1297250579.000000,1798618424.000000,286048256.000000,275337216.000000,1992232960.000000,0.753400,69.000000,0.539800,0.036200,0.017500,0.427400,0.011100,0.024200,0.010100,0.000500,0.000300,0.000800,0.004900,0.002300,0.003000,0.006500,0.000000
671,3.858966,5.228203,5.192400,2.134700,19001.000000,1297285439.000000,1798618424.000000,286048256.000000,275374080.000000,1992232960.000000,0.785500,69.000000,0.000700,0.000000,0.000000,0.000000,0.012700,0.000000,0.010900,0.000000,0.000000,0.000000,0.005100,0.002300,0.003700,0.007000,0.000000
672,3.864411,5.439598,5.454800,2.266700,19001.000000,1297292087.000000,1798618424.000000,286048256.000000,275378176.000000,1992232960.000000,0.816100,69.000000,0.000800,0.000000,0.000000,0.000000,0.011400,0.000000,0.011600,0.000000,0.000000,0.000000,0.005100,0.002500,0.003300,0.007400,0.000000
673,3.870586,6.147002,6.104600,2.878900,19001.000000,1297308867.000000,1798618424.000000,286048256.000000,275394560.000000,1992232960.000000,0.797200,69.000000,0.619100,0.040000,0.018000,0.479700,0.011000,0.025600,0.012100,0.000300,0.000300,0.000800,0.005200,0.002300,0.003400,0.006200,0.000000
674,3.875997,5.445996,5.480000,2.277000,19053.000000,1297338755.000000,1798618424.000000,286048256.000000,275423232.000000,1992232960.000000,0.756600,69.000000,0.000500,0.000000,0.000000,0.000000,0.011400,0.000000,0.012500,0.000000,0.000000,0.000000,0.005600,0.002000,0.002900,0.006100,0.000000
675,3.881217,5.216901,5.160600,2.146200,19001.000000,1297268871.000000,1798536504.000000,286048256.000000,275435520.000000,1992232960.000000,0.838000,69.000000,0.000600,0.000000,0.000000,0.000000,0.010900,0.000000,0.011900,0.000000,0.000000,0.000000,0.005600,0.002000,0.003700,0.006200,0.000000
676,3.887728,6.496804,6.453900,2.974300,19001.000000,1297280507.000000,1798536504.000000,286048256.000000,275447808.000000,1992232960.000000,0.834400,69.000000,0.643400,0.034400,0.015600,0.542700,0.010500,0.018400,0.010800,0.000600,0.000300,0.000500,0.005000,0.002500,0.003500,0.005500,0.000000
677,3.893370,5.621096,5.657900,2.509900,19137.000000,1297408783.000000,1798618424.000000,286048256.000000,275476480.000000,1992232960.000000,0.851900,69.000000,0.000900,0.000000,0.000000,0.000000,0.013400,0.000000,0.013800,0.000000,0.000000,0.000000,0.005300,0.002200,0.003900,0.007200,0.000000
678,3.899341,6.007901,6.006700,2.810100,19001.000000,1297330607.000000,1798536504.000000,286048256.000000,275492864.000000,1992232960.000000,0.875500,69.000000,0.578500,0.039300,0.018300,0.458800,0.012000,0.026000,0.012000,0.000500,0.000400,0.000800,0.005200,0.002800,0.003900,0.006700,0.000000
679,3.905056,5.682703,5.635400,2.242100,19001.000000,1297433459.000000,1798618424.000000,286048256.000000,275513344.000000,1992232960.000000,0.929400,69.000000,0.000600,0.000000,0.000000,0.000000,0.012200,0.000000,0.011900,0.000000,0.000000,0.000000,0.005600,0.002400,0.003100,0.008700,0.000000
680,3.911296,6.246096,6.293900,2.807200,19001.000000,1297449723.000000,1798618424.000000,286048256.000000,275529728.000000,1992232960.000000,0.816300,69.000000,0.002900,0.000000,0.000000,0.000000,0.012100,0.000000,0.017900,0.000000,0.000000,0.000000,0.010900,0.005200,0.006000,0.012200,0.000000
681,3.917742,6.448902,6.368200,2.998100,19001.000000,1297388159.000000,1798536504.000000,286048256.000000,275542016.000000,1992232960.000000,0.889500,69.000000,0.588800,0.036800,0.019000,0.463600,0.011000,0.029300,0.010500,0.000500,0.000300,0.000700,0.005200,0.002400,0.003600,0.007900,0.000000
682,3.923491,5.755697,5.799000,2.334700,19001.000000,1297409055.000000,1798536504.000000,286048256.000000,275562496.000000,1992232960.000000,0.889700,69.000000,0.000800,0.000000,0.000000,0.000000,0.013700,0.000000,0.011700,0.000000,0.000000,0.000000,0.006100,0.002200,0.003600,0.007200,0.000000
683,3.928843,5.357207,5.331700,2.146300,19001.000000,1297520507.000000,1798618424.000000,286048256.000000,275591168.000000,1992232960.000000,0.829700,69.000000,0.000500,0.000000,0.000000,0.000000,0.011900,0.000000,0.010500,0.000000,0.000000,0.000000,0.005500,0.002000,0.003700,0.007000,0.000000
684,3.935060,6.179096,6.193500,2.943100,19001.000000,1297450659.000000,1798536504.000000,286048256.000000,275607552.000000,1992232960.000000,0.854300,69.000000,0.715600,0.039700,0.017500,0.606900,0.011500,0.015900,0.010900,0.000500,0.000300,0.000500,0.005300,0.002700,0.003000,0.005600,0.000000
685,3.940367,5.347400,5.308100,2.188300,19001.000000,1297458819.000000,1798536504.000000,286048256.000000,275615744.000000,1992232960.000000,0.976400,69.000000,0.000500,0.000000,0.000000,0.000000,0.013600,0.000000,0.011000,0.000000,0.000000,0.000000,0.005700,0.002300,0.003500,0.007200,0.000000
686,3.945608,5.233199,5.273400,2.135900,19001.000000,1297576503.000000,1798618424.000000,286048256.000000,275648512.000000,1992232960.000000,0.773400,69.000000,0.000800,0.000000,0.000000,0.000000,0.011600,0.000000,0.011400,0.000000,0.000000,0.000000,0.005700,0.002200,0.003700,0.007000,0.000000
687,3.951655,6.052105,5.991800,2.887100,19001.000000,1297599171.000000,1798618424.000000,286048256.000000,275673088.000000,1992232960.000000,0.818100,69.000000,0.593200,0.036400,0.016700,0.455000,0.010900,0.047900,0.010900,0.000700,0.000300,0.000700,0.005700,0.002300,0.003300,0.006100,0.000000
688,3.957003,5.348398,5.398400,2.340800,19001.000000,1297618675.000000,1798618424.000000,286048256.000000,275689472.000000,1992232960.000000,0.882400,69.000000,0.000400,0.000000,0.000000,0.000000,0.012100,0.000000,0.012800,0.000000,0.000000,0.000000,0.005200,0.002200,0.003100,0.005800,0.000000
689,3.962382,5.380201,5.310900,2.157800,19001.000000,1297630867.000000,1798618424.000000,286048256.000000,275701760.000000,1992232960.000000,0.799300,69.000000,0.000500,0.000000,0.000000,0.000000,0.010500,0.000000,0.012300,0.000000,0.000000,0.000000,0.005000,0.002000,0.003200,0.006700,0.000000
690,3.968624,6.242000,6.275400,2.859000,19001.000000,1297656635.000000,1798602040.000000,286048256.000000,275726336.000000,1992237056.000000,0.855400,69.000000,0.508000,0.033300,0.016800,0.409700,0.011100,0.015800,0.010700,0.000500,0.000300,0.000600,0.005300,0.002500,0.003200,0.006300,0.000000
691,3.973790,5.150595,5.112100,2.049300,19001.000000,1297674594.000000,1798618424.000000,286048256.000000,275734528.000000,1992241152.000000,0.778200,69.000000,0.000700,0.000000,0.000000,0.000000,0.014200,0.000000,0.011600,0.000000,0.000000,0.000000,0.005700,0.002000,0.003600,0.006000,0.000000
692,3.978932,5.170203,5.205100,2.142900,19001.000000,1297712427.000000,1798618424.000000,286048256.000000,275759104.000000,1992241152.000000,0.759900,69.000000,0.000500,0.000000,0.000000,0.000000,0.011800,0.000000,0.010500,0.000000,0.000000,0.000000,0.004900,0.002000,0.003000,0.006100,0.000000
693,3.985297,6.357703,6.315400,2.784500,19001.000000,1297750719.000000,1798618424.000000,286048256.000000,275779584.000000,1992241152.000000,0.785500,69.000000,0.501600,0.035300,0.017200,0.397500,0.010700,0.015900,0.010800,0.000600,0.000400,0.000500,0.005200,0.002800,0.003300,0.005600,0.000000
694,3.990650,5.340795,5.371400,2.199000,19001.000000,1297754799.000000,1798618424.000000,286048256.000000,275795968.000000,1992241152.000000,0.750400,69.000000,0.000700,0.000000,0.000000,0.000000,0.012900,0.000000,0.011700,0.000000,0.000000,0.000000,0.004900,0.002900,0.002900,0.006300,0.000000
695,3.995721,5.095706,5.053900,2.108800,19001.000000,1297773815.000000,1798618424.000000,286048256.000000,275812352.000000,1992241152.000000,0.803100,69.000000,0.000600,0.000000,0.000000,0.000000,0.011100,0.000000,0.010700,0.000000,0.000000,0.000000,0.005000,0.002200,0.003100,0.006600,0.000000
696,4.001902,6.166000,6.155200,3.011200,19001.000000,1297799003.000000,1798618424.000000,286048256.000000,275836928.000000,1992241152.000000,0.930000,69.000000,0.643700,0.038700,0.016100,0.529200,0.010300,0.024000,0.009600,0.000500,0.000400,0.001000,0.004900,0.002400,0.003300,0.005800,0.000000
697,4.007009,5.107795,5.105000,2.163100,19001.000000,1297818547.000000,1798618424.000000,286048256.000000,275853312.000000,1992241152.000000,0.991300,69.000000,0.000700,0.000000,0.000000,0.000000,0.012500,0.000000,0.012000,0.000000,0.000000,0.000000,0.005300,0.002500,0.003600,0.007100,0.000000
698,4.012123,5.052700,5.078400,2.179700,19001.000000,1297835667.000000,1798618424.000000,286048256.000000,275869696.000000,1992241152.000000,0.798100,69.000000,0.000400,0.000000,0.000000,0.000000,0.010800,0.000000,0.012700,0.000000,0.000000,0.000000,0.004900,0.002300,0.003800,0.006000,0.000000
699,4.018050,5.986203,5.912900,2.929900,19001.000000,1297778171.000000,1798536504.000000,286048256.000000,275894272.000000,1992241152.000000,0.813000,69.000000,0.495700,0.037600,0.016300,0.389200,0.009900,0.015700,0.214800,0.000600,0.000300,0.000600,0.006300,0.002500,0.003500,0.006000,0.000000
700,4.022932,4.883999,4.928900,2.010600,19001.000000,1297876879.000000,1798618424.000000,286048256.000000,275910656.000000,1992241152.000000,0.750500,69.000000,0.000800,0.000000,0.000000,0.000000,0.012600,0.000000,0.010600,0.000000,0.000000,0.000000,0.005400,0.001900,0.003600,0.007100,0.000000
701,4.028697,5.755003,5.692200,2.402300,19001.000000,1297819107.000000,1798536504.000000,286048256.000000,275935232.000000,1992241152.000000,0.773000,69.000000,0.000600,0.000000,0.000000,0.000000,0.011600,0.000000,0.011200,0.000000,0.000000,0.000000,0.005200,0.002200,0.003600,0.006300,0.000000
702,4.034648,5.939498,5.984200,2.765400,19001.000000,1297830367.000000,1798536504.000000,286048256.000000,275943424.000000,1992241152.000000,0.768700,69.000000,0.559400,0.034400,0.017400,0.457400,0.011800,0.017300,0.010800,0.000400,0.000300,0.000500,0.006100,0.002200,0.003300,0.006300,0.000000
703,4.040019,5.391497,5.281300,2.084800,19001.000000,1297848975.000000,1798536504.000000,286048256.000000,275963904.000000,1992241152.000000,0.758600,69.000000,0.001000,0.000000,0.000000,0.000000,0.012600,0.000000,0.011400,0.000000,0.000000,0.000000,0.005200,0.002000,0.003500,0.005700,0.000000
704,4.045487,5.465901,5.535000,2.149600,19137.000000,1297871903.000000,1798536504.000000,286048256.000000,275984384.000000,1992241152.000000,0.885000,69.000000,0.000500,0.000000,0.000000,0.000000,0.011200,0.000000,0.011600,0.000000,0.000000,0.000000,0.005900,0.002200,0.003000,0.007100,0.000000
705,4.051731,6.225602,6.209100,2.850200,19001.000000,1297975203.000000,1798618424.000000,286048256.000000,276004864.000000,1992241152.000000,0.798000,69.000000,0.541000,0.034900,0.016300,0.434700,0.012000,0.019400,0.011400,0.000700,0.000200,0.001100,0.005500,0.002600,0.003700,0.006400,0.000000
706,4.057280,5.569196,5.553300,2.396400,19001.000000,1297902927.000000,1798536504.000000,286048256.000000,276013056.000000,1992241152.000000,0.804400,69.000000,0.000500,0.000000,0.000000,0.000000,0.012000,0.000000,0.009900,0.000000,0.000000,0.000000,0.005600,0.001900,0.003600,0.006800,0.000000
707,4.062871,5.574702,5.545800,2.394200,19001.000000,1297902471.000000,1798536504.000000,286048256.000000,276037632.000000,1992241152.000000,0.927600,69.000000,0.001100,0.000000,0.000000,0.000000,0.011600,0.000000,0.011900,0.000000,0.000000,0.000000,0.005700,0.002200,0.003800,0.007300,0.000000
708,4.068919,6.065398,6.108400,2.922300,19001.000000,1298005495.000000,1798618424.000000,286048256.000000,276058112.000000,1992241152.000000,0.982200,69.000000,0.670800,0.040100,0.017100,0.562900,0.012100,0.017200,0.010900,0.000500,0.000300,0.000400,0.006200,0.002400,0.003200,0.006800,0.000000
709,4.074355,5.408702,5.290700,2.179400,19001.000000,1298032903.000000,1798618424.000000,286048256.000000,276070400.000000,1992241152.000000,0.815000,69.000000,0.000700,0.000000,0.000000,0.000000,0.012800,0.000000,0.012500,0.000000,0.000000,0.000000,0.005400,0.002400,0.003300,0.007800,0.000000
710,4.079618,5.297201,5.400900,2.190700,19053.000000,1297972531.000000,1798536504.000000,286048256.000000,276103168.000000,1992241152.000000,0.819400,69.000000,0.000800,0.000000,0.000000,0.000000,0.011500,0.000000,0.013000,0.000000,0.000000,0.000000,0.005000,0.002100,0.003500,0.007700,0.000000
711,4.085305,5.684198,5.629700,2.622500,19001.000000,1297993879.000000,1798536504.000000,286048256.000000,276123648.000000,1992241152.000000,0.779300,69.000000,0.509800,0.035500,0.016100,0.405800,0.011100,0.017700,0.010400,0.000600,0.000300,0.000500,0.005400,0.002600,0.003200,0.005800,0.000000
712,4.090412,5.088499,5.103900,2.060300,19001.000000,1298010255.000000,1798536504.000000,286048256.000000,276140032.000000,1992241152.000000,0.764600,69.000000,0.000600,0.000000,0.000000,0.000000,0.011900,0.000000,0.010100,0.000000,0.000000,0.000000,0.005900,0.002000,0.003300,0.007400,0.000000
713,4.095872,5.489399,5.481700,2.441700,19001.000000,1298112155.000000,1798618424.000000,286048256.000000,276156416.000000,1992241152.000000,0.810000,69.000000,0.000600,0.000000,0.000000,0.000000,0.011000,0.000000,0.011200,0.000000,0.000000,0.000000,0.006000,0.002100,0.003600,0.006800,0.000000
714,4.101695,5.814704,5.834900,2.805900,19001.000000,1298128523.000000,1798618424.000000,286048256.000000,276172800.000000,1992241152.000000,0.839500,69.000000,0.550900,0.065900,0.016100,0.404800,0.010400,0.024500,0.010100,0.000500,0.000300,0.000800,0.004500,0.002100,0.003000,0.005900,0.000000
715,4.106861,5.172895,5.128600,2.133900,19001.000000,1298158251.000000,1798618424.000000,286048256.000000,276201472.000000,1992241152.000000,0.845600,69.000000,0.000600,0.000000,0.000000,0.000000,0.011300,0.000000,0.010300,0.000000,0.000000,0.000000,0.005100,0.002100,0.003600,0.004900,0.000000
716,4.112085,5.192701,5.205300,2.213400,19001.000000,1298179035.000000,1798618424.000000,286048256.000000,276221952.000000,1992241152.000000,0.805600,69.000000,0.000500,0.000000,0.000000,0.000000,0.010800,0.000000,0.011700,0.000000,0.000000,0.000000,0.005000,0.002800,0.003500,0.007100,0.000000
717,4.118264,6.194204,6.140900,3.004500,19001.000000,1298101443.000000,1798536504.000000,286048256.000000,276226048.000000,1992241152.000000,0.762100,69.000000,0.623700,0.035700,0.017000,0.514300,0.012600,0.022100,0.010700,0.000500,0.000300,0.000800,0.005200,0.002500,0.003400,0.006500,0.000000
718,4.123848,5.583298,5.615600,2.205600,19001.000000,1298129251.000000,1798536504.000000,286048256.000000,276250624.000000,1992241152.000000,0.775300,69.000000,0.000500,0.000000,0.000000,0.000000,0.012900,0.000000,0.010600,0.000000,0.000000,0.000000,0.005700,0.002000,0.003400,0.006800,0.000000
719,4.129097,5.251098,5.212700,2.140700,19001.000000,1298147659.000000,1798536504.000000,286048256.000000,276271104.000000,1992241152.000000,0.754800,69.000000,0.000700,0.000000,0.000000,0.000000,0.011300,0.000000,0.011400,0.000000,0.000000,0.000000,0.005800,0.002000,0.003800,0.006600,0.000000
720,4.135168,6.053600,6.081500,2.916700,19001.000000,1298158071.000000,1798536504.000000,286048256.000000,276279296.000000,1992241152.000000,0.802500,69.000000,0.578100,0.036800,0.016200,0.468100,0.010900,0.022100,0.011800,0.000400,0.000200,0.000800,0.005200,0.002300,0.003200,0.005800,0.000000
721,4.140676,5.532200,5.499800,2.357400,19001.000000,1298261459.000000,1798618424.000000,286048256.000000,276299776.000000,1992241152.000000,0.947800,69.000000,0.000800,0.000000,0.000000,0.000000,0.013100,0.000000,0.020600,0.000000,0.000000,0.000000,0.005800,0.002100,0.003500,0.007200,0.000000
722,4.146027,5.358801,5.386600,2.309700,19001.000000,1298291307.000000,1798618424.000000,286048256.000000,276328448.000000,1992245248.000000,0.810100,69.000000,0.000800,0.000000,0.000000,0.000000,0.011200,0.000000,0.011200,0.000000,0.000000,0.000000,0.005400,0.002300,0.003300,0.006100,0.000000
723,4.151971,5.908199,5.843300,2.855800,19001.000000,1298225611.000000,1798536504.000000,286048256.000000,276344832.000000,1992245248.000000,0.936300,69.000000,0.558900,0.065700,0.016500,0.414400,0.010500,0.024500,0.011100,0.000400,0.000300,0.000700,0.004600,0.002200,0.003300,0.006100,0.000000
724,4.157152,5.214002,5.259500,2.271500,19001.000000,1298327015.000000,1798618424.000000,286048256.000000,276365312.000000,1992245248.000000,0.831100,69.000000,0.000800,0.000000,0.000000,0.000000,0.012500,0.000000,0.011400,0.000000,0.000000,0.000000,0.006000,0.002200,0.003700,0.008200,0.000000
725,4.162379,5.229301,5.167000,2.229800,19001.000000,1298365071.000000,1798618424.000000,286048256.000000,276385792.000000,1992245248.000000,0.815400,69.000000,0.000800,0.000000,0.000000,0.000000,0.010700,0.000000,0.012900,0.000000,0.000000,0.000000,0.004200,0.002000,0.003300,0.006800,0.000000
726,4.168489,6.094601,6.115600,2.730900,19001.000000,1298290815.000000,1798536504.000000,286048256.000000,276406272.000000,1992245248.000000,0.816000,69.000000,0.522800,0.035500,0.018000,0.411200,0.010600,0.023100,0.229400,0.000500,0.000300,0.000700,0.004700,0.002500,0.003300,0.006400,0.000000
727,4.173892,5.392602,5.354000,2.151600,19001.000000,1298303159.000000,1798536504.000000,286048256.000000,276418560.000000,1992245248.000000,0.762400,69.000000,0.000600,0.000000,0.000000,0.000000,0.013700,0.000000,0.011300,0.000000,0.000000,0.000000,0.005800,0.002000,0.003500,0.005800,0.000000
728,4.179368,5.498696,5.547500,2.225000,19001.000000,1298405935.000000,1798618424.000000,286048256.000000,276439040.000000,1992245248.000000,0.775800,69.000000,0.000800,0.000000,0.000000,0.000000,0.011400,0.000000,0.010900,0.000000,0.000000,0.000000,0.005500,0.002300,0.003400,0.007400,0.000000
729,4.185307,5.931703,5.874900,2.716800,19001.000000,1298360463.000000,1798536504.000000,286048256.000000,276467712.000000,1992245248.000000,0.750300,69.000000,0.548800,0.071600,0.018500,0.392500,0.010700,0.029700,0.010000,0.000400,0.000300,0.000700,0.004800,0.002600,0.003300,0.006300,0.000000
730,4.190307,4.980995,4.961500,2.020500,19001.000000,1298446883.000000,1798618424.000000,286048256.000000,276471808.000000,1992245248.000000,0.751300,69.000000,0.000800,0.000000,0.000000,0.000000,0.011900,0.000000,0.010100,0.000000,0.000000,0.000000,0.005100,0.001900,0.003500,0.006600,0.000000
731,4.195282,5.007504,5.027800,2.044800,19137.000000,1298476299.000000,1798618424.000000,286048256.000000,276500480.000000,1992245248.000000,0.855600,69.000000,0.000600,0.000000,0.000000,0.000000,0.010800,0.000000,0.009500,0.000000,0.000000,0.000000,0.005100,0.002100,0.003300,0.006000,0.000000
732,4.201379,6.083695,6.101500,3.033900,19001.000000,1298410595.000000,1798536504.000000,286048256.000000,276520960.000000,1992245248.000000,0.888300,69.000000,0.685100,0.037000,0.016200,0.574800,0.010500,0.020700,0.011700,0.000400,0.000400,0.000700,0.004300,0.002400,0.002900,0.005600,0.000000
733,4.206458,5.092205,5.057400,2.159600,19001.000000,1298500647.000000,1798618424.000000,286048256.000000,276529152.000000,1992245248.000000,0.771600,69.000000,0.000600,0.000000,0.000000,0.000000,0.011900,0.000000,0.020600,0.000000,0.000000,0.000000,0.005900,0.002100,0.003800,0.006200,0.000000
734,4.211553,5.076701,5.101200,2.162400,19001.000000,1298528215.000000,1798618424.000000,286048256.000000,276553728.000000,1992245248.000000,0.746200,69.000000,0.000700,0.000000,0.000000,0.000000,0.009900,0.000000,0.009800,0.000000,0.000000,0.000000,0.004900,0.001900,0.002900,0.006700,0.000000
735,4.217360,5.818098,5.735200,2.794200,19001.000000,1298542939.000000,1798618424.000000,286048256.000000,276570112.000000,1992245248.000000,0.971100,69.000000,0.503300,0.031600,0.015800,0.388400,0.010100,0.016200,0.010100,0.000500,0.000300,0.000500,0.004800,0.002400,0.003200,0.005800,0.000000
736,4.222421,5.057802,5.120800,2.150700,19001.000000,1298557955.000000,1798618424.000000,286048256.000000,276582400.000000,1992245248.000000,0.768700,69.000000,0.000700,0.000000,0.000000,0.000000,0.011500,0.000000,0.012900,0.000000,0.000000,0.000000,0.005300,0.002400,0.003600,0.005800,0.000000
737,4.227842,5.413499,5.349100,2.194500,19001.000000,1298513103.000000,1798536504.000000,286048256.000000,276619264.000000,1992245248.000000,0.759900,69.000000,0.000600,0.000000,0.000000,0.000000,0.010700,0.000000,0.012300,0.000000,0.000000,0.000000,0.004900,0.002100,0.003000,0.006300,0.000000
738,4.233822,5.968701,6.009500,2.814200,19001.000000,1298604547.000000,1798618424.000000,286048256.000000,276627456.000000,1992245248.000000,0.778200,69.000000,0.545600,0.033100,0.016000,0.424800,0.011900,0.031500,0.023100,0.000500,0.000300,0.000800,0.005600,0.002500,0.003200,0.008700,0.000000
739,4.239222,5.416900,5.376300,2.153500,19001.000000,1298624899.000000,1798618424.000000,286048256.000000,276647936.000000,1992245248.000000,0.757200,69.000000,0.000700,0.000000,0.000000,0.000000,0.013100,0.000000,0.013600,0.000000,0.000000,0.000000,0.005500,0.001900,0.003300,0.007300,0.000000
740,4.244751,5.517496,5.433200,2.159600,19001.000000,1298562215.000000,1798536504.000000,286048256.000000,276668416.000000,1992245248.000000,0.757500,69.000000,0.000500,0.000000,0.000000,0.000000,0.010200,0.000000,0.022300,0.000000,0.000000,0.000000,0.004900,0.002200,0.003100,0.005900,0.000000
741,4.251132,6.362904,6.411900,3.050600,19001.000000,1298589651.000000,1798536504.000000,286048256.000000,276680704.000000,1992245248.000000,0.764000,69.000000,0.494100,0.030300,0.016300,0.398200,0.011400,0.016800,0.010100,0.000400,0.000300,0.000500,0.005800,0.002400,0.002900,0.005400,0.000000
742,4.256653,5.561395,5.607100,2.497200,19001.000000,1298597235.000000,1798536504.000000,286048256.000000,276701184.000000,1992245248.000000,0.777000,69.000000,0.000600,0.000000,0.000000,0.000000,0.013100,0.000000,0.019700,0.000000,0.000000,0.000000,0.005800,0.001900,0.003500,0.006900,0.000000
743,4.262011,5.344905,5.302400,2.322000,19001.000000,1298704519.000000,1798618424.000000,286048256.000000,276725760.000000,1992245248.000000,0.861500,69.000000,0.000700,0.000000,0.000000,0.000000,0.010100,0.000000,0.010100,0.000000,0.000000,0.000000,0.005200,0.001800,0.003200,0.006500,0.000000
744,4.268264,6.241397,6.207500,2.922000,19001.000000,1298639239.000000,1798536504.000000,286048256.000000,276742144.000000,1992245248.000000,0.942100,69.000000,0.537100,0.064300,0.016300,0.395100,0.010300,0.021400,0.009800,0.000500,0.000500,0.001100,0.005600,0.002300,0.002900,0.006900,0.000000
745,4.273743,5.425000,5.392200,2.140100,19001.000000,1298745131.000000,1798618424.000000,286048256.000000,276762624.000000,1992245248.000000,0.828000,69.000000,0.000700,0.000000,0.000000,0.000000,0.014700,0.000000,0.011300,0.000000,0.000000,0.000000,0.005900,0.002100,0.003700,0.007100,0.000000
746,4.279299,5.615703,5.665800,2.393300,19001.000000,1298684263.000000,1798536504.000000,286048256.000000,276783104.000000,1992245248.000000,0.800100,69.000000,0.000800,0.000000,0.000000,0.000000,0.014000,0.000000,0.016000,0.000000,0.000000,0.000000,0.006000,0.002200,0.004100,0.008700,0.000000
747,4.285310,6.017595,5.982900,2.780800,19053.000000,1298700643.000000,1798536504.000000,286048256.000000,276799488.000000,1992245248.000000,0.840100,69.000000,0.595000,0.036500,0.016800,0.478900,0.011200,0.024600,0.011500,0.000600,0.000300,0.000700,0.005800,0.002400,0.003600,0.005800,0.000000
748,4.290522,5.192602,5.230900,2.150000,19001.000000,1298803471.000000,1798618424.000000,286048256.000000,276819968.000000,1992245248.000000,0.769100,69.000000,0.001000,0.000000,0.000000,0.000000,0.011700,0.000000,0.011500,0.000000,0.000000,0.000000,0.005600,0.002200,0.003400,0.007400,0.000000
749,4.295925,5.426502,5.377000,2.321200,19001.000000,1298815599.000000,1798618424.000000,286048256.000000,276832256.000000,1992245248.000000,0.800000,69.000000,0.000900,0.000000,0.000000,0.000000,0.011100,0.000000,0.011600,0.000000,0.000000,0.000000,0.006500,0.002100,0.004300,0.009800,0.000000
750,4.301956,6.013400,6.040700,2.904700,19001.000000,1298843331.000000,1798618424.000000,286048256.000000,276856832.000000,1992245248.000000,0.814700,69.000000,0.548900,0.033600,0.016500,0.442800,0.010500,0.020900,0.011100,0.000400,0.000400,0.000600,0.004600,0.002400,0.003100,0.005700,0.000000
751,4.307328,5.381902,5.316600,2.262600,19001.000000,1298783895.000000,1798536504.000000,286048256.000000,276881408.000000,1992245248.000000,0.800300,69.000000,0.000700,0.000000,0.000000,0.000000,0.012000,0.000000,0.011100,0.000000,0.000000,0.000000,0.005100,0.002100,0.003400,0.007000,0.000000
752,4.312624,5.276198,5.322800,2.265500,19001.000000,1298885155.000000,1798618424.000000,286048256.000000,276897792.000000,1992245248.000000,0.845400,69.000000,0.000700,0.000000,0.000000,0.000000,0.012000,0.000000,0.022900,0.000000,0.000000,0.000000,0.005300,0.002100,0.003500,0.005600,0.000000
753,4.318909,6.311798,6.240000,2.762700,19001.000000,1298823959.000000,1798536504.000000,286048256.000000,276918272.000000,1992245248.000000,0.795000,69.000000,0.499400,0.036300,0.017000,0.397500,0.011200,0.015400,0.022400,0.000400,0.000300,0.000400,0.004800,0.002600,0.003200,0.006000,0.000000
754,4.324650,5.741900,5.787200,2.165500,19001.000000,1298776041.000000,1798470968.000000,286048256.000000,276934656.000000,1992249344.000000,0.777600,69.000000,0.000900,0.000000,0.000000,0.000000,0.012700,0.000000,0.012200,0.000000,0.000000,0.000000,0.004900,0.002200,0.003000,0.007300,0.000000
755,4.329738,5.075000,5.042200,1.974800,19001.000000,1298879149.000000,1798552888.000000,286048256.000000,276955136.000000,1992249344.000000,0.756500,69.000000,0.000700,0.000000,0.000000,0.000000,0.010400,0.000000,0.009700,0.000000,0.000000,0.000000,0.005800,0.002200,0.003400,0.007000,0.000000
756,4.335788,6.065398,6.094200,2.945000,19001.000000,1298956143.000000,1798618424.000000,286048256.000000,276967424.000000,1992249344.000000,0.812800,69.000000,0.632100,0.036500,0.016100,0.530900,0.011000,0.016600,0.009500,0.000300,0.000200,0.000400,0.005200,0.002300,0.003100,0.005300,0.000000
757,4.341730,5.932504,5.820500,2.478800,19001.000000,1298987983.000000,1798618424.000000,286048256.000000,276983808.000000,1992249344.000000,0.756800,69.000000,0.000700,0.000000,0.000000,0.000000,0.011900,0.000000,0.086400,0.000000,0.000000,0.000000,0.004800,0.002200,0.003300,0.007100,0.000000
758,4.347238,5.499695,5.585600,2.341500,19137.000000,1298913059.000000,1798536504.000000,286048256.000000,277004288.000000,1992249344.000000,0.777600,69.000000,0.000700,0.000000,0.000000,0.000000,0.011700,0.000000,0.051900,0.000000,0.000000,0.000000,0.005200,0.002600,0.003400,0.006900,0.000000
759,4.353338,6.079004,6.017600,2.878700,19001.000000,1298943103.000000,1798536504.000000,286048256.000000,277032960.000000,1992249344.000000,0.852400,69.000000,0.557900,0.079100,0.016400,0.401100,0.011800,0.024600,0.011500,0.000400,0.000200,0.000700,0.005700,0.002600,0.003400,0.006900,0.000000
760,4.358541,5.232200,5.278400,2.184400,19001.000000,1299041339.000000,1798618424.000000,286048256.000000,277049344.000000,1992249344.000000,0.894200,69.000000,0.000700,0.000000,0.000000,0.000000,0.013600,0.000000,0.012600,0.000000,0.000000,0.000000,0.005700,0.002300,0.003700,0.008200,0.000000
761,4.364106,5.564002,5.510200,2.207300,19001.000000,1298979143.000000,1798536504.000000,286048256.000000,277065728.000000,1992249344.000000,0.802800,69.000000,0.000500,0.000000,0.000000,0.000000,0.011500,0.000000,0.011000,0.000000,0.000000,0.000000,0.005400,0.002100,0.003400,0.006200,0.000000
762,4.370830,6.694295,6.693700,2.957500,19001.000000,1298987383.000000,1798536504.000000,286048256.000000,277073920.000000,1992249344.000000,0.784700,69.000000,0.581200,0.035600,0.016100,0.465600,0.012700,0.025400,0.010800,0.000400,0.000200,0.000800,0.005500,0.002200,0.003100,0.006500,0.000000
763,4.376384,5.578699,5.555400,2.338300,19001.000000,1299012527.000000,1798536504.000000,286048256.000000,277098496.000000,1992249344.000000,0.780500,68.000000,0.000900,0.000000,0.000000,0.000000,0.013100,0.000000,0.012100,0.000000,0.000000,0.000000,0.006700,0.002200,0.003100,0.007400,0.000000
764,4.382660,6.266100,6.295100,3.047700,19001.000000,1299033859.000000,1798536504.000000,286048256.000000,277118976.000000,1992249344.000000,0.887200,69.000000,0.569600,0.032700,0.015800,0.466800,0.011200,0.019300,0.012100,0.000500,0.000500,0.000600,0.005400,0.002700,0.003600,0.007400,0.000000
765,4.388265,5.614506,5.558400,2.331500,19001.000000,1299053779.000000,1798536504.000000,286048256.000000,277139456.000000,1992249344.000000,0.889900,69.000000,0.000900,0.000000,0.000000,0.000000,0.014900,0.000000,0.013000,0.000000,0.000000,0.000000,0.005700,0.002100,0.003700,0.007000,0.000000
766,4.393859,5.578394,5.617300,2.292000,19001.000000,1299068803.000000,1798536504.000000,286048256.000000,277151744.000000,1992249344.000000,1.081400,69.000000,0.000600,0.000000,0.000000,0.000000,0.012100,0.000000,0.017900,0.000000,0.000000,0.000000,0.005900,0.002100,0.003500,0.006800,0.000000
767,4.400277,6.428203,6.364700,2.803900,19001.000000,1299095711.000000,1798536504.000000,286048256.000000,277180416.000000,1992249344.000000,0.869500,69.000000,0.569700,0.036100,0.016600,0.452900,0.011500,0.025000,0.010600,0.000500,0.000300,0.000700,0.005900,0.002400,0.003600,0.006500,0.000000
768,4.405774,5.515398,5.568700,2.340700,19001.000000,1299196643.000000,1798618424.000000,286048256.000000,277196800.000000,1992249344.000000,0.789100,69.000000,0.000500,0.000000,0.000000,0.000000,0.013400,0.000000,0.012600,0.000000,0.000000,0.000000,0.006900,0.002100,0.003200,0.007300,0.000000
769,4.411183,5.381505,5.334200,2.159100,19001.000000,1299123487.000000,1798536504.000000,286048256.000000,277204992.000000,1992249344.000000,0.793100,69.000000,0.000700,0.000000,0.000000,0.000000,0.011500,0.000000,0.012600,0.000000,0.000000,0.000000,0.005200,0.002300,0.003400,0.006400,0.000000
770,4.417395,6.216695,6.226800,2.919800,19001.000000,1299157467.000000,1798536504.000000,286048256.000000,277237760.000000,1992249344.000000,1.025400,69.000000,0.522200,0.033900,0.016300,0.417900,0.011000,0.018700,0.020600,0.000500,0.000200,0.000500,0.006200,0.002500,0.003400,0.005300,0.000000
771,4.423103,5.720805,5.646600,2.368400,19001.000000,1299178083.000000,1798536504.000000,286048256.000000,277258240.000000,1992249344.000000,0.817700,69.000000,0.000600,0.000000,0.000000,0.000000,0.012700,0.000000,0.012300,0.000000,0.000000,0.000000,0.006300,0.002500,0.003800,0.007100,0.000000
772,4.428575,5.478997,5.547600,2.216400,19001.000000,1299275311.000000,1798618424.000000,286048256.000000,277274624.000000,1992249344.000000,1.096200,69.000000,0.001000,0.000000,0.000000,0.000000,0.012300,0.000000,0.019800,0.000000,0.000000,0.000000,0.005600,0.002100,0.003700,0.007200,0.000000
773,4.435042,6.434503,6.371000,2.811200,19001.000000,1299232967.000000,1798536504.000000,286048256.000000,277299200.000000,1992249344.000000,0.898500,69.000000,0.554200,0.037900,0.017900,0.430700,0.010800,0.026800,0.011200,0.000600,0.000300,0.000800,0.005200,0.002500,0.003700,0.007300,0.000000
774,4.440441,5.425496,5.470400,2.221900,19001.000000,1299236879.000000,1798536504.000000,286048256.000000,277315584.000000,1992249344.000000,0.822500,69.000000,0.000500,0.000000,0.000000,0.000000,0.013500,0.000000,0.014000,0.000000,0.000000,0.000000,0.006100,0.002400,0.003400,0.007500,0.000000
775,4.445756,5.321103,5.283800,2.121800,19001.000000,1299331427.000000,1798618424.000000,286048256.000000,277327872.000000,1992249344.000000,0.823700,69.000000,0.000700,0.000000,0.000000,0.000000,0.011200,0.000000,0.012800,0.000000,0.000000,0.000000,0.005700,0.002400,0.003100,0.006400,0.000000
776,4.451886,6.109098,6.134200,2.979200,19001.000000,1299360395.000000,1798618424.000000,286048256.000000,277352448.000000,1992249344.000000,0.866400,69.000000,0.537100,0.043300,0.019100,0.418600,0.011800,0.020700,0.009300,0.000500,0.000300,0.000500,0.005300,0.002500,0.002900,0.006800,0.000000
777,4.457200,5.333298,5.285300,2.256700,19001.000000,1299376123.000000,1798618424.000000,286048256.000000,277364736.000000,1992249344.000000,0.890400,69.000000,0.000600,0.000000,0.000000,0.000000,0.011700,0.000000,0.012200,0.000000,0.000000,0.000000,0.004700,0.002400,0.003600,0.007200,0.000000
778,4.462569,5.362302,5.391000,2.273300,19001.000000,1299396907.000000,1798618424.000000,286048256.000000,277385216.000000,1992249344.000000,0.823100,69.000000,0.000800,0.000000,0.000000,0.000000,0.011000,0.000000,0.011700,0.000000,0.000000,0.000000,0.005100,0.002200,0.003200,0.006800,0.000000
779,4.469149,6.586501,6.530700,3.117400,19001.000000,1299331923.000000,1798536504.000000,286048256.000000,277405696.000000,1992249344.000000,0.829500,69.000000,0.815900,0.041300,0.019200,0.694500,0.011600,0.023900,0.010700,0.000400,0.000300,0.000600,0.005400,0.002300,0.004200,0.006300,0.000000
780,4.474643,5.484800,5.500800,2.211400,19001.000000,1299430631.000000,1798618424.000000,286048256.000000,277422080.000000,1992249344.000000,0.798200,69.000000,0.001100,0.000000,0.000000,0.000000,0.012100,0.000000,0.011000,0.000000,0.000000,0.000000,0.005600,0.001900,0.003400,0.006700,0.000000
781,4.480035,5.403401,5.361600,2.150000,19001.000000,1299459327.000000,1798618424.000000,286048256.000000,277450752.000000,1992249344.000000,0.794100,69.000000,0.000500,0.000000,0.000000,0.000000,0.010900,0.000000,0.011300,0.000000,0.000000,0.000000,0.005300,0.002400,0.003200,0.007100,0.000000
782,4.486313,6.271499,6.310200,3.051300,19053.000000,1299396719.000000,1798536504.000000,286048256.000000,277467136.000000,1992249344.000000,0.934400,69.000000,0.523700,0.036100,0.016700,0.419300,0.011200,0.019000,0.022600,0.000400,0.000300,0.000400,0.005000,0.002400,0.003200,0.005800,0.000000
783,4.492050,5.708596,5.580500,2.438600,19001.000000,1299493203.000000,1798618424.000000,286048256.000000,277483520.000000,1992249344.000000,0.907600,69.000000,0.001000,0.000000,0.000000,0.000000,0.012300,0.000000,0.215900,0.000000,0.000000,0.000000,0.005300,0.001900,0.003100,0.006900,0.000000
784,4.497494,5.462301,5.541300,2.347700,19137.000000,1299508459.000000,1798618424.000000,286048256.000000,277495808.000000,1992249344.000000,0.799500,69.000000,0.000700,0.000000,0.000000,0.000000,0.011900,0.000000,0.013900,0.000000,0.000000,0.000000,0.005900,0.002200,0.003700,0.007000,0.000000
785,4.503591,6.094203,6.027000,2.845000,19001.000000,1299529259.000000,1798618424.000000,286048256.000000,277516288.000000,1992249344.000000,1.065200,69.000000,0.580400,0.037400,0.019700,0.461200,0.011400,0.024300,0.012000,0.000600,0.000300,0.000800,0.005000,0.002400,0.003200,0.006700,0.000000
786,4.508936,5.362096,5.429900,2.200900,19001.000000,1299468991.000000,1798536504.000000,286048256.000000,277536768.000000,1992253440.000000,0.806600,69.000000,0.000700,0.000000,0.000000,0.000000,0.014500,0.000000,0.012400,0.000000,0.000000,0.000000,0.005500,0.002100,0.003300,0.007700,0.000000
787,4.514668,5.703005,5.664100,2.280100,19001.000000,1299485031.000000,1798536504.000000,286048256.000000,277553152.000000,1992253440.000000,0.828400,69.000000,0.000700,0.000000,0.000000,0.000000,0.011300,0.000000,0.011600,0.000000,0.000000,0.000000,0.005200,0.002400,0.003800,0.007800,0.000000
788,4.520988,6.348200,6.379500,3.139100,19001.000000,1299570247.000000,1798602040.000000,286048256.000000,277573632.000000,1992253440.000000,0.890700,69.000000,0.566800,0.033200,0.015000,0.459200,0.011100,0.022900,0.017500,0.000400,0.000300,0.000700,0.006200,0.002400,0.003200,0.005700,0.000000
789,4.526475,5.501297,5.439000,2.397200,19001.000000,1299622199.000000,1798618424.000000,286048256.000000,277594112.000000,1992253440.000000,0.772000,69.000000,0.000700,0.000000,0.000000,0.000000,0.012900,0.000000,0.010200,0.000000,0.000000,0.000000,0.005300,0.002000,0.003600,0.007500,0.000000
790,4.532219,5.717000,5.762400,2.738500,19001.000000,1299621947.000000,1798618424.000000,286048256.000000,277606400.000000,1992318976.000000,0.903500,69.000000,0.568000,0.063900,0.016900,0.423900,0.010100,0.025600,0.010900,0.000500,0.000200,0.000600,0.004200,0.002500,0.003200,0.006300,0.000000
791,4.537364,5.165299,5.128000,2.185800,19001.000000,1299647291.000000,1798618424.000000,286048256.000000,277630976.000000,1992318976.000000,1.060300,69.000000,0.000600,0.000000,0.000000,0.000000,0.012200,0.000000,0.012900,0.000000,0.000000,0.000000,0.005400,0.002200,0.003400,0.007400,0.000000
792,4.542542,5.171003,5.184100,2.179400,19001.000000,1299667683.000000,1798618424.000000,286048256.000000,277651456.000000,1992318976.000000,0.835400,69.000000,0.000500,0.000000,0.000000,0.000000,0.010400,0.000000,0.010500,0.000000,0.000000,0.000000,0.004800,0.002400,0.003400,0.006200,0.000000
793,4.547737,5.194997,5.155200,2.170700,19001.000000,1299687515.000000,1798618424.000000,286048256.000000,277667840.000000,1992388608.000000,0.773100,69.000000,0.000700,0.000000,0.000000,0.000000,0.011600,0.000000,0.011200,0.000000,0.000000,0.000000,0.005600,0.002700,0.003200,0.007600,0.000000
794,4.553912,6.141901,6.164000,2.890800,19001.000000,1299708379.000000,1798618424.000000,286048256.000000,277688320.000000,1992388608.000000,0.806000,69.000000,0.578900,0.046800,0.018000,0.462900,0.011300,0.022800,0.012100,0.000600,0.000300,0.000700,0.005600,0.002200,0.003200,0.006700,0.000000
795,4.559663,5.786898,5.754200,2.277300,19001.000000,1299736607.000000,1798618424.000000,286048256.000000,277716992.000000,1992351744.000000,0.792000,69.000000,0.000600,0.000000,0.000000,0.000000,0.014100,0.000000,0.012800,0.000000,0.000000,0.000000,0.005100,0.001900,0.003600,0.007400,0.000000
796,4.565615,5.949305,5.965400,2.838500,19001.000000,1299666695.000000,1798536504.000000,286048256.000000,277729280.000000,1992417280.000000,0.759700,69.000000,0.517900,0.039400,0.016900,0.403000,0.010800,0.022700,0.010500,0.000500,0.000200,0.000700,0.005000,0.002500,0.003100,0.006300,0.000000
797,4.570786,5.150397,5.117600,2.106800,19001.000000,1299764947.000000,1798618424.000000,286048256.000000,277745664.000000,1992417280.000000,0.790300,69.000000,0.000600,0.000000,0.000000,0.000000,0.011600,0.000000,0.010200,0.000000,0.000000,0.000000,0.005300,0.002100,0.003500,0.006800,0.000000
798,4.576102,5.337599,5.353900,2.195900,19001.000000,1299702375.000000,1798536504.000000,286048256.000000,277762048.000000,1992417280.000000,0.909000,68.000000,0.000500,0.000000,0.000000,0.000000,0.010900,0.000000,0.010500,0.000000,0.000000,0.000000,0.005100,0.001900,0.003100,0.006600,0.000000
799,4.581483,5.402104,5.349800,2.323800,19001.000000,1299811043.000000,1798618424.000000,286048256.000000,277790720.000000,1992417280.000000,1.023100,69.000000,0.000600,0.000000,0.000000,0.000000,0.010900,0.000000,0.010200,0.000000,0.000000,0.000000,0.005500,0.002100,0.003100,0.006300,0.000000
800,4.587276,5.755400,5.797800,2.741600,19001.000000,1299829987.000000,1798618424.000000,286048256.000000,277807104.000000,1992482816.000000,0.766500,69.000000,0.508900,0.035600,0.018200,0.405800,0.010300,0.015400,0.011500,0.000400,0.000300,0.000500,0.004500,0.002700,0.003200,0.005600,0.000000
801,4.592536,5.256200,5.206800,2.215000,19001.000000,1299757007.000000,1798536504.000000,286048256.000000,277815296.000000,1992491008.000000,0.870700,69.000000,0.001000,0.000000,0.000000,0.000000,0.012500,0.000000,0.012500,0.000000,0.000000,0.000000,0.005600,0.002000,0.003800,0.007300,0.000000
802,4.597889,5.372499,5.406100,2.415600,19001.000000,1299864667.000000,1798618424.000000,286048256.000000,277839872.000000,1992491008.000000,0.786700,69.000000,0.000600,0.000000,0.000000,0.000000,0.011200,0.000000,0.011000,0.000000,0.000000,0.000000,0.006100,0.001900,0.003500,0.007200,0.000000
803,4.604009,6.122400,6.076500,2.951800,19001.000000,1299889583.000000,1798618424.000000,286048256.000000,277864448.000000,1992556544.000000,0.784000,69.000000,0.650600,0.035000,0.018000,0.548300,0.011300,0.016800,0.010500,0.000600,0.000300,0.000500,0.005300,0.002500,0.003700,0.006100,0.000000
804,4.609035,5.033595,5.068800,2.033500,19001.000000,1299900799.000000,1798618424.000000,286048256.000000,277876736.000000,1992560640.000000,1.043300,69.000000,0.000800,0.000000,0.000000,0.000000,0.012600,0.000000,0.011400,0.000000,0.000000,0.000000,0.004900,0.002000,0.003500,0.007100,0.000000
805,4.614182,5.123505,5.077700,2.075500,19001.000000,1299928159.000000,1798618424.000000,286048256.000000,277889024.000000,1992560640.000000,0.779000,69.000000,0.000700,0.000000,0.000000,0.000000,0.010900,0.000000,0.011500,0.000000,0.000000,0.000000,0.005000,0.002200,0.002800,0.007500,0.000000
806,4.620115,5.946996,5.962400,2.816500,19001.000000,1299861303.000000,1798536504.000000,286048256.000000,277917696.000000,1992560640.000000,0.799000,69.000000,0.642500,0.033500,0.016800,0.532800,0.010600,0.024200,0.011400,0.000400,0.000300,0.000900,0.004600,0.002400,0.003300,0.005700,0.000000
807,4.625269,5.164201,5.125600,2.069000,19001.000000,1299960927.000000,1798618424.000000,286048256.000000,277934080.000000,1992630272.000000,0.739800,69.000000,0.000600,0.000000,0.000000,0.000000,0.013000,0.000000,0.011900,0.000000,0.000000,0.000000,0.005800,0.002100,0.003300,0.006600,0.000000
808,4.630395,5.101106,5.130700,2.066800,19001.000000,1299981227.000000,1798618424.000000,286048256.000000,277954560.000000,1992630272.000000,0.750000,69.000000,0.000500,0.000000,0.000000,0.000000,0.011200,0.000000,0.011200,0.000000,0.000000,0.000000,0.004800,0.002100,0.003100,0.006100,0.000000
809,4.636600,6.226800,6.157400,2.919900,19001.000000,1299926983.000000,1798536504.000000,286048256.000000,277979136.000000,1992634368.000000,0.797000,69.000000,0.546200,0.039000,0.015800,0.448200,0.010600,0.014800,0.022200,0.000500,0.000300,0.000600,0.005300,0.002400,0.003400,0.005200,0.000000
810,4.641862,5.268495,5.331700,2.260700,19001.000000,1300021835.000000,1798618424.000000,286048256.000000,277991424.000000,1992699904.000000,0.780000,69.000000,0.000800,0.000000,0.000000,0.000000,0.012400,0.000000,0.010400,0.000000,0.000000,0.000000,0.005300,0.002100,0.003200,0.006100,0.000000
811,4.648156,6.264505,6.116700,2.522000,19001.000000,1299960973.000000,1798536504.000000,286048256.000000,278011904.000000,1992699904.000000,0.811700,69.000000,0.000500,0.000000,0.000000,0.000000,0.010500,0.000000,0.011400,0.000000,0.000000,0.000000,0.005200,0.002400,0.003400,0.007000,0.000000
812,4.654449,6.274795,6.389900,3.034800,19137.000000,1300068295.000000,1798618424.000000,286048256.000000,278036480.000000,1992699904.000000,1.122800,69.000000,0.542900,0.031500,0.019100,0.441400,0.013800,0.015800,0.012800,0.000300,0.000300,0.000500,0.005500,0.002600,0.003800,0.006500,0.000000
813,4.660943,6.524703,6.476000,3.127000,19001.000000,1300079967.000000,1798618424.000000,286048256.000000,278048768.000000,1992699904.000000,0.780000,69.000000,0.000600,0.000000,0.000000,0.000000,0.013600,0.000000,0.012700,0.000000,0.000000,0.000000,0.005500,0.002200,0.003600,0.007100,0.000000
814,4.667414,6.460799,6.481200,3.152600,19001.000000,1300017367.000000,1798536504.000000,286048256.000000,278065152.000000,1992765440.000000,0.940000,69.000000,0.504200,0.035300,0.017700,0.401600,0.011200,0.017400,0.009900,0.000500,0.000300,0.000500,0.005100,0.002400,0.003400,0.006100,0.000000
815,4.672501,5.081300,5.050200,2.127900,19001.000000,1300122147.000000,1798618424.000000,286048256.000000,278089728.000000,1992765440.000000,0.779200,69.000000,0.000700,0.000000,0.000000,0.000000,0.012700,0.000000,0.011000,0.000000,0.000000,0.000000,0.006200,0.002300,0.003800,0.007700,0.000000
816,4.677652,5.168303,5.188800,2.162200,19001.000000,1300055759.000000,1798536504.000000,286048256.000000,278102016.000000,1992765440.000000,1.082800,69.000000,0.000600,0.000000,0.000000,0.000000,0.010900,0.000000,0.010900,0.000000,0.000000,0.000000,0.005400,0.002300,0.003400,0.006800,0.000000
817,4.684389,6.732696,6.672900,3.052200,19001.000000,1300077251.000000,1798536504.000000,286048256.000000,278122496.000000,1992835072.000000,1.147200,69.000000,0.562900,0.035900,0.017500,0.449800,0.010600,0.024200,0.013300,0.000500,0.000200,0.000800,0.005100,0.002900,0.003400,0.006200,0.000000
818,4.689996,5.606803,5.629500,2.014100,19053.000000,1300099443.000000,1798536504.000000,286048256.000000,278142976.000000,1992839168.000000,0.773000,69.000000,0.000600,0.000000,0.000000,0.000000,0.013100,0.000000,0.011400,0.000000,0.000000,0.000000,0.005800,0.001900,0.003400,0.007900,0.000000
819,4.695230,5.241397,5.215100,2.175900,19001.000000,1300115971.000000,1798536504.000000,286048256.000000,278159360.000000,1992839168.000000,0.766900,69.000000,0.000700,0.000000,0.000000,0.000000,0.010400,0.000000,0.010300,0.000000,0.000000,0.000000,0.005500,0.001900,0.002900,0.006900,0.000000
820,4.700908,5.677799,5.718100,2.674200,19001.000000,1300221739.000000,1798618424.000000,286048256.000000,278183936.000000,1992839168.000000,1.063600,69.000000,0.555200,0.036700,0.015500,0.436100,0.012000,0.026800,0.011500,0.000500,0.000200,0.000800,0.005100,0.002100,0.003700,0.006300,0.000000
821,4.706470,5.567205,5.521100,2.245500,19001.000000,1300259443.000000,1798618424.000000,286048256.000000,278204416.000000,1992904704.000000,0.798000,69.000000,0.000500,0.000000,0.000000,0.000000,0.012600,0.000000,0.012300,0.000000,0.000000,0.000000,0.005500,0.002100,0.003100,0.006100,0.000000
822,4.712036,5.521797,5.533300,2.361300,19001.000000,1300177255.000000,1798536504.000000,286048256.000000,278216704.000000,1992904704.000000,0.872200,69.000000,0.000900,0.000000,0.000000,0.000000,0.011200,0.000000,0.013400,0.000000,0.000000,0.000000,0.005100,0.002900,0.003500,0.006200,0.000000
823,4.718374,6.366298,6.324200,3.131000,19001.000000,1300284491.000000,1798618424.000000,286048256.000000,278237184.000000,1992904704.000000,0.823000,69.000000,0.573000,0.046000,0.019000,0.434500,0.012400,0.034200,0.018100,0.000400,0.000300,0.000800,0.005600,0.002700,0.004100,0.009200,0.000000
824,4.723662,5.301701,5.328000,2.157900,19001.000000,1300304951.000000,1798618424.000000,286048256.000000,278257664.000000,1992974336.000000,0.935600,69.000000,0.000700,0.000000,0.000000,0.000000,0.013500,0.000000,0.011200,0.000000,0.000000,0.000000,0.004800,0.001900,0.003300,0.006400,0.000000
825,4.728922,5.261203,5.224100,2.117400,19001.000000,1300328763.000000,1798618424.000000,286048256.000000,278278144.000000,1992974336.000000,0.812100,69.000000,0.000700,0.000000,0.000000,0.000000,0.010500,0.000000,0.011300,0.000000,0.000000,0.000000,0.005200,0.002200,0.003600,0.006900,0.000000
826,4.735059,6.107001,6.119400,2.944700,19001.000000,1300254803.000000,1798536504.000000,286048256.000000,278290432.000000,1992974336.000000,0.814900,69.000000,0.747500,0.037300,0.018100,0.631800,0.011300,0.023600,0.009500,0.000500,0.000300,0.000600,0.004800,0.002400,0.003500,0.006200,0.000000
827,4.740397,5.379599,5.328100,2.187900,19001.000000,1300362215.000000,1798618424.000000,286048256.000000,278315008.000000,1992974336.000000,0.773800,69.000000,0.000700,0.000000,0.000000,0.000000,0.012000,0.000000,0.010800,0.000000,0.000000,0.000000,0.005600,0.002100,0.003200,0.007500,0.000000
828,4.746154,5.738697,5.794100,2.261400,19001.000000,1300383247.000000,1798618424.000000,286048256.000000,278335488.000000,1992994816.000000,0.763200,69.000000,0.000700,0.000000,0.000000,0.000000,0.010700,0.000000,0.010900,0.000000,0.000000,0.000000,0.005300,0.001900,0.003000,0.007200,0.000000
829,4.752795,6.567900,6.495900,2.965400,19001.000000,1300304775.000000,1798536504.000000,286048256.000000,278339584.000000,1992998912.000000,1.026000,69.000000,0.512600,0.035500,0.015500,0.412000,0.010500,0.017500,0.010500,0.000400,0.000300,0.000400,0.005000,0.002200,0.003300,0.004900,0.000000
830,4.758471,5.733000,5.768000,2.408800,19001.000000,1300340615.000000,1798536504.000000,286048256.000000,278372352.000000,1993031680.000000,0.821500,69.000000,0.000700,0.000000,0.000000,0.000000,0.015300,0.000000,0.012900,0.000000,0.000000,0.000000,0.007300,0.002100,0.003300,0.007200,0.000000
831,4.764354,5.896804,5.855300,2.445200,19001.000000,1300363367.000000,1798536504.000000,286048256.000000,278396928.000000,1993105408.000000,0.836400,69.000000,0.000500,0.000000,0.000000,0.000000,0.013300,0.000000,0.011600,0.000000,0.000000,0.000000,0.006300,0.002000,0.003700,0.007200,0.000000
832,4.770574,6.209899,6.249700,2.925200,19001.000000,1300456843.000000,1798618424.000000,286048256.000000,278405120.000000,1993105408.000000,0.954500,69.000000,0.498600,0.034700,0.015400,0.398200,0.011500,0.017000,0.025200,0.000500,0.000200,0.000500,0.005300,0.002300,0.003700,0.005200,0.000000
833,4.776405,5.841100,5.784300,2.526000,19001.000000,1300399927.000000,1798536504.000000,286048256.000000,278429696.000000,1993109504.000000,0.806200,69.000000,0.000600,0.000000,0.000000,0.000000,0.012600,0.000000,0.011300,0.000000,0.000000,0.000000,0.005600,0.002300,0.003300,0.007100,0.000000
834,4.782190,5.786699,5.792100,2.768500,19001.000000,1300437251.000000,1798536504.000000,286048256.000000,278450176.000000,1993175040.000000,0.890600,69.000000,0.534100,0.034600,0.015600,0.429700,0.010700,0.019100,0.011600,0.000500,0.000300,0.000600,0.005500,0.002400,0.003600,0.005900,0.000000
835,4.787419,5.229599,5.209400,2.191500,19001.000000,1300515367.000000,1798618424.000000,286048256.000000,278462464.000000,1993175040.000000,0.810800,69.000000,0.000600,0.000000,0.000000,0.000000,0.011900,0.000000,0.012400,0.000000,0.000000,0.000000,0.005400,0.002200,0.003400,0.007200,0.000000
836,4.793077,5.635601,5.623700,2.284400,19001.000000,1300461051.000000,1798536504.000000,286048256.000000,278491136.000000,1993175040.000000,0.920800,69.000000,0.000500,0.000000,0.000000,0.000000,0.011100,0.000000,0.011500,0.000000,0.000000,0.000000,0.005600,0.002500,0.003700,0.006200,0.000000
837,4.799477,6.415002,6.340800,2.945700,19001.000000,1300575283.000000,1798618424.000000,286048256.000000,278507520.000000,1993175040.000000,0.779200,69.000000,0.569900,0.036700,0.017100,0.453300,0.012300,0.025000,0.188100,0.000500,0.000300,0.000500,0.006200,0.002600,0.003100,0.006800,0.000000
838,4.805074,5.603897,5.699800,2.262700,19137.000000,1300578683.000000,1798618424.000000,286048256.000000,278523904.000000,1993240576.000000,0.797600,69.000000,0.000600,0.000000,0.000000,0.000000,0.012600,0.000000,0.011600,0.000000,0.000000,0.000000,0.005000,0.002100,0.003400,0.007100,0.000000
839,4.810737,5.647697,5.600100,2.350600,19001.000000,1300522303.000000,1798536504.000000,286048256.000000,278548480.000000,1993240576.000000,0.933800,69.000000,0.000600,0.000000,0.000000,0.000000,0.011400,0.000000,0.011900,0.000000,0.000000,0.000000,0.005200,0.002400,0.003700,0.007500,0.000000
840,4.817069,6.334701,6.370300,2.910600,19001.000000,1300530507.000000,1798536504.000000,286048256.000000,278556672.000000,1993240576.000000,0.829600,69.000000,0.555400,0.041900,0.015800,0.449900,0.010700,0.014000,0.011600,0.000600,0.000200,0.000500,0.005100,0.002300,0.003300,0.005600,0.000000
841,4.822545,5.481299,5.431400,2.243400,19001.000000,1300639975.000000,1798618424.000000,286048256.000000,278581248.000000,1993310208.000000,0.832300,69.000000,0.000700,0.000000,0.000000,0.000000,0.012900,0.000000,0.012700,0.000000,0.000000,0.000000,0.005400,0.002400,0.003200,0.007300,0.000000
842,4.827911,5.372201,5.395200,2.248400,19001.000000,1300574563.000000,1798536504.000000,286048256.000000,278597632.000000,1993310208.000000,0.889000,69.000000,0.000700,0.000000,0.000000,0.000000,0.012200,0.000000,0.011200,0.000000,0.000000,0.000000,0.005100,0.002400,0.003700,0.006600,0.000000
843,4.834434,6.505003,6.444400,3.086800,19001.000000,1300591839.000000,1798536504.000000,286048256.000000,278614016.000000,1993310208.000000,0.962600,69.000000,0.619000,0.034800,0.016700,0.509600,0.011500,0.022100,0.010600,0.000600,0.000300,0.000800,0.005800,0.002100,0.003000,0.006300,0.000000
844,4.839601,5.191999,5.238200,2.117100,19001.000000,1300698739.000000,1798618424.000000,286048256.000000,278638592.000000,1993310208.000000,0.833000,69.000000,0.000600,0.000000,0.000000,0.000000,0.012200,0.000000,0.011000,0.000000,0.000000,0.000000,0.005800,0.001900,0.003500,0.006700,0.000000
845,4.844899,5.299695,5.235700,2.062100,19001.000000,1300710803.000000,1798618424.000000,286048256.000000,278650880.000000,1993375744.000000,0.780100,69.000000,0.000400,0.000000,0.000000,0.000000,0.010800,0.000000,0.011200,0.000000,0.000000,0.000000,0.005000,0.002100,0.002400,0.005800,0.000000
846,4.851253,6.317106,6.356100,2.945800,19001.000000,1300648287.000000,1798536504.000000,286048256.000000,278667264.000000,1993375744.000000,0.908600,69.000000,0.639500,0.034800,0.016800,0.537000,0.011300,0.017400,0.013000,0.000400,0.000300,0.000600,0.005500,0.002400,0.003100,0.005500,0.000000
847,4.857207,5.964499,5.915900,2.427000,19001.000000,1300752827.000000,1798618424.000000,286048256.000000,278691840.000000,1993375744.000000,0.791500,69.000000,0.000800,0.000000,0.000000,0.000000,0.012600,0.000000,0.011800,0.000000,0.000000,0.000000,0.006100,0.002100,0.003600,0.007900,0.000000
848,4.862898,5.700999,5.723600,2.370800,19001.000000,1300693839.000000,1798536504.000000,286048256.000000,278712320.000000,1993449472.000000,0.786300,69.000000,0.000700,0.000000,0.000000,0.000000,0.012500,0.000000,0.011900,0.000000,0.000000,0.000000,0.006200,0.002400,0.003000,0.006100,0.000000
849,4.869452,6.558397,6.516600,3.110800,19001.000000,1300715147.000000,1798536504.000000,286048256.000000,278732800.000000,1993449472.000000,1.095600,69.000000,0.861100,0.033900,0.017700,0.752600,0.011400,0.020500,0.010100,0.000500,0.000300,0.000500,0.007000,0.002400,0.003400,0.007100,0.000000
850,4.875056,5.591603,5.633200,2.259000,19001.000000,1300806847.000000,1798618424.000000,286048256.000000,278740992.000000,1993453568.000000,1.024900,69.000000,0.000800,0.000000,0.000000,0.000000,0.012800,0.000000,0.013100,0.000000,0.000000,0.000000,0.005400,0.002100,0.003600,0.006400,0.000000
851,4.880636,5.599801,5.545800,2.331800,19001.000000,1300744803.000000,1798536504.000000,286048256.000000,278761472.000000,1993453568.000000,0.954100,69.000000,0.000400,0.000000,0.000000,0.000000,0.012300,0.000000,0.012600,0.000000,0.000000,0.000000,0.005300,0.002000,0.003100,0.006500,0.000000
852,4.887145,6.496499,6.507100,3.051700,19001.000000,1300846643.000000,1798618424.000000,286048256.000000,278781952.000000,1993519104.000000,0.927900,69.000000,0.557800,0.034500,0.015800,0.455300,0.010500,0.017900,0.011200,0.000400,0.000200,0.000600,0.005300,0.002700,0.003100,0.006000,0.000000
853,4.893770,6.605499,6.568100,2.493000,19053.000000,1300800511.000000,1798536504.000000,286048256.000000,278802432.000000,1993519104.000000,0.935900,69.000000,0.000600,0.000000,0.000000,0.000000,0.017000,0.000000,0.013700,0.000000,0.000000,0.000000,0.004700,0.002200,0.003400,0.006800,0.000000
854,4.900622,6.885303,6.897400,3.048300,19001.000000,1300815687.000000,1798536504.000000,286048256.000000,278831104.000000,1993519104.000000,1.034000,69.000000,0.529000,0.033700,0.017900,0.424800,0.012200,0.018200,0.015600,0.000500,0.000400,0.000500,0.005800,0.002400,0.003600,0.005700,0.000000
855,4.906527,5.914995,5.908100,2.433200,19001.000000,1300848925.000000,1798552888.000000,286048256.000000,278847488.000000,1993584640.000000,0.955800,69.000000,0.000600,0.000000,0.000000,0.000000,0.012600,0.000000,0.014800,0.000000,0.000000,0.000000,0.005500,0.002100,0.003700,0.008000,0.000000
856,4.912145,5.584106,5.612100,2.460300,19001.000000,1300865565.000000,1798552888.000000,286048256.000000,278863872.000000,1993588736.000000,0.955800,69.000000,0.000700,0.000000,0.000000,0.000000,0.010300,0.000000,0.019200,0.000000,0.000000,0.000000,0.004900,0.002000,0.003000,0.006400,0.000000
857,4.918181,6.059594,6.006900,2.885800,19001.000000,1300955047.000000,1798618424.000000,286048256.000000,278884352.000000,1993588736.000000,0.923800,69.000000,0.546900,0.067600,0.018200,0.404500,0.011600,0.020100,0.015700,0.000400,0.000400,0.000700,0.004900,0.004300,0.003800,0.006300,0.000000
858,4.923863,5.677303,5.694800,2.262700,19001.000000,1300893507.000000,1798536504.000000,286048256.000000,278904832.000000,1993588736.000000,0.883700,69.000000,0.000600,0.000000,0.000000,0.000000,0.012700,0.000000,0.011200,0.000000,0.000000,0.000000,0.005000,0.002300,0.003400,0.006900,0.000000
859,4.929906,6.012500,5.965500,2.427000,19001.000000,1300992951.000000,1798618424.000000,286048256.000000,278921216.000000,1993654272.000000,0.829000,69.000000,0.000600,0.000000,0.000000,0.000000,0.011800,0.000000,0.019100,0.000000,0.000000,0.000000,0.006100,0.002100,0.003700,0.005900,0.000000
860,4.936161,6.291298,6.335800,2.996900,19001.000000,1301014179.000000,1798618424.000000,286048256.000000,278941696.000000,1993654272.000000,0.784200,69.000000,0.533900,0.040600,0.018000,0.407800,0.011900,0.028200,0.011400,0.000500,0.000400,0.000700,0.005900,0.002700,0.003500,0.007600,0.000000
861,4.941391,5.238499,5.193200,2.152500,19001.000000,1301026299.000000,1798618424.000000,286048256.000000,278953984.000000,1993654272.000000,0.755600,69.000000,0.000600,0.000000,0.000000,0.000000,0.011500,0.000000,0.010800,0.000000,0.000000,0.000000,0.005100,0.002100,0.003200,0.005900,0.000000
862,4.946459,5.069799,5.103400,2.158200,19001.000000,1301054099.000000,1798618424.000000,286048256.000000,278978560.000000,1993719808.000000,0.841800,69.000000,0.000600,0.000000,0.000000,0.000000,0.010100,0.000000,0.010900,0.000000,0.000000,0.000000,0.004900,0.002600,0.003400,0.006100,0.000000
863,4.952168,5.691001,5.573500,2.691800,19001.000000,1301072455.000000,1798618424.000000,286048256.000000,278999040.000000,1993719808.000000,0.900400,69.000000,0.518900,0.036600,0.015600,0.395200,0.010300,0.024800,0.010700,0.000400,0.000300,0.000800,0.004300,0.002800,0.003400,0.007000,0.000000
864,4.957493,5.326403,5.414200,2.156500,19137.000000,1301005387.000000,1798536504.000000,286048256.000000,279011328.000000,1993723904.000000,0.805000,69.000000,0.000600,0.000000,0.000000,0.000000,0.011600,0.000000,0.011700,0.000000,0.000000,0.000000,0.004900,0.001900,0.003000,0.006700,0.000000
865,4.963072,5.569196,5.519900,2.212600,19001.000000,1301108591.000000,1798618424.000000,286048256.000000,279031808.000000,1993723904.000000,0.763500,69.000000,0.000700,0.000000,0.000000,0.000000,0.014000,0.000000,0.012000,0.000000,0.000000,0.000000,0.005800,0.002500,0.003300,0.007700,0.000000
866,4.968991,5.936699,5.971900,2.843900,19001.000000,1301052359.000000,1798536504.000000,286048256.000000,279056384.000000,1993789440.000000,0.757400,69.000000,0.508600,0.064100,0.017000,0.378700,0.011300,0.015500,0.009800,0.000500,0.000300,0.000700,0.005800,0.002500,0.003400,0.006200,0.000000
867,4.973995,4.986501,4.949600,2.006500,19001.000000,1301150619.000000,1798618424.000000,286048256.000000,279072768.000000,1993789440.000000,0.767700,69.000000,0.000600,0.000000,0.000000,0.000000,0.012600,0.000000,0.010100,0.000000,0.000000,0.000000,0.005100,0.001800,0.003500,0.007200,0.000000
868,4.979069,5.098803,5.125600,2.106700,19001.000000,1301161811.000000,1798618424.000000,286048256.000000,279085056.000000,1993789440.000000,0.759100,69.000000,0.000900,0.000000,0.000000,0.000000,0.010700,0.000000,0.011200,0.000000,0.000000,0.000000,0.004500,0.002100,0.003200,0.007200,0.000000
869,4.985018,5.930201,5.873900,2.686600,19001.000000,1301131351.000000,1798536504.000000,286048256.000000,279113728.000000,1993854976.000000,0.760500,69.000000,0.515600,0.043500,0.018400,0.393100,0.009900,0.027000,0.009900,0.000600,0.000200,0.000600,0.004800,0.002400,0.003000,0.006600,0.000000
870,4.990432,5.395996,5.421000,2.134800,19001.000000,1301199965.000000,1798536504.000000,286048256.000000,279130112.000000,1993854976.000000,0.742700,69.000000,0.000600,0.000000,0.000000,0.000000,0.012600,0.000000,0.012000,0.000000,0.000000,0.000000,0.005400,0.002300,0.003000,0.006500,0.000000
871,4.995931,5.529500,5.500300,2.229900,19001.000000,1301234019.000000,1798618424.000000,286048256.000000,279146496.000000,1993854976.000000,0.744300,68.000000,0.000500,0.000000,0.000000,0.000000,0.013000,0.000000,0.010800,0.000000,0.000000,0.000000,0.005600,0.002400,0.003100,0.005900,0.000000
872,5.002322,6.382504,6.368300,3.111800,19001.000000,1301167483.000000,1798536504.000000,286048256.000000,279166976.000000,1993859072.000000,0.873600,69.000000,0.743000,0.039000,0.017400,0.633400,0.010900,0.016500,0.011200,0.000700,0.000300,0.000500,0.004800,0.002400,0.003000,0.005700,0.000000
873,5.007878,5.550801,5.512800,2.266400,19001.000000,1301183283.000000,1798536504.000000,286048256.000000,279179264.000000,1993924608.000000,0.871400,69.000000,0.000900,0.000000,0.000000,0.000000,0.012500,0.000000,0.011100,0.000000,0.000000,0.000000,0.006100,0.002100,0.003700,0.006700,0.000000
874,5.013461,5.555400,5.596600,2.230500,19001.000000,1301191235.000000,1798536504.000000,286048256.000000,279187456.000000,1993924608.000000,0.910300,69.000000,0.000700,0.000000,0.000000,0.000000,0.011500,0.000000,0.011400,0.000000,0.000000,0.000000,0.006000,0.002200,0.003400,0.007200,0.000000
875,5.019673,6.246996,6.207100,2.955900,19001.000000,1301315715.000000,1798618424.000000,286048256.000000,279228416.000000,1993924608.000000,1.101700,69.000000,0.736600,0.040200,0.016000,0.616500,0.011700,0.027100,0.010600,0.000700,0.000300,0.000700,0.006000,0.002300,0.003600,0.006900,0.000000
876,5.025002,5.329202,5.362800,2.153700,19001.000000,1301250119.000000,1798536504.000000,286048256.000000,279244800.000000,1993990144.000000,0.847400,69.000000,0.000700,0.000000,0.000000,0.000000,0.012200,0.000000,0.011100,0.000000,0.000000,0.000000,0.004700,0.002300,0.002900,0.006500,0.000000
877,5.030464,5.448802,5.397700,2.148700,19001.000000,1301344243.000000,1798618424.000000,286048256.000000,279257088.000000,1993990144.000000,0.819000,69.000000,0.000700,0.000000,0.000000,0.000000,0.011100,0.000000,0.010800,0.000000,0.000000,0.000000,0.005500,0.002400,0.002900,0.008000,0.000000
878,5.036717,6.270295,6.308800,2.980300,19001.000000,1301286103.000000,1798536504.000000,286048256.000000,279277568.000000,1993990144.000000,0.808700,69.000000,0.519900,0.035700,0.017500,0.416300,0.011100,0.015700,0.023000,0.000600,0.000200,0.000400,0.005200,0.002400,0.003400,0.005500,0.000000
879,5.042157,5.439902,5.390900,2.341200,19001.000000,1301390387.000000,1798618424.000000,286048256.000000,279302144.000000,1994055680.000000,0.808000,69.000000,0.000600,0.000000,0.000000,0.000000,0.011600,0.000000,0.011700,0.000000,0.000000,0.000000,0.005300,0.002100,0.003400,0.006500,0.000000
880,5.047584,5.405499,5.430400,2.322600,19001.000000,1301413419.000000,1798618424.000000,286048256.000000,279322624.000000,1994059776.000000,0.935000,69.000000,0.000600,0.000000,0.000000,0.000000,0.011100,0.000000,0.016800,0.000000,0.000000,0.000000,0.004900,0.002000,0.003300,0.006200,0.000000
881,5.053935,6.345805,6.250100,2.955400,19001.000000,1301344435.000000,1798536504.000000,286048256.000000,279334912.000000,1994059776.000000,1.015600,69.000000,0.540100,0.034900,0.017300,0.425700,0.010400,0.024400,0.010900,0.000500,0.000400,0.000700,0.007000,0.002400,0.003900,0.006700,0.000000
882,5.059086,5.182696,5.268800,2.140600,19001.000000,1301448287.000000,1798618424.000000,286048256.000000,279355392.000000,1994063872.000000,0.792800,69.000000,0.000800,0.000000,0.000000,0.000000,0.013300,0.000000,0.011400,0.000000,0.000000,0.000000,0.006000,0.002000,0.003300,0.007400,0.000000
883,5.064265,5.180102,5.134600,2.085300,19001.000000,1301464543.000000,1798618424.000000,286048256.000000,279371776.000000,1994129408.000000,0.806600,69.000000,0.000500,0.000000,0.000000,0.000000,0.010400,0.000000,0.011700,0.000000,0.000000,0.000000,0.004300,0.002100,0.004100,0.005400,0.000000
884,5.070662,6.370996,6.395900,3.018300,19001.000000,1301484403.000000,1798618424.000000,286048256.000000,279392256.000000,1994145792.000000,0.845300,69.000000,0.543300,0.038000,0.016800,0.437700,0.010400,0.018300,0.066400,0.000600,0.000200,0.000500,0.005300,0.002400,0.003500,0.006900,0.000000
885,5.076343,5.704301,5.667800,2.550200,19001.000000,1301520075.000000,1798618424.000000,286048256.000000,279412736.000000,1994145792.000000,0.781500,69.000000,0.000500,0.000000,0.000000,0.000000,0.012500,0.000000,0.014900,0.000000,0.000000,0.000000,0.005100,0.002100,0.003500,0.006300,0.000000
886,5.082473,6.108702,6.120500,2.863200,19001.000000,1301526983.000000,1798618424.000000,286048256.000000,279433216.000000,1994211328.000000,0.766400,69.000000,0.513800,0.036500,0.016800,0.410500,0.010800,0.016800,0.022400,0.000600,0.000300,0.000500,0.005000,0.002500,0.003200,0.005700,0.000000
887,5.087770,5.315398,5.269800,2.303100,19001.000000,1301540039.000000,1798618424.000000,286048256.000000,279445504.000000,1994211328.000000,0.890000,69.000000,0.000700,0.000000,0.000000,0.000000,0.013400,0.000000,0.018500,0.000000,0.000000,0.000000,0.005800,0.002100,0.003200,0.007700,0.000000
888,5.093403,5.611203,5.637400,2.295200,19053.000000,1301564951.000000,1798618424.000000,286048256.000000,279470080.000000,1994215424.000000,0.928000,69.000000,0.000600,0.000000,0.000000,0.000000,0.011500,0.000000,0.017300,0.000000,0.000000,0.000000,0.005400,0.002100,0.004000,0.006700,0.000000
889,5.099689,6.305797,6.268500,2.921800,19001.000000,1301576123.000000,1798618424.000000,286048256.000000,279478272.000000,1994215424.000000,0.807300,69.000000,0.506000,0.034400,0.018000,0.407000,0.011600,0.014800,0.022800,0.000400,0.000200,0.000600,0.005400,0.002500,0.002600,0.005800,0.000000
890,5.105140,5.463499,5.416600,2.299200,19001.000000,1301605091.000000,1798618424.000000,286048256.000000,279506944.000000,1994280960.000000,0.774800,69.000000,0.000700,0.000000,0.000000,0.000000,0.012100,0.000000,0.011100,0.000000,0.000000,0.000000,0.005400,0.002200,0.003100,0.006400,0.000000
891,5.111187,6.005003,6.033500,2.454800,19137.000000,1301564485.000000,1798552888.000000,286048256.000000,279531520.000000,1994280960.000000,0.883800,69.000000,0.000500,0.000000,0.000000,0.000000,0.011400,0.000000,0.014300,0.000000,0.000000,0.000000,0.004900,0.002100,0.003100,0.007600,0.000000
892,5.117072,5.900702,5.928700,2.873800,19001.000000,1301577405.000000,1798552888.000000,286048256.000000,279543808.000000,1994280960.000000,0.942100,69.000000,0.577100,0.034400,0.017000,0.471500,0.011200,0.017500,0.010000,0.000500,0.000300,0.000600,0.005700,0.002400,0.003100,0.005500,0.000000
893,5.122907,5.839399,5.779800,2.304300,19001.000000,1301589471.000000,1798536504.000000,286048256.000000,279572480.000000,1994346496.000000,0.819200,69.000000,0.000500,0.000000,0.000000,0.000000,0.012900,0.000000,0.011300,0.000000,0.000000,0.000000,0.004700,0.001900,0.003200,0.006100,0.000000
894,5.128314,5.412599,5.449700,2.207400,19001.000000,1301682675.000000,1798618424.000000,286048256.000000,279580672.000000,1994346496.000000,0.800500,69.000000,0.000900,0.000000,0.000000,0.000000,0.011700,0.000000,0.021200,0.000000,0.000000,0.000000,0.005600,0.001900,0.003600,0.007000,0.000000
895,5.134732,6.408100,6.371300,2.904800,19001.000000,1301697135.000000,1798618424.000000,286048256.000000,279597056.000000,1994346496.000000,0.783600,69.000000,0.655500,0.036700,0.017800,0.548500,0.012600,0.017200,0.010700,0.000500,0.000300,0.000500,0.004900,0.002500,0.003700,0.006200,0.000000
896,5.140100,5.384602,5.415100,2.218600,19001.000000,1301720175.000000,1798618424.000000,286048256.000000,279617536.000000,1994350592.000000,0.934000,69.000000,0.000800,0.000000,0.000000,0.000000,0.012100,0.000000,0.010900,0.000000,0.000000,0.000000,0.005300,0.002100,0.003100,0.007400,0.000000
897,5.145545,5.439101,5.383800,2.181100,19001.000000,1301667707.000000,1798536504.000000,286048256.000000,279646208.000000,1994416128.000000,0.787600,69.000000,0.000800,0.000000,0.000000,0.000000,0.011000,0.000000,0.011400,0.000000,0.000000,0.000000,0.005000,0.002300,0.003500,0.005700,0.000000
898,5.151315,5.754500,5.782300,2.671100,19001.000000,1301677879.000000,1798536504.000000,286048256.000000,279654400.000000,1994416128.000000,0.890400,69.000000,0.533800,0.035900,0.015400,0.422900,0.011300,0.023600,0.010300,0.000400,0.000400,0.000700,0.005600,0.002400,0.003300,0.006300,0.000000
899,5.156915,5.620798,5.555900,2.366500,19001.000000,1301784419.000000,1798618424.000000,286048256.000000,279678976.000000,1994416128.000000,0.826300,69.000000,0.000600,0.000000,0.000000,0.000000,0.012000,0.000000,0.010700,0.000000,0.000000,0.000000,0.005300,0.002100,0.003200,0.006900,0.000000
900,5.162485,5.552402,5.599500,2.426400,19001.000000,1301795611.000000,1798618424.000000,286048256.000000,279691264.000000,1994416128.000000,0.892300,69.000000,0.000600,0.000000,0.000000,0.000000,0.010600,0.000000,0.011800,0.000000,0.000000,0.000000,0.005300,0.002200,0.003200,0.007000,0.000000
901,5.168497,6.015901,5.945300,2.752700,19001.000000,1301748255.000000,1798536504.000000,286048256.000000,279711744.000000,1994498048.000000,1.097000,69.000000,0.522900,0.039600,0.017400,0.415700,0.011600,0.015600,0.011900,0.000400,0.000300,0.000600,0.005400,0.002700,0.003200,0.006300,0.000000
902,5.174212,5.695699,5.738800,2.186300,19001.000000,1301759935.000000,1798536504.000000,286048256.000000,279736320.000000,1994498048.000000,0.912500,69.000000,0.000900,0.000000,0.000000,0.000000,0.013400,0.000000,0.021200,0.000000,0.000000,0.000000,0.005400,0.002300,0.003600,0.007100,0.000000
903,5.180301,6.115498,6.083400,2.593900,19001.000000,1301859115.000000,1798618424.000000,286048256.000000,279752704.000000,1994498048.000000,0.867700,69.000000,0.000900,0.000000,0.000000,0.000000,0.012400,0.000000,0.015300,0.000000,0.000000,0.000000,0.005500,0.002100,0.003600,0.008300,0.000000
904,5.186101,5.804698,5.835100,2.708100,19001.000000,1301801643.000000,1798536504.000000,286048256.000000,279777280.000000,1994567680.000000,0.807600,69.000000,0.533200,0.036400,0.017100,0.419200,0.011700,0.022100,0.010300,0.000400,0.000400,0.000700,0.005000,0.002400,0.003100,0.006000,0.000000
905,5.191761,5.631201,5.571200,2.195300,19001.000000,1301821531.000000,1798536504.000000,286048256.000000,279793664.000000,1994567680.000000,0.778500,69.000000,0.000500,0.000000,0.000000,0.000000,0.011900,0.000000,0.011100,0.000000,0.000000,0.000000,0.005500,0.002000,0.003300,0.006500,0.000000
906,5.197336,5.589201,5.621000,2.357800,19001.000000,1301834267.000000,1798536504.000000,286048256.000000,279805952.000000,1994567680.000000,0.822800,69.000000,0.000600,0.000000,0.000000,0.000000,0.012100,0.000000,0.011000,0.000000,0.000000,0.000000,0.006500,0.002500,0.003500,0.007200,0.000000
907,5.203424,6.086798,6.037200,2.719600,19001.000000,1301942083.000000,1798618424.000000,286048256.000000,279830528.000000,1994633216.000000,1.013700,69.000000,0.512300,0.036100,0.015800,0.408500,0.011300,0.017000,0.010400,0.000500,0.000300,0.000400,0.005600,0.002100,0.003200,0.005200,0.000000
908,5.208890,5.476601,5.490500,2.186600,19001.000000,1301962867.000000,1798618424.000000,286048256.000000,279851008.000000,1994633216.000000,0.972100,69.000000,0.000500,0.000000,0.000000,0.000000,0.013500,0.000000,0.012200,0.000000,0.000000,0.000000,0.005000,0.002400,0.003400,0.007000,0.000000
909,5.214690,5.781604,5.761500,2.268200,19001.000000,1301970891.000000,1798618424.000000,286048256.000000,279859200.000000,1994633216.000000,0.934600,69.000000,0.000500,0.000000,0.000000,0.000000,0.011200,0.000000,0.011300,0.000000,0.000000,0.000000,0.005300,0.002300,0.003800,0.006300,0.000000
910,5.220981,6.306994,6.320200,2.960700,19001.000000,1301907939.000000,1798536504.000000,286048256.000000,279875584.000000,1994633216.000000,0.814800,69.000000,0.533600,0.034600,0.018500,0.431500,0.010900,0.016000,0.023600,0.000500,0.000300,0.000500,0.004700,0.002600,0.003800,0.005500,0.000000
911,5.226404,5.430903,5.389100,2.230800,19001.000000,1301930507.000000,1798536504.000000,286048256.000000,279900160.000000,1994698752.000000,0.817900,69.000000,0.000600,0.000000,0.000000,0.000000,0.013300,0.000000,0.010300,0.000000,0.000000,0.000000,0.005700,0.002200,0.003800,0.007600,0.000000
912,5.232724,6.288301,6.318400,2.911400,19001.000000,1302035699.000000,1798618424.000000,286048256.000000,279920640.000000,1994702848.000000,0.890700,69.000000,0.520200,0.033000,0.016100,0.420300,0.011200,0.017200,0.019800,0.000700,0.000200,0.000500,0.005500,0.002700,0.003500,0.005900,0.000000
913,5.238784,6.078097,6.010300,2.447900,19001.000000,1301970695.000000,1798536504.000000,286048256.000000,279937024.000000,1994702848.000000,1.069500,69.000000,0.000800,0.000000,0.000000,0.000000,0.012800,0.000000,0.011300,0.000000,0.000000,0.000000,0.005300,0.002300,0.003400,0.006600,0.000000
914,5.244672,5.904705,5.957200,2.203300,19001.000000,1302000079.000000,1798536504.000000,286048256.000000,279965696.000000,1994772480.000000,1.038600,69.000000,0.000700,0.000000,0.000000,0.000000,0.011700,0.000000,0.022300,0.000000,0.000000,0.000000,0.006000,0.002100,0.003600,0.007300,0.000000
915,5.251048,6.343495,6.256700,3.034800,19001.000000,1302021375.000000,1798536504.000000,286048256.000000,279982080.000000,1994772480.000000,0.928900,69.000000,0.537500,0.041900,0.019300,0.421500,0.011500,0.019300,0.010000,0.000500,0.000300,0.000600,0.005200,0.002400,0.003700,0.005900,0.000000
916,5.256353,5.346103,5.363900,2.280300,19001.000000,1302115163.000000,1798618424.000000,286048256.000000,279994368.000000,1994772480.000000,0.948700,69.000000,0.000800,0.000000,0.000000,0.000000,0.012300,0.000000,0.020600,0.000000,0.000000,0.000000,0.005700,0.002100,0.003600,0.007400,0.000000
917,5.261718,5.356399,5.345400,2.312600,19137.000000,1302154387.000000,1798618424.000000,286048256.000000,280018944.000000,1994772480.000000,0.824600,69.000000,0.000700,0.000000,0.000000,0.000000,0.010400,0.000000,0.013200,0.000000,0.000000,0.000000,0.005100,0.002100,0.002900,0.006800,0.000000
918,5.267703,5.974298,6.014800,2.919600,19001.000000,1302157383.000000,1798618424.000000,286048256.000000,280039424.000000,1994854400.000000,0.984300,69.000000,0.635000,0.034200,0.016200,0.536200,0.009800,0.016600,0.011300,0.000400,0.000300,0.000500,0.005300,0.002500,0.003300,0.006300,0.000000
919,5.272878,5.165604,5.122200,2.156000,19001.000000,1302182727.000000,1798618424.000000,286048256.000000,280064000.000000,1994919936.000000,0.829000,69.000000,0.000800,0.000000,0.000000,0.000000,0.012200,0.000000,0.011500,0.000000,0.000000,0.000000,0.004700,0.002100,0.003600,0.006400,0.000000
920,5.277943,5.076297,5.101100,2.101900,19001.000000,1302117043.000000,1798536504.000000,286048256.000000,280080384.000000,1994919936.000000,0.791200,69.000000,0.000900,0.000000,0.000000,0.000000,0.011300,0.000000,0.010800,0.000000,0.000000,0.000000,0.004900,0.002300,0.003400,0.006200,0.000000
921,5.284026,6.087401,6.033500,2.773800,19001.000000,1302140815.000000,1798536504.000000,286048256.000000,280100864.000000,1994985472.000000,0.778700,69.000000,0.492600,0.032900,0.015900,0.395200,0.011400,0.015100,0.010300,0.000600,0.000300,0.000600,0.006200,0.002600,0.003800,0.005400,0.000000
922,5.289827,5.783999,5.819800,2.046300,19001.000000,1302149511.000000,1798536504.000000,286048256.000000,280109056.000000,1994985472.000000,0.775500,69.000000,0.000800,0.000000,0.000000,0.000000,0.012200,0.000000,0.009800,0.000000,0.000000,0.000000,0.005300,0.002200,0.003700,0.007500,0.000000
923,5.295221,5.423101,5.389000,2.295400,19053.000000,1302174727.000000,1798536504.000000,286048256.000000,280133632.000000,1994985472.000000,0.736700,69.000000,0.000800,0.000000,0.000000,0.000000,0.011100,0.000000,0.009600,0.000000,0.000000,0.000000,0.005500,0.001800,0.003300,0.007200,0.000000
924,5.301126,5.877303,5.894700,2.821400,19001.000000,1302191207.000000,1798536504.000000,286048256.000000,280150016.000000,1994985472.000000,0.796700,69.000000,0.545800,0.032800,0.015100,0.443600,0.010800,0.020300,0.010600,0.000500,0.000200,0.000700,0.005100,0.002200,0.003500,0.005600,0.000000
925,5.306438,5.339201,5.308000,2.172300,19001.000000,1302289671.000000,1798618424.000000,286048256.000000,280166400.000000,1995051008.000000,0.745100,69.000000,0.000600,0.000000,0.000000,0.000000,0.012400,0.000000,0.011400,0.000000,0.000000,0.000000,0.005800,0.002500,0.003200,0.006500,0.000000
926,5.311837,5.384595,5.389900,2.331900,19001.000000,1302317851.000000,1798618424.000000,286048256.000000,280190976.000000,1995051008.000000,0.791000,69.000000,0.000600,0.000000,0.000000,0.000000,0.011000,0.000000,0.011800,0.000000,0.000000,0.000000,0.004700,0.002600,0.003100,0.006300,0.000000
927,5.317891,6.055400,6.022500,2.842400,19001.000000,1302335695.000000,1798618424.000000,286048256.000000,280211456.000000,1995051008.000000,0.939700,69.000000,0.512700,0.036600,0.016700,0.409500,0.010800,0.016300,0.011300,0.000400,0.000300,0.000500,0.004800,0.002600,0.003300,0.005900,0.000000
928,5.323248,5.359205,5.384400,2.257500,19001.000000,1302354663.000000,1798618424.000000,286048256.000000,280227840.000000,1995116544.000000,0.878100,69.000000,0.000800,0.000000,0.000000,0.000000,0.012000,0.000000,0.017000,0.000000,0.000000,0.000000,0.004500,0.002200,0.003500,0.006800,0.000000
929,5.328954,5.697300,5.639900,2.187500,19001.000000,1302376139.000000,1798618424.000000,286048256.000000,280248320.000000,1995116544.000000,0.814000,69.000000,0.000700,0.000000,0.000000,0.000000,0.011900,0.000000,0.013200,0.000000,0.000000,0.000000,0.005100,0.002100,0.003400,0.006900,0.000000
930,5.335105,6.139697,6.178800,2.891500,19001.000000,1302398171.000000,1798618424.000000,286048256.000000,280268800.000000,1995116544.000000,0.838500,69.000000,0.561200,0.068300,0.019600,0.405900,0.013000,0.023500,0.010900,0.000400,0.000200,0.000800,0.004700,0.002300,0.003300,0.006600,0.000000
931,5.340553,5.461005,5.413500,2.230600,19001.000000,1302336479.000000,1798536504.000000,286048256.000000,280289280.000000,1995182080.000000,0.765500,69.000000,0.000600,0.000000,0.000000,0.000000,0.012600,0.000000,0.011400,0.000000,0.000000,0.000000,0.005500,0.002200,0.003400,0.005800,0.000000
932,5.346120,5.573894,5.548000,2.171300,19001.000000,1302360023.000000,1798536504.000000,286048256.000000,280313856.000000,1995182080.000000,0.870400,69.000000,0.000900,0.000000,0.000000,0.000000,0.010900,0.000000,0.011500,0.000000,0.000000,0.000000,0.005600,0.002100,0.003400,0.006400,0.000000
933,5.352349,6.184205,6.189700,2.917400,19001.000000,1302399955.000000,1798536504.000000,286048256.000000,280338432.000000,1995182080.000000,0.813500,69.000000,0.584900,0.037700,0.016800,0.474600,0.011500,0.023500,0.011900,0.000500,0.000300,0.000800,0.004700,0.002600,0.003600,0.006600,0.000000
934,5.357730,5.421896,5.448500,2.275800,19001.000000,1302484799.000000,1798618424.000000,286048256.000000,280354816.000000,1995247616.000000,0.875300,69.000000,0.000900,0.000000,0.000000,0.000000,0.015800,0.000000,0.012400,0.000000,0.000000,0.000000,0.005900,0.002300,0.003300,0.007400,0.000000
935,5.363214,5.491801,5.432200,2.213600,19001.000000,1302514239.000000,1798618424.000000,286048256.000000,280383488.000000,1995264000.000000,0.928800,69.000000,0.000700,0.000000,0.000000,0.000000,0.011400,0.000000,0.012100,0.000000,0.000000,0.000000,0.004800,0.002300,0.003600,0.008200,0.000000
936,5.369441,6.207299,6.239700,2.854500,19001.000000,1302448863.000000,1798536504.000000,286048256.000000,280399872.000000,1995264000.000000,0.892000,69.000000,0.542100,0.039800,0.018500,0.423000,0.011900,0.025100,0.010400,0.000400,0.000200,0.000900,0.005100,0.002700,0.003600,0.006900,0.000000
937,5.374768,5.322704,5.298300,2.138900,19001.000000,1302554843.000000,1798618424.000000,286048256.000000,280420352.000000,1995272192.000000,0.792700,69.000000,0.000800,0.000000,0.000000,0.000000,0.013500,0.000000,0.011800,0.000000,0.000000,0.000000,0.005800,0.002400,0.003600,0.007000,0.000000
938,5.380216,5.464598,5.492000,2.192000,19001.000000,1302579755.000000,1798618424.000000,286048256.000000,280444928.000000,1995296768.000000,0.784000,69.000000,0.000700,0.000000,0.000000,0.000000,0.011800,0.000000,0.010700,0.000000,0.000000,0.000000,0.005000,0.002400,0.003600,0.007600,0.000000
939,5.386369,6.159000,6.106800,2.815900,19001.000000,1302518383.000000,1798536504.000000,286048256.000000,280465408.000000,1995317248.000000,0.846800,69.000000,0.540300,0.036100,0.017800,0.426100,0.010200,0.024000,0.010100,0.000400,0.000300,0.000700,0.004900,0.002300,0.003400,0.006500,0.000000
940,5.391607,5.225702,5.267600,2.216000,19001.000000,1302621379.000000,1798618424.000000,286048256.000000,280485888.000000,1995395072.000000,0.774100,69.000000,0.000600,0.000000,0.000000,0.000000,0.012200,0.000000,0.010400,0.000000,0.000000,0.000000,0.005100,0.002100,0.003300,0.007000,0.000000
941,5.397408,5.791801,5.719800,2.385400,19001.000000,1302559671.000000,1798536504.000000,286048256.000000,280506368.000000,1995395072.000000,0.821900,69.000000,0.000800,0.000000,0.000000,0.000000,0.011000,0.000000,0.010700,0.000000,0.000000,0.000000,0.004800,0.002100,0.003300,0.006300,0.000000
942,5.403750,6.354294,6.386800,3.023500,19001.000000,1302673487.000000,1798618424.000000,286048256.000000,280535040.000000,1995395072.000000,0.948600,69.000000,0.731400,0.036400,0.017200,0.615400,0.012400,0.024900,0.018800,0.000600,0.000300,0.000800,0.005900,0.002400,0.003500,0.006700,0.000000
943,5.409478,5.737103,5.643000,2.171900,19001.000000,1302692023.000000,1798618424.000000,286048256.000000,280555520.000000,1995460608.000000,0.803600,69.000000,0.000700,0.000000,0.000000,0.000000,0.012900,0.000000,0.011500,0.000000,0.000000,0.000000,0.005300,0.002300,0.003200,0.006200,0.000000
944,5.414962,5.472003,5.545500,2.178100,19137.000000,1302710943.000000,1798618424.000000,286048256.000000,280571904.000000,1995460608.000000,0.992600,69.000000,0.000700,0.000000,0.000000,0.000000,0.011200,0.000000,0.021600,0.000000,0.000000,0.000000,0.005300,0.001800,0.003600,0.007500,0.000000
945,5.420776,5.826594,5.802800,2.790900,19001.000000,1302733283.000000,1798618424.000000,286048256.000000,280592384.000000,1995460608.000000,0.812400,69.000000,0.628500,0.056000,0.016400,0.498600,0.011000,0.026500,0.011200,0.000300,0.000300,0.000600,0.005100,0.002300,0.003400,0.007100,0.000000
946,5.426237,5.456505,5.482000,2.200000,19001.000000,1302763131.000000,1798618424.000000,286048256.000000,280621056.000000,1995530240.000000,0.755000,69.000000,0.000800,0.000000,0.000000,0.000000,0.011500,0.000000,0.010800,0.000000,0.000000,0.000000,0.004800,0.002100,0.003000,0.005700,0.000000
947,5.431504,5.255301,5.216300,2.176700,19001.000000,1302779387.000000,1798618424.000000,286048256.000000,280637440.000000,1995530240.000000,0.786300,69.000000,0.000600,0.000000,0.000000,0.000000,0.010300,0.000000,0.011700,0.000000,0.000000,0.000000,0.004700,0.002000,0.003700,0.005900,0.000000
948,5.437665,6.155697,6.160900,2.991400,19001.000000,1302724295.000000,1798536504.000000,286048256.000000,280666112.000000,1995530240.000000,0.798200,69.000000,0.578800,0.036400,0.016500,0.462600,0.010400,0.026000,0.013500,0.000400,0.000400,0.000700,0.015800,0.002400,0.003700,0.006100,0.000000
949,5.443392,5.727601,5.681800,2.497000,19001.000000,1302837515.000000,1798618424.000000,286048256.000000,280682496.000000,1995595776.000000,0.956000,69.000000,0.000800,0.000000,0.000000,0.000000,0.012700,0.000000,0.013500,0.000000,0.000000,0.000000,0.005700,0.002300,0.003600,0.006800,0.000000
950,5.449337,5.964101,6.003900,2.755400,19001.000000,1302845255.000000,1798618424.000000,286048256.000000,280702976.000000,1995595776.000000,0.842400,69.000000,0.532300,0.032500,0.016700,0.430300,0.012100,0.018200,0.012100,0.000500,0.000400,0.000600,0.005500,0.002400,0.003200,0.006000,0.000000
951,5.454645,5.271896,5.226200,2.092400,19001.000000,1302874711.000000,1798618424.000000,286048256.000000,280731648.000000,1995595776.000000,1.047500,69.000000,0.000700,0.000000,0.000000,0.000000,0.011900,0.000000,0.012100,0.000000,0.000000,0.000000,0.006000,0.002200,0.003400,0.006200,0.000000
952,5.459939,5.333602,5.363500,2.162400,19001.000000,1302886911.000000,1798618424.000000,286048256.000000,280743936.000000,1995677696.000000,0.824900,69.000000,0.000600,0.000000,0.000000,0.000000,0.012100,0.000000,0.011400,0.000000,0.000000,0.000000,0.005900,0.002300,0.003700,0.007500,0.000000
953,5.465957,6.015497,5.953000,2.861100,19001.000000,1302918517.000000,1798536504.000000,286048256.000000,280772608.000000,1995677696.000000,0.799400,69.000000,0.583500,0.037000,0.017800,0.476000,0.010400,0.016800,0.010700,0.000700,0.000300,0.000500,0.005000,0.002400,0.003500,0.006200,0.000000
954,5.471347,5.369204,5.417500,2.146900,19001.000000,1302845831.000000,1798536504.000000,286048256.000000,280780800.000000,1995677696.000000,0.761800,69.000000,0.000600,0.000000,0.000000,0.000000,0.012500,0.000000,0.012200,0.000000,0.000000,0.000000,0.005600,0.002300,0.003200,0.006400,0.000000
955,5.476942,5.617000,5.578100,2.361900,19001.000000,1302957215.000000,1798618424.000000,286048256.000000,280809472.000000,1995743232.000000,0.831000,69.000000,0.000700,0.000000,0.000000,0.000000,0.010900,0.000000,0.011600,0.000000,0.000000,0.000000,0.006400,0.001900,0.003700,0.005600,0.000000
956,5.483171,6.210495,6.218100,2.842300,19001.000000,1302904067.000000,1798536504.000000,286048256.000000,280838144.000000,1995743232.000000,0.804700,69.000000,0.509900,0.037700,0.017600,0.406100,0.011400,0.016000,0.010800,0.000700,0.000300,0.000500,0.005700,0.002800,0.002900,0.006400,0.000000
957,5.488936,5.764201,5.714000,2.238400,19001.000000,1302916043.000000,1798536504.000000,286048256.000000,280850432.000000,1995743232.000000,0.820900,69.000000,0.000700,0.000000,0.000000,0.000000,0.013200,0.000000,0.012300,0.000000,0.000000,0.000000,0.005400,0.002100,0.003200,0.006500,0.000000
958,5.494314,5.367205,5.397300,2.203300,19001.000000,1302931619.000000,1798536504.000000,286048256.000000,280862720.000000,1995743232.000000,0.922400,69.000000,0.000900,0.000000,0.000000,0.000000,0.012600,0.000000,0.011700,0.000000,0.000000,0.000000,0.006000,0.002000,0.003500,0.006900,0.000000
959,5.500360,6.065795,6.019800,2.797900,19053.000000,1302970751.000000,1798536504.000000,286048256.000000,280903680.000000,1995808768.000000,0.956700,69.000000,0.576000,0.034400,0.016900,0.476800,0.011000,0.014200,0.009700,0.000600,0.000300,0.000600,0.005900,0.002400,0.003200,0.005200,0.000000
960,5.505730,5.367900,5.400400,2.126800,19001.000000,1302985455.000000,1798536504.000000,286048256.000000,280915968.000000,1995808768.000000,1.022700,69.000000,0.000800,0.000000,0.000000,0.000000,0.011900,0.000000,0.011100,0.000000,0.000000,0.000000,0.005800,0.002100,0.003500,0.006500,0.000000
961,5.511432,5.679401,5.636900,2.275900,19001.000000,1303006863.000000,1798536504.000000,286048256.000000,280936448.000000,1995808768.000000,0.769600,69.000000,0.000600,0.000000,0.000000,0.000000,0.010800,0.000000,0.011500,0.000000,0.000000,0.000000,0.004900,0.002200,0.002600,0.007800,0.000000
962,5.518040,6.631604,6.615600,2.996000,19001.000000,1303037151.000000,1798536504.000000,286048256.000000,280961024.000000,1995874304.000000,0.900000,69.000000,0.632100,0.041900,0.018000,0.513900,0.011700,0.024200,0.009800,0.000500,0.000200,0.000600,0.005800,0.002500,0.003800,0.005900,0.000000
963,5.523482,5.436501,5.428000,2.267700,19001.000000,1303061511.000000,1798536504.000000,286048256.000000,280985600.000000,1995874304.000000,1.065500,69.000000,0.000900,0.000000,0.000000,0.000000,0.013600,0.000000,0.011500,0.000000,0.000000,0.000000,0.006400,0.002400,0.003400,0.007500,0.000000
964,5.528748,5.279896,5.318600,2.156300,19001.000000,1303167547.000000,1798618424.000000,286048256.000000,281010176.000000,1995939840.000000,0.997800,68.000000,0.001000,0.000000,0.000000,0.000000,0.014500,0.000000,0.013700,0.000000,0.000000,0.000000,0.005400,0.002100,0.003900,0.006800,0.000000
965,5.535048,6.279401,6.228000,2.928000,19001.000000,1303112099.000000,1798536504.000000,286048256.000000,281026560.000000,1995939840.000000,0.956500,69.000000,0.670300,0.038000,0.018700,0.560400,0.011700,0.017700,0.011900,0.000800,0.000300,0.000400,0.005000,0.002500,0.003100,0.006100,0.000000
966,5.540191,5.172003,5.210700,2.119300,19001.000000,1303201423.000000,1798618424.000000,286048256.000000,281047040.000000,1995939840.000000,0.793200,69.000000,0.000700,0.000000,0.000000,0.000000,0.012100,0.000000,0.012000,0.000000,0.000000,0.000000,0.005700,0.002100,0.003100,0.007800,0.000000
967,5.545365,5.171195,5.132400,2.148800,19001.000000,1303222671.000000,1798618424.000000,286048256.000000,281067520.000000,1995939840.000000,0.799700,69.000000,0.000700,0.000000,0.000000,0.000000,0.011300,0.000000,0.011700,0.000000,0.000000,0.000000,0.004700,0.002000,0.003200,0.005600,0.000000
968,5.551273,5.892000,5.907100,2.745100,19001.000000,1303243067.000000,1798618424.000000,286048256.000000,281088000.000000,1996005376.000000,1.031900,69.000000,0.492600,0.033900,0.015600,0.395000,0.010100,0.015300,0.011000,0.000500,0.000300,0.000700,0.004900,0.002500,0.003600,0.005800,0.000000
969,5.556499,5.246202,5.212600,2.312100,19001.000000,1303266979.000000,1798618424.000000,286048256.000000,281108480.000000,1996021760.000000,0.788800,69.000000,0.000600,0.000000,0.000000,0.000000,0.011900,0.000000,0.010800,0.000000,0.000000,0.000000,0.005000,0.002400,0.003900,0.006700,0.000000
970,5.561921,5.410700,5.310200,2.270200,19001.000000,1303295971.000000,1798618424.000000,286048256.000000,281137152.000000,1996087296.000000,0.767900,69.000000,0.000500,0.000000,0.000000,0.000000,0.009800,0.000000,0.010200,0.000000,0.000000,0.000000,0.004900,0.002000,0.003600,0.006000,0.000000
971,5.568809,6.890604,6.926500,3.093800,19137.000000,1303231111.000000,1798536504.000000,286048256.000000,281153536.000000,1996087296.000000,0.840200,69.000000,0.547700,0.042000,0.030100,0.414100,0.010700,0.024200,0.010200,0.000600,0.000300,0.000700,0.005200,0.002700,0.003400,0.006600,0.000000
972,5.574815,5.990200,6.065400,2.266000,19001.000000,1303337995.000000,1798618424.000000,286048256.000000,281178112.000000,1996087296.000000,0.788500,69.000000,0.000800,0.000000,0.000000,0.000000,0.012900,0.000000,0.011900,0.000000,0.000000,0.000000,0.005400,0.001900,0.003600,0.007300,0.000000
973,5.580657,5.859899,5.805100,2.160600,19001.000000,1303272247.000000,1798536504.000000,286048256.000000,281194496.000000,1996087296.000000,0.963400,69.000000,0.000600,0.000000,0.000000,0.000000,0.010000,0.000000,0.011400,0.000000,0.000000,0.000000,0.004700,0.002100,0.003400,0.007000,0.000000
974,5.586930,6.140002,6.173800,2.796600,19001.000000,1303308323.000000,1798536504.000000,286048256.000000,281227264.000000,1996152832.000000,1.046400,69.000000,0.483700,0.033600,0.015100,0.384800,0.010700,0.016500,0.009500,0.000400,0.000300,0.000600,0.005300,0.002300,0.003600,0.005800,0.000000
975,5.592677,5.856399,5.790700,2.266900,19001.000000,1303322403.000000,1798536504.000000,286048256.000000,281243648.000000,1996152832.000000,0.749300,69.000000,0.001000,0.000000,0.000000,0.000000,0.011200,0.000000,0.011100,0.000000,0.000000,0.000000,0.006800,0.001900,0.003400,0.007300,0.000000
976,5.598115,5.455697,5.486800,2.364700,19001.000000,1303341795.000000,1798536504.000000,286048256.000000,281260032.000000,1996152832.000000,0.773000,69.000000,0.000700,0.000000,0.000000,0.000000,0.011200,0.000000,0.010700,0.000000,0.000000,0.000000,0.006000,0.002100,0.003500,0.007000,0.000000
977,5.604071,5.964399,5.934000,2.781600,19001.000000,1303453139.000000,1798618424.000000,286048256.000000,281288704.000000,1996218368.000000,0.808000,69.000000,0.544400,0.038300,0.016300,0.407500,0.011000,0.041300,0.010600,0.000600,0.000300,0.002000,0.006000,0.002200,0.003700,0.005900,0.000000
978,5.609386,5.311905,5.332300,2.148000,19001.000000,1303474795.000000,1798618424.000000,286048256.000000,281309184.000000,1996222464.000000,0.797700,69.000000,0.000600,0.000000,0.000000,0.000000,0.011600,0.000000,0.011000,0.000000,0.000000,0.000000,0.004900,0.002000,0.003400,0.005900,0.000000
979,5.615012,5.602700,5.553200,2.209000,19001.000000,1303495147.000000,1798618424.000000,286048256.000000,281329664.000000,1996222464.000000,0.754800,69.000000,0.000800,0.000000,0.000000,0.000000,0.011300,0.000000,0.011000,0.000000,0.000000,0.000000,0.005800,0.002500,0.003400,0.006800,0.000000
980,5.620988,6.001495,5.991900,2.811900,19001.000000,1303432163.000000,1798536504.000000,286048256.000000,281350144.000000,1996288000.000000,0.883100,69.000000,0.581500,0.036100,0.016000,0.482100,0.011200,0.014700,0.010600,0.000500,0.000300,0.000900,0.007200,0.002400,0.003300,0.005400,0.000000
981,5.626647,5.649901,5.634800,2.284900,19001.000000,1303471755.000000,1798536504.000000,286048256.000000,281374720.000000,1996288000.000000,0.896000,69.000000,0.001000,0.000000,0.000000,0.000000,0.011700,0.000000,0.011600,0.000000,0.000000,0.000000,0.005200,0.002300,0.003400,0.006500,0.000000
982,5.633665,6.991901,7.007500,3.059000,19001.000000,1303475479.000000,1798536504.000000,286048256.000000,281391104.000000,1996288000.000000,0.925200,69.000000,0.534500,0.033900,0.016200,0.432300,0.011600,0.015800,0.013700,0.000500,0.000300,0.000600,0.005900,0.002500,0.003300,0.005700,0.000000
983,5.639688,6.052898,6.025200,2.535900,19001.000000,1303578619.000000,1798618424.000000,286048256.000000,281411584.000000,1996353536.000000,0.964800,69.000000,0.000700,0.000000,0.000000,0.000000,0.013000,0.000000,0.012200,0.000000,0.000000,0.000000,0.005300,0.002200,0.003400,0.008100,0.000000
984,5.646143,6.458404,6.483400,2.767600,19001.000000,1303602637.000000,1798536504.000000,286048256.000000,281436160.000000,1996353536.000000,1.012700,69.000000,0.000700,0.000000,0.000000,0.000000,0.011400,0.000000,0.011500,0.000000,0.000000,0.000000,0.004900,0.002200,0.003400,0.006200,0.000000
985,5.653018,6.841801,6.782000,2.899100,19001.000000,1303545255.000000,1798536504.000000,286048256.000000,281456640.000000,1996353536.000000,0.834100,69.000000,0.522800,0.034900,0.017200,0.419200,0.011500,0.017400,0.012400,0.000500,0.000300,0.000600,0.005300,0.002500,0.003200,0.005400,0.000000
986,5.659173,6.181399,6.221700,2.481500,19001.000000,1303574173.000000,1798536504.000000,286048256.000000,281485312.000000,1996435456.000000,0.940200,69.000000,0.000700,0.000000,0.000000,0.000000,0.013800,0.000000,0.010100,0.000000,0.000000,0.000000,0.005500,0.001900,0.003400,0.007200,0.000000
987,5.667475,7.643701,7.577100,2.936100,19001.000000,1303599495.000000,1798536504.000000,286048256.000000,281509888.000000,1996435456.000000,0.944000,69.000000,0.000800,0.000000,0.000000,0.000000,0.010900,0.000000,0.010400,0.000000,0.000000,0.000000,0.005200,0.002100,0.003400,0.008000,0.000000
988,5.674518,7.671996,7.606300,4.120400,19001.000000,1303612283.000000,1798536504.000000,286048256.000000,281522176.000000,1996435456.000000,0.871700,69.000000,0.825600,0.079800,0.043600,0.585200,0.012100,0.024900,0.010100,0.000600,0.000300,0.000700,0.015500,0.002500,0.003400,0.006700,0.000000
989,5.680382,5.896400,5.946100,2.679600,19001.000000,1303632387.000000,1798536504.000000,286048256.000000,281542656.000000,1996500992.000000,0.837800,69.000000,0.000600,0.000000,0.000000,0.000000,0.015600,0.000000,0.011800,0.000000,0.000000,0.000000,0.005700,0.002200,0.003100,0.006900,0.000000
990,5.686276,5.905201,5.953500,2.929600,19001.000000,1303738403.000000,1798618424.000000,286048256.000000,281563136.000000,1996500992.000000,1.201500,69.000000,0.485200,0.032100,0.014800,0.388000,0.011400,0.018000,0.011100,0.000700,0.000300,0.000400,0.005100,0.002300,0.003400,0.005300,0.000000
991,5.691849,5.544898,5.499000,2.441000,19001.000000,1303761091.000000,1798618424.000000,286048256.000000,281587712.000000,1996500992.000000,1.021100,69.000000,0.000700,0.000000,0.000000,0.000000,0.011900,0.000000,0.010700,0.000000,0.000000,0.000000,0.004800,0.001900,0.003300,0.007100,0.000000
992,5.696883,5.060906,5.077300,2.154600,19001.000000,1303788643.000000,1798618424.000000,286048256.000000,281612288.000000,1996566528.000000,0.825500,69.000000,0.001100,0.000000,0.000000,0.000000,0.010300,0.000000,0.013200,0.000000,0.000000,0.000000,0.005700,0.002500,0.004200,0.007000,0.000000
993,5.702682,5.781094,5.731400,2.747500,19053.000000,1303800875.000000,1798618424.000000,286048256.000000,281624576.000000,1996566528.000000,0.799100,69.000000,0.534500,0.039400,0.016500,0.418300,0.010500,0.024300,0.012200,0.000800,0.000400,0.000700,0.005300,0.002400,0.003400,0.006100,0.000000
994,5.708268,5.592602,5.623200,2.184400,19001.000000,1303736623.000000,1798536504.000000,286048256.000000,281640960.000000,1996566528.000000,0.881800,69.000000,0.000500,0.000000,0.000000,0.000000,0.012200,0.000000,0.011400,0.000000,0.000000,0.000000,0.005800,0.002200,0.003300,0.006400,0.000000
995,5.713382,5.092900,5.000000,2.067200,19001.000000,1303851155.000000,1798618424.000000,286048256.000000,281673728.000000,1996632064.000000,0.765300,69.000000,0.000700,0.000000,0.000000,0.000000,0.011700,0.000000,0.010600,0.000000,0.000000,0.000000,0.005100,0.002000,0.003200,0.006900,0.000000
996,5.719134,5.773002,5.839800,2.676100,19137.000000,1303784363.000000,1798536504.000000,286048256.000000,281690112.000000,1996632064.000000,0.745900,69.000000,0.489400,0.032300,0.017700,0.391100,0.011500,0.016600,0.010900,0.000300,0.000200,0.000600,0.005400,0.002400,0.003800,0.006400,0.000000
997,5.724195,5.067297,5.041600,2.024500,19001.000000,1303900479.000000,1798618424.000000,286048256.000000,281706496.000000,1996632064.000000,0.788700,69.000000,0.000600,0.000000,0.000000,0.000000,0.012100,0.000000,0.010400,0.000000,0.000000,0.000000,0.004900,0.002100,0.003000,0.007000,0.000000
998,5.729289,5.092999,5.089200,2.056800,19001.000000,1303838083.000000,1798536504.000000,286048256.000000,281739264.000000,1996697600.000000,0.760100,69.000000,0.000700,0.000000,0.000000,0.000000,0.011200,0.000000,0.011600,0.000000,0.000000,0.000000,0.004500,0.002500,0.003100,0.007000,0.000000
999,5.735282,5.973505,5.952600,2.730100,19001.000000,1303937243.000000,1798618424.000000,286048256.000000,281755648.000000,1996697600.000000,0.757400,69.000000,0.508300,0.033300,0.016700,0.407000,0.011400,0.017500,0.010900,0.000600,0.000300,0.000600,0.005300,0.002400,0.003300,0.005300,0.000000
1000,5.740283,5.025000,5.060000,2.044400,19001.000000,1303969947.000000,1798618424.000000,286048256.000000,281788416.000000,1996697600.000000,0.731600,69.000000,0.000500,0.000000,0.000000,0.000000,0.012500,0.000000,0.010800,0.000000,0.000000,0.000000,0.005800,0.002100,0.003300,0.007200,0.000000
1001,5.745727,5.433900,5.374900,2.318700,19001.000000,1303915927.000000,1798536504.000000,286048256.000000,281812992.000000,1996763136.000000,0.969400,69.000000,0.000500,0.000000,0.000000,0.000000,0.010400,0.000000,0.010900,0.000000,0.000000,0.000000,0.005000,0.002100,0.003400,0.005500,0.000000
1002,5.751534,5.791695,5.820300,2.786300,19001.000000,1303928851.000000,1798536504.000000,286048256.000000,281825280.000000,1996763136.000000,0.854200,69.000000,0.523500,0.037200,0.015600,0.414600,0.010800,0.019900,0.009900,0.000500,0.000300,0.000600,0.005700,0.002500,0.003200,0.005900,0.000000
1003,5.756797,5.276502,5.226700,2.122800,19001.000000,1303954699.000000,1798536504.000000,286048256.000000,281849856.000000,1996779520.000000,0.769700,69.000000,0.000700,0.000000,0.000000,0.000000,0.012400,0.000000,0.010200,0.000000,0.000000,0.000000,0.005600,0.002100,0.003600,0.005500,0.000000
1004,5.762037,5.246004,5.291700,2.272400,19001.000000,1304057563.000000,1798618424.000000,286048256.000000,281870336.000000,1996845056.000000,1.019600,69.000000,0.000500,0.000000,0.000000,0.000000,0.010900,0.000000,0.011800,0.000000,0.000000,0.000000,0.005900,0.002000,0.003500,0.007500,0.000000
1005,5.768290,6.241794,6.165500,3.035300,19001.000000,1303991303.000000,1798536504.000000,286048256.000000,281886720.000000,1996845056.000000,0.858000,69.000000,0.676200,0.035700,0.017500,0.562500,0.010800,0.024500,0.010300,0.000500,0.000400,0.000700,0.005000,0.002200,0.003100,0.006700,0.000000
1006,5.773970,5.659205,5.700500,2.409600,19001.000000,1304019023.000000,1798536504.000000,286048256.000000,281911296.000000,1996845056.000000,0.790500,69.000000,0.000800,0.000000,0.000000,0.000000,0.013500,0.000000,0.011200,0.000000,0.000000,0.000000,0.005600,0.002300,0.003400,0.006900,0.000000
1007,5.779706,5.771797,5.701700,2.344700,19001.000000,1304041807.000000,1798536504.000000,286048256.000000,281935872.000000,1996910592.000000,0.802400,69.000000,0.000600,0.000000,0.000000,0.000000,0.011900,0.000000,0.011900,0.000000,0.000000,0.000000,0.006200,0.002300,0.003400,0.006600,0.000000
1008,5.785656,5.938705,5.986000,2.790300,19001.000000,1304065983.000000,1798536504.000000,286048256.000000,281952256.000000,1996910592.000000,0.817000,69.000000,0.622100,0.044200,0.018500,0.496900,0.011600,0.025500,0.010500,0.000600,0.000300,0.000800,0.005400,0.002400,0.003300,0.006900,0.000000
1009,5.790988,5.305095,5.271800,2.135800,19001.000000,1304173603.000000,1798618424.000000,286048256.000000,281976832.000000,1996910592.000000,0.896200,69.000000,0.000700,0.000000,0.000000,0.000000,0.012000,0.000000,0.011300,0.000000,0.000000,0.000000,0.006200,0.002100,0.003600,0.007300,0.000000
1010,5.796603,5.646301,5.661700,2.273500,19001.000000,1304191187.000000,1798618424.000000,286048256.000000,281993216.000000,1996980224.000000,0.878900,69.000000,0.000500,0.000000,0.000000,0.000000,0.013400,0.000000,0.011400,0.000000,0.000000,0.000000,0.004900,0.002400,0.003900,0.006200,0.000000
1011,5.802725,6.110204,6.067500,2.915300,19001.000000,1304211591.000000,1798618424.000000,286048256.000000,282017792.000000,1996980224.000000,0.835500,69.000000,0.696300,0.039300,0.017400,0.579800,0.011600,0.024900,0.011400,0.000400,0.000400,0.000700,0.004900,0.002600,0.003600,0.006800,0.000000
1012,5.808173,5.446996,5.470200,2.240200,19001.000000,1304149083.000000,1798536504.000000,286048256.000000,282038272.000000,1996980224.000000,0.847400,69.000000,0.000500,0.000000,0.000000,0.000000,0.012900,0.000000,0.012100,0.000000,0.000000,0.000000,0.005200,0.002600,0.003800,0.006500,0.000000
1013,5.813676,5.481299,5.409900,2.170900,19001.000000,1304188651.000000,1798536504.000000,286048256.000000,282062848.000000,1997045760.000000,0.964100,69.000000,0.000800,0.000000,0.000000,0.000000,0.012200,0.000000,0.011500,0.000000,0.000000,0.000000,0.005500,0.002400,0.003100,0.006800,0.000000
1014,5.819875,6.230499,6.284900,2.899600,19001.000000,1304199655.000000,1798536504.000000,286048256.000000,282087424.000000,1997045760.000000,0.837900,69.000000,0.681900,0.038200,0.016000,0.563600,0.011600,0.027200,0.011600,0.000600,0.000300,0.000800,0.006500,0.002400,0.003100,0.006600,0.000000
1015,5.825206,5.340200,5.308900,2.180500,19001.000000,1304298979.000000,1798618424.000000,286048256.000000,282103808.000000,1997045760.000000,0.823400,69.000000,0.000800,0.000000,0.000000,0.000000,0.012500,0.000000,0.010400,0.000000,0.000000,0.000000,0.005400,0.001800,0.003600,0.005800,0.000000
1016,5.830663,5.437500,5.427700,2.179400,19001.000000,1304237327.000000,1798536504.000000,286048256.000000,282124288.000000,1997111296.000000,0.808500,69.000000,0.000400,0.000000,0.000000,0.000000,0.011000,0.000000,0.011400,0.000000,0.000000,0.000000,0.004700,0.002000,0.003100,0.007000,0.000000
1017,5.836523,5.882504,5.870100,2.739000,19001.000000,1304261143.000000,1798536504.000000,286048256.000000,282144768.000000,1997111296.000000,0.878600,69.000000,0.518800,0.033000,0.015300,0.419300,0.011400,0.016600,0.010600,0.000600,0.000200,0.000700,0.006400,0.002400,0.003700,0.005600,0.000000
1018,5.841741,5.213896,5.253800,2.208200,19001.000000,1304355819.000000,1798618424.000000,286048256.000000,282157056.000000,1997176832.000000,0.822400,69.000000,0.000700,0.000000,0.000000,0.000000,0.011600,0.000000,0.009800,0.000000,0.000000,0.000000,0.005700,0.002100,0.003600,0.007300,0.000000
1019,5.847111,5.354500,5.296400,2.236600,19001.000000,1304311759.000000,1798536504.000000,286048256.000000,282193920.000000,1997242368.000000,0.844700,69.000000,0.000700,0.000000,0.000000,0.000000,0.010500,0.000000,0.012100,0.000000,0.000000,0.000000,0.004500,0.002300,0.003200,0.006200,0.000000
1020,5.853062,5.919005,5.940800,2.782600,19001.000000,1304411055.000000,1798618424.000000,286048256.000000,282210304.000000,1997258752.000000,0.814500,69.000000,0.522900,0.035800,0.027800,0.406100,0.011200,0.017900,0.012400,0.000500,0.000300,0.000600,0.006000,0.002700,0.003900,0.005500,0.000000
1021,5.858581,5.557398,5.517300,2.295300,19001.000000,1304422991.000000,1798618424.000000,286048256.000000,282222592.000000,1997258752.000000,0.803700,69.000000,0.000700,0.000000,0.000000,0.000000,0.013200,0.000000,0.023400,0.000000,0.000000,0.000000,0.005400,0.002200,0.003400,0.006500,0.000000
1022,5.864861,6.274298,6.233200,2.384100,19001.000000,1304380835.000000,1798536504.000000,286048256.000000,282259456.000000,1997324288.000000,1.063700,69.000000,0.000500,0.000000,0.000000,0.000000,0.011300,0.000000,0.011200,0.000000,0.000000,0.000000,0.004600,0.002300,0.003500,0.007400,0.000000
1023,5.871405,6.541801,6.567000,3.080700,19137.000000,1304403903.000000,1798536504.000000,286048256.000000,282284032.000000,1997324288.000000,0.857600,69.000000,0.523900,0.035000,0.016100,0.421300,0.011800,0.017300,0.010600,0.000400,0.000300,0.000700,0.005600,0.002700,0.003500,0.005500,0.000000
1024,5.876520,5.142099,5.181800,2.207200,19001.000000,1304500883.000000,1798618424.000000,286048256.000000,282296320.000000,1997324288.000000,0.780900,69.000000,0.000600,0.000000,0.000000,0.000000,0.011600,0.000000,0.018500,0.000000,0.000000,0.000000,0.005400,0.002000,0.003300,0.007000,0.000000
1025,5.882596,6.055704,5.964400,2.974600,19001.000000,1304439739.000000,1798536504.000000,286048256.000000,282316800.000000,1997389824.000000,0.846900,69.000000,0.619100,0.035800,0.015500,0.505900,0.010200,0.023700,0.010400,0.000600,0.000300,0.000700,0.004400,0.002500,0.003800,0.006500,0.000000
1026,5.888017,5.429294,5.493700,2.444100,19001.000000,1304547671.000000,1798618424.000000,286048256.000000,282341376.000000,1997389824.000000,1.077400,69.000000,0.000700,0.000000,0.000000,0.000000,0.012600,0.000000,0.011400,0.000000,0.000000,0.000000,0.005600,0.002300,0.004000,0.006800,0.000000
1027,5.893663,5.622803,5.575700,2.213600,19001.000000,1304563951.000000,1798618424.000000,286048256.000000,282357760.000000,1997389824.000000,0.779900,69.000000,0.000800,0.000000,0.000000,0.000000,0.011900,0.000000,0.015500,0.000000,0.000000,0.000000,0.004500,0.002000,0.003400,0.006400,0.000000
1028,5.899473,5.802700,5.814400,2.740700,19001.000000,1304513695.000000,1798536504.000000,286048256.000000,282390528.000000,1997455360.000000,0.780800,69.000000,0.581900,0.076500,0.018100,0.406600,0.011500,0.039600,0.010600,0.000400,0.000300,0.001900,0.004800,0.002500,0.003200,0.006300,0.000000
1029,5.904526,5.075702,5.041500,2.017500,19053.000000,1304631403.000000,1798618424.000000,286048256.000000,282411008.000000,1997455360.000000,0.765000,69.000000,0.000600,0.000000,0.000000,0.000000,0.014900,0.000000,0.010700,0.000000,0.000000,0.000000,0.005200,0.001900,0.003300,0.006400,0.000000
1030,5.910240,5.703897,5.743400,2.341400,19001.000000,1304556791.000000,1798536504.000000,286048256.000000,282431488.000000,1997455360.000000,0.792400,69.000000,0.000500,0.000000,0.000000,0.000000,0.010200,0.000000,0.013600,0.000000,0.000000,0.000000,0.004800,0.002600,0.003500,0.006200,0.000000
1031,5.915807,5.589902,5.542000,2.631900,19001.000000,1304577871.000000,1798536504.000000,286048256.000000,282451968.000000,1997520896.000000,0.757500,69.000000,0.518000,0.033000,0.015100,0.404900,0.011000,0.024700,0.011100,0.000600,0.000200,0.000700,0.005900,0.002500,0.003200,0.005800,0.000000
1032,5.920706,4.904797,4.939400,2.022600,19001.000000,1304676283.000000,1798618424.000000,286048256.000000,282468352.000000,1997520896.000000,0.728700,69.000000,0.000500,0.000000,0.000000,0.000000,0.011000,0.000000,0.009700,0.000000,0.000000,0.000000,0.005000,0.002000,0.003600,0.006500,0.000000
1033,5.926133,5.419104,5.372600,2.303600,19001.000000,1304704331.000000,1798618424.000000,286048256.000000,282492928.000000,1997520896.000000,0.912500,69.000000,0.000800,0.000000,0.000000,0.000000,0.010500,0.000000,0.012100,0.000000,0.000000,0.000000,0.004900,0.002000,0.003300,0.006500,0.000000
1034,5.931189,5.040696,5.074200,2.133000,19001.000000,1304729243.000000,1798618424.000000,286048256.000000,282517504.000000,1997529088.000000,0.785200,69.000000,0.000700,0.000000,0.000000,0.000000,0.011200,0.000000,0.011200,0.000000,0.000000,0.000000,0.005400,0.002300,0.003300,0.007000,0.000000
1035,5.937275,6.090398,5.994000,3.040800,19001.000000,1304750487.000000,1798618424.000000,286048256.000000,282537984.000000,1997549568.000000,0.807100,69.000000,0.832900,0.033500,0.016100,0.723300,0.010100,0.023100,0.010800,0.000400,0.000400,0.000700,0.005000,0.002500,0.003300,0.006300,0.000000
1036,5.942642,5.350206,5.404400,2.205500,19001.000000,1304771263.000000,1798618424.000000,286048256.000000,282558464.000000,1997570048.000000,0.822100,69.000000,0.000600,0.000000,0.000000,0.000000,0.013900,0.000000,0.011200,0.000000,0.000000,0.000000,0.005700,0.002700,0.002900,0.007300,0.000000
1037,5.948259,5.637195,5.593000,2.218200,19001.000000,1304713611.000000,1798536504.000000,286048256.000000,282583040.000000,1997668352.000000,0.743400,69.000000,0.000600,0.000000,0.000000,0.000000,0.012300,0.000000,0.011100,0.000000,0.000000,0.000000,0.005300,0.002700,0.003300,0.007000,0.000000
1038,5.954175,5.893204,5.922000,2.747900,19001.000000,1304725271.000000,1798536504.000000,286048256.000000,282591232.000000,1997668352.000000,0.773100,69.000000,0.554500,0.032200,0.016800,0.446900,0.011900,0.023200,0.010700,0.000500,0.000200,0.000700,0.005800,0.002200,0.003500,0.006100,0.000000
1039,5.959623,5.483695,5.456000,2.254300,19001.000000,1304830107.000000,1798618424.000000,286048256.000000,282615808.000000,1997668352.000000,0.822100,69.000000,0.000600,0.000000,0.000000,0.000000,0.012000,0.000000,0.010900,0.000000,0.000000,0.000000,0.005500,0.001900,0.003700,0.006200,0.000000
1040,5.965265,5.632604,5.643200,2.189700,19001.000000,1304779735.000000,1798536504.000000,286048256.000000,282644480.000000,1997733888.000000,0.813600,69.000000,0.000800,0.000000,0.000000,0.000000,0.010400,0.000000,0.013000,0.000000,0.000000,0.000000,0.005300,0.002100,0.003000,0.006500,0.000000
1041,5.971346,6.055201,6.018500,2.884500,19001.000000,1304861971.000000,1798602040.000000,286048256.000000,282660864.000000,1997733888.000000,1.040300,69.000000,0.593000,0.040800,0.016200,0.469700,0.011500,0.035200,0.011300,0.000400,0.000200,0.000800,0.005800,0.002500,0.003400,0.006200,0.000000
1042,5.976774,5.456300,5.476400,2.345600,19001.000000,1304818079.000000,1798536504.000000,286048256.000000,282681344.000000,1997737984.000000,0.759900,69.000000,0.000800,0.000000,0.000000,0.000000,0.012200,0.000000,0.010800,0.000000,0.000000,0.000000,0.005500,0.001800,0.003300,0.007200,0.000000
1043,5.983090,6.285296,6.229400,2.827000,19001.000000,1304924535.000000,1798618424.000000,286048256.000000,282705920.000000,1997737984.000000,0.920200,69.000000,0.507300,0.035100,0.016000,0.404800,0.010800,0.015700,0.011500,0.000500,0.000300,0.000500,0.005200,0.002500,0.003400,0.005200,0.000000
1044,5.989006,5.938400,5.945100,2.442200,19001.000000,1304861827.000000,1798536504.000000,286048256.000000,282726400.000000,1997803520.000000,0.836800,69.000000,0.000500,0.000000,0.000000,0.000000,0.014000,0.000000,0.013400,0.000000,0.000000,0.000000,0.005100,0.002100,0.003200,0.006700,0.000000
1045,5.994639,5.614803,5.601500,2.160700,19001.000000,1304906123.000000,1798536504.000000,286048256.000000,282755072.000000,1997803520.000000,0.814900,69.000000,0.000600,0.000000,0.000000,0.000000,0.011300,0.000000,0.022700,0.000000,0.000000,0.000000,0.006100,0.002200,0.003100,0.006900,0.000000
1046,6.000648,6.033298,6.064900,2.926900,19001.000000,1304909375.000000,1798536504.000000,286048256.000000,282771456.000000,1997803520.000000,0.985200,69.000000,0.582600,0.035300,0.016500,0.466600,0.011300,0.025300,0.011100,0.000600,0.000400,0.000700,0.005500,0.002400,0.004000,0.006700,0.000000
1047,6.005854,5.215398,5.175400,2.168500,19001.000000,1305020843.000000,1798618424.000000,286048256.000000,282800128.000000,1997869056.000000,0.960200,69.000000,0.000800,0.000000,0.000000,0.000000,0.012200,0.000000,0.010900,0.000000,0.000000,0.000000,0.005200,0.002100,0.003700,0.007300,0.000000
1048,6.010952,5.073307,5.100700,2.089400,19001.000000,1304955199.000000,1798536504.000000,286048256.000000,282816512.000000,1997869056.000000,0.781100,69.000000,0.000700,0.000000,0.000000,0.000000,0.010400,0.000000,0.010500,0.000000,0.000000,0.000000,0.004600,0.002100,0.003100,0.006700,0.000000
1049,6.016959,6.011395,5.899000,2.826100,19001.000000,1304975563.000000,1798536504.000000,286048256.000000,282832896.000000,1997869056.000000,0.771200,69.000000,0.514700,0.034800,0.016100,0.411800,0.011000,0.019100,0.011600,0.000500,0.000200,0.000500,0.005100,0.002400,0.003600,0.005400,0.000000
1050,6.022082,5.122506,5.217700,2.165800,19137.000000,1305000347.000000,1798536504.000000,286048256.000000,282857472.000000,1997934592.000000,0.824900,69.000000,0.001000,0.000000,0.000000,0.000000,0.012200,0.000000,0.010700,0.000000,0.000000,0.000000,0.005700,0.002200,0.004000,0.007800,0.000000
1051,6.027264,5.195996,5.148600,2.178300,19001.000000,1305108055.000000,1798618424.000000,286048256.000000,282882048.000000,1997934592.000000,1.035800,69.000000,0.000600,0.000000,0.000000,0.000000,0.011100,0.000000,0.011200,0.000000,0.000000,0.000000,0.005300,0.002100,0.003500,0.006000,0.000000
1052,6.033414,6.123597,6.147300,2.965900,19001.000000,1305128419.000000,1798618424.000000,286048256.000000,282902528.000000,1997934592.000000,1.083200,68.000000,0.596500,0.038800,0.028300,0.471600,0.011000,0.022700,0.014500,0.000400,0.000300,0.000700,0.004900,0.002200,0.003200,0.006400,0.000000
1053,6.038712,5.311707,5.256100,2.142100,19001.000000,1305062599.000000,1798536504.000000,286048256.000000,282918912.000000,1998000128.000000,1.016100,69.000000,0.000500,0.000000,0.000000,0.000000,0.012400,0.000000,0.011300,0.000000,0.000000,0.000000,0.005700,0.002300,0.002400,0.006200,0.000000
1054,6.043975,5.277997,5.286300,2.074400,19001.000000,1305086223.000000,1798536504.000000,286048256.000000,282939392.000000,1998016512.000000,0.775800,69.000000,0.000600,0.000000,0.000000,0.000000,0.011600,0.000000,0.011100,0.000000,0.000000,0.000000,0.005700,0.002100,0.003300,0.007100,0.000000
1055,6.049977,5.974298,5.964300,2.792900,19001.000000,1305203795.000000,1798618424.000000,286048256.000000,282972160.000000,1998082048.000000,0.787300,69.000000,0.546500,0.042800,0.018100,0.421600,0.011300,0.027100,0.010000,0.000500,0.000200,0.001000,0.004900,0.002500,0.003400,0.005900,0.000000
1056,6.055388,5.435204,5.461400,2.277600,19001.000000,1305144639.000000,1798536504.000000,286048256.000000,282992640.000000,1998082048.000000,0.775300,69.000000,0.000500,0.000000,0.000000,0.000000,0.012300,0.000000,0.011100,0.000000,0.000000,0.000000,0.005400,0.002900,0.003400,0.006800,0.000000
1057,6.060558,5.166497,5.111400,2.072200,19001.000000,1305157839.000000,1798536504.000000,286048256.000000,283004928.000000,1998082048.000000,0.769600,69.000000,0.000700,0.000000,0.000000,0.000000,0.011900,0.000000,0.010700,0.000000,0.000000,0.000000,0.005300,0.002000,0.003600,0.007200,0.000000
1058,6.066679,6.135502,6.177000,3.078600,19001.000000,1305278159.000000,1798618424.000000,286048256.000000,283045888.000000,1998147584.000000,0.801200,69.000000,0.732800,0.045400,0.015600,0.620600,0.011100,0.022500,0.011900,0.000500,0.000200,0.000700,0.005800,0.001800,0.003200,0.005700,0.000000
1059,6.072323,5.602997,5.522900,2.403600,19001.000000,1305207827.000000,1798536504.000000,286048256.000000,283058176.000000,1998147584.000000,0.837900,69.000000,0.000600,0.000000,0.000000,0.000000,0.011300,0.000000,0.012300,0.000000,0.000000,0.000000,0.004700,0.002100,0.002800,0.006800,0.000000
1060,6.077967,5.667000,5.686700,2.324200,19001.000000,1305223291.000000,1798536504.000000,286048256.000000,283074560.000000,1998147584.000000,0.824700,69.000000,0.000800,0.000000,0.000000,0.000000,0.011700,0.000000,0.010600,0.000000,0.000000,0.000000,0.005900,0.001900,0.003900,0.006800,0.000000
1061,6.084199,6.236303,6.192600,2.886400,19001.000000,1305267135.000000,1798536504.000000,286048256.000000,283103232.000000,1998213120.000000,0.836100,69.000000,0.511600,0.036200,0.016500,0.404000,0.011800,0.018800,0.010300,0.000500,0.000300,0.000500,0.005800,0.002300,0.003400,0.006000,0.000000
1062,6.089404,5.191497,5.248600,2.174400,19001.000000,1305274647.000000,1798536504.000000,286048256.000000,283123712.000000,1998213120.000000,0.799500,69.000000,0.000700,0.000000,0.000000,0.000000,0.011700,0.000000,0.012600,0.000000,0.000000,0.000000,0.005300,0.001900,0.003100,0.007400,0.000000
1063,6.094849,5.450999,5.395000,2.229100,19001.000000,1305378035.000000,1798618424.000000,286048256.000000,283144192.000000,1998213120.000000,0.892500,69.000000,0.000900,0.000000,0.000000,0.000000,0.012800,0.000000,0.011000,0.000000,0.000000,0.000000,0.005100,0.002000,0.003800,0.005600,0.000000
1064,6.101291,6.445805,6.470700,3.142600,19001.000000,1305316415.000000,1798536504.000000,286048256.000000,283164672.000000,1998213120.000000,0.918900,69.000000,0.502600,0.032100,0.016200,0.404600,0.010500,0.016900,0.010500,0.000500,0.000200,0.000700,0.005300,0.002400,0.003400,0.006100,0.000000
1065,6.106759,5.478295,5.447300,2.358400,19053.000000,1305344335.000000,1798536504.000000,286048256.000000,283189248.000000,1998278656.000000,0.850500,69.000000,0.000800,0.000000,0.000000,0.000000,0.012200,0.000000,0.012300,0.000000,0.000000,0.000000,0.005400,0.002100,0.003600,0.007500,0.000000
1066,6.112277,5.481200,5.506500,2.296900,19001.000000,1305439011.000000,1798618424.000000,286048256.000000,283201536.000000,1998278656.000000,0.904200,69.000000,0.000700,0.000000,0.000000,0.000000,0.010600,0.000000,0.011100,0.000000,0.000000,0.000000,0.005200,0.002000,0.003000,0.007500,0.000000
1067,6.118405,6.147902,6.102900,2.891000,19001.000000,1305472587.000000,1798618424.000000,286048256.000000,283234304.000000,1998344192.000000,0.835600,69.000000,0.566600,0.039500,0.017500,0.444800,0.010700,0.025300,0.010600,0.000500,0.000300,0.000700,0.005600,0.002500,0.003700,0.006900,0.000000
1068,6.123668,5.260700,5.270800,2.164800,19001.000000,1305411627.000000,1798536504.000000,286048256.000000,283254784.000000,1998344192.000000,0.861700,69.000000,0.000800,0.000000,0.000000,0.000000,0.013100,0.000000,0.013300,0.000000,0.000000,0.000000,0.005100,0.002200,0.003600,0.007000,0.000000
1069,6.128909,5.255201,5.236000,2.173100,19001.000000,1305509471.000000,1798618424.000000,286048256.000000,283271168.000000,1998344192.000000,0.843600,69.000000,0.000900,0.000000,0.000000,0.000000,0.012200,0.000000,0.011800,0.000000,0.000000,0.000000,0.005600,0.002200,0.003700,0.008000,0.000000
1070,6.134967,6.044501,6.064300,2.871200,19001.000000,1305533347.000000,1798618424.000000,286048256.000000,283291648.000000,1998344192.000000,0.834800,69.000000,0.643800,0.042300,0.017800,0.526700,0.010500,0.023000,0.010300,0.000400,0.000300,0.000800,0.004600,0.002300,0.003800,0.006100,0.000000
1071,6.141045,5.984297,5.735500,2.155600,19001.000000,1305478023.000000,1798536504.000000,286048256.000000,283320320.000000,1998426112.000000,0.958600,69.000000,0.000600,0.000000,0.000000,0.000000,0.011800,0.000000,0.011200,0.000000,0.000000,0.000000,0.004900,0.002000,0.003300,0.006900,0.000000
1072,6.149273,8.290299,8.391600,3.339800,19001.000000,1305431201.000000,1798470968.000000,286048256.000000,283336704.000000,1998426112.000000,0.771300,69.000000,0.000500,0.000000,0.000000,0.000000,0.018400,0.000000,0.013700,0.000000,0.000000,0.000000,0.006400,0.002400,0.004000,0.009100,0.000000
1073,6.157475,8.108000,8.057700,3.570500,19001.000000,1305525699.000000,1798536504.000000,286048256.000000,283365376.000000,1998491648.000000,0.809800,69.000000,0.702500,0.042400,0.020400,0.573500,0.014800,0.025700,0.013100,0.000400,0.000400,0.000800,0.006400,0.002600,0.004000,0.009300,0.000000
1074,6.164272,6.888102,6.979700,2.957800,19001.000000,1305539459.000000,1798536504.000000,286048256.000000,283377664.000000,1998495744.000000,0.938200,69.000000,0.000900,0.000000,0.000000,0.000000,0.021300,0.000000,0.012500,0.000000,0.000000,0.000000,0.007800,0.002800,0.004300,0.009700,0.000000
1075,6.172729,8.426899,8.302300,3.714500,19001.000000,1305559335.000000,1798536504.000000,286048256.000000,283398144.000000,1998495744.000000,1.245300,69.000000,0.621600,0.037500,0.020500,0.492900,0.016200,0.028700,0.013800,0.000500,0.000300,0.000900,0.006200,0.002700,0.003800,0.008300,0.000000
1076,6.179930,7.187103,7.266700,2.873000,19137.000000,1305587407.000000,1798536504.000000,286048256.000000,283426816.000000,1998495744.000000,1.217900,69.000000,0.000600,0.000000,0.000000,0.000000,0.015900,0.000000,0.019200,0.000000,0.000000,0.000000,0.006700,0.002300,0.004800,0.008000,0.000000
1077,6.188318,8.400694,8.329400,3.821700,19001.000000,1305615303.000000,1798536504.000000,286048256.000000,283439104.000000,1998561280.000000,0.995300,69.000000,0.707800,0.047100,0.022600,0.561500,0.016900,0.026700,0.013500,0.000600,0.000300,0.000800,0.006900,0.002600,0.004200,0.009300,0.000000
1078,6.194995,6.716206,6.816100,2.938200,19001.000000,1305622655.000000,1798536504.000000,286048256.000000,283459584.000000,1998561280.000000,1.189600,69.000000,0.000700,0.000000,0.000000,0.000000,0.017800,0.000000,0.016000,0.000000,0.000000,0.000000,0.006600,0.002800,0.004400,0.009800,0.000000
1079,6.202095,7.120196,7.056000,3.594900,19001.000000,1305651515.000000,1798536504.000000,286048256.000000,283488256.000000,1998561280.000000,1.146200,69.000000,1.031100,0.037500,0.018100,0.884500,0.011600,0.030100,0.011600,0.000500,0.000500,0.000800,0.005900,0.002500,0.003600,0.006500,0.000000
1080,6.207783,5.691100,5.738700,2.391300,19001.000000,1305671971.000000,1798536504.000000,286048256.000000,283508736.000000,1998626816.000000,1.278200,69.000000,0.000800,0.000000,0.000000,0.000000,0.013100,0.000000,0.023900,0.000000,0.000000,0.000000,0.006200,0.002000,0.003500,0.008000,0.000000
1081,6.213988,6.175404,6.142800,2.653300,19001.000000,1305778063.000000,1798618424.000000,286048256.000000,283529216.000000,1998626816.000000,0.976000,69.000000,0.000800,0.000000,0.000000,0.000000,0.012200,0.000000,0.013200,0.000000,0.000000,0.000000,0.006000,0.002400,0.003800,0.007800,0.000000
1082,6.220570,6.609099,6.631800,2.913100,19001.000000,1305721271.000000,1798536504.000000,286048256.000000,283553792.000000,1998626816.000000,0.892400,69.000000,0.554300,0.035600,0.018500,0.442300,0.011100,0.021100,0.011100,0.000700,0.000300,0.000500,0.005300,0.002300,0.003600,0.005800,0.000000
1083,6.226395,5.836798,5.789900,2.385200,19001.000000,1305742607.000000,1798536504.000000,286048256.000000,283574272.000000,1998692352.000000,0.829800,69.000000,0.000700,0.000000,0.000000,0.000000,0.012500,0.000000,0.011400,0.000000,0.000000,0.000000,0.006000,0.002000,0.003600,0.006700,0.000000
1084,6.232480,6.051098,6.024200,2.827300,19001.000000,1305853179.000000,1798618424.000000,286048256.000000,283602944.000000,1998692352.000000,0.998100,69.000000,0.567000,0.034200,0.017100,0.452600,0.011500,0.025500,0.010400,0.000500,0.000200,0.000700,0.005700,0.002400,0.003700,0.006600,0.000000
1085,6.238524,6.066503,6.069200,2.459900,19001.000000,1305791415.000000,1798536504.000000,286048256.000000,283623424.000000,1998692352.000000,0.958600,69.000000,0.000700,0.000000,0.000000,0.000000,0.013600,0.000000,0.012300,0.000000,0.000000,0.000000,0.005500,0.002400,0.003100,0.006800,0.000000
1086,6.244422,5.911898,5.946300,2.396300,19001.000000,1305819503.000000,1798536504.000000,286048256.000000,283648000.000000,1998757888.000000,0.973900,69.000000,0.000700,0.000000,0.000000,0.000000,0.011600,0.000000,0.012300,0.000000,0.000000,0.000000,0.005900,0.002300,0.003600,0.007600,0.000000
1087,6.250482,6.038804,6.001400,2.793000,19001.000000,1305919879.000000,1798618424.000000,286048256.000000,283668480.000000,1998757888.000000,0.817100,69.000000,0.575900,0.036100,0.016900,0.473800,0.011400,0.016600,0.011400,0.000600,0.000400,0.000500,0.005500,0.002400,0.003700,0.005400,0.000000
1088,6.255820,5.375397,5.381500,2.284600,19001.000000,1305856715.000000,1798536504.000000,286048256.000000,283684864.000000,1998774272.000000,0.959400,69.000000,0.000700,0.000000,0.000000,0.000000,0.012700,0.000000,0.011900,0.000000,0.000000,0.000000,0.005100,0.002100,0.003400,0.006800,0.000000
1089,6.261088,5.258603,5.232600,2.174600,19001.000000,1305890387.000000,1798536504.000000,286048256.000000,283717632.000000,1998839808.000000,0.785300,69.000000,0.000600,0.000000,0.000000,0.000000,0.010700,0.000000,0.011400,0.000000,0.000000,0.000000,0.005000,0.002000,0.003300,0.007200,0.000000
1090,6.266904,5.813896,5.848400,2.737700,19001.000000,1305903471.000000,1798536504.000000,286048256.000000,283729920.000000,1998839808.000000,0.868000,69.000000,0.504800,0.031000,0.016100,0.407500,0.010900,0.015100,0.010600,0.000400,0.000300,0.000500,0.005400,0.002500,0.003300,0.005700,0.000000
1091,6.272039,5.125900,5.092300,2.211100,19001.000000,1306006203.000000,1798618424.000000,286048256.000000,283750400.000000,1998839808.000000,0.861100,69.000000,0.000700,0.000000,0.000000,0.000000,0.012000,0.000000,0.011900,0.000000,0.000000,0.000000,0.006200,0.002100,0.003600,0.007000,0.000000
1092,6.277175,5.144501,5.164600,2.220700,19001.000000,1306021499.000000,1798618424.000000,286048256.000000,283766784.000000,1998905344.000000,0.810800,69.000000,0.000600,0.000000,0.000000,0.000000,0.010100,0.000000,0.011100,0.000000,0.000000,0.000000,0.004900,0.002100,0.003300,0.007400,0.000000
1093,6.283010,5.821500,5.758100,2.721800,19001.000000,1306061415.000000,1798618424.000000,286048256.000000,283791360.000000,1998905344.000000,0.773000,69.000000,0.494800,0.034000,0.017400,0.392000,0.010600,0.017100,0.010400,0.000500,0.000300,0.000400,0.004400,0.002600,0.002900,0.006400,0.000000
1094,6.288160,5.161501,5.190100,2.191600,19001.000000,1305994819.000000,1798536504.000000,286048256.000000,283820032.000000,1998905344.000000,0.767700,69.000000,0.000400,0.000000,0.000000,0.000000,0.013500,0.000000,0.221100,0.000000,0.000000,0.000000,0.005800,0.002200,0.002900,0.006500,0.000000
1095,6.293394,5.189902,5.151900,2.069200,19001.000000,1306098439.000000,1798618424.000000,286048256.000000,283840512.000000,1998974976.000000,0.777500,69.000000,0.000700,0.000000,0.000000,0.000000,0.011000,0.000000,0.013900,0.000000,0.000000,0.000000,0.005100,0.002100,0.003600,0.007200,0.000000
1096,6.299339,5.992800,6.021500,2.836000,19001.000000,1306032879.000000,1798536504.000000,286048256.000000,283856896.000000,1998974976.000000,0.749600,69.000000,0.624500,0.043200,0.018800,0.495200,0.011700,0.026600,0.010600,0.000600,0.000300,0.000700,0.005500,0.002000,0.003600,0.006600,0.000000
1097,6.304262,4.929294,4.888900,1.938000,19001.000000,1306147079.000000,1798618424.000000,286048256.000000,283885568.000000,1998974976.000000,0.746400,69.000000,0.000700,0.000000,0.000000,0.000000,0.012300,0.000000,0.010700,0.000000,0.000000,0.000000,0.005000,0.002100,0.003400,0.007300,0.000000
1098,6.309453,5.192900,5.201700,1.969600,19053.000000,1306077591.000000,1798536504.000000,286048256.000000,283897856.000000,1999040512.000000,0.734000,69.000000,0.000700,0.000000,0.000000,0.000000,0.010500,0.000000,0.010500,0.000000,0.000000,0.000000,0.004800,0.002100,0.003500,0.007100,0.000000
1099,6.314925,5.434006,5.408300,2.180600,19001.000000,1306180835.000000,1798618424.000000,286048256.000000,283918336.000000,1999040512.000000,0.765800,69.000000,0.000700,0.000000,0.000000,0.000000,0.010600,0.000000,0.011000,0.000000,0.000000,0.000000,0.005200,0.002600,0.003800,0.006900,0.000000
1100,6.320915,6.023200,6.055600,2.943500,19001.000000,1306214139.000000,1798618424.000000,286048256.000000,283947008.000000,1999040512.000000,0.719200,69.000000,0.703000,0.057100,0.019900,0.558000,0.011500,0.030600,0.010300,0.000400,0.000300,0.000800,0.005300,0.002600,0.003400,0.006400,0.000000
1101,6.326264,5.346995,5.186900,2.123800,19001.000000,1306148063.000000,1798536504.000000,286048256.000000,283963392.000000,1999106048.000000,0.712500,69.000000,0.000600,0.000000,0.000000,0.000000,0.011400,0.000000,0.011500,0.000000,0.000000,0.000000,0.004700,0.002000,0.003400,0.007400,0.000000
1102,6.331747,5.465802,5.607900,2.427300,19137.000000,1306249851.000000,1798618424.000000,286048256.000000,283979776.000000,1999106048.000000,0.866500,69.000000,0.000700,0.000000,0.000000,0.000000,0.010600,0.000000,0.011200,0.000000,0.000000,0.000000,0.005100,0.002100,0.003800,0.007100,0.000000
1103,6.337712,5.982901,5.926700,2.941000,19001.000000,1306276231.000000,1798618424.000000,286048256.000000,284012544.000000,1999106048.000000,0.828300,69.000000,0.716800,0.036800,0.016000,0.597700,0.010300,0.026300,0.011000,0.000500,0.000200,0.000900,0.005100,0.002300,0.003100,0.006300,0.000000
1104,6.343361,5.611501,5.615500,2.197700,19001.000000,1306213147.000000,1798536504.000000,286048256.000000,284028928.000000,1999171584.000000,1.047900,69.000000,0.000600,0.000000,0.000000,0.000000,0.012000,0.000000,0.011800,0.000000,0.000000,0.000000,0.005000,0.002400,0.003200,0.006600,0.000000
1105,6.349387,6.056597,6.030400,2.724200,19001.000000,1306226335.000000,1798536504.000000,286048256.000000,284041216.000000,1999187968.000000,0.815500,69.000000,0.542000,0.034400,0.016700,0.427100,0.014800,0.027200,0.011200,0.000500,0.000200,0.000700,0.006000,0.002500,0.003300,0.006100,0.000000
1106,6.354503,5.104401,5.146700,2.111900,19001.000000,1306346643.000000,1798618424.000000,286048256.000000,284078080.000000,1999192064.000000,0.754600,69.000000,0.000600,0.000000,0.000000,0.000000,0.012200,0.000000,0.010500,0.000000,0.000000,0.000000,0.005700,0.002200,0.003600,0.007100,0.000000
1107,6.359971,5.487897,5.403100,2.187500,19001.000000,1306289143.000000,1798536504.000000,286048256.000000,284102656.000000,1999257600.000000,0.773900,69.000000,0.000600,0.000000,0.000000,0.000000,0.011100,0.000000,0.011400,0.000000,0.000000,0.000000,0.005200,0.002100,0.003500,0.006800,0.000000
1108,6.365704,5.741404,5.813000,2.637000,19001.000000,1306390115.000000,1798618424.000000,286048256.000000,284123136.000000,1999257600.000000,0.786200,69.000000,0.489000,0.033300,0.015000,0.392000,0.010600,0.016000,0.010600,0.000600,0.000200,0.000500,0.005200,0.002200,0.003500,0.005200,0.000000
1109,6.370852,5.116100,5.061400,2.113300,19001.000000,1306339583.000000,1798536504.000000,286048256.000000,284139520.000000,1999257600.000000,0.750900,69.000000,0.000600,0.000000,0.000000,0.000000,0.010900,0.000000,0.012200,0.000000,0.000000,0.000000,0.004700,0.002200,0.003800,0.006500,0.000000
1110,6.375818,5.000099,5.036500,2.090800,19001.000000,1306433227.000000,1798618424.000000,286048256.000000,284164096.000000,1999323136.000000,0.988700,69.000000,0.000600,0.000000,0.000000,0.000000,0.010600,0.000000,0.011300,0.000000,0.000000,0.000000,0.005600,0.001900,0.003600,0.006300,0.000000
1111,6.380768,4.942099,4.932600,2.032500,19001.000000,1306376551.000000,1798536504.000000,286048256.000000,284188672.000000,1999327232.000000,0.886700,69.000000,0.000600,0.000000,0.000000,0.000000,0.010700,0.000000,0.011200,0.000000,0.000000,0.000000,0.004700,0.001900,0.003200,0.006400,0.000000
1112,6.386977,6.087302,6.041100,2.885200,19001.000000,1306483047.000000,1798618424.000000,286048256.000000,284213248.000000,1999327232.000000,0.803700,69.000000,0.485900,0.031400,0.015100,0.389100,0.010200,0.016800,0.009600,0.000500,0.000200,0.000500,0.005400,0.002400,0.003300,0.004900,0.000000
1113,6.392744,5.847598,5.853200,2.489300,19001.000000,1306502923.000000,1798618424.000000,286048256.000000,284229632.000000,1999392768.000000,0.847200,69.000000,0.000700,0.000000,0.000000,0.000000,0.012100,0.000000,0.015500,0.000000,0.000000,0.000000,0.006700,0.002100,0.003900,0.007100,0.000000
1114,6.398102,5.372499,5.327300,2.193900,19001.000000,1306437619.000000,1798536504.000000,286048256.000000,284246016.000000,1999392768.000000,0.775200,69.000000,0.000600,0.000000,0.000000,0.000000,0.012000,0.000000,0.011000,0.000000,0.000000,0.000000,0.005800,0.002600,0.003700,0.006800,0.000000
1115,6.404100,6.011600,6.044100,2.853600,19001.000000,1306467751.000000,1798536504.000000,286048256.000000,284274688.000000,1999392768.000000,0.781400,69.000000,0.668900,0.036600,0.016900,0.550500,0.011500,0.025500,0.010000,0.000500,0.000300,0.000800,0.005600,0.002400,0.003400,0.005900,0.000000
1116,6.409469,5.375206,5.344600,2.161800,19001.000000,1306570751.000000,1798618424.000000,286048256.000000,284295168.000000,1999458304.000000,0.940300,69.000000,0.000800,0.000000,0.000000,0.000000,0.012800,0.000000,0.010600,0.000000,0.000000,0.000000,0.005600,0.002200,0.003300,0.007400,0.000000
1117,6.414657,5.181696,5.184600,2.086300,19001.000000,1306590979.000000,1798618424.000000,286048256.000000,284315648.000000,1999458304.000000,0.994100,69.000000,0.000600,0.000000,0.000000,0.000000,0.011200,0.000000,0.011500,0.000000,0.000000,0.000000,0.005000,0.002700,0.003100,0.007200,0.000000
1118,6.420997,6.340802,6.308300,2.994800,19001.000000,1306539699.000000,1798536504.000000,286048256.000000,284344320.000000,1999458304.000000,0.774100,69.000000,0.528800,0.036900,0.017100,0.415600,0.011100,0.023600,0.023500,0.000500,0.000300,0.000700,0.004700,0.002300,0.003200,0.005900,0.000000
1119,6.426520,5.540200,5.583100,2.418000,19001.000000,1306636287.000000,1798618424.000000,286048256.000000,284360704.000000,1999523840.000000,0.752200,69.000000,0.000700,0.000000,0.000000,0.000000,0.012300,0.000000,0.010300,0.000000,0.000000,0.000000,0.005400,0.002200,0.003500,0.006800,0.000000
1120,6.432722,6.134198,6.072400,2.768700,19001.000000,1306573287.000000,1798536504.000000,286048256.000000,284377088.000000,1999523840.000000,0.753000,69.000000,0.512100,0.035000,0.016300,0.404500,0.010600,0.022800,0.009400,0.000400,0.000300,0.000700,0.005000,0.002500,0.002300,0.006100,0.000000
1121,6.437999,5.328897,5.366000,2.337800,19001.000000,1306680731.000000,1798618424.000000,286048256.000000,284401664.000000,1999523840.000000,0.846100,69.000000,0.000700,0.000000,0.000000,0.000000,0.012900,0.000000,0.011100,0.000000,0.000000,0.000000,0.006900,0.002200,0.003600,0.007400,0.000000
1122,6.443125,5.126006,5.080400,2.130700,19001.000000,1306698335.000000,1798618424.000000,286048256.000000,284418048.000000,1999605760.000000,0.813200,69.000000,0.000700,0.000000,0.000000,0.000000,0.012000,0.000000,0.011000,0.000000,0.000000,0.000000,0.005100,0.002100,0.003400,0.006700,0.000000
1123,6.448980,5.856094,5.881600,2.755100,19001.000000,1306640831.000000,1798536504.000000,286048256.000000,284442624.000000,1999605760.000000,0.926000,69.000000,0.614900,0.036000,0.017400,0.504600,0.010500,0.021500,0.010500,0.000400,0.000300,0.000700,0.005000,0.002400,0.003600,0.006400,0.000000
1124,6.454119,5.120103,5.064500,2.064900,19001.000000,1306660463.000000,1798536504.000000,286048256.000000,284463104.000000,1999605760.000000,0.762100,69.000000,0.000700,0.000000,0.000000,0.000000,0.012700,0.000000,0.012400,0.000000,0.000000,0.000000,0.005400,0.002200,0.003700,0.007700,0.000000
1125,6.459179,5.082901,5.129900,2.086200,19001.000000,1306781911.000000,1798618424.000000,286048256.000000,284487680.000000,1999671296.000000,0.772000,69.000000,0.000700,0.000000,0.000000,0.000000,0.011000,0.000000,0.011600,0.000000,0.000000,0.000000,0.005400,0.001900,0.003300,0.007300,0.000000
1126,6.464337,5.155201,5.100300,1.999800,19001.000000,1306707231.000000,1798536504.000000,286048256.000000,284508160.000000,1999671296.000000,0.742300,69.000000,0.000600,0.000000,0.000000,0.000000,0.010500,0.000000,0.012000,0.000000,0.000000,0.000000,0.004900,0.002300,0.003300,0.006600,0.000000
1127,6.470447,6.105095,6.124400,2.899900,19001.000000,1306810415.000000,1798618424.000000,286048256.000000,284528640.000000,1999671296.000000,0.948700,69.000000,0.700000,0.040800,0.015900,0.601500,0.012800,0.015000,0.009500,0.000500,0.000300,0.000500,0.005100,0.002400,0.003600,0.005600,0.000000
1128,6.475501,5.065703,5.046000,2.049000,19001.000000,1306834887.000000,1798618424.000000,286048256.000000,284553216.000000,1999802368.000000,0.777400,69.000000,0.000600,0.000000,0.000000,0.000000,0.012100,0.000000,0.009700,0.000000,0.000000,0.000000,0.004700,0.002500,0.003200,0.006600,0.000000
1129,6.480717,5.193601,5.161900,2.141700,19001.000000,1306862903.000000,1798618424.000000,286048256.000000,284577792.000000,1999802368.000000,0.946200,69.000000,0.000500,0.000000,0.000000,0.000000,0.010500,0.000000,0.010600,0.000000,0.000000,0.000000,0.005000,0.002300,0.003300,0.006100,0.000000
1130,6.486948,6.239498,6.230700,2.892600,19137.000000,1306880227.000000,1798618424.000000,286048256.000000,284594176.000000,1999802368.000000,0.934300,69.000000,0.519100,0.034400,0.016300,0.418300,0.031100,0.016700,0.010100,0.000400,0.000400,0.000700,0.005200,0.002500,0.003500,0.005300,0.000000
1131,6.492528,5.556902,5.532900,2.312900,19001.000000,1306832063.000000,1798536504.000000,286048256.000000,284626944.000000,1999822848.000000,0.778500,69.000000,0.000600,0.000000,0.000000,0.000000,0.012600,0.000000,0.010900,0.000000,0.000000,0.000000,0.005500,0.002100,0.003100,0.006800,0.000000
1132,6.498574,6.065200,6.046200,2.347200,19001.000000,1306868927.000000,1798536504.000000,286048256.000000,284647424.000000,1999843328.000000,0.774200,69.000000,0.000500,0.000000,0.000000,0.000000,0.011300,0.000000,0.011000,0.000000,0.000000,0.000000,0.005700,0.002000,0.003100,0.006800,0.000000
1133,6.504511,5.956300,6.010900,2.851300,19001.000000,1306946571.000000,1798618424.000000,286048256.000000,284659712.000000,1999855616.000000,0.931100,69.000000,0.666500,0.038500,0.017500,0.544200,0.012200,0.026600,0.010800,0.000400,0.000400,0.000700,0.005100,0.002300,0.003400,0.006500,0.000000
1134,6.509740,5.191100,5.156800,2.066400,19053.000000,1306974539.000000,1798618424.000000,286048256.000000,284684288.000000,1999933440.000000,0.828800,69.000000,0.000600,0.000000,0.000000,0.000000,0.011700,0.000000,0.013800,0.000000,0.000000,0.000000,0.004800,0.002000,0.007500,0.006500,0.000000
1135,6.515836,6.102395,6.128400,2.826900,19001.000000,1306992671.000000,1798618424.000000,286048256.000000,284704768.000000,1999933440.000000,0.955000,69.000000,0.553100,0.037500,0.017700,0.438200,0.011900,0.023700,0.011500,0.000500,0.000300,0.000900,0.005200,0.002300,0.003400,0.006500,0.000000
1136,6.521564,5.762706,5.689300,2.299300,19001.000000,1307015687.000000,1798618424.000000,286048256.000000,284725248.000000,1999933440.000000,0.800100,69.000000,0.001000,0.000000,0.000000,0.000000,0.031900,0.000000,0.011500,0.000000,0.000000,0.000000,0.004900,0.002000,0.003600,0.006300,0.000000
1137,6.527102,5.512699,5.550400,2.308800,19001.000000,1307036935.000000,1798618424.000000,286048256.000000,284745728.000000,1999998976.000000,0.795200,69.000000,0.000800,0.000000,0.000000,0.000000,0.011200,0.000000,0.011200,0.000000,0.000000,0.000000,0.005200,0.002000,0.003100,0.006300,0.000000
1138,6.533666,6.544799,6.501600,3.058800,19001.000000,1306980767.000000,1798536504.000000,286048256.000000,284770304.000000,2000003072.000000,0.829200,69.000000,0.533600,0.038500,0.018900,0.427200,0.011100,0.015900,0.011100,0.000400,0.000400,0.000600,0.005000,0.002700,0.002900,0.006400,0.000000
1139,6.539271,5.630400,5.673700,2.274000,19001.000000,1307005095.000000,1798536504.000000,286048256.000000,284794880.000000,2000019456.000000,0.953200,69.000000,0.000600,0.000000,0.000000,0.000000,0.013300,0.000000,0.011500,0.000000,0.000000,0.000000,0.005900,0.002400,0.003800,0.007100,0.000000
1140,6.544764,5.499603,5.443600,2.137900,19001.000000,1307024615.000000,1798536504.000000,286048256.000000,284815360.000000,2000084992.000000,0.821400,69.000000,0.000700,0.000000,0.000000,0.000000,0.011700,0.000000,0.012200,0.000000,0.000000,0.000000,0.005400,0.002000,0.002800,0.006700,0.000000
1141,6.550850,6.059495,6.103800,2.929400,19001.000000,1307138159.000000,1798618424.000000,286048256.000000,284831744.000000,2000084992.000000,0.853900,69.000000,0.669100,0.048900,0.018200,0.532700,0.010900,0.025300,0.011200,0.000700,0.000300,0.000800,0.005400,0.002300,0.003300,0.006000,0.000000
1142,6.556253,5.434403,5.391600,2.305300,19001.000000,1307153655.000000,1798618424.000000,286048256.000000,284860416.000000,2000084992.000000,0.917600,69.000000,0.000800,0.000000,0.000000,0.000000,0.011700,0.000000,0.013100,0.000000,0.000000,0.000000,0.005000,0.003000,0.003800,0.005900,0.000000
1143,6.561455,5.205400,5.233300,2.161900,19001.000000,1307175011.000000,1798618424.000000,286048256.000000,284880896.000000,2000150528.000000,0.906900,69.000000,0.000700,0.000000,0.000000,0.000000,0.010800,0.000000,0.011700,0.000000,0.000000,0.000000,0.004300,0.002100,0.003400,0.006100,0.000000
1144,6.568122,6.639300,6.580000,3.035500,19001.000000,1307113863.000000,1798536504.000000,286048256.000000,284901376.000000,2000150528.000000,0.823600,69.000000,0.521400,0.039900,0.016500,0.407900,0.010000,0.022500,0.137500,0.000500,0.000300,0.000800,0.005300,0.002400,0.002300,0.005900,0.000000
1145,6.573920,5.809198,5.826700,2.311700,19001.000000,1307227859.000000,1798618424.000000,286048256.000000,284930048.000000,2000150528.000000,0.827800,69.000000,0.000700,0.000000,0.000000,0.000000,0.015100,0.000000,0.014900,0.000000,0.000000,0.000000,0.006200,0.002100,0.003600,0.006200,0.000000
1146,6.579444,5.527799,5.503100,2.234000,19001.000000,1307236347.000000,1798618424.000000,286048256.000000,284938240.000000,2000216064.000000,0.818500,69.000000,0.000600,0.000000,0.000000,0.000000,0.011400,0.000000,0.010500,0.000000,0.000000,0.000000,0.005000,0.002300,0.003400,0.007100,0.000000
1147,6.585327,5.894104,5.929700,2.839400,19001.000000,1307269899.000000,1798618424.000000,286048256.000000,284966912.000000,2000216064.000000,1.023500,69.000000,0.600200,0.079800,0.019100,0.441300,0.011200,0.029500,0.011100,0.000400,0.000300,0.000800,0.005400,0.002600,0.003400,0.006200,0.000000
1148,6.590443,5.079301,5.022100,2.031400,19001.000000,1307212663.000000,1798536504.000000,286048256.000000,284991488.000000,2000216064.000000,0.770800,69.000000,0.000700,0.000000,0.000000,0.000000,0.011800,0.000000,0.011300,0.000000,0.000000,0.000000,0.005000,0.002000,0.004000,0.006400,0.000000
1149,6.595467,5.061600,5.101200,2.082100,19001.000000,1307310955.000000,1798618424.000000,286048256.000000,285007872.000000,2000281600.000000,0.765800,69.000000,0.000600,0.000000,0.000000,0.000000,0.011200,0.000000,0.009900,0.000000,0.000000,0.000000,0.005100,0.002000,0.003500,0.007300,0.000000
1150,6.601727,6.257696,6.217000,3.121400,19001.000000,1307325831.000000,1798618424.000000,286048256.000000,285024256.000000,2000281600.000000,0.795800,69.000000,0.702300,0.038500,0.016700,0.590500,0.010200,0.023300,0.019000,0.000400,0.000300,0.000500,0.004600,0.002300,0.003400,0.005800,0.000000
1151,6.607193,5.453500,5.329400,2.298000,19001.000000,1307352623.000000,1798618424.000000,286048256.000000,285052928.000000,2000281600.000000,0.837800,69.000000,0.000500,0.000000,0.000000,0.000000,0.011600,0.000000,0.020900,0.000000,0.000000,0.000000,0.004800,0.002200,0.003400,0.005900,0.000000
1152,6.612594,5.375000,5.469200,2.322900,19001.000000,1307379807.000000,1798618424.000000,286048256.000000,285077504.000000,2000347136.000000,0.855300,69.000000,0.000500,0.000000,0.000000,0.000000,0.011600,0.000000,0.032400,0.000000,0.000000,0.000000,0.004800,0.002200,0.003100,0.007300,0.000000
1153,6.618716,6.153104,6.178000,2.886300,19001.000000,1307397023.000000,1798618424.000000,286048256.000000,285093888.000000,2000347136.000000,0.791000,69.000000,0.553600,0.065200,0.016400,0.406100,0.014200,0.027100,0.010100,0.000400,0.000300,0.000800,0.005800,0.002400,0.003600,0.006400,0.000000
1154,6.623983,5.277098,5.215700,2.114000,19001.000000,1307427243.000000,1798618424.000000,286048256.000000,285122560.000000,2000347136.000000,0.761500,69.000000,0.000600,0.000000,0.000000,0.000000,0.012200,0.000000,0.010200,0.000000,0.000000,0.000000,0.005200,0.002300,0.003600,0.006500,0.000000
1155,6.629128,5.142900,5.193800,2.100700,19001.000000,1307443547.000000,1798618424.000000,286048256.000000,285138944.000000,2000412672.000000,0.796100,69.000000,0.000500,0.000000,0.000000,0.000000,0.011600,0.000000,0.011200,0.000000,0.000000,0.000000,0.005200,0.002300,0.003500,0.007400,0.000000
1156,6.635255,6.105003,5.983500,2.629700,19001.000000,1307388783.000000,1798536504.000000,286048256.000000,285167616.000000,2000429056.000000,0.794700,68.000000,0.487200,0.033300,0.016300,0.387100,0.011200,0.015800,0.010300,0.000400,0.000300,0.000500,0.004900,0.002500,0.003600,0.005600,0.000000
1157,6.640655,5.423795,5.530800,2.458300,19137.000000,1307510807.000000,1798618424.000000,286048256.000000,285192192.000000,2000429056.000000,0.791800,69.000000,0.000700,0.000000,0.000000,0.000000,0.011900,0.000000,0.016200,0.000000,0.000000,0.000000,0.005200,0.002100,0.003500,0.005700,0.000000
1158,6.645752,5.098002,5.058600,2.079800,19001.000000,1307505739.000000,1798618424.000000,286048256.000000,285200384.000000,2000494592.000000,0.729900,69.000000,0.000600,0.000000,0.000000,0.000000,0.010800,0.000000,0.012100,0.000000,0.000000,0.000000,0.004900,0.002800,0.003500,0.006800,0.000000
1159,6.651712,5.934000,5.959500,2.847500,19001.000000,1307535191.000000,1798618424.000000,286048256.000000,285229056.000000,2000494592.000000,0.764100,68.000000,0.486100,0.033200,0.016100,0.387600,0.010500,0.014100,0.010300,0.000500,0.000300,0.000500,0.005400,0.002600,0.003800,0.005700,0.000000
1160,6.656964,5.267404,5.224600,2.254800,19001.000000,1307555559.000000,1798618424.000000,286048256.000000,285249536.000000,2000494592.000000,0.827800,69.000000,0.000600,0.000000,0.000000,0.000000,0.012100,0.000000,0.010500,0.000000,0.000000,0.000000,0.005200,0.001800,0.003800,0.007100,0.000000
1161,6.662163,5.208298,5.233200,2.209700,19001.000000,1307579495.000000,1798618424.000000,286048256.000000,285270016.000000,2000560128.000000,0.791900,69.000000,0.000600,0.000000,0.000000,0.000000,0.011200,0.000000,0.011700,0.000000,0.000000,0.000000,0.005200,0.002800,0.003700,0.006300,0.000000
1162,6.668120,5.945500,5.894500,2.804300,19001.000000,1307601123.000000,1798618424.000000,286048256.000000,285290496.000000,2000560128.000000,0.838100,69.000000,0.509400,0.036100,0.016500,0.406800,0.011200,0.016000,0.012300,0.000600,0.000300,0.000400,0.004700,0.002300,0.003000,0.006000,0.000000
1163,6.673944,5.800297,5.815700,2.367000,19001.000000,1307539607.000000,1798536504.000000,286048256.000000,285310976.000000,2000560128.000000,0.788600,69.000000,0.000500,0.000000,0.000000,0.000000,0.012500,0.000000,0.012500,0.000000,0.000000,0.000000,0.005000,0.001900,0.003500,0.007100,0.000000
1164,6.679722,5.777997,5.694000,2.224600,19001.000000,1307556631.000000,1798536504.000000,286048256.000000,285327360.000000,2000560128.000000,0.803600,69.000000,0.000800,0.000000,0.000000,0.000000,0.012100,0.000000,0.012200,0.000000,0.000000,0.000000,0.005700,0.002100,0.003500,0.007700,0.000000
1165,6.687430,7.699001,7.736600,2.961300,19001.000000,1307576203.000000,1798536504.000000,286048256.000000,285347840.000000,2000625664.000000,0.785800,69.000000,0.629800,0.037200,0.017500,0.515400,0.027200,0.022000,0.011200,0.000500,0.000400,0.000600,0.007000,0.002500,0.003900,0.006600,0.000000
1166,6.694087,6.658404,6.636900,2.893000,19001.000000,1307694207.000000,1798618424.000000,286048256.000000,285380608.000000,2000625664.000000,0.921200,69.000000,0.000600,0.000000,0.000000,0.000000,0.016000,0.000000,0.012400,0.000000,0.000000,0.000000,0.006700,0.002500,0.004700,0.008300,0.000000
1167,6.700841,6.783900,6.805200,3.506200,19001.000000,1307720979.000000,1798618424.000000,286048256.000000,285409280.000000,2000691200.000000,1.039000,69.000000,0.625400,0.040900,0.017500,0.500000,0.012400,0.027400,0.010700,0.000500,0.000200,0.000800,0.005500,0.002400,0.004000,0.006400,0.000000
1168,6.706525,5.695195,5.669400,2.405800,19001.000000,1307735795.000000,1798618424.000000,286048256.000000,285421568.000000,2000691200.000000,1.129100,68.000000,0.000700,0.000000,0.000000,0.000000,0.014000,0.000000,0.011600,0.000000,0.000000,0.000000,0.005300,0.002500,0.003500,0.007200,0.000000
1169,6.711996,5.438605,5.468200,2.337200,19053.000000,1307674959.000000,1798536504.000000,286048256.000000,285442048.000000,2000691200.000000,1.369500,69.000000,0.000700,0.000000,0.000000,0.000000,0.010100,0.000000,0.011800,0.000000,0.000000,0.000000,0.004600,0.002000,0.003200,0.005900,0.000000
1170,6.718307,6.325694,6.255600,2.953800,19001.000000,1307708999.000000,1798536504.000000,286048256.000000,285474816.000000,2000760832.000000,0.840400,69.000000,0.552300,0.066900,0.017100,0.408800,0.010800,0.021900,0.233700,0.000700,0.000300,0.000700,0.005200,0.002500,0.003600,0.006800,0.000000
1171,6.723702,5.407603,5.454100,2.117600,19001.000000,1307803211.000000,1798618424.000000,286048256.000000,285487104.000000,2000760832.000000,0.870300,69.000000,0.000700,0.000000,0.000000,0.000000,0.013200,0.000000,0.010500,0.000000,0.000000,0.000000,0.005500,0.002100,0.003600,0.007200,0.000000
1172,6.728896,5.195600,5.149900,2.094500,19001.000000,1307823019.000000,1798618424.000000,286048256.000000,285507584.000000,2000760832.000000,0.803200,69.000000,0.000600,0.000000,0.000000,0.000000,0.011700,0.000000,0.013000,0.000000,0.000000,0.000000,0.004900,0.002100,0.003000,0.007200,0.000000
1173,6.735144,6.228699,6.237800,2.869100,19001.000000,1307866359.000000,1798618424.000000,286048256.000000,285536256.000000,2000842752.000000,0.796800,69.000000,0.650000,0.035900,0.016900,0.548100,0.013100,0.015800,0.012000,0.000400,0.000300,0.000500,0.004600,0.002400,0.003200,0.005700,0.000000
1174,6.740586,5.470203,5.455100,2.316500,19001.000000,1307869743.000000,1798618424.000000,286048256.000000,285552640.000000,2000842752.000000,0.761600,69.000000,0.000700,0.000000,0.000000,0.000000,0.012500,0.000000,0.011900,0.000000,0.000000,0.000000,0.005200,0.069000,0.003500,0.007700,0.000000
1175,6.745785,5.199596,5.225300,2.202700,19001.000000,1307895087.000000,1798618424.000000,286048256.000000,285577216.000000,2000842752.000000,0.766900,69.000000,0.000500,0.000000,0.000000,0.000000,0.010800,0.000000,0.010800,0.000000,0.000000,0.000000,0.004900,0.002300,0.003100,0.007400,0.000000
1176,6.751748,5.931803,5.886500,2.857100,19001.000000,1307911851.000000,1798618424.000000,286048256.000000,285593600.000000,2000908288.000000,0.807700,69.000000,0.541000,0.060600,0.016300,0.401200,0.010000,0.026100,0.010300,0.000400,0.000200,0.000700,0.004500,0.002600,0.003300,0.006100,0.000000
1177,6.757037,5.292602,5.314100,2.225600,19001.000000,1307935771.000000,1798618424.000000,286048256.000000,285614080.000000,2000908288.000000,0.839700,69.000000,0.000700,0.000000,0.000000,0.000000,0.011700,0.000000,0.011500,0.000000,0.000000,0.000000,0.005200,0.002200,0.003700,0.005800,0.000000
1178,6.762260,5.237195,5.178500,2.220300,19001.000000,1307964739.000000,1798618424.000000,286048256.000000,285642752.000000,2000908288.000000,0.790600,69.000000,0.000900,0.000000,0.000000,0.000000,0.013300,0.000000,0.011400,0.000000,0.000000,0.000000,0.005300,0.002500,0.003500,0.006800,0.000000
1179,6.768037,5.777006,5.808200,2.667500,19001.000000,1307903959.000000,1798536504.000000,286048256.000000,285663232.000000,2000973824.000000,0.803200,68.000000,0.489400,0.034400,0.018000,0.389500,0.011500,0.015000,0.010200,0.000500,0.000200,0.000600,0.004800,0.002700,0.003600,0.006200,0.000000
1180,6.773219,5.158199,5.111700,2.136400,19001.000000,1307924759.000000,1798536504.000000,286048256.000000,285683712.000000,2000973824.000000,0.791100,69.000000,0.000700,0.000000,0.000000,0.000000,0.012100,0.000000,0.011000,0.000000,0.000000,0.000000,0.005800,0.002100,0.003200,0.008200,0.000000
1181,6.778586,5.386699,5.412800,2.231900,19001.000000,1307953303.000000,1798536504.000000,286048256.000000,285712384.000000,2000973824.000000,0.745300,69.000000,0.000900,0.000000,0.000000,0.000000,0.011800,0.000000,0.011500,0.000000,0.000000,0.000000,0.005700,0.002000,0.003700,0.005700,0.000000
1182,6.784339,5.760197,5.730500,2.696400,19001.000000,1308051063.000000,1798618424.000000,286048256.000000,285724672.000000,2001039360.000000,0.789100,69.000000,0.585200,0.086400,0.017200,0.427300,0.012300,0.021300,0.017900,0.000400,0.000300,0.000800,0.005300,0.002500,0.003400,0.006400,0.000000
1183,6.789414,5.081399,5.027200,1.994800,19001.000000,1308077839.000000,1798618424.000000,286048256.000000,285753344.000000,2001039360.000000,0.744500,69.000000,0.000500,0.000000,0.000000,0.000000,0.012000,0.000000,0.010700,0.000000,0.000000,0.000000,0.005500,0.001800,0.003200,0.005600,0.000000
1184,6.795212,5.627700,5.505700,2.002300,19137.000000,1308119188.000000,1798618424.000000,286048256.000000,285773824.000000,2001039360.000000,0.760900,69.000000,0.000600,0.000000,0.000000,0.000000,0.011300,0.000000,0.010700,0.000000,0.000000,0.000000,0.005400,0.002200,0.003100,0.006100,0.000000
1185,6.803215,8.100503,8.213500,3.646500,19001.000000,1308031511.000000,1798536504.000000,286048256.000000,285786112.000000,2001039360.000000,0.752100,69.000000,0.656100,0.045600,0.028600,0.507300,0.021600,0.023900,0.011900,0.000600,0.000300,0.001000,0.007100,0.002300,0.029500,0.010500,0.000000
1186,6.811833,8.590803,8.530300,3.255200,19001.000000,1308048519.000000,1798536504.000000,286048256.000000,285802496.000000,2001104896.000000,0.743100,69.000000,0.000700,0.000000,0.000000,0.000000,0.019500,0.000000,0.014000,0.000000,0.000000,0.000000,0.006300,0.002100,0.003800,0.009500,0.000000
1187,6.819711,7.915398,7.957000,3.690300,19001.000000,1308081715.000000,1798536504.000000,286048256.000000,285835264.000000,2001104896.000000,0.721500,69.000000,0.692300,0.096500,0.024000,0.493900,0.014800,0.031200,0.027200,0.000500,0.000300,0.001200,0.007100,0.004600,0.004700,0.008200,0.000000
1188,6.827345,7.635799,7.579300,3.111100,19001.000000,1308105107.000000,1798536504.000000,286048256.000000,285859840.000000,2001170432.000000,1.109700,69.000000,0.001000,0.000000,0.000000,0.000000,0.016800,0.000000,0.013200,0.000000,0.000000,0.000000,0.006900,0.002200,0.004500,0.009300,0.000000
1189,6.835209,7.787500,7.792700,3.424800,19001.000000,1308137031.000000,1798536504.000000,286048256.000000,285876224.000000,2001170432.000000,1.218800,69.000000,0.612400,0.041700,0.019600,0.486500,0.015000,0.022100,0.012900,0.000400,0.000300,0.000700,0.006900,0.002400,0.004700,0.007600,0.000000
1190,6.842785,7.682901,7.654800,3.058700,19001.000000,1308070419.000000,1798454584.000000,286048256.000000,285904896.000000,2001186816.000000,1.346000,69.000000,0.000800,0.000000,0.000000,0.000000,0.019500,0.000000,0.016200,0.000000,0.000000,0.000000,0.007500,0.003200,0.004700,0.010400,0.000000
1191,6.848833,6.060098,6.121700,2.400000,19001.000000,1308169607.000000,1798536504.000000,286048256.000000,285921280.000000,2001252352.000000,1.338600,69.000000,0.000800,0.000000,0.000000,0.000000,0.012600,0.000000,0.014300,0.000000,0.000000,0.000000,0.006100,0.002200,0.003500,0.006700,0.000000
1192,6.855227,6.378402,6.343800,2.969900,19001.000000,1308198487.000000,1798536504.000000,286048256.000000,285945856.000000,2001252352.000000,0.950800,69.000000,0.718100,0.077800,0.019900,0.551800,0.011900,0.030400,0.009900,0.000500,0.000300,0.000800,0.006000,0.002600,0.003600,0.006600,0.000000
1193,6.860780,5.574299,5.608800,2.290800,19001.000000,1308300395.000000,1798618424.000000,286048256.000000,285962240.000000,2001252352.000000,1.322200,69.000000,0.000900,0.000000,0.000000,0.000000,0.013500,0.000000,0.010300,0.000000,0.000000,0.000000,0.005600,0.002100,0.003300,0.008400,0.000000
1194,6.867359,6.568601,6.490700,3.222400,19001.000000,1308239035.000000,1798536504.000000,286048256.000000,285986816.000000,2001317888.000000,0.851600,69.000000,0.799300,0.040400,0.020200,0.672000,0.011600,0.025500,0.011300,0.000500,0.000300,0.000800,0.005300,0.002500,0.003400,0.006500,0.000000
1195,6.872773,5.395600,5.455900,2.226500,19001.000000,1308342303.000000,1798618424.000000,286048256.000000,286007296.000000,2001317888.000000,0.853600,69.000000,0.000800,0.000000,0.000000,0.000000,0.012000,0.000000,0.011100,0.000000,0.000000,0.000000,0.005700,0.002200,0.003400,0.007700,0.000000
1196,6.878421,5.670302,5.599500,2.307700,19001.000000,1308394430.000000,1798618424.000000,286048256.000000,286040064.000000,2001317888.000000,0.873800,69.000000,0.001200,0.000000,0.000000,0.000000,0.012100,0.000000,0.011800,0.000000,0.000000,0.000000,0.004800,0.002100,0.003400,0.007500,0.000000
1197,6.884416,6.004096,6.059900,2.798200,19001.000000,1308402371.000000,1798618424.000000,286048256.000000,286044160.000000,2001317888.000000,0.900600,69.000000,0.540300,0.038100,0.017400,0.425500,0.011700,0.021500,0.010400,0.000400,0.000300,0.000700,0.005000,0.002400,0.003300,0.006800,0.000000
1198,6.890330,5.884906,5.832400,2.308600,19001.000000,1308353887.000000,1815313720.000000,302825472.000000,286072832.000000,2001342464.000000,0.830600,69.000000,0.000600,0.000000,0.000000,0.000000,0.012200,0.000000,0.010200,0.000000,0.000000,0.000000,0.004900,0.002100,0.003500,0.006200,0.000000
1199,6.895716,5.429797,5.450800,2.286600,19001.000000,1308458795.000000,1815395640.000000,302825472.000000,286097408.000000,2001367040.000000,0.790000,69.000000,0.000500,0.000000,0.000000,0.000000,0.011300,0.000000,0.011200,0.000000,0.000000,0.000000,0.005500,0.002000,0.003100,0.007400,0.000000
1200,6.901919,6.187096,6.151600,2.983900,19001.000000,1308478139.000000,1815395640.000000,302825472.000000,286113792.000000,2001383424.000000,0.814600,69.000000,0.569300,0.057600,0.017000,0.428100,0.010000,0.025500,0.010500,0.000600,0.000400,0.000800,0.004800,0.002200,0.003000,0.006100,0.000000
1201,6.907421,5.493006,5.525600,2.375800,19001.000000,1308507563.000000,1815395640.000000,302825472.000000,286142464.000000,2001448960.000000,0.861400,69.000000,0.000500,0.000000,0.000000,0.000000,0.012300,0.000000,0.011700,0.000000,0.000000,0.000000,0.005500,0.002400,0.003300,0.006100,0.000000
1202,6.913026,5.586897,5.543400,2.467300,19053.000000,1308525107.000000,1815395640.000000,302825472.000000,286158848.000000,2001453056.000000,0.803300,69.000000,0.000700,0.000000,0.000000,0.000000,0.010700,0.000000,0.011200,0.000000,0.000000,0.000000,0.004900,0.002100,0.003700,0.006900,0.000000
1203,6.919482,6.478097,6.502000,3.075900,19001.000000,1308467139.000000,1815313720.000000,302825472.000000,286183424.000000,2001518592.000000,0.809700,69.000000,0.639800,0.036600,0.018400,0.518000,0.011400,0.028600,0.010600,0.000500,0.000400,0.000800,0.005200,0.002400,0.003400,0.007100,0.000000
1204,6.925160,5.689406,5.644100,2.091700,19001.000000,1308482339.000000,1815313720.000000,302825472.000000,286199808.000000,2001518592.000000,0.839000,69.000000,0.000700,0.000000,0.000000,0.000000,0.012800,0.000000,0.011700,0.000000,0.000000,0.000000,0.005400,0.001900,0.003600,0.007400,0.000000
1205,6.931343,6.159694,6.190800,2.374600,19001.000000,1308526331.000000,1815313720.000000,302825472.000000,286228480.000000,2001518592.000000,0.803000,69.000000,0.000700,0.000000,0.000000,0.000000,0.011600,0.000000,0.010100,0.000000,0.000000,0.000000,0.004900,0.002000,0.003600,0.006600,0.000000
1206,6.938042,6.710303,6.650500,2.956500,19001.000000,1308533663.000000,1815313720.000000,302825472.000000,286248960.000000,2001584128.000000,0.839800,69.000000,0.607800,0.035700,0.015500,0.500700,0.010500,0.018700,0.013200,0.000500,0.000200,0.000800,0.005600,0.001900,0.003800,0.006100,0.000000
1207,6.943553,5.519196,5.468000,2.290300,19001.000000,1308555639.000000,1815313720.000000,302825472.000000,286269440.000000,2001600512.000000,0.776000,69.000000,0.000700,0.000000,0.000000,0.000000,0.013200,0.000000,0.011000,0.000000,0.000000,0.000000,0.004800,0.002000,0.003600,0.007800,0.000000
1208,6.949565,6.012004,6.014800,2.687600,19137.000000,1308576219.000000,1815313720.000000,302825472.000000,286289920.000000,2001600512.000000,1.153200,69.000000,0.522700,0.032500,0.016100,0.425000,0.011900,0.017400,0.011900,0.000500,0.000200,0.000400,0.005500,0.002500,0.003300,0.006000,0.000000
1209,6.955198,5.613301,5.664500,2.281700,19001.000000,1308603715.000000,1815313720.000000,302825472.000000,286314496.000000,2001666048.000000,0.786700,69.000000,0.000800,0.000000,0.000000,0.000000,0.012700,0.000000,0.016900,0.000000,0.000000,0.000000,0.005400,0.002100,0.004000,0.007300,0.000000
1210,6.960676,5.503500,5.473100,2.348900,19001.000000,1308624467.000000,1815313720.000000,302825472.000000,286334976.000000,2001666048.000000,0.788000,69.000000,0.000800,0.000000,0.000000,0.000000,0.011300,0.000000,0.009800,0.000000,0.000000,0.000000,0.005600,0.001800,0.003600,0.007300,0.000000
1211,6.966492,5.816001,5.840600,2.743800,19001.000000,1308736047.000000,1815395640.000000,302825472.000000,286363648.000000,2001666048.000000,0.806700,69.000000,0.528600,0.035100,0.014900,0.418200,0.010400,0.022000,0.010100,0.000500,0.000200,0.000700,0.005200,0.002300,0.003600,0.005900,0.000000
1212,6.971811,5.263400,5.215300,2.203300,19001.000000,1308649455.000000,1815313720.000000,302825472.000000,286384128.000000,2001731584.000000,0.875200,69.000000,0.000700,0.000000,0.000000,0.000000,0.011900,0.000000,0.010700,0.000000,0.000000,0.000000,0.004900,0.002400,0.003500,0.006600,0.000000
1213,6.976821,5.075199,5.109200,2.139400,19001.000000,1308739443.000000,1815395640.000000,302825472.000000,286392320.000000,2001731584.000000,0.884000,69.000000,0.000800,0.000000,0.000000,0.000000,0.010800,0.000000,0.010700,0.000000,0.000000,0.000000,0.005600,0.002100,0.003500,0.007100,0.000000
1214,6.983139,6.292701,6.193100,2.931800,19001.000000,1308693247.000000,1815313720.000000,302825472.000000,286425088.000000,2001731584.000000,0.855700,68.000000,0.531000,0.033800,0.017100,0.425400,0.010300,0.017400,0.010500,0.000500,0.000500,0.000600,0.004800,0.003100,0.003700,0.005700,0.000000
1215,6.988644,5.491298,5.546900,2.248700,19001.000000,1308797835.000000,1815395640.000000,302825472.000000,286449664.000000,2001797120.000000,0.772000,69.000000,0.000900,0.000000,0.000000,0.000000,0.013500,0.000000,0.011200,0.000000,0.000000,0.000000,0.005200,0.002000,0.003700,0.005700,0.000000
1216,6.994073,5.439002,5.401400,2.112700,19001.000000,1308730591.000000,1815313720.000000,302825472.000000,286461952.000000,2001797120.000000,0.758200,69.000000,0.000600,0.000000,0.000000,0.000000,0.014500,0.000000,0.011900,0.000000,0.000000,0.000000,0.005700,0.002600,0.003000,0.008100,0.000000
1217,7.000226,6.168594,6.166300,2.935500,19001.000000,1308756083.000000,1815313720.000000,302825472.000000,286486528.000000,2001797120.000000,1.012700,69.000000,0.768600,0.036200,0.016400,0.653800,0.011000,0.026000,0.010300,0.000400,0.000200,0.000900,0.005400,0.002000,0.003000,0.006400,0.000000
1218,7.005600,5.375000,5.359500,2.158100,19001.000000,1308860071.000000,1815395640.000000,302825472.000000,286507008.000000,2001797120.000000,0.771700,69.000000,0.000700,0.000000,0.000000,0.000000,0.012500,0.000000,0.012000,0.000000,0.000000,0.000000,0.005200,0.001700,0.003500,0.007200,0.000000
1219,7.010954,5.271804,5.310300,2.134300,19001.000000,1308875951.000000,1815395640.000000,302825472.000000,286523392.000000,2001862656.000000,0.729100,69.000000,0.000700,0.000000,0.000000,0.000000,0.010500,0.000000,0.011900,0.000000,0.000000,0.000000,0.005000,0.002100,0.002900,0.005800,0.000000
1220,7.017370,6.481002,6.415800,3.086200,19001.000000,1308903955.000000,1815395640.000000,302825472.000000,286552064.000000,2001862656.000000,0.834400,69.000000,0.539600,0.037800,0.017300,0.428200,0.010500,0.020700,0.011100,0.000500,0.000300,0.000500,0.006600,0.002500,0.003500,0.005800,0.000000
1221,7.023047,5.685594,5.717100,2.405900,19001.000000,1308939531.000000,1815395640.000000,302825472.000000,286572544.000000,2001862656.000000,0.855400,69.000000,0.000600,0.000000,0.000000,0.000000,0.013400,0.000000,0.012300,0.000000,0.000000,0.000000,0.006500,0.002200,0.003900,0.006600,0.000000
1222,7.028913,5.863102,5.811500,2.341900,19001.000000,1308869007.000000,1815313720.000000,302825472.000000,286597120.000000,2001928192.000000,0.803100,69.000000,0.000600,0.000000,0.000000,0.000000,0.011200,0.000000,0.016300,0.000000,0.000000,0.000000,0.005000,0.002400,0.003300,0.006700,0.000000
1223,7.035048,6.121903,6.161000,2.784800,19001.000000,1308889943.000000,1815313720.000000,302825472.000000,286617600.000000,2001928192.000000,0.989200,69.000000,0.539200,0.034700,0.017800,0.431300,0.012000,0.018200,0.034700,0.000500,0.000400,0.000500,0.005700,0.002400,0.003500,0.005600,0.000000
1224,7.040616,5.592496,5.559400,2.479300,19001.000000,1308984123.000000,1815395640.000000,302825472.000000,286629888.000000,2001944576.000000,0.802500,69.000000,0.000900,0.000000,0.000000,0.000000,0.012900,0.000000,0.018700,0.000000,0.000000,0.000000,0.005900,0.002100,0.003700,0.007600,0.000000
1225,7.046109,5.489201,5.508300,2.280500,19001.000000,1308929975.000000,1815313720.000000,302825472.000000,286654464.000000,2002014208.000000,1.018500,69.000000,0.000600,0.000000,0.000000,0.000000,0.013300,0.000000,0.011200,0.000000,0.000000,0.000000,0.005000,0.001900,0.003500,0.006400,0.000000
1226,7.052301,6.169204,6.093800,2.947300,19001.000000,1308959171.000000,1815313720.000000,302825472.000000,286683136.000000,2002014208.000000,0.897200,69.000000,0.508600,0.036800,0.016200,0.404800,0.011000,0.017700,0.009700,0.000400,0.000200,0.000600,0.005100,0.002500,0.003400,0.005400,0.000000
1227,7.057690,5.409099,5.453000,2.284700,19001.000000,1309062351.000000,1815395640.000000,302825472.000000,286703616.000000,2002014208.000000,0.836900,69.000000,0.000700,0.000000,0.000000,0.000000,0.013100,0.000000,0.011700,0.000000,0.000000,0.000000,0.005700,0.002200,0.003400,0.006100,0.000000
1228,7.063292,5.580400,5.532700,2.327900,19001.000000,1309005563.000000,1815313720.000000,302825472.000000,286728192.000000,2002038784.000000,1.045100,69.000000,0.000600,0.000000,0.000000,0.000000,0.012000,0.000000,0.013000,0.000000,0.000000,0.000000,0.005300,0.002300,0.003400,0.006800,0.000000
1229,7.069269,6.008497,6.050800,2.749500,19001.000000,1309107803.000000,1815395640.000000,302825472.000000,286748672.000000,2002059264.000000,0.797000,69.000000,0.504000,0.034300,0.016800,0.400200,0.012100,0.017200,0.080600,0.000600,0.000200,0.000500,0.005300,0.002600,0.003500,0.005900,0.000000
1230,7.074633,5.341702,5.304100,2.103200,19001.000000,1309123219.000000,1815395640.000000,302825472.000000,286760960.000000,2002071552.000000,0.773500,69.000000,0.000600,0.000000,0.000000,0.000000,0.011900,0.000000,0.010400,0.000000,0.000000,0.000000,0.004900,0.002000,0.003400,0.007400,0.000000
1231,7.079888,5.283100,5.315100,2.124700,19001.000000,1309149987.000000,1815395640.000000,302825472.000000,286789632.000000,2002145280.000000,0.769800,69.000000,0.000500,0.000000,0.000000,0.000000,0.010900,0.000000,0.013800,0.000000,0.000000,0.000000,0.005200,0.002400,0.003600,0.007500,0.000000
1232,7.085754,5.863499,5.821500,2.769900,19001.000000,1309181271.000000,1815395640.000000,302825472.000000,286818304.000000,2002149376.000000,0.766900,69.000000,0.495200,0.036700,0.017600,0.393700,0.011200,0.014500,0.012500,0.000500,0.000300,0.000500,0.004700,0.002300,0.003400,0.005900,0.000000
1233,7.091100,5.319905,5.343500,2.285900,19001.000000,1309124467.000000,1815313720.000000,302825472.000000,286842880.000000,2002214912.000000,0.768400,69.000000,0.000700,0.000000,0.000000,0.000000,0.011400,0.000000,0.011000,0.000000,0.000000,0.000000,0.005000,0.002200,0.003700,0.006500,0.000000
1234,7.096438,5.365200,5.266200,2.149500,19001.000000,1309220031.000000,1815395640.000000,302825472.000000,286855168.000000,2002219008.000000,0.815900,69.000000,0.000700,0.000000,0.000000,0.000000,0.011100,0.000000,0.020800,0.000000,0.000000,0.000000,0.004900,0.001900,0.003400,0.007200,0.000000
1235,7.102164,5.722399,5.801600,2.769300,19137.000000,1309248635.000000,1815395640.000000,302825472.000000,286883840.000000,2002219008.000000,0.783900,68.000000,0.509300,0.037800,0.017500,0.403300,0.010700,0.015700,0.227500,0.000400,0.000200,0.000500,0.005200,0.002600,0.003500,0.005700,0.000000
1236,7.107606,5.439300,5.362200,2.243600,19001.000000,1309268027.000000,1815395640.000000,302825472.000000,286904320.000000,2002284544.000000,0.868700,69.000000,0.000700,0.000000,0.000000,0.000000,0.011700,0.000000,0.010800,0.000000,0.000000,0.000000,0.004900,0.002500,0.003100,0.006700,0.000000
1237,7.112908,5.281200,5.344900,2.193200,19053.000000,1309299499.000000,1815395640.000000,302825472.000000,286920704.000000,2002284544.000000,0.791400,69.000000,0.000800,0.000000,0.000000,0.000000,0.011200,0.000000,0.012000,0.000000,0.000000,0.000000,0.005600,0.002400,0.003100,0.006200,0.000000
1238,7.118839,5.940795,5.898600,2.807500,19001.000000,1309315851.000000,1815395640.000000,302825472.000000,286945280.000000,2002288640.000000,0.809100,69.000000,0.562400,0.076100,0.019400,0.399200,0.011800,0.030000,0.010400,0.000500,0.000300,0.000600,0.005200,0.002600,0.003300,0.006300,0.000000
1239,7.124008,5.183206,5.205500,2.094300,19001.000000,1309259215.000000,1815313720.000000,302825472.000000,286969856.000000,2002354176.000000,0.779400,69.000000,0.000600,0.000000,0.000000,0.000000,0.011900,0.000000,0.011500,0.000000,0.000000,0.000000,0.005600,0.002000,0.003500,0.005600,0.000000
1240,7.128942,4.936798,4.900400,1.940700,19001.000000,1309357491.000000,1815395640.000000,302825472.000000,286986240.000000,2002354176.000000,0.762100,69.000000,0.000700,0.000000,0.000000,0.000000,0.010600,0.000000,0.009900,0.000000,0.000000,0.000000,0.005200,0.002400,0.003100,0.007200,0.000000
1241,7.134881,5.912302,5.919200,2.780200,19001.000000,1309384671.000000,1815395640.000000,302825472.000000,287014912.000000,2002370560.000000,0.741600,69.000000,0.671100,0.039200,0.017700,0.559400,0.010900,0.020400,0.010200,0.000400,0.000300,0.000800,0.004900,0.002500,0.003000,0.006200,0.000000
1242,7.140336,5.479394,5.456500,2.294200,19001.000000,1309393159.000000,1815395640.000000,302825472.000000,287023104.000000,2002370560.000000,0.787100,69.000000,0.000800,0.000000,0.000000,0.000000,0.011900,0.000000,0.010500,0.000000,0.000000,0.000000,0.004800,0.002100,0.003300,0.006600,0.000000
1243,7.145476,5.086302,5.073900,2.015300,19001.000000,1309344915.000000,1815313720.000000,302825472.000000,287055872.000000,2002436096.000000,0.718200,69.000000,0.000600,0.000000,0.000000,0.000000,0.010600,0.000000,0.011500,0.000000,0.000000,0.000000,0.004900,0.002100,0.002900,0.006800,0.000000
1244,7.151288,5.841199,5.822900,2.786800,19001.000000,1309365839.000000,1815313720.000000,302825472.000000,287076352.000000,2002436096.000000,0.758600,69.000000,0.548400,0.040000,0.019000,0.430800,0.013600,0.016300,0.009900,0.000800,0.000300,0.000700,0.006600,0.002400,0.003700,0.005300,0.000000
1245,7.157011,5.736699,5.771800,2.626500,19001.000000,1309459915.000000,1815395640.000000,302825472.000000,287088640.000000,2002436096.000000,0.812200,68.000000,0.000600,0.000000,0.000000,0.000000,0.011800,0.000000,0.011300,0.000000,0.000000,0.000000,0.005700,0.001900,0.003100,0.006200,0.000000
1246,7.162271,5.250801,5.185700,2.222000,19001.000000,1309483347.000000,1815395640.000000,302825472.000000,287109120.000000,2002505728.000000,1.023000,69.000000,0.000600,0.000000,0.000000,0.000000,0.010800,0.000000,0.010500,0.000000,0.000000,0.000000,0.005000,0.002700,0.002600,0.006200,0.000000
1247,7.168290,6.024001,6.052100,2.832800,19001.000000,1309428687.000000,1815313720.000000,302825472.000000,287137792.000000,2002505728.000000,0.786200,68.000000,0.546600,0.032800,0.015100,0.437000,0.013600,0.025800,0.009800,0.000400,0.000400,0.000800,0.004800,0.002300,0.003600,0.006400,0.000000
1248,7.173448,5.147003,5.124300,2.110400,19001.000000,1309529523.000000,1815395640.000000,302825472.000000,287154176.000000,2002505728.000000,0.795300,69.000000,0.000900,0.000000,0.000000,0.000000,0.013200,0.000000,0.011400,0.000000,0.000000,0.000000,0.005700,0.001900,0.003400,0.007700,0.000000
1249,7.178581,5.156002,5.179400,2.143000,19001.000000,1309546743.000000,1815395640.000000,302825472.000000,287170560.000000,2002571264.000000,0.751500,69.000000,0.001000,0.000000,0.000000,0.000000,0.011500,0.000000,0.011300,0.000000,0.000000,0.000000,0.005100,0.002300,0.003400,0.006100,0.000000
1250,7.184489,5.914094,5.856300,2.716200,19001.000000,1309584271.000000,1815395640.000000,302825472.000000,287207424.000000,2002571264.000000,0.772700,69.000000,0.568300,0.038300,0.017000,0.456000,0.010600,0.023400,0.010400,0.000400,0.000300,0.000700,0.004800,0.002300,0.003400,0.006300,0.000000
1251,7.189809,5.291801,5.336300,2.060200,19001.000000,1309600551.000000,1815395640.000000,302825472.000000,287223808.000000,2002571264.000000,0.740400,69.000000,0.000600,0.000000,0.000000,0.000000,0.012200,0.000000,0.012100,0.000000,0.000000,0.000000,0.004500,0.002000,0.003100,0.007000,0.000000
1252,7.195560,5.778798,5.735300,2.414200,19001.000000,1309615377.000000,1815379256.000000,302825472.000000,287240192.000000,2002640896.000000,0.757700,69.000000,0.000600,0.000000,0.000000,0.000000,0.011200,0.000000,0.011400,0.000000,0.000000,0.000000,0.005000,0.002100,0.003200,0.005200,0.000000
1253,7.201807,6.233305,6.259100,3.071300,19001.000000,1309569983.000000,1815313720.000000,302825472.000000,287260672.000000,2002640896.000000,0.767200,69.000000,0.495200,0.035500,0.016900,0.392900,0.010400,0.017100,0.013000,0.000800,0.000200,0.000500,0.005100,0.002200,0.002900,0.005300,0.000000
1254,7.207165,5.350900,5.293900,2.274100,19001.000000,1309593583.000000,1815313720.000000,302825472.000000,287297536.000000,2002706432.000000,0.737500,69.000000,0.000700,0.000000,0.000000,0.000000,0.012300,0.000000,0.228200,0.000000,0.000000,0.000000,0.005800,0.002900,0.003100,0.007300,0.000000
1255,7.212324,5.161097,5.178500,2.156800,19001.000000,1309610773.000000,1815313720.000000,302825472.000000,287313920.000000,2002706432.000000,0.835100,69.000000,0.000500,0.000000,0.000000,0.000000,0.013900,0.000000,0.011400,0.000000,0.000000,0.000000,0.005400,0.001800,0.003100,0.006800,0.000000
1256,7.218247,5.930598,5.900700,2.826700,19001.000000,1309721335.000000,1815395640.000000,302825472.000000,287342592.000000,2002706432.000000,1.058100,69.000000,0.557100,0.067400,0.017300,0.408400,0.011200,0.023800,0.012000,0.000400,0.000400,0.000700,0.006000,0.002600,0.003800,0.007100,0.000000
1257,7.223622,5.375404,5.398500,2.225000,19001.000000,1309744823.000000,1815395640.000000,302825472.000000,287363072.000000,2002771968.000000,0.772000,69.000000,0.000500,0.000000,0.000000,0.000000,0.012300,0.000000,0.011500,0.000000,0.000000,0.000000,0.005800,0.002100,0.002500,0.006400,0.000000
1258,7.229434,5.795196,5.622800,2.231500,19001.000000,1309671195.000000,1815313720.000000,302825472.000000,287371264.000000,2002788352.000000,0.772900,69.000000,0.000600,0.000000,0.000000,0.000000,0.011400,0.000000,0.011100,0.000000,0.000000,0.000000,0.005300,0.002100,0.003700,0.007300,0.000000
1259,7.235469,6.031002,6.190200,2.809500,19001.000000,1309704927.000000,1815313720.000000,302825472.000000,287404032.000000,2002792448.000000,0.786500,69.000000,0.567900,0.033600,0.017600,0.466800,0.012500,0.016000,0.010500,0.000500,0.000300,0.000400,0.005200,0.002300,0.003400,0.005800,0.000000
1260,7.240690,5.244799,5.207900,2.124700,19001.000000,1309803507.000000,1815395640.000000,302825472.000000,287420416.000000,2002792448.000000,0.908700,69.000000,0.000800,0.000000,0.000000,0.000000,0.012300,0.000000,0.011100,0.000000,0.000000,0.000000,0.006200,0.002100,0.003500,0.007500,0.000000
1261,7.246032,5.341405,5.359900,2.146700,19001.000000,1309745807.000000,1815313720.000000,302825472.000000,287444992.000000,2002857984.000000,0.910300,68.000000,0.000800,0.000000,0.000000,0.000000,0.011000,0.000000,0.010200,0.000000,0.000000,0.000000,0.005600,0.002400,0.003200,0.007300,0.000000
1262,7.252083,6.017496,5.912400,2.838500,19001.000000,1309851075.000000,1815379256.000000,302825472.000000,287465472.000000,2002857984.000000,1.050400,69.000000,0.537200,0.057100,0.016700,0.411300,0.012000,0.017000,0.010500,0.000400,0.000300,0.000600,0.005200,0.002300,0.003400,0.005000,0.000000
1263,7.257405,5.349504,5.441000,2.303600,19137.000000,1309878883.000000,1815395640.000000,302825472.000000,287494144.000000,2002923520.000000,0.805300,69.000000,0.000600,0.000000,0.000000,0.000000,0.011900,0.000000,0.011300,0.000000,0.000000,0.000000,0.006300,0.002500,0.003100,0.006300,0.000000
1264,7.262671,5.273795,5.198900,2.187100,19001.000000,1309897195.000000,1815395640.000000,302825472.000000,287510528.000000,2002923520.000000,0.948100,69.000000,0.000800,0.000000,0.000000,0.000000,0.011200,0.000000,0.011700,0.000000,0.000000,0.000000,0.005900,0.002000,0.003400,0.006000,0.000000
1265,7.269242,6.561005,6.609500,3.115700,19001.000000,1309922991.000000,1815395640.000000,302825472.000000,287535104.000000,2002923520.000000,0.790000,69.000000,0.749400,0.035100,0.018300,0.637800,0.013100,0.023400,0.012900,0.000500,0.000300,0.000700,0.005200,0.002400,0.003000,0.006100,0.000000
1266,7.274961,5.709701,5.661800,2.237400,19001.000000,1309854659.000000,1815313720.000000,302825472.000000,287547392.000000,2002931712.000000,0.793500,69.000000,0.000800,0.000000,0.000000,0.000000,0.013100,0.000000,0.013400,0.000000,0.000000,0.000000,0.005300,0.002300,0.003100,0.007200,0.000000
1267,7.280668,5.721294,5.756400,2.512300,19001.000000,1309956623.000000,1815395640.000000,302825472.000000,287567872.000000,2002997248.000000,0.765100,69.000000,0.000700,0.000000,0.000000,0.000000,0.010300,0.000000,0.016700,0.000000,0.000000,0.000000,0.005700,0.002100,0.003500,0.007500,0.000000
1268,7.287253,6.572704,6.460100,3.027800,19001.000000,1309898671.000000,1815313720.000000,302825472.000000,287592448.000000,2002997248.000000,0.944500,69.000000,0.525100,0.035500,0.017700,0.420300,0.011000,0.017500,0.010100,0.000500,0.000200,0.000700,0.005500,0.002400,0.003400,0.005800,0.000000
1269,7.293312,6.030400,6.092800,2.450300,19001.000000,1309938247.000000,1815313720.000000,302825472.000000,287617024.000000,2002997248.000000,1.020300,69.000000,0.000600,0.000000,0.000000,0.000000,0.013000,0.000000,0.011400,0.000000,0.000000,0.000000,0.006000,0.002600,0.003500,0.007200,0.000000
1270,7.299842,6.569196,6.558700,3.021200,19001.000000,1310019107.000000,1815395640.000000,302825472.000000,287629312.000000,2003062784.000000,0.840900,69.000000,0.695800,0.047200,0.018200,0.573200,0.012800,0.026800,0.036300,0.000500,0.000300,0.000900,0.006000,0.002400,0.003500,0.006600,0.000000
1271,7.305315,5.478004,5.506900,2.267000,19001.000000,1310048787.000000,1815395640.000000,302825472.000000,287657984.000000,2003062784.000000,0.993500,69.000000,0.000700,0.000000,0.000000,0.000000,0.015600,0.000000,0.011800,0.000000,0.000000,0.000000,0.005200,0.002100,0.003300,0.006500,0.000000
1272,7.311037,5.700999,5.636100,2.388300,19001.000000,1309991183.000000,1815313720.000000,302825472.000000,287682560.000000,2003062784.000000,0.957800,69.000000,0.000700,0.000000,0.000000,0.000000,0.011100,0.000000,0.011300,0.000000,0.000000,0.000000,0.005100,0.002200,0.003300,0.006700,0.000000
1273,7.316944,5.937797,5.971000,2.861600,19053.000000,1310088959.000000,1815395640.000000,302825472.000000,287694848.000000,2003132416.000000,0.838000,69.000000,0.563100,0.036300,0.016100,0.458700,0.010800,0.018100,0.010500,0.000400,0.000300,0.000700,0.005900,0.002300,0.003200,0.005200,0.000000
1274,7.322208,5.249504,5.219900,2.202400,19001.000000,1310122023.000000,1815395640.000000,302825472.000000,287727616.000000,2003132416.000000,0.821800,69.000000,0.000600,0.000000,0.000000,0.000000,0.012300,0.000000,0.011000,0.000000,0.000000,0.000000,0.005200,0.002100,0.003500,0.007100,0.000000
1275,7.327497,5.291496,5.316300,2.238200,19001.000000,1310139191.000000,1815395640.000000,302825472.000000,287744000.000000,2003148800.000000,1.022900,69.000000,0.000600,0.000000,0.000000,0.000000,0.011700,0.000000,0.010900,0.000000,0.000000,0.000000,0.005700,0.002100,0.003400,0.006100,0.000000
1276,7.333436,5.913400,5.864300,2.760000,19001.000000,1310164475.000000,1815395640.000000,302825472.000000,287768576.000000,2003214336.000000,0.826100,69.000000,0.585000,0.034800,0.016000,0.474400,0.011100,0.023500,0.010600,0.000400,0.000300,0.000800,0.004900,0.002300,0.003300,0.006600,0.000000
1277,7.338653,5.248901,5.281500,2.171700,19001.000000,1310188867.000000,1815395640.000000,302825472.000000,287793152.000000,2003214336.000000,0.784800,69.000000,0.000500,0.000000,0.000000,0.000000,0.012500,0.000000,0.011900,0.000000,0.000000,0.000000,0.005100,0.002200,0.003200,0.007300,0.000000
1278,7.343845,5.186997,5.151300,2.164500,19001.000000,1310212299.000000,1815395640.000000,302825472.000000,287813632.000000,2003214336.000000,0.798200,69.000000,0.000700,0.000000,0.000000,0.000000,0.010200,0.000000,0.011200,0.000000,0.000000,0.000000,0.005000,0.002600,0.003600,0.007700,0.000000
1279,7.349765,5.900000,5.915300,2.751800,19001.000000,1310144299.000000,1815313720.000000,302825472.000000,287830016.000000,2003279872.000000,0.762600,69.000000,0.525500,0.035800,0.017200,0.414700,0.011000,0.021700,0.009200,0.000400,0.000300,0.000700,0.004800,0.002300,0.003200,0.006000,0.000000
1280,7.354934,5.194501,5.159200,2.003200,19001.000000,1310249407.000000,1815395640.000000,302825472.000000,287850496.000000,2003283968.000000,0.790500,69.000000,0.000800,0.000000,0.000000,0.000000,0.012300,0.000000,0.009900,0.000000,0.000000,0.000000,0.005600,0.002100,0.003400,0.006900,0.000000
1281,7.360755,5.814102,5.834500,2.280500,19001.000000,1310188651.000000,1815313720.000000,302825472.000000,287870976.000000,2003283968.000000,0.765800,69.000000,0.000700,0.000000,0.000000,0.000000,0.010700,0.000000,0.010800,0.000000,0.000000,0.000000,0.005200,0.002600,0.003200,0.007500,0.000000
1282,7.366541,5.789300,5.753400,2.771500,19001.000000,1310218447.000000,1815313720.000000,302825472.000000,287899648.000000,2003349504.000000,0.996700,69.000000,0.499700,0.034700,0.016000,0.399700,0.011000,0.016700,0.009900,0.000500,0.000300,0.000500,0.005500,0.002300,0.003300,0.005400,0.000000
1283,7.371606,5.060799,5.074100,2.114800,19001.000000,1310325035.000000,1815395640.000000,302825472.000000,287924224.000000,2003349504.000000,0.754000,68.000000,0.000600,0.000000,0.000000,0.000000,0.011700,0.000000,0.009900,0.000000,0.000000,0.000000,0.005500,0.002100,0.003100,0.006800,0.000000
1284,7.376744,5.154698,5.128800,2.183200,19001.000000,1310340307.000000,1815395640.000000,302825472.000000,287940608.000000,2003349504.000000,0.894700,69.000000,0.000700,0.000000,0.000000,0.000000,0.010800,0.000000,0.011200,0.000000,0.000000,0.000000,0.005000,0.002100,0.003100,0.007600,0.000000
1285,7.382743,5.985700,5.995800,2.873100,19001.000000,1310388987.000000,1815395640.000000,302825472.000000,287969280.000000,2003415040.000000,0.782900,69.000000,0.553600,0.038500,0.019000,0.427800,0.010100,0.021100,0.010700,0.000500,0.000200,0.000400,0.005200,0.002500,0.003400,0.006100,0.000000
1286,7.388247,5.493701,5.439200,2.287500,19001.000000,1310314543.000000,1815313720.000000,302825472.000000,287989760.000000,2003419136.000000,0.794600,69.000000,0.000700,0.000000,0.000000,0.000000,0.012900,0.000000,0.012400,0.000000,0.000000,0.000000,0.004800,0.002200,0.003500,0.006700,0.000000
1287,7.393393,5.135905,5.178800,2.105300,19001.000000,1310417731.000000,1815395640.000000,302825472.000000,288010240.000000,2003419136.000000,0.780200,69.000000,0.000800,0.000000,0.000000,0.000000,0.011700,0.000000,0.011700,0.000000,0.000000,0.000000,0.005500,0.002300,0.003500,0.007100,0.000000
1288,7.399300,5.929393,5.887700,2.788800,19001.000000,1310429103.000000,1815395640.000000,302825472.000000,288026624.000000,2003484672.000000,0.785500,69.000000,0.649100,0.039300,0.017800,0.540400,0.011900,0.017600,0.010300,0.000500,0.000400,0.000600,0.004700,0.002500,0.003400,0.006000,0.000000
1289,7.404397,5.097300,5.065600,2.020400,19001.000000,1310457259.000000,1815395640.000000,302825472.000000,288051200.000000,2003484672.000000,0.803400,69.000000,0.000600,0.000000,0.000000,0.000000,0.011900,0.000000,0.010800,0.000000,0.000000,0.000000,0.005000,0.002100,0.003500,0.006200,0.000000
1290,7.409874,5.454301,5.454700,2.044400,19137.000000,1310400011.000000,1815313720.000000,302825472.000000,288075776.000000,2003484672.000000,0.775700,69.000000,0.000600,0.000000,0.000000,0.000000,0.011400,0.000000,0.011100,0.000000,0.000000,0.000000,0.004900,0.002300,0.003300,0.006600,0.000000
1291,7.415881,6.034701,6.081700,2.966200,19001.000000,1310503427.000000,1815395640.000000,302825472.000000,288096256.000000,2003550208.000000,0.748900,69.000000,0.512600,0.032800,0.015400,0.413600,0.011200,0.016700,0.010400,0.000400,0.000300,0.000400,0.005100,0.002700,0.003900,0.005500,0.000000
1292,7.421740,5.854500,5.779800,2.465900,19001.000000,1310524395.000000,1815395640.000000,302825472.000000,288116736.000000,2003566592.000000,0.791000,69.000000,0.000700,0.000000,0.000000,0.000000,0.011900,0.000000,0.010900,0.000000,0.000000,0.000000,0.004900,0.002300,0.003300,0.007200,0.000000
1293,7.427220,5.472598,5.513500,2.359800,19001.000000,1310462639.000000,1815313720.000000,302825472.000000,288137216.000000,2003566592.000000,0.831100,69.000000,0.000800,0.000000,0.000000,0.000000,0.010500,0.000000,0.015600,0.000000,0.000000,0.000000,0.004600,0.002000,0.003100,0.006900,0.000000
1294,7.433315,6.069203,6.027400,2.956700,19001.000000,1310560307.000000,1815395640.000000,302825472.000000,288149504.000000,2003636224.000000,0.821200,69.000000,0.556500,0.064000,0.014800,0.415600,0.011100,0.025000,0.012000,0.000500,0.000300,0.000900,0.005700,0.002500,0.003600,0.006200,0.000000
1295,7.438528,5.247300,5.277900,2.142400,19001.000000,1310613986.000000,1815395640.000000,302825472.000000,288186368.000000,2003636224.000000,0.956800,69.000000,0.000500,0.000000,0.000000,0.000000,0.013200,0.000000,0.012300,0.000000,0.000000,0.000000,0.005300,0.002300,0.003100,0.006700,0.000000
1296,7.443693,5.164399,5.125100,2.127200,19001.000000,1310636947.000000,1815395640.000000,302825472.000000,288202752.000000,2003636224.000000,0.789200,68.000000,0.000600,0.000000,0.000000,0.000000,0.012200,0.000000,0.011800,0.000000,0.000000,0.000000,0.004600,0.002300,0.003000,0.006700,0.000000
1297,7.449986,6.259099,6.277400,2.714900,19001.000000,1310570011.000000,1815313720.000000,302825472.000000,288215040.000000,2003701760.000000,0.790100,68.000000,0.546300,0.037300,0.017500,0.435700,0.011100,0.021800,0.011200,0.000500,0.000300,0.000800,0.004600,0.002300,0.002900,0.006200,0.000000
1298,7.455338,5.387599,5.349500,2.309300,19001.000000,1310604147.000000,1815313720.000000,302825472.000000,288247808.000000,2003705856.000000,0.743100,69.000000,0.000600,0.000000,0.000000,0.000000,0.012600,0.000000,0.010300,0.000000,0.000000,0.000000,0.006000,0.002100,0.003300,0.007400,0.000000
1299,7.460496,5.158801,5.193600,2.136600,19001.000000,1310714655.000000,1815395640.000000,302825472.000000,288276480.000000,2003705856.000000,0.730600,69.000000,0.000700,0.000000,0.000000,0.000000,0.010900,0.000000,0.022100,0.000000,0.000000,0.000000,0.004900,0.002100,0.003300,0.007400,0.000000
1300,7.466383,5.886501,5.842600,2.810400,19001.000000,1310726251.000000,1815395640.000000,302825472.000000,288288768.000000,2003775488.000000,0.999500,69.000000,0.527400,0.036400,0.016500,0.416700,0.010400,0.021000,0.010400,0.000400,0.000300,0.000700,0.004500,0.002400,0.003000,0.006000,0.000000
1301,7.471570,5.171400,5.200900,2.216700,19001.000000,1310761827.000000,1815395640.000000,302825472.000000,288309248.000000,2003775488.000000,0.850500,69.000000,0.000500,0.000000,0.000000,0.000000,0.011600,0.000000,0.011600,0.000000,0.000000,0.000000,0.004900,0.002300,0.003300,0.005300,0.000000
1302,7.476734,5.190703,5.128300,2.196000,19001.000000,1310765095.000000,1815395640.000000,302825472.000000,288325632.000000,2003775488.000000,0.772300,69.000000,0.000700,0.000000,0.000000,0.000000,0.009900,0.000000,0.011100,0.000000,0.000000,0.000000,0.005100,0.002600,0.003200,0.007100,0.000000
1303,7.482614,5.841000,5.873100,2.795400,19001.000000,1310789983.000000,1815395640.000000,302825472.000000,288350208.000000,2003841024.000000,0.805300,69.000000,0.513800,0.036900,0.016200,0.401000,0.010200,0.023400,0.009900,0.000500,0.000300,0.000800,0.004200,0.002300,0.003300,0.006000,0.000000
1304,7.487987,5.384595,5.338100,2.170000,19001.000000,1310737051.000000,1815313720.000000,302825472.000000,288378880.000000,2003841024.000000,0.809200,69.000000,0.000900,0.000000,0.000000,0.000000,0.012800,0.000000,0.013300,0.000000,0.000000,0.000000,0.005200,0.002200,0.003300,0.007000,0.000000
1305,7.493262,5.264505,5.290900,2.193700,19001.000000,1310838359.000000,1815395640.000000,302825472.000000,288395264.000000,2003841024.000000,0.807100,69.000000,0.000600,0.000000,0.000000,0.000000,0.012100,0.000000,0.016800,0.000000,0.000000,0.000000,0.005800,0.002000,0.003100,0.006700,0.000000
1306,7.499492,6.255797,6.223800,2.786400,19001.000000,1310863307.000000,1815395640.000000,302825472.000000,288419840.000000,2003906560.000000,0.805900,68.000000,0.505700,0.034400,0.017800,0.405000,0.010700,0.015000,0.019400,0.000500,0.000300,0.000400,0.004900,0.002500,0.003200,0.005800,0.000000
1307,7.504456,4.972498,5.005400,2.007900,19001.000000,1310888667.000000,1815395640.000000,302825472.000000,288444416.000000,2003910656.000000,0.762000,69.000000,0.000500,0.000000,0.000000,0.000000,0.012900,0.000000,0.011000,0.000000,0.000000,0.000000,0.004900,0.002000,0.003100,0.006800,0.000000
1308,7.509377,4.917503,4.912100,2.003700,19001.000000,1310909427.000000,1815395640.000000,302825472.000000,288464896.000000,2003914752.000000,0.745000,69.000000,0.000800,0.000000,0.000000,0.000000,0.010800,0.000000,0.011200,0.000000,0.000000,0.000000,0.004500,0.001900,0.002900,0.007000,0.000000
1309,7.514688,5.280400,5.210600,2.091000,19001.000000,1310839439.000000,1815313720.000000,302825472.000000,288477184.000000,2003996672.000000,0.902400,69.000000,0.000600,0.000000,0.000000,0.000000,0.010900,0.000000,0.011100,0.000000,0.000000,0.000000,0.005200,0.002200,0.003600,0.006500,0.000000
1310,7.520250,5.582802,5.621100,2.611600,19053.000000,1310875335.000000,1815313720.000000,302825472.000000,288509952.000000,2003996672.000000,0.737100,69.000000,0.496600,0.032200,0.016000,0.396600,0.010800,0.015800,0.009800,0.000700,0.000200,0.000400,0.005800,0.002200,0.003300,0.005500,0.000000
1311,7.525476,5.230896,5.181100,2.085100,19001.000000,1310868671.000000,1815313720.000000,302825472.000000,288530432.000000,2003996672.000000,0.730800,69.000000,0.000500,0.000000,0.000000,0.000000,0.011700,0.000000,0.009700,0.000000,0.000000,0.000000,0.005400,0.002100,0.003400,0.007000,0.000000
1312,7.531398,5.907703,5.916100,2.520900,19001.000000,1310891695.000000,1815313720.000000,302825472.000000,288550912.000000,2004062208.000000,0.826300,69.000000,0.000600,0.000000,0.000000,0.000000,0.010900,0.000000,0.016100,0.000000,0.000000,0.000000,0.005500,0.002000,0.003400,0.007000,0.000000
1313,7.537131,5.741199,5.722600,2.761600,19001.000000,1310937291.000000,1815313720.000000,302825472.000000,288579584.000000,2004062208.000000,0.886900,69.000000,0.657700,0.032000,0.015800,0.551200,0.010700,0.021700,0.010000,0.000500,0.000200,0.000800,0.005800,0.002400,0.003300,0.006100,0.000000
1314,7.542429,5.291100,5.314300,2.200900,19001.000000,1310935163.000000,1815313720.000000,302825472.000000,288591872.000000,2004066304.000000,0.803100,69.000000,0.000600,0.000000,0.000000,0.000000,0.012700,0.000000,0.012800,0.000000,0.000000,0.000000,0.005200,0.002300,0.003500,0.005200,0.000000
1315,7.547486,5.064803,5.026700,2.097200,19001.000000,1311037119.000000,1815395640.000000,302825472.000000,288612352.000000,2004131840.000000,1.107800,69.000000,0.000700,0.000000,0.000000,0.000000,0.012300,0.000000,0.012200,0.000000,0.000000,0.000000,0.005300,0.002000,0.003400,0.007600,0.000000
1316,7.553246,5.738697,5.751100,2.650000,19001.000000,1310979159.000000,1815313720.000000,302825472.000000,288636928.000000,2004131840.000000,0.769900,69.000000,0.509000,0.035500,0.017200,0.402900,0.011300,0.019600,0.010500,0.000500,0.000300,0.000400,0.004700,0.002600,0.003500,0.006200,0.000000
1317,7.558437,5.201198,5.108900,2.100100,19001.000000,1311100747.000000,1815395640.000000,302825472.000000,288661504.000000,2004131840.000000,0.774400,69.000000,0.000500,0.000000,0.000000,0.000000,0.012400,0.000000,0.011900,0.000000,0.000000,0.000000,0.005600,0.002000,0.003400,0.007900,0.000000
1318,7.563664,5.240405,5.322700,2.151800,19137.000000,1311025951.000000,1815313720.000000,302825472.000000,288681984.000000,2004197376.000000,0.744000,69.000000,0.000600,0.000000,0.000000,0.000000,0.012700,0.000000,0.012400,0.000000,0.000000,0.000000,0.005000,0.002300,0.003700,0.006600,0.000000
1319,7.569584,5.925595,5.886500,2.730300,19001.000000,1311128915.000000,1815395640.000000,302825472.000000,288702464.000000,2004197376.000000,0.766700,69.000000,0.551000,0.034000,0.016300,0.444600,0.010700,0.020400,0.021300,0.000500,0.000400,0.000600,0.005600,0.002200,0.003300,0.006100,0.000000
1320,7.575071,5.458999,5.481900,2.203100,19001.000000,1311071375.000000,1815313720.000000,302825472.000000,288727040.000000,2004197376.000000,0.763700,69.000000,0.000700,0.000000,0.000000,0.000000,0.012500,0.000000,0.021700,0.000000,0.000000,0.000000,0.004500,0.002000,0.003300,0.006600,0.000000
1321,7.580573,5.531299,5.495000,2.390500,19001.000000,1311185483.000000,1815395640.000000,302825472.000000,288755712.000000,2004267008.000000,0.760900,69.000000,0.000600,0.000000,0.000000,0.000000,0.011600,0.000000,0.018300,0.000000,0.000000,0.000000,0.005500,0.002100,0.003400,0.007100,0.000000
1322,7.586664,6.082504,6.025100,2.808600,19001.000000,1311116139.000000,1815313720.000000,302825472.000000,288768000.000000,2004267008.000000,0.740800,69.000000,0.543100,0.036200,0.017000,0.443000,0.010100,0.015400,0.009500,0.000500,0.000300,0.000500,0.004800,0.002200,0.003500,0.005300,0.000000
1323,7.592363,5.658000,5.665700,2.383600,19001.000000,1311137587.000000,1815313720.000000,302825472.000000,288788480.000000,2004267008.000000,0.894800,69.000000,0.000800,0.000000,0.000000,0.000000,0.012900,0.000000,0.011300,0.000000,0.000000,0.000000,0.005500,0.002000,0.003600,0.007100,0.000000
1324,7.597631,5.300397,5.342600,2.287600,19001.000000,1311162755.000000,1815313720.000000,302825472.000000,288813056.000000,2004348928.000000,0.792000,69.000000,0.000700,0.000000,0.000000,0.000000,0.012600,0.000000,0.012800,0.000000,0.000000,0.000000,0.006100,0.002200,0.004100,0.007200,0.000000
1325,7.603762,6.129805,6.060900,2.809700,19001.000000,1311190871.000000,1815313720.000000,302825472.000000,288825344.000000,2004361216.000000,0.944100,69.000000,0.601600,0.035500,0.017100,0.490900,0.011900,0.022500,0.023100,0.000400,0.000300,0.000700,0.005100,0.002300,0.003700,0.005700,0.000000
1326,7.608900,5.142900,5.200000,2.105500,19001.000000,1311284331.000000,1815395640.000000,302825472.000000,288849920.000000,2004402176.000000,0.847900,69.000000,0.000800,0.000000,0.000000,0.000000,0.013600,0.000000,0.010400,0.000000,0.000000,0.000000,0.005500,0.002200,0.003200,0.005900,0.000000
1327,7.614032,5.118296,5.077700,2.084900,19001.000000,1311311099.000000,1815395640.000000,302825472.000000,288878592.000000,2004484096.000000,0.766300,69.000000,0.000700,0.000000,0.000000,0.000000,0.010300,0.000000,0.010300,0.000000,0.000000,0.000000,0.004900,0.002000,0.003400,0.006900,0.000000
1328,7.619992,5.982299,6.002200,2.698800,19001.000000,1311248195.000000,1815313720.000000,302825472.000000,288894976.000000,2004484096.000000,0.757300,69.000000,0.516500,0.036100,0.017400,0.406200,0.011100,0.022100,0.010300,0.000400,0.000400,0.000800,0.004500,0.002300,0.003400,0.005700,0.000000
1329,7.625038,5.042801,5.007200,2.010400,19001.000000,1311351363.000000,1815395640.000000,302825472.000000,288915456.000000,2004484096.000000,0.761600,69.000000,0.000600,0.000000,0.000000,0.000000,0.012000,0.000000,0.010600,0.000000,0.000000,0.000000,0.005500,0.002000,0.003300,0.006700,0.000000
1330,7.630107,5.043800,5.071100,2.030200,19001.000000,1311286731.000000,1815313720.000000,302825472.000000,288931840.000000,2004488192.000000,0.755400,69.000000,0.000700,0.000000,0.000000,0.000000,0.011200,0.000000,0.010600,0.000000,0.000000,0.000000,0.005200,0.002200,0.003200,0.006200,0.000000
1331,7.636049,5.971903,5.927000,2.857500,19001.000000,1311397539.000000,1815395640.000000,302825472.000000,288960512.000000,2004553728.000000,0.761200,69.000000,0.565000,0.036000,0.016400,0.456200,0.011000,0.022300,0.021300,0.000600,0.000200,0.000700,0.005400,0.002600,0.003200,0.005800,0.000000
1332,7.641639,5.604897,5.619800,2.435800,19001.000000,1311425091.000000,1815395640.000000,302825472.000000,288989184.000000,2004553728.000000,0.792700,69.000000,0.000600,0.000000,0.000000,0.000000,0.011600,0.000000,0.011400,0.000000,0.000000,0.000000,0.004800,0.002000,0.002900,0.007000,0.000000
1333,7.647012,5.351602,5.327500,2.282000,19001.000000,1311448515.000000,1815395640.000000,302825472.000000,288997376.000000,2004553728.000000,1.059600,69.000000,0.000700,0.000000,0.000000,0.000000,0.010200,0.000000,0.011400,0.000000,0.000000,0.000000,0.004800,0.002200,0.003000,0.006700,0.000000
1334,7.653357,6.323200,6.326300,3.208100,19001.000000,1311473283.000000,1815395640.000000,302825472.000000,289030144.000000,2004619264.000000,0.835100,69.000000,0.608900,0.045800,0.018700,0.487000,0.011300,0.022800,0.012000,0.000400,0.000300,0.000600,0.005000,0.002600,0.003300,0.007200,0.000000
1335,7.665150,11.762599,8.690800,2.274200,19001.000000,1311564211.000000,1815395640.000000,302825472.000000,289054720.000000,2004619264.000000,0.923500,69.000000,0.000700,0.000000,0.000000,0.000000,0.012500,0.000000,0.011600,0.000000,0.000000,0.000000,0.004800,0.002200,0.003600,0.006600,0.000000
1336,7.678832,13.624405,9.711900,6.241100,19001.000000,1311423819.000000,1815313720.000000,302825472.000000,289067008.000000,2004684800.000000,0.781100,69.000000,0.732900,0.034000,0.020400,0.625600,0.013700,0.017500,0.013600,0.000400,0.000400,0.000400,0.005500,0.002300,0.003700,0.006800,0.000000
1337,7.685544,6.823895,13.761400,10.473700,19001.000000,1294640779.000000,1815395640.000000,302825472.000000,273162240.000000,2004684800.000000,0.781800,69.000000,0.677500,0.035800,0.019400,0.571100,0.017900,0.018100,0.009800,0.000400,0.000500,0.000800,0.007000,0.002800,0.003700,0.007200,0.000000
1338,7.690869,5.309403,5.346300,2.267600,19001.000000,1294641075.000000,1815395640.000000,302825472.000000,273162240.000000,2004684800.000000,0.825000,69.000000,0.000600,0.000000,0.000000,0.000000,0.012400,0.000000,0.010300,0.000000,0.000000,0.000000,0.004800,0.002100,0.003100,0.006800,0.000000
1339,7.696066,5.219997,5.119900,2.150000,19001.000000,1294559775.000000,1815313720.000000,302825472.000000,273162240.000000,2004684800.000000,1.069800,69.000000,0.000600,0.000000,0.000000,0.000000,0.009800,0.000000,0.023400,0.000000,0.000000,0.000000,0.005200,0.002000,0.003200,0.006800,0.000000
1340,7.703603,7.508702,7.562400,3.473000,19001.000000,1294560439.000000,1815313720.000000,302825472.000000,273162240.000000,2004684800.000000,0.909900,69.000000,0.625400,0.036200,0.014700,0.511200,0.011800,0.025200,0.010000,0.000400,0.000200,0.000800,0.005700,0.002500,0.003300,0.006400,0.000000
1341,7.709739,6.131902,6.030700,2.603400,19001.000000,1294642171.000000,1815395640.000000,302825472.000000,273162240.000000,2004684800.000000,0.753400,69.000000,0.000600,0.000000,0.000000,0.000000,0.014000,0.000000,0.011700,0.000000,0.000000,0.000000,0.005900,0.002200,0.003200,0.006900,0.000000
1342,7.716300,6.575397,6.654600,2.930100,19137.000000,1294563443.000000,1815313720.000000,302825472.000000,273162240.000000,2004684800.000000,0.824900,69.000000,0.536900,0.033400,0.017000,0.433800,0.011700,0.018200,0.010200,0.000500,0.000200,0.002200,0.005200,0.002300,0.003400,0.005900,0.000000
1343,7.721664,5.375503,5.349500,2.339500,19053.000000,1294561715.000000,1815313720.000000,302825472.000000,273162240.000000,2004684800.000000,1.034500,69.000000,0.000800,0.000000,0.000000,0.000000,0.012600,0.000000,0.081400,0.000000,0.000000,0.000000,0.005400,0.002100,0.003400,0.007400,0.000000
1344,7.727008,5.339399,5.368400,2.338300,19001.000000,1294564323.000000,1815313720.000000,302825472.000000,273162240.000000,2004684800.000000,0.797100,69.000000,0.000700,0.000000,0.000000,0.000000,0.010400,0.000000,0.010500,0.000000,0.000000,0.000000,0.005600,0.002000,0.003200,0.007600,0.000000
1345,7.733043,5.998101,5.930400,2.861200,19001.000000,1294564999.000000,1815313720.000000,302825472.000000,273162240.000000,2004684800.000000,0.874400,69.000000,0.516100,0.035300,0.015700,0.412800,0.010100,0.016600,0.012700,0.000400,0.000400,0.000600,0.005500,0.002500,0.003500,0.006100,0.000000
1346,7.738524,5.517496,5.553500,2.309800,19001.000000,1294566439.000000,1815313720.000000,302825472.000000,273162240.000000,2004684800.000000,0.782400,69.000000,0.000800,0.000000,0.000000,0.000000,0.014200,0.000000,0.020300,0.000000,0.000000,0.000000,0.005600,0.001900,0.003700,0.007600,0.000000
1347,7.744068,5.549603,5.513600,2.158200,19001.000000,1294582397.000000,1815330104.000000,302825472.000000,273162240.000000,2004684800.000000,0.797100,69.000000,0.000600,0.000000,0.000000,0.000000,0.011500,0.000000,0.012500,0.000000,0.000000,0.000000,0.004900,0.002000,0.003400,0.007800,0.000000
1348,7.750153,6.067198,6.062300,2.844300,19001.000000,1294564651.000000,1815313720.000000,302825472.000000,273162240.000000,2004684800.000000,0.789400,69.000000,0.606500,0.080300,0.018000,0.448800,0.011500,0.025900,0.049100,0.000400,0.000300,0.000800,0.005100,0.002300,0.003400,0.007000,0.000000
1349,7.755420,5.261699,5.228700,2.093900,19001.000000,1294579851.000000,1815313720.000000,302825472.000000,273162240.000000,2004684800.000000,0.765600,69.000000,0.000700,0.000000,0.000000,0.000000,0.012400,0.000000,0.010900,0.000000,0.000000,0.000000,0.006000,0.002000,0.003200,0.006100,0.000000
1350,7.761278,5.878798,5.926400,2.714700,19001.000000,1294648671.000000,1815395640.000000,302825472.000000,273162240.000000,2004684800.000000,0.760700,68.000000,0.000700,0.000000,0.000000,0.000000,0.012200,0.000000,0.012800,0.000000,0.000000,0.000000,0.005300,0.002300,0.003800,0.008000,0.000000
1351,7.767241,5.938605,5.882000,2.819000,19001.000000,1294567727.000000,1815313720.000000,302825472.000000,273162240.000000,2004684800.000000,0.835300,69.000000,0.515800,0.036100,0.017100,0.410900,0.010700,0.017600,0.010800,0.000300,0.000300,0.000400,0.005200,0.002300,0.003100,0.005600,0.000000
1352,7.772584,5.347995,5.382700,2.294200,19001.000000,1294649771.000000,1815395640.000000,302825472.000000,273162240.000000,2004684800.000000,1.102700,69.000000,0.000700,0.000000,0.000000,0.000000,0.013100,0.000000,0.011300,0.000000,0.000000,0.000000,0.006000,0.002300,0.003700,0.006900,0.000000
1353,7.777876,5.290101,5.238600,2.247900,19001.000000,1294653203.000000,1815395640.000000,302825472.000000,273162240.000000,2004684800.000000,0.846900,69.000000,0.000700,0.000000,0.000000,0.000000,0.011500,0.000000,0.011100,0.000000,0.000000,0.000000,0.004700,0.002400,0.003100,0.007600,0.000000
1354,7.783751,5.877303,5.903100,2.788200,19001.000000,1294570983.000000,1815313720.000000,302825472.000000,273162240.000000,2004684800.000000,0.804800,69.000000,0.520400,0.035800,0.017300,0.413500,0.013600,0.017900,0.020700,0.000600,0.000300,0.000500,0.005300,0.002200,0.003500,0.006000,0.000000
1355,7.788990,5.251403,5.201300,2.122900,19001.000000,1294571855.000000,1815313720.000000,302825472.000000,273162240.000000,2004684800.000000,0.831600,69.000000,0.000600,0.000000,0.000000,0.000000,0.015300,0.000000,0.011200,0.000000,0.000000,0.000000,0.005200,0.002000,0.003300,0.007000,0.000000
1356,7.794160,5.154096,5.193300,2.130600,19001.000000,1294654139.000000,1815395640.000000,302825472.000000,273162240.000000,2004684800.000000,0.779600,69.000000,0.000700,0.000000,0.000000,0.000000,0.011600,0.000000,0.011600,0.000000,0.000000,0.000000,0.005700,0.002200,0.003600,0.007100,0.000000
1357,7.800110,5.981604,5.927900,2.852200,19001.000000,1294653951.000000,1815395640.000000,302825472.000000,273162240.000000,2004684800.000000,0.991700,69.000000,0.652100,0.036800,0.017300,0.547000,0.010900,0.017800,0.010800,0.000700,0.000300,0.000600,0.005000,0.002600,0.003300,0.005200,0.000000
1358,7.805209,5.090094,5.134500,2.076200,19001.000000,1294656903.000000,1815395640.000000,302825472.000000,273162240.000000,2004684800.000000,0.798500,69.000000,0.000700,0.000000,0.000000,0.000000,0.012500,0.000000,0.011600,0.000000,0.000000,0.000000,0.005100,0.002200,0.003200,0.006900,0.000000
1359,7.810481,5.254904,5.204300,2.196700,19001.000000,1294573083.000000,1815313720.000000,302825472.000000,273162240.000000,2004684800.000000,0.757800,69.000000,0.000600,0.000000,0.000000,0.000000,0.010800,0.000000,0.012300,0.000000,0.000000,0.000000,0.004800,0.002600,0.003700,0.007300,0.000000
1360,7.816299,5.852296,5.896900,2.900300,19001.000000,1294662491.000000,1815395640.000000,302825472.000000,273166336.000000,2004684800.000000,0.800400,69.000000,0.547800,0.032900,0.015400,0.442700,0.011600,0.022300,0.011100,0.000400,0.000300,0.000800,0.005400,0.002300,0.003200,0.006000,0.000000
1361,7.821486,5.161005,5.101500,2.213000,19001.000000,1294580431.000000,1815313720.000000,302825472.000000,273166336.000000,2004684800.000000,0.819200,69.000000,0.000700,0.000000,0.000000,0.000000,0.010700,0.000000,0.021700,0.000000,0.000000,0.000000,0.004700,0.002000,0.003200,0.005300,0.000000
1362,7.826840,5.372201,5.407700,2.330200,19001.000000,1294664003.000000,1815395640.000000,302825472.000000,273166336.000000,2004688896.000000,0.908700,69.000000,0.000800,0.000000,0.000000,0.000000,0.013600,0.000000,0.010600,0.000000,0.000000,0.000000,0.004800,0.002200,0.003000,0.006500,0.000000
1363,7.833004,6.123795,6.059200,2.834900,19001.000000,1294663731.000000,1815395640.000000,302825472.000000,273166336.000000,2004688896.000000,0.740900,69.000000,0.593100,0.039700,0.017500,0.470000,0.010400,0.026800,0.010100,0.000400,0.000300,0.000700,0.005300,0.002300,0.003000,0.007100,0.000000
1364,7.838781,5.794104,5.812200,2.268000,19001.000000,1294579975.000000,1815313720.000000,302825472.000000,273166336.000000,2004688896.000000,0.775900,69.000000,0.000500,0.000000,0.000000,0.000000,0.013400,0.000000,0.012100,0.000000,0.000000,0.000000,0.005000,0.002100,0.003400,0.006500,0.000000
1365,7.844387,5.607901,5.560800,2.290200,19001.000000,1294599759.000000,1815313720.000000,302825472.000000,273170432.000000,2004688896.000000,0.815700,69.000000,0.000900,0.000000,0.000000,0.000000,0.012400,0.000000,0.012200,0.000000,0.000000,0.000000,0.005800,0.001900,0.003500,0.007900,0.000000
1366,7.850590,6.199497,6.230900,2.881800,19001.000000,1294668627.000000,1815395640.000000,302825472.000000,273170432.000000,2004688896.000000,0.917100,69.000000,0.601600,0.041400,0.017600,0.482000,0.011600,0.026700,0.011100,0.000600,0.000300,0.000900,0.006000,0.002600,0.003700,0.006600,0.000000
1367,7.856405,5.815597,5.758000,2.370100,19001.000000,1294586883.000000,1815313720.000000,302825472.000000,273170432.000000,2004688896.000000,0.941900,69.000000,0.000500,0.000000,0.000000,0.000000,0.011500,0.000000,0.011600,0.000000,0.000000,0.000000,0.005500,0.002100,0.003200,0.006900,0.000000
1368,7.862088,5.688003,5.690000,2.434500,19001.000000,1294669175.000000,1815395640.000000,302825472.000000,273170432.000000,2004688896.000000,0.864700,69.000000,0.000600,0.000000,0.000000,0.000000,0.011100,0.000000,0.012100,0.000000,0.000000,0.000000,0.009500,0.002400,0.003600,0.007300,0.000000
1369,7.868361,6.251502,6.239500,2.810500,19137.000000,1294590621.000000,1815313720.000000,302825472.000000,273170432.000000,2004688896.000000,0.873600,69.000000,0.524400,0.036900,0.018300,0.416900,0.012900,0.016900,0.011200,0.000600,0.000300,0.000600,0.004700,0.003000,0.003500,0.007100,0.000000
1370,7.873837,5.474795,5.513300,2.267600,19001.000000,1294591327.000000,1815313720.000000,302825472.000000,273170432.000000,2004688896.000000,0.933800,69.000000,0.000600,0.000000,0.000000,0.000000,0.014600,0.000000,0.013300,0.000000,0.000000,0.000000,0.006200,0.002000,0.003900,0.008200,0.000000
1371,7.879132,5.327204,5.297400,2.206900,19001.000000,1294677915.000000,1815395640.000000,302825472.000000,273174528.000000,2004688896.000000,0.846600,69.000000,0.000900,0.000000,0.000000,0.000000,0.011900,0.000000,0.012200,0.000000,0.000000,0.000000,0.005800,0.002000,0.003700,0.008100,0.000000
1372,7.885490,6.359198,6.382700,2.865500,19001.000000,1294678387.000000,1815395640.000000,302825472.000000,273174528.000000,2004688896.000000,0.791000,69.000000,0.525800,0.037700,0.016600,0.414500,0.011100,0.023000,0.022500,0.000400,0.000300,0.000700,0.004800,0.002400,0.003300,0.005900,0.000000
1373,7.891038,5.530201,5.492800,2.340800,19001.000000,1294678151.000000,1815395640.000000,302825472.000000,273174528.000000,2004688896.000000,0.786600,69.000000,0.000800,0.000000,0.000000,0.000000,0.012400,0.000000,0.015400,0.000000,0.000000,0.000000,0.005100,0.002300,0.003500,0.005700,0.000000
1374,7.896325,5.307901,5.332900,2.303200,19001.000000,1294681103.000000,1815395640.000000,302825472.000000,273174528.000000,2004688896.000000,0.778000,69.000000,0.000700,0.000000,0.000000,0.000000,0.011300,0.000000,0.013200,0.000000,0.000000,0.000000,0.004800,0.002200,0.003300,0.006100,0.000000
1375,7.902514,6.179500,6.083900,2.973600,19001.000000,1294600815.000000,1815313720.000000,302825472.000000,273178624.000000,2004688896.000000,0.897100,69.000000,0.662700,0.041200,0.017500,0.550600,0.011100,0.024700,0.010800,0.000400,0.000400,0.000600,0.005400,0.002500,0.003300,0.005900,0.000000
1376,7.907819,5.305796,5.373400,2.245800,19001.000000,1294690071.000000,1815395640.000000,302825472.000000,273182720.000000,2004688896.000000,0.870800,69.000000,0.000600,0.000000,0.000000,0.000000,0.013400,0.000000,0.011200,0.000000,0.000000,0.000000,0.005300,0.002200,0.003700,0.007300,0.000000
1377,7.913049,5.200205,5.092600,2.144900,19001.000000,1294694819.000000,1815395640.000000,302825472.000000,273186816.000000,2004688896.000000,0.825900,69.000000,0.000500,0.000000,0.000000,0.000000,0.012200,0.000000,0.010900,0.000000,0.000000,0.000000,0.004800,0.002200,0.003200,0.006400,0.000000
1378,7.919218,6.206101,6.287100,2.905100,19001.000000,1294618367.000000,1815313720.000000,302825472.000000,273186816.000000,2004688896.000000,0.830100,69.000000,0.675200,0.043800,0.021900,0.539800,0.012900,0.032000,0.009100,0.000500,0.000200,0.000700,0.005800,0.002400,0.003900,0.006600,0.000000
1379,7.924288,5.071499,5.048800,2.032500,19053.000000,1294704419.000000,1815395640.000000,302825472.000000,273190912.000000,2004688896.000000,0.799700,69.000000,0.000800,0.000000,0.000000,0.000000,0.012900,0.000000,0.009900,0.000000,0.000000,0.000000,0.005300,0.001800,0.003400,0.007700,0.000000
1380,7.929610,5.314597,5.319100,2.053900,19001.000000,1294621831.000000,1815313720.000000,302825472.000000,273190912.000000,2004688896.000000,0.738400,69.000000,0.000800,0.000000,0.000000,0.000000,0.010200,0.000000,0.012600,0.000000,0.000000,0.000000,0.005000,0.002300,0.003100,0.007200,0.000000
1381,7.935712,6.076701,6.047100,2.909000,19001.000000,1294718071.000000,1815395640.000000,302825472.000000,273195008.000000,2004688896.000000,0.771000,69.000000,0.643800,0.035000,0.016400,0.543100,0.011200,0.016100,0.010800,0.000500,0.000200,0.000400,0.005700,0.002300,0.003500,0.005500,0.000000
1382,7.941121,5.436303,5.453400,2.310400,19001.000000,1294626979.000000,1815313720.000000,302825472.000000,273199104.000000,2004688896.000000,0.715300,69.000000,0.000600,0.000000,0.000000,0.000000,0.011700,0.000000,0.012700,0.000000,0.000000,0.000000,0.005000,0.002700,0.003100,0.007300,0.000000
1383,7.946971,5.837599,5.805000,2.184400,19001.000000,1294713839.000000,1815395640.000000,302825472.000000,273203200.000000,2004688896.000000,0.750100,69.000000,0.000900,0.000000,0.000000,0.000000,0.010700,0.000000,0.010900,0.000000,0.000000,0.000000,0.004800,0.002000,0.003500,0.007200,0.000000
1384,7.953043,6.066001,6.061900,2.887400,19001.000000,1294713731.000000,1815395640.000000,302825472.000000,273203200.000000,2004688896.000000,0.821000,69.000000,0.573100,0.035800,0.015100,0.467300,0.011100,0.019400,0.010300,0.000400,0.000300,0.000600,0.005900,0.002400,0.003000,0.006500,0.000000
1385,7.958575,5.540200,5.502100,2.284000,19001.000000,1294639303.000000,1815313720.000000,302825472.000000,273207296.000000,2004688896.000000,0.926900,69.000000,0.000700,0.000000,0.000000,0.000000,0.012300,0.000000,0.011600,0.000000,0.000000,0.000000,0.005300,0.002200,0.003900,0.006100,0.000000
1386,7.964231,5.638797,5.665300,2.173000,19001.000000,1294639687.000000,1815313720.000000,302825472.000000,273207296.000000,2004688896.000000,0.955100,69.000000,0.000800,0.000000,0.000000,0.000000,0.011300,0.000000,0.009600,0.000000,0.000000,0.000000,0.005100,0.002300,0.003600,0.007700,0.000000
1387,7.970602,6.371903,6.332500,3.021100,19001.000000,1294648455.000000,1815313720.000000,302825472.000000,273215488.000000,2004688896.000000,0.823100,69.000000,0.611900,0.088600,0.017000,0.447400,0.013500,0.022600,0.011200,0.000500,0.000300,0.001000,0.005600,0.002500,0.003400,0.006800,0.000000
1388,7.976105,5.522399,5.557400,2.207800,19001.000000,1294648831.000000,1815313720.000000,302825472.000000,273215488.000000,2004688896.000000,0.796500,69.000000,0.000700,0.000000,0.000000,0.000000,0.012000,0.000000,0.010400,0.000000,0.000000,0.000000,0.005700,0.001900,0.003200,0.007300,0.000000
1389,7.981961,5.840498,5.792900,2.346600,19001.000000,1294652895.000000,1815313720.000000,302825472.000000,273219584.000000,2004688896.000000,0.826800,69.000000,0.000700,0.000000,0.000000,0.000000,0.011400,0.000000,0.011700,0.000000,0.000000,0.000000,0.005800,0.002000,0.003500,0.007000,0.000000
1390,7.988776,6.818303,6.828700,3.271500,19001.000000,1294660187.000000,1815313720.000000,302825472.000000,273223680.000000,2004688896.000000,1.056100,69.000000,0.710600,0.040600,0.018400,0.586400,0.011900,0.026500,0.011400,0.000600,0.000300,0.000700,0.006200,0.002500,0.003400,0.006700,0.000000
1391,7.994350,5.561699,5.521100,2.244000,19001.000000,1294658387.000000,1815313720.000000,302825472.000000,273223680.000000,2004688896.000000,0.930600,69.000000,0.000700,0.000000,0.000000,0.000000,0.013000,0.000000,0.011000,0.000000,0.000000,0.000000,0.005800,0.002100,0.003300,0.007100,0.000000
1392,8.001051,6.723696,6.763100,3.293500,19001.000000,1294730149.000000,1815379256.000000,302825472.000000,273227776.000000,2004688896.000000,0.991000,69.000000,0.609300,0.045100,0.017200,0.489200,0.011300,0.024100,0.011100,0.000500,0.000300,0.000800,0.006300,0.002600,0.003400,0.006600,0.000000
1393,8.006986,5.936898,5.848300,2.508900,19001.000000,1294669807.000000,1815313720.000000,302825472.000000,273231872.000000,2004688896.000000,0.967800,69.000000,0.000800,0.000000,0.000000,0.000000,0.013300,0.000000,0.022700,0.000000,0.000000,0.000000,0.005000,0.002100,0.003400,0.007100,0.000000
1394,8.012742,5.719104,5.703400,2.341300,19001.000000,1294675231.000000,1815313720.000000,302825472.000000,273235968.000000,2004692992.000000,0.850000,69.000000,0.000700,0.000000,0.000000,0.000000,0.011200,0.000000,0.012100,0.000000,0.000000,0.000000,0.005800,0.002700,0.003400,0.007400,0.000000
1395,8.018876,6.171103,6.200800,2.941300,19137.000000,1294674803.000000,1815313720.000000,302825472.000000,273235968.000000,2004692992.000000,1.178400,69.000000,0.670000,0.032800,0.017300,0.565000,0.011800,0.018100,0.010700,0.000700,0.000300,0.000800,0.006100,0.002700,0.003900,0.006800,0.000000
1396,8.024170,5.305697,5.348000,2.124600,19001.000000,1294759767.000000,1815395640.000000,302825472.000000,273240064.000000,2004692992.000000,0.971200,69.000000,0.000800,0.000000,0.000000,0.000000,0.012500,0.000000,0.010800,0.000000,0.000000,0.000000,0.005400,0.002000,0.003700,0.007500,0.000000
1397,8.029556,5.328997,5.269200,2.167100,19001.000000,1294692859.000000,1815313720.000000,302825472.000000,273240064.000000,2004692992.000000,1.094100,69.000000,0.000700,0.000000,0.000000,0.000000,0.011200,0.000000,0.012000,0.000000,0.000000,0.000000,0.004900,0.002200,0.003300,0.006200,0.000000
1398,8.035681,6.155300,6.190700,2.984800,19001.000000,1294688439.000000,1815313720.000000,302825472.000000,273248256.000000,2004692992.000000,0.791100,69.000000,0.529500,0.031400,0.016800,0.430000,0.011200,0.017500,0.013300,0.000400,0.000300,0.000600,0.005700,0.002400,0.003200,0.005700,0.000000
1399,8.041089,5.429401,5.394800,2.277600,19001.000000,1294770659.000000,1815395640.000000,302825472.000000,273248256.000000,2004692992.000000,0.780400,69.000000,0.000700,0.000000,0.000000,0.000000,0.012700,0.000000,0.011600,0.000000,0.000000,0.000000,0.005600,0.002200,0.003600,0.007600,0.000000
1400,8.046252,5.169699,5.205400,2.167500,19001.000000,1294774643.000000,1815395640.000000,302825472.000000,273252352.000000,2004692992.000000,1.002200,69.000000,0.000600,0.000000,0.000000,0.000000,0.010400,0.000000,0.011700,0.000000,0.000000,0.000000,0.004800,0.002100,0.003300,0.006400,0.000000
1401,8.052256,5.966001,5.913100,2.862600,19001.000000,1294778267.000000,1815395640.000000,302825472.000000,273252352.000000,2004692992.000000,0.881900,69.000000,0.568600,0.043300,0.017300,0.458300,0.012000,0.022400,0.010400,0.000600,0.000300,0.000800,0.005000,0.002400,0.002900,0.005400,0.000000
1402,8.057534,5.316603,5.319400,2.254500,19001.000000,1294782659.000000,1815395640.000000,302825472.000000,273256448.000000,2004692992.000000,0.960700,69.000000,0.000800,0.000000,0.000000,0.000000,0.012200,0.000000,0.012000,0.000000,0.000000,0.000000,0.005400,0.002500,0.003700,0.007600,0.000000
1403,8.062976,5.427898,5.401900,2.357900,19001.000000,1294705543.000000,1815313720.000000,302825472.000000,273260544.000000,2004692992.000000,0.805800,69.000000,0.000900,0.000000,0.000000,0.000000,0.010500,0.000000,0.011600,0.000000,0.000000,0.000000,0.004700,0.002100,0.003600,0.007600,0.000000
1404,8.069188,6.220798,6.241900,2.900200,19001.000000,1294791943.000000,1815395640.000000,302825472.000000,273264640.000000,2004692992.000000,0.795600,69.000000,0.695200,0.035800,0.017000,0.582400,0.011300,0.024400,0.020300,0.000500,0.000300,0.000600,0.004700,0.002300,0.003400,0.006100,0.000000
1405,8.074678,5.473299,5.441300,2.242200,19001.000000,1294795959.000000,1815395640.000000,302825472.000000,273268736.000000,2004692992.000000,0.811300,69.000000,0.000500,0.000000,0.000000,0.000000,0.012500,0.000000,0.016100,0.000000,0.000000,0.000000,0.004700,0.002000,0.003100,0.006800,0.000000
1406,8.079931,5.274100,5.305200,2.164500,19001.000000,1294799263.000000,1815395640.000000,302825472.000000,273268736.000000,2004692992.000000,0.778400,69.000000,0.000600,0.000000,0.000000,0.000000,0.010300,0.000000,0.011000,0.000000,0.000000,0.000000,0.004800,0.002600,0.003400,0.006600,0.000000
1407,8.086576,6.638400,6.580400,2.839900,19001.000000,1294719783.000000,1815313720.000000,302825472.000000,273272832.000000,2004692992.000000,0.711800,69.000000,0.497900,0.035800,0.016600,0.395700,0.010100,0.016700,0.017400,0.000400,0.000300,0.000400,0.004600,0.002300,0.002900,0.005700,0.000000
1408,8.091888,5.303203,5.349500,2.293700,19001.000000,1294804907.000000,1815395640.000000,302825472.000000,273272832.000000,2004692992.000000,0.880800,69.000000,0.000600,0.000000,0.000000,0.000000,0.012900,0.000000,0.012100,0.000000,0.000000,0.000000,0.005800,0.002200,0.003300,0.007400,0.000000
1409,8.097198,5.305003,5.255700,2.225500,19001.000000,1294813475.000000,1815395640.000000,302825472.000000,273281024.000000,2004692992.000000,0.781400,69.000000,0.001000,0.000000,0.000000,0.000000,0.010300,0.000000,0.013200,0.000000,0.000000,0.000000,0.005100,0.002400,0.003900,0.005700,0.000000
1410,8.103272,6.078196,6.083800,2.930300,19001.000000,1294732279.000000,1815313720.000000,302825472.000000,273281024.000000,2004631552.000000,0.793000,69.000000,0.566800,0.044300,0.017000,0.448000,0.011900,0.025600,0.012000,0.000400,0.000200,0.000900,0.004800,0.041600,0.003500,0.006400,0.000000
1411,8.108502,5.250801,5.193500,2.041200,19001.000000,1294752071.000000,1815313720.000000,302825472.000000,273285120.000000,2004631552.000000,0.797200,69.000000,0.001300,0.000000,0.000000,0.000000,0.015000,0.000000,0.011200,0.000000,0.000000,0.000000,0.005200,0.002100,0.003400,0.007100,0.000000
1412,8.113436,4.913102,4.969500,2.008300,19001.000000,1294817083.000000,1815395640.000000,302825472.000000,273285120.000000,2004631552.000000,0.777900,69.000000,0.000500,0.000000,0.000000,0.000000,0.010600,0.000000,0.010000,0.000000,0.000000,0.000000,0.004800,0.001900,0.002200,0.006500,0.000000
1413,8.119801,6.374398,6.321000,2.719400,19001.000000,1294754219.000000,1815313720.000000,302825472.000000,273289216.000000,2004631552.000000,0.781100,69.000000,0.511400,0.036100,0.016600,0.401900,0.010300,0.021900,0.010900,0.000400,0.000300,0.000800,0.005200,0.002400,0.003200,0.006500,0.000000
1414,8.124779,4.991702,5.036200,2.015200,19053.000000,1294823147.000000,1815395640.000000,302825472.000000,273289216.000000,2004631552.000000,0.727700,69.000000,0.000600,0.000000,0.000000,0.000000,0.012200,0.000000,0.011700,0.000000,0.000000,0.000000,0.005600,0.002200,0.003300,0.007000,0.000000
1415,8.129869,5.065101,5.019500,2.034100,19001.000000,1294832319.000000,1815395640.000000,302825472.000000,273297408.000000,2004631552.000000,0.712600,69.000000,0.000900,0.000000,0.000000,0.000000,0.010300,0.000000,0.011200,0.000000,0.000000,0.000000,0.004600,0.002000,0.003500,0.007100,0.000000
1416,8.135682,5.817701,5.838800,2.709700,19001.000000,1294831955.000000,1815395640.000000,302825472.000000,273297408.000000,2004631552.000000,1.002300,69.000000,0.501600,0.034000,0.017100,0.399900,0.010700,0.016100,0.009900,0.000400,0.000200,0.000500,0.004500,0.002300,0.003500,0.005700,0.000000
1417,8.140910,5.251198,5.217400,2.232000,19001.000000,1294839491.000000,1815395640.000000,302825472.000000,273301504.000000,2004631552.000000,0.763000,69.000000,0.000600,0.000000,0.000000,0.000000,0.011500,0.000000,0.011000,0.000000,0.000000,0.000000,0.005300,0.002400,0.003500,0.007100,0.000000
1418,8.146238,5.313301,5.335200,2.270700,19001.000000,1294762271.000000,1815313720.000000,302825472.000000,273305600.000000,2004631552.000000,0.775800,69.000000,0.000600,0.000000,0.000000,0.000000,0.010300,0.000000,0.014500,0.000000,0.000000,0.000000,0.004500,0.002100,0.003400,0.006800,0.000000
1419,8.152184,5.916000,5.859700,2.838200,19001.000000,1294762819.000000,1815313720.000000,302825472.000000,273305600.000000,2004606976.000000,0.779300,69.000000,0.585300,0.035600,0.015500,0.481600,0.010500,0.020200,0.011700,0.000500,0.000200,0.000600,0.005200,0.002300,0.003500,0.006500,0.000000
1420,8.157720,5.549001,5.570400,2.264100,19001.000000,1294771123.000000,1815313720.000000,302825472.000000,273313792.000000,2004606976.000000,0.788300,69.000000,0.000900,0.000000,0.000000,0.000000,0.012300,0.000000,0.021500,0.000000,0.000000,0.000000,0.005300,0.002000,0.003400,0.006600,0.000000
1421,8.163587,5.880995,5.751900,2.417100,19001.000000,1294853063.000000,1815395640.000000,302825472.000000,273313792.000000,2004606976.000000,1.027300,69.000000,0.001000,0.000000,0.000000,0.000000,0.013400,0.000000,0.011800,0.000000,0.000000,0.000000,0.005300,0.002300,0.003600,0.007700,0.000000
1422,8.169974,6.359701,6.477300,2.965000,19137.000000,1294778223.000000,1815313720.000000,302825472.000000,273317888.000000,2004606976.000000,0.764900,69.000000,0.732400,0.059700,0.019500,0.587300,0.012400,0.026500,0.010500,0.000500,0.000300,0.000800,0.005500,0.002200,0.003300,0.007000,0.000000
1423,8.175425,5.488102,5.451900,2.355500,19001.000000,1294858283.000000,1815395640.000000,302825472.000000,273317888.000000,2004606976.000000,0.905200,69.000000,0.000700,0.000000,0.000000,0.000000,0.012400,0.000000,0.010200,0.000000,0.000000,0.000000,0.005500,0.002100,0.003500,0.006600,0.000000
1424,8.180839,5.410197,5.425200,2.324600,19001.000000,1294864939.000000,1815395640.000000,302825472.000000,273321984.000000,2004606976.000000,0.815200,69.000000,0.000600,0.000000,0.000000,0.000000,0.010800,0.000000,0.012100,0.000000,0.000000,0.000000,0.005000,0.002200,0.003600,0.006800,0.000000
1425,8.186749,5.911104,5.887100,2.813200,19001.000000,1294870427.000000,1815395640.000000,302825472.000000,273321984.000000,2004606976.000000,0.806000,69.000000,0.550100,0.048600,0.018600,0.434000,0.010400,0.019000,0.009300,0.000500,0.000300,0.000500,0.005200,0.002600,0.003300,0.005800,0.000000
1426,8.192079,5.299398,5.320300,2.240100,19001.000000,1294797911.000000,1815313720.000000,302825472.000000,273330176.000000,2004611072.000000,0.840800,69.000000,0.000600,0.000000,0.000000,0.000000,0.011800,0.000000,0.010700,0.000000,0.000000,0.000000,0.004600,0.002100,0.003200,0.007600,0.000000
1427,8.197396,5.324299,5.264000,2.209700,19001.000000,1294797919.000000,1815313720.000000,302825472.000000,273330176.000000,2004611072.000000,0.834000,69.000000,0.000600,0.000000,0.000000,0.000000,0.011400,0.000000,0.011000,0.000000,0.000000,0.000000,0.005200,0.001900,0.003900,0.007500,0.000000
1428,8.203736,6.347903,6.375300,2.988900,19001.000000,1294796955.000000,1815313720.000000,302825472.000000,273334272.000000,2004611072.000000,0.805600,69.000000,0.699400,0.038900,0.016600,0.583400,0.012000,0.024500,0.013300,0.000500,0.000300,0.000800,0.005900,0.002600,0.003600,0.006000,0.000000
1429,8.209433,5.697399,5.644000,2.283300,19001.000000,1294811867.000000,1815313720.000000,302825472.000000,273334272.000000,2004611072.000000,0.778600,69.000000,0.000600,0.000000,0.000000,0.000000,0.012900,0.000000,0.017000,0.000000,0.000000,0.000000,0.005100,0.002100,0.004000,0.007300,0.000000
1430,8.215187,5.747697,5.761600,2.136600,19001.000000,1294803115.000000,1815313720.000000,302825472.000000,273338368.000000,2004611072.000000,1.021400,69.000000,0.000600,0.000000,0.000000,0.000000,0.011600,0.000000,0.025300,0.000000,0.000000,0.000000,0.005500,0.002100,0.003500,0.007400,0.000000
1431,8.221113,5.945103,5.923400,2.754300,19001.000000,1294811735.000000,1815313720.000000,302825472.000000,273346560.000000,2004611072.000000,0.992100,69.000000,0.575900,0.033300,0.014700,0.465800,0.011700,0.023800,0.011500,0.000400,0.000300,0.000700,0.005600,0.002200,0.003100,0.006500,0.000000
1432,8.226380,5.250397,5.290400,2.110300,19001.000000,1294893539.000000,1815395640.000000,302825472.000000,273346560.000000,2004611072.000000,0.771400,69.000000,0.000500,0.000000,0.000000,0.000000,0.011800,0.000000,0.009900,0.000000,0.000000,0.000000,0.005500,0.001900,0.003300,0.007100,0.000000
1433,8.232183,5.802402,5.746900,2.733100,19001.000000,1294901059.000000,1815395640.000000,302825472.000000,273350656.000000,2004611072.000000,0.767400,69.000000,0.518800,0.036100,0.016200,0.416500,0.010200,0.016500,0.011400,0.000500,0.000400,0.000600,0.005600,0.003100,0.003500,0.005400,0.000000
1434,8.237321,5.156902,5.196100,2.205300,19001.000000,1294901355.000000,1815395640.000000,302825472.000000,273350656.000000,2004611072.000000,0.842300,69.000000,0.000800,0.000000,0.000000,0.000000,0.011900,0.000000,0.010700,0.000000,0.000000,0.000000,0.004900,0.002000,0.003900,0.005700,0.000000
1435,8.242483,5.156597,5.111100,2.148100,19001.000000,1294906235.000000,1815395640.000000,302825472.000000,273354752.000000,2004611072.000000,0.825900,69.000000,0.000600,0.000000,0.000000,0.000000,0.011100,0.000000,0.011300,0.000000,0.000000,0.000000,0.005000,0.001900,0.003500,0.006700,0.000000
1436,8.247750,5.253402,5.277100,2.180100,19001.000000,1294906515.000000,1815395640.000000,302825472.000000,273354752.000000,2004611072.000000,0.787100,69.000000,0.000800,0.000000,0.000000,0.000000,0.011400,0.000000,0.010800,0.000000,0.000000,0.000000,0.004500,0.001800,0.003400,0.006100,0.000000
1437,8.253522,5.756803,5.700600,2.691700,19001.000000,1294833003.000000,1815313720.000000,302825472.000000,273362944.000000,2004611072.000000,0.766800,69.000000,0.554100,0.032500,0.017200,0.444100,0.011900,0.024400,0.010000,0.000500,0.000400,0.000700,0.005000,0.002400,0.003500,0.006300,0.000000
1438,8.258720,5.225198,5.261000,2.186600,19001.000000,1294917887.000000,1815395640.000000,302825472.000000,273362944.000000,2004611072.000000,0.759000,69.000000,0.000800,0.000000,0.000000,0.000000,0.012800,0.000000,0.009800,0.000000,0.000000,0.000000,0.005900,0.002200,0.003500,0.007100,0.000000
1439,8.263802,5.086600,5.050100,2.068800,19001.000000,1294920103.000000,1815395640.000000,302825472.000000,273367040.000000,2004611072.000000,0.811200,69.000000,0.000600,0.000000,0.000000,0.000000,0.011500,0.000000,0.011000,0.000000,0.000000,0.000000,0.004900,0.002000,0.003500,0.006900,0.000000
1440,8.269775,5.953302,5.947000,2.692900,19001.000000,1294840711.000000,1815313720.000000,302825472.000000,273367040.000000,2004611072.000000,0.760200,68.000000,0.546500,0.042700,0.037000,0.406200,0.010100,0.024000,0.010300,0.000500,0.000300,0.000600,0.005300,0.002200,0.003600,0.005800,0.000000
1441,8.274972,5.213294,5.203000,2.075600,19001.000000,1294927523.000000,1815395640.000000,302825472.000000,273371136.000000,2004611072.000000,0.773300,69.000000,0.000400,0.000000,0.000000,0.000000,0.011600,0.000000,0.012600,0.000000,0.000000,0.000000,0.005700,0.001800,0.003100,0.007200,0.000000
1442,8.280333,5.354202,5.358300,2.127700,19001.000000,1294850759.000000,1815313720.000000,302825472.000000,273375232.000000,2004611072.000000,0.754900,69.000000,0.000500,0.000000,0.000000,0.000000,0.010000,0.000000,0.011800,0.000000,0.000000,0.000000,0.004900,0.002100,0.003200,0.006100,0.000000
1443,8.286675,6.333603,6.294300,2.882600,19001.000000,1294936515.000000,1815395640.000000,302825472.000000,273379328.000000,2004611072.000000,0.795700,69.000000,0.534000,0.038300,0.015800,0.426400,0.011600,0.016500,0.011200,0.000600,0.000300,0.000800,0.005700,0.002400,0.003700,0.005500,0.000000
1444,8.292454,5.742198,5.768900,2.486500,19001.000000,1294853179.000000,1815313720.000000,302825472.000000,273379328.000000,2004611072.000000,0.807100,69.000000,0.000700,0.000000,0.000000,0.000000,0.014300,0.000000,0.011900,0.000000,0.000000,0.000000,0.004900,0.002200,0.003400,0.007000,0.000000
1445,8.297969,5.543800,5.479400,2.296900,19001.000000,1294872459.000000,1815313720.000000,302825472.000000,273383424.000000,2004611072.000000,0.914900,69.000000,0.000800,0.000000,0.000000,0.000000,0.011500,0.000000,0.012100,0.000000,0.000000,0.000000,0.006200,0.002600,0.003400,0.006900,0.000000
1446,8.304473,6.511097,6.554400,3.003900,19001.000000,1294863943.000000,1815313720.000000,302825472.000000,273387520.000000,2004611072.000000,0.991300,69.000000,0.612300,0.036200,0.019700,0.485200,0.012200,0.037300,0.025000,0.000500,0.000400,0.000800,0.006400,0.002500,0.003200,0.006300,0.000000
1447,8.310079,5.594303,5.548500,2.235800,19001.000000,1294864263.000000,1815313720.000000,302825472.000000,273387520.000000,2004611072.000000,0.842600,69.000000,0.000900,0.000000,0.000000,0.000000,0.013200,0.000000,0.012000,0.000000,0.000000,0.000000,0.005700,0.002200,0.003400,0.007300,0.000000
1448,8.316112,5.959403,5.951100,2.825900,19001.000000,1294954435.000000,1815395640.000000,302825472.000000,273395712.000000,2004611072.000000,1.094200,69.000000,0.579300,0.038200,0.016100,0.463400,0.011600,0.024900,0.010700,0.000500,0.000400,0.000900,0.005500,0.003000,0.003600,0.006400,0.000000
1449,8.321695,5.697796,5.683700,2.469300,19137.000000,1294958463.000000,1815395640.000000,302825472.000000,273395712.000000,2004611072.000000,0.941700,68.000000,0.000500,0.000000,0.000000,0.000000,0.012000,0.000000,0.017900,0.000000,0.000000,0.000000,0.006500,0.002000,0.003600,0.007100,0.000000
1450,8.327239,5.517503,5.550300,2.356500,19053.000000,1294880631.000000,1815313720.000000,302825472.000000,273399808.000000,2004611072.000000,1.058100,69.000000,0.000600,0.000000,0.000000,0.000000,0.011200,0.000000,0.011100,0.000000,0.000000,0.000000,0.005100,0.002200,0.003100,0.007000,0.000000
1451,8.333809,6.564201,6.523400,3.176200,19001.000000,1294963519.000000,1815395640.000000,302825472.000000,273399808.000000,2004611072.000000,0.803100,69.000000,0.753200,0.038100,0.016600,0.633000,0.011600,0.025200,0.011300,0.000500,0.000300,0.001100,0.005800,0.002300,0.003500,0.007200,0.000000
1452,8.339044,5.249497,5.276700,2.153800,19001.000000,1294885979.000000,1815313720.000000,302825472.000000,273403904.000000,2004611072.000000,0.848600,69.000000,0.000700,0.000000,0.000000,0.000000,0.012800,0.000000,0.010900,0.000000,0.000000,0.000000,0.005300,0.002000,0.003300,0.007000,0.000000
1453,8.344133,5.106300,5.078900,2.061800,19001.000000,1294972031.000000,1815395640.000000,302825472.000000,273408000.000000,2004611072.000000,1.022900,69.000000,0.000800,0.000000,0.000000,0.000000,0.011500,0.000000,0.011200,0.000000,0.000000,0.000000,0.004800,0.001900,0.003200,0.007000,0.000000
1454,8.350060,5.894700,5.913400,2.653200,19001.000000,1294979523.000000,1815395640.000000,302825472.000000,273412096.000000,2004611072.000000,0.796600,68.000000,0.509900,0.033100,0.017800,0.409300,0.010400,0.017700,0.010400,0.000700,0.000200,0.000300,0.004800,0.002300,0.002700,0.005600,0.000000
1455,8.355529,5.487500,5.427600,2.214600,19001.000000,1294895695.000000,1815313720.000000,302825472.000000,273412096.000000,2004611072.000000,0.905400,69.000000,0.000600,0.000000,0.000000,0.000000,0.011900,0.000000,0.011700,0.000000,0.000000,0.000000,0.005400,0.002100,0.003100,0.007900,0.000000
1456,8.360827,5.287500,5.319800,2.193600,19001.000000,1294984747.000000,1815395640.000000,302825472.000000,273416192.000000,2004611072.000000,0.757200,69.000000,0.000600,0.000000,0.000000,0.000000,0.011700,0.000000,0.013200,0.000000,0.000000,0.000000,0.004400,0.002100,0.002400,0.006700,0.000000
1457,8.367549,6.703699,6.634200,3.109600,19001.000000,1294902655.000000,1815313720.000000,302825472.000000,273416192.000000,2004611072.000000,0.776600,69.000000,0.516100,0.036600,0.018000,0.408500,0.011700,0.017300,0.012300,0.000400,0.000300,0.000400,0.005700,0.002600,0.003100,0.006100,0.000000
1458,8.374107,6.488400,6.483700,2.620200,19001.000000,1294846057.000000,1815248184.000000,302825472.000000,273424384.000000,2004615168.000000,0.812200,69.000000,0.000600,0.000000,0.000000,0.000000,0.013800,0.000000,0.021500,0.000000,0.000000,0.000000,0.005600,0.002100,0.003200,0.006500,0.000000
1459,8.379912,5.895500,5.911000,2.422500,19001.000000,1294936501.000000,1815330104.000000,302825472.000000,273432576.000000,2004615168.000000,0.831900,69.000000,0.000800,0.000000,0.000000,0.000000,0.014400,0.000000,0.013200,0.000000,0.000000,0.000000,0.007400,0.002900,0.003400,0.008800,0.000000
1460,8.386087,6.173703,6.194400,2.894600,19001.000000,1294919035.000000,1815313720.000000,302825472.000000,273432576.000000,2004615168.000000,0.869300,69.000000,0.566100,0.053000,0.018500,0.445400,0.011700,0.016200,0.010700,0.000400,0.000400,0.000600,0.004900,0.002600,0.003800,0.005900,0.000000
1461,8.392038,5.851502,5.752800,2.232600,19001.000000,1294942465.000000,1815313720.000000,302825472.000000,273440768.000000,2004615168.000000,1.066900,69.000000,0.000700,0.000000,0.000000,0.000000,0.012600,0.000000,0.012300,0.000000,0.000000,0.000000,0.005200,0.002100,0.003100,0.006800,0.000000
1462,8.397580,5.634000,5.693100,2.462300,19001.000000,1295011447.000000,1815395640.000000,302825472.000000,273440768.000000,2004615168.000000,0.789800,69.000000,0.000800,0.000000,0.000000,0.000000,0.014200,0.000000,0.014000,0.000000,0.000000,0.000000,0.007400,0.002700,0.003400,0.008600,0.000000
1463,8.404053,6.477799,6.440900,2.951700,19001.000000,1294933719.000000,1815313720.000000,302825472.000000,273444864.000000,2004615168.000000,0.838100,69.000000,0.667000,0.033900,0.019600,0.551700,0.012000,0.023400,0.036700,0.000700,0.000100,0.000800,0.005200,0.002400,0.003700,0.006900,0.000000
1464,8.409923,5.853997,5.879800,2.335600,19001.000000,1294942391.000000,1815313720.000000,302825472.000000,273453056.000000,2004615168.000000,0.838400,69.000000,0.000500,0.000000,0.000000,0.000000,0.013000,0.000000,0.014500,0.000000,0.000000,0.000000,0.005200,0.002200,0.003800,0.006800,0.000000
1465,8.416664,6.759899,6.712100,3.188100,19001.000000,1294950427.000000,1815313720.000000,302825472.000000,273457152.000000,2004615168.000000,0.811500,69.000000,0.579200,0.037400,0.016900,0.471000,0.011000,0.018800,0.010300,0.000400,0.000300,0.000700,0.005300,0.002600,0.003300,0.006500,0.000000
1466,8.422364,5.694699,5.729300,2.459400,19001.000000,1295032727.000000,1815395640.000000,302825472.000000,273457152.000000,2004615168.000000,0.794000,69.000000,0.000600,0.000000,0.000000,0.000000,0.012300,0.000000,0.022800,0.000000,0.000000,0.000000,0.005800,0.002300,0.003100,0.007800,0.000000
1467,8.428223,5.847506,5.736800,2.311000,19001.000000,1294959483.000000,1815313720.000000,302825472.000000,273465344.000000,2004615168.000000,0.903400,69.000000,0.001000,0.000000,0.000000,0.000000,0.011600,0.000000,0.011200,0.000000,0.000000,0.000000,0.005600,0.002200,0.003900,0.006100,0.000000
1468,8.435081,6.842298,6.922400,3.032500,19001.000000,1294959615.000000,1815313720.000000,302825472.000000,273465344.000000,2004615168.000000,0.945100,69.000000,0.650100,0.069500,0.019700,0.485900,0.013000,0.030200,0.012100,0.000400,0.000300,0.000800,0.005600,0.002800,0.003700,0.007400,0.000000
1469,8.441435,6.282901,6.243300,2.502400,19001.000000,1294979661.000000,1815330104.000000,302825472.000000,273469440.000000,2004615168.000000,0.869100,69.000000,0.000800,0.000000,0.000000,0.000000,0.013200,0.000000,0.026000,0.000000,0.000000,0.000000,0.006000,0.002300,0.003700,0.006600,0.000000
1470,8.447304,5.956597,5.966900,2.608500,19001.000000,1294974559.000000,1815313720.000000,302825472.000000,273477632.000000,2004615168.000000,0.832200,69.000000,0.000800,0.000000,0.000000,0.000000,0.011100,0.000000,0.012200,0.000000,0.000000,0.000000,0.008500,0.002300,0.003200,0.007900,0.000000
1471,8.453954,6.630201,6.578900,3.009000,19001.000000,1294981311.000000,1815313720.000000,302825472.000000,273481728.000000,2004615168.000000,1.127000,69.000000,0.569600,0.043900,0.019300,0.440300,0.012200,0.029000,0.011100,0.000400,0.000200,0.000800,0.005900,0.002800,0.003600,0.008400,0.000000
1472,8.459934,6.010098,6.039600,2.406900,19001.000000,1294988039.000000,1815313720.000000,302825472.000000,273485824.000000,2004615168.000000,0.952800,69.000000,0.000600,0.000000,0.000000,0.000000,0.013700,0.000000,0.012800,0.000000,0.000000,0.000000,0.006100,0.002300,0.003900,0.007800,0.000000
1473,8.466416,6.484800,6.385300,3.079200,19001.000000,1295057883.000000,1815313720.000000,302825472.000000,273494016.000000,2004615168.000000,1.013400,69.000000,0.687600,0.038400,0.017800,0.578300,0.011900,0.018700,0.012200,0.000500,0.000300,0.000500,0.005700,0.002400,0.003500,0.006200,0.000000
1474,8.472481,5.989605,6.085200,2.529500,19137.000000,1295084191.000000,1815395640.000000,302825472.000000,273502208.000000,2004615168.000000,0.993900,69.000000,0.000600,0.000000,0.000000,0.000000,0.012400,0.000000,0.013900,0.000000,0.000000,0.000000,0.005900,0.002300,0.003400,0.007900,0.000000
1475,8.478892,6.491695,6.406600,2.644100,19001.000000,1294948125.000000,1815248184.000000,302825472.000000,273514496.000000,2004615168.000000,0.964100,69.000000,0.000600,0.000000,0.000000,0.000000,0.011700,0.000000,0.020600,0.000000,0.000000,0.000000,0.008000,0.002400,0.003700,0.008600,0.000000
1476,8.485369,6.467404,6.532800,3.020200,19001.000000,1295020991.000000,1815313720.000000,302825472.000000,273522688.000000,2004615168.000000,0.976000,69.000000,0.540400,0.036100,0.017100,0.433700,0.012800,0.018900,0.011500,0.000600,0.000300,0.000500,0.005800,0.002400,0.003700,0.006200,0.000000
1477,8.491377,5.987500,5.931600,2.555100,19001.000000,1295040415.000000,1815313720.000000,302825472.000000,273526784.000000,2004615168.000000,0.756600,69.000000,0.000700,0.000000,0.000000,0.000000,0.012900,0.000000,0.028200,0.000000,0.000000,0.000000,0.005600,0.002200,0.003600,0.006900,0.000000
1478,8.497138,5.777601,5.808800,2.562000,19001.000000,1295035751.000000,1815313720.000000,302825472.000000,273534976.000000,2004615168.000000,0.875100,69.000000,0.000800,0.000000,0.000000,0.000000,0.011900,0.000000,0.022200,0.000000,0.000000,0.000000,0.005800,0.002100,0.003700,0.007700,0.000000
1479,8.503679,6.538995,6.425900,3.083400,19001.000000,1295126587.000000,1815395640.000000,302825472.000000,273543168.000000,2004615168.000000,0.920600,69.000000,0.524800,0.036600,0.017000,0.419200,0.013500,0.016300,0.010700,0.000600,0.000300,0.000500,0.005800,0.002400,0.003600,0.006400,0.000000
1480,8.510558,6.793701,6.840000,2.513700,19001.000000,1295052663.000000,1815313720.000000,302825472.000000,273551360.000000,2004615168.000000,1.229300,69.000000,0.000900,0.000000,0.000000,0.000000,0.014700,0.000000,0.232800,0.000000,0.000000,0.000000,0.005600,0.002200,0.003500,0.007400,0.000000
1481,8.517650,7.175900,7.170400,3.424900,19001.000000,1295146271.000000,1815395640.000000,302825472.000000,273559552.000000,2004615168.000000,0.879100,69.000000,0.762100,0.045900,0.023300,0.620400,0.015300,0.024900,0.031300,0.000400,0.000500,0.000900,0.007500,0.002600,0.003800,0.008300,0.000000
1482,8.523348,5.693105,5.698300,2.369400,19001.000000,1295076739.000000,1815313720.000000,302825472.000000,273571840.000000,2004615168.000000,0.854500,69.000000,0.000700,0.000000,0.000000,0.000000,0.014300,0.000000,0.012200,0.000000,0.000000,0.000000,0.005700,0.002000,0.003700,0.009000,0.000000
1483,8.529108,5.778898,5.707000,2.329000,19053.000000,1295081795.000000,1815313720.000000,302825472.000000,273575936.000000,2004615168.000000,1.121100,69.000000,0.000800,0.000000,0.000000,0.000000,0.012000,0.000000,0.012800,0.000000,0.000000,0.000000,0.006500,0.002300,0.003800,0.007300,0.000000
1484,8.535771,6.644402,6.718100,3.206600,19001.000000,1295173059.000000,1815395640.000000,302825472.000000,273584128.000000,2004615168.000000,0.968300,69.000000,0.688800,0.037800,0.018200,0.572300,0.012500,0.024500,0.012300,0.000400,0.000300,0.000700,0.005800,0.002600,0.003600,0.006900,0.000000
1485,8.541769,6.015101,5.972600,2.514400,19001.000000,1295095047.000000,1815313720.000000,302825472.000000,273588224.000000,2004615168.000000,0.824000,69.000000,0.000700,0.000000,0.000000,0.000000,0.013400,0.000000,0.012500,0.000000,0.000000,0.000000,0.005100,0.002600,0.003400,0.007900,0.000000
1486,8.547818,6.035395,6.049300,2.524600,19001.000000,1295114567.000000,1815313720.000000,302825472.000000,273604608.000000,2004615168.000000,0.833000,69.000000,0.000600,0.000000,0.000000,0.000000,0.012200,0.000000,0.011700,0.000000,0.000000,0.000000,0.005800,0.002400,0.003700,0.007300,0.000000
1487,8.554469,6.644104,6.595800,3.132700,19001.000000,1295120107.000000,1815313720.000000,302825472.000000,273612800.000000,2004615168.000000,0.885900,69.000000,0.553900,0.037800,0.017800,0.444400,0.012100,0.017700,0.012100,0.000500,0.000300,0.000700,0.005800,0.002800,0.003300,0.006300,0.000000
1488,8.560616,6.173002,6.219200,2.370100,19001.000000,1295142801.000000,1815330104.000000,302825472.000000,273616896.000000,2004615168.000000,1.005000,69.000000,0.000700,0.000000,0.000000,0.000000,0.012800,0.000000,0.013100,0.000000,0.000000,0.000000,0.005400,0.002100,0.003700,0.008000,0.000000
1489,8.567051,6.415894,6.374700,3.032300,19001.000000,1295156085.000000,1815330104.000000,302825472.000000,273629184.000000,2004615168.000000,0.736800,68.000000,0.556700,0.036500,0.018100,0.442600,0.010600,0.022200,0.011300,0.000500,0.000400,0.001100,0.005200,0.002300,0.003500,0.006700,0.000000
1490,8.574127,7.039399,7.024100,2.671400,19001.000000,1295144935.000000,1815313720.000000,302825472.000000,273633280.000000,2004619264.000000,1.097500,69.000000,0.001000,0.000000,0.000000,0.000000,0.014500,0.000000,0.013000,0.000000,0.000000,0.000000,0.005900,0.002400,0.003600,0.007100,0.000000
1491,8.580106,6.031200,5.982400,2.499400,19001.000000,1295157143.000000,1815313720.000000,302825472.000000,273645568.000000,2004619264.000000,0.914500,69.000000,0.001100,0.000000,0.000000,0.000000,0.013300,0.000000,0.013400,0.000000,0.000000,0.000000,0.006900,0.002600,0.004100,0.007900,0.000000
1492,8.587031,6.920706,6.989700,3.343600,19001.000000,1295242675.000000,1815395640.000000,302825472.000000,273649664.000000,2004619264.000000,0.879000,69.000000,0.724600,0.042200,0.018000,0.606800,0.012800,0.025800,0.051500,0.000500,0.000300,0.000800,0.005800,0.002700,0.003500,0.006600,0.000000
1493,8.593197,6.134297,6.060900,2.539500,19001.000000,1295188159.000000,1815313720.000000,302825472.000000,273661952.000000,2004619264.000000,1.239700,69.000000,0.000900,0.000000,0.000000,0.000000,0.013700,0.000000,0.013900,0.000000,0.000000,0.000000,0.005700,0.002300,0.003700,0.006400,0.000000
1494,8.599981,6.827502,6.884100,3.334200,19001.000000,1295265167.000000,1815395640.000000,302825472.000000,273670144.000000,2004619264.000000,1.228500,69.000000,0.963800,0.035900,0.018300,0.844500,0.012700,0.025300,0.011900,0.000500,0.000300,0.000700,0.005800,0.014100,0.003700,0.007000,0.000000
1495,8.605574,5.592000,5.538500,2.196600,19001.000000,1295188051.000000,1815313720.000000,302825472.000000,273674240.000000,2004619264.000000,0.934000,69.000000,0.000900,0.000000,0.000000,0.000000,0.012600,0.000000,0.011500,0.000000,0.000000,0.000000,0.004700,0.002300,0.003700,0.007400,0.000000
1496,8.611043,5.450801,5.486800,2.290600,19001.000000,1295196131.000000,1815313720.000000,302825472.000000,273682432.000000,2004619264.000000,1.028900,68.000000,0.000800,0.000000,0.000000,0.000000,0.010800,0.000000,0.010800,0.000000,0.000000,0.000000,0.004900,0.002100,0.003300,0.007400,0.000000
1497,8.617340,6.301297,6.175400,2.933200,19001.000000,1295298419.000000,1815395640.000000,302825472.000000,273698816.000000,2004619264.000000,0.871800,69.000000,0.562400,0.035000,0.016700,0.449800,0.010500,0.023300,0.010500,0.000500,0.000200,0.000700,0.006000,0.002400,0.003100,0.005600,0.000000
1498,8.622943,5.595599,5.685300,2.380200,19137.000000,1295216735.000000,1815313720.000000,302825472.000000,273698816.000000,2004619264.000000,0.911500,69.000000,0.000600,0.000000,0.000000,0.000000,0.013800,0.000000,0.011700,0.000000,0.000000,0.000000,0.005600,0.002400,0.004200,0.008100,0.000000
1499,8.628672,5.725000,5.667600,2.303500,19001.000000,1295307667.000000,1815395640.000000,302825472.000000,273707008.000000,2004619264.000000,1.084400,69.000000,0.000800,0.000000,0.000000,0.000000,0.011400,0.000000,0.011300,0.000000,0.000000,0.000000,0.006000,0.002300,0.004000,0.007700,0.000000
1500,8.635065,6.400503,6.431300,3.040700,19001.000000,1295319811.000000,1815395640.000000,302825472.000000,273719296.000000,2004619264.000000,0.879400,69.000000,0.552900,0.036300,0.020600,0.435700,0.013300,0.022800,0.011100,0.000400,0.000300,0.000700,0.005700,0.002600,0.003800,0.007100,0.000000
1501,8.640720,5.666398,5.639000,2.346100,19001.000000,1295241703.000000,1815313720.000000,302825472.000000,273723392.000000,2004619264.000000,0.842500,69.000000,0.000500,0.000000,0.000000,0.000000,0.012600,0.000000,0.011700,0.000000,0.000000,0.000000,0.006300,0.002200,0.003400,0.007400,0.000000
1502,8.646181,5.468998,5.496900,2.132700,19001.000000,1295253167.000000,1815313720.000000,302825472.000000,273731584.000000,2004619264.000000,0.842900,69.000000,0.000500,0.000000,0.000000,0.000000,0.011500,0.000000,0.011600,0.000000,0.000000,0.000000,0.005300,0.002400,0.003600,0.005800,0.000000
1503,8.652096,5.884800,5.843500,2.806700,19001.000000,1295349335.000000,1815395640.000000,302825472.000000,273747968.000000,2004619264.000000,0.866800,69.000000,0.573200,0.040300,0.016700,0.458300,0.011100,0.023700,0.016200,0.000500,0.000300,0.000700,0.005400,0.002200,0.003300,0.005900,0.000000
1504,8.657303,5.241702,5.264200,2.230900,19001.000000,1295355967.000000,1815395640.000000,302825472.000000,273752064.000000,2004619264.000000,1.010400,69.000000,0.000600,0.000000,0.000000,0.000000,0.012200,0.000000,0.011700,0.000000,0.000000,0.000000,0.005600,0.002400,0.003600,0.007100,0.000000
1505,8.662600,5.284899,5.229300,2.252500,19001.000000,1295360823.000000,1815395640.000000,302825472.000000,273756160.000000,2004619264.000000,0.821900,69.000000,0.000700,0.000000,0.000000,0.000000,0.010700,0.000000,0.012100,0.000000,0.000000,0.000000,0.005200,0.002600,0.003400,0.007400,0.000000
1506,8.668884,6.297704,6.325400,2.855300,19001.000000,1295291751.000000,1815313720.000000,302825472.000000,273768448.000000,2004619264.000000,0.797500,69.000000,0.532400,0.037800,0.018500,0.417300,0.011900,0.023500,0.012700,0.000500,0.000200,0.000800,0.005500,0.002500,0.003800,0.006400,0.000000
1507,8.674454,5.541298,5.506300,2.238400,19001.000000,1295300319.000000,1815313720.000000,302825472.000000,273776640.000000,2004619264.000000,0.794800,69.000000,0.000600,0.000000,0.000000,0.000000,0.012100,0.000000,0.012900,0.000000,0.000000,0.000000,0.005000,0.002300,0.003400,0.007300,0.000000
1508,8.679715,5.293800,5.323300,2.197300,19001.000000,1295389467.000000,1815395640.000000,302825472.000000,273784832.000000,2004619264.000000,0.804100,69.000000,0.000600,0.000000,0.000000,0.000000,0.012100,0.000000,0.011700,0.000000,0.000000,0.000000,0.005200,0.002300,0.003300,0.006600,0.000000
1509,8.685510,5.799199,5.736700,2.661200,19001.000000,1295412831.000000,1815395640.000000,302825472.000000,273793024.000000,2004619264.000000,0.773700,69.000000,0.492000,0.035100,0.016800,0.391600,0.009700,0.015400,0.010500,0.000500,0.000300,0.000600,0.005400,0.002400,0.003400,0.005800,0.000000
1510,8.690610,5.078302,5.120900,2.071000,19001.000000,1295412191.000000,1815395640.000000,302825472.000000,273805312.000000,2004619264.000000,0.769700,69.000000,0.000700,0.000000,0.000000,0.000000,0.011600,0.000000,0.011400,0.000000,0.000000,0.000000,0.004900,0.002800,0.002900,0.006600,0.000000
1511,8.696032,5.439399,5.408800,2.245300,19001.000000,1295412695.000000,1815395640.000000,302825472.000000,273805312.000000,2004619264.000000,0.778400,69.000000,0.000600,0.000000,0.000000,0.000000,0.012300,0.000000,0.011400,0.000000,0.000000,0.000000,0.005100,0.002600,0.003200,0.006900,0.000000
1512,8.702244,6.202501,6.216500,2.916100,19001.000000,1295347487.000000,1815313720.000000,302825472.000000,273821696.000000,2004619264.000000,0.769300,69.000000,0.560100,0.042800,0.016300,0.447000,0.010300,0.022300,0.018600,0.000500,0.000300,0.000700,0.005000,0.002500,0.003000,0.005700,0.000000
1513,8.707609,5.353097,5.289100,2.098100,19001.000000,1295354871.000000,1815313720.000000,302825472.000000,273825792.000000,2004619264.000000,0.746400,69.000000,0.000500,0.000000,0.000000,0.000000,0.012800,0.000000,0.010700,0.000000,0.000000,0.000000,0.005300,0.002300,0.003200,0.006700,0.000000
1514,8.713045,5.409198,5.429000,2.289600,19001.000000,1295367583.000000,1815313720.000000,302825472.000000,273838080.000000,2004619264.000000,0.914700,69.000000,0.000700,0.000000,0.000000,0.000000,0.012200,0.000000,0.011000,0.000000,0.000000,0.000000,0.006000,0.002000,0.003500,0.006400,0.000000
1515,8.719673,6.626502,6.561900,2.841100,19001.000000,1295384895.000000,1815313720.000000,302825472.000000,273850368.000000,2004619264.000000,0.771100,69.000000,0.522700,0.038200,0.016400,0.416700,0.012500,0.018800,0.009900,0.000400,0.000300,0.000500,0.006000,0.002600,0.003700,0.005900,0.000000
1516,8.726477,6.821400,6.869000,3.035000,19001.000000,1295388943.000000,1815313720.000000,302825472.000000,273854464.000000,2004619264.000000,0.746500,69.000000,0.000900,0.000000,0.000000,0.000000,0.016000,0.000000,0.012200,0.000000,0.000000,0.000000,0.006000,0.002300,0.003800,0.007800,0.000000
1517,8.734020,7.533602,7.476700,3.716900,19053.000000,1295326861.000000,1815248184.000000,302825472.000000,273862656.000000,2004619264.000000,0.872100,69.000000,0.718200,0.040700,0.017200,0.596300,0.012600,0.025200,0.011900,0.000500,0.000300,0.000700,0.005900,0.002400,0.003700,0.007100,0.000000
1518,8.739967,5.981101,6.012000,2.265500,19001.000000,1295420401.000000,1815330104.000000,302825472.000000,273870848.000000,2004619264.000000,0.804300,69.000000,0.000700,0.000000,0.000000,0.000000,0.013200,0.000000,0.023000,0.000000,0.000000,0.000000,0.005900,0.002000,0.003600,0.008200,0.000000
1519,8.745522,5.556399,5.543300,2.193600,19001.000000,1295496399.000000,1815395640.000000,302825472.000000,273883136.000000,2004619264.000000,1.160000,69.000000,0.000800,0.000000,0.000000,0.000000,0.011700,0.000000,0.011500,0.000000,0.000000,0.000000,0.005200,0.002000,0.002900,0.007000,0.000000
1520,8.751524,5.974001,5.995200,2.874500,19001.000000,1295417359.000000,1815313720.000000,302825472.000000,273883136.000000,2004619264.000000,0.875000,68.000000,0.549100,0.043000,0.019300,0.417800,0.011700,0.022700,0.011600,0.000600,0.000400,0.000700,0.005000,0.002300,0.003500,0.006000,0.000000
1521,8.757242,5.706795,5.643100,2.367700,19001.000000,1295434079.000000,1815313720.000000,302825472.000000,273899520.000000,2004619264.000000,0.832900,69.000000,0.000600,0.000000,0.000000,0.000000,0.012900,0.000000,0.012400,0.000000,0.000000,0.000000,0.005600,0.002200,0.003400,0.006800,0.000000
1522,8.762442,5.236600,5.282200,2.241700,19001.000000,1295521339.000000,1815395640.000000,302825472.000000,273903616.000000,2004623360.000000,0.812300,69.000000,0.000500,0.000000,0.000000,0.000000,0.011900,0.000000,0.012300,0.000000,0.000000,0.000000,0.005900,0.002100,0.003300,0.007500,0.000000
1523,8.769020,6.560799,6.428700,2.882600,19001.000000,1295381513.000000,1815248184.000000,302825472.000000,273911808.000000,2004623360.000000,0.820700,69.000000,0.560400,0.036900,0.017900,0.439400,0.010500,0.024500,0.019600,0.000700,0.000300,0.000800,0.004600,0.002200,0.003600,0.007200,0.000000
1524,8.774618,5.597506,5.713400,2.225100,19137.000000,1295471013.000000,1815330104.000000,302825472.000000,273920000.000000,2004623360.000000,0.823000,69.000000,0.000800,0.000000,0.000000,0.000000,0.013900,0.000000,0.020200,0.000000,0.000000,0.000000,0.005700,0.002200,0.003500,0.006700,0.000000
1525,8.780157,5.557795,5.518100,2.264500,19001.000000,1295564011.000000,1815395640.000000,302825472.000000,273932288.000000,2004623360.000000,0.778700,69.000000,0.000800,0.000000,0.000000,0.000000,0.011500,0.000000,0.011800,0.000000,0.000000,0.000000,0.005200,0.002200,0.003500,0.005500,0.000000
1526,8.786258,6.104805,6.125900,2.832000,19001.000000,1295554927.000000,1815395640.000000,302825472.000000,273936384.000000,2004623360.000000,0.921400,69.000000,0.561300,0.063200,0.017000,0.415000,0.011300,0.025300,0.012000,0.000500,0.000400,0.000800,0.005400,0.002400,0.003400,0.006600,0.000000
1527,8.791782,5.509999,5.441800,2.371100,19001.000000,1295481843.000000,1815313720.000000,302825472.000000,273944576.000000,2004623360.000000,0.758400,69.000000,0.000500,0.000000,0.000000,0.000000,0.011300,0.000000,0.011600,0.000000,0.000000,0.000000,0.005200,0.002400,0.003200,0.006800,0.000000
1528,8.797554,5.772102,5.812300,2.347400,19001.000000,1295489899.000000,1815313720.000000,302825472.000000,273952768.000000,2004623360.000000,0.803200,69.000000,0.000800,0.000000,0.000000,0.000000,0.010700,0.000000,0.011700,0.000000,0.000000,0.000000,0.005600,0.002200,0.003300,0.007000,0.000000
1529,8.803530,5.982696,5.944300,2.804800,19001.000000,1295584035.000000,1815395640.000000,302825472.000000,273960960.000000,2004623360.000000,0.954500,69.000000,0.529400,0.036900,0.017200,0.423300,0.011600,0.018000,0.010400,0.000400,0.000300,0.000500,0.005400,0.002300,0.003800,0.006000,0.000000
1530,8.808865,5.336203,5.364500,2.268900,19001.000000,1295515159.000000,1815313720.000000,302825472.000000,273973248.000000,2004623360.000000,0.804100,69.000000,0.000800,0.000000,0.000000,0.000000,0.012200,0.000000,0.012300,0.000000,0.000000,0.000000,0.005200,0.002100,0.003400,0.007500,0.000000
1531,8.813941,5.021202,4.989400,2.043100,19001.000000,1295605691.000000,1815395640.000000,302825472.000000,273981440.000000,2004623360.000000,0.894900,69.000000,0.000600,0.000000,0.000000,0.000000,0.010700,0.000000,0.011400,0.000000,0.000000,0.000000,0.006700,0.002000,0.003300,0.006900,0.000000
1532,8.819982,6.100900,6.125600,2.950200,19001.000000,1295613775.000000,1815395640.000000,302825472.000000,273989632.000000,2004623360.000000,0.807200,69.000000,0.579100,0.037900,0.017500,0.475800,0.011000,0.015800,0.009800,0.000500,0.000300,0.000600,0.008200,0.002300,0.003200,0.006000,0.000000
1533,8.825060,5.085594,5.043900,2.041800,19001.000000,1295617711.000000,1815395640.000000,302825472.000000,273993728.000000,2004623360.000000,0.770900,69.000000,0.000500,0.000000,0.000000,0.000000,0.011400,0.000000,0.010800,0.000000,0.000000,0.000000,0.004700,0.002100,0.003400,0.006900,0.000000
1534,8.830340,5.264002,5.289600,2.095600,19001.000000,1295628879.000000,1815395640.000000,302825472.000000,274001920.000000,2004623360.000000,0.769400,69.000000,0.000600,0.000000,0.000000,0.000000,0.010600,0.000000,0.011500,0.000000,0.000000,0.000000,0.005100,0.002200,0.002800,0.006700,0.000000
1535,8.836389,6.057702,6.008300,2.952400,19001.000000,1295553247.000000,1815313720.000000,302825472.000000,274010112.000000,2004623360.000000,0.783700,69.000000,0.531900,0.032700,0.017600,0.422800,0.009900,0.023700,0.010400,0.000300,0.000300,0.000600,0.005300,0.002300,0.003100,0.005800,0.000000
1536,8.841542,5.159999,5.195800,2.174200,19001.000000,1295649995.000000,1815395640.000000,302825472.000000,274022400.000000,2004623360.000000,0.773400,69.000000,0.000800,0.000000,0.000000,0.000000,0.012300,0.000000,0.010100,0.000000,0.000000,0.000000,0.005200,0.002100,0.003100,0.007200,0.000000
1537,8.846704,5.163499,5.102000,2.119900,19001.000000,1295654851.000000,1815395640.000000,302825472.000000,274026496.000000,2004623360.000000,0.880800,69.000000,0.000600,0.000000,0.000000,0.000000,0.010300,0.000000,0.010300,0.000000,0.000000,0.000000,0.004400,0.001900,0.003000,0.005400,0.000000
1538,8.852644,5.905003,5.933100,2.860000,19001.000000,1295668283.000000,1815395640.000000,302825472.000000,274038784.000000,2004623360.000000,1.009900,69.000000,0.496900,0.033900,0.017300,0.393500,0.010400,0.017800,0.012300,0.000500,0.000300,0.000500,0.004900,0.002600,0.003500,0.005800,0.000000
1539,8.858410,5.771698,5.717400,2.271400,19001.000000,1295594391.000000,1815313720.000000,302825472.000000,274046976.000000,2004623360.000000,0.796600,69.000000,0.000700,0.000000,0.000000,0.000000,0.011500,0.000000,0.011400,0.000000,0.000000,0.000000,0.005900,0.002400,0.003400,0.006900,0.000000
1540,8.863827,5.425602,5.457900,2.202900,19001.000000,1295683931.000000,1815395640.000000,302825472.000000,274055168.000000,2004623360.000000,0.770100,69.000000,0.000900,0.000000,0.000000,0.000000,0.013000,0.000000,0.013200,0.000000,0.000000,0.000000,0.006000,0.002400,0.003800,0.007300,0.000000
1541,8.870249,6.415101,6.384900,3.264900,19001.000000,1295706807.000000,1815395640.000000,302825472.000000,274063360.000000,2004623360.000000,0.798700,69.000000,0.899400,0.045800,0.017800,0.776400,0.011800,0.027800,0.012400,0.000400,0.000300,0.000800,0.005100,0.002200,0.003400,0.006600,0.000000
1542,8.875769,5.544997,5.580000,2.435500,19001.000000,1295710031.000000,1815395640.000000,302825472.000000,274079744.000000,2004623360.000000,0.914600,69.000000,0.000700,0.000000,0.000000,0.000000,0.012100,0.000000,0.012100,0.000000,0.000000,0.000000,0.004900,0.002700,0.003400,0.006600,0.000000
1543,8.881377,5.600199,5.547000,2.474200,19001.000000,1295632827.000000,1815313720.000000,302825472.000000,274083840.000000,2004623360.000000,0.805700,69.000000,0.000600,0.000000,0.000000,0.000000,0.011100,0.000000,0.029300,0.000000,0.000000,0.000000,0.005100,0.005500,0.003500,0.006100,0.000000
1544,8.887471,6.084800,6.113800,2.895800,19001.000000,1295719331.000000,1815395640.000000,302825472.000000,274087936.000000,2004623360.000000,0.791400,69.000000,0.505700,0.032000,0.015300,0.408200,0.010600,0.018700,0.012800,0.000500,0.000200,0.000600,0.005100,0.002700,0.003100,0.005400,0.000000
1545,8.893471,5.974001,5.893100,2.355900,19001.000000,1295657143.000000,1815313720.000000,302825472.000000,274104320.000000,2004623360.000000,0.886100,69.000000,0.000800,0.000000,0.000000,0.000000,0.011700,0.000000,0.015300,0.000000,0.000000,0.000000,0.005100,0.002500,0.003400,0.006700,0.000000
1546,8.899441,6.007100,6.031200,2.788500,19001.000000,1295656951.000000,1815313720.000000,302825472.000000,274104320.000000,2004623360.000000,1.038300,69.000000,0.580400,0.038300,0.017100,0.454700,0.011900,0.032200,0.012500,0.000400,0.000200,0.000900,0.005400,0.002400,0.003600,0.007200,0.000000
1547,8.904745,5.283397,5.261000,2.140400,19001.000000,1295670183.000000,1815313720.000000,302825472.000000,274116608.000000,2004623360.000000,0.889000,69.000000,0.000700,0.000000,0.000000,0.000000,0.011500,0.000000,0.011000,0.000000,0.000000,0.000000,0.005100,0.001800,0.003300,0.007300,0.000000
1548,8.909958,5.211303,5.254100,2.117900,19001.000000,1295760579.000000,1815395640.000000,302825472.000000,274124800.000000,2004623360.000000,0.793100,69.000000,0.000500,0.000000,0.000000,0.000000,0.011200,0.000000,0.010200,0.000000,0.000000,0.000000,0.005900,0.001900,0.003400,0.006300,0.000000
1549,8.916141,6.207603,6.168500,3.046600,19001.000000,1295768975.000000,1815395640.000000,302825472.000000,274132992.000000,2004623360.000000,0.811500,69.000000,0.552700,0.040300,0.017400,0.440100,0.010000,0.023200,0.012400,0.000500,0.000300,0.000600,0.005100,0.002500,0.003500,0.005400,0.000000
1550,8.921770,5.580400,5.548500,2.455500,19001.000000,1295776055.000000,1815395640.000000,302825472.000000,274137088.000000,2004623360.000000,0.839200,69.000000,0.000700,0.000000,0.000000,0.000000,0.012300,0.000000,0.016800,0.000000,0.000000,0.000000,0.004900,0.002800,0.003300,0.006600,0.000000
1551,8.927361,5.628394,5.622700,2.401000,19137.000000,1295790535.000000,1815395640.000000,302825472.000000,274153472.000000,2004623360.000000,0.799900,69.000000,0.000800,0.000000,0.000000,0.000000,0.011000,0.000000,0.035800,0.000000,0.000000,0.000000,0.004800,0.002100,0.003200,0.006500,0.000000
1552,8.933398,6.009106,6.038000,2.884000,19053.000000,1295718751.000000,1815313720.000000,302825472.000000,274161664.000000,2004623360.000000,0.812100,69.000000,0.608700,0.076200,0.019300,0.455400,0.010500,0.026900,0.010900,0.000400,0.000300,0.000900,0.005100,0.002400,0.003500,0.006400,0.000000
1553,8.938705,5.331796,5.249500,2.116000,19001.000000,1295731575.000000,1815313720.000000,302825472.000000,274173952.000000,2004623360.000000,0.804500,69.000000,0.000800,0.000000,0.000000,0.000000,0.013700,0.000000,0.010900,0.000000,0.000000,0.000000,0.005600,0.002000,0.003700,0.007600,0.000000
1554,8.943921,5.232702,5.310100,2.180200,19001.000000,1295823227.000000,1815395640.000000,302825472.000000,274182144.000000,2004627456.000000,0.827000,69.000000,0.000800,0.000000,0.000000,0.000000,0.013000,0.000000,0.011600,0.000000,0.000000,0.000000,0.005200,0.002200,0.003700,0.008400,0.000000
1555,8.949612,5.694799,5.636000,2.590200,19001.000000,1295831351.000000,1815395640.000000,302825472.000000,274190336.000000,2004627456.000000,0.773800,69.000000,0.501400,0.034400,0.017700,0.398700,0.011500,0.016800,0.011000,0.000600,0.000400,0.000400,0.005500,0.002500,0.003200,0.005100,0.000000
1556,8.954764,5.126899,5.156100,2.032500,19001.000000,1295756539.000000,1815313720.000000,302825472.000000,274198528.000000,2004627456.000000,1.009500,69.000000,0.000800,0.000000,0.000000,0.000000,0.011900,0.000000,0.010900,0.000000,0.000000,0.000000,0.004500,0.001800,0.003200,0.006400,0.000000
1557,8.960367,5.613599,5.574500,2.372100,19001.000000,1295865839.000000,1815395640.000000,302825472.000000,274210816.000000,2004627456.000000,0.747400,69.000000,0.000600,0.000000,0.000000,0.000000,0.011300,0.000000,0.010900,0.000000,0.000000,0.000000,0.005900,0.001800,0.003200,0.007400,0.000000
1558,8.966352,5.999001,6.041700,2.819300,19001.000000,1295869635.000000,1815395640.000000,302825472.000000,274227200.000000,2004627456.000000,0.771100,69.000000,0.541600,0.043600,0.016500,0.436400,0.010400,0.017400,0.012800,0.000500,0.000500,0.000600,0.004700,0.002200,0.003800,0.005200,0.000000
1559,8.972432,6.025198,5.949700,2.304300,19001.000000,1295792183.000000,1815313720.000000,302825472.000000,274231296.000000,2004627456.000000,0.763900,69.000000,0.000700,0.000000,0.000000,0.000000,0.011800,0.000000,0.012300,0.000000,0.000000,0.000000,0.004700,0.002300,0.003300,0.006300,0.000000
1560,8.978290,5.879004,5.921100,2.704000,19001.000000,1295886531.000000,1815395640.000000,302825472.000000,274243584.000000,2004627456.000000,0.786900,69.000000,0.000500,0.000000,0.000000,0.000000,0.012500,0.000000,0.012200,0.000000,0.000000,0.000000,0.005900,0.002400,0.003700,0.007600,0.000000
1561,8.984057,5.800397,5.764300,2.701900,19001.000000,1295902379.000000,1815395640.000000,302825472.000000,274251776.000000,2004627456.000000,0.878900,69.000000,0.538000,0.039600,0.023400,0.422800,0.011500,0.018700,0.010500,0.000400,0.000400,0.000600,0.005400,0.002300,0.004000,0.006100,0.000000
1562,8.990025,5.936104,5.961500,2.095300,19001.000000,1295906795.000000,1815395640.000000,302825472.000000,274255872.000000,2004627456.000000,0.790500,69.000000,0.000600,0.000000,0.000000,0.000000,0.012900,0.000000,0.010400,0.000000,0.000000,0.000000,0.004800,0.002000,0.003500,0.006600,0.000000
1563,8.995947,5.949100,5.810400,2.354500,19001.000000,1295923939.000000,1815395640.000000,302825472.000000,274272256.000000,2004627456.000000,0.796200,69.000000,0.000800,0.000000,0.000000,0.000000,0.011200,0.000000,0.011100,0.000000,0.000000,0.000000,0.004900,0.002100,0.003500,0.007200,0.000000
1564,9.002616,6.661699,6.743600,3.223800,19001.000000,1295850139.000000,1815313720.000000,302825472.000000,274284544.000000,2004627456.000000,0.746800,69.000000,0.693500,0.040100,0.017100,0.584700,0.010500,0.022400,0.010200,0.000400,0.000300,0.000700,0.004700,0.002300,0.003300,0.005500,0.000000
1565,9.007684,5.072003,5.069000,2.119400,19001.000000,1295932023.000000,1815395640.000000,302825472.000000,274284544.000000,2004627456.000000,0.738700,69.000000,0.000700,0.000000,0.000000,0.000000,0.012700,0.000000,0.010200,0.000000,0.000000,0.000000,0.005500,0.001900,0.003200,0.007300,0.000000
1566,9.012775,5.067198,5.092300,2.131400,19001.000000,1295955471.000000,1815395640.000000,302825472.000000,274305024.000000,2004627456.000000,0.833300,69.000000,0.000600,0.000000,0.000000,0.000000,0.010400,0.000000,0.011300,0.000000,0.000000,0.000000,0.005300,0.002300,0.003800,0.006500,0.000000
1567,9.018325,5.568601,5.512300,2.543400,19001.000000,1295957667.000000,1815395640.000000,302825472.000000,274309120.000000,2004627456.000000,0.910700,69.000000,0.501200,0.031700,0.016300,0.404800,0.010700,0.015600,0.010900,0.000500,0.000200,0.000600,0.005500,0.002600,0.003300,0.005600,0.000000
1568,9.023374,5.053501,5.097000,2.072300,19001.000000,1295964731.000000,1815395640.000000,302825472.000000,274313216.000000,2004627456.000000,0.749200,68.000000,0.001000,0.000000,0.000000,0.000000,0.013100,0.000000,0.012300,0.000000,0.000000,0.000000,0.005100,0.002200,0.003500,0.006700,0.000000
1569,9.028468,5.095096,5.047400,2.078200,19001.000000,1295985623.000000,1815395640.000000,302825472.000000,274333696.000000,2004627456.000000,0.784000,69.000000,0.000600,0.000000,0.000000,0.000000,0.011400,0.000000,0.012200,0.000000,0.000000,0.000000,0.004500,0.002100,0.003300,0.007700,0.000000
1570,9.034423,5.924001,5.947100,2.667300,19001.000000,1295998979.000000,1815395640.000000,302825472.000000,274345984.000000,2004627456.000000,0.719300,69.000000,0.498100,0.033900,0.017100,0.400400,0.010900,0.014400,0.010500,0.000400,0.000200,0.000500,0.004900,0.002400,0.003700,0.006000,0.000000
1571,9.040011,5.611097,5.564400,2.276500,19001.000000,1296011443.000000,1815395640.000000,302825472.000000,274358272.000000,2004627456.000000,0.734400,69.000000,0.000600,0.000000,0.000000,0.000000,0.011900,0.000000,0.011000,0.000000,0.000000,0.000000,0.005600,0.002400,0.003600,0.007300,0.000000
1572,9.045653,5.641206,5.664900,2.253000,19001.000000,1295932191.000000,1815313720.000000,302825472.000000,274362368.000000,2004627456.000000,0.732400,69.000000,0.000600,0.000000,0.000000,0.000000,0.011300,0.000000,0.011000,0.000000,0.000000,0.000000,0.005000,0.002300,0.003400,0.006000,0.000000
1573,9.051722,6.056094,6.019300,2.826500,19001.000000,1296041567.000000,1815395640.000000,302825472.000000,274374656.000000,2004627456.000000,0.771400,69.000000,0.509100,0.032700,0.015600,0.400600,0.011500,0.026000,0.013300,0.000600,0.000400,0.000400,0.020300,0.002400,0.003700,0.005300,0.000000
1574,9.057574,5.868800,5.808400,2.517200,19001.000000,1295958755.000000,1815313720.000000,302825472.000000,274386944.000000,2004627456.000000,0.789400,69.000000,0.000800,0.000000,0.000000,0.000000,0.012000,0.000000,0.020500,0.000000,0.000000,0.000000,0.004800,0.002500,0.003800,0.006900,0.000000
1575,9.063755,6.175801,6.203900,2.652400,19001.000000,1295983635.000000,1815313720.000000,302825472.000000,274395136.000000,2004627456.000000,0.870000,69.000000,0.000700,0.000000,0.000000,0.000000,0.011600,0.000000,0.021300,0.000000,0.000000,0.000000,0.005100,0.001900,0.003700,0.007000,0.000000
1576,9.070098,6.323200,6.354500,2.944100,19001.000000,1295971975.000000,1815313720.000000,302825472.000000,274399232.000000,2004627456.000000,0.810000,69.000000,0.575800,0.037600,0.017400,0.468900,0.012400,0.015700,0.015100,0.000400,0.000300,0.000400,0.006000,0.002500,0.003500,0.006100,0.000000
1577,9.075649,5.573101,5.457400,2.225700,19001.000000,1295991959.000000,1815313720.000000,302825472.000000,274415616.000000,2004627456.000000,0.926600,69.000000,0.000700,0.000000,0.000000,0.000000,0.013100,0.000000,0.011100,0.000000,0.000000,0.000000,0.005900,0.002300,0.003400,0.008100,0.000000
1578,9.081159,5.507901,5.604600,2.297800,19137.000000,1295996711.000000,1815313720.000000,302825472.000000,274419712.000000,2004627456.000000,0.921400,69.000000,0.000700,0.000000,0.000000,0.000000,0.010800,0.000000,0.011900,0.000000,0.000000,0.000000,0.005200,0.002200,0.003200,0.007700,0.000000
1579,9.087822,6.653302,6.610900,3.018300,19001.000000,1296090927.000000,1815395640.000000,302825472.000000,274432000.000000,2004627456.000000,1.162300,69.000000,0.511700,0.035100,0.015500,0.403000,0.012900,0.017400,0.244700,0.000500,0.000200,0.000400,0.005400,0.002400,0.003300,0.005500,0.000000
1580,9.093483,5.651495,5.687000,2.346400,19001.000000,1296103503.000000,1815395640.000000,302825472.000000,274444288.000000,2004627456.000000,0.951200,69.000000,0.000600,0.000000,0.000000,0.000000,0.013500,0.000000,0.013000,0.000000,0.000000,0.000000,0.005100,0.002300,0.003400,0.006900,0.000000
1581,9.099752,6.284800,6.231900,2.858000,19001.000000,1296112219.000000,1815379256.000000,302825472.000000,274452480.000000,2004627456.000000,1.088500,69.000000,0.562200,0.033400,0.017500,0.455600,0.011600,0.016300,0.010700,0.000500,0.000300,0.000500,0.005500,0.002300,0.003300,0.006400,0.000000
1582,9.105117,5.374100,5.412200,2.205100,19001.000000,1296040687.000000,1815313720.000000,302825472.000000,274460672.000000,2004627456.000000,0.829200,69.000000,0.000600,0.000000,0.000000,0.000000,0.012700,0.000000,0.010900,0.000000,0.000000,0.000000,0.004800,0.002700,0.003300,0.007400,0.000000
1583,9.110500,5.372902,5.301000,2.221700,19001.000000,1296047183.000000,1815313720.000000,302825472.000000,274468864.000000,2004627456.000000,0.903800,69.000000,0.000700,0.000000,0.000000,0.000000,0.010200,0.000000,0.011100,0.000000,0.000000,0.000000,0.006300,0.002100,0.003600,0.006700,0.000000
1584,9.116245,5.753997,5.809800,2.739800,19001.000000,1296139803.000000,1815395640.000000,302825472.000000,274477056.000000,2004627456.000000,0.862900,69.000000,0.507300,0.031800,0.016000,0.408200,0.010200,0.017200,0.010900,0.000600,0.000300,0.000400,0.005600,0.002300,0.003300,0.005200,0.000000
1585,9.121889,5.647102,5.597500,2.491300,19001.000000,1296074727.000000,1815313720.000000,302825472.000000,274493440.000000,2004627456.000000,0.882000,69.000000,0.000600,0.000000,0.000000,0.000000,0.012000,0.000000,0.011200,0.000000,0.000000,0.000000,0.005300,0.002200,0.003300,0.005600,0.000000
1586,9.127269,5.376502,5.351200,2.279800,19001.000000,1296166283.000000,1815395640.000000,302825472.000000,274501632.000000,2004631552.000000,0.815800,69.000000,0.000600,0.000000,0.000000,0.000000,0.011300,0.000000,0.030000,0.000000,0.000000,0.000000,0.006300,0.001900,0.003300,0.007000,0.000000
1587,9.133740,6.445600,6.437600,3.064200,19001.000000,1296183007.000000,1815395640.000000,302825472.000000,274518016.000000,2004631552.000000,0.809500,69.000000,0.760100,0.076500,0.018500,0.607800,0.011300,0.024300,0.010500,0.000400,0.000300,0.000800,0.005300,0.002500,0.003500,0.006800,0.000000
1588,9.138930,5.220897,5.262900,2.113500,19053.000000,1296186015.000000,1815395640.000000,302825472.000000,274522112.000000,2004635648.000000,0.958400,69.000000,0.000600,0.000000,0.000000,0.000000,0.012200,0.000000,0.012200,0.000000,0.000000,0.000000,0.005500,0.002000,0.003800,0.006600,0.000000
1589,9.144162,5.228203,5.185900,2.100600,19001.000000,1296205207.000000,1815395640.000000,302825472.000000,274526208.000000,2004635648.000000,0.770800,69.000000,0.000800,0.000000,0.000000,0.000000,0.011200,0.000000,0.012200,0.000000,0.000000,0.000000,0.004600,0.002200,0.003200,0.007000,0.000000
1590,9.149972,5.796400,5.824300,2.675700,19001.000000,1296212539.000000,1815395640.000000,302825472.000000,274546688.000000,2004635648.000000,0.790100,69.000000,0.511300,0.033600,0.017800,0.407100,0.011100,0.019300,0.011900,0.000600,0.000200,0.000500,0.004900,0.002500,0.003900,0.005600,0.000000
1591,9.155229,5.277997,5.236900,2.139900,19001.000000,1296221523.000000,1815395640.000000,302825472.000000,274554880.000000,2004635648.000000,0.753500,69.000000,0.000700,0.000000,0.000000,0.000000,0.012100,0.000000,0.011600,0.000000,0.000000,0.000000,0.004700,0.002000,0.003200,0.006100,0.000000
1592,9.160456,5.223703,5.246000,2.141300,19001.000000,1296233699.000000,1815395640.000000,302825472.000000,274567168.000000,2004635648.000000,0.746700,69.000000,0.000600,0.000000,0.000000,0.000000,0.010500,0.000000,0.010700,0.000000,0.000000,0.000000,0.005100,0.002500,0.003500,0.006600,0.000000
1593,9.166780,6.332497,6.256700,3.097700,19001.000000,1296244891.000000,1815395640.000000,302825472.000000,274575360.000000,2004635648.000000,0.839900,69.000000,0.610700,0.039200,0.017800,0.500300,0.011300,0.022100,0.022200,0.000600,0.000300,0.000600,0.005100,0.002200,0.003400,0.005700,0.000000
1594,9.172558,5.732603,5.786000,2.352500,19001.000000,1296175487.000000,1815313720.000000,302825472.000000,274587648.000000,2004635648.000000,0.776600,69.000000,0.000700,0.000000,0.000000,0.000000,0.011700,0.000000,0.018200,0.000000,0.000000,0.000000,0.005000,0.002800,0.002900,0.006700,0.000000
1595,9.178504,5.964300,5.899800,2.604500,19001.000000,1296184623.000000,1815313720.000000,302825472.000000,274595840.000000,2004635648.000000,0.770400,69.000000,0.000800,0.000000,0.000000,0.000000,0.011800,0.000000,0.010200,0.000000,0.000000,0.000000,0.004800,0.002000,0.003400,0.006600,0.000000
1596,9.184759,6.271599,6.328400,2.881600,19001.000000,1296283623.000000,1815395640.000000,302825472.000000,274612224.000000,2004635648.000000,0.810500,69.000000,0.519300,0.035000,0.017200,0.417800,0.012900,0.016500,0.011800,0.000500,0.000300,0.000600,0.006200,0.002500,0.003500,0.005700,0.000000
1597,9.190323,5.542397,5.453600,2.286600,19001.000000,1296204995.000000,1815313720.000000,302825472.000000,274616320.000000,2004635648.000000,0.942200,69.000000,0.000700,0.000000,0.000000,0.000000,0.012100,0.000000,0.012200,0.000000,0.000000,0.000000,0.004600,0.002000,0.003000,0.005700,0.000000
1598,9.195716,5.420706,5.495100,2.296600,19001.000000,1296310535.000000,1815395640.000000,302825472.000000,274636800.000000,2004635648.000000,1.034700,69.000000,0.000500,0.000000,0.000000,0.000000,0.012200,0.000000,0.010700,0.000000,0.000000,0.000000,0.005700,0.001900,0.003500,0.007400,0.000000
1599,9.201973,6.247796,6.207600,2.941700,19001.000000,1296320923.000000,1815395640.000000,302825472.000000,274649088.000000,2004635648.000000,0.911100,69.000000,0.505800,0.033300,0.017300,0.405900,0.009900,0.016500,0.009900,0.000500,0.000200,0.000500,0.004900,0.002300,0.003200,0.005200,0.000000
1600,9.207464,5.464605,5.393000,2.200900,19001.000000,1296245391.000000,1815313720.000000,302825472.000000,274653184.000000,2004635648.000000,0.865300,69.000000,0.000600,0.000000,0.000000,0.000000,0.012000,0.000000,0.011200,0.000000,0.000000,0.000000,0.004600,0.002500,0.003400,0.007200,0.000000
1601,9.212952,5.487195,5.513000,2.316900,19001.000000,1296258695.000000,1815313720.000000,302825472.000000,274665472.000000,2004635648.000000,0.754200,69.000000,0.000900,0.000000,0.000000,0.000000,0.012100,0.000000,0.013500,0.000000,0.000000,0.000000,0.006300,0.002500,0.003400,0.007900,0.000000
1602,9.219157,6.240703,6.251300,2.808300,19001.000000,1296276163.000000,1815313720.000000,302825472.000000,274681856.000000,2004635648.000000,0.815400,69.000000,0.588000,0.034600,0.017400,0.470000,0.011300,0.026600,0.043100,0.000400,0.000300,0.000700,0.005000,0.002500,0.003300,0.006500,0.000000
1603,9.225130,5.966199,5.844900,2.137900,19001.000000,1296288283.000000,1815313720.000000,302825472.000000,274694144.000000,2004635648.000000,0.991600,69.000000,0.000600,0.000000,0.000000,0.000000,0.012600,0.000000,0.010400,0.000000,0.000000,0.000000,0.005200,0.002100,0.003400,0.006700,0.000000
1604,9.231092,5.951701,6.033000,2.388200,19001.000000,1296369287.000000,1815395640.000000,302825472.000000,274694144.000000,2004635648.000000,0.786000,69.000000,0.000900,0.000000,0.000000,0.000000,0.011100,0.000000,0.011000,0.000000,0.000000,0.000000,0.005200,0.001700,0.003000,0.007700,0.000000
1605,9.237029,5.936401,5.948400,2.820100,19137.000000,1296323031.000000,1815313720.000000,302825472.000000,274714624.000000,2004635648.000000,0.796700,69.000000,0.553100,0.034700,0.017900,0.445300,0.010700,0.022700,0.068200,0.000400,0.000200,0.000600,0.005800,0.002000,0.003300,0.005600,0.000000
1606,9.242441,5.420699,5.444000,2.310200,19001.000000,1296400643.000000,1815395640.000000,302825472.000000,274722816.000000,2004635648.000000,0.848500,69.000000,0.000800,0.000000,0.000000,0.000000,0.012900,0.000000,0.014700,0.000000,0.000000,0.000000,0.005600,0.002600,0.003600,0.007700,0.000000
1607,9.247680,5.231902,5.192500,2.220100,19001.000000,1296409203.000000,1815395640.000000,302825472.000000,274731008.000000,2004635648.000000,0.835900,69.000000,0.000500,0.000000,0.000000,0.000000,0.010800,0.000000,0.018700,0.000000,0.000000,0.000000,0.005300,0.002000,0.003400,0.006200,0.000000
1608,9.253693,6.001594,6.016400,2.866600,19001.000000,1296430343.000000,1815395640.000000,302825472.000000,274747392.000000,2004635648.000000,1.004200,69.000000,0.510100,0.044900,0.019800,0.395400,0.013500,0.018500,0.010100,0.000400,0.000300,0.000500,0.005300,0.002400,0.003300,0.005900,0.000000
1609,9.258883,5.209800,5.163100,2.129500,19001.000000,1296359719.000000,1815313720.000000,302825472.000000,274755584.000000,2004635648.000000,0.772000,69.000000,0.000700,0.000000,0.000000,0.000000,0.012500,0.000000,0.011200,0.000000,0.000000,0.000000,0.005200,0.002100,0.003400,0.006000,0.000000
1610,9.263989,5.110303,5.146900,2.062500,19001.000000,1296446227.000000,1815395640.000000,302825472.000000,274759680.000000,2004635648.000000,0.768300,69.000000,0.000800,0.000000,0.000000,0.000000,0.011200,0.000000,0.009800,0.000000,0.000000,0.000000,0.005400,0.002200,0.003400,0.007100,0.000000
1611,9.270177,6.176602,6.112600,2.791500,19001.000000,1296458895.000000,1815395640.000000,302825472.000000,274776064.000000,2004635648.000000,0.833500,69.000000,0.670100,0.039600,0.017700,0.562100,0.010300,0.016900,0.010300,0.000500,0.000200,0.000700,0.005300,0.002300,0.003300,0.005800,0.000000
1612,9.275461,5.301297,5.357000,2.245000,19001.000000,1296467375.000000,1815395640.000000,302825472.000000,274784256.000000,2004635648.000000,0.955200,69.000000,0.000700,0.000000,0.000000,0.000000,0.012100,0.000000,0.018000,0.000000,0.000000,0.000000,0.005600,0.002100,0.003200,0.006800,0.000000
1613,9.280753,5.271797,5.227200,2.132200,19001.000000,1296479503.000000,1815395640.000000,302825472.000000,274796544.000000,2004635648.000000,0.774800,69.000000,0.000700,0.000000,0.000000,0.000000,0.010700,0.000000,0.012700,0.000000,0.000000,0.000000,0.005000,0.002100,0.003300,0.006700,0.000000
1614,9.286807,6.069600,6.094100,2.883900,19001.000000,1296498859.000000,1815395640.000000,302825472.000000,274812928.000000,2004635648.000000,0.795500,69.000000,0.499200,0.031500,0.015600,0.400700,0.010600,0.015400,0.010200,0.000500,0.000300,0.000500,0.005200,0.002500,0.003500,0.005400,0.000000
1615,9.292106,5.278501,5.236900,2.243400,19001.000000,1296505147.000000,1815395640.000000,302825472.000000,274821120.000000,2004635648.000000,0.776900,69.000000,0.000600,0.000000,0.000000,0.000000,0.011400,0.000000,0.010800,0.000000,0.000000,0.000000,0.004900,0.002300,0.003600,0.006400,0.000000
1616,9.297523,5.406604,5.412200,2.325500,19001.000000,1296434391.000000,1815313720.000000,302825472.000000,274829312.000000,2004635648.000000,0.791800,69.000000,0.000800,0.000000,0.000000,0.000000,0.011100,0.000000,0.012200,0.000000,0.000000,0.000000,0.005900,0.002600,0.003400,0.007500,0.000000
1617,9.303844,6.338499,6.285600,2.944600,19001.000000,1296442855.000000,1815313720.000000,302825472.000000,274837504.000000,2004635648.000000,0.826400,69.000000,0.599700,0.058800,0.015400,0.472600,0.011700,0.023200,0.010900,0.000400,0.000300,0.000700,0.005500,0.002200,0.002500,0.006800,0.000000
1618,9.309454,5.629202,5.681800,2.107100,19001.000000,1296480517.000000,1815330104.000000,302825472.000000,274857984.000000,2004639744.000000,0.760600,69.000000,0.000800,0.000000,0.000000,0.000000,0.013200,0.000000,0.010600,0.000000,0.000000,0.000000,0.006100,0.002100,0.003700,0.007500,0.000000
1619,9.314914,5.431696,5.380700,2.163100,19001.000000,1296472567.000000,1815313720.000000,302825472.000000,274866176.000000,2004639744.000000,0.997100,69.000000,0.000700,0.000000,0.000000,0.000000,0.010600,0.000000,0.021400,0.000000,0.000000,0.000000,0.004800,0.002100,0.003400,0.006400,0.000000
1620,9.321061,6.179004,6.189300,3.031900,19001.000000,1296561811.000000,1815395640.000000,302825472.000000,274874368.000000,2004639744.000000,0.831800,69.000000,0.496800,0.031900,0.015300,0.399600,0.011000,0.016700,0.010000,0.000500,0.000300,0.000400,0.005600,0.002100,0.003100,0.005500,0.000000
1621,9.326827,5.736997,5.713600,2.550800,19001.000000,1296502891.000000,1815313720.000000,302825472.000000,274882560.000000,2004639744.000000,0.743100,69.000000,0.000700,0.000000,0.000000,0.000000,0.011700,0.000000,0.023200,0.000000,0.000000,0.000000,0.005200,0.002100,0.003000,0.005400,0.000000
1622,9.333570,6.725999,6.737100,3.143900,19001.000000,1296506767.000000,1815313720.000000,302825472.000000,274898944.000000,2004639744.000000,0.953100,69.000000,0.556300,0.059500,0.016700,0.397600,0.010400,0.044500,0.012200,0.000800,0.000300,0.000700,0.005500,0.002400,0.003500,0.006700,0.000000
1623,9.338796,5.251502,5.212500,2.150600,19001.000000,1296593915.000000,1815395640.000000,302825472.000000,274903040.000000,2004639744.000000,0.796200,69.000000,0.000500,0.000000,0.000000,0.000000,0.012700,0.000000,0.010800,0.000000,0.000000,0.000000,0.005800,0.001900,0.003600,0.006800,0.000000
1624,9.343909,5.123902,5.155700,2.104000,19053.000000,1296609931.000000,1815395640.000000,302825472.000000,274919424.000000,2004639744.000000,0.987900,69.000000,0.000700,0.000000,0.000000,0.000000,0.011900,0.000000,0.010500,0.000000,0.000000,0.000000,0.005300,0.002100,0.003600,0.006800,0.000000
1625,9.350502,6.568594,6.515800,2.905900,19001.000000,1296539555.000000,1815313720.000000,302825472.000000,274927616.000000,2004639744.000000,0.948100,69.000000,0.523200,0.034300,0.017200,0.414200,0.011200,0.022300,0.012200,0.000500,0.000500,0.000600,0.004800,0.002300,0.003400,0.006200,0.000000
1626,9.355687,5.200503,5.236700,2.144600,19001.000000,1296564459.000000,1815313720.000000,302825472.000000,274952192.000000,2004639744.000000,0.764000,69.000000,0.000700,0.000000,0.000000,0.000000,0.012400,0.000000,0.010800,0.000000,0.000000,0.000000,0.005300,0.002100,0.003100,0.007500,0.000000
1627,9.361364,5.672598,5.610900,2.356900,19001.000000,1296655407.000000,1815395640.000000,302825472.000000,274960384.000000,2004639744.000000,0.769700,69.000000,0.000700,0.000000,0.000000,0.000000,0.010400,0.000000,0.010200,0.000000,0.000000,0.000000,0.005400,0.002100,0.003400,0.007100,0.000000
1628,9.367334,5.967000,6.007700,2.833600,19001.000000,1296659363.000000,1815395640.000000,302825472.000000,274964480.000000,2004639744.000000,0.807800,69.000000,0.518500,0.035900,0.019100,0.409400,0.012200,0.017200,0.012500,0.000600,0.000200,0.000400,0.005800,0.002900,0.003800,0.006900,0.000000
1629,9.372789,5.440802,5.364000,2.311900,19001.000000,1296679635.000000,1815395640.000000,302825472.000000,274984960.000000,2004639744.000000,0.757600,69.000000,0.000700,0.000000,0.000000,0.000000,0.011900,0.000000,0.011400,0.000000,0.000000,0.000000,0.005800,0.002300,0.003600,0.006100,0.000000
1630,9.378360,5.588201,5.638900,2.209100,19001.000000,1296608703.000000,1815313720.000000,302825472.000000,274993152.000000,2004639744.000000,1.021600,69.000000,0.000800,0.000000,0.000000,0.000000,0.012300,0.000000,0.010800,0.000000,0.000000,0.000000,0.004700,0.002200,0.003300,0.006400,0.000000
1631,9.384465,6.115901,6.012900,2.703100,19001.000000,1296615079.000000,1815313720.000000,302825472.000000,275001344.000000,2004639744.000000,0.830800,69.000000,0.504600,0.033100,0.017600,0.402200,0.011200,0.017200,0.011000,0.000700,0.000400,0.000500,0.005600,0.002200,0.003300,0.005800,0.000000
1632,9.389805,5.315299,5.401200,2.130700,19137.000000,1296625967.000000,1815313720.000000,302825472.000000,275009536.000000,2004639744.000000,0.787300,69.000000,0.000500,0.000000,0.000000,0.000000,0.012800,0.000000,0.012000,0.000000,0.000000,0.000000,0.005300,0.001900,0.003200,0.006800,0.000000
1633,9.395198,5.417496,5.377300,2.208200,19001.000000,1296638863.000000,1815313720.000000,302825472.000000,275021824.000000,2004639744.000000,0.747800,69.000000,0.000600,0.000000,0.000000,0.000000,0.011800,0.000000,0.019500,0.000000,0.000000,0.000000,0.006000,0.002000,0.003300,0.006300,0.000000
1634,9.401005,5.812401,5.858400,2.861800,19001.000000,1296734791.000000,1815395640.000000,302825472.000000,275034112.000000,2004639744.000000,0.751500,69.000000,0.665000,0.034300,0.016100,0.557400,0.010600,0.022200,0.011900,0.000400,0.000300,0.000800,0.005800,0.002200,0.003600,0.005900,0.000000
1635,9.406336,5.334000,5.286800,2.218600,19001.000000,1296750679.000000,1815395640.000000,302825472.000000,275050496.000000,2004639744.000000,0.936500,69.000000,0.000500,0.000000,0.000000,0.000000,0.011100,0.000000,0.011900,0.000000,0.000000,0.000000,0.004500,0.002600,0.002600,0.005600,0.000000
1636,9.411968,5.606902,5.633300,2.379300,19001.000000,1296753679.000000,1815395640.000000,302825472.000000,275054592.000000,2004639744.000000,0.761500,69.000000,0.000600,0.000000,0.000000,0.000000,0.010100,0.000000,0.010800,0.000000,0.000000,0.000000,0.004300,0.002000,0.003200,0.006400,0.000000
1637,9.417868,5.905003,5.844600,2.842000,19001.000000,1296781531.000000,1815395640.000000,302825472.000000,275066880.000000,2004639744.000000,0.796700,69.000000,0.536100,0.035300,0.017700,0.418400,0.010200,0.026100,0.018400,0.000600,0.000300,0.000800,0.005000,0.002400,0.003500,0.006200,0.000000
1638,9.422957,5.112096,5.133400,2.188200,19001.000000,1296780703.000000,1815395640.000000,302825472.000000,275079168.000000,2004639744.000000,0.798600,69.000000,0.000700,0.000000,0.000000,0.000000,0.013000,0.000000,0.011500,0.000000,0.000000,0.000000,0.005700,0.002300,0.003600,0.007100,0.000000
1639,9.428496,5.521301,5.488200,2.296900,19001.000000,1296789619.000000,1815395640.000000,302825472.000000,275087360.000000,2004639744.000000,0.921700,69.000000,0.000700,0.000000,0.000000,0.000000,0.011000,0.000000,0.012000,0.000000,0.000000,0.000000,0.004300,0.001900,0.003300,0.007300,0.000000
1640,9.434310,5.807703,5.845700,2.684900,19001.000000,1296801371.000000,1815395640.000000,302825472.000000,275099648.000000,2004639744.000000,0.771000,69.000000,0.513300,0.034300,0.017900,0.410400,0.012600,0.017600,0.011000,0.000600,0.000200,0.000400,0.004800,0.002400,0.003100,0.006000,0.000000
1641,9.439493,5.189994,5.131300,2.024200,19001.000000,1296735167.000000,1815313720.000000,302825472.000000,275111936.000000,2004639744.000000,0.744300,69.000000,0.000800,0.000000,0.000000,0.000000,0.011700,0.000000,0.010900,0.000000,0.000000,0.000000,0.005200,0.002100,0.003300,0.007000,0.000000
1642,9.444620,5.130704,5.167600,2.052700,19001.000000,1296747599.000000,1815313720.000000,302825472.000000,275124224.000000,2004639744.000000,0.901400,69.000000,0.000700,0.000000,0.000000,0.000000,0.011800,0.000000,0.009800,0.000000,0.000000,0.000000,0.005600,0.002100,0.002900,0.006900,0.000000
1643,9.451118,6.481696,6.438700,2.982700,19001.000000,1296838631.000000,1815395640.000000,302825472.000000,275132416.000000,2004639744.000000,0.781900,69.000000,0.531800,0.034200,0.015700,0.403600,0.010300,0.039700,0.010400,0.000400,0.000400,0.000500,0.005400,0.002400,0.003000,0.006700,0.000000
1644,9.457087,5.870706,5.855400,2.482700,19001.000000,1296769657.000000,1815313720.000000,302825472.000000,275144704.000000,2004639744.000000,0.737000,69.000000,0.000600,0.000000,0.000000,0.000000,0.012300,0.000000,0.011900,0.000000,0.000000,0.000000,0.005000,0.002200,0.003200,0.006900,0.000000
1645,9.463337,6.350000,6.280500,2.444000,19001.000000,1296773019.000000,1815313720.000000,302825472.000000,275148800.000000,2004639744.000000,0.769500,69.000000,0.001000,0.000000,0.000000,0.000000,0.012100,0.000000,0.012400,0.000000,0.000000,0.000000,0.005800,0.002200,0.003600,0.005700,0.000000
1646,9.469351,6.013598,6.087200,2.767400,19001.000000,1296792463.000000,1815313720.000000,302825472.000000,275165184.000000,2004639744.000000,0.894700,69.000000,0.513600,0.035500,0.018300,0.409700,0.012000,0.015500,0.011300,0.000400,0.000300,0.000600,0.006300,0.002600,0.003400,0.006400,0.000000
1647,9.475024,5.673399,5.615700,2.230600,19001.000000,1296811127.000000,1815313720.000000,302825472.000000,275185664.000000,2004639744.000000,0.855200,69.000000,0.000800,0.000000,0.000000,0.000000,0.014200,0.000000,0.010100,0.000000,0.000000,0.000000,0.005300,0.002200,0.003400,0.007000,0.000000
1648,9.480323,5.310998,5.355200,2.134300,19001.000000,1296817999.000000,1815313720.000000,302825472.000000,275189760.000000,2004639744.000000,0.779400,69.000000,0.000600,0.000000,0.000000,0.000000,0.010700,0.000000,0.010600,0.000000,0.000000,0.000000,0.005500,0.002200,0.003300,0.007600,0.000000
1649,9.486224,5.899100,5.852800,2.739000,19001.000000,1296822979.000000,1815313720.000000,302825472.000000,275193856.000000,2004639744.000000,1.006300,69.000000,0.566700,0.035300,0.016300,0.456000,0.011100,0.023100,0.010600,0.000600,0.000300,0.000700,0.005900,0.002300,0.003500,0.006000,0.000000
1650,9.491875,5.631604,5.659100,2.340000,19001.000000,1296848779.000000,1815313720.000000,302825472.000000,275218432.000000,2004643840.000000,0.902500,68.000000,0.000500,0.000000,0.000000,0.000000,0.012200,0.000000,0.011400,0.000000,0.000000,0.000000,0.005700,0.002100,0.002700,0.006700,0.000000
1651,9.497485,5.619295,5.566500,2.321500,19001.000000,1296856715.000000,1815313720.000000,302825472.000000,275226624.000000,2004643840.000000,1.088100,69.000000,0.000700,0.000000,0.000000,0.000000,0.010900,0.000000,0.012400,0.000000,0.000000,0.000000,0.006000,0.002600,0.003700,0.008200,0.000000
1652,9.503426,5.944905,5.979200,2.782600,19001.000000,1296864071.000000,1815313720.000000,302825472.000000,275234816.000000,2004643840.000000,1.000700,69.000000,0.568100,0.037000,0.018000,0.451800,0.011800,0.023800,0.011900,0.000500,0.000300,0.000600,0.005400,0.002300,0.004100,0.006200,0.000000
1653,9.508845,5.425694,5.347400,2.185700,19001.000000,1296969459.000000,1815395640.000000,302825472.000000,275243008.000000,2004643840.000000,0.981000,69.000000,0.000700,0.000000,0.000000,0.000000,0.013800,0.000000,0.012000,0.000000,0.000000,0.000000,0.005600,0.002200,0.003500,0.006600,0.000000
1654,9.514410,5.549001,5.621500,2.338400,19001.000000,1296977179.000000,1815395640.000000,302825472.000000,275263488.000000,2004643840.000000,0.962900,69.000000,0.000800,0.000000,0.000000,0.000000,0.011300,0.000000,0.014300,0.000000,0.000000,0.000000,0.004700,0.002900,0.003200,0.006600,0.000000
1655,9.521017,6.626998,6.589100,3.231300,19001.000000,1296990467.000000,1815395640.000000,302825472.000000,275271680.000000,2004643840.000000,0.749900,69.000000,0.571800,0.044700,0.019400,0.453000,0.011300,0.018100,0.016600,0.000500,0.000300,0.000500,0.005600,0.002300,0.003600,0.006000,0.000000
1656,9.526486,5.477806,5.474600,2.278100,19001.000000,1296916663.000000,1815313720.000000,302825472.000000,275279872.000000,2004643840.000000,0.780100,69.000000,0.001000,0.000000,0.000000,0.000000,0.014000,0.000000,0.011100,0.000000,0.000000,0.000000,0.004800,0.002000,0.003400,0.006300,0.000000
1657,9.532533,6.006200,5.913600,2.867900,19001.000000,1297013887.000000,1815395640.000000,302825472.000000,275296256.000000,2004643840.000000,0.785800,68.000000,0.670600,0.037000,0.016500,0.563700,0.010200,0.019100,0.010400,0.000600,0.000300,0.000600,0.005100,0.002500,0.003500,0.005700,0.000000
1658,9.538346,5.834396,5.857300,2.395900,19001.000000,1296940379.000000,1815313720.000000,302825472.000000,275304448.000000,2004643840.000000,0.923600,68.000000,0.000600,0.000000,0.000000,0.000000,0.013900,0.000000,0.011400,0.000000,0.000000,0.000000,0.005200,0.002400,0.003900,0.007000,0.000000
1659,9.543653,5.316702,5.334400,2.229400,19137.000000,1297035447.000000,1815395640.000000,302825472.000000,275316736.000000,2004643840.000000,1.014100,69.000000,0.000800,0.000000,0.000000,0.000000,0.011900,0.000000,0.011400,0.000000,0.000000,0.000000,0.005700,0.002200,0.003500,0.007000,0.000000
1660,9.549486,5.838095,5.880300,2.708600,19053.000000,1297043955.000000,1815395640.000000,302825472.000000,275324928.000000,2004643840.000000,0.775300,69.000000,0.509100,0.036200,0.017400,0.405900,0.012300,0.016200,0.010800,0.000500,0.000300,0.000500,0.005000,0.002500,0.003200,0.005500,0.000000
1661,9.554763,5.257603,5.210500,2.105800,19001.000000,1297051923.000000,1815395640.000000,302825472.000000,275333120.000000,2004643840.000000,0.920500,69.000000,0.000600,0.000000,0.000000,0.000000,0.011700,0.000000,0.011600,0.000000,0.000000,0.000000,0.004800,0.002200,0.003100,0.007100,0.000000
1662,9.560266,5.518197,5.544700,2.243400,19001.000000,1296989295.000000,1815313720.000000,302825472.000000,275349504.000000,2004643840.000000,0.756500,69.000000,0.000600,0.000000,0.000000,0.000000,0.010400,0.000000,0.017000,0.000000,0.000000,0.000000,0.004900,0.002000,0.003200,0.006800,0.000000
1663,9.566398,6.125099,6.072400,2.853400,19001.000000,1296999991.000000,1815313720.000000,302825472.000000,275361792.000000,2004643840.000000,0.739500,69.000000,0.561300,0.033500,0.015100,0.457300,0.011000,0.021500,0.010400,0.000500,0.000300,0.000800,0.006200,0.002200,0.002900,0.006000,0.000000
1664,9.571617,5.220302,5.265100,2.235900,19001.000000,1297088707.000000,1815395640.000000,302825472.000000,275365888.000000,2004643840.000000,0.756500,69.000000,0.000600,0.000000,0.000000,0.000000,0.012900,0.000000,0.010500,0.000000,0.000000,0.000000,0.005200,0.002200,0.003600,0.007000,0.000000
1665,9.577158,5.521903,5.459900,2.307300,19001.000000,1297105875.000000,1815395640.000000,302825472.000000,275382272.000000,2004643840.000000,0.814100,68.000000,0.000500,0.000000,0.000000,0.000000,0.010600,0.000000,0.010900,0.000000,0.000000,0.000000,0.005100,0.001800,0.003500,0.007100,0.000000
1666,9.583385,6.246400,6.266400,3.018400,19001.000000,1297032667.000000,1815313720.000000,302825472.000000,275390464.000000,2004643840.000000,0.850500,69.000000,0.511900,0.038200,0.016700,0.401200,0.014900,0.021800,0.010800,0.000500,0.000300,0.000600,0.004500,0.002400,0.003600,0.006400,0.000000
1667,9.588939,5.561699,5.535900,2.132900,19001.000000,1297056929.000000,1815330104.000000,302825472.000000,275398656.000000,2004643840.000000,0.772300,69.000000,0.000600,0.000000,0.000000,0.000000,0.013400,0.000000,0.011400,0.000000,0.000000,0.000000,0.005300,0.002300,0.003600,0.006800,0.000000
1668,9.594441,5.482497,5.508100,2.162600,19001.000000,1297077305.000000,1815330104.000000,302825472.000000,275419136.000000,2004643840.000000,0.919300,69.000000,0.000700,0.000000,0.000000,0.000000,0.010400,0.000000,0.026800,0.000000,0.000000,0.000000,0.004700,0.002200,0.003700,0.006800,0.000000
1669,9.600394,5.972003,5.932700,2.740900,19001.000000,1297166163.000000,1815395640.000000,302825472.000000,275427328.000000,2004643840.000000,0.787800,69.000000,0.498300,0.035600,0.016900,0.396500,0.011800,0.016600,0.010700,0.000800,0.000200,0.000600,0.005200,0.002400,0.003400,0.005600,0.000000
1670,9.605634,5.248696,5.282000,2.143800,19001.000000,1297165267.000000,1815395640.000000,302825472.000000,275439616.000000,2004643840.000000,0.783200,69.000000,0.000500,0.000000,0.000000,0.000000,0.011900,0.000000,0.011500,0.000000,0.000000,0.000000,0.004400,0.002000,0.003000,0.006500,0.000000
1671,9.610849,5.188102,5.128200,2.086500,19001.000000,1297096967.000000,1815313720.000000,302825472.000000,275451904.000000,2004643840.000000,0.761700,69.000000,0.000700,0.000000,0.000000,0.000000,0.009600,0.000000,0.010600,0.000000,0.000000,0.000000,0.005200,0.001900,0.003500,0.006800,0.000000
1672,9.616643,5.817701,5.862300,2.794200,19001.000000,1297186439.000000,1815395640.000000,302825472.000000,275460096.000000,2004643840.000000,0.902600,69.000000,0.495900,0.035600,0.015200,0.396000,0.010800,0.016400,0.011700,0.000400,0.000300,0.000800,0.005100,0.002300,0.003700,0.005100,0.000000
1673,9.621962,5.312897,5.269600,2.205300,19001.000000,1297201735.000000,1815395640.000000,302825472.000000,275472384.000000,2004643840.000000,0.875800,69.000000,0.000600,0.000000,0.000000,0.000000,0.011200,0.000000,0.012100,0.000000,0.000000,0.000000,0.005100,0.002100,0.003300,0.005800,0.000000
1674,9.627440,5.480201,5.461200,2.356300,19001.000000,1297214359.000000,1815395640.000000,302825472.000000,275484672.000000,2004643840.000000,0.785600,69.000000,0.000700,0.000000,0.000000,0.000000,0.009600,0.000000,0.010500,0.000000,0.000000,0.000000,0.005200,0.002300,0.003800,0.007400,0.000000
1675,9.633472,6.003203,5.975700,2.833000,19001.000000,1297223331.000000,1815395640.000000,302825472.000000,275492864.000000,2004643840.000000,0.799200,69.000000,0.533000,0.030600,0.017700,0.435000,0.010900,0.016900,0.015800,0.000700,0.000400,0.000500,0.005300,0.002600,0.003200,0.006000,0.000000
1676,9.638861,5.390200,5.423000,2.206700,19001.000000,1297235907.000000,1815395640.000000,302825472.000000,275505152.000000,2004643840.000000,0.765500,69.000000,0.000500,0.000000,0.000000,0.000000,0.012400,0.000000,0.010800,0.000000,0.000000,0.000000,0.005300,0.002300,0.003500,0.007100,0.000000
1677,9.644553,5.715299,5.662300,2.145000,19001.000000,1297157791.000000,1815313720.000000,302825472.000000,275509248.000000,2004643840.000000,0.835500,69.000000,0.000500,0.000000,0.000000,0.000000,0.011600,0.000000,0.011500,0.000000,0.000000,0.000000,0.004800,0.002200,0.003600,0.006700,0.000000
1678,9.650458,5.876396,5.905400,2.750100,19001.000000,1297177143.000000,1815313720.000000,302825472.000000,275525632.000000,2004643840.000000,0.821200,69.000000,0.576200,0.035500,0.016100,0.465000,0.011300,0.022800,0.010000,0.000500,0.000200,0.000700,0.005600,0.002500,0.003200,0.006200,0.000000
1679,9.655736,5.307100,5.266000,2.183100,19001.000000,1297269531.000000,1815395640.000000,302825472.000000,275537920.000000,2004643840.000000,0.830700,69.000000,0.000900,0.000000,0.000000,0.000000,0.012500,0.000000,0.010800,0.000000,0.000000,0.000000,0.005800,0.002400,0.003600,0.007500,0.000000
1680,9.661237,5.474603,5.500000,2.285900,19001.000000,1297198663.000000,1815313720.000000,302825472.000000,275546112.000000,2004643840.000000,0.814400,69.000000,0.000600,0.000000,0.000000,0.000000,0.011000,0.000000,0.011100,0.000000,0.000000,0.000000,0.005500,0.002100,0.003500,0.006000,0.000000
1681,9.667528,6.308801,6.265000,3.014000,19001.000000,1297289707.000000,1815395640.000000,302825472.000000,275554304.000000,2004643840.000000,1.037100,69.000000,0.684600,0.036900,0.017300,0.576500,0.012000,0.018400,0.035600,0.000600,0.000300,0.000500,0.005900,0.003300,0.003300,0.005300,0.000000
1682,9.673426,5.870196,5.886600,2.579700,19001.000000,1297311719.000000,1815395640.000000,302825472.000000,275574784.000000,2004647936.000000,0.804200,69.000000,0.000600,0.000000,0.000000,0.000000,0.013500,0.000000,0.017700,0.000000,0.000000,0.000000,0.005300,0.002300,0.003800,0.007600,0.000000
1683,9.678898,5.513400,5.458500,2.258900,19001.000000,1297323503.000000,1815395640.000000,302825472.000000,275587072.000000,2004647936.000000,0.846800,69.000000,0.000500,0.000000,0.000000,0.000000,0.012200,0.000000,0.013800,0.000000,0.000000,0.000000,0.005600,0.002100,0.003900,0.007400,0.000000
1684,9.685022,6.114002,6.160900,2.798200,19001.000000,1297331027.000000,1815395640.000000,302825472.000000,275595264.000000,2004647936.000000,0.839100,69.000000,0.543900,0.034000,0.018400,0.431400,0.011000,0.023000,0.010800,0.000500,0.000300,0.000600,0.005300,0.002200,0.003400,0.006000,0.000000
1685,9.690704,5.665504,5.570300,2.406600,19001.000000,1297358411.000000,1815395640.000000,302825472.000000,275607552.000000,2004647936.000000,0.821100,69.000000,0.000700,0.000000,0.000000,0.000000,0.012300,0.000000,0.011700,0.000000,0.000000,0.000000,0.004900,0.001900,0.003600,0.006800,0.000000
1686,9.695892,5.221095,5.314000,2.218900,19137.000000,1297361627.000000,1815395640.000000,302825472.000000,275623936.000000,2004647936.000000,0.798500,69.000000,0.000500,0.000000,0.000000,0.000000,0.010900,0.000000,0.012400,0.000000,0.000000,0.000000,0.004900,0.002300,0.003200,0.007200,0.000000
1687,9.702455,6.524603,6.463100,3.063500,19001.000000,1297366091.000000,1815395640.000000,302825472.000000,275628032.000000,2004647936.000000,0.788300,69.000000,0.562000,0.034400,0.017500,0.453200,0.010400,0.021400,0.011900,0.000500,0.000300,0.000500,0.004700,0.002100,0.003300,0.005900,0.000000
1688,9.707728,5.294501,5.329000,2.245000,19001.000000,1297370075.000000,1815395640.000000,302825472.000000,275632128.000000,2004647936.000000,0.870000,69.000000,0.000700,0.000000,0.000000,0.000000,0.013300,0.000000,0.011400,0.000000,0.000000,0.000000,0.005200,0.002000,0.003500,0.006900,0.000000
1689,9.713035,5.288400,5.239800,2.206500,19001.000000,1297398083.000000,1815395640.000000,302825472.000000,275656704.000000,2004647936.000000,0.812300,69.000000,0.000600,0.000000,0.000000,0.000000,0.011100,0.000000,0.011000,0.000000,0.000000,0.000000,0.004900,0.002500,0.003500,0.007200,0.000000
1690,9.719409,6.336296,6.358800,2.982500,19001.000000,1297406731.000000,1815395640.000000,302825472.000000,275664896.000000,2004647936.000000,0.950600,69.000000,0.537200,0.035700,0.019200,0.423500,0.011400,0.023000,0.009800,0.000600,0.000300,0.000700,0.005200,0.002400,0.003600,0.006700,0.000000
1691,9.724603,5.259701,5.232500,2.177600,19001.000000,1297415543.000000,1815395640.000000,302825472.000000,275673088.000000,2004647936.000000,0.755900,69.000000,0.000500,0.000000,0.000000,0.000000,0.013000,0.000000,0.011100,0.000000,0.000000,0.000000,0.006300,0.002300,0.003900,0.007300,0.000000
1692,9.729737,5.117801,5.124300,2.057400,19001.000000,1297432639.000000,1815395640.000000,302825472.000000,275689472.000000,2004647936.000000,0.767000,69.000000,0.000700,0.000000,0.000000,0.000000,0.010900,0.000000,0.012500,0.000000,0.000000,0.000000,0.004700,0.002000,0.003300,0.007800,0.000000
1693,9.736585,6.849901,6.811800,3.220500,19001.000000,1297370421.000000,1815330104.000000,302825472.000000,275693568.000000,2004647936.000000,0.885300,69.000000,0.607200,0.035000,0.017600,0.497000,0.010400,0.021800,0.022000,0.000400,0.000200,0.000700,0.004500,0.002200,0.003500,0.005800,0.000000
1694,9.745927,9.345699,9.360800,6.018800,19001.000000,1297369591.000000,1815313720.000000,302825472.000000,275705856.000000,2004647936.000000,0.741400,69.000000,0.001200,0.000000,0.000000,0.000000,0.013100,0.000000,0.020600,0.000000,0.000000,0.000000,0.005100,0.003100,0.003200,0.007400,0.000000
1695,9.753110,7.165498,7.125400,3.571300,19053.000000,1297384083.000000,1815313720.000000,302825472.000000,275722240.000000,2004647936.000000,0.746000,69.000000,0.541100,0.035700,0.016000,0.439600,0.011300,0.016600,0.010800,0.000400,0.000300,0.000500,0.005800,0.002700,0.003600,0.005600,0.000000
1696,9.759828,6.736005,6.667100,2.760500,19001.000000,1297390707.000000,1815313720.000000,302825472.000000,275726336.000000,2004647936.000000,0.858200,69.000000,0.000700,0.000000,0.000000,0.000000,0.012600,0.000000,0.011200,0.000000,0.000000,0.000000,0.005400,0.002300,0.003300,0.008800,0.000000
1697,9.765933,6.109999,6.162600,2.863000,19001.000000,1297403775.000000,1815313720.000000,302825472.000000,275738624.000000,2004647936.000000,0.881200,69.000000,0.682800,0.030600,0.017100,0.577400,0.011000,0.022000,0.010600,0.000700,0.000300,0.000600,0.005900,0.002400,0.003600,0.006300,0.000000
1698,9.771173,5.231902,5.273700,2.237500,19001.000000,1297503291.000000,1815395640.000000,302825472.000000,275755008.000000,2004647936.000000,0.866300,69.000000,0.000800,0.000000,0.000000,0.000000,0.012300,0.000000,0.010800,0.000000,0.000000,0.000000,0.005500,0.001900,0.003400,0.006300,0.000000
1699,9.776265,5.109595,5.060900,2.118300,19001.000000,1297515499.000000,1815395640.000000,302825472.000000,275767296.000000,2004647936.000000,0.784400,69.000000,0.000800,0.000000,0.000000,0.000000,0.010300,0.000000,0.010900,0.000000,0.000000,0.000000,0.005200,0.002200,0.003200,0.006100,0.000000
1700,9.782140,5.866000,5.874700,2.542400,19001.000000,1297518507.000000,1815395640.000000,302825472.000000,275771392.000000,2004647936.000000,1.046500,69.000000,0.000600,0.000000,0.000000,0.000000,0.010700,0.000000,0.011200,0.000000,0.000000,0.000000,0.004700,0.002300,0.003200,0.006500,0.000000
1701,9.788365,6.225000,6.194000,2.890200,19001.000000,1297570066.000000,1815395640.000000,302825472.000000,275783680.000000,2004647936.000000,0.835900,69.000000,0.565600,0.080400,0.018900,0.397600,0.011500,0.030400,0.012400,0.000400,0.000400,0.000800,0.005600,0.002600,0.003100,0.006400,0.000000
1702,9.793851,5.459900,5.484700,2.225500,19001.000000,1297578859.000000,1815395640.000000,302825472.000000,275800064.000000,2004647936.000000,0.803600,69.000000,0.000700,0.000000,0.000000,0.000000,0.013000,0.000000,0.012200,0.000000,0.000000,0.000000,0.004800,0.002000,0.003200,0.006400,0.000000
1703,9.799911,6.080903,6.038100,2.940000,19001.000000,1297580943.000000,1815395640.000000,302825472.000000,275804160.000000,2004647936.000000,0.841700,69.000000,0.673100,0.040100,0.017900,0.555300,0.012000,0.024000,0.010700,0.000500,0.000300,0.000700,0.005400,0.002400,0.003500,0.006100,0.000000
1704,9.804997,5.093799,5.131500,2.048400,19001.000000,1297513227.000000,1815313720.000000,302825472.000000,275816448.000000,2004647936.000000,0.918200,69.000000,0.000800,0.000000,0.000000,0.000000,0.011800,0.000000,0.011300,0.000000,0.000000,0.000000,0.005400,0.002100,0.003100,0.005500,0.000000
1705,9.810262,5.230903,5.174700,2.063000,19001.000000,1297606847.000000,1815395640.000000,302825472.000000,275824640.000000,2004647936.000000,0.878300,69.000000,0.000500,0.000000,0.000000,0.000000,0.011000,0.000000,0.010600,0.000000,0.000000,0.000000,0.005600,0.001800,0.003700,0.007300,0.000000
1706,9.816522,6.274596,6.303500,2.902000,19001.000000,1297541559.000000,1815313720.000000,302825472.000000,275841024.000000,2004647936.000000,0.877700,69.000000,0.537600,0.036100,0.019200,0.429100,0.011500,0.015700,0.010700,0.000600,0.000200,0.000500,0.005700,0.002600,0.003800,0.005900,0.000000
1707,9.822209,5.687401,5.619800,2.424700,19001.000000,1297554607.000000,1815313720.000000,302825472.000000,275853312.000000,2004647936.000000,0.816400,69.000000,0.000900,0.000000,0.000000,0.000000,0.013400,0.000000,0.011400,0.000000,0.000000,0.000000,0.006400,0.002400,0.003600,0.008200,0.000000
1708,9.828023,5.815802,5.863100,2.459500,19001.000000,1297645091.000000,1815395640.000000,302825472.000000,275861504.000000,2004647936.000000,0.794500,69.000000,0.000600,0.000000,0.000000,0.000000,0.011900,0.000000,0.023800,0.000000,0.000000,0.000000,0.006500,0.002500,0.003200,0.006900,0.000000
1709,9.834512,6.484800,6.419200,2.986800,19001.000000,1297645147.000000,1815395640.000000,302825472.000000,275861504.000000,2004647936.000000,0.955500,69.000000,0.542900,0.038300,0.018700,0.436100,0.013000,0.015800,0.023000,0.000500,0.000200,0.000300,0.005600,0.002500,0.003900,0.006300,0.000000
1710,9.840413,5.909396,5.954500,2.310700,19001.000000,1297595447.000000,1815313720.000000,302825472.000000,275890176.000000,2004647936.000000,0.999200,69.000000,0.000600,0.000000,0.000000,0.000000,0.012500,0.000000,0.013000,0.000000,0.000000,0.000000,0.005000,0.002300,0.003500,0.006200,0.000000
1711,9.846036,5.636401,5.538200,2.367100,19001.000000,1297605407.000000,1815313720.000000,302825472.000000,275902464.000000,2004647936.000000,0.850200,69.000000,0.000600,0.000000,0.000000,0.000000,0.011900,0.000000,0.016800,0.000000,0.000000,0.000000,0.005400,0.002000,0.003900,0.006600,0.000000
1712,9.852181,6.113003,6.206300,2.939700,19137.000000,1297698151.000000,1815395640.000000,302825472.000000,275910656.000000,2004647936.000000,0.958900,69.000000,0.526400,0.032000,0.015900,0.428000,0.010600,0.017000,0.011200,0.000500,0.000300,0.000500,0.005500,0.002300,0.003100,0.005200,0.000000
1713,9.857844,5.671499,5.609800,2.351400,19001.000000,1297715511.000000,1815395640.000000,302825472.000000,275927040.000000,2004647936.000000,0.855600,69.000000,0.000800,0.000000,0.000000,0.000000,0.012000,0.000000,0.025900,0.000000,0.000000,0.000000,0.005900,0.002200,0.003400,0.007800,0.000000
1714,9.864076,6.240597,6.262500,2.619200,19001.000000,1297642827.000000,1815313720.000000,302825472.000000,275935232.000000,2004652032.000000,0.844200,69.000000,0.000500,0.000000,0.000000,0.000000,0.014900,0.000000,0.011800,0.000000,0.000000,0.000000,0.005400,0.002100,0.003700,0.006900,0.000000
1715,9.870194,6.105003,6.077200,2.835100,19001.000000,1297737723.000000,1815395640.000000,302825472.000000,275947520.000000,2004652032.000000,0.801400,69.000000,0.598500,0.039200,0.016500,0.482900,0.012400,0.023600,0.011000,0.000500,0.000300,0.000900,0.006100,0.002700,0.003500,0.006800,0.000000
1716,9.875642,5.469501,5.489800,2.271800,19001.000000,1297674455.000000,1815313720.000000,302825472.000000,275951616.000000,2004652032.000000,0.824600,69.000000,0.000700,0.000000,0.000000,0.000000,0.012100,0.000000,0.011800,0.000000,0.000000,0.000000,0.005200,0.002300,0.003600,0.006000,0.000000
1717,9.881093,5.449795,5.400700,2.266300,19001.000000,1297665359.000000,1815313720.000000,302825472.000000,275968000.000000,2004652032.000000,1.093300,69.000000,0.000700,0.000000,0.000000,0.000000,0.011000,0.000000,0.011500,0.000000,0.000000,0.000000,0.005300,0.002900,0.003200,0.008000,0.000000
1718,9.887227,6.125000,6.124100,2.945000,19001.000000,1297747095.000000,1815395640.000000,302825472.000000,275980288.000000,2004652032.000000,0.839900,69.000000,0.533400,0.036200,0.016200,0.427400,0.011000,0.018700,0.012300,0.000500,0.000300,0.000400,0.005400,0.002700,0.003500,0.005400,0.000000
1719,9.893155,5.901105,5.875400,2.469400,19001.000000,1297674059.000000,1815313720.000000,302825472.000000,275988480.000000,2004652032.000000,0.821700,69.000000,0.000800,0.000000,0.000000,0.000000,0.013400,0.000000,0.012700,0.000000,0.000000,0.000000,0.004800,0.002200,0.003400,0.007700,0.000000
1720,9.899547,6.428897,6.472500,2.864100,19001.000000,1297688783.000000,1815313720.000000,302825472.000000,276000768.000000,2004652032.000000,0.800500,69.000000,0.549200,0.037800,0.018900,0.437900,0.012300,0.018200,0.010800,0.000800,0.000300,0.000500,0.006100,0.002200,0.004000,0.005800,0.000000
1721,9.905166,5.617900,5.550000,2.281700,19001.000000,1297700447.000000,1815313720.000000,302825472.000000,276008960.000000,2004652032.000000,0.855100,69.000000,0.000600,0.000000,0.000000,0.000000,0.012900,0.000000,0.012500,0.000000,0.000000,0.000000,0.004700,0.002400,0.002700,0.007000,0.000000
1722,9.910438,5.263400,5.325600,2.208300,19001.000000,1297791083.000000,1815395640.000000,302825472.000000,276017152.000000,2004652032.000000,0.973400,69.000000,0.000800,0.000000,0.000000,0.000000,0.011200,0.000000,0.010700,0.000000,0.000000,0.000000,0.005800,0.002200,0.003500,0.007100,0.000000
1723,9.916331,5.908702,5.858500,2.809200,19001.000000,1297807811.000000,1815395640.000000,302825472.000000,276033536.000000,2004652032.000000,0.784300,69.000000,0.524500,0.036900,0.016200,0.413900,0.010600,0.020000,0.010500,0.000400,0.000400,0.000600,0.005200,0.002300,0.003500,0.005900,0.000000
1724,9.922004,5.665101,5.699000,2.446900,19001.000000,1297816315.000000,1815395640.000000,302825472.000000,276041728.000000,2004652032.000000,0.753500,69.000000,0.000500,0.000000,0.000000,0.000000,0.012300,0.000000,0.011500,0.000000,0.000000,0.000000,0.004800,0.002200,0.003200,0.006200,0.000000
1725,9.927386,5.384396,5.325900,2.262300,19001.000000,1297824307.000000,1815395640.000000,302825472.000000,276049920.000000,2004652032.000000,0.817400,69.000000,0.000800,0.000000,0.000000,0.000000,0.011200,0.000000,0.012500,0.000000,0.000000,0.000000,0.005500,0.002100,0.003100,0.006100,0.000000
1726,9.933423,6.024001,6.054800,3.019800,19001.000000,1297843723.000000,1815395640.000000,302825472.000000,276066304.000000,2004652032.000000,0.733100,69.000000,0.654200,0.036300,0.017600,0.550400,0.010800,0.017500,0.010400,0.000500,0.000300,0.000500,0.005000,0.002600,0.003500,0.005900,0.000000
1727,9.938714,5.319799,5.260800,2.137700,19001.000000,1297868990.000000,1815395640.000000,302825472.000000,276074496.000000,2004652032.000000,0.910700,69.000000,0.000800,0.000000,0.000000,0.000000,0.012800,0.000000,0.011100,0.000000,0.000000,0.000000,0.005200,0.002600,0.003400,0.007300,0.000000
1728,9.943988,5.260105,5.302600,2.076600,19001.000000,1297811531.000000,1815313720.000000,302825472.000000,276090880.000000,2004652032.000000,0.780400,69.000000,0.000700,0.000000,0.000000,0.000000,0.011100,0.000000,0.011000,0.000000,0.000000,0.000000,0.004600,0.002000,0.003100,0.005700,0.000000
1729,9.949885,5.879798,5.837100,2.686600,19001.000000,1297899259.000000,1815395640.000000,302825472.000000,276094976.000000,2004652032.000000,0.754800,69.000000,0.507100,0.032300,0.016900,0.403300,0.011800,0.020600,0.010800,0.000400,0.000400,0.000400,0.005200,0.002200,0.003100,0.005900,0.000000
1730,9.955258,5.401197,5.435400,2.317000,19053.000000,1297914787.000000,1815395640.000000,302825472.000000,276107264.000000,2004652032.000000,0.741500,68.000000,0.000900,0.000000,0.000000,0.000000,0.012200,0.000000,0.024500,0.000000,0.000000,0.000000,0.005400,0.002000,0.003200,0.006800,0.000000
1731,9.960710,5.441702,5.388100,2.308200,19001.000000,1297855271.000000,1815313720.000000,302825472.000000,276127744.000000,2004652032.000000,0.946400,69.000000,0.001000,0.000000,0.000000,0.000000,0.010500,0.000000,0.010200,0.000000,0.000000,0.000000,0.005300,0.002300,0.003500,0.007000,0.000000
1732,9.966912,6.192297,6.220800,2.872800,19001.000000,1297939451.000000,1815395640.000000,302825472.000000,276131840.000000,2004652032.000000,0.769200,69.000000,0.591100,0.040700,0.015600,0.476900,0.011200,0.026000,0.011100,0.000500,0.000200,0.000800,0.005100,0.002400,0.003500,0.006100,0.000000
1733,9.972423,5.481002,5.429300,2.298000,19001.000000,1298028275.000000,1815395640.000000,302825472.000000,276140032.000000,2004656128.000000,0.768300,69.000000,0.000600,0.000000,0.000000,0.000000,0.012500,0.000000,0.012300,0.000000,0.000000,0.000000,0.005700,0.002800,0.003800,0.006800,0.000000
1734,9.978568,6.120500,6.133900,2.431400,19001.000000,1297973685.000000,1815313720.000000,302825472.000000,276164608.000000,2004656128.000000,0.774600,69.000000,0.000800,0.000000,0.000000,0.000000,0.011700,0.000000,0.012900,0.000000,0.000000,0.000000,0.005400,0.002900,0.004200,0.007400,0.000000
1735,9.985675,7.155003,7.101600,3.361500,19001.000000,1297892939.000000,1815313720.000000,302825472.000000,276164608.000000,2004656128.000000,0.947000,69.000000,0.739000,0.045900,0.022500,0.597800,0.015300,0.024400,0.014600,0.000600,0.000400,0.000900,0.006900,0.004200,0.003700,0.006400,0.000000
1736,9.991269,5.601098,5.637000,2.316300,19001.000000,1297987135.000000,1815395640.000000,302825472.000000,276176896.000000,2004656128.000000,0.837100,69.000000,0.001000,0.000000,0.000000,0.000000,0.013800,0.000000,0.012300,0.000000,0.000000,0.000000,0.006500,0.002200,0.003800,0.007800,0.000000
1737,9.996905,5.628699,5.518200,2.314600,19001.000000,1297916739.000000,1815313720.000000,302825472.000000,276185088.000000,2004656128.000000,0.996400,69.000000,0.000800,0.000000,0.000000,0.000000,0.010500,0.000000,0.011500,0.000000,0.000000,0.000000,0.004900,0.002100,0.003300,0.007400,0.000000
1738,10.003137,6.233504,6.333900,2.933700,19137.000000,1298011795.000000,1815395640.000000,302825472.000000,276197376.000000,2004656128.000000,0.938400,69.000000,0.546300,0.037600,0.018000,0.440000,0.012300,0.016400,0.012600,0.000400,0.000300,0.000500,0.006100,0.002700,0.003700,0.006500,0.000000
